datetime,H_value,H_num
2020-03-25 13:30:00,6745.5,1
2020-03-25 16:45:00,6695.5,2
2020-03-26 00:15:00,6767.0,3
2020-03-26 04:00:00,6751.0,4
2020-03-26 13:30:00,6675.5,5
2020-03-26 17:00:00,6675.0,6
2020-03-27 00:15:00,6838.0,7
2020-03-27 07:45:00,6720.0,8
2020-03-27 11:30:00,6686.5,9
2020-03-27 19:15:00,6680.0,10
2020-03-28 11:00:00,6300.0,11
2020-03-28 15:00:00,6268.0,12
2020-03-28 20:30:00,6288.5,13
2020-03-29 10:45:00,6204.5,14
2020-03-29 16:15:00,6153.5,15
2020-03-30 07:15:00,6321.5,16
2020-03-30 11:30:00,6386.0,17
2020-03-30 15:30:00,6430.5,18
2020-03-30 22:30:00,6577.5,19
2020-03-31 08:30:00,6497.5,20
2020-03-31 15:15:00,6494.5,21
2020-03-31 20:00:00,6490.0,22
2020-04-01 03:45:00,6372.0,23
2020-04-01 12:00:00,6333.0,24
2020-04-02 00:00:00,6739.5,25
2020-04-02 04:00:00,6628.5,26
2020-04-02 07:15:00,6673.0,27
2020-04-02 17:00:00,7230.5,28
2020-04-03 10:45:00,7044.0,29
2020-04-03 20:00:00,6810.0,30
2020-04-04 01:00:00,6801.5,31
2020-04-04 05:30:00,6764.5,32
2020-04-04 11:00:00,6899.0,33
2020-04-04 17:00:00,6801.5,34
2020-04-04 20:30:00,7012.0,35
2020-04-05 00:00:00,6889.0,36
2020-04-05 09:15:00,6820.0,37
2020-04-05 17:45:00,6848.0,38
2020-04-06 01:00:00,6884.5,39
2020-04-06 12:30:00,7158.0,40
2020-04-06 19:45:00,7298.0,41
2020-04-07 00:30:00,7448.0,42
2020-04-07 12:15:00,7458.5,43
2020-04-07 16:45:00,7379.0,44
2020-04-08 06:00:00,7417.0,45
2020-04-08 12:00:00,7338.5,46
2020-04-08 17:15:00,7346.5,47
2020-04-09 08:00:00,7344.0,48
2020-04-09 14:00:00,7342.5,49
2020-04-09 22:00:00,7310.0,50
2020-04-10 19:00:00,6943.0,51
2020-04-11 04:15:00,6938.0,52
2020-04-11 11:15:00,6886.5,53
2020-04-12 00:00:00,6906.0,54
2020-04-12 05:45:00,6838.0,55
2020-04-12 17:00:00,7170.0,56
2020-04-13 06:30:00,6728.0,57
2020-04-13 11:30:00,6825.5,58
2020-04-13 15:45:00,6796.5,59
2020-04-14 04:00:00,6912.0,60
2020-04-14 17:00:00,6967.0,61
2020-04-15 04:00:00,6924.5,62
2020-04-15 18:30:00,6763.5,63
2020-04-16 08:30:00,7155.0,64
2020-04-16 13:00:00,7079.5,65
2020-04-16 15:45:00,7060.5,66
2020-04-16 23:00:00,7188.0,67
2020-04-17 09:45:00,7119.5,68
2020-04-17 19:45:00,7083.0,69
2020-04-17 23:15:00,7138.5,70
2020-04-18 02:30:00,7099.5,71
2020-04-18 05:15:00,7112.5,72
2020-04-18 14:00:00,7260.0,73
2020-04-18 22:45:00,7289.0,74
2020-04-19 02:45:00,7238.0,75
2020-04-19 17:30:00,7161.0,76
2020-04-19 21:45:00,7195.0,77
2020-04-20 04:00:00,7211.0,78
2020-04-20 07:30:00,7180.0,79
2020-04-20 15:00:00,7093.5,80
2020-04-21 00:30:00,6909.0,81
2020-04-21 06:00:00,6894.0,82
2020-04-21 14:30:00,6872.5,83
2020-04-21 17:45:00,6937.0,84
2020-04-21 21:45:00,6906.5,85
2020-04-22 02:45:00,6879.0,86
2020-04-22 09:00:00,6968.0,87
2020-04-22 16:30:00,7159.5,88
2020-04-23 02:00:00,7180.0,89
2020-04-23 14:15:00,7743.5,90
2020-04-23 21:45:00,7611.0,91
2020-04-24 03:30:00,7548.0,92
2020-04-24 09:15:00,7608.5,93
2020-04-24 18:00:00,7544.5,94
2020-04-24 21:15:00,7542.0,95
2020-04-25 07:00:00,7586.0,96
2020-04-25 11:15:00,7598.0,97
2020-04-25 15:45:00,7702.5,98
2020-04-26 13:15:00,7698.5,99
2020-04-26 20:00:00,7656.5,100
2020-04-27 01:15:00,7791.5,101
2020-04-27 08:15:00,7736.0,102
2020-04-27 12:00:00,7722.5,103
2020-04-28 00:00:00,7778.0,104
2020-04-28 12:45:00,7760.0,105
2020-04-28 19:00:00,7739.0,106
2020-04-28 23:00:00,7765.5,107
2020-04-29 02:00:00,7849.5,108
2020-04-29 13:15:00,8388.0,109
2020-04-29 17:45:00,8951.5,110
2020-04-29 21:00:00,8931.0,111
2020-04-30 06:00:00,9458.0,112
2020-04-30 20:00:00,8881.0,113
2020-05-01 05:30:00,8834.0,114
2020-05-01 11:30:00,9060.5,115
2020-05-01 18:30:00,8780.5,116
2020-05-02 03:45:00,8858.0,117
2020-05-02 16:30:00,9010.0,118
2020-05-03 01:00:00,9191.0,119
2020-05-03 10:00:00,9138.5,120
2020-05-03 22:15:00,8956.5,121
2020-05-04 08:15:00,8715.0,122
2020-05-04 16:00:00,8883.5,123
2020-05-04 22:00:00,8953.0,124
2020-05-05 05:00:00,9105.5,125
2020-05-05 13:30:00,8951.0,126
2020-05-05 17:15:00,8930.0,127
2020-05-05 23:45:00,9041.5,128
2020-05-06 03:45:00,9069.0,129
2020-05-06 12:00:00,9380.0,130
2020-05-06 16:00:00,9316.5,131
2020-05-06 23:00:00,9393.5,132
2020-05-07 02:45:00,9371.0,133
2020-05-07 13:15:00,9595.5,134
2020-05-07 19:45:00,9952.5,135
2020-05-07 23:45:00,10059.5,136
2020-05-08 10:45:00,9957.0,137
2020-05-08 15:15:00,10005.0,138
2020-05-08 22:00:00,9999.5,139
2020-05-09 17:45:00,9795.0,140
2020-05-10 08:00:00,8898.5,141
2020-05-10 20:00:00,8778.0,142
2020-05-10 23:00:00,8834.0,143
2020-05-11 06:15:00,8725.5,144
2020-05-11 12:30:00,9158.5,145
2020-05-11 20:00:00,8802.0,146
2020-05-12 05:30:00,8777.0,147
2020-05-12 09:00:00,8830.5,148
2020-05-12 17:00:00,8973.0,149
2020-05-13 02:00:00,8970.0,150
2020-05-13 15:30:00,9180.0,151
2020-05-13 21:15:00,9400.5,152
2020-05-14 00:15:00,9383.0,153
2020-05-14 10:00:00,9940.0,154
2020-05-14 16:00:00,9781.0,155
2020-05-14 20:30:00,9873.5,156
2020-05-14 23:30:00,9845.5,157
2020-05-15 07:45:00,9715.0,158
2020-05-15 11:30:00,9650.0,159
2020-05-15 14:30:00,9612.0,160
2020-05-15 18:15:00,9530.0,161
2020-05-15 22:30:00,9484.5,162
2020-05-16 05:15:00,9583.0,163
2020-05-16 13:00:00,9520.0,164
2020-05-17 03:45:00,9574.0,165
2020-05-17 07:00:00,9563.0,166
2020-05-17 15:00:00,9886.0,167
2020-05-17 21:15:00,9790.0,168
2020-05-18 01:30:00,9957.5,169
2020-05-18 14:30:00,9729.0,170
2020-05-18 23:00:00,9754.0,171
2020-05-19 11:15:00,9896.0,172
2020-05-20 00:15:00,9800.0,173
2020-05-20 06:30:00,9848.5,174
2020-05-20 10:00:00,9805.0,175
2020-05-20 14:00:00,9797.0,176
2020-05-20 20:45:00,9600.0,177
2020-05-21 00:30:00,9573.0,178
2020-05-21 06:15:00,9529.5,179
2020-05-21 22:30:00,9161.0,180
2020-05-22 07:00:00,9112.0,181
2020-05-22 12:30:00,9199.0,182
2020-05-22 17:00:00,9264.5,183
2020-05-23 03:00:00,9308.5,184
2020-05-23 07:45:00,9262.5,185
2020-05-23 14:45:00,9214.5,186
2020-05-23 20:45:00,9243.0,187
2020-05-24 02:30:00,9227.0,188
2020-05-24 06:15:00,9291.5,189
2020-05-24 09:00:00,9295.0,190
2020-05-24 21:30:00,9077.0,191
2020-05-25 08:00:00,8876.5,192
2020-05-25 14:00:00,8856.0,193
2020-05-25 19:45:00,8974.0,194
2020-05-25 23:00:00,8934.5,195
2020-05-26 08:00:00,9011.0,196
2020-05-26 21:00:00,8881.5,197
2020-05-27 12:00:00,9185.0,198
2020-05-27 15:15:00,9222.0,199
2020-05-28 00:45:00,9278.0,200
2020-05-28 16:00:00,9533.0,201
2020-05-28 23:30:00,9614.5,202
2020-05-29 08:15:00,9586.5,203
2020-05-29 14:00:00,9478.0,204
2020-05-29 17:15:00,9452.5,205
2020-05-29 23:15:00,9447.5,206
2020-05-30 06:00:00,9599.0,207
2020-05-30 11:30:00,9579.0,208
2020-05-30 14:30:00,9569.0,209
2020-05-30 23:00:00,9735.0,210
2020-05-31 12:00:00,9633.5,211
2020-06-01 04:15:00,9610.0,212
2020-06-01 07:30:00,9574.0,213
2020-06-01 12:30:00,9587.5,214
2020-06-01 16:15:00,9605.5,215
2020-06-01 23:30:00,10352.0,216
2020-06-02 08:00:00,10159.0,217
2020-06-02 13:30:00,10188.5,218
2020-06-02 18:15:00,9536.0,219
2020-06-02 22:15:00,9549.5,220
2020-06-03 12:00:00,9642.0,221
2020-06-03 19:00:00,9622.0,222
2020-06-03 23:30:00,9693.5,223
2020-06-04 03:45:00,9685.0,224
2020-06-04 07:30:00,9660.5,225
2020-06-04 18:00:00,9876.0,226
2020-06-04 23:15:00,9860.0,227
2020-06-05 08:30:00,9851.5,228
2020-06-05 18:45:00,9753.5,229
2020-06-06 03:45:00,9644.0,230
2020-06-06 12:00:00,9730.0,231
2020-06-06 20:45:00,9715.5,232
2020-06-06 23:45:00,9701.0,233
2020-06-07 04:00:00,9710.0,234
2020-06-07 08:45:00,9678.0,235
2020-06-07 19:45:00,9807.5,236
2020-06-07 23:00:00,9776.0,237
2020-06-08 05:45:00,9751.0,238
2020-06-08 09:15:00,9799.0,239
2020-06-08 17:00:00,9739.5,240
2020-06-09 00:00:00,9873.5,241
2020-06-09 12:00:00,9748.0,242
2020-06-09 22:00:00,9832.0,243
2020-06-10 01:30:00,9810.0,244
2020-06-10 07:00:00,9780.0,245
2020-06-10 12:45:00,9770.0,246
2020-06-10 18:45:00,9995.0,247
2020-06-10 22:30:00,9908.0,248
2020-06-11 01:30:00,9968.0,249
2020-06-11 21:00:00,9372.0,250
2020-06-12 03:30:00,9396.0,251
2020-06-12 08:00:00,9492.5,252
2020-06-12 14:00:00,9550.0,253
2020-06-13 09:15:00,9464.0,254
2020-06-13 15:00:00,9461.5,255
2020-06-13 19:30:00,9494.0,256
2020-06-14 00:00:00,9477.5,257
2020-06-14 11:30:00,9440.5,258
2020-06-14 15:45:00,9437.5,259
2020-06-14 22:30:00,9411.0,260
2020-06-15 08:30:00,9167.5,261
2020-06-15 21:00:00,9487.0,262
2020-06-16 03:00:00,9580.0,263
2020-06-16 09:15:00,9543.0,264
2020-06-16 13:00:00,9584.5,265
2020-06-16 18:30:00,9509.5,266
2020-06-16 23:30:00,9531.0,267
2020-06-17 07:45:00,9529.5,268
2020-06-17 13:15:00,9564.0,269
2020-06-17 23:45:00,9469.5,270
2020-06-18 09:45:00,9485.5,271
2020-06-18 19:30:00,9410.0,272
2020-06-18 23:30:00,9412.0,273
2020-06-19 06:00:00,9328.5,274
2020-06-19 09:15:00,9439.5,275
2020-06-19 12:30:00,9419.0,276
2020-06-19 22:00:00,9355.0,277
2020-06-20 03:15:00,9346.5,278
2020-06-20 11:15:00,9380.0,279
2020-06-20 22:30:00,9392.0,280
2020-06-21 02:00:00,9402.5,281
2020-06-21 06:00:00,9415.5,282
2020-06-21 15:45:00,9388.5,283
2020-06-22 05:00:00,9449.5,284
2020-06-22 13:00:00,9501.5,285
2020-06-22 16:45:00,9625.0,286
2020-06-22 21:00:00,9782.0,287
2020-06-23 07:45:00,9669.0,288
2020-06-23 15:45:00,9688.5,289
2020-06-23 22:30:00,9650.0,290
2020-06-24 06:00:00,9670.0,291
2020-06-24 23:15:00,9322.0,292
2020-06-25 08:45:00,9331.0,293
2020-06-25 17:15:00,9293.0,294
2020-06-25 21:15:00,9337.0,295
2020-06-26 10:00:00,9252.0,296
2020-06-26 13:00:00,9233.5,297
2020-06-27 03:15:00,9185.0,298
2020-06-27 11:30:00,9184.0,299
2020-06-28 10:00:00,9083.0,300
2020-06-28 16:15:00,9190.0,301
2020-06-29 01:00:00,9146.5,302
2020-06-29 05:30:00,9129.5,303
2020-06-29 09:45:00,9135.0,304
2020-06-29 18:00:00,9179.0,305
2020-06-29 22:00:00,9234.0,306
2020-06-30 01:30:00,9205.0,307
2020-06-30 09:30:00,9171.5,308
2020-06-30 15:15:00,9185.0,309
2020-06-30 21:45:00,9168.0,310
2020-07-01 04:45:00,9159.5,311
2020-07-01 08:45:00,9191.0,312
2020-07-01 16:30:00,9289.0,313
2020-07-02 02:15:00,9260.0,314
2020-07-02 09:00:00,9219.0,315
2020-07-02 13:45:00,9255.0,316
2020-07-02 21:45:00,9150.0,317
2020-07-03 08:15:00,9124.5,318
2020-07-03 13:15:00,9119.5,319
2020-07-03 16:15:00,9110.0,320
2020-07-03 22:15:00,9100.0,321
2020-07-04 02:15:00,9093.0,322
2020-07-04 13:45:00,9080.0,323
2020-07-04 17:45:00,9185.5,324
2020-07-05 00:15:00,9143.5,325
2020-07-05 15:00:00,9065.0,326
2020-07-05 22:45:00,9095.0,327
2020-07-06 07:00:00,9242.0,328
2020-07-06 16:15:00,9349.0,329
2020-07-07 12:00:00,9286.5,330
2020-07-07 18:00:00,9278.0,331
2020-07-08 03:15:00,9319.5,332
2020-07-08 08:15:00,9298.0,333
2020-07-08 14:00:00,9466.5,334
2020-07-08 22:30:00,9462.5,335
2020-07-09 06:30:00,9413.5,336
2020-07-09 12:45:00,9425.5,337
2020-07-10 11:15:00,9197.0,338
2020-07-10 16:00:00,9245.0,339
2020-07-10 20:30:00,9250.5,340
2020-07-10 23:30:00,9300.0,341
2020-07-11 16:00:00,9253.5,342
2020-07-12 01:30:00,9289.5,343
2020-07-12 13:15:00,9335.0,344
2020-07-12 16:45:00,9220.0,345
2020-07-12 22:00:00,9317.5,346
2020-07-13 12:00:00,9335.5,347
2020-07-14 08:30:00,9202.0,348
2020-07-14 12:00:00,9248.0,349
2020-07-14 20:00:00,9271.5,350
2020-07-15 00:15:00,9265.0,351
2020-07-15 10:00:00,9243.0,352
2020-07-15 15:00:00,9239.0,353
2020-07-15 21:45:00,9234.0,354
2020-07-16 02:00:00,9219.5,355
2020-07-16 18:30:00,9148.0,356
2020-07-16 23:00:00,9141.0,357
2020-07-17 06:30:00,9125.0,358
2020-07-17 12:15:00,9180.0,359
2020-07-17 20:00:00,9168.0,360
2020-07-18 00:15:00,9160.0,361
2020-07-18 05:15:00,9141.5,362
2020-07-18 09:00:00,9214.0,363
2020-07-19 16:30:00,9168.0,364
2020-07-19 23:30:00,9224.5,365
2020-07-20 09:15:00,9189.0,366
2020-07-20 17:30:00,9197.0,367
2020-07-21 07:30:00,9365.5,368
2020-07-21 13:15:00,9437.0,369
2020-07-21 19:00:00,9379.0,370
2020-07-22 07:30:00,9350.0,371
2020-07-22 11:45:00,9351.0,372
2020-07-22 19:15:00,9375.0,373
2020-07-22 22:30:00,9537.0,374
2020-07-23 08:30:00,9529.0,375
2020-07-23 17:00:00,9662.0,376
2020-07-24 10:30:00,9555.0,377
2020-07-24 21:00:00,9630.0,378
2020-07-25 05:00:00,9615.5,379
2020-07-25 13:30:00,9600.0,380
2020-07-25 18:00:00,9707.0,381
2020-07-25 20:45:00,9730.0,382
2020-07-26 10:00:00,10138.0,383
2020-07-26 16:00:00,9981.0,384
2020-07-27 03:45:00,10323.0,385
2020-07-27 17:00:00,10944.5,386
2020-07-27 22:15:00,11393.0,387
2020-07-28 15:00:00,11185.0,388
2020-07-29 03:15:00,11001.0,389
2020-07-29 09:00:00,11147.0,390
2020-07-29 14:45:00,11294.0,391
2020-07-29 21:45:00,11345.0,392
2020-07-30 13:30:00,11035.0,393
2020-07-30 20:45:00,11170.0,394
2020-07-31 08:15:00,11189.5,395
2020-07-31 16:15:00,11443.5,396
2020-07-31 21:30:00,11422.5,397
2020-08-01 06:15:00,11748.0,398
2020-08-01 10:00:00,11732.0,399
2020-08-01 21:00:00,11865.5,400
2020-08-02 04:00:00,12113.5,401
2020-08-02 17:45:00,11282.0,402
2020-08-03 02:45:00,11207.0,403
2020-08-03 16:15:00,11471.5,404
2020-08-04 00:45:00,11418.0,405
2020-08-04 08:15:00,11312.0,406
2020-08-04 15:00:00,11236.5,407
2020-08-04 18:00:00,11266.0,408
2020-08-05 16:00:00,11720.0,409
2020-08-06 00:00:00,11798.0,410
2020-08-06 09:45:00,11755.0,411
2020-08-06 14:00:00,11883.0,412
2020-08-06 19:30:00,11901.0,413
2020-08-07 02:45:00,11916.5,414
2020-08-07 09:15:00,11847.0,415
2020-08-08 01:30:00,11658.0,416
2020-08-08 06:15:00,11618.5,417
2020-08-08 12:00:00,11810.0,418
2020-08-09 00:45:00,11799.5,419
2020-08-09 03:30:00,11777.5,420
2020-08-09 08:00:00,11720.0,421
2020-08-10 03:15:00,12063.0,422
2020-08-10 14:30:00,11965.0,423
2020-08-11 01:45:00,11934.5,424
2020-08-11 23:45:00,11426.5,425
2020-08-12 10:30:00,11542.0,426
2020-08-12 15:00:00,11613.5,427
2020-08-12 19:45:00,11596.5,428
2020-08-13 11:15:00,11617.0,429
2020-08-14 00:00:00,11835.0,430
2020-08-14 11:45:00,11782.5,431
2020-08-14 16:30:00,11861.0,432
2020-08-15 00:30:00,11981.0,433
2020-08-15 08:00:00,11937.5,434
2020-08-15 16:00:00,11911.0,435
2020-08-15 21:30:00,11981.5,436
2020-08-16 04:00:00,11936.0,437
2020-08-16 16:00:00,11900.0,438
2020-08-17 00:00:00,11935.5,439
2020-08-17 03:45:00,11881.0,440
2020-08-17 16:00:00,12499.5,441
2020-08-17 23:00:00,12424.5,442
2020-08-18 10:45:00,12310.0,443
2020-08-18 17:00:00,12056.5,444
2020-08-18 21:15:00,12090.0,445
2020-08-19 13:15:00,11922.5,446
2020-08-20 00:15:00,11820.0,447
2020-08-20 06:15:00,11790.0,448
2020-08-20 12:00:00,11853.5,449
2020-08-20 16:30:00,11892.5,450
2020-08-20 21:15:00,11883.0,451
2020-08-21 00:00:00,11881.0,452
2020-08-21 03:45:00,11874.5,453
2020-08-21 17:00:00,11767.5,454
2020-08-22 08:15:00,11623.0,455
2020-08-22 15:00:00,11637.0,456
2020-08-23 00:00:00,11686.0,457
2020-08-23 07:45:00,11617.0,458
2020-08-23 13:30:00,11674.0,459
2020-08-23 20:00:00,11722.5,460
2020-08-24 08:15:00,11810.0,461
2020-08-24 11:15:00,11826.0,462
2020-08-24 23:30:00,11789.0,463
2020-08-25 11:00:00,11661.0,464
2020-08-25 22:30:00,11389.0,465
2020-08-26 02:45:00,11398.5,466
2020-08-26 10:15:00,11445.0,467
2020-08-26 16:15:00,11541.5,468
2020-08-27 09:30:00,11453.5,469
2020-08-27 13:15:00,11585.0,470
2020-08-28 06:30:00,11440.0,471
2020-08-28 12:00:00,11480.0,472
2020-08-28 16:15:00,11533.5,473
2020-08-29 00:00:00,11542.0,474
2020-08-29 07:45:00,11575.0,475
2020-08-29 19:30:00,11543.0,476
2020-08-30 08:00:00,11611.0,477
2020-08-30 13:00:00,11657.0,478
2020-08-31 00:00:00,11726.0,479
2020-08-31 13:15:00,11775.0,480
2020-09-01 16:00:00,12066.0,481
2020-09-01 22:15:00,12057.0,482
2020-09-02 19:15:00,11409.0,483
2020-09-03 00:30:00,11442.0,484
2020-09-03 08:00:00,11465.0,485
2020-09-03 21:00:00,10791.0,486
2020-09-04 04:15:00,10327.0,487
2020-09-04 13:30:00,10496.0,488
2020-09-04 21:00:00,10624.5,489
2020-09-05 06:30:00,10491.0,490
2020-09-05 14:00:00,10342.5,491
2020-09-06 04:00:00,10217.0,492
2020-09-06 09:00:00,10279.0,493
2020-09-06 22:00:00,10348.5,494
2020-09-07 00:45:00,10307.5,495
2020-09-07 16:15:00,10237.0,496
2020-09-07 19:15:00,10222.0,497
2020-09-08 00:15:00,10440.5,498
2020-09-08 08:00:00,10340.0,499
2020-09-08 18:00:00,10167.5,500
2020-09-08 22:30:00,10220.0,501
2020-09-09 11:15:00,10278.5,502
2020-09-09 15:15:00,10274.0,503
2020-09-09 19:00:00,10337.5,504
2020-09-10 04:45:00,10417.0,505
2020-09-10 14:00:00,10485.5,506
2020-09-11 00:15:00,10371.5,507
2020-09-11 09:00:00,10335.0,508
2020-09-11 16:30:00,10340.0,509
2020-09-11 23:45:00,10393.0,510
2020-09-12 05:00:00,10370.5,511
2020-09-12 10:15:00,10353.0,512
2020-09-12 18:30:00,10481.0,513
2020-09-13 04:00:00,10572.5,514
2020-09-13 08:00:00,10553.5,515
2020-09-14 02:00:00,10370.0,516
2020-09-14 08:15:00,10445.0,517
2020-09-14 16:00:00,10740.0,518
2020-09-14 22:00:00,10730.0,519
2020-09-15 02:45:00,10828.0,520
2020-09-15 12:30:00,10919.5,521
2020-09-15 21:30:00,10872.5,522
2020-09-16 07:45:00,10943.0,523
2020-09-16 16:30:00,11090.5,524
2020-09-17 00:45:00,11035.0,525
2020-09-17 05:45:00,10923.0,526
2020-09-17 15:15:00,10864.0,527
2020-09-17 21:30:00,10962.5,528
2020-09-18 00:15:00,10949.0,529
2020-09-18 03:45:00,10928.0,530
2020-09-18 09:45:00,11031.5,531
2020-09-19 03:00:00,10965.0,532
2020-09-19 12:00:00,11168.0,533
2020-09-19 16:15:00,11100.5,534
2020-09-19 20:45:00,11074.5,535
2020-09-19 23:45:00,11075.0,536
2020-09-20 07:30:00,10984.0,537
2020-09-20 18:00:00,10888.0,538
2020-09-21 04:30:00,10977.0,539
2020-09-21 20:15:00,10530.0,540
2020-09-22 06:00:00,10495.0,541
2020-09-22 13:00:00,10516.5,542
2020-09-22 21:00:00,10572.0,543
2020-09-23 13:30:00,10523.5,544
2020-09-24 02:30:00,10336.0,545
2020-09-24 07:45:00,10348.0,546
2020-09-24 11:00:00,10432.5,547
2020-09-24 16:00:00,10727.5,548
2020-09-24 22:45:00,10787.5,549
2020-09-25 07:15:00,10695.5,550
2020-09-25 12:00:00,10680.5,551
2020-09-25 20:30:00,10750.0,552
2020-09-26 05:45:00,10830.0,553
2020-09-26 10:45:00,10726.5,554
2020-09-26 18:00:00,10773.0,555
2020-09-26 21:45:00,10750.0,556
2020-09-27 01:00:00,10795.5,557
2020-09-27 10:30:00,10674.5,558
2020-09-27 16:00:00,10769.5,559
2020-09-28 00:45:00,10951.5,560
2020-09-28 05:30:00,10911.0,561
2020-09-28 12:30:00,10935.0,562
2020-09-28 17:30:00,10910.5,563
2020-09-29 11:00:00,10787.0,564
2020-09-29 23:15:00,10855.0,565
2020-09-30 17:00:00,10788.0,566
2020-10-01 02:00:00,10841.5,567
2020-10-01 08:00:00,10909.5,568
2020-10-01 12:00:00,10887.0,569
2020-10-01 22:30:00,10627.5,570
2020-10-02 13:45:00,10595.0,571
2020-10-02 22:30:00,10582.0,572
2020-10-03 05:00:00,10555.5,573
2020-10-03 08:15:00,10554.0,574
2020-10-03 11:15:00,10556.5,575
2020-10-03 16:45:00,10601.0,576
2020-10-03 19:30:00,10583.5,577
2020-10-04 06:30:00,10627.5,578
2020-10-04 13:15:00,10610.0,579
2020-10-04 19:30:00,10681.0,580
2020-10-05 00:00:00,10729.0,581
2020-10-05 08:00:00,10679.5,582
2020-10-05 14:00:00,10756.0,583
2020-10-06 02:45:00,10781.5,584
2020-10-06 15:45:00,10749.0,585
2020-10-06 23:45:00,10617.5,586
2020-10-07 07:00:00,10623.0,587
2020-10-08 00:00:00,10659.0,588
2020-10-08 03:15:00,10641.0,589
2020-10-08 14:45:00,10945.0,590
2020-10-09 00:00:00,10924.5,591
2020-10-09 07:30:00,10894.0,592
2020-10-09 11:15:00,11092.0,593
2020-10-09 16:00:00,11085.0,594
2020-10-09 23:00:00,11080.5,595
2020-10-10 03:00:00,11490.0,596
2020-10-10 08:45:00,11395.0,597
2020-10-10 15:45:00,11414.0,598
2020-10-10 21:45:00,11374.0,599
2020-10-11 01:45:00,11405.0,600
2020-10-11 06:15:00,11369.0,601
2020-10-11 11:00:00,11409.0,602
2020-10-11 14:30:00,11447.0,603
2020-10-12 15:30:00,11601.5,604
2020-10-12 21:30:00,11729.0,605
2020-10-13 05:45:00,11526.0,606
2020-10-13 10:30:00,11560.0,607
2020-10-13 21:15:00,11462.0,608
2020-10-14 13:45:00,11549.5,609
2020-10-14 23:45:00,11428.0,610
2020-10-15 06:30:00,11419.0,611
2020-10-15 20:00:00,11612.0,612
2020-10-16 01:15:00,11533.5,613
2020-10-16 11:45:00,11407.0,614
2020-10-16 19:00:00,11366.5,615
2020-10-17 06:30:00,11376.0,616
2020-10-17 11:30:00,11353.0,617
2020-10-17 15:00:00,11411.0,618
2020-10-17 21:15:00,11362.0,619
2020-10-18 08:00:00,11470.0,620
2020-10-18 14:15:00,11483.0,621
2020-10-18 18:15:00,11463.5,622
2020-10-19 00:00:00,11520.5,623
2020-10-19 15:45:00,11815.5,624
2020-10-19 22:30:00,11758.5,625
2020-10-20 07:15:00,11834.5,626
2020-10-20 17:45:00,12058.5,627
2020-10-21 16:15:00,12910.5,628
2020-10-21 23:00:00,13239.5,629
2020-10-22 11:00:00,13030.0,630
2020-10-22 22:15:00,13195.5,631
2020-10-23 03:00:00,13002.0,632
2020-10-23 06:00:00,12996.0,633
2020-10-23 10:45:00,13032.0,634
2020-10-24 03:00:00,13008.0,635
2020-10-24 15:00:00,13162.0,636
2020-10-25 03:45:00,13360.0,637
2020-10-25 13:15:00,13018.0,638
2020-10-25 17:00:00,13038.0,639
2020-10-26 05:30:00,13144.0,640
2020-10-26 13:30:00,13243.0,641
2020-10-27 00:30:00,13120.5,642
2020-10-27 05:00:00,13132.0,643
2020-10-27 11:30:00,13495.5,644
2020-10-27 18:00:00,13742.0,645
2020-10-27 23:00:00,13777.0,646
2020-10-28 02:45:00,13858.0,647
2020-10-28 19:30:00,13242.0,648
2020-10-29 00:15:00,13290.0,649
2020-10-29 06:45:00,13315.0,650
2020-10-29 17:45:00,13622.0,651
2020-10-30 01:00:00,13651.5,652
2020-10-30 11:45:00,13362.0,653
2020-10-30 16:00:00,13560.0,654
2020-10-30 20:45:00,13655.0,655
2020-10-31 02:00:00,13723.0,656
2020-10-31 10:00:00,14120.0,657
2020-11-01 00:00:00,13875.0,658
2020-11-01 08:00:00,13793.5,659
2020-11-01 15:00:00,13841.5,660
2020-11-01 21:15:00,13844.5,661
2020-11-02 00:30:00,13818.5,662
2020-11-02 06:30:00,13741.0,663
2020-11-02 16:15:00,13539.0,664
2020-11-02 20:15:00,13691.5,665
2020-11-03 02:00:00,13625.5,666
2020-11-03 09:45:00,13585.5,667
2020-11-03 15:00:00,13777.0,668
2020-11-03 18:15:00,13756.0,669
2020-11-03 23:30:00,14058.5,670
2020-11-04 03:45:00,13944.5,671
2020-11-04 17:15:00,14249.0,672
2020-11-04 22:30:00,14234.0,673
2020-11-05 08:00:00,14549.5,674
2020-11-05 16:00:00,15308.5,675
2020-11-06 01:00:00,15976.0,676
2020-11-06 07:15:00,15781.0,677
2020-11-06 13:45:00,15720.0,678
2020-11-07 01:30:00,15757.5,679
2020-11-07 11:00:00,15582.0,680
2020-11-08 02:00:00,15120.5,681
2020-11-08 05:45:00,15077.0,682
2020-11-08 18:00:00,15650.0,683
2020-11-09 01:00:00,15594.0,684
2020-11-09 11:45:00,15848.0,685
2020-11-09 20:30:00,15477.5,686
2020-11-10 02:00:00,15428.0,687
2020-11-10 05:15:00,15446.5,688
2020-11-10 08:45:00,15476.0,689
2020-11-11 00:45:00,15506.0,690
2020-11-11 13:15:00,15707.5,691
2020-11-11 18:00:00,15989.0,692
2020-11-11 22:15:00,15878.5,693
2020-11-12 10:00:00,16166.0,694
2020-11-12 17:00:00,16197.5,695
2020-11-13 02:00:00,16464.5,696
2020-11-13 09:45:00,16355.5,697
2020-11-14 06:15:00,16197.0,698
2020-11-14 14:30:00,16038.0,699
2020-11-14 23:15:00,16125.0,700
2020-11-15 08:30:00,16149.5,701
2020-11-15 14:15:00,16094.0,702
2020-11-16 01:00:00,16023.0,703
2020-11-16 07:15:00,16280.0,704
2020-11-16 11:00:00,16379.5,705
2020-11-16 21:00:00,16872.0,706
2020-11-17 00:45:00,16820.0,707
2020-11-17 08:00:00,16787.5,708
2020-11-17 17:45:00,17893.0,709
2020-11-18 00:15:00,17832.0,710
2020-11-18 04:45:00,18504.5,711
2020-11-18 08:30:00,18266.5,712
2020-11-19 02:15:00,18075.5,713
2020-11-19 15:15:00,18195.0,714
2020-11-19 21:15:00,18127.0,715
2020-11-20 07:15:00,18439.0,716
2020-11-20 16:00:00,18825.0,717
2020-11-21 02:15:00,18981.5,718
2020-11-21 08:45:00,18806.0,719
2020-11-21 16:30:00,18950.0,720
2020-11-22 00:15:00,18775.0,721
2020-11-22 20:15:00,18710.0,722
2020-11-23 10:30:00,18804.0,723
2020-11-23 14:00:00,18714.0,724
2020-11-23 20:00:00,18494.0,725
2020-11-24 01:15:00,18540.0,726
2020-11-24 16:15:00,19400.5,727
2020-11-25 00:00:00,19224.0,728
2020-11-25 13:45:00,19531.0,729
2020-11-25 19:15:00,19124.0,730
2020-11-26 11:15:00,17417.0,731
2020-11-26 21:15:00,17283.0,732
2020-11-27 01:15:00,17455.0,733
2020-11-27 05:45:00,17337.5,734
2020-11-27 13:00:00,17068.0,735
2020-11-27 20:45:00,17122.5,736
2020-11-28 01:15:00,17189.5,737
2020-11-28 07:15:00,17056.5,738
2020-11-28 10:45:00,17245.5,739
2020-11-28 16:45:00,17764.0,740
2020-11-28 20:00:00,17860.0,741
2020-11-29 03:45:00,17880.0,742
2020-11-29 14:00:00,18178.5,743
2020-11-29 21:00:00,18324.5,744
2020-11-30 07:00:00,18660.5,745
2020-11-30 15:00:00,19930.5,746
2020-11-30 23:45:00,19770.0,747
2020-12-01 11:00:00,19948.0,748
2020-12-01 15:00:00,19470.5,749
2020-12-01 21:30:00,19218.0,750
2020-12-02 01:45:00,18962.5,751
2020-12-02 13:30:00,19256.5,752
2020-12-03 00:00:00,19299.0,753
2020-12-03 03:45:00,19179.0,754
2020-12-03 08:15:00,19473.5,755
2020-12-03 11:15:00,19465.0,756
2020-12-03 16:00:00,19620.0,757
2020-12-03 23:00:00,19542.5,758
2020-12-04 08:30:00,19446.5,759
2020-12-04 14:15:00,19139.0,760
2020-12-04 18:45:00,19073.5,761
2020-12-05 08:30:00,19183.0,762
2020-12-05 16:15:00,19148.5,763
2020-12-05 19:00:00,19174.5,764
2020-12-06 01:15:00,19342.0,765
2020-12-06 07:15:00,19259.5,766
2020-12-06 11:45:00,19095.0,767
2020-12-06 16:00:00,19204.0,768
2020-12-07 00:00:00,19431.0,769
2020-12-07 07:45:00,19399.0,770
2020-12-07 15:15:00,19262.0,771
2020-12-08 01:00:00,19235.0,772
2020-12-08 14:00:00,18967.0,773
2020-12-08 17:45:00,18931.0,774
2020-12-09 14:00:00,18504.0,775
2020-12-09 23:15:00,18632.0,776
2020-12-10 04:30:00,18482.0,777
2020-12-10 09:30:00,18468.0,778
2020-12-10 20:15:00,18425.5,779
2020-12-11 04:15:00,18034.0,780
2020-12-11 08:15:00,17983.0,781
2020-12-11 15:45:00,18116.0,782
2020-12-12 04:45:00,18384.0,783
2020-12-12 12:00:00,18499.0,784
2020-12-12 19:15:00,18830.0,785
2020-12-12 22:30:00,18940.0,786
2020-12-13 13:15:00,19422.5,787
2020-12-13 16:15:00,19395.5,788
2020-12-14 03:00:00,19339.5,789
2020-12-14 09:00:00,19258.5,790
2020-12-14 15:00:00,19306.5,791
2020-12-14 18:45:00,19231.5,792
2020-12-15 02:45:00,19585.5,793
2020-12-15 07:45:00,19227.5,794
2020-12-15 20:00:00,19533.0,795
2020-12-16 02:15:00,19472.0,796
2020-12-16 16:30:00,20887.5,797
2020-12-17 03:00:00,22210.0,798
2020-12-17 09:15:00,23893.0,799
2020-12-17 17:00:00,23729.0,800
2020-12-18 02:30:00,23266.5,801
2020-12-18 08:30:00,23309.0,802
2020-12-18 18:15:00,22824.0,803
2020-12-19 03:00:00,23240.5,804
2020-12-19 16:15:00,24278.0,805
2020-12-19 21:30:00,24093.0,806
2020-12-20 08:30:00,23795.5,807
2020-12-20 15:45:00,23931.0,808
2020-12-20 20:30:00,24344.0,809
2020-12-21 04:15:00,24124.5,810
2020-12-21 08:00:00,24082.5,811
2020-12-21 16:45:00,23300.0,812
2020-12-21 22:15:00,23238.5,813
2020-12-22 04:00:00,23070.0,814
2020-12-22 14:00:00,23641.5,815
2020-12-22 18:30:00,23530.0,816
2020-12-23 01:00:00,24064.0,817
2020-12-23 13:15:00,24192.0,818
2020-12-23 18:45:00,23677.5,819
2020-12-24 08:45:00,23487.0,820
2020-12-24 14:00:00,23423.0,821
2020-12-24 17:30:00,23464.5,822
2020-12-25 00:00:00,23812.5,823
2020-12-25 11:30:00,24698.5,824
2020-12-25 19:45:00,24527.0,825
2020-12-25 23:00:00,24809.0,826
2020-12-26 03:15:00,25064.5,827
2020-12-26 08:30:00,25009.0,828
2020-12-26 17:15:00,26044.0,829
2020-12-26 21:45:00,26919.0,830
2020-12-27 01:00:00,27023.5,831
2020-12-27 08:15:00,27979.5,832
2020-12-27 11:15:00,28468.0,833
2020-12-27 14:15:00,27820.5,834
2020-12-27 19:15:00,27304.5,835
2020-12-28 01:30:00,27373.0,836
2020-12-28 07:00:00,27221.5,837
2020-12-28 13:30:00,27514.0,838
2020-12-28 23:45:00,27154.0,839
2020-12-29 12:00:00,27108.0,840
2020-12-30 03:00:00,28280.0,841
2020-12-30 07:00:00,28633.0,842
2020-12-30 15:00:00,28336.0,843
2020-12-30 20:45:00,29034.0,844
2020-12-31 00:15:00,29357.0,845
2020-12-31 04:15:00,29205.0,846
2020-12-31 07:15:00,29339.0,847
2020-12-31 15:45:00,28789.0,848
2020-12-31 21:30:00,29152.0,849
2021-01-01 01:30:00,29505.5,850
2021-01-01 12:30:00,29673.5,851
2021-01-02 02:15:00,29468.0,852
2021-01-02 18:45:00,33450.0,853
2021-01-03 07:45:00,34820.0,854
2021-01-03 12:00:00,34650.0,855
2021-01-03 21:00:00,33915.0,856
2021-01-04 04:00:00,33616.5,857
2021-01-04 15:00:00,32139.5,858
2021-01-04 19:30:00,31887.0,859
2021-01-05 00:30:00,32847.5,860
2021-01-05 19:30:00,34222.0,861
2021-01-05 22:30:00,34496.5,862
2021-01-06 04:15:00,35867.0,863
2021-01-06 11:15:00,35338.0,864
2021-01-07 00:30:00,37395.5,865
2021-01-07 03:30:00,37739.5,866
2021-01-07 18:15:00,40560.5,867
2021-01-07 22:30:00,40100.0,868
2021-01-08 12:15:00,41880.0,869
2021-01-08 15:00:00,42100.0,870
2021-01-09 00:15:00,41040.5,871
2021-01-09 14:00:00,41475.5,872
2021-01-09 19:15:00,40917.0,873
2021-01-10 01:45:00,41363.5,874
2021-01-10 08:00:00,41150.5,875
2021-01-10 22:15:00,39002.0,876
2021-01-11 10:00:00,36350.0,877
2021-01-11 23:45:00,35562.0,878
2021-01-12 07:30:00,36672.0,879
2021-01-12 18:15:00,35527.5,880
2021-01-12 22:00:00,35049.0,881
2021-01-13 03:15:00,34395.0,882
2021-01-13 07:45:00,35203.0,883
2021-01-13 11:30:00,35278.0,884
2021-01-13 14:15:00,35140.0,885
2021-01-14 00:00:00,38226.5,886
2021-01-14 08:15:00,38777.5,887
2021-01-14 15:30:00,40076.0,888
2021-01-14 20:00:00,40007.5,889
2021-01-15 00:30:00,39763.0,890
2021-01-15 10:00:00,38794.0,891
2021-01-16 01:15:00,37626.5,892
2021-01-16 10:00:00,37992.5,893
2021-01-16 15:30:00,37761.0,894
2021-01-17 02:00:00,36733.5,895
2021-01-17 12:15:00,35516.5,896
2021-01-17 16:30:00,36139.0,897
2021-01-17 21:30:00,36841.5,898
2021-01-18 09:00:00,36649.5,899
2021-01-18 12:15:00,37489.0,900
2021-01-19 01:45:00,37368.0,901
2021-01-19 08:30:00,37630.5,902
2021-01-19 16:00:00,37920.0,903
2021-01-19 22:45:00,36789.5,904
2021-01-20 08:15:00,35919.0,905
2021-01-20 14:15:00,35118.5,906
2021-01-20 20:00:00,35289.5,907
2021-01-20 23:30:00,35648.0,908
2021-01-21 04:30:00,34920.0,909
2021-01-21 07:30:00,34980.0,910
2021-01-21 19:30:00,32729.5,911
2021-01-22 06:15:00,32030.0,912
2021-01-22 15:15:00,32660.0,913
2021-01-22 20:15:00,33777.0,914
2021-01-23 06:00:00,33445.0,915
2021-01-23 22:00:00,32530.0,916
2021-01-24 06:00:00,33065.0,917
2021-01-24 12:00:00,32925.0,918
2021-01-25 04:00:00,33785.0,919
2021-01-25 06:45:00,33582.0,920
2021-01-25 14:00:00,34820.0,921
2021-01-26 01:45:00,32837.5,922
2021-01-26 10:15:00,32444.0,923
2021-01-26 19:00:00,32386.5,924
2021-01-26 23:00:00,32895.0,925
2021-01-27 16:30:00,30948.5,926
2021-01-27 21:00:00,31683.5,927
2021-01-28 06:00:00,31841.5,928
2021-01-29 00:30:00,34344.5,929
2021-01-29 09:30:00,38276.0,930
2021-01-29 13:45:00,38632.0,931
2021-01-29 22:15:00,35300.0,932
2021-01-30 09:00:00,34430.0,933
2021-01-30 15:45:00,34490.0,934
2021-01-30 22:00:00,34780.0,935
2021-01-31 12:30:00,34208.0,936
2021-02-01 09:00:00,34680.5,937
2021-02-01 19:30:00,34073.0,938
2021-02-02 00:15:00,34184.0,939
2021-02-02 09:15:00,35683.0,940
2021-02-02 20:00:00,36023.5,941
2021-02-03 01:00:00,36357.0,942
2021-02-03 04:30:00,36848.0,943
2021-02-03 16:45:00,37212.5,944
2021-02-04 01:45:00,38320.0,945
2021-02-04 08:15:00,38779.5,946
2021-02-04 11:30:00,37938.5,947
2021-02-04 20:00:00,37810.0,948
2021-02-05 08:00:00,37818.5,949
2021-02-05 13:45:00,38356.0,950
2021-02-06 03:15:00,39697.5,951
2021-02-06 16:00:00,40950.0,952
2021-02-06 22:15:00,40569.0,953
2021-02-07 09:45:00,39727.0,954
2021-02-08 00:00:00,39124.0,955
2021-02-08 13:15:00,44924.0,956
2021-02-09 00:00:00,47630.0,957
2021-02-09 07:00:00,48223.0,958
2021-02-09 20:30:00,47537.0,959
2021-02-10 10:15:00,47444.0,960
2021-02-10 20:00:00,45259.5,961
2021-02-10 23:30:00,45335.0,962
2021-02-11 04:00:00,45700.0,963
2021-02-11 13:15:00,48625.5,964
2021-02-11 20:15:00,48758.0,965
2021-02-12 00:00:00,49179.5,966
2021-02-12 13:15:00,48222.0,967
2021-02-12 16:30:00,48010.0,968
2021-02-12 21:30:00,48169.0,969
2021-02-13 03:00:00,48206.5,970
2021-02-13 16:15:00,47389.0,971
2021-02-14 01:00:00,47734.0,972
2021-02-14 06:00:00,49474.0,973
2021-02-14 12:15:00,49834.0,974
2021-02-14 22:15:00,49394.0,975
2021-02-15 17:15:00,48784.0,976
2021-02-15 20:15:00,48795.0,977
2021-02-16 04:15:00,50223.0,978
2021-02-16 08:00:00,49441.0,979
2021-02-16 12:30:00,50844.5,980
2021-02-16 19:45:00,48877.0,981
2021-02-17 02:15:00,50300.0,982
2021-02-17 09:45:00,51748.0,983
2021-02-17 15:00:00,51675.0,984
2021-02-17 21:30:00,52690.0,985
2021-02-18 00:15:00,52589.5,986
2021-02-18 14:30:00,52313.5,987
2021-02-18 18:30:00,52241.0,988
2021-02-18 21:30:00,52216.5,989
2021-02-19 09:15:00,53011.0,990
2021-02-19 21:00:00,56550.0,991
2021-02-20 01:00:00,56690.0,992
2021-02-20 12:45:00,57667.0,993
2021-02-20 17:00:00,57540.5,994
2021-02-21 05:15:00,56937.0,995
2021-02-21 10:15:00,57899.5,996
2021-02-21 19:00:00,58399.0,997
2021-02-22 08:00:00,56676.0,998
2021-02-22 16:30:00,53835.0,999
2021-02-22 22:00:00,54938.0,1000
2021-02-23 13:15:00,49581.0,1001
2021-02-24 04:15:00,51302.0,1002
2021-02-24 09:30:00,51382.0,1003
2021-02-24 12:30:00,51300.0,1004
2021-02-24 16:00:00,50120.0,1005
2021-02-25 01:00:00,50920.0,1006
2021-02-25 06:45:00,50580.0,1007
2021-02-25 13:00:00,52037.0,1008
2021-02-26 02:30:00,47792.5,1009
2021-02-26 17:00:00,48423.0,1010
2021-02-27 02:30:00,48043.5,1011
2021-02-27 06:30:00,48373.5,1012
2021-02-27 12:30:00,47862.0,1013
2021-02-27 20:00:00,47592.5,1014
2021-03-01 02:15:00,46781.5,1015
2021-03-01 16:00:00,49419.0,1016
2021-03-02 09:45:00,49286.0,1017
2021-03-02 14:15:00,49660.0,1018
2021-03-03 13:00:00,52622.0,1019
2021-03-03 18:00:00,51636.5,1020
2021-03-03 22:00:00,51340.0,1021
2021-03-04 02:00:00,51800.0,1022
2021-03-04 08:15:00,50756.5,1023
2021-03-04 14:30:00,50598.0,1024
2021-03-04 23:30:00,48710.0,1025
2021-03-05 07:00:00,47500.0,1026
2021-03-05 14:30:00,48718.0,1027
2021-03-05 20:00:00,49463.0,1028
2021-03-05 22:45:00,49400.0,1029
2021-03-06 07:15:00,49117.5,1030
2021-03-07 03:00:00,49890.0,1031
2021-03-07 09:30:00,51182.0,1032
2021-03-07 14:00:00,51298.0,1033
2021-03-07 16:45:00,51374.5,1034
2021-03-08 01:00:00,51866.5,1035
2021-03-08 06:00:00,50958.5,1036
2021-03-08 14:45:00,51283.0,1037
2021-03-08 20:45:00,52017.5,1038
2021-03-09 06:00:00,54421.5,1039
2021-03-09 10:00:00,54392.5,1040
2021-03-09 13:45:00,54800.0,1041
2021-03-10 01:00:00,55852.5,1042
2021-03-10 09:30:00,55500.0,1043
2021-03-10 19:15:00,57425.0,1044
2021-03-10 22:00:00,57249.5,1045
2021-03-11 14:15:00,57280.0,1046
2021-03-11 23:00:00,58188.0,1047
2021-03-12 06:00:00,57451.0,1048
2021-03-12 17:30:00,57737.0,1049
2021-03-12 23:30:00,57484.0,1050
2021-03-13 12:15:00,60548.5,1051
2021-03-13 20:30:00,61939.5,1052
2021-03-14 00:15:00,61775.5,1053
2021-03-14 04:00:00,61600.0,1054
2021-03-14 09:30:00,61175.0,1055
2021-03-14 23:15:00,60743.0,1056
2021-03-15 04:00:00,60704.0,1057
2021-03-15 14:00:00,57280.0,1058
2021-03-15 20:30:00,56953.5,1059
2021-03-16 09:30:00,56378.0,1060
2021-03-16 16:00:00,56076.0,1061
2021-03-17 00:00:00,57199.0,1062
2021-03-17 07:00:00,56300.0,1063
2021-03-17 12:45:00,55411.5,1064
2021-03-18 00:00:00,59555.0,1065
2021-03-18 10:00:00,58679.5,1066
2021-03-18 16:30:00,60206.0,1067
2021-03-19 09:00:00,58858.0,1068
2021-03-19 12:00:00,59240.0,1069
2021-03-19 16:00:00,59183.0,1070
2021-03-19 20:15:00,59477.0,1071
2021-03-20 02:00:00,58925.0,1072
2021-03-20 13:15:00,59900.0,1073
2021-03-20 18:30:00,59533.0,1074
2021-03-21 15:15:00,57509.0,1075
2021-03-21 22:00:00,58086.5,1076
2021-03-22 06:45:00,57896.5,1077
2021-03-22 10:15:00,58402.5,1078
2021-03-23 01:45:00,55341.5,1079
2021-03-23 13:30:00,55429.5,1080
2021-03-23 18:30:00,55833.0,1081
2021-03-24 03:30:00,54798.0,1082
2021-03-24 09:15:00,56632.5,1083
2021-03-24 13:30:00,57150.0,1084
2021-03-25 06:00:00,53261.0,1085
2021-03-25 11:00:00,53123.5,1086
2021-03-25 22:15:00,52673.5,1087
2021-03-26 08:00:00,53760.0,1088
2021-03-26 16:30:00,54000.0,1089
2021-03-27 00:15:00,55500.0,1090
2021-03-27 05:45:00,55300.0,1091
2021-03-27 17:00:00,56244.5,1092
2021-03-27 21:45:00,56665.5,1093
2021-03-28 04:30:00,56440.0,1094
2021-03-28 09:00:00,56511.0,1095
2021-03-28 16:00:00,56494.5,1096
2021-03-29 00:15:00,55882.0,1097
2021-03-29 12:00:00,58450.0,1098
2021-03-29 17:00:00,58360.5,1099
2021-03-29 22:00:00,57958.5,1100
2021-03-30 10:15:00,59442.0,1101
2021-03-30 18:00:00,59183.5,1102
2021-03-31 01:45:00,59050.0,1103
2021-03-31 06:45:00,59855.0,1104
2021-03-31 16:00:00,59667.0,1105
2021-03-31 19:15:00,59600.0,1106
2021-04-01 01:15:00,59356.0,1107
2021-04-01 08:15:00,59496.0,1108
2021-04-01 15:15:00,59229.0,1109
2021-04-01 20:15:00,59067.5,1110
2021-04-01 23:00:00,59075.0,1111
2021-04-02 02:30:00,60300.0,1112
2021-04-02 07:30:00,59825.5,1113
2021-04-02 10:30:00,59767.0,1114
2021-04-02 15:00:00,59697.0,1115
2021-04-03 00:15:00,59461.5,1116
2021-04-03 05:15:00,59548.0,1117
2021-04-03 08:00:00,59863.0,1118
2021-04-03 14:00:00,59522.5,1119
2021-04-04 04:00:00,57728.0,1120
2021-04-04 15:15:00,58428.0,1121
2021-04-05 00:00:00,58398.0,1122
2021-04-05 15:00:00,59252.5,1123
2021-04-05 19:15:00,59118.0,1124
2021-04-06 01:00:00,59552.0,1125
2021-04-06 05:30:00,59047.5,1126
2021-04-06 12:15:00,59136.0,1127
2021-04-06 20:00:00,58321.5,1128
2021-04-07 00:15:00,58221.0,1129
2021-04-07 06:00:00,58620.0,1130
2021-04-07 14:30:00,56899.0,1131
2021-04-07 22:30:00,56525.0,1132
2021-04-08 07:00:00,57291.0,1133
2021-04-08 18:30:00,58108.5,1134
2021-04-09 00:30:00,58352.0,1135
2021-04-09 05:00:00,58259.0,1136
2021-04-09 11:30:00,58861.0,1137
2021-04-09 20:00:00,58590.5,1138
2021-04-10 04:15:00,61671.5,1139
2021-04-10 10:15:00,61076.5,1140
2021-04-10 16:00:00,60661.0,1141
2021-04-11 03:00:00,60719.5,1142
2021-04-11 08:15:00,60200.0,1143
2021-04-11 19:15:00,60272.5,1144
2021-04-12 00:00:00,60418.5,1145
2021-04-12 04:00:00,60623.0,1146
2021-04-12 07:30:00,61324.0,1147
2021-04-12 13:15:00,60610.0,1148
2021-04-12 19:15:00,60274.5,1149
2021-04-13 03:00:00,61090.0,1150
2021-04-13 09:45:00,63378.0,1151
2021-04-13 16:00:00,63761.5,1152
2021-04-14 00:00:00,63934.5,1153
2021-04-14 06:00:00,64943.5,1154
2021-04-14 11:30:00,64900.0,1155
2021-04-14 17:30:00,63860.5,1156
2021-04-15 00:00:00,63379.0,1157
2021-04-15 04:15:00,63437.0,1158
2021-04-15 13:45:00,63104.5,1159
2021-04-15 21:30:00,63846.0,1160
2021-04-16 00:45:00,63565.0,1161
2021-04-17 09:00:00,62490.0,1162
2021-04-17 14:00:00,61330.0,1163
2021-04-17 21:30:00,61022.5,1164
2021-04-18 08:00:00,56442.0,1165
2021-04-18 16:15:00,55947.0,1166
2021-04-19 03:45:00,57221.0,1167
2021-04-19 08:00:00,57436.0,1168
2021-04-19 11:45:00,57310.5,1169
2021-04-19 21:45:00,56539.0,1170
2021-04-20 05:00:00,55412.0,1171
2021-04-20 14:00:00,56428.5,1172
2021-04-20 22:00:00,57005.5,1173
2021-04-21 06:15:00,55837.0,1174
2021-04-21 14:30:00,56316.0,1175
2021-04-22 01:15:00,54632.0,1176
2021-04-22 06:15:00,54823.0,1177
2021-04-22 12:30:00,55444.0,1178
2021-04-22 16:15:00,55147.5,1179
2021-04-23 12:00:00,50240.5,1180
2021-04-23 20:30:00,51225.5,1181
2021-04-24 00:00:00,51138.0,1182
2021-04-24 04:45:00,50597.0,1183
2021-04-24 12:45:00,49763.5,1184
2021-04-25 02:15:00,50457.5,1185
2021-04-25 08:45:00,50269.0,1186
2021-04-25 15:15:00,50505.0,1187
2021-04-26 06:45:00,52999.0,1188
2021-04-26 12:30:00,53849.0,1189
2021-04-26 17:15:00,54327.5,1190
2021-04-26 22:15:00,54246.0,1191
2021-04-27 08:15:00,54950.0,1192
2021-04-27 11:45:00,55184.0,1193
2021-04-27 15:45:00,55279.0,1194
2021-04-27 21:45:00,55400.0,1195
2021-04-28 01:15:00,55677.0,1196
2021-04-28 12:00:00,55255.0,1197
2021-04-28 20:00:00,56457.0,1198
2021-04-29 00:00:00,55178.0,1199
2021-04-29 06:30:00,54487.5,1200
2021-04-29 09:30:00,54727.5,1201
2021-04-30 00:30:00,53790.0,1202
2021-04-30 09:00:00,54783.5,1203
2021-04-30 16:00:00,57303.0,1204
2021-05-01 01:45:00,58427.0,1205
2021-05-01 05:15:00,58438.5,1206
2021-05-01 12:00:00,58077.5,1207
2021-05-01 19:15:00,58034.5,1208
2021-05-01 23:30:00,57968.0,1209
2021-05-02 02:45:00,57733.0,1210
2021-05-02 12:00:00,57300.0,1211
2021-05-02 14:45:00,57000.0,1212
2021-05-02 21:00:00,57160.0,1213
2021-05-03 01:30:00,58359.5,1214
2021-05-03 08:30:00,58996.0,1215
2021-05-03 11:30:00,58959.0,1216
2021-05-03 17:30:00,58190.0,1217
2021-05-03 23:30:00,57478.5,1218
2021-05-04 10:15:00,56635.5,1219
2021-05-04 20:45:00,54850.5,1220
2021-05-05 02:15:00,55434.0,1221
2021-05-05 16:00:00,57865.0,1222
2021-05-05 22:30:00,57650.0,1223
2021-05-06 04:30:00,57627.5,1224
2021-05-06 10:15:00,58396.0,1225
2021-05-07 00:15:00,57083.5,1226
2021-05-07 13:00:00,57653.0,1227
2021-05-07 17:00:00,58735.0,1228
2021-05-08 04:15:00,58619.0,1229
2021-05-08 08:15:00,59396.0,1230
2021-05-08 13:30:00,59455.0,1231
2021-05-08 20:30:00,59526.0,1232
2021-05-09 01:45:00,59274.0,1233
2021-05-09 16:15:00,57909.5,1234
2021-05-10 04:00:00,59586.0,1235
2021-05-10 16:00:00,58680.0,1236
2021-05-11 00:15:00,56400.0,1237
2021-05-11 10:15:00,56201.0,1238
2021-05-11 21:00:00,56843.0,1239
2021-05-12 04:15:00,57929.5,1240
2021-05-12 13:45:00,56906.0,1241
2021-05-13 07:00:00,51318.5,1242
2021-05-13 14:00:00,50866.0,1243
2021-05-14 01:15:00,50380.0,1244
2021-05-14 11:00:00,50959.0,1245
2021-05-14 15:15:00,51471.0,1246
2021-05-15 01:45:00,50688.0,1247
2021-05-15 15:00:00,49575.0,1248
2021-05-15 21:30:00,48758.0,1249
2021-05-16 06:15:00,49493.5,1250
2021-05-16 10:45:00,49798.0,1251
2021-05-16 14:15:00,49301.0,1252
2021-05-17 00:00:00,46629.0,1253
2021-05-17 12:00:00,45788.0,1254
2021-05-17 20:45:00,44939.0,1255
2021-05-18 01:15:00,45290.0,1256
2021-05-18 06:00:00,45815.0,1257
2021-05-18 11:45:00,45662.5,1258
2021-05-18 17:30:00,43840.0,1259
2021-05-19 00:00:00,43598.5,1260
2021-05-19 08:45:00,40790.0,1261
2021-05-19 17:00:00,40555.0,1262
2021-05-19 20:00:00,40192.0,1263
2021-05-20 07:15:00,40765.5,1264
2021-05-20 13:15:00,42400.0,1265
2021-05-21 00:30:00,42215.0,1266
2021-05-21 06:45:00,40763.5,1267
2021-05-21 14:00:00,41686.5,1268
2021-05-22 02:15:00,38086.0,1269
2021-05-22 10:45:00,38799.5,1270
2021-05-22 13:30:00,38799.0,1271
2021-05-22 21:45:00,38328.5,1272
2021-05-23 00:45:00,38230.0,1273
2021-05-24 00:15:00,35675.5,1274
2021-05-24 03:15:00,35889.0,1275
2021-05-24 07:45:00,36875.5,1276
2021-05-24 12:30:00,38601.0,1277
2021-05-24 20:00:00,39882.5,1278
2021-05-25 00:30:00,39800.0,1279
2021-05-25 06:45:00,39184.0,1280
2021-05-25 15:30:00,38480.0,1281
2021-05-25 22:45:00,38728.5,1282
2021-05-26 08:00:00,40871.0,1283
2021-05-26 23:45:00,39428.0,1284
2021-05-27 13:15:00,40376.5,1285
2021-05-27 21:30:00,39150.0,1286
2021-05-28 13:00:00,37238.5,1287
2021-05-28 19:00:00,36562.0,1288
2021-05-29 05:15:00,37312.0,1289
2021-05-29 23:30:00,35081.0,1290
2021-05-30 07:30:00,36182.0,1291
2021-05-30 12:00:00,36446.5,1292
2021-05-30 20:15:00,36310.0,1293
2021-05-31 12:00:00,37200.0,1294
2021-05-31 16:15:00,37396.0,1295
2021-06-01 00:45:00,37864.0,1296
2021-06-01 06:00:00,37433.0,1297
2021-06-01 13:30:00,37387.0,1298
2021-06-02 00:00:00,36858.0,1299
2021-06-02 09:00:00,37499.0,1300
2021-06-02 15:15:00,38198.0,1301
2021-06-03 00:00:00,37860.0,1302
2021-06-03 10:15:00,39440.0,1303
2021-06-03 17:15:00,38968.5,1304
2021-06-04 00:00:00,39265.5,1305
2021-06-04 10:00:00,37044.5,1306
2021-06-04 12:45:00,37100.0,1307
2021-06-04 17:15:00,37220.5,1308
2021-06-04 21:15:00,37232.5,1309
2021-06-05 01:45:00,37800.0,1310
2021-06-05 07:15:00,37867.0,1311
2021-06-05 15:45:00,36420.0,1312
2021-06-06 01:45:00,36243.0,1313
2021-06-06 06:00:00,36447.0,1314
2021-06-06 09:00:00,36370.0,1315
2021-06-06 15:00:00,36435.0,1316
2021-06-07 01:45:00,36763.0,1317
2021-06-07 12:30:00,36784.0,1318
2021-06-08 08:15:00,33324.5,1319
2021-06-08 11:45:00,33200.0,1320
2021-06-08 20:45:00,33831.5,1321
2021-06-09 07:00:00,34458.5,1322
2021-06-09 12:00:00,35327.0,1323
2021-06-09 17:15:00,37018.5,1324
2021-06-10 00:00:00,37699.0,1325
2021-06-10 03:15:00,37431.0,1326
2021-06-10 10:00:00,38440.5,1327
2021-06-10 14:00:00,38175.0,1328
2021-06-11 00:00:00,37240.0,1329
2021-06-11 05:15:00,37350.0,1330
2021-06-11 10:30:00,37656.5,1331
2021-06-11 22:30:00,37459.0,1332
2021-06-12 07:00:00,35550.0,1333
2021-06-12 12:30:00,36180.0,1334
2021-06-12 20:45:00,36072.0,1335
2021-06-13 01:00:00,35875.0,1336
2021-06-13 12:00:00,36100.5,1337
2021-06-13 20:45:00,39372.0,1338
2021-06-14 01:30:00,39815.0,1339
2021-06-14 06:45:00,39732.0,1340
2021-06-14 14:15:00,40995.0,1341
2021-06-15 00:15:00,40832.0,1342
2021-06-15 03:45:00,40576.0,1343
2021-06-15 12:45:00,40434.0,1344
2021-06-15 18:00:00,41300.0,1345
2021-06-15 23:15:00,40341.0,1346
2021-06-16 06:15:00,40471.5,1347
2021-06-16 18:00:00,39691.0,1348
2021-06-17 09:45:00,39532.5,1349
2021-06-17 15:45:00,39167.5,1350
2021-06-18 00:15:00,38223.0,1351
2021-06-18 04:30:00,38100.0,1352
2021-06-18 11:00:00,38006.0,1353
2021-06-19 01:15:00,36270.0,1354
2021-06-19 08:30:00,35911.0,1355
2021-06-19 12:15:00,36425.0,1356
2021-06-19 15:00:00,36318.5,1357
2021-06-19 20:45:00,36155.5,1358
2021-06-20 05:15:00,35889.0,1359
2021-06-20 20:30:00,36149.0,1360
2021-06-21 09:00:00,33529.0,1361
2021-06-21 14:00:00,33189.0,1362
2021-06-21 18:45:00,32898.0,1363
2021-06-22 03:30:00,33232.0,1364
2021-06-23 01:00:00,34372.0,1365
2021-06-23 06:00:00,34355.5,1366
2021-06-23 13:00:00,34794.5,1367
2021-06-23 21:15:00,33737.0,1368
2021-06-24 00:00:00,33836.5,1369
2021-06-24 12:00:00,34225.0,1370
2021-06-24 18:00:00,35300.0,1371
2021-06-25 02:15:00,35466.0,1372
2021-06-25 19:15:00,32482.0,1373
2021-06-26 00:30:00,32182.0,1374
2021-06-26 05:00:00,32700.0,1375
2021-06-26 12:15:00,31975.0,1376
2021-06-26 18:00:00,31888.0,1377
2021-06-27 04:00:00,33297.0,1378
2021-06-27 07:45:00,33400.0,1379
2021-06-27 12:30:00,33549.0,1380
2021-06-27 16:00:00,33372.0,1381
2021-06-28 00:30:00,34976.0,1382
2021-06-28 07:45:00,35223.0,1383
2021-06-28 16:00:00,34981.0,1384
2021-06-28 21:45:00,34794.0,1385
2021-06-29 00:30:00,35142.5,1386
2021-06-29 07:00:00,35400.0,1387
2021-06-29 17:30:00,36573.0,1388
2021-06-30 08:30:00,35320.0,1389
2021-06-30 12:00:00,34986.5,1390
2021-06-30 20:00:00,35050.5,1391
2021-06-30 23:45:00,35173.5,1392
2021-07-01 06:00:00,34450.0,1393
2021-07-01 12:30:00,33800.5,1394
2021-07-01 18:45:00,33623.0,1395
2021-07-02 00:00:00,33924.0,1396
2021-07-02 08:15:00,33570.0,1397
2021-07-02 16:15:00,33751.5,1398
2021-07-03 00:00:00,33863.5,1399
2021-07-03 09:00:00,34746.0,1400
2021-07-03 12:00:00,34780.0,1401
2021-07-03 17:30:00,34900.0,1402
2021-07-03 21:45:00,34865.5,1403
2021-07-04 07:45:00,35662.5,1404
2021-07-04 10:45:00,35596.5,1405
2021-07-04 16:15:00,35650.0,1406
2021-07-04 21:45:00,35940.0,1407
2021-07-05 10:45:00,34539.0,1408
2021-07-05 15:00:00,33722.0,1409
2021-07-05 19:15:00,34240.0,1410
2021-07-06 08:45:00,35061.5,1411
2021-07-06 13:00:00,34466.0,1412
2021-07-06 19:45:00,34155.0,1413
2021-07-07 00:00:00,34366.0,1414
2021-07-07 08:00:00,34914.0,1415
2021-07-07 12:30:00,35036.0,1416
2021-07-07 18:00:00,34767.0,1417
2021-07-08 06:15:00,33478.0,1418
2021-07-08 12:30:00,32945.0,1419
2021-07-08 17:00:00,32976.0,1420
2021-07-08 19:45:00,33163.0,1421
2021-07-09 05:15:00,33267.5,1422
2021-07-09 09:30:00,33038.0,1423
2021-07-09 16:00:00,33658.0,1424
2021-07-10 00:30:00,34230.5,1425
2021-07-10 04:30:00,33891.5,1426
2021-07-10 08:45:00,33910.5,1427
2021-07-10 12:15:00,33917.5,1428
2021-07-10 16:30:00,34150.5,1429
2021-07-11 00:15:00,33785.0,1430
2021-07-11 05:30:00,33619.0,1431
2021-07-11 09:15:00,33832.0,1432
2021-07-11 16:30:00,34059.5,1433
2021-07-11 22:00:00,34540.0,1434
2021-07-12 04:15:00,34620.0,1435
2021-07-12 07:15:00,34457.0,1436
2021-07-12 19:00:00,33376.5,1437
2021-07-12 23:45:00,33283.0,1438
2021-07-13 03:30:00,33190.0,1439
2021-07-13 07:15:00,33306.0,1440
2021-07-13 10:00:00,33312.0,1441
2021-07-13 17:00:00,32925.5,1442
2021-07-14 00:00:00,32797.0,1443
2021-07-14 10:15:00,32676.0,1444
2021-07-14 14:00:00,32925.0,1445
2021-07-14 18:30:00,33082.5,1446
2021-07-15 01:00:00,33145.5,1447
2021-07-15 09:15:00,32605.0,1448
2021-07-16 02:00:00,32028.0,1449
2021-07-16 16:30:00,32200.0,1450
2021-07-17 08:45:00,31914.0,1451
2021-07-17 16:30:00,31832.0,1452
2021-07-17 19:45:00,31888.5,1453
2021-07-18 01:30:00,32380.0,1454
2021-07-18 17:45:00,31754.5,1455
2021-07-18 22:00:00,31888.5,1456
2021-07-19 05:45:00,31849.0,1457
2021-07-20 00:15:00,31032.0,1458
2021-07-20 07:45:00,29842.5,1459
2021-07-20 15:30:00,29947.0,1460
2021-07-20 20:15:00,29940.5,1461
2021-07-20 23:45:00,29860.0,1462
2021-07-21 18:00:00,32840.0,1463
2021-07-22 00:30:00,32344.0,1464
2021-07-22 07:00:00,32261.0,1465
2021-07-22 15:45:00,32540.0,1466
2021-07-23 01:45:00,32735.0,1467
2021-07-23 05:30:00,32874.0,1468
2021-07-23 13:45:00,32569.0,1469
2021-07-24 00:00:00,33775.5,1470
2021-07-24 07:00:00,33870.0,1471
2021-07-24 11:15:00,34010.0,1472
2021-07-24 17:00:00,34437.5,1473
2021-07-25 00:15:00,34360.5,1474
2021-07-25 08:15:00,34760.0,1475
2021-07-25 19:30:00,34562.0,1476
2021-07-26 01:00:00,39952.5,1477
2021-07-26 06:30:00,39299.0,1478
2021-07-26 12:30:00,38877.0,1479
2021-07-26 19:15:00,40555.0,1480
2021-07-27 13:30:00,38745.0,1481
2021-07-28 03:30:00,40333.0,1482
2021-07-28 11:30:00,40874.0,1483
2021-07-28 19:00:00,40653.0,1484
2021-07-29 00:00:00,40278.0,1485
2021-07-29 05:30:00,40240.0,1486
2021-07-29 09:45:00,40602.0,1487
2021-07-29 15:00:00,40179.0,1488
2021-07-29 23:30:00,40378.5,1489
2021-07-30 07:30:00,39880.0,1490
2021-07-30 16:15:00,39208.0,1491
2021-07-30 20:45:00,42000.0,1492
2021-07-31 00:00:00,42421.5,1493
2021-07-31 09:15:00,41985.0,1494
2021-07-31 15:45:00,41686.0,1495
2021-07-31 20:30:00,42091.0,1496
2021-08-01 03:45:00,42600.0,1497
2021-08-01 09:30:00,41946.0,1498
2021-08-01 19:30:00,41500.0,1499
2021-08-02 07:00:00,40450.0,1500
2021-08-02 16:15:00,40000.0,1501
2021-08-03 00:45:00,39780.0,1502
2021-08-03 10:30:00,38800.0,1503
2021-08-03 14:30:00,38688.5,1504
2021-08-03 23:00:00,38700.0,1505
2021-08-04 21:00:00,39952.0,1506
2021-08-05 19:15:00,41346.5,1507
2021-08-06 06:15:00,41240.0,1508
2021-08-06 12:15:00,41041.5,1509
2021-08-06 17:45:00,43481.5,1510
2021-08-07 04:00:00,43929.0,1511
2021-08-07 12:15:00,44577.0,1512
2021-08-07 16:45:00,43827.5,1513
2021-08-08 00:00:00,44839.0,1514
2021-08-08 06:30:00,45319.5,1515
2021-08-08 13:00:00,45189.5,1516
2021-08-08 22:15:00,44651.0,1517
2021-08-09 05:00:00,43726.5,1518
2021-08-09 14:00:00,46386.0,1519
2021-08-09 18:30:00,46465.0,1520
2021-08-10 00:00:00,46737.5,1521
2021-08-10 08:45:00,46264.0,1522
2021-08-10 13:30:00,46120.0,1523
2021-08-10 21:15:00,45981.5,1524
2021-08-11 02:00:00,45988.0,1525
2021-08-11 08:00:00,46586.0,1526
2021-08-11 15:30:00,46728.5,1527
2021-08-11 20:15:00,46645.0,1528
2021-08-12 10:15:00,45633.0,1529
2021-08-12 21:00:00,44560.0,1530
2021-08-13 13:15:00,46635.0,1531
2021-08-13 20:15:00,47956.0,1532
2021-08-13 23:45:00,47850.0,1533
2021-08-14 09:30:00,48280.5,1534
2021-08-14 16:00:00,47015.0,1535
2021-08-14 19:30:00,47450.0,1536
2021-08-15 01:30:00,47382.0,1537
2021-08-15 14:00:00,46540.5,1538
2021-08-16 02:45:00,48341.0,1539
2021-08-16 06:00:00,47744.0,1540
2021-08-16 12:00:00,47720.0,1541
2021-08-16 18:15:00,46691.0,1542
2021-08-17 03:30:00,46630.0,1543
2021-08-17 11:30:00,47300.0,1544
2021-08-17 18:00:00,46223.0,1545
2021-08-18 06:15:00,45490.0,1546
2021-08-18 10:00:00,45585.0,1547
2021-08-18 18:00:00,46000.0,1548
2021-08-19 01:45:00,45200.0,1549
2021-08-19 08:00:00,45000.0,1550
2021-08-19 20:00:00,46898.0,1551
2021-08-20 00:15:00,47420.0,1552
2021-08-20 10:30:00,47355.0,1553
2021-08-20 16:30:00,49137.0,1554
2021-08-20 21:45:00,49479.5,1555
2021-08-21 08:00:00,49100.5,1556
2021-08-21 13:00:00,49449.0,1557
2021-08-21 17:45:00,49800.0,1558
2021-08-21 23:00:00,49369.5,1559
2021-08-22 06:30:00,49250.0,1560
2021-08-22 10:15:00,49443.5,1561
2021-08-23 03:30:00,50428.5,1562
2021-08-23 10:15:00,50490.0,1563
2021-08-23 23:15:00,49747.5,1564
2021-08-24 07:00:00,49840.0,1565
2021-08-24 10:15:00,49820.0,1566
2021-08-24 19:45:00,48478.0,1567
2021-08-25 02:45:00,48322.0,1568
2021-08-25 06:00:00,48608.0,1569
2021-08-25 19:00:00,49157.0,1570
2021-08-25 22:00:00,49230.0,1571
2021-08-26 00:45:00,49338.5,1572
2021-08-26 12:15:00,47443.0,1573
2021-08-27 01:30:00,47655.0,1574
2021-08-27 08:00:00,47539.0,1575
2021-08-27 15:00:00,48411.0,1576
2021-08-27 20:30:00,49144.0,1577
2021-08-28 00:45:00,49275.5,1578
2021-08-28 12:45:00,48963.0,1579
2021-08-28 16:30:00,49180.0,1580
2021-08-29 00:45:00,49710.5,1581
2021-08-29 10:00:00,48670.0,1582
2021-08-29 22:30:00,49365.0,1583
2021-08-31 04:30:00,47310.0,1584
2021-08-31 08:30:00,47950.0,1585
2021-08-31 14:00:00,48233.0,1586
2021-08-31 23:30:00,47403.0,1587
2021-09-01 12:15:00,47817.5,1588
2021-09-01 17:45:00,49096.0,1589
2021-09-02 02:15:00,49871.0,1590
2021-09-02 07:15:00,50300.0,1591
2021-09-02 14:00:00,50400.0,1592
2021-09-02 21:45:00,49885.0,1593
2021-09-03 04:45:00,49749.0,1594
2021-09-03 14:30:00,51037.5,1595
2021-09-04 10:00:00,50552.0,1596
2021-09-04 22:00:00,50279.0,1597
2021-09-05 02:30:00,50281.0,1598
2021-09-05 11:15:00,50394.5,1599
2021-09-05 14:30:00,50418.0,1600
2021-09-05 21:00:00,51859.5,1601
2021-09-06 07:45:00,52001.0,1602
2021-09-06 11:15:00,52286.0,1603
2021-09-06 16:00:00,51734.0,1604
2021-09-06 23:30:00,52753.5,1605
2021-09-07 03:15:00,52858.0,1606
2021-09-08 02:15:00,47330.0,1607
2021-09-08 13:30:00,46891.0,1608
2021-09-08 16:45:00,46541.0,1609
2021-09-08 22:45:00,46751.0,1610
2021-09-09 08:15:00,46520.5,1611
2021-09-09 13:15:00,47208.5,1612
2021-09-09 16:45:00,47428.0,1613
2021-09-10 01:30:00,47043.0,1614
2021-09-10 12:00:00,46478.0,1615
2021-09-10 18:15:00,45850.0,1616
2021-09-11 01:45:00,45499.0,1617
2021-09-11 04:30:00,45466.5,1618
2021-09-11 12:15:00,45780.5,1619
2021-09-11 16:30:00,45971.5,1620
2021-09-12 04:30:00,45491.5,1621
2021-09-12 09:00:00,46178.5,1622
2021-09-12 13:30:00,46248.5,1623
2021-09-12 16:30:00,46096.0,1624
2021-09-12 20:00:00,46183.5,1625
2021-09-12 23:00:00,46460.0,1626
2021-09-13 13:45:00,46900.0,1627
2021-09-13 21:00:00,45518.0,1628
2021-09-14 00:15:00,45365.0,1629
2021-09-14 09:00:00,46190.0,1630
2021-09-14 15:15:00,46871.5,1631
2021-09-15 01:00:00,47400.0,1632
2021-09-15 10:30:00,47666.5,1633
2021-09-15 16:15:00,48369.5,1634
2021-09-15 23:15:00,48447.0,1635
2021-09-16 04:45:00,48435.0,1636
2021-09-16 15:15:00,48222.0,1637
2021-09-17 01:30:00,48064.0,1638
2021-09-17 05:00:00,48108.0,1639
2021-09-17 20:00:00,47570.0,1640
2021-09-18 05:45:00,48800.0,1641
2021-09-18 09:15:00,48730.0,1642
2021-09-18 12:15:00,48648.5,1643
2021-09-18 15:30:00,48528.5,1644
2021-09-18 23:15:00,48350.5,1645
2021-09-19 09:00:00,48300.5,1646
2021-09-19 15:30:00,47744.0,1647
2021-09-19 18:30:00,47787.0,1648
2021-09-20 10:15:00,45277.0,1649
2021-09-20 17:30:00,44254.5,1650
2021-09-21 02:45:00,43060.0,1651
2021-09-21 10:45:00,43600.0,1652
2021-09-21 15:30:00,43322.0,1653
2021-09-22 03:15:00,42370.0,1654
2021-09-22 07:45:00,42700.0,1655
2021-09-22 18:15:00,43970.0,1656
2021-09-22 21:30:00,43899.0,1657
2021-09-23 06:45:00,44400.0,1658
2021-09-23 14:15:00,44188.0,1659
2021-09-23 17:45:00,44908.0,1660
2021-09-23 22:45:00,45006.0,1661
2021-09-24 07:45:00,45080.0,1662
2021-09-24 14:30:00,42703.0,1663
2021-09-24 21:30:00,43185.0,1664
2021-09-25 04:00:00,42883.5,1665
2021-09-25 10:00:00,42950.0,1666
2021-09-25 18:00:00,42800.0,1667
2021-09-26 09:45:00,43913.0,1668
2021-09-26 16:00:00,43500.0,1669
2021-09-26 22:00:00,43984.0,1670
2021-09-27 01:30:00,44343.5,1671
2021-09-27 05:15:00,44179.0,1672
2021-09-27 09:15:00,44100.0,1673
2021-09-27 14:30:00,44085.0,1674
2021-09-27 22:30:00,43395.0,1675
2021-09-28 04:15:00,42730.0,1676
2021-09-28 13:00:00,42590.5,1677
2021-09-28 20:15:00,41988.0,1678
2021-09-29 04:00:00,42434.5,1679
2021-09-29 06:45:00,42490.0,1680
2021-09-29 12:15:00,42550.0,1681
2021-09-30 04:00:00,43794.0,1682
2021-09-30 12:45:00,43773.0,1683
2021-09-30 19:00:00,44100.0,1684
2021-10-01 00:30:00,43990.0,1685
2021-10-01 10:30:00,47949.5,1686
2021-10-01 22:00:00,48440.0,1687
2021-10-02 06:30:00,47889.0,1688
2021-10-02 09:30:00,47866.0,1689
2021-10-02 13:45:00,48315.0,1690
2021-10-02 22:00:00,48261.0,1691
2021-10-03 05:30:00,48055.0,1692
2021-10-03 13:30:00,48133.5,1693
2021-10-03 17:45:00,49357.0,1694
2021-10-04 01:15:00,48336.0,1695
2021-10-04 05:00:00,47830.0,1696
2021-10-04 08:00:00,47960.5,1697
2021-10-04 17:45:00,49500.0,1698
2021-10-05 00:30:00,49790.0,1699
2021-10-05 10:15:00,50350.0,1700
2021-10-05 14:00:00,50320.0,1701
2021-10-05 21:30:00,51908.0,1702
2021-10-06 02:30:00,51557.5,1703
2021-10-06 05:15:00,51800.0,1704
2021-10-06 13:00:00,56413.0,1705
2021-10-06 23:00:00,55800.0,1706
2021-10-07 04:30:00,55260.5,1707
2021-10-07 13:30:00,54747.0,1708
2021-10-07 22:00:00,54648.0,1709
2021-10-08 02:00:00,54436.5,1710
2021-10-08 08:30:00,56250.0,1711
2021-10-08 20:00:00,54778.0,1712
2021-10-09 06:15:00,55239.0,1713
2021-10-09 13:45:00,55550.0,1714
2021-10-09 18:00:00,55167.5,1715
2021-10-09 23:45:00,55218.5,1716
2021-10-10 05:00:00,56145.0,1717
2021-10-10 08:30:00,55950.0,1718
2021-10-10 15:45:00,55582.0,1719
2021-10-10 20:15:00,56666.0,1720
2021-10-11 03:45:00,56799.5,1721
2021-10-11 07:30:00,57100.0,1722
2021-10-11 16:15:00,57800.0,1723
2021-10-11 19:45:00,57881.0,1724
2021-10-11 23:45:00,57540.0,1725
2021-10-12 05:45:00,57833.5,1726
2021-10-12 13:15:00,57470.0,1727
2021-10-13 01:00:00,56696.0,1728
2021-10-13 17:00:00,57240.0,1729
2021-10-13 22:00:00,57799.5,1730
2021-10-14 02:15:00,58653.0,1731
2021-10-14 11:15:00,58200.0,1732
2021-10-14 15:15:00,57859.0,1733
2021-10-14 18:45:00,58135.0,1734
2021-10-15 05:15:00,60371.5,1735
2021-10-15 20:15:00,63801.0,1736
2021-10-16 05:15:00,62419.5,1737
2021-10-16 11:45:00,61843.5,1738
2021-10-16 21:00:00,61410.0,1739
2021-10-17 01:30:00,61500.0,1740
2021-10-17 10:30:00,61492.5,1741
2021-10-17 17:45:00,61104.5,1742
2021-10-18 01:00:00,62620.0,1743
2021-10-18 07:30:00,62769.0,1744
2021-10-18 16:15:00,62400.0,1745
2021-10-19 03:15:00,63050.0,1746
2021-10-19 13:30:00,63319.5,1747
2021-10-19 20:30:00,64391.0,1748
2021-10-19 23:45:00,64480.0,1749
2021-10-20 08:30:00,64288.0,1750
2021-10-20 14:45:00,67210.0,1751
2021-10-20 19:00:00,66790.0,1752
2021-10-20 23:00:00,66272.0,1753
2021-10-21 09:30:00,66726.0,1754
2021-10-21 19:30:00,63550.0,1755
2021-10-22 03:30:00,63396.5,1756
2021-10-22 09:00:00,63774.0,1757
2021-10-22 13:00:00,63700.0,1758
2021-10-22 20:00:00,61271.0,1759
2021-10-23 04:15:00,61555.0,1760
2021-10-23 08:15:00,61150.5,1761
2021-10-23 11:30:00,61809.0,1762
2021-10-23 16:00:00,61670.0,1763
2021-10-24 00:00:00,61521.0,1764
2021-10-24 03:15:00,61311.5,1765
2021-10-24 09:15:00,61333.0,1766
2021-10-24 21:00:00,61343.0,1767
2021-10-25 03:00:00,62300.0,1768
2021-10-25 08:00:00,62969.0,1769
2021-10-25 16:45:00,63750.5,1770
2021-10-25 21:00:00,63539.0,1771
2021-10-26 00:15:00,63301.5,1772
2021-10-26 08:15:00,63161.0,1773
2021-10-26 11:00:00,63117.5,1774
2021-10-26 15:45:00,62808.5,1775
2021-10-27 04:30:00,61520.0,1776
2021-10-27 14:45:00,59479.0,1777
2021-10-27 20:00:00,59684.0,1778
2021-10-28 04:00:00,59237.0,1779
2021-10-28 09:45:00,61310.0,1780
2021-10-28 13:30:00,61900.0,1781
2021-10-28 20:00:00,62664.5,1782
2021-10-29 01:15:00,62149.0,1783
2021-10-29 16:15:00,62988.5,1784
2021-10-29 20:00:00,62715.5,1785
2021-10-30 13:30:00,62277.5,1786
2021-10-30 20:30:00,61958.0,1787
2021-10-31 17:15:00,60991.0,1788
2021-11-01 01:00:00,61771.0,1789
2021-11-01 07:15:00,62450.0,1790
2021-11-01 11:00:00,62536.5,1791
2021-11-01 19:45:00,61471.0,1792
2021-11-02 01:15:00,61616.5,1793
2021-11-02 06:00:00,61850.0,1794
2021-11-02 10:15:00,63652.0,1795
2021-11-02 15:45:00,64258.5,1796
2021-11-03 00:45:00,63600.0,1797
2021-11-03 07:45:00,63546.0,1798
2021-11-03 19:00:00,63448.5,1799
2021-11-04 04:30:00,62899.0,1800
2021-11-04 14:00:00,62392.5,1801
2021-11-04 20:15:00,61580.0,1802
2021-11-05 03:15:00,62321.0,1803
2021-11-05 06:15:00,62643.5,1804
2021-11-05 13:30:00,61961.0,1805
2021-11-05 18:45:00,61468.5,1806
2021-11-05 22:15:00,61400.0,1807
2021-11-06 06:00:00,61600.0,1808
2021-11-07 01:00:00,62343.5,1809
2021-11-07 04:00:00,62299.5,1810
2021-11-07 10:00:00,62370.5,1811
2021-11-07 13:15:00,62200.0,1812
2021-11-08 01:00:00,65690.5,1813
2021-11-08 07:00:00,66434.5,1814
2021-11-08 15:45:00,66700.0,1815
2021-11-08 23:15:00,68000.0,1816
2021-11-09 09:45:00,68250.0,1817
2021-11-09 13:45:00,68165.5,1818
2021-11-09 21:45:00,67822.0,1819
2021-11-10 10:15:00,67180.5,1820
2021-11-10 14:15:00,69138.5,1821
2021-11-11 09:15:00,65594.0,1822
2021-11-11 14:30:00,65495.0,1823
2021-11-11 22:30:00,65330.5,1824
2021-11-12 02:15:00,65465.0,1825
2021-11-12 08:45:00,64956.5,1826
2021-11-12 20:00:00,64595.5,1827
2021-11-13 00:00:00,64444.5,1828
2021-11-13 07:45:00,64200.0,1829
2021-11-13 16:00:00,65142.5,1830
2021-11-14 00:15:00,65375.0,1831
2021-11-14 06:00:00,65200.0,1832
2021-11-14 13:30:00,64800.0,1833
2021-11-14 18:00:00,64450.0,1834
2021-11-15 00:00:00,66200.0,1835
2021-11-15 05:15:00,65915.0,1836
2021-11-15 09:00:00,66383.0,1837
2021-11-16 09:00:00,61370.0,1838
2021-11-16 14:45:00,61428.0,1839
2021-11-16 22:30:00,61159.5,1840
2021-11-17 07:45:00,60155.0,1841
2021-11-17 11:45:00,60930.5,1842
2021-11-18 01:30:00,61097.0,1843
2021-11-18 11:00:00,59975.0,1844
2021-11-18 20:45:00,58470.0,1845
2021-11-19 09:15:00,57509.0,1846
2021-11-19 16:45:00,58307.5,1847
2021-11-20 02:15:00,58968.0,1848
2021-11-20 06:30:00,58844.0,1849
2021-11-20 12:15:00,58839.0,1850
2021-11-20 18:45:00,59686.0,1851
2021-11-20 23:45:00,59863.5,1852
2021-11-21 06:45:00,59272.5,1853
2021-11-21 11:00:00,59363.5,1854
2021-11-21 17:00:00,60047.5,1855
2021-11-21 20:45:00,59693.5,1856
2021-11-22 09:00:00,57865.0,1857
2021-11-22 13:30:00,59692.0,1858
2021-11-23 03:00:00,57293.0,1859
2021-11-23 10:15:00,57748.5,1860
2021-11-23 15:00:00,57740.0,1861
2021-11-23 19:45:00,57902.0,1862
2021-11-24 08:30:00,57472.0,1863
2021-11-24 13:00:00,56921.0,1864
2021-11-24 15:45:00,57193.0,1865
2021-11-24 21:00:00,57495.0,1866
2021-11-25 00:45:00,58330.0,1867
2021-11-25 16:00:00,59440.5,1868
2021-11-25 23:00:00,59337.0,1869
2021-11-26 14:30:00,54881.5,1870
2021-11-27 00:30:00,54650.0,1871
2021-11-27 03:30:00,54611.5,1872
2021-11-27 08:30:00,55298.5,1873
2021-11-27 14:15:00,55218.5,1874
2021-11-27 20:00:00,55075.0,1875
2021-11-28 10:45:00,54975.0,1876
2021-11-29 01:00:00,58250.0,1877
2021-11-29 07:30:00,57674.5,1878
2021-11-29 13:30:00,57522.5,1879
2021-11-29 18:15:00,58871.5,1880
2021-11-29 21:45:00,58444.0,1881
2021-11-30 08:45:00,57480.0,1882
2021-11-30 15:30:00,59200.0,1883
2021-11-30 18:45:00,58414.0,1884
2021-12-01 00:45:00,57697.5,1885
2021-12-01 08:30:00,57842.0,1886
2021-12-01 16:15:00,59073.0,1887
2021-12-02 01:30:00,57390.5,1888
2021-12-02 08:30:00,57200.0,1889
2021-12-02 15:00:00,57375.0,1890
2021-12-02 20:30:00,57200.0,1891
2021-12-03 05:45:00,57066.5,1892
2021-12-03 10:00:00,57371.0,1893
2021-12-03 13:30:00,57690.0,1894
2021-12-04 15:00:00,48522.0,1895
2021-12-05 00:00:00,49716.0,1896
2021-12-05 07:00:00,49631.5,1897
2021-12-05 12:15:00,49622.0,1898
2021-12-05 18:00:00,49351.0,1899
2021-12-05 23:00:00,49481.5,1900
2021-12-06 04:15:00,49230.0,1901
2021-12-06 08:00:00,49445.5,1902
2021-12-06 11:45:00,48900.0,1903
2021-12-06 22:00:00,50900.0,1904
2021-12-07 01:15:00,51515.5,1905
2021-12-07 09:00:00,51487.0,1906
2021-12-07 12:00:00,51506.0,1907
2021-12-07 15:45:00,51923.5,1908
2021-12-08 01:00:00,50788.5,1909
2021-12-08 06:45:00,50662.0,1910
2021-12-08 15:15:00,51232.5,1911
2021-12-08 19:30:00,50833.0,1912
2021-12-09 07:30:00,50388.5,1913
2021-12-09 12:15:00,49669.0,1914
2021-12-10 02:15:00,48800.0,1915
2021-12-10 13:30:00,50149.5,1916
2021-12-10 21:00:00,48550.0,1917
2021-12-11 00:30:00,48475.0,1918
2021-12-11 03:15:00,48684.0,1919
2021-12-11 06:00:00,48970.0,1920
2021-12-11 13:00:00,48901.0,1921
2021-12-11 16:15:00,49249.0,1922
2021-12-12 00:15:00,49684.0,1923
2021-12-12 14:00:00,49900.0,1924
2021-12-12 17:00:00,50790.0,1925
2021-12-13 05:45:00,49295.0,1926
2021-12-13 12:15:00,48976.5,1927
2021-12-13 22:00:00,47297.5,1928
2021-12-14 04:15:00,47150.0,1929
2021-12-14 08:45:00,47485.0,1930
2021-12-14 12:15:00,47920.0,1931
2021-12-14 21:00:00,48826.5,1932
2021-12-15 00:15:00,48747.0,1933
2021-12-15 04:15:00,48417.5,1934
2021-12-15 08:30:00,48773.0,1935
2021-12-15 20:15:00,49504.5,1936
2021-12-16 00:45:00,49286.5,1937
2021-12-16 07:15:00,49083.5,1938
2021-12-16 11:30:00,49450.0,1939
2021-12-16 20:15:00,48426.5,1940
2021-12-17 01:15:00,47982.5,1941
2021-12-17 05:00:00,47952.5,1942
2021-12-17 12:15:00,47342.5,1943
2021-12-17 16:30:00,47450.0,1944
2021-12-17 21:30:00,47185.0,1945
2021-12-18 05:30:00,46907.0,1946
2021-12-18 11:00:00,47321.5,1947
2021-12-18 15:15:00,47202.5,1948
2021-12-18 22:00:00,47098.5,1949
2021-12-19 04:30:00,48136.5,1950
2021-12-19 14:00:00,48390.0,1951
2021-12-19 22:45:00,47650.0,1952
2021-12-20 05:00:00,47046.0,1953
2021-12-20 21:15:00,47499.0,1954
2021-12-21 04:30:00,48828.5,1955
2021-12-21 08:00:00,49318.0,1956
2021-12-21 12:30:00,49299.0,1957
2021-12-21 17:15:00,48863.5,1958
2021-12-22 02:30:00,49586.0,1959
2021-12-22 08:30:00,49500.0,1960
2021-12-22 16:00:00,49251.5,1961
2021-12-22 20:45:00,49100.0,1962
2021-12-23 02:15:00,48750.5,1963
2021-12-23 13:00:00,48850.0,1964
2021-12-23 19:45:00,51431.5,1965
2021-12-24 02:00:00,51555.0,1966
2021-12-24 11:15:00,51450.0,1967
2021-12-24 18:45:00,51980.0,1968
2021-12-25 02:30:00,51069.0,1969
2021-12-25 07:30:00,51040.5,1970
2021-12-25 12:30:00,50888.0,1971
2021-12-25 18:30:00,51149.0,1972
2021-12-25 21:30:00,51081.5,1973
2021-12-26 09:45:00,50173.5,1974
2021-12-26 22:30:00,51294.0,1975
2021-12-27 03:45:00,51090.0,1976
2021-12-27 14:15:00,51812.0,1977
2021-12-27 17:45:00,52119.0,1978
2021-12-28 09:00:00,49409.5,1979
2021-12-28 12:30:00,49345.5,1980
2021-12-29 03:00:00,48137.0,1981
2021-12-29 09:45:00,48118.0,1982
2021-12-29 15:00:00,48040.0,1983
2021-12-30 04:15:00,46924.5,1984
2021-12-30 08:00:00,47234.0,1985
2021-12-30 12:15:00,47685.0,1986
2021-12-30 18:45:00,47920.5,1987
2021-12-31 00:00:00,47400.0,1988
2021-12-31 08:45:00,48554.0,1989
2021-12-31 14:30:00,48136.5,1990
2022-01-01 01:15:00,46929.5,1991
2022-01-01 05:30:00,47552.0,1992
2022-01-01 08:15:00,47351.5,1993
2022-01-01 17:45:00,47915.5,1994
2022-01-01 23:45:00,47845.0,1995
2022-01-02 09:15:00,47552.0,1996
2022-01-02 12:30:00,47436.5,1997
2022-01-02 17:00:00,48000.0,1998
2022-01-02 23:30:00,47477.5,1999
2022-01-03 05:30:00,47199.0,2000
2022-01-03 12:15:00,47576.5,2001
2022-01-04 00:15:00,46608.0,2002
2022-01-04 08:00:00,46700.0,2003
2022-01-04 15:00:00,47475.0,2004
2022-01-05 03:15:00,46566.5,2005
2022-01-05 10:00:00,47060.0,2006
2022-01-05 14:30:00,46826.5,2007
2022-01-06 01:15:00,43795.0,2008
2022-01-06 14:30:00,43220.0,2009
2022-01-06 20:00:00,43549.0,2010
2022-01-07 08:15:00,43260.0,2011
2022-01-07 13:30:00,42774.0,2012
2022-01-07 16:45:00,42404.5,2013
2022-01-07 20:45:00,42043.0,2014
2022-01-08 01:00:00,42242.0,2015
2022-01-08 04:30:00,41973.5,2016
2022-01-08 13:45:00,42100.0,2017
2022-01-09 02:45:00,42136.0,2018
2022-01-09 08:00:00,41943.0,2019
2022-01-09 11:00:00,42000.0,2020
2022-01-09 20:00:00,42771.0,2021
2022-01-10 17:00:00,42121.5,2022
2022-01-10 21:00:00,41972.0,2023
2022-01-11 04:45:00,42380.0,2024
2022-01-11 08:15:00,42700.0,2025
2022-01-11 17:00:00,43100.0,2026
2022-01-11 19:45:00,43163.0,2027
2022-01-12 00:00:00,42938.5,2028
2022-01-12 06:30:00,42830.0,2029
2022-01-12 13:45:00,44209.0,2030
2022-01-12 18:00:00,43857.5,2031
2022-01-12 21:15:00,44450.0,2032
2022-01-13 10:00:00,43995.0,2033
2022-01-13 14:30:00,44366.5,2034
2022-01-14 06:15:00,42936.0,2035
2022-01-14 15:15:00,43300.0,2036
2022-01-14 19:30:00,43704.5,2037
2022-01-15 10:15:00,43289.0,2038
2022-01-15 20:15:00,43779.5,2039
2022-01-16 08:00:00,43295.0,2040
2022-01-16 16:15:00,43455.0,2041
2022-01-16 22:45:00,43227.5,2042
2022-01-17 07:00:00,42929.0,2043
2022-01-17 09:45:00,42879.0,2044
2022-01-18 01:00:00,42395.5,2045
2022-01-18 06:45:00,42304.0,2046
2022-01-18 15:30:00,41890.0,2047
2022-01-18 22:30:00,42650.0,2048
2022-01-19 02:15:00,42484.5,2049
2022-01-19 14:45:00,42546.0,2050
2022-01-20 03:00:00,42048.5,2051
2022-01-20 16:00:00,43482.0,2052
2022-01-20 19:00:00,43380.5,2053
2022-01-21 08:00:00,39273.0,2054
2022-01-21 16:15:00,39034.0,2055
2022-01-22 10:30:00,35901.0,2056
2022-01-22 13:15:00,36189.0,2057
2022-01-22 21:45:00,35738.0,2058
2022-01-23 01:30:00,35498.0,2059
2022-01-23 09:30:00,36143.0,2060
2022-01-23 14:00:00,36028.5,2061
2022-01-23 23:00:00,36613.0,2062
2022-01-24 08:45:00,35572.5,2063
2022-01-24 20:45:00,37550.0,2064
2022-01-25 03:45:00,36488.0,2065
2022-01-25 10:15:00,36767.0,2066
2022-01-25 18:15:00,37500.0,2067
2022-01-26 05:45:00,37967.0,2068
2022-01-26 11:00:00,38200.0,2069
2022-01-26 14:15:00,38469.0,2070
2022-01-26 19:00:00,38888.0,2071
2022-01-27 00:15:00,37049.0,2072
2022-01-27 14:30:00,37223.0,2073
2022-01-28 00:00:00,37430.0,2074
2022-01-28 03:15:00,37432.5,2075
2022-01-28 06:30:00,37497.5,2076
2022-01-28 16:15:00,37342.5,2077
2022-01-28 21:45:00,37964.0,2078
2022-01-29 04:45:00,37885.5,2079
2022-01-29 07:45:00,37900.0,2080
2022-01-29 14:00:00,38150.0,2081
2022-01-29 21:00:00,38769.0,2082
2022-01-30 05:00:00,38358.0,2083
2022-01-30 08:00:00,38341.0,2084
2022-01-30 11:15:00,38230.0,2085
2022-01-30 16:00:00,38058.0,2086
2022-01-30 23:00:00,38200.0,2087
2022-01-31 19:15:00,38771.0,2088
2022-01-31 22:30:00,38700.0,2089
2022-02-01 03:45:00,38631.0,2090
2022-02-01 09:00:00,39097.0,2091
2022-02-01 16:45:00,39250.0,2092
2022-02-01 23:30:00,38857.5,2093
2022-02-02 03:15:00,38715.0,2094
2022-02-02 12:45:00,38707.5,2095
2022-02-02 19:30:00,37641.0,2096
2022-02-03 08:00:00,37066.0,2097
2022-02-03 16:00:00,37190.0,2098
2022-02-03 23:45:00,37425.0,2099
2022-02-04 07:00:00,38160.0,2100
2022-02-04 10:00:00,38338.0,2101
2022-02-04 19:45:00,41010.5,2102
2022-02-05 00:30:00,41918.0,2103
2022-02-05 06:30:00,41696.0,2104
2022-02-05 10:00:00,41636.0,2105
2022-02-05 15:30:00,41847.0,2106
2022-02-05 21:15:00,41730.0,2107
2022-02-06 01:45:00,41606.0,2108
2022-02-06 07:45:00,41682.0,2109
2022-02-06 14:30:00,42240.0,2110
2022-02-06 17:30:00,41699.5,2111
2022-02-06 23:45:00,42638.5,2112
2022-02-07 05:15:00,42990.0,2113
2022-02-07 18:00:00,44500.0,2114
2022-02-08 06:15:00,45500.0,2115
2022-02-08 21:00:00,44360.0,2116
2022-02-09 07:45:00,44000.0,2117
2022-02-09 13:00:00,44448.0,2118
2022-02-09 20:30:00,44808.0,2119
2022-02-10 11:30:00,45153.0,2120
2022-02-10 17:15:00,45924.5,2121
2022-02-11 09:15:00,43582.0,2122
2022-02-11 14:45:00,43876.0,2123
2022-02-12 01:00:00,42483.5,2124
2022-02-12 09:45:00,42437.0,2125
2022-02-12 18:15:00,42975.0,2126
2022-02-13 00:30:00,42467.5,2127
2022-02-13 11:15:00,42600.0,2128
2022-02-13 15:30:00,42750.0,2129
2022-02-13 21:00:00,42508.0,2130
2022-02-14 08:00:00,42399.0,2131
2022-02-14 14:30:00,42790.0,2132
2022-02-14 17:45:00,42845.0,2133
2022-02-15 04:00:00,43790.5,2134
2022-02-15 14:30:00,44480.0,2135
2022-02-15 23:30:00,44800.0,2136
2022-02-16 08:15:00,44314.0,2137
2022-02-16 20:00:00,44396.0,2138
2022-02-16 23:30:00,44157.0,2139
2022-02-17 08:00:00,43990.0,2140
2022-02-17 12:00:00,43348.0,2141
2022-02-18 01:30:00,40921.5,2142
2022-02-18 08:45:00,40924.0,2143
2022-02-18 15:00:00,40782.0,2144
2022-02-19 01:00:00,40330.0,2145
2022-02-19 06:30:00,40450.0,2146
2022-02-19 16:15:00,40347.5,2147
2022-02-20 12:15:00,38599.0,2148
2022-02-20 16:15:00,38476.0,2149
2022-02-21 01:30:00,39390.0,2150
2022-02-21 05:15:00,39480.0,2151
2022-02-21 15:00:00,39368.0,2152
2022-02-22 05:45:00,37250.0,2153
2022-02-22 10:45:00,37824.0,2154
2022-02-22 14:45:00,38375.5,2155
2022-02-22 20:00:00,38260.0,2156
2022-02-22 23:30:00,38455.0,2157
2022-02-23 09:00:00,38983.0,2158
2022-02-23 13:15:00,39240.0,2159
2022-02-24 08:00:00,35851.5,2160
2022-02-24 20:00:00,40000.0,2161
2022-02-25 03:45:00,39000.0,2162
2022-02-25 07:00:00,38818.0,2163
2022-02-25 13:30:00,39676.5,2164
2022-02-26 00:30:00,40300.0,2165
2022-02-26 08:15:00,39550.0,2166
2022-02-26 14:30:00,39404.0,2167
2022-02-26 21:15:00,39647.0,2168
2022-02-27 12:45:00,39892.5,2169
2022-02-28 01:30:00,38482.5,2170
2022-02-28 08:00:00,38700.0,2171
2022-02-28 22:30:00,44347.5,2172
2022-03-01 08:15:00,43700.0,2173
2022-03-01 13:00:00,44900.0,2174
2022-03-02 00:00:00,44747.0,2175
2022-03-02 03:45:00,44515.0,2176
2022-03-02 10:30:00,44308.5,2177
2022-03-02 15:00:00,45372.0,2178
2022-03-02 22:00:00,44391.5,2179
2022-03-03 07:00:00,43680.0,2180
2022-03-03 14:00:00,44065.0,2181
2022-03-03 22:30:00,42696.0,2182
2022-03-04 09:00:00,41826.0,2183
2022-03-04 11:45:00,41900.0,2184
2022-03-05 03:30:00,39086.0,2185
2022-03-05 12:30:00,39449.0,2186
2022-03-05 16:45:00,39575.0,2187
2022-03-05 20:45:00,39550.0,2188
2022-03-06 00:45:00,39748.0,2189
2022-03-06 05:00:00,39621.0,2190
2022-03-06 16:30:00,39351.0,2191
2022-03-06 21:00:00,39266.0,2192
2022-03-07 05:15:00,38225.0,2193
2022-03-07 09:00:00,38360.5,2194
2022-03-07 16:00:00,39536.0,2195
2022-03-07 23:30:00,38517.5,2196
2022-03-08 02:45:00,38930.0,2197
2022-03-08 08:30:00,39145.0,2198
2022-03-08 12:00:00,39186.0,2199
2022-03-08 14:45:00,39145.0,2200
2022-03-08 18:00:00,39330.0,2201
2022-03-09 04:15:00,41878.0,2202
2022-03-09 08:45:00,42435.0,2203
2022-03-09 12:30:00,42537.0,2204
2022-03-09 15:45:00,42698.0,2205
2022-03-09 23:30:00,42128.5,2206
2022-03-10 13:30:00,40371.0,2207
2022-03-10 20:45:00,39650.0,2208
2022-03-11 07:30:00,39300.0,2209
2022-03-11 12:30:00,40250.0,2210
2022-03-12 01:00:00,39283.0,2211
2022-03-12 06:00:00,39241.5,2212
2022-03-12 10:30:00,39260.0,2213
2022-03-12 17:00:00,39447.0,2214
2022-03-12 20:45:00,39195.0,2215
2022-03-13 01:15:00,39250.0,2216
2022-03-13 04:00:00,39305.5,2217
2022-03-13 15:00:00,39047.0,2218
2022-03-13 19:15:00,39045.0,2219
2022-03-14 04:15:00,38912.0,2220
2022-03-14 09:45:00,39272.0,2221
2022-03-14 14:00:00,39155.0,2222
2022-03-14 22:45:00,39922.0,2223
2022-03-15 06:15:00,38964.0,2224
2022-03-15 22:00:00,39950.0,2225
2022-03-16 02:15:00,41737.0,2226
2022-03-16 09:00:00,40685.5,2227
2022-03-16 14:15:00,41293.0,2228
2022-03-16 20:00:00,41462.0,2229
2022-03-17 02:00:00,41351.5,2230
2022-03-17 05:00:00,41446.5,2231
2022-03-17 12:15:00,41180.5,2232
2022-03-17 22:00:00,41046.0,2233
2022-03-18 05:00:00,40870.5,2234
2022-03-18 20:00:00,42335.0,2235
2022-03-19 00:30:00,41994.5,2236
2022-03-19 04:45:00,41935.0,2237
2022-03-19 16:30:00,42133.0,2238
2022-03-19 20:30:00,42397.0,2239
2022-03-20 20:15:00,41664.0,2240
2022-03-21 13:30:00,41537.0,2241
2022-03-21 22:00:00,41340.0,2242
2022-03-22 04:15:00,43453.0,2243
2022-03-22 14:30:00,43204.5,2244
2022-03-22 21:45:00,42869.0,2245
2022-03-23 08:15:00,42343.0,2246
2022-03-23 16:15:00,42733.0,2247
2022-03-24 00:30:00,43250.0,2248
2022-03-24 06:15:00,43500.0,2249
2022-03-24 09:30:00,43200.0,2250
2022-03-24 17:15:00,44199.0,2251
2022-03-24 22:15:00,44077.5,2252
2022-03-25 01:30:00,44388.0,2253
2022-03-25 14:00:00,45055.5,2254
2022-03-25 20:45:00,44592.0,2255
2022-03-26 08:15:00,44529.0,2256
2022-03-26 17:15:00,44440.0,2257
2022-03-26 20:30:00,44750.0,2258
2022-03-27 02:00:00,44917.0,2259
2022-03-27 07:45:00,44727.0,2260
2022-03-27 16:30:00,44999.5,2261
2022-03-28 00:30:00,47800.0,2262
2022-03-28 05:00:00,47438.5,2263
2022-03-28 15:00:00,47914.5,2264
2022-03-28 19:30:00,48185.0,2265
2022-03-29 06:15:00,47720.0,2266
2022-03-29 12:15:00,48068.5,2267
2022-03-29 15:15:00,47971.0,2268
2022-03-29 19:15:00,47857.0,2269
2022-03-29 23:45:00,47500.0,2270
2022-03-30 06:00:00,47570.0,2271
2022-03-30 11:30:00,47436.5,2272
2022-03-30 17:45:00,47676.0,2273
2022-03-30 21:30:00,47270.5,2274
2022-03-31 01:45:00,47395.0,2275
2022-03-31 13:00:00,47589.5,2276
2022-04-01 15:15:00,46697.0,2277
2022-04-01 21:15:00,46426.0,2278
2022-04-02 00:45:00,47230.0,2279
2022-04-02 06:45:00,46649.0,2280
2022-04-02 13:15:00,46947.5,2281
2022-04-03 06:00:00,46580.0,2282
2022-04-03 15:00:00,46730.0,2283
2022-04-03 18:45:00,46798.5,2284
2022-04-03 22:15:00,47493.0,2285
2022-04-04 06:45:00,46300.0,2286
2022-04-04 14:00:00,46380.0,2287
2022-04-04 23:30:00,46880.0,2288
2022-04-05 04:30:00,46866.5,2289
2022-04-05 12:15:00,47190.0,2290
2022-04-05 17:30:00,46188.5,2291
2022-04-05 22:45:00,46043.0,2292
2022-04-06 07:00:00,45495.0,2293
2022-04-06 10:15:00,45434.0,2294
2022-04-06 18:00:00,44284.0,2295
2022-04-07 12:00:00,43883.0,2296
2022-04-07 18:15:00,43830.5,2297
2022-04-07 23:15:00,43731.5,2298
2022-04-08 02:45:00,43673.5,2299
2022-04-08 08:45:00,43982.0,2300
2022-04-08 15:00:00,43942.5,2301
2022-04-09 05:45:00,42614.0,2302
2022-04-09 11:15:00,42518.0,2303
2022-04-09 20:00:00,42631.0,2304
2022-04-09 23:30:00,42778.0,2305
2022-04-10 02:45:00,42878.0,2306
2022-04-10 12:00:00,42823.0,2307
2022-04-10 20:00:00,43403.0,2308
2022-04-11 01:15:00,42400.0,2309
2022-04-12 08:00:00,40398.0,2310
2022-04-12 12:30:00,40713.0,2311
2022-04-12 23:15:00,40278.0,2312
2022-04-13 03:15:00,40239.5,2313
2022-04-13 07:15:00,40200.0,2314
2022-04-13 15:15:00,41400.0,2315
2022-04-13 19:00:00,41553.0,2316
2022-04-13 22:30:00,41391.5,2317
2022-04-14 01:45:00,41463.0,2318
2022-04-14 07:45:00,41340.0,2319
2022-04-14 13:00:00,41290.5,2320
2022-04-15 00:15:00,40187.0,2321
2022-04-15 04:15:00,40240.0,2322
2022-04-15 07:45:00,40445.5,2323
2022-04-15 10:45:00,40387.0,2324
2022-04-15 14:45:00,40849.0,2325
2022-04-16 01:15:00,40695.0,2326
2022-04-16 10:15:00,40475.0,2327
2022-04-16 15:00:00,40551.5,2328
2022-04-16 22:00:00,40675.0,2329
2022-04-17 05:45:00,40400.0,2330
2022-04-17 09:00:00,40499.0,2331
2022-04-17 13:45:00,40562.0,2332
2022-04-17 19:45:00,40444.0,2333
2022-04-18 03:00:00,39854.0,2334
2022-04-18 13:30:00,39670.0,2335
2022-04-18 18:15:00,41255.0,2336
2022-04-18 21:15:00,41092.0,2337
2022-04-19 00:30:00,41300.0,2338
2022-04-19 04:45:00,40864.5,2339
2022-04-19 08:30:00,40833.0,2340
2022-04-19 15:00:00,41769.5,2341
2022-04-19 19:15:00,41525.0,2342
2022-04-20 00:00:00,41517.5,2343
2022-04-20 07:00:00,41600.0,2344
2022-04-20 11:45:00,42169.0,2345
2022-04-20 21:15:00,41649.0,2346
2022-04-21 01:30:00,41748.0,2347
2022-04-21 04:15:00,41715.0,2348
2022-04-21 13:30:00,42950.0,2349
2022-04-22 06:15:00,40767.0,2350
2022-04-22 13:30:00,40627.5,2351
2022-04-22 19:30:00,39756.5,2352
2022-04-23 00:00:00,39834.5,2353
2022-04-23 08:45:00,39649.5,2354
2022-04-23 16:00:00,40048.0,2355
2022-04-23 21:45:00,39931.0,2356
2022-04-24 03:45:00,39794.0,2357
2022-04-24 07:30:00,39775.5,2358
2022-04-24 14:45:00,39914.5,2359
2022-04-24 22:00:00,39757.5,2360
2022-04-25 03:15:00,39323.0,2361
2022-04-25 18:45:00,40400.0,2362
2022-04-26 00:30:00,40803.0,2363
2022-04-26 08:15:00,40787.0,2364
2022-04-26 12:30:00,40611.5,2365
2022-04-27 08:15:00,39195.5,2366
2022-04-27 13:45:00,39479.0,2367
2022-04-27 21:30:00,39390.0,2368
2022-04-28 01:00:00,39685.0,2369
2022-04-28 09:30:00,39896.5,2370
2022-04-28 15:00:00,40326.0,2371
2022-04-28 18:00:00,40350.0,2372
2022-04-29 01:15:00,39909.0,2373
2022-04-29 13:45:00,39374.0,2374
2022-04-30 00:15:00,38770.0,2375
2022-04-30 05:45:00,38766.5,2376
2022-04-30 13:15:00,38623.5,2377
2022-04-30 19:45:00,38478.0,2378
2022-05-01 01:45:00,38059.0,2379
2022-05-01 05:15:00,38153.0,2380
2022-05-01 10:45:00,38073.0,2381
2022-05-01 16:15:00,38663.0,2382
2022-05-02 00:30:00,38799.0,2383
2022-05-02 06:00:00,39140.0,2384
2022-05-02 09:30:00,39059.5,2385
2022-05-02 13:30:00,39255.5,2386
2022-05-02 22:15:00,38922.0,2387
2022-05-03 08:15:00,38630.0,2388
2022-05-03 12:00:00,38585.0,2389
2022-05-03 21:15:00,38042.0,2390
2022-05-04 12:00:00,39183.0,2391
2022-05-04 19:00:00,40058.5,2392
2022-05-05 05:15:00,39840.0,2393
2022-05-05 21:15:00,36590.0,2394
2022-05-06 00:00:00,36666.0,2395
2022-05-06 06:00:00,36526.0,2396
2022-05-06 15:15:00,36423.0,2397
2022-05-06 23:15:00,36100.0,2398
2022-05-07 10:30:00,36135.0,2399
2022-05-07 15:15:00,36070.0,2400
2022-05-07 18:15:00,35983.5,2401
2022-05-08 06:45:00,34958.5,2402
2022-05-08 11:15:00,34863.0,2403
2022-05-08 19:15:00,34773.0,2404
2022-05-09 09:00:00,33780.5,2405
2022-05-09 13:30:00,33450.0,2406
2022-05-10 01:00:00,31499.0,2407
2022-05-10 06:30:00,32665.5,2408
2022-05-10 13:30:00,32385.5,2409
2022-05-10 17:30:00,31795.0,2410
2022-05-11 05:00:00,31947.0,2411
2022-05-11 10:00:00,32230.0,2412
2022-05-11 14:45:00,32060.0,2413
2022-05-12 00:30:00,30233.0,2414
2022-05-12 07:45:00,28561.0,2415
2022-05-12 11:15:00,29266.0,2416
2022-05-12 16:45:00,29955.0,2417
2022-05-13 05:15:00,31049.0,2418
2022-05-13 09:15:00,30749.0,2419
2022-05-13 14:15:00,31000.0,2420
2022-05-14 01:45:00,29788.5,2421
2022-05-14 06:30:00,29600.0,2422
2022-05-14 18:15:00,29915.0,2423
2022-05-14 22:45:00,30321.0,2424
2022-05-15 07:00:00,30029.0,2425
2022-05-15 12:15:00,30550.0,2426
2022-05-15 22:00:00,31518.0,2427
2022-05-16 12:30:00,30310.5,2428
2022-05-16 21:00:00,30250.0,2429
2022-05-17 03:30:00,30530.0,2430
2022-05-17 08:30:00,30785.0,2431
2022-05-17 13:30:00,30741.0,2432
2022-05-17 21:45:00,30650.0,2433
2022-05-18 00:30:00,30692.5,2434
2022-05-18 06:00:00,30070.0,2435
2022-05-18 10:15:00,30020.0,2436
2022-05-18 19:00:00,29536.5,2437
2022-05-18 22:15:00,29403.0,2438
2022-05-19 02:45:00,29322.0,2439
2022-05-19 06:45:00,29424.0,2440
2022-05-19 15:45:00,30551.0,2441
2022-05-19 21:15:00,30475.0,2442
2022-05-20 01:30:00,30767.0,2443
2022-05-20 11:45:00,30524.5,2444
2022-05-20 19:45:00,29353.0,2445
2022-05-20 23:15:00,29366.0,2446
2022-05-21 07:30:00,29540.0,2447
2022-05-21 16:00:00,29653.5,2448
2022-05-21 19:00:00,29583.5,2449
2022-05-22 01:15:00,29540.0,2450
2022-05-22 10:45:00,30314.0,2451
2022-05-22 17:15:00,30169.0,2452
2022-05-22 22:15:00,30499.0,2453
2022-05-23 06:30:00,30654.5,2454
2022-05-23 12:15:00,30600.0,2455
2022-05-24 04:45:00,29422.0,2456
2022-05-24 11:15:00,29431.0,2457
2022-05-24 15:45:00,29657.5,2458
2022-05-24 23:00:00,29847.0,2459
2022-05-25 03:15:00,30213.0,2460
2022-05-25 08:45:00,29937.5,2461
2022-05-25 14:15:00,29908.0,2462
2022-05-25 18:30:00,30053.5,2463
2022-05-25 22:00:00,29869.0,2464
2022-05-26 02:45:00,29878.0,2465
2022-05-26 16:15:00,29800.0,2466
2022-05-26 21:00:00,29686.0,2467
2022-05-27 03:30:00,29144.5,2468
2022-05-27 07:15:00,29250.0,2469
2022-05-27 13:45:00,29362.0,2470
2022-05-27 19:45:00,29053.0,2471
2022-05-28 05:45:00,28930.0,2472
2022-05-28 13:15:00,29260.0,2473
2022-05-28 19:45:00,29069.0,2474
2022-05-28 23:45:00,29154.5,2475
2022-05-29 08:15:00,29192.0,2476
2022-05-29 12:00:00,29500.0,2477
2022-05-29 17:30:00,29360.0,2478
2022-05-29 22:30:00,29592.0,2479
2022-05-30 06:15:00,31046.0,2480
2022-05-30 12:15:00,30981.5,2481
2022-05-30 21:15:00,32333.0,2482
2022-05-31 03:45:00,31837.5,2483
2022-05-31 16:30:00,32450.0,2484
2022-06-01 00:30:00,31982.5,2485
2022-06-01 09:30:00,31694.0,2486
2022-06-01 13:30:00,31894.5,2487
2022-06-01 23:00:00,30064.0,2488
2022-06-02 02:30:00,29887.0,2489
2022-06-02 07:15:00,30100.0,2490
2022-06-02 16:15:00,30405.0,2491
2022-06-02 22:00:00,30711.0,2492
2022-06-03 01:30:00,30698.0,2493
2022-06-03 05:30:00,30541.0,2494
2022-06-03 17:00:00,29687.0,2495
2022-06-03 22:00:00,29865.0,2496
2022-06-04 04:00:00,29728.5,2497
2022-06-04 08:30:00,29782.0,2498
2022-06-04 14:30:00,30000.0,2499
2022-06-04 22:00:00,29952.0,2500
2022-06-05 05:45:00,29816.5,2501
2022-06-05 16:00:00,30196.5,2502
2022-06-06 04:00:00,31374.0,2503
2022-06-06 11:00:00,31600.0,2504
2022-06-06 14:30:00,31750.0,2505
2022-06-06 21:15:00,31598.0,2506
2022-06-07 08:30:00,29725.5,2507
2022-06-07 14:45:00,30030.0,2508
2022-06-07 20:00:00,31598.0,2509
2022-06-08 06:00:00,30696.0,2510
2022-06-08 13:45:00,30900.0,2511
2022-06-08 21:45:00,30545.0,2512
2022-06-09 05:00:00,30463.5,2513
2022-06-09 09:30:00,30694.5,2514
2022-06-09 17:00:00,30446.5,2515
2022-06-09 21:00:00,30249.5,2516
2022-06-10 03:00:00,30376.0,2517
2022-06-10 06:15:00,30230.0,2518
2022-06-10 12:15:00,30175.0,2519
2022-06-10 21:45:00,29420.0,2520
2022-06-11 05:00:00,29427.0,2521
2022-06-11 18:30:00,28786.0,2522
2022-06-11 22:30:00,28678.0,2523
2022-06-12 08:30:00,27697.0,2524
2022-06-12 15:30:00,28321.0,2525
2022-06-13 04:15:00,26248.5,2526
2022-06-13 12:15:00,24368.0,2527
2022-06-13 16:00:00,24206.0,2528
2022-06-14 05:15:00,23450.0,2529
2022-06-14 15:45:00,22799.0,2530
2022-06-14 23:30:00,22327.5,2531
2022-06-15 07:00:00,21448.5,2532
2022-06-15 13:45:00,21796.0,2533
2022-06-15 18:45:00,22481.0,2534
2022-06-15 22:15:00,22794.5,2535
2022-06-16 01:15:00,22976.5,2536
2022-06-16 12:30:00,21504.5,2537
2022-06-16 17:15:00,21463.5,2538
2022-06-17 02:00:00,21040.0,2539
2022-06-17 08:30:00,21355.0,2540
2022-06-17 20:30:00,20719.5,2541
2022-06-18 00:30:00,20769.5,2542
2022-06-18 05:00:00,20532.5,2543
2022-06-18 10:15:00,19548.0,2544
2022-06-18 22:30:00,19490.0,2545
2022-06-19 10:45:00,20088.5,2546
2022-06-19 15:45:00,19929.0,2547
2022-06-20 09:30:00,21051.5,2548
2022-06-20 15:00:00,21125.0,2549
2022-06-20 23:30:00,20784.0,2550
2022-06-21 08:45:00,21495.5,2551
2022-06-21 14:45:00,21722.0,2552
2022-06-22 05:30:00,20587.5,2553
2022-06-22 14:30:00,20885.5,2554
2022-06-23 01:30:00,20599.0,2555
2022-06-23 06:30:00,20646.5,2556
2022-06-23 12:30:00,20816.5,2557
2022-06-23 22:30:00,21240.0,2558
2022-06-24 02:30:00,21372.0,2559
2022-06-24 12:15:00,21472.0,2560
2022-06-24 22:15:00,21556.5,2561
2022-06-25 07:30:00,21630.0,2562
2022-06-25 23:45:00,21580.0,2563
2022-06-26 06:30:00,21510.0,2564
2022-06-26 12:00:00,21880.0,2565
2022-06-26 21:45:00,21419.5,2566
2022-06-27 04:15:00,21318.0,2567
2022-06-27 08:30:00,21580.0,2568
2022-06-27 20:00:00,20958.0,2569
2022-06-28 09:00:00,21197.5,2570
2022-06-28 22:15:00,20454.0,2571
2022-06-29 09:30:00,20233.0,2572
2022-06-29 12:15:00,20178.0,2573
2022-06-29 20:00:00,20433.0,2574
2022-06-30 12:45:00,19312.0,2575
2022-06-30 16:30:00,19283.0,2576
2022-07-01 00:30:00,21017.5,2577
2022-07-01 08:00:00,19886.5,2578
2022-07-01 13:45:00,19670.0,2579
2022-07-01 20:15:00,19693.5,2580
2022-07-02 05:15:00,19291.0,2581
2022-07-02 12:30:00,19450.0,2582
2022-07-02 21:45:00,19370.0,2583
2022-07-03 05:00:00,19389.5,2584
2022-07-03 11:15:00,19141.5,2585
2022-07-03 20:00:00,19638.5,2586
2022-07-04 06:30:00,19183.0,2587
2022-07-04 12:00:00,19886.0,2588
2022-07-04 15:00:00,20187.0,2589
2022-07-05 00:45:00,20480.0,2590
2022-07-05 05:15:00,20439.0,2591
2022-07-05 20:00:00,20750.0,2592
2022-07-06 04:15:00,20317.5,2593
2022-07-06 08:00:00,20303.0,2594
2022-07-06 13:30:00,20373.5,2595
2022-07-06 19:00:00,20474.0,2596
2022-07-06 23:00:00,20666.0,2597
2022-07-07 09:45:00,20606.0,2598
2022-07-07 20:00:00,21818.0,2599
2022-07-08 01:15:00,22600.0,2600
2022-07-08 04:15:00,22250.0,2601
2022-07-08 15:30:00,22120.0,2602
2022-07-08 20:30:00,22050.0,2603
2022-07-09 07:00:00,21723.5,2604
2022-07-09 11:00:00,21774.0,2605
2022-07-09 17:30:00,21980.0,2606
2022-07-09 21:45:00,21745.0,2607
2022-07-10 08:15:00,21414.0,2608
2022-07-10 21:15:00,21162.0,2609
2022-07-11 09:15:00,20623.0,2610
2022-07-11 13:30:00,20748.5,2611
2022-07-11 18:30:00,20698.0,2612
2022-07-12 05:15:00,20046.5,2613
2022-07-12 13:30:00,20005.0,2614
2022-07-12 16:30:00,19994.0,2615
2022-07-13 03:00:00,19575.0,2616
2022-07-13 08:30:00,19920.0,2617
2022-07-13 12:15:00,20193.0,2618
2022-07-13 17:00:00,20073.0,2619
2022-07-14 01:15:00,20422.0,2620
2022-07-14 19:30:00,20899.0,2621
2022-07-15 02:15:00,20827.0,2622
2022-07-15 09:15:00,21033.0,2623
2022-07-15 13:00:00,21094.5,2624
2022-07-15 20:15:00,21195.5,2625
2022-07-16 03:30:00,20770.5,2626
2022-07-16 17:15:00,21576.0,2627
2022-07-17 00:00:00,21341.5,2628
2022-07-17 07:00:00,21669.0,2629
2022-07-17 12:00:00,21490.0,2630
2022-07-17 17:15:00,21350.0,2631
2022-07-18 08:15:00,22522.0,2632
2022-07-18 15:45:00,22779.5,2633
2022-07-19 00:00:00,22954.5,2634
2022-07-19 06:15:00,22127.0,2635
2022-07-19 19:00:00,23728.5,2636
2022-07-19 21:45:00,23807.5,2637
2022-07-20 07:00:00,23848.0,2638
2022-07-20 15:30:00,24277.0,2639
2022-07-20 19:00:00,23941.5,2640
2022-07-20 21:45:00,23800.0,2641
2022-07-21 07:15:00,23081.0,2642
2022-07-21 10:00:00,23060.0,2643
2022-07-21 17:00:00,23200.0,2644
2022-07-21 20:00:00,23295.0,2645
2022-07-22 00:30:00,23345.0,2646
2022-07-22 13:45:00,23765.0,2647
2022-07-23 05:00:00,22987.5,2648
2022-07-24 00:00:00,22671.0,2649
2022-07-24 07:00:00,22828.0,2650
2022-07-24 15:00:00,22900.0,2651
2022-07-24 22:30:00,22990.0,2652
2022-07-25 09:00:00,22099.0,2653
2022-07-25 17:00:00,21993.5,2654
2022-07-25 20:30:00,22248.0,2655
2022-07-26 04:15:00,21247.0,2656
2022-07-26 12:00:00,21189.0,2657
2022-07-26 17:00:00,21066.0,2658
2022-07-26 23:45:00,21290.0,2659
2022-07-27 07:15:00,21448.0,2660
2022-07-27 19:15:00,23105.0,2661
2022-07-28 00:00:00,23056.5,2662
2022-07-28 02:45:00,23452.0,2663
2022-07-28 06:00:00,23272.0,2664
2022-07-28 17:30:00,24097.0,2665
2022-07-28 20:30:00,24198.0,2666
2022-07-29 06:30:00,24475.0,2667
2022-07-29 10:15:00,24120.0,2668
2022-07-29 14:15:00,24221.0,2669
2022-07-29 18:00:00,24052.0,2670
2022-07-29 23:15:00,24122.0,2671
2022-07-30 13:00:00,24695.0,2672
2022-07-30 15:45:00,24595.5,2673
2022-07-31 02:00:00,23878.5,2674
2022-07-31 05:00:00,23827.0,2675
2022-07-31 11:00:00,23852.0,2676
2022-07-31 18:00:00,24182.5,2677
2022-08-01 08:15:00,23377.5,2678
2022-08-01 14:00:00,23490.0,2679
2022-08-02 00:15:00,23429.5,2680
2022-08-02 06:00:00,22930.5,2681
2022-08-02 11:30:00,22962.0,2682
2022-08-02 16:30:00,23467.5,2683
2022-08-02 21:45:00,23146.5,2684
2022-08-03 12:15:00,23655.0,2685
2022-08-03 17:15:00,23572.0,2686
2022-08-04 01:45:00,23201.0,2687
2022-08-04 06:00:00,23172.0,2688
2022-08-04 13:45:00,23124.5,2689
2022-08-05 06:00:00,23427.0,2690
2022-08-05 12:00:00,23494.0,2691
2022-08-06 00:45:00,23333.0,2692
2022-08-06 08:15:00,23243.5,2693
2022-08-06 13:00:00,23227.0,2694
2022-08-06 17:30:00,23257.5,2695
2022-08-06 22:00:00,23205.0,2696
2022-08-07 07:45:00,23015.5,2697
2022-08-07 13:15:00,23187.0,2698
2022-08-07 17:00:00,23288.5,2699
2022-08-07 21:00:00,23388.5,2700
2022-08-08 00:15:00,23330.5,2701
2022-08-08 09:00:00,24178.0,2702
2022-08-08 12:00:00,24236.5,2703
2022-08-08 20:45:00,24087.5,2704
2022-08-09 05:30:00,23910.0,2705
2022-08-09 22:30:00,23249.0,2706
2022-08-10 04:45:00,22989.0,2707
2022-08-10 13:15:00,24170.0,2708
2022-08-10 21:30:00,24223.0,2709
2022-08-11 01:45:00,24480.0,2710
2022-08-11 07:30:00,24738.5,2711
2022-08-11 12:30:00,24950.0,2712
2022-08-11 21:30:00,24325.5,2713
2022-08-12 02:45:00,24084.5,2714
2022-08-12 09:45:00,24129.5,2715
2022-08-13 06:15:00,24867.0,2716
2022-08-13 15:00:00,24585.0,2717
2022-08-13 18:00:00,24575.0,2718
2022-08-13 21:30:00,24534.0,2719
2022-08-14 01:00:00,24625.0,2720
2022-08-14 07:45:00,25031.0,2721
2022-08-14 16:15:00,24539.0,2722
2022-08-14 21:30:00,24422.5,2723
2022-08-15 03:15:00,25199.0,2724
2022-08-15 11:00:00,24295.0,2725
2022-08-15 16:00:00,24267.5,2726
2022-08-16 01:30:00,24227.0,2727
2022-08-16 11:15:00,24134.5,2728
2022-08-16 18:15:00,24045.0,2729
2022-08-17 06:30:00,24436.5,2730
2022-08-17 18:30:00,23618.5,2731
2022-08-18 02:15:00,23501.0,2732
2022-08-18 12:15:00,23581.0,2733
2022-08-18 20:30:00,23440.0,2734
2022-08-19 16:30:00,21645.0,2735
2022-08-20 07:00:00,21365.0,2736
2022-08-20 16:00:00,21343.0,2737
2022-08-21 02:45:00,21307.0,2738
2022-08-21 12:00:00,21565.0,2739
2022-08-21 20:45:00,21780.0,2740
2022-08-22 10:30:00,21330.0,2741
2022-08-22 16:00:00,21538.0,2742
2022-08-23 00:15:00,21455.0,2743
2022-08-23 09:45:00,21565.0,2744
2022-08-23 14:00:00,21678.5,2745
2022-08-23 20:15:00,21650.0,2746
2022-08-23 23:15:00,21585.5,2747
2022-08-24 05:30:00,21487.0,2748
2022-08-24 16:00:00,21880.0,2749
2022-08-24 19:30:00,21800.0,2750
2022-08-25 01:30:00,21636.5,2751
2022-08-25 08:00:00,21810.0,2752
2022-08-25 12:00:00,21768.5,2753
2022-08-25 21:00:00,21667.5,2754
2022-08-26 08:45:00,21464.5,2755
2022-08-26 13:00:00,21869.0,2756
2022-08-26 20:00:00,20739.0,2757
2022-08-27 07:45:00,20262.5,2758
2022-08-27 11:45:00,20239.5,2759
2022-08-27 22:30:00,20093.5,2760
2022-08-28 02:30:00,20174.0,2761
2022-08-28 08:00:00,20096.5,2762
2022-08-28 12:00:00,20039.0,2763
2022-08-28 16:15:00,20135.5,2764
2022-08-29 03:30:00,19942.0,2765
2022-08-29 08:00:00,19900.0,2766
2022-08-29 16:00:00,20430.0,2767
2022-08-29 23:45:00,20334.5,2768
2022-08-30 04:30:00,20543.0,2769
2022-08-30 07:30:00,20569.0,2770
2022-08-30 10:15:00,20497.0,2771
2022-08-30 19:15:00,20079.0,2772
2022-08-31 03:15:00,20452.0,2773
2022-08-31 06:00:00,20499.5,2774
2022-08-31 13:45:00,20425.0,2775
2022-08-31 19:45:00,20318.0,2776
2022-09-01 02:15:00,20197.5,2777
2022-09-01 11:45:00,20120.0,2778
2022-09-01 21:15:00,20175.5,2779
2022-09-02 04:15:00,20290.0,2780
2022-09-02 14:30:00,20428.0,2781
2022-09-02 21:45:00,20020.0,2782
2022-09-03 00:30:00,20043.0,2783
2022-09-03 05:45:00,19950.0,2784
2022-09-03 10:45:00,19871.5,2785
2022-09-03 13:45:00,19898.5,2786
2022-09-04 00:00:00,19849.0,2787
2022-09-04 09:00:00,19820.0,2788
2022-09-04 12:00:00,19931.5,2789
2022-09-04 17:00:00,19943.5,2790
2022-09-04 20:15:00,19918.5,2791
2022-09-05 00:00:00,20044.5,2792
2022-09-05 09:00:00,19794.5,2793
2022-09-05 15:15:00,19938.5,2794
2022-09-06 01:00:00,20164.5,2795
2022-09-06 08:45:00,20020.0,2796
2022-09-06 21:30:00,19070.0,2797
2022-09-07 08:00:00,18846.5,2798
2022-09-07 21:00:00,19447.5,2799
2022-09-08 04:45:00,19372.0,2800
2022-09-08 11:00:00,19398.0,2801
2022-09-08 20:00:00,19440.0,2802
2022-09-09 12:30:00,21245.5,2803
2022-09-09 17:00:00,21421.5,2804
2022-09-09 23:15:00,21666.0,2805
2022-09-10 05:30:00,21656.5,2806
2022-09-11 08:15:00,21727.5,2807
2022-09-11 17:30:00,21879.5,2808
2022-09-12 01:45:00,22391.0,2809
2022-09-12 08:45:00,22332.5,2810
2022-09-12 14:15:00,22483.0,2811
2022-09-12 20:00:00,22488.0,2812
2022-09-13 00:00:00,22436.5,2813
2022-09-13 06:30:00,22659.0,2814
2022-09-13 12:15:00,22794.0,2815
2022-09-14 02:15:00,20518.0,2816
2022-09-14 08:45:00,20408.5,2817
2022-09-14 13:00:00,20375.0,2818
2022-09-14 22:45:00,20377.5,2819
2022-09-15 07:15:00,20319.0,2820
2022-09-15 21:15:00,19895.5,2821
2022-09-16 01:00:00,19799.5,2822
2022-09-16 04:45:00,19849.0,2823
2022-09-16 11:45:00,19878.5,2824
2022-09-17 00:30:00,20079.5,2825
2022-09-17 09:15:00,19907.0,2826
2022-09-17 16:15:00,20176.5,2827
2022-09-17 23:00:00,20135.0,2828
2022-09-18 08:15:00,20092.0,2829
2022-09-18 20:30:00,19745.0,2830
2022-09-19 14:45:00,19424.5,2831
2022-09-19 21:15:00,19675.0,2832
2022-09-20 07:15:00,19582.5,2833
2022-09-20 11:30:00,19333.0,2834
2022-09-20 16:00:00,19313.5,2835
2022-09-21 02:30:00,19050.0,2836
2022-09-21 05:30:00,19128.0,2837
2022-09-21 14:15:00,19481.5,2838
2022-09-21 18:00:00,20045.0,2839
2022-09-22 08:45:00,19285.0,2840
2022-09-22 12:45:00,19314.5,2841
2022-09-22 19:45:00,19479.0,2842
2022-09-22 23:00:00,19518.5,2843
2022-09-23 04:45:00,19486.5,2844
2022-09-23 23:15:00,19394.5,2845
2022-09-24 13:00:00,19213.0,2846
2022-09-24 16:00:00,19186.0,2847
2022-09-25 07:15:00,19119.5,2848
2022-09-25 11:45:00,19185.0,2849
2022-09-25 16:15:00,19110.0,2850
2022-09-26 00:30:00,18933.0,2851
2022-09-26 03:15:00,18946.0,2852
2022-09-26 09:00:00,19318.5,2853
2022-09-26 14:15:00,19268.0,2854
2022-09-26 19:45:00,19255.0,2855
2022-09-27 06:15:00,20360.5,2856
2022-09-27 12:15:00,20383.5,2857
2022-09-28 00:15:00,19222.0,2858
2022-09-28 06:00:00,18870.0,2859
2022-09-28 10:30:00,19141.0,2860
2022-09-28 16:00:00,19652.0,2861
2022-09-28 21:15:00,19791.0,2862
2022-09-29 01:30:00,19592.0,2863
2022-09-29 04:45:00,19627.5,2864
2022-09-29 11:15:00,19534.0,2865
2022-09-29 16:45:00,19638.5,2866
2022-09-29 20:45:00,19529.0,2867
2022-09-30 00:30:00,19695.0,2868
2022-09-30 07:30:00,19626.0,2869
2022-09-30 15:00:00,20165.0,2870
2022-10-01 00:15:00,19473.5,2871
2022-10-01 10:30:00,19366.0,2872
2022-10-01 13:15:00,19395.5,2873
2022-10-01 19:00:00,19321.5,2874
2022-10-01 23:00:00,19336.0,2875
2022-10-02 02:30:00,19339.0,2876
2022-10-02 05:30:00,19385.5,2877
2022-10-02 16:15:00,19225.0,2878
2022-10-02 19:00:00,19332.0,2879
2022-10-03 01:45:00,19247.0,2880
2022-10-03 06:00:00,19300.0,2881
2022-10-03 14:15:00,19484.5,2882
2022-10-03 18:45:00,19649.5,2883
2022-10-03 23:15:00,19720.0,2884
2022-10-04 08:00:00,20150.0,2885
2022-10-04 14:00:00,20300.0,2886
2022-10-04 20:45:00,20451.0,2887
2022-10-05 06:45:00,20286.5,2888
2022-10-05 19:00:00,20338.5,2889
2022-10-06 04:15:00,20435.0,2890
2022-10-06 12:30:00,20316.0,2891
2022-10-06 17:15:00,20270.0,2892
2022-10-07 02:30:00,20042.0,2893
2022-10-07 08:30:00,20025.0,2894
2022-10-07 12:15:00,20078.0,2895
2022-10-07 21:15:00,19636.5,2896
2022-10-08 00:15:00,19614.0,2897
2022-10-08 06:45:00,19533.5,2898
2022-10-08 11:30:00,19539.5,2899
2022-10-08 16:45:00,19521.5,2900
2022-10-09 00:00:00,19444.5,2901
2022-10-09 06:45:00,19429.0,2902
2022-10-09 11:15:00,19552.0,2903
2022-10-09 16:00:00,19547.0,2904
2022-10-09 19:00:00,19525.0,2905
2022-10-10 01:45:00,19522.5,2906
2022-10-10 13:00:00,19434.5,2907
2022-10-10 17:45:00,19358.0,2908
2022-10-11 03:15:00,19090.0,2909
2022-10-11 08:00:00,19143.5,2910
2022-10-11 12:15:00,19258.0,2911
2022-10-11 15:45:00,19186.0,2912
2022-10-12 00:45:00,19123.0,2913
2022-10-12 06:45:00,19189.5,2914
2022-10-12 09:30:00,19186.0,2915
2022-10-12 12:30:00,19185.0,2916
2022-10-12 22:00:00,19227.5,2917
2022-10-13 12:15:00,19195.0,2918
2022-10-13 18:45:00,19522.0,2919
2022-10-14 01:45:00,19944.0,2920
2022-10-14 10:00:00,19733.5,2921
2022-10-14 12:45:00,19835.0,2922
2022-10-15 00:00:00,19216.5,2923
2022-10-15 03:45:00,19205.0,2924
2022-10-15 12:15:00,19190.0,2925
2022-10-16 01:30:00,19155.0,2926
2022-10-16 08:15:00,19184.0,2927
2022-10-16 15:45:00,19165.5,2928
2022-10-16 20:00:00,19411.0,2929
2022-10-17 06:00:00,19312.0,2930
2022-10-17 13:30:00,19668.0,2931
2022-10-17 22:15:00,19616.5,2932
2022-10-18 01:00:00,19614.0,2933
2022-10-18 06:30:00,19694.0,2934
2022-10-18 13:30:00,19661.0,2935
2022-10-18 20:45:00,19426.0,2936
2022-10-19 09:45:00,19275.0,2937
2022-10-19 15:45:00,19296.5,2938
2022-10-19 20:00:00,19243.0,2939
2022-10-20 04:45:00,19198.0,2940
2022-10-20 14:15:00,19345.0,2941
2022-10-21 02:30:00,19125.0,2942
2022-10-21 07:15:00,19077.0,2943
2022-10-21 16:00:00,19215.0,2944
2022-10-21 19:45:00,19247.0,2945
2022-10-22 08:00:00,19167.5,2946
2022-10-22 13:15:00,19239.5,2947
2022-10-22 20:45:00,19215.0,2948
2022-10-23 04:30:00,19212.0,2949
2022-10-23 14:15:00,19199.5,2950
2022-10-23 18:00:00,19522.5,2951
2022-10-23 22:30:00,19683.5,2952
2022-10-24 10:30:00,19439.0,2953
2022-10-24 19:15:00,19412.0,2954
2022-10-25 04:00:00,19365.0,2955
2022-10-25 19:30:00,20400.0,2956
2022-10-26 03:15:00,20299.5,2957
2022-10-26 08:30:00,20800.0,2958
2022-10-26 14:30:00,21009.0,2959
2022-10-26 23:00:00,20901.0,2960
2022-10-27 05:30:00,20861.5,2961
2022-10-27 12:30:00,20822.5,2962
2022-10-27 19:15:00,20665.0,2963
2022-10-28 06:00:00,20295.0,2964
2022-10-28 13:30:00,20577.0,2965
2022-10-28 16:45:00,20738.0,2966
2022-10-28 20:30:00,20723.5,2967
2022-10-29 03:15:00,20820.0,2968
2022-10-29 10:15:00,21100.0,2969
2022-10-29 16:00:00,20968.0,2970
2022-10-29 21:00:00,20895.0,2971
2022-10-30 07:00:00,20920.0,2972
2022-10-30 20:15:00,20724.5,2973
2022-10-31 05:00:00,20578.5,2974
2022-10-31 10:00:00,20832.0,2975
2022-11-01 02:45:00,20579.0,2976
2022-11-01 06:15:00,20648.5,2977
2022-11-01 09:45:00,20689.0,2978
2022-11-01 19:00:00,20489.0,2979
2022-11-02 05:00:00,20550.0,2980
2022-11-02 09:00:00,20525.0,2981
2022-11-02 18:30:00,20789.0,2982
2022-11-03 04:15:00,20382.0,2983
2022-11-03 10:00:00,20326.0,2984
2022-11-03 14:45:00,20334.5,2985
2022-11-04 06:30:00,20679.0,2986
2022-11-04 14:30:00,21293.5,2987
2022-11-05 00:45:00,21470.0,2988
2022-11-05 11:15:00,21414.0,2989
2022-11-05 15:30:00,21346.0,2990
2022-11-05 20:30:00,21372.5,2991
2022-11-06 08:45:00,21300.5,2992
2022-11-06 15:00:00,21278.0,2993
2022-11-07 02:00:00,21062.5,2994
2022-11-07 10:15:00,20799.0,2995
2022-11-07 13:00:00,20794.0,2996
2022-11-07 16:00:00,20793.0,2997
2022-11-07 19:30:00,20879.0,2998
2022-11-08 02:15:00,20669.0,2999
2022-11-08 16:30:00,20672.0,3000
2022-11-08 22:00:00,18728.0,3001
2022-11-09 05:45:00,18499.5,3002
2022-11-09 12:45:00,18048.5,3003
2022-11-10 08:45:00,16943.0,3004
2022-11-10 16:30:00,17950.0,3005
2022-11-10 20:45:00,18191.0,3006
2022-11-11 08:45:00,17532.0,3007
2022-11-11 13:15:00,17529.0,3008
2022-11-11 18:00:00,17036.5,3009
2022-11-11 23:45:00,17133.5,3010
2022-11-12 10:15:00,16960.0,3011
2022-11-12 15:00:00,16989.5,3012
2022-11-13 03:00:00,16943.5,3013
2022-11-13 11:30:00,16729.0,3014
2022-11-13 20:00:00,16581.0,3015
2022-11-14 08:00:00,16936.0,3016
2022-11-14 13:15:00,17213.0,3017
2022-11-14 18:15:00,16666.0,3018
2022-11-15 03:45:00,16870.0,3019
2022-11-15 08:15:00,16997.5,3020
2022-11-15 13:30:00,17160.0,3021
2022-11-16 02:30:00,17011.0,3022
2022-11-16 17:30:00,16634.5,3023
2022-11-16 23:00:00,16758.0,3024
2022-11-17 08:00:00,16631.5,3025
2022-11-17 11:45:00,16606.0,3026
2022-11-17 15:15:00,16698.0,3027
2022-11-17 18:00:00,16739.5,3028
2022-11-18 01:00:00,16997.0,3029
2022-11-18 10:30:00,16848.0,3030
2022-11-18 13:15:00,16812.5,3031
2022-11-18 20:00:00,16683.0,3032
2022-11-18 23:45:00,16718.0,3033
2022-11-19 08:45:00,16655.0,3034
2022-11-19 11:45:00,16680.0,3035
2022-11-19 15:00:00,16664.0,3036
2022-11-19 22:30:00,16799.0,3037
2022-11-20 07:45:00,16730.5,3038
2022-11-20 15:15:00,16619.0,3039
2022-11-20 19:45:00,16604.5,3040
2022-11-21 04:15:00,16789.0,3041
2022-11-21 09:45:00,16231.0,3042
2022-11-21 13:15:00,16286.0,3043
2022-11-22 00:15:00,16300.0,3044
2022-11-22 15:45:00,16296.0,3045
2022-11-22 19:15:00,16237.0,3046
2022-11-22 22:45:00,16270.0,3047
2022-11-23 03:45:00,16578.0,3048
2022-11-23 07:30:00,16640.5,3049
2022-11-23 10:45:00,16674.5,3050
2022-11-23 19:00:00,16710.5,3051
2022-11-24 02:00:00,16810.0,3052
2022-11-24 16:15:00,16664.0,3053
2022-11-24 22:45:00,16636.5,3054
2022-11-25 11:15:00,16594.5,3055
2022-11-25 20:15:00,16646.0,3056
2022-11-26 01:15:00,16685.0,3057
2022-11-26 05:30:00,16640.0,3058
2022-11-26 10:15:00,16620.0,3059
2022-11-26 14:30:00,16675.5,3060
2022-11-26 21:15:00,16535.5,3061
2022-11-27 04:30:00,16588.5,3062
2022-11-27 10:30:00,16583.0,3063
2022-11-27 15:45:00,16574.0,3064
2022-11-27 21:45:00,16580.0,3065
2022-11-28 04:15:00,16237.0,3066
2022-11-28 08:30:00,16262.0,3067
2022-11-28 16:45:00,16380.0,3068
2022-11-28 20:45:00,16265.0,3069
2022-11-29 05:00:00,16525.0,3070
2022-11-29 08:45:00,16547.0,3071
2022-11-29 20:00:00,16516.0,3072
2022-11-30 02:15:00,17125.0,3073
2022-11-30 08:15:00,16924.5,3074
2022-11-30 19:15:00,17142.0,3075
2022-11-30 22:45:00,17270.0,3076
2022-12-01 08:45:00,17124.0,3077
2022-12-01 13:30:00,17390.0,3078
2022-12-02 01:00:00,17041.5,3079
2022-12-02 13:00:00,17100.0,3080
2022-12-03 00:00:00,17150.0,3081
2022-12-03 09:45:00,16977.0,3082
2022-12-03 17:30:00,16980.0,3083
2022-12-04 01:15:00,17044.5,3084
2022-12-04 05:00:00,17067.0,3085
2022-12-04 08:15:00,17039.0,3086
2022-12-04 18:00:00,17146.5,3087
2022-12-05 04:45:00,17425.5,3088
2022-12-05 08:30:00,17369.5,3089
2022-12-05 18:15:00,17137.5,3090
2022-12-06 01:00:00,17093.0,3091
2022-12-06 08:45:00,17038.5,3092
2022-12-06 13:15:00,17027.0,3093
2022-12-07 00:30:00,17135.0,3094
2022-12-07 14:30:00,16885.0,3095
2022-12-08 00:15:00,16878.5,3096
2022-12-08 09:00:00,16835.5,3097
2022-12-08 12:00:00,16877.0,3098
2022-12-08 20:00:00,17286.0,3099
2022-12-09 01:15:00,17280.0,3100
2022-12-09 12:30:00,17348.0,3101
2022-12-10 00:15:00,17157.5,3102
2022-12-10 07:15:00,17172.0,3103
2022-12-10 16:00:00,17219.5,3104
2022-12-11 06:00:00,17185.0,3105
2022-12-11 19:00:00,17261.5,3106
2022-12-12 10:45:00,16998.0,3107
2022-12-12 14:15:00,17049.0,3108
2022-12-12 23:45:00,17234.5,3109
2022-12-13 06:30:00,17193.5,3110
2022-12-13 09:45:00,17514.0,3111
2022-12-13 13:30:00,18000.0,3112
2022-12-13 19:45:00,17780.0,3113
2022-12-14 01:00:00,17828.5,3114
2022-12-14 08:30:00,17878.0,3115
2022-12-14 19:00:00,18379.0,3116
2022-12-15 06:45:00,17735.0,3117
2022-12-15 11:30:00,17716.0,3118
2022-12-15 19:30:00,17467.5,3119
2022-12-16 00:45:00,17418.0,3120
2022-12-16 07:45:00,17530.0,3121
2022-12-16 14:45:00,17078.0,3122
2022-12-16 20:15:00,16954.0,3123
2022-12-17 06:30:00,16763.0,3124
2022-12-17 10:45:00,16745.0,3125
2022-12-17 23:00:00,16792.5,3126
2022-12-18 08:00:00,16755.0,3127
2022-12-18 12:45:00,16728.0,3128
2022-12-18 18:15:00,16786.0,3129
2022-12-18 22:30:00,16900.0,3130
2022-12-19 10:15:00,16775.0,3131
2022-12-19 14:30:00,16760.0,3132
2022-12-19 21:15:00,16644.5,3133
2022-12-20 02:30:00,16990.0,3134
2022-12-20 09:30:00,16856.0,3135
2022-12-20 15:30:00,17054.0,3136
2022-12-20 20:15:00,16922.5,3137
2022-12-20 23:30:00,16918.5,3138
2022-12-21 08:45:00,16894.0,3139
2022-12-21 11:45:00,16891.0,3140
2022-12-21 14:45:00,16918.5,3141
2022-12-22 00:45:00,16855.0,3142
2022-12-22 04:15:00,16850.0,3143
2022-12-22 09:30:00,16862.5,3144
2022-12-22 22:00:00,16890.0,3145
2022-12-23 03:00:00,16903.5,3146
2022-12-23 10:30:00,16888.5,3147
2022-12-23 13:30:00,16990.0,3148
2022-12-23 19:30:00,16862.0,3149
2022-12-24 07:15:00,16852.0,3150
2022-12-24 19:00:00,16859.0,3151
2022-12-25 05:15:00,16834.5,3152
2022-12-25 15:00:00,16853.5,3153
2022-12-25 21:45:00,16844.5,3154
2022-12-26 04:00:00,16912.0,3155
2022-12-26 19:15:00,16854.5,3156
2022-12-27 00:00:00,16961.0,3157
2022-12-27 05:00:00,16888.5,3158
2022-12-27 15:15:00,16839.5,3159
2022-12-28 01:30:00,16749.5,3160
2022-12-28 11:45:00,16680.5,3161
2022-12-28 15:00:00,16778.0,3162
2022-12-29 00:45:00,16591.5,3163
2022-12-29 09:15:00,16636.0,3164
2022-12-29 14:30:00,16665.0,3165
2022-12-29 23:30:00,16653.5,3166
2022-12-30 21:00:00,16725.0,3167
2022-12-30 23:45:00,16637.5,3168
2022-12-31 08:30:00,16595.0,3169
2022-12-31 14:15:00,16650.5,3170
2023-01-01 02:30:00,16577.5,3171
2023-01-01 06:15:00,16560.0,3172
2023-01-01 12:30:00,16582.0,3173
2023-01-01 19:15:00,16631.0,3174
2023-01-02 00:00:00,16627.0,3175
2023-01-02 03:45:00,16709.5,3176
2023-01-02 07:15:00,16774.0,3177
2023-01-02 15:30:00,16749.5,3178
2023-01-02 21:45:00,16799.0,3179
2023-01-03 06:30:00,16774.0,3180
2023-01-03 09:45:00,16750.0,3181
2023-01-03 14:30:00,16770.0,3182
2023-01-04 04:00:00,16898.5,3183
2023-01-04 08:15:00,16903.0,3184
2023-01-04 19:00:00,16988.0,3185
2023-01-05 00:15:00,16873.5,3186
2023-01-05 05:15:00,16841.5,3187
2023-01-05 11:45:00,16832.5,3188
2023-01-05 19:45:00,16864.0,3189
2023-01-06 00:45:00,16860.0,3190
2023-01-06 20:15:00,17031.5,3191
2023-01-07 01:00:00,16974.0,3192
2023-01-07 08:00:00,16941.5,3193
2023-01-07 14:45:00,16937.5,3194
2023-01-07 20:00:00,16949.0,3195
2023-01-08 00:00:00,16946.0,3196
2023-01-08 09:30:00,16962.0,3197
2023-01-08 15:45:00,17010.5,3198
2023-01-09 05:15:00,17249.0,3199
2023-01-09 10:30:00,17271.0,3200
2023-01-09 18:15:00,17385.0,3201
2023-01-10 01:00:00,17230.0,3202
2023-01-10 15:15:00,17362.5,3203
2023-01-10 21:30:00,17480.5,3204
2023-01-11 01:00:00,17495.0,3205
2023-01-11 09:15:00,17461.5,3206
2023-01-11 14:45:00,17431.0,3207
2023-01-12 02:45:00,18377.0,3208
2023-01-12 21:00:00,19133.5,3209
2023-01-13 03:45:00,18865.5,3210
2023-01-13 10:45:00,19036.0,3211
2023-01-13 17:15:00,19398.0,3212
2023-01-14 00:30:00,21550.0,3213
2023-01-14 08:30:00,21039.0,3214
2023-01-14 14:30:00,21243.5,3215
2023-01-14 17:15:00,20934.5,3216
2023-01-14 23:00:00,21093.0,3217
2023-01-15 06:30:00,20795.5,3218
2023-01-15 10:00:00,20773.0,3219
2023-01-15 17:15:00,21066.0,3220
2023-01-16 02:15:00,21450.0,3221
2023-01-16 06:45:00,21300.0,3222
2023-01-16 20:30:00,21488.0,3223
2023-01-17 00:00:00,21297.0,3224
2023-01-17 04:30:00,21230.0,3225
2023-01-17 09:00:00,21244.0,3226
2023-01-17 14:15:00,21626.5,3227
2023-01-17 18:45:00,21413.0,3228
2023-01-18 03:15:00,21369.5,3229
2023-01-18 14:15:00,21673.0,3230
2023-01-19 04:30:00,20871.0,3231
2023-01-19 15:15:00,20945.0,3232
2023-01-19 20:15:00,21173.5,3233
2023-01-20 02:30:00,21213.0,3234
2023-01-21 00:00:00,22794.0,3235
2023-01-21 04:30:00,22635.5,3236
2023-01-21 10:15:00,23347.0,3237
2023-01-21 17:45:00,23381.0,3238
2023-01-22 06:30:00,22978.5,3239
2023-01-22 15:00:00,23083.0,3240
2023-01-23 01:00:00,22829.5,3241
2023-01-23 06:45:00,22791.5,3242
2023-01-23 14:45:00,23160.0,3243
2023-01-23 18:15:00,23187.0,3244
2023-01-24 02:15:00,23145.5,3245
2023-01-24 05:30:00,23165.5,3246
2023-01-24 12:30:00,23030.0,3247
2023-01-24 19:30:00,23086.5,3248
2023-01-25 07:15:00,22769.0,3249
2023-01-25 12:00:00,22752.0,3250
2023-01-25 22:00:00,23875.0,3251
2023-01-26 14:30:00,23241.5,3252
2023-01-26 20:30:00,23179.0,3253
2023-01-27 05:45:00,23099.5,3254
2023-01-27 20:00:00,23515.5,3255
2023-01-28 00:30:00,23193.0,3256
2023-01-28 09:45:00,23019.0,3257
2023-01-28 16:15:00,23058.5,3258
2023-01-28 19:45:00,23046.5,3259
2023-01-29 01:15:00,23514.0,3260
2023-01-29 06:00:00,23267.5,3261
2023-01-29 13:00:00,23664.5,3262
2023-01-29 19:45:00,23966.0,3263
2023-01-29 23:15:00,23883.5,3264
2023-01-30 04:00:00,23764.0,3265
2023-01-30 15:00:00,23300.5,3266
2023-01-31 02:30:00,22914.0,3267
2023-01-31 08:00:00,22994.0,3268
2023-01-31 16:30:00,23224.5,3269
2023-01-31 22:45:00,23375.0,3270
2023-02-01 01:45:00,23179.5,3271
2023-02-01 05:30:00,23164.5,3272
2023-02-01 13:15:00,23142.0,3273
2023-02-02 00:45:00,24280.0,3274
2023-02-02 11:30:00,23855.0,3275
2023-02-02 14:15:00,23949.5,3276
2023-02-02 18:15:00,24159.5,3277
2023-02-03 16:30:00,23723.0,3278
2023-02-03 23:30:00,23475.0,3279
2023-02-04 07:00:00,23371.5,3280
2023-02-04 13:15:00,23587.5,3281
2023-02-04 18:00:00,23471.5,3282
2023-02-04 22:30:00,23450.0,3283
2023-02-05 06:30:00,23434.5,3284
2023-02-06 00:30:00,23098.0,3285
2023-02-06 08:00:00,22934.0,3286
2023-02-06 12:00:00,22937.0,3287
2023-02-06 16:15:00,23165.0,3288
2023-02-06 19:15:00,23126.0,3289
2023-02-07 06:15:00,22984.0,3290
2023-02-07 10:15:00,23062.0,3291
2023-02-07 17:45:00,23363.0,3292
2023-02-08 01:00:00,23462.5,3293
2023-02-08 18:00:00,23041.0,3294
2023-02-09 00:00:00,23011.0,3295
2023-02-09 08:15:00,22760.0,3296
2023-02-09 14:30:00,22847.5,3297
2023-02-10 02:45:00,21939.5,3298
2023-02-10 07:45:00,21931.3,3299
2023-02-10 15:15:00,21900.0,3300
2023-02-10 19:30:00,21794.0,3301
2023-02-11 03:00:00,21715.0,3302
2023-02-11 07:45:00,21706.0,3303
2023-02-11 12:15:00,21776.0,3304
2023-02-11 23:30:00,21890.0,3305
2023-02-12 09:45:00,21946.2,3306
2023-02-12 16:30:00,22079.0,3307
2023-02-13 00:45:00,21867.1,3308
2023-02-13 04:15:00,21861.0,3309
2023-02-13 07:15:00,21887.0,3310
2023-02-13 18:45:00,21673.0,3311
2023-02-13 23:30:00,21843.0,3312
2023-02-14 09:45:00,21878.9,3313
2023-02-14 15:00:00,22310.7,3314
2023-02-14 21:15:00,22286.5,3315
2023-02-15 12:15:00,22914.1,3316
2023-02-16 00:15:00,24939.9,3317
2023-02-16 10:00:00,24673.3,3318
2023-02-16 16:00:00,25296.1,3319
2023-02-17 03:30:00,23915.5,3320
2023-02-17 09:00:00,23869.3,3321
2023-02-17 20:15:00,25043.9,3322
2023-02-18 00:15:00,24794.9,3323
2023-02-18 06:00:00,24678.8,3324
2023-02-18 14:45:00,24741.0,3325
2023-02-18 18:00:00,24886.6,3326
2023-02-19 01:00:00,24774.1,3327
2023-02-19 05:15:00,24855.5,3328
2023-02-19 11:15:00,24722.5,3329
2023-02-19 16:15:00,25197.5,3330
2023-02-19 21:00:00,24583.9,3331
2023-02-20 04:15:00,24550.9,3332
2023-02-20 10:00:00,24988.0,3333
2023-02-20 15:00:00,25149.6,3334
2023-02-21 02:30:00,25113.3,3335
2023-02-21 08:15:00,25295.0,3336
2023-02-21 14:30:00,24789.0,3337
2023-02-21 18:00:00,24759.0,3338
2023-02-22 00:00:00,24476.0,3339
2023-02-22 12:15:00,24234.3,3340
2023-02-22 19:00:00,23981.7,3341
2023-02-23 03:00:00,24602.9,3342
2023-02-23 08:15:00,24500.0,3343
2023-02-23 20:00:00,24079.6,3344
2023-02-24 01:00:00,24130.0,3345
2023-02-24 08:30:00,23970.0,3346
2023-02-24 12:15:00,24030.0,3347
2023-02-24 20:15:00,23326.7,3348
2023-02-25 02:00:00,23212.8,3349
2023-02-25 08:15:00,23150.0,3350
2023-02-25 13:30:00,23085.8,3351
2023-02-25 16:30:00,23078.0,3352
2023-02-25 23:15:00,23188.0,3353
2023-02-26 02:45:00,23248.7,3354
2023-02-26 09:45:00,23288.0,3355
2023-02-26 14:15:00,23320.0,3356
2023-02-26 20:30:00,23685.7,3357
2023-02-27 02:00:00,23637.2,3358
2023-02-27 15:00:00,23889.0,3359
2023-02-27 23:45:00,23575.0,3360
2023-02-28 03:00:00,23516.4,3361
2023-02-28 16:00:00,23592.9,3362
2023-03-01 04:45:00,23838.0,3363
2023-03-01 08:45:00,24028.4,3364
2023-03-01 14:45:00,23886.0,3365
2023-03-02 00:15:00,23788.2,3366
2023-03-02 04:45:00,23539.5,3367
2023-03-02 08:30:00,23476.8,3368
2023-03-02 20:45:00,23567.0,3369
2023-03-03 05:00:00,22403.1,3370
2023-03-03 09:00:00,22468.0,3371
2023-03-03 14:00:00,22495.0,3372
2023-03-03 17:45:00,22438.1,3373
2023-03-04 00:30:00,22377.8,3374
2023-03-04 06:15:00,22394.8,3375
2023-03-04 12:45:00,22385.0,3376
2023-03-05 01:15:00,22672.9,3377
2023-03-05 10:15:00,22440.4,3378
2023-03-05 13:30:00,22488.6,3379
2023-03-05 21:15:00,22569.2,3380
2023-03-06 01:15:00,22498.9,3381
2023-03-06 08:30:00,22435.0,3382
2023-03-06 15:45:00,22594.7,3383
2023-03-07 03:00:00,22541.2,3384
2023-03-07 10:30:00,22422.3,3385
2023-03-07 15:30:00,22485.7,3386
2023-03-08 00:00:00,22280.0,3387
2023-03-08 10:30:00,22139.0,3388
2023-03-08 15:00:00,22227.0,3389
2023-03-08 20:30:00,22130.0,3390
2023-03-09 03:30:00,21805.7,3391
2023-03-09 14:15:00,21837.5,3392
2023-03-10 13:45:00,20294.0,3393
2023-03-10 16:30:00,20297.2,3394
2023-03-11 01:30:00,20671.2,3395
2023-03-11 14:30:00,20198.4,3396
2023-03-11 17:45:00,20332.2,3397
2023-03-11 20:30:00,20459.9,3398
2023-03-11 23:45:00,20526.8,3399
2023-03-12 11:30:00,20486.6,3400
2023-03-12 18:30:00,21348.6,3401
2023-03-13 00:45:00,22588.0,3402
2023-03-13 08:00:00,22535.0,3403
2023-03-13 15:00:00,24560.0,3404
2023-03-13 19:00:00,24450.0,3405
2023-03-14 02:00:00,24510.8,3406
2023-03-14 05:00:00,24850.9,3407
2023-03-14 13:00:00,26500.0,3408
2023-03-15 01:15:00,25099.1,3409
2023-03-15 07:45:00,24941.6,3410
2023-03-15 12:30:00,25211.0,3411
2023-03-15 18:30:00,24526.0,3412
2023-03-15 22:00:00,24647.0,3413
2023-03-16 02:15:00,24443.3,3414
2023-03-16 10:45:00,25068.7,3415
2023-03-16 14:45:00,25031.0,3416
2023-03-16 19:15:00,25175.0,3417
2023-03-17 02:00:00,25888.0,3418
2023-03-17 06:45:00,26219.2,3419
2023-03-17 11:45:00,26976.5,3420
2023-03-17 22:45:00,27766.0,3421
2023-03-18 06:00:00,27602.4,3422
2023-03-18 12:45:00,27640.0,3423
2023-03-18 20:45:00,27448.9,3424
2023-03-19 04:00:00,27276.9,3425
2023-03-19 12:15:00,27380.0,3426
2023-03-19 20:00:00,28417.1,3427
2023-03-19 23:15:00,28298.9,3428
2023-03-20 09:00:00,28480.0,3429
2023-03-20 21:00:00,28189.5,3430
2023-03-21 04:30:00,27949.7,3431
2023-03-21 12:45:00,28238.7,3432
2023-03-21 16:30:00,28471.0,3433
2023-03-22 05:30:00,28289.3,3434
2023-03-22 14:45:00,28736.0,3435
2023-03-22 18:00:00,28897.0,3436
2023-03-23 00:15:00,27411.1,3437
2023-03-23 08:00:00,27737.0,3438
2023-03-23 15:15:00,28780.0,3439
2023-03-23 19:45:00,28441.3,3440
2023-03-23 23:15:00,28443.0,3441
2023-03-24 06:15:00,28335.4,3442
2023-03-24 14:00:00,28249.1,3443
2023-03-25 02:15:00,27656.6,3444
2023-03-25 07:15:00,27568.2,3445
2023-03-25 10:45:00,27518.0,3446
2023-03-25 15:45:00,27787.5,3447
2023-03-26 01:30:00,27642.0,3448
2023-03-26 08:30:00,27766.4,3449
2023-03-26 13:45:00,28196.7,3450
2023-03-26 18:00:00,27939.9,3451
2023-03-26 23:15:00,28130.0,3452
2023-03-27 04:15:00,27917.6,3453
2023-03-27 11:00:00,27986.9,3454
2023-03-27 22:00:00,27235.7,3455
2023-03-28 01:30:00,27174.1,3456
2023-03-28 06:30:00,27135.0,3457
2023-03-28 12:00:00,27196.0,3458
2023-03-28 15:30:00,27082.4,3459
2023-03-28 19:45:00,27497.0,3460
2023-03-29 01:15:00,27465.6,3461
2023-03-29 08:30:00,28644.5,3462
2023-03-29 14:15:00,28594.5,3463
2023-03-29 21:15:00,28530.0,3464
2023-03-30 02:30:00,29197.2,3465
2023-03-30 07:30:00,28777.8,3466
2023-03-30 11:30:00,28688.7,3467
2023-03-30 21:00:00,28199.4,3468
2023-03-31 01:00:00,28370.0,3469
2023-03-31 14:45:00,28675.1,3470
2023-03-31 22:30:00,28633.4,3471
2023-04-01 02:00:00,28838.6,3472
2023-04-01 16:30:00,28420.3,3473
2023-04-01 20:30:00,28576.0,3474
2023-04-01 23:15:00,28543.7,3475
2023-04-02 03:30:00,28525.0,3476
2023-04-02 06:45:00,28484.2,3477
2023-04-02 17:45:00,28229.9,3478
2023-04-02 23:45:00,28188.1,3479
2023-04-03 10:30:00,28550.0,3480
2023-04-03 13:45:00,28366.5,3481
2023-04-03 18:30:00,28235.2,3482
2023-04-03 23:00:00,28019.4,3483
2023-04-04 03:30:00,27955.8,3484
2023-04-04 06:45:00,28138.0,3485
2023-04-04 11:00:00,28438.4,3486
2023-04-04 20:30:00,28296.8,3487
2023-04-05 02:30:00,28797.1,3488
2023-04-05 05:30:00,28617.2,3489
2023-04-05 08:15:00,28600.0,3490
2023-04-05 12:45:00,28750.0,3491
2023-04-05 19:45:00,28298.0,3492
2023-04-06 03:45:00,28148.0,3493
2023-04-06 12:30:00,28087.9,3494
2023-04-06 15:30:00,28173.5,3495
2023-04-06 20:30:00,28123.8,3496
2023-04-07 00:45:00,28094.1,3497
2023-04-07 12:30:00,28000.0,3498
2023-04-07 22:45:00,27970.0,3499
2023-04-08 05:45:00,28164.2,3500
2023-04-08 14:15:00,28036.4,3501
2023-04-09 00:45:00,28074.7,3502
2023-04-09 05:15:00,28059.0,3503
2023-04-09 12:30:00,27958.9,3504
2023-04-09 22:00:00,28524.4,3505
2023-04-10 08:30:00,28360.0,3506
2023-04-10 17:00:00,29289.0,3507
2023-04-11 02:00:00,30467.8,3508
2023-04-11 07:15:00,30150.0,3509
2023-04-11 14:00:00,30272.1,3510
2023-04-11 19:15:00,30560.5,3511
2023-04-12 00:15:00,30344.0,3512
2023-04-12 07:15:00,30067.0,3513
2023-04-12 12:30:00,30480.0,3514
2023-04-12 17:30:00,30079.1,3515
2023-04-12 21:30:00,29974.4,3516
2023-04-13 02:30:00,30220.0,3517
2023-04-13 05:45:00,30111.0,3518
2023-04-13 09:15:00,30370.8,3519
2023-04-13 15:00:00,30600.0,3520
2023-04-13 18:15:00,30552.0,3521
2023-04-14 01:45:00,30949.8,3522
2023-04-14 06:45:00,31061.7,3523
2023-04-14 12:00:00,30860.0,3524
2023-04-14 20:30:00,30509.4,3525
2023-04-15 00:15:00,30583.0,3526
2023-04-15 07:45:00,30460.0,3527
2023-04-15 23:00:00,30365.4,3528
2023-04-16 07:30:00,30390.0,3529
2023-04-16 19:00:00,30565.4,3530
2023-04-17 06:00:00,29998.9,3531
2023-04-17 19:30:00,29580.0,3532
2023-04-17 22:30:00,29535.3,3533
2023-04-18 12:15:00,30500.0,3534
2023-04-18 20:45:00,30475.8,3535
2023-04-19 00:15:00,30416.2,3536
2023-04-19 05:45:00,30335.0,3537
2023-04-19 14:30:00,29494.6,3538
2023-04-20 06:15:00,29082.8,3539
2023-04-20 12:45:00,28959.1,3540
2023-04-21 00:45:00,28368.0,3541
2023-04-21 04:00:00,28347.2,3542
2023-04-21 13:30:00,28299.9,3543
2023-04-22 05:45:00,27395.8,3544
2023-04-22 17:30:00,27774.6,3545
2023-04-22 22:30:00,27880.4,3546
2023-04-23 08:00:00,27756.7,3547
2023-04-23 12:30:00,27726.7,3548
2023-04-23 16:45:00,27678.3,3549
2023-04-24 01:15:00,27989.0,3550
2023-04-24 13:45:00,27700.0,3551
2023-04-24 18:15:00,27569.9,3552
2023-04-25 00:15:00,27584.4,3553
2023-04-25 05:45:00,27447.0,3554
2023-04-25 12:15:00,27464.0,3555
2023-04-26 00:00:00,28485.0,3556
2023-04-26 12:30:00,30062.0,3557
2023-04-26 16:00:00,29893.7,3558
2023-04-27 00:15:00,29480.0,3559
2023-04-27 05:30:00,29277.3,3560
2023-04-27 11:00:00,29135.6,3561
2023-04-27 15:15:00,29594.6,3562
2023-04-27 18:45:00,29883.5,3563
2023-04-28 01:00:00,29593.8,3564
2023-04-28 05:45:00,29558.0,3565
2023-04-28 12:30:00,29471.9,3566
2023-04-28 19:00:00,29432.2,3567
2023-04-28 22:45:00,29422.2,3568
2023-04-29 04:15:00,29427.9,3569
2023-04-29 14:00:00,29381.7,3570
2023-04-29 19:30:00,29298.0,3571
2023-04-30 08:30:00,29334.0,3572
2023-04-30 15:30:00,29955.0,3573
2023-05-01 07:00:00,28699.1,3574
2023-05-01 13:30:00,28608.8,3575
2023-05-01 22:30:00,28167.2,3576
2023-05-02 07:15:00,28150.0,3577
2023-05-02 15:30:00,28768.6,3578
2023-05-02 19:00:00,28869.0,3579
2023-05-02 22:30:00,28796.5,3580
2023-05-03 08:30:00,28757.6,3581
2023-05-03 18:00:00,28856.6,3582
2023-05-03 22:15:00,29262.8,3583
2023-05-04 02:00:00,29176.0,3584
2023-05-04 06:00:00,29229.1,3585
2023-05-04 10:30:00,29384.2,3586
2023-05-04 16:15:00,28964.8,3587
2023-05-04 20:30:00,28911.8,3588
2023-05-05 02:00:00,29534.7,3589
2023-05-05 16:15:00,29674.0,3590
2023-05-06 00:30:00,29833.0,3591
2023-05-06 07:30:00,29424.2,3592
2023-05-06 18:30:00,28953.0,3593
2023-05-07 01:15:00,29129.3,3594
2023-05-07 08:15:00,28939.6,3595
2023-05-07 14:45:00,29081.7,3596
2023-05-07 21:30:00,28944.7,3597
2023-05-08 05:45:00,28250.0,3598
2023-05-08 11:00:00,27963.0,3599
2023-05-08 15:00:00,28076.0,3600
2023-05-09 01:30:00,27739.1,3601
2023-05-09 08:00:00,27659.3,3602
2023-05-09 12:15:00,27810.6,3603
2023-05-09 17:00:00,27750.0,3604
2023-05-09 20:00:00,27768.3,3605
2023-05-10 01:15:00,27844.0,3606
2023-05-10 13:00:00,28293.0,3607
2023-05-10 16:30:00,28286.9,3608
2023-05-10 20:15:00,27970.4,3609
2023-05-11 07:30:00,27544.9,3610
2023-05-11 12:30:00,27618.0,3611
2023-05-11 21:00:00,27057.0,3612
2023-05-12 01:15:00,27078.9,3613
2023-05-12 09:45:00,26440.5,3614
2023-05-12 14:15:00,26597.9,3615
2023-05-12 22:00:00,26884.5,3616
2023-05-13 01:15:00,26975.8,3617
2023-05-13 05:15:00,26857.7,3618
2023-05-13 12:30:00,26896.5,3619
2023-05-13 18:45:00,27036.5,3620
2023-05-14 06:15:00,26885.0,3621
2023-05-14 15:00:00,27198.6,3622
2023-05-14 21:00:00,26949.0,3623
2023-05-15 06:30:00,27534.9,3624
2023-05-15 17:15:00,27648.0,3625
2023-05-16 08:15:00,27273.0,3626
2023-05-16 12:30:00,27126.0,3627
2023-05-16 16:45:00,27147.5,3628
2023-05-17 01:30:00,27226.5,3629
2023-05-17 10:30:00,26897.0,3630
2023-05-17 21:15:00,27565.2,3631
2023-05-18 00:15:00,27474.6,3632
2023-05-18 07:45:00,27443.6,3633
2023-05-18 12:00:00,27468.6,3634
2023-05-18 21:30:00,27049.0,3635
2023-05-19 07:15:00,26952.8,3636
2023-05-19 12:00:00,26983.8,3637
2023-05-19 15:15:00,27172.9,3638
2023-05-19 22:00:00,26907.6,3639
2023-05-20 05:00:00,26864.6,3640
2023-05-20 08:45:00,26900.9,3641
2023-05-20 12:15:00,26944.1,3642
2023-05-20 18:00:00,27134.0,3643
2023-05-21 00:45:00,27282.1,3644
2023-05-21 10:00:00,27076.6,3645
2023-05-21 15:00:00,26967.7,3646
2023-05-21 20:00:00,26916.6,3647
2023-05-22 06:15:00,26900.0,3648
2023-05-22 13:30:00,27099.3,3649
2023-05-22 20:45:00,26959.4,3650
2023-05-23 05:15:00,27495.6,3651
2023-05-23 12:30:00,27376.5,3652
2023-05-23 15:15:00,27362.8,3653
2023-05-23 23:15:00,27243.0,3654
2023-05-24 09:15:00,26840.4,3655
2023-05-24 20:30:00,26492.8,3656
2023-05-25 06:00:00,26286.6,3657
2023-05-25 12:00:00,26510.0,3658
2023-05-25 19:00:00,26627.4,3659
2023-05-25 23:15:00,26538.9,3660
2023-05-26 08:30:00,26537.3,3661
2023-05-26 14:30:00,26929.9,3662
2023-05-27 03:30:00,26772.3,3663
2023-05-27 13:30:00,26764.5,3664
2023-05-27 18:30:00,26843.0,3665
2023-05-28 04:00:00,27274.5,3666
2023-05-28 08:00:00,27218.0,3667
2023-05-28 11:15:00,27347.0,3668
2023-05-28 18:15:00,27782.0,3669
2023-05-29 00:15:00,28449.0,3670
2023-05-29 10:15:00,27964.9,3671
2023-05-29 13:15:00,27937.1,3672
2023-05-29 23:00:00,27822.0,3673
2023-05-30 03:15:00,27930.0,3674
2023-05-30 11:45:00,28036.7,3675
2023-05-30 19:30:00,27860.0,3676
2023-05-31 01:15:00,27824.0,3677
2023-05-31 13:45:00,27212.5,3678
2023-06-01 00:00:00,27343.4,3679
2023-06-01 06:00:00,26872.9,3680
2023-06-01 09:15:00,26943.1,3681
2023-06-01 14:00:00,26974.8,3682
2023-06-01 16:45:00,27173.9,3683
2023-06-02 05:30:00,27216.0,3684
2023-06-02 09:00:00,27173.7,3685
2023-06-02 12:30:00,27265.0,3686
2023-06-02 19:30:00,27293.4,3687
2023-06-02 22:30:00,27291.9,3688
2023-06-03 06:15:00,27209.3,3689
2023-06-03 10:30:00,27172.8,3690
2023-06-03 15:45:00,27324.9,3691
2023-06-03 23:30:00,27075.1,3692
2023-06-04 02:45:00,27095.2,3693
2023-06-04 09:30:00,27241.8,3694
2023-06-04 13:45:00,27285.0,3695
2023-06-04 22:15:00,27450.0,3696
2023-06-05 14:00:00,26812.2,3697
2023-06-05 23:30:00,25854.9,3698
2023-06-06 06:45:00,25799.9,3699
2023-06-06 10:45:00,25780.0,3700
2023-06-06 19:45:00,27213.9,3701
2023-06-07 00:45:00,27397.0,3702
2023-06-07 11:30:00,26979.0,3703
2023-06-08 01:00:00,26457.3,3704
2023-06-08 07:30:00,26507.8,3705
2023-06-08 15:45:00,26810.5,3706
2023-06-08 21:00:00,26638.7,3707
2023-06-09 01:30:00,26585.7,3708
2023-06-09 09:45:00,26678.0,3709
2023-06-09 13:15:00,26770.0,3710
2023-06-09 21:30:00,26492.1,3711
2023-06-10 01:00:00,26527.7,3712
2023-06-10 08:30:00,25748.0,3713
2023-06-10 11:45:00,25723.0,3714
2023-06-10 17:45:00,26145.7,3715
2023-06-10 22:30:00,25917.0,3716
2023-06-11 05:45:00,25819.5,3717
2023-06-11 11:30:00,25835.9,3718
2023-06-11 20:00:00,26196.8,3719
2023-06-12 09:00:00,26095.0,3720
2023-06-12 17:45:00,25964.7,3721
2023-06-13 02:30:00,26150.0,3722
2023-06-13 08:45:00,26266.0,3723
2023-06-13 12:30:00,26420.0,3724
2023-06-13 18:15:00,25963.0,3725
2023-06-14 02:00:00,26048.4,3726
2023-06-14 12:45:00,26073.0,3727
2023-06-14 18:00:00,26098.4,3728
2023-06-15 00:45:00,25197.4,3729
2023-06-15 13:45:00,25103.0,3730
2023-06-15 21:30:00,25750.0,3731
2023-06-16 06:30:00,25623.2,3732
2023-06-16 09:15:00,25616.8,3733
2023-06-16 18:00:00,26500.0,3734
2023-06-17 05:30:00,26886.8,3735
2023-06-17 22:00:00,26589.0,3736
2023-06-18 07:15:00,26666.5,3737
2023-06-18 20:00:00,26698.0,3738
2023-06-19 02:00:00,26469.7,3739
2023-06-19 06:00:00,26469.9,3740
2023-06-19 12:45:00,26577.1,3741
2023-06-19 18:15:00,27063.8,3742
2023-06-20 01:00:00,27166.0,3743
2023-06-20 05:15:00,27023.7,3744
2023-06-20 12:00:00,26968.8,3745
2023-06-21 01:00:00,29117.6,3746
2023-06-21 06:00:00,28996.6,3747
2023-06-21 10:30:00,29217.0,3748
2023-06-21 16:30:00,30800.0,3749
2023-06-22 02:45:00,30497.6,3750
2023-06-22 10:15:00,30236.8,3751
2023-06-22 13:45:00,30350.0,3752
2023-06-22 20:00:00,30262.0,3753
2023-06-23 04:45:00,30079.7,3754
2023-06-23 12:00:00,30225.0,3755
2023-06-23 15:45:00,31444.0,3756
2023-06-24 02:30:00,30775.0,3757
2023-06-24 12:30:00,30797.9,3758
2023-06-24 18:15:00,30687.5,3759
2023-06-25 04:30:00,31042.1,3760
2023-06-25 12:00:00,30733.0,3761
2023-06-25 22:30:00,30564.7,3762
2023-06-26 03:45:00,30317.0,3763
2023-06-26 07:15:00,30565.0,3764
2023-06-26 14:00:00,30649.6,3765
2023-06-26 19:45:00,30299.5,3766
2023-06-27 03:00:00,30490.0,3767
2023-06-27 14:00:00,30997.0,3768
2023-06-27 17:45:00,30770.0,3769
2023-06-27 22:00:00,30730.7,3770
2023-06-28 11:45:00,30369.0,3771
2023-06-28 14:30:00,30490.0,3772
2023-06-29 01:30:00,30237.4,3773
2023-06-29 13:15:00,30830.0,3774
2023-06-29 17:30:00,30655.9,3775
2023-06-30 04:45:00,31291.9,3776
2023-06-30 08:45:00,30891.9,3777
2023-06-30 12:30:00,31115.7,3778
2023-06-30 17:15:00,30714.1,3779
2023-06-30 23:30:00,30529.8,3780
2023-07-01 15:00:00,30650.0,3781
2023-07-01 19:30:00,30620.0,3782
2023-07-02 00:15:00,30644.9,3783
2023-07-02 08:15:00,30549.0,3784
2023-07-02 16:15:00,30699.8,3785
2023-07-02 22:15:00,30790.0,3786
2023-07-03 03:45:00,30782.4,3787
2023-07-03 07:30:00,30747.0,3788
2023-07-03 15:45:00,31173.1,3789
2023-07-03 19:30:00,31399.4,3790
2023-07-04 02:00:00,31319.2,3791
2023-07-04 11:30:00,31073.4,3792
2023-07-04 16:15:00,31120.8,3793
2023-07-04 23:00:00,30836.0,3794
2023-07-05 03:45:00,30869.1,3795
2023-07-05 18:00:00,30588.2,3796
2023-07-06 02:00:00,30550.0,3797
2023-07-06 09:00:00,31543.1,3798
2023-07-07 05:30:00,30288.0,3799
2023-07-07 16:00:00,30445.6,3800
2023-07-08 02:45:00,30377.1,3801
2023-07-08 08:15:00,30296.5,3802
2023-07-08 16:30:00,30307.2,3803
2023-07-09 01:00:00,30389.0,3804
2023-07-09 08:30:00,30298.0,3805
2023-07-09 14:30:00,30451.0,3806
2023-07-10 03:00:00,30240.2,3807
2023-07-10 20:00:00,31035.5,3808
2023-07-11 01:45:00,30587.8,3809
2023-07-11 06:45:00,30647.6,3810
2023-07-11 15:15:00,30811.2,3811
2023-07-11 23:15:00,30635.0,3812
2023-07-12 02:45:00,30666.6,3813
2023-07-12 07:30:00,30835.0,3814
2023-07-12 12:30:00,30962.2,3815
2023-07-12 18:30:00,30523.9,3816
2023-07-13 00:15:00,30424.9,3817
2023-07-13 10:45:00,30633.5,3818
2023-07-13 19:30:00,31843.9,3819
2023-07-14 00:30:00,31513.8,3820
2023-07-14 03:15:00,31635.1,3821
2023-07-14 15:15:00,31361.5,3822
2023-07-15 01:30:00,30384.0,3823
2023-07-15 10:15:00,30360.9,3824
2023-07-15 18:30:00,30338.0,3825
2023-07-16 02:45:00,30322.0,3826
2023-07-16 10:15:00,30339.0,3827
2023-07-16 14:15:00,30445.4,3828
2023-07-16 22:15:00,30345.5,3829
2023-07-17 08:30:00,30318.8,3830
2023-07-17 13:45:00,30299.1,3831
2023-07-17 21:45:00,30290.4,3832
2023-07-18 01:45:00,30224.6,3833
2023-07-18 08:30:00,30100.0,3834
2023-07-18 11:15:00,30059.4,3835
2023-07-18 14:15:00,30018.0,3836
2023-07-18 19:00:00,29930.3,3837
2023-07-19 04:15:00,30189.9,3838
2023-07-19 13:45:00,30124.7,3839
2023-07-19 19:15:00,30100.0,3840
2023-07-20 02:00:00,30035.0,3841
2023-07-20 10:00:00,30407.0,3842
2023-07-20 21:15:00,29888.8,3843
2023-07-21 02:15:00,29943.0,3844
2023-07-21 13:15:00,29895.0,3845
2023-07-21 18:30:00,30050.0,3846
2023-07-22 00:45:00,29992.3,3847
2023-07-22 07:30:00,29974.9,3848
2023-07-22 16:00:00,29898.9,3849
2023-07-23 05:15:00,29963.6,3850
2023-07-23 08:45:00,29943.8,3851
2023-07-24 00:15:00,30084.0,3852
2023-07-24 07:45:00,29862.3,3853
2023-07-24 21:30:00,29197.6,3854
2023-07-25 09:30:00,29270.0,3855
2023-07-25 13:30:00,29324.0,3856
2023-07-25 18:30:00,29367.0,3857
2023-07-26 03:00:00,29416.5,3858
2023-07-26 06:30:00,29314.9,3859
2023-07-26 20:45:00,29665.1,3860
2023-07-27 05:00:00,29480.0,3861
2023-07-27 09:45:00,29552.6,3862
2023-07-28 00:45:00,29293.9,3863
2023-07-28 15:00:00,29545.8,3864
2023-07-28 21:15:00,29359.9,3865
2023-07-29 04:30:00,29396.9,3866
2023-07-29 12:30:00,29319.6,3867
2023-07-29 20:15:00,29366.2,3868
2023-07-30 15:00:00,29444.9,3869
2023-07-31 00:45:00,29520.0,3870
2023-07-31 12:45:00,29460.7,3871
2023-07-31 21:15:00,29287.0,3872
2023-08-01 01:00:00,29334.9,3873
2023-08-01 08:45:00,28987.8,3874
2023-08-01 19:00:00,29346.0,3875
2023-08-02 01:30:00,30040.0,3876
2023-08-02 12:00:00,29600.0,3877
2023-08-02 22:15:00,29225.8,3878
2023-08-03 01:45:00,29279.2,3879
2023-08-03 10:30:00,29190.3,3880
2023-08-03 14:45:00,29433.0,3881
2023-08-03 20:30:00,29357.0,3882
2023-08-04 08:15:00,29249.0,3883
2023-08-04 13:45:00,29320.0,3884
2023-08-05 00:45:00,29140.7,3885
2023-08-05 08:45:00,29078.0,3886
2023-08-05 14:00:00,29076.9,3887
2023-08-05 18:45:00,29090.0,3888
2023-08-05 22:45:00,29082.1,3889
2023-08-06 08:45:00,29128.8,3890
2023-08-06 21:15:00,29195.0,3891
2023-08-07 02:45:00,29212.7,3892
2023-08-07 12:45:00,29140.9,3893
2023-08-07 21:15:00,29290.0,3894
2023-08-08 05:45:00,29330.0,3895
2023-08-08 13:00:00,29673.4,3896
2023-08-08 21:15:00,30265.8,3897
2023-08-09 01:45:00,29869.2,3898
2023-08-09 13:00:00,30129.0,3899
2023-08-10 01:45:00,29649.2,3900
2023-08-10 05:45:00,29608.9,3901
2023-08-10 14:00:00,29732.3,3902
2023-08-10 20:15:00,29478.0,3903
2023-08-11 07:00:00,29474.3,3904
2023-08-11 14:00:00,29573.0,3905
2023-08-11 21:00:00,29446.5,3906
2023-08-12 01:00:00,29442.5,3907
2023-08-12 04:15:00,29411.9,3908
2023-08-12 08:00:00,29416.4,3909
2023-08-12 16:30:00,29469.0,3910
2023-08-13 09:00:00,29406.1,3911
2023-08-13 19:45:00,29463.8,3912
2023-08-14 08:30:00,29485.5,3913
2023-08-14 16:45:00,29680.0,3914
2023-08-14 22:15:00,29460.0,3915
2023-08-15 09:15:00,29448.0,3916
2023-08-15 15:00:00,29496.1,3917
2023-08-16 00:45:00,29258.7,3918
2023-08-16 08:30:00,29217.0,3919
2023-08-16 12:45:00,29207.6,3920
2023-08-16 18:30:00,29236.7,3921
2023-08-17 03:45:00,28719.9,3922
2023-08-18 06:00:00,26606.5,3923
2023-08-18 09:15:00,26604.5,3924
2023-08-18 18:45:00,26320.8,3925
2023-08-19 00:30:00,26147.5,3926
2023-08-19 08:15:00,25985.4,3927
2023-08-19 16:45:00,26263.3,3928
2023-08-19 19:45:00,26147.0,3929
2023-08-20 01:00:00,26192.0,3930
2023-08-20 05:15:00,26150.0,3931
2023-08-20 13:00:00,26211.2,3932
2023-08-20 20:45:00,26307.0,3933
2023-08-21 05:30:00,26174.6,3934
2023-08-21 09:15:00,26079.5,3935
2023-08-21 14:00:00,26192.3,3936
2023-08-21 21:30:00,26279.7,3937
2023-08-22 07:30:00,26100.2,3938
2023-08-22 16:45:00,26044.0,3939
2023-08-23 00:15:00,26184.2,3940
2023-08-23 06:45:00,26171.3,3941
2023-08-23 19:45:00,26823.8,3942
2023-08-24 00:45:00,26542.8,3943
2023-08-24 09:00:00,26573.6,3944
2023-08-24 19:30:00,26127.8,3945
2023-08-24 23:45:00,26195.7,3946
2023-08-25 14:15:00,26301.3,3947
2023-08-25 20:45:00,26079.0,3948
2023-08-26 02:15:00,26115.0,3949
2023-08-26 07:00:00,26070.8,3950
2023-08-26 11:30:00,26040.1,3951
2023-08-26 21:30:00,26038.2,3952
2023-08-27 10:30:00,26085.0,3953
2023-08-27 14:15:00,26170.0,3954
2023-08-27 17:00:00,26169.5,3955
2023-08-28 12:15:00,26243.5,3956
2023-08-28 17:00:00,26187.0,3957
2023-08-29 01:15:00,26203.2,3958
2023-08-29 16:15:00,28140.8,3959
2023-08-29 23:45:00,27775.8,3960
2023-08-30 05:00:00,27464.2,3961
2023-08-30 08:30:00,27494.0,3962
2023-08-30 13:15:00,27463.1,3963
2023-08-30 21:00:00,27346.1,3964
2023-08-31 07:30:00,27282.1,3965
2023-08-31 11:30:00,27627.5,3966
2023-09-01 12:15:00,26145.0,3967
2023-09-01 20:30:00,25923.5,3968
2023-09-02 00:30:00,25829.0,3969
2023-09-02 05:30:00,25838.0,3970
2023-09-02 10:45:00,25846.5,3971
2023-09-02 15:30:00,25975.0,3972
2023-09-02 21:15:00,25895.1,3973
2023-09-03 01:00:00,25895.1,3974
2023-09-03 08:00:00,25941.6,3975
2023-09-03 12:30:00,26080.0,3976
2023-09-03 20:45:00,26133.0,3977
2023-09-04 03:15:00,26089.0,3978
2023-09-04 07:15:00,26004.1,3979
2023-09-04 15:30:00,25953.1,3980
2023-09-04 18:45:00,25936.6,3981
2023-09-04 23:30:00,25858.8,3982
2023-09-05 08:00:00,25794.1,3983
2023-09-05 15:15:00,25900.0,3984
2023-09-06 03:00:00,25856.9,3985
2023-09-06 06:15:00,25779.5,3986
2023-09-06 13:45:00,25777.2,3987
2023-09-06 17:45:00,26052.4,3988
2023-09-06 23:15:00,25777.7,3989
2023-09-07 04:00:00,25833.5,3990
2023-09-07 16:45:00,25971.8,3991
2023-09-07 21:15:00,26450.0,3992
2023-09-08 00:45:00,26436.3,3993
2023-09-08 04:45:00,26371.2,3994
2023-09-08 13:30:00,25947.9,3995
2023-09-08 23:00:00,25928.9,3996
2023-09-09 08:45:00,25892.3,3997
2023-09-09 16:30:00,25939.8,3998
2023-09-09 22:15:00,25906.0,3999
2023-09-10 03:30:00,25864.0,4000
2023-09-10 06:15:00,25861.0,4001
2023-09-10 13:45:00,25822.1,4002
2023-09-10 22:30:00,26020.0,4003
2023-09-11 06:00:00,25890.0,4004
2023-09-11 13:30:00,25746.4,4005
2023-09-11 21:15:00,25210.0,4006
2023-09-12 04:00:00,25987.8,4007
2023-09-12 10:15:00,26346.0,4008
2023-09-12 16:30:00,26584.0,4009
2023-09-12 19:15:00,26264.0,4010
2023-09-13 16:30:00,26397.0,4011
2023-09-14 01:00:00,26543.9,4012
2023-09-14 07:45:00,26388.4,4013
2023-09-14 15:00:00,26797.0,4014
2023-09-14 18:30:00,26863.2,4015
2023-09-14 23:15:00,26621.4,4016
2023-09-15 04:15:00,26646.5,4017
2023-09-15 09:00:00,26683.5,4018
2023-09-15 23:00:00,26890.9,4019
2023-09-16 02:15:00,26765.4,4020
2023-09-16 09:45:00,26569.0,4021
2023-09-16 12:45:00,26564.9,4022
2023-09-16 17:30:00,26617.2,4023
2023-09-17 04:45:00,26560.0,4024
2023-09-17 11:45:00,26609.3,4025
2023-09-17 15:00:00,26586.4,4026
2023-09-18 02:30:00,26743.0,4027
2023-09-18 12:45:00,27400.0,4028
2023-09-18 15:45:00,27346.0,4029
2023-09-18 22:45:00,26869.9,4030
2023-09-19 09:30:00,27484.9,4031
2023-09-19 15:30:00,27470.7,4032
2023-09-20 02:00:00,27383.1,4033
2023-09-20 08:45:00,27186.2,4034
2023-09-20 14:00:00,27232.0,4035
2023-09-20 18:30:00,27294.1,4036
2023-09-20 21:15:00,27244.1,4037
2023-09-21 00:45:00,27149.9,4038
2023-09-21 04:45:00,27086.9,4039
2023-09-21 17:45:00,26690.7,4040
2023-09-22 01:15:00,26654.0,4041
2023-09-22 08:00:00,26732.9,4042
2023-09-22 15:30:00,26687.1,4043
2023-09-22 19:15:00,26624.8,4044
2023-09-23 00:00:00,26603.5,4045
2023-09-23 08:00:00,26576.2,4046
2023-09-23 12:45:00,26578.0,4047
2023-09-23 18:15:00,26620.0,4048
2023-09-24 09:00:00,26601.0,4049
2023-09-24 13:00:00,26615.0,4050
2023-09-24 18:00:00,26724.9,4051
2023-09-25 08:00:00,26214.5,4052
2023-09-25 16:15:00,26419.0,4053
2023-09-25 20:15:00,26437.0,4054
2023-09-26 03:30:00,26382.5,4055
2023-09-26 09:45:00,26320.3,4056
2023-09-26 16:30:00,26285.0,4057
2023-09-26 20:00:00,26274.5,4058
2023-09-27 04:00:00,26279.9,4059
2023-09-27 12:00:00,26838.7,4060
2023-09-28 00:30:00,26545.0,4061
2023-09-28 07:45:00,26498.3,4062
2023-09-28 10:30:00,26618.4,4063
2023-09-28 16:15:00,27312.7,4064
2023-09-29 00:30:00,27125.0,4065
2023-09-29 07:30:00,27238.9,4066
2023-09-29 14:30:00,27106.6,4067
2023-09-29 20:00:00,26978.0,4068
2023-09-30 00:45:00,26930.2,4069
2023-09-30 11:15:00,26985.0,4070
2023-09-30 15:45:00,27082.0,4071
2023-09-30 21:15:00,27070.9,4072
2023-10-01 10:00:00,27279.6,4073
2023-10-01 14:15:00,27215.8,4074
2023-10-01 22:15:00,28350.0,4075
2023-10-02 03:30:00,28241.2,4076
2023-10-02 08:30:00,28477.0,4077
2023-10-02 14:00:00,28591.7,4078
2023-10-03 06:45:00,27662.0,4079
2023-10-03 13:45:00,27571.0,4080
2023-10-03 17:30:00,27484.8,4081
2023-10-03 23:30:00,27460.8,4082
2023-10-04 02:15:00,27516.1,4083
2023-10-04 09:45:00,27635.0,4084
2023-10-04 12:45:00,27620.6,4085
2023-10-04 19:00:00,27825.0,4086
2023-10-05 00:45:00,27899.3,4087
2023-10-05 14:15:00,28115.0,4088
2023-10-06 02:15:00,27575.0,4089
2023-10-06 10:30:00,27788.0,4090
2023-10-06 15:45:00,28043.1,4091
2023-10-06 21:30:00,28285.0,4092
2023-10-07 05:30:00,27931.0,4093
2023-10-07 08:30:00,28020.8,4094
2023-10-08 02:15:00,28077.7,4095
2023-10-08 13:45:00,27999.0,4096
2023-10-08 21:30:00,27979.8,4097
2023-10-09 02:00:00,27971.5,4098
2023-10-09 14:15:00,27570.1,4099
2023-10-09 18:30:00,27738.2,4100
2023-10-10 02:45:00,27695.0,4101
2023-10-10 08:15:00,27721.7,4102
2023-10-10 14:15:00,27619.0,4103
2023-10-10 22:00:00,27460.0,4104
2023-10-11 01:00:00,27465.4,4105
2023-10-11 05:45:00,27129.6,4106
2023-10-11 10:15:00,27337.0,4107
2023-10-11 19:45:00,26790.0,4108
2023-10-12 00:00:00,26879.5,4109
2023-10-12 02:45:00,26932.0,4110
2023-10-12 06:30:00,26910.0,4111
2023-10-12 11:45:00,26858.2,4112
2023-10-12 16:30:00,26799.9,4113
2023-10-13 01:00:00,26868.8,4114
2023-10-13 07:30:00,26944.4,4115
2023-10-13 13:00:00,26968.0,4116
2023-10-13 21:00:00,27120.1,4117
2023-10-14 03:30:00,26978.8,4118
2023-10-14 16:00:00,26944.6,4119
2023-10-15 01:45:00,26895.3,4120
2023-10-15 09:00:00,26913.0,4121
2023-10-15 13:15:00,26962.3,4122
2023-10-15 22:00:00,27283.1,4123
2023-10-16 02:15:00,27272.0,4124
2023-10-16 05:30:00,27972.9,4125
2023-10-16 13:30:00,30625.8,4126
2023-10-16 19:00:00,28799.9,4127
2023-10-17 10:15:00,28600.0,4128
2023-10-17 17:00:00,28596.8,4129
2023-10-17 21:15:00,28546.3,4130
2023-10-18 04:45:00,28993.7,4131
2023-10-18 17:15:00,28429.1,4132
2023-10-19 01:00:00,28405.0,4133
2023-10-19 05:15:00,28333.0,4134
2023-10-19 16:15:00,28922.1,4135
2023-10-19 20:30:00,28877.2,4136
2023-10-20 03:15:00,29410.0,4137
2023-10-20 10:30:00,30260.0,4138
2023-10-20 23:00:00,29781.0,4139
2023-10-21 06:30:00,29720.0,4140
2023-10-21 10:00:00,29866.6,4141
2023-10-21 18:00:00,30382.0,4142
2023-10-22 01:00:00,30071.5,4143
2023-10-22 05:45:00,30321.0,4144
2023-10-22 13:15:00,29956.4,4145
2023-10-22 17:45:00,29939.6,4146
2023-10-23 06:00:00,30980.0,4147
2023-10-23 11:45:00,30774.9,4148
2023-10-23 22:30:00,36743.5,4149
2023-10-24 02:15:00,35299.9,4150
2023-10-24 11:15:00,34911.8,4151
2023-10-24 21:45:00,34351.5,4152
2023-10-25 01:30:00,34409.7,4153
2023-10-25 04:45:00,34234.9,4154
2023-10-25 16:00:00,35184.8,4155
2023-10-25 20:00:00,34870.1,4156
2023-10-26 03:30:00,34845.1,4157
2023-10-26 13:15:00,34397.9,4158
2023-10-26 23:15:00,34299.5,4159
2023-10-27 06:45:00,34276.3,4160
2023-10-27 12:45:00,34240.8,4161
2023-10-27 20:30:00,33889.9,4162
2023-10-27 23:30:00,33974.2,4163
2023-10-28 02:45:00,34252.1,4164
2023-10-28 11:15:00,34592.7,4165
2023-10-28 15:45:00,34258.0,4166
2023-10-28 18:45:00,34240.0,4167
2023-10-28 21:45:00,34217.1,4168
2023-10-29 17:30:00,34795.0,4169
2023-10-29 22:45:00,34747.4,4170
2023-10-30 04:45:00,34369.7,4171
2023-10-30 09:30:00,34715.0,4172
2023-10-30 12:30:00,34913.2,4173
2023-10-30 21:30:00,34608.6,4174
2023-10-31 00:30:00,34638.6,4175
2023-10-31 11:45:00,34569.5,4176
2023-10-31 21:15:00,34761.0,4177
2023-11-01 00:00:00,34699.7,4178
2023-11-01 07:45:00,34532.2,4179
2023-11-01 13:15:00,35258.4,4180
2023-11-01 21:00:00,35749.8,4181
2023-11-02 02:45:00,36084.2,4182
2023-11-02 10:15:00,35513.1,4183
2023-11-02 20:15:00,35116.0,4184
2023-11-03 08:00:00,34623.1,4185
2023-11-03 15:15:00,34864.8,4186
2023-11-04 01:45:00,34799.8,4187
2023-11-04 06:00:00,35080.0,4188
2023-11-04 14:30:00,34819.3,4189
2023-11-04 23:00:00,35279.0,4190
2023-11-05 03:45:00,35338.3,4191
2023-11-05 12:30:00,35197.9,4192
2023-11-05 17:00:00,35324.6,4193
2023-11-05 23:00:00,35449.0,4194
2023-11-06 10:30:00,35310.9,4195
2023-11-06 19:45:00,35126.3,4196
2023-11-06 22:30:00,35171.0,4197
2023-11-07 08:00:00,35007.9,4198
2023-11-07 14:45:00,34867.0,4199
2023-11-07 20:45:00,35927.9,4200
2023-11-08 05:00:00,35394.0,4201
2023-11-08 13:00:00,35503.9,4202
2023-11-09 04:30:00,36916.7,4203
2023-11-09 14:45:00,38149.0,4204
2023-11-09 23:45:00,36814.8,4205
2023-11-10 03:00:00,36955.0,4206
2023-11-10 13:00:00,37295.5,4207
2023-11-10 16:30:00,37500.0,4208
2023-11-10 22:45:00,37604.2,4209
2023-11-11 05:15:00,37162.7,4210
2023-11-11 14:45:00,37300.0,4211
2023-11-11 19:15:00,37218.1,4212
2023-11-12 00:00:00,37215.1,4213
2023-11-12 07:00:00,37202.8,4214
2023-11-12 15:00:00,37260.3,4215
2023-11-12 18:45:00,37258.5,4216
2023-11-13 01:15:00,37473.0,4217
2023-11-13 07:15:00,37090.0,4218
2023-11-13 16:15:00,37074.8,4219
2023-11-13 20:00:00,36912.0,4220
2023-11-14 08:45:00,36786.2,4221
2023-11-14 14:45:00,36719.6,4222
2023-11-14 23:00:00,35689.0,4223
2023-11-15 12:30:00,36437.8,4224
2023-11-15 23:45:00,38016.9,4225
2023-11-16 07:00:00,37644.0,4226
2023-11-16 11:15:00,37583.1,4227
2023-11-17 02:30:00,36710.0,4228
2023-11-17 13:00:00,36640.0,4229
2023-11-17 17:00:00,36939.1,4230
2023-11-17 23:00:00,36760.0,4231
2023-11-18 11:15:00,36564.3,4232
2023-11-18 16:00:00,36898.2,4233
2023-11-18 19:00:00,36796.2,4234
2023-11-19 08:15:00,36734.7,4235
2023-11-19 23:30:00,37534.7,4236
2023-11-20 07:45:00,37285.5,4237
2023-11-20 11:00:00,37450.0,4238
2023-11-20 19:30:00,37846.7,4239
2023-11-21 02:00:00,37693.2,4240
2023-11-21 17:15:00,37549.7,4241
2023-11-21 20:30:00,37199.4,4242
2023-11-22 10:00:00,36802.9,4243
2023-11-22 14:00:00,36674.9,4244
2023-11-22 21:30:00,37888.0,4245
2023-11-23 09:45:00,37677.0,4246
2023-11-23 20:15:00,37417.9,4247
2023-11-24 01:15:00,37485.0,4248
2023-11-24 11:30:00,38388.0,4249
2023-11-24 15:30:00,38435.7,4250
2023-11-24 21:15:00,37978.0,4251
2023-11-25 03:15:00,37856.9,4252
2023-11-25 08:15:00,37846.0,4253
2023-11-25 20:00:00,37900.0,4254
2023-11-26 08:30:00,37827.0,4255
2023-11-26 22:00:00,37769.6,4256
2023-11-27 06:15:00,37434.1,4257
2023-11-27 09:15:00,37478.3,4258
2023-11-27 17:00:00,37153.0,4259
2023-11-28 00:30:00,37371.8,4260
2023-11-28 07:45:00,37156.4,4261
2023-11-28 19:30:00,38430.0,4262
2023-11-29 01:00:00,38115.4,4263
2023-11-29 09:45:00,38600.1,4264
2023-11-29 19:00:00,37945.3,4265
2023-11-29 23:30:00,37880.5,4266
2023-11-30 04:15:00,38145.0,4267
2023-11-30 13:45:00,37978.3,4268
2023-11-30 18:15:00,37817.0,4269
2023-11-30 22:00:00,37812.0,4270
2023-12-01 10:00:00,38873.2,4271
2023-12-01 16:30:00,39031.6,4272
2023-12-01 21:45:00,38933.0,4273
2023-12-02 01:30:00,38797.3,4274
2023-12-02 07:00:00,38849.6,4275
2023-12-02 13:45:00,38887.0,4276
2023-12-02 19:00:00,39894.0,4277
2023-12-02 21:45:00,39779.8,4278
2023-12-03 01:15:00,39568.6,4279
2023-12-03 07:45:00,39503.8,4280
2023-12-03 16:00:00,39872.3,4281
2023-12-03 22:30:00,40439.9,4282
2023-12-04 01:45:00,40972.7,4283
2023-12-04 06:15:00,41808.3,4284
2023-12-04 11:00:00,42197.3,4285
2023-12-04 22:15:00,42479.3,4286
2023-12-05 05:30:00,41941.0,4287
2023-12-05 17:15:00,44218.9,4288
2023-12-05 22:15:00,44555.0,4289
2023-12-06 10:15:00,44331.6,4290
2023-12-06 14:15:00,44320.0,4291
2023-12-06 17:30:00,44185.6,4292
2023-12-07 05:15:00,44087.7,4293
2023-12-07 15:30:00,43972.6,4294
2023-12-07 21:30:00,43488.0,4295
2023-12-08 04:15:00,43615.0,4296
2023-12-08 14:45:00,44082.2,4297
2023-12-08 21:15:00,44777.0,4298
2023-12-09 05:30:00,44416.1,4299
2023-12-09 14:15:00,44179.4,4300
2023-12-09 21:30:00,44140.0,4301
2023-12-10 04:30:00,44016.0,4302
2023-12-10 08:00:00,44075.0,4303
2023-12-10 15:15:00,44028.7,4304
2023-12-10 21:00:00,44114.6,4305
2023-12-11 10:00:00,42520.0,4306
2023-12-12 02:30:00,41975.0,4307
2023-12-12 08:45:00,42168.1,4308
2023-12-12 13:30:00,42104.8,4309
2023-12-12 23:30:00,41588.8,4310
2023-12-13 08:30:00,41315.5,4311
2023-12-13 16:00:00,42273.6,4312
2023-12-13 22:00:00,43600.0,4313
2023-12-14 06:15:00,43149.7,4314
2023-12-14 12:00:00,43398.6,4315
2023-12-14 17:45:00,43475.0,4316
2023-12-15 09:00:00,43070.2,4317
2023-12-15 20:45:00,42288.9,4318
2023-12-16 03:45:00,42436.5,4319
2023-12-16 13:00:00,42583.5,4320
2023-12-16 16:30:00,42783.3,4321
2023-12-17 10:00:00,42052.2,4322
2023-12-17 17:00:00,42479.2,4323
2023-12-18 07:30:00,41348.3,4324
2023-12-18 14:45:00,41776.9,4325
2023-12-19 02:00:00,43548.0,4326
2023-12-19 10:45:00,43313.4,4327
2023-12-19 21:45:00,42559.5,4328
2023-12-20 01:15:00,42515.0,4329
2023-12-20 06:15:00,43065.9,4330
2023-12-20 15:00:00,44355.0,4331
2023-12-20 19:00:00,44297.9,4332
2023-12-21 13:45:00,44290.0,4333
2023-12-21 21:45:00,44183.7,4334
2023-12-22 01:45:00,44322.0,4335
2023-12-22 06:30:00,44473.9,4336
2023-12-22 11:30:00,43875.2,4337
2023-12-22 18:45:00,44047.4,4338
2023-12-22 23:15:00,44107.7,4339
2023-12-23 09:15:00,43703.5,4340
2023-12-23 15:45:00,43899.8,4341
2023-12-23 18:45:00,43877.5,4342
2023-12-23 22:15:00,43866.0,4343
2023-12-24 01:15:00,43950.0,4344
2023-12-24 04:00:00,43987.0,4345
2023-12-24 09:45:00,43733.4,4346
2023-12-24 14:00:00,43909.9,4347
2023-12-25 06:30:00,43358.9,4348
2023-12-25 13:00:00,43874.5,4349
2023-12-25 22:30:00,43770.2,4350
2023-12-26 14:15:00,42869.7,4351
2023-12-26 22:15:00,42644.5,4352
2023-12-27 11:00:00,43285.0,4353
2023-12-28 00:30:00,43849.5,4354
2023-12-28 04:15:00,43666.6,4355
2023-12-28 10:45:00,43244.2,4356
2023-12-28 19:15:00,42805.1,4357
2023-12-28 23:30:00,42791.4,4358
2023-12-29 03:30:00,42863.3,4359
2023-12-29 11:15:00,42997.1,4360
2023-12-29 14:30:00,43170.0,4361
2023-12-29 21:00:00,42317.0,4362
2023-12-30 00:15:00,42250.0,4363
2023-12-30 06:00:00,42200.0,4364
2023-12-30 17:30:00,42654.0,4365
2023-12-31 00:30:00,42479.9,4366
2023-12-31 09:45:00,42945.9,4367
2023-12-31 18:30:00,42776.3,4368
2024-01-01 01:30:00,42842.9,4369
2024-01-01 12:30:00,42820.0,4370
2024-01-02 03:30:00,45578.9,4371
2024-01-02 09:00:00,45946.5,4372
2024-01-02 14:00:00,45864.3,4373
2024-01-02 22:00:00,45369.9,4374
2024-01-03 02:00:00,45476.0,4375
2024-01-03 09:30:00,45567.8,4376
2024-01-03 16:00:00,43615.5,4377
2024-01-04 02:45:00,43270.0,4378
2024-01-04 05:30:00,43317.1,4379
2024-01-04 15:30:00,44390.0,4380
2024-01-04 20:30:00,44875.5,4381
2024-01-05 09:00:00,44391.2,4382
2024-01-05 12:15:00,44300.0,4383
2024-01-05 20:45:00,44436.4,4384
2024-01-06 10:30:00,43789.9,4385
2024-01-06 18:45:00,44168.6,4386
2024-01-07 00:45:00,44285.0,4387
2024-01-07 08:30:00,44182.5,4388
2024-01-07 14:00:00,44509.6,4389
2024-01-07 20:00:00,44280.0,4390
2024-01-08 06:15:00,44444.0,4391
2024-01-08 12:15:00,45211.1,4392
2024-01-08 19:00:00,47318.3,4393
2024-01-09 03:00:00,47009.3,4394
2024-01-09 07:15:00,46957.0,4395
2024-01-09 13:45:00,47080.0,4396
2024-01-09 21:15:00,48083.4,4397
2024-01-10 03:15:00,46227.0,4398
2024-01-10 19:00:00,46777.0,4399
2024-01-10 23:15:00,47732.0,4400
2024-01-11 14:45:00,49054.4,4401
2024-01-11 20:00:00,46982.5,4402
2024-01-12 00:45:00,46550.0,4403
2024-01-12 06:15:00,46397.8,4404
2024-01-12 11:30:00,46290.0,4405
2024-01-12 20:30:00,44000.0,4406
2024-01-13 07:15:00,43267.6,4407
2024-01-13 15:30:00,43259.0,4408
2024-01-13 22:00:00,43074.4,4409
2024-01-14 07:00:00,43078.8,4410
2024-01-14 09:45:00,43110.3,4411
2024-01-14 14:00:00,43022.0,4412
2024-01-14 17:15:00,43028.7,4413
2024-01-15 05:00:00,42881.2,4414
2024-01-15 13:45:00,42985.3,4415
2024-01-15 18:30:00,43394.6,4416
2024-01-16 04:00:00,42955.0,4417
2024-01-16 09:15:00,43185.0,4418
2024-01-16 16:00:00,43456.2,4419
2024-01-16 21:30:00,43579.9,4420
2024-01-17 14:45:00,42952.5,4421
2024-01-17 20:45:00,42884.7,4422
2024-01-18 00:00:00,42800.0,4423
2024-01-18 15:15:00,42829.0,4424
2024-01-18 22:30:00,41380.4,4425
2024-01-19 07:00:00,41570.0,4426
2024-01-19 11:30:00,41521.1,4427
2024-01-19 20:00:00,42199.0,4428
2024-01-20 07:30:00,41789.1,4429
2024-01-20 12:45:00,41695.7,4430
2024-01-20 21:00:00,41874.9,4431
2024-01-21 03:00:00,41738.9,4432
2024-01-21 10:45:00,41830.0,4433
2024-01-21 21:45:00,41816.1,4434
2024-01-22 06:30:00,41321.2,4435
2024-01-22 13:00:00,41250.0,4436
2024-01-23 04:15:00,40180.0,4437
2024-01-23 17:30:00,39661.8,4438
2024-01-24 00:45:00,40246.9,4439
2024-01-24 07:15:00,40181.7,4440
2024-01-24 10:45:00,40565.3,4441
2024-01-24 23:45:00,40185.9,4442
2024-01-25 08:00:00,40175.0,4443
2024-01-25 11:15:00,40324.3,4444
2024-01-25 18:15:00,40045.0,4445
2024-01-25 23:00:00,39987.1,4446
2024-01-26 02:30:00,40221.3,4447
2024-01-26 20:00:00,42238.1,4448
2024-01-27 15:30:00,41878.4,4449
2024-01-27 22:30:00,42193.3,4450
2024-01-28 01:15:00,42222.0,4451
2024-01-28 05:15:00,42839.9,4452
2024-01-28 09:30:00,42682.9,4453
2024-01-28 14:15:00,42541.2,4454
2024-01-29 03:30:00,42484.9,4455
2024-01-29 10:45:00,42368.9,4456
2024-01-29 16:45:00,43300.0,4457
2024-01-30 02:30:00,43790.0,4458
2024-01-30 12:15:00,43890.8,4459
2024-01-30 15:15:00,43624.0,4460
2024-01-30 20:30:00,43742.2,4461
2024-01-31 07:45:00,43069.9,4462
2024-01-31 17:45:00,43735.9,4463
2024-02-01 10:15:00,42329.9,4464
2024-02-01 19:45:00,43307.3,4465
2024-02-02 00:15:00,43430.5,4466
2024-02-02 06:45:00,43243.7,4467
2024-02-02 12:30:00,43232.9,4468
2024-02-02 16:00:00,43476.7,4469
2024-02-03 00:15:00,43377.8,4470
2024-02-03 09:30:00,43109.9,4471
2024-02-03 17:45:00,43249.8,4472
2024-02-04 02:15:00,43049.0,4473
2024-02-04 11:30:00,43114.7,4474
2024-02-04 21:00:00,42978.1,4475
2024-02-05 13:30:00,43567.9,4476
2024-02-05 19:45:00,42859.1,4477
2024-02-06 03:00:00,42950.0,4478
2024-02-06 09:00:00,43099.1,4479
2024-02-06 16:30:00,43370.4,4480
2024-02-06 20:00:00,43305.1,4481
2024-02-07 05:45:00,43037.9,4482
2024-02-07 09:30:00,43191.8,4483
2024-02-08 02:00:00,44793.2,4484
2024-02-08 10:00:00,44889.0,4485
2024-02-08 16:00:00,45479.0,4486
2024-02-08 20:15:00,45628.2,4487
2024-02-09 02:45:00,46382.0,4488
2024-02-09 12:00:00,47749.0,4489
2024-02-09 18:15:00,48230.0,4490
2024-02-10 03:30:00,47489.6,4491
2024-02-10 13:45:00,47388.3,4492
2024-02-10 20:45:00,48197.9,4493
2024-02-11 04:00:00,48603.5,4494
2024-02-11 12:15:00,48485.0,4495
2024-02-11 17:00:00,48431.7,4496
2024-02-12 00:30:00,48893.7,4497
2024-02-12 07:30:00,48395.5,4498
2024-02-12 17:30:00,50439.2,4499
2024-02-12 21:00:00,50299.0,4500
2024-02-13 01:30:00,50430.5,4501
2024-02-13 09:45:00,50296.0,4502
2024-02-13 23:45:00,49798.0,4503
2024-02-14 14:30:00,52098.4,4504
2024-02-14 20:15:00,51904.0,4505
2024-02-15 00:30:00,52575.5,4506
2024-02-15 03:30:00,52449.8,4507
2024-02-15 11:30:00,52571.0,4508
2024-02-15 14:30:00,52879.5,4509
2024-02-16 04:00:00,52384.8,4510
2024-02-16 14:00:00,52625.0,4511
2024-02-16 23:30:00,52272.0,4512
2024-02-17 04:45:00,52092.4,4513
2024-02-17 11:30:00,51845.2,4514
2024-02-17 21:30:00,52113.0,4515
2024-02-18 10:00:00,52111.6,4516
2024-02-18 17:30:00,52027.6,4517
2024-02-19 00:30:00,52499.2,4518
2024-02-19 07:15:00,52559.2,4519
2024-02-19 12:45:00,52517.5,4520
2024-02-19 22:00:00,52150.7,4521
2024-02-20 06:30:00,52105.1,4522
2024-02-20 13:30:00,53120.0,4523
2024-02-20 23:15:00,52555.0,4524
2024-02-21 13:00:00,51459.3,4525
2024-02-21 16:45:00,51437.4,4526
2024-02-21 23:45:00,52022.4,4527
2024-02-22 09:45:00,52074.9,4528
2024-02-22 16:00:00,51773.6,4529
2024-02-22 20:30:00,52119.7,4530
2024-02-23 01:30:00,51571.7,4531
2024-02-23 11:15:00,51300.0,4532
2024-02-23 14:15:00,51375.3,4533
2024-02-23 19:15:00,51227.7,4534
2024-02-24 10:15:00,51208.0,4535
2024-02-24 13:30:00,51222.4,4536
2024-02-24 17:45:00,51742.7,4537
2024-02-24 22:00:00,51700.0,4538
2024-02-25 02:15:00,51936.0,4539
2024-02-25 06:30:00,51841.5,4540
2024-02-25 11:45:00,51734.4,4541
2024-02-25 14:45:00,51809.7,4542
2024-02-25 20:15:00,52000.0,4543
2024-02-26 06:00:00,51621.9,4544
2024-02-26 16:00:00,53733.0,4545
2024-02-26 20:00:00,54992.2,4546
2024-02-27 02:00:00,57600.0,4547
2024-02-27 12:45:00,57497.8,4548
2024-02-27 19:45:00,57699.0,4549
2024-02-27 23:15:00,57150.0,4550
2024-02-28 08:45:00,59614.5,4551
2024-02-28 17:15:00,64496.7,4552
2024-02-28 23:30:00,62713.0,4553
2024-02-29 06:45:00,63796.6,4554
2024-02-29 11:30:00,63475.5,4555
2024-02-29 14:30:00,63649.1,4556
2024-02-29 20:45:00,62380.0,4557
2024-03-01 00:30:00,61816.2,4558
2024-03-01 08:30:00,62324.0,4559
2024-03-01 13:15:00,62763.3,4560
2024-03-01 20:45:00,63181.9,4561
2024-03-02 03:30:00,62499.0,4562
2024-03-02 12:45:00,62250.0,4563
2024-03-02 20:00:00,62277.0,4564
2024-03-02 23:30:00,62135.0,4565
2024-03-03 04:15:00,62171.0,4566
2024-03-03 12:30:00,62729.5,4567
2024-03-03 17:00:00,63087.2,4568
2024-03-04 00:30:00,64440.0,4569
2024-03-04 08:30:00,65713.0,4570
2024-03-04 17:30:00,67666.0,4571
2024-03-05 01:45:00,68850.0,4572
2024-03-05 15:00:00,69387.2,4573
2024-03-05 23:45:00,64400.0,4574
2024-03-06 08:15:00,67764.5,4575
2024-03-06 12:00:00,67700.0,4576
2024-03-06 18:00:00,67579.6,4577
2024-03-07 02:00:00,66550.0,4578
2024-03-07 08:15:00,67113.8,4579
2024-03-07 11:00:00,67356.9,4580
2024-03-07 14:30:00,68008.5,4581
2024-03-07 17:15:00,68160.3,4582
2024-03-07 20:30:00,67983.8,4583
2024-03-08 03:15:00,67337.4,4584
2024-03-08 07:00:00,67729.7,4585
2024-03-08 15:30:00,70320.0,4586
2024-03-08 20:00:00,69476.4,4587
2024-03-09 07:00:00,68606.0,4588
2024-03-09 13:00:00,68580.0,4589
2024-03-10 01:15:00,69347.0,4590
2024-03-10 04:15:00,69776.9,4591
2024-03-10 10:00:00,70029.1,4592
2024-03-10 16:30:00,69849.8,4593
2024-03-11 04:00:00,68873.5,4594
2024-03-11 15:30:00,72769.4,4595
2024-03-11 19:15:00,72919.6,4596
2024-03-11 22:15:00,72850.0,4597
2024-03-12 01:45:00,72578.6,4598
2024-03-12 07:00:00,72433.0,4599
2024-03-12 11:15:00,72460.0,4600
2024-03-12 14:00:00,73391.0,4601
2024-03-12 19:00:00,71749.5,4602
2024-03-13 08:15:00,73749.9,4603
2024-03-13 20:00:00,73490.9,4604
2024-03-14 04:00:00,73865.9,4605
2024-03-14 07:00:00,73949.0,4606
2024-03-15 00:30:00,72525.0,4607
2024-03-15 07:45:00,68892.6,4608
2024-03-15 15:00:00,68790.0,4609
2024-03-15 19:00:00,70700.0,4610
2024-03-16 00:15:00,70081.3,4611
2024-03-16 07:30:00,69511.0,4612
2024-03-16 15:45:00,68571.2,4613
2024-03-17 02:45:00,66619.1,4614
2024-03-17 11:00:00,67580.0,4615
2024-03-17 17:45:00,68765.5,4616
2024-03-17 22:30:00,68970.0,4617
2024-03-18 05:30:00,69040.0,4618
2024-03-18 13:00:00,68686.3,4619
2024-03-18 16:15:00,68140.0,4620
2024-03-19 00:15:00,68174.9,4621
2024-03-19 17:15:00,65782.8,4622
2024-03-20 03:15:00,63505.9,4623
2024-03-20 12:15:00,64384.0,4624
2024-03-21 00:30:00,68287.7,4625
2024-03-21 08:15:00,67697.0,4626
2024-03-21 13:15:00,67745.0,4627
2024-03-22 00:15:00,66058.6,4628
2024-03-22 06:00:00,66666.6,4629
2024-03-22 19:45:00,64150.0,4630
2024-03-23 02:00:00,64400.0,4631
2024-03-23 07:15:00,64888.0,4632
2024-03-23 17:30:00,66064.7,4633
2024-03-24 14:15:00,65956.8,4634
2024-03-24 23:15:00,67698.8,4635
2024-03-25 05:30:00,67777.2,4636
2024-03-25 10:00:00,67403.4,4637
2024-03-25 20:00:00,71278.3,4638
2024-03-26 04:00:00,70720.0,4639
2024-03-26 07:15:00,71650.0,4640
2024-03-26 13:00:00,71213.0,4641
2024-03-27 01:00:00,70829.5,4642
2024-03-27 06:00:00,70647.8,4643
2024-03-27 13:30:00,71898.0,4644
2024-03-28 00:15:00,70104.1,4645
2024-03-28 14:45:00,71615.8,4646
2024-03-28 23:00:00,71165.0,4647
2024-03-29 13:30:00,70740.0,4648
2024-03-30 01:30:00,70249.7,4649
2024-03-30 05:00:00,70400.0,4650
2024-03-30 13:00:00,70331.1,4651
2024-03-30 16:45:00,70350.0,4652
2024-03-31 02:15:00,70236.7,4653
2024-03-31 08:30:00,70588.0,4654
2024-03-31 13:15:00,70812.8,4655
2024-03-31 18:45:00,71363.3,4656
2024-03-31 23:45:00,71514.2,4657
2024-04-01 13:30:00,70161.0,4658
2024-04-01 21:30:00,69985.3,4659
2024-04-02 06:30:00,67157.5,4660
2024-04-02 14:30:00,66308.3,4661
2024-04-02 19:30:00,66219.2,4662
2024-04-03 04:30:00,66500.0,4663
2024-04-03 08:30:00,66687.8,4664
2024-04-03 14:15:00,66950.0,4665
2024-04-04 00:45:00,66384.0,4666
2024-04-04 18:00:00,69315.8,4667
2024-04-05 00:45:00,68775.9,4668
2024-04-05 08:15:00,67696.2,4669
2024-04-05 14:45:00,68591.0,4670
2024-04-05 19:30:00,68068.7,4671
2024-04-06 00:30:00,68050.0,4672
2024-04-06 05:30:00,68220.2,4673
2024-04-06 17:45:00,68499.8,4674
2024-04-06 23:00:00,69699.9,4675
2024-04-07 02:00:00,69779.8,4676
2024-04-07 08:30:00,69560.8,4677
2024-04-07 16:30:00,70366.0,4678
2024-04-08 01:15:00,69859.5,4679
2024-04-08 09:15:00,72730.9,4680
2024-04-08 12:00:00,72854.5,4681
2024-04-08 18:30:00,72184.1,4682
2024-04-08 23:00:00,72073.0,4683
2024-04-09 03:15:00,71716.6,4684
2024-04-09 12:45:00,71033.3,4685
2024-04-09 22:30:00,69464.6,4686
2024-04-10 02:00:00,69648.2,4687
2024-04-10 07:15:00,69559.9,4688
2024-04-10 12:00:00,69267.2,4689
2024-04-10 22:15:00,71269.0,4690
2024-04-11 02:45:00,71094.0,4691
2024-04-11 07:15:00,71341.7,4692
2024-04-11 12:30:00,71101.0,4693
2024-04-11 20:15:00,70800.0,4694
2024-04-12 04:45:00,71281.1,4695
2024-04-12 11:45:00,70998.9,4696
2024-04-13 04:45:00,67937.6,4697
2024-04-13 11:00:00,67831.8,4698
2024-04-13 15:15:00,67937.0,4699
2024-04-13 23:00:00,65597.3,4700
2024-04-14 06:30:00,64870.5,4701
2024-04-14 13:00:00,64842.1,4702
2024-04-14 16:30:00,64747.0,4703
2024-04-15 00:00:00,65845.0,4704
2024-04-15 09:15:00,66834.9,4705
2024-04-15 13:45:00,66350.0,4706
2024-04-16 01:30:00,63899.4,4707
2024-04-16 07:30:00,63786.7,4708
2024-04-16 12:30:00,63433.7,4709
2024-04-16 17:15:00,63277.7,4710
2024-04-16 21:45:00,64357.6,4711
2024-04-17 02:00:00,64285.0,4712
2024-04-17 05:15:00,64479.9,4713
2024-04-17 18:15:00,61946.4,4714
2024-04-17 23:00:00,61746.8,4715
2024-04-18 03:15:00,62224.0,4716
2024-04-18 15:00:00,64166.1,4717
2024-04-18 21:15:00,63800.0,4718
2024-04-19 07:00:00,65200.0,4719
2024-04-19 11:30:00,65431.6,4720
2024-04-19 17:45:00,64857.0,4721
2024-04-19 22:00:00,64489.2,4722
2024-04-20 04:45:00,64257.3,4723
2024-04-20 17:30:00,65407.0,4724
2024-04-21 03:00:00,65694.2,4725
2024-04-21 08:00:00,65203.2,4726
2024-04-21 11:15:00,65436.2,4727
2024-04-21 21:00:00,65149.9,4728
2024-04-22 07:00:00,66455.0,4729
2024-04-22 14:30:00,66443.8,4730
2024-04-22 17:45:00,66798.9,4731
2024-04-22 23:00:00,67198.9,4732
2024-04-23 06:15:00,66620.0,4733
2024-04-23 10:30:00,66300.0,4734
2024-04-23 14:30:00,67110.0,4735
2024-04-23 17:45:00,66897.4,4736
2024-04-24 01:45:00,66887.0,4737
2024-04-24 04:45:00,67084.5,4738
2024-04-24 12:00:00,66714.5,4739
2024-04-25 00:30:00,64710.0,4740
2024-04-25 12:30:00,64298.8,4741
2024-04-25 21:15:00,65272.3,4742
2024-04-26 01:45:00,64638.0,4743
2024-04-26 07:15:00,64593.9,4744
2024-04-26 14:15:00,64798.0,4745
2024-04-26 18:30:00,64140.0,4746
2024-04-27 14:15:00,63389.6,4747
2024-04-27 17:45:00,63623.0,4748
2024-04-28 03:15:00,64336.8,4749
2024-04-28 07:15:00,64050.5,4750
2024-04-28 13:15:00,63862.4,4751
2024-04-28 18:45:00,63968.3,4752
2024-04-29 01:30:00,63343.2,4753
2024-04-29 09:45:00,62669.9,4754
2024-04-29 17:15:00,63199.9,4755
2024-04-30 00:45:00,64705.3,4756
2024-04-30 14:45:00,61554.6,4757
2024-04-30 22:30:00,61049.0,4758
2024-05-01 12:30:00,58265.7,4759
2024-05-01 18:45:00,59455.2,4760
2024-05-02 00:00:00,58560.0,4761
2024-05-02 15:45:00,59428.7,4762
2024-05-02 18:45:00,59549.0,4763
2024-05-02 21:30:00,59581.0,4764
2024-05-03 03:15:00,59980.0,4765
2024-05-03 09:45:00,59557.9,4766
2024-05-03 16:30:00,62190.0,4767
2024-05-03 20:45:00,63154.9,4768
2024-05-04 01:15:00,63650.0,4769
2024-05-04 05:45:00,63444.0,4770
2024-05-04 11:00:00,64499.9,4771
2024-05-04 20:00:00,64183.7,4772
2024-05-05 00:15:00,64178.9,4773
2024-05-05 07:45:00,63936.0,4774
2024-05-05 15:45:00,64630.0,4775
2024-05-06 01:15:00,64468.8,4776
2024-05-06 08:45:00,65540.0,4777
2024-05-06 21:15:00,63625.1,4778
2024-05-07 01:30:00,64000.0,4779
2024-05-07 08:30:00,64398.7,4780
2024-05-07 15:00:00,64305.3,4781
2024-05-08 04:15:00,63024.5,4782
2024-05-08 10:30:00,62499.4,4783
2024-05-08 14:45:00,62820.7,4784
2024-05-08 18:15:00,62767.4,4785
2024-05-09 03:00:00,61788.0,4786
2024-05-09 06:00:00,61759.5,4787
2024-05-09 16:15:00,62653.3,4788
2024-05-09 22:45:00,63405.5,4789
2024-05-10 02:45:00,63026.5,4790
2024-05-10 07:15:00,63363.1,4791
2024-05-10 12:00:00,63447.8,4792
2024-05-10 20:00:00,60966.1,4793
2024-05-11 01:15:00,61094.7,4794
2024-05-11 06:30:00,61068.4,4795
2024-05-11 15:15:00,61500.0,4796
2024-05-12 00:15:00,61081.1,4797
2024-05-12 04:45:00,61094.8,4798
2024-05-12 10:30:00,61356.0,4799
2024-05-12 16:15:00,61854.2,4800
2024-05-13 00:30:00,61779.0,4801
2024-05-13 09:15:00,63266.8,4802
2024-05-13 16:15:00,63437.3,4803
2024-05-13 20:00:00,63176.9,4804
2024-05-14 00:30:00,63095.9,4805
2024-05-14 05:30:00,62752.9,4806
2024-05-14 14:30:00,62288.5,4807
2024-05-14 21:45:00,61774.4,4808
2024-05-15 19:30:00,66387.1,4809
2024-05-16 00:00:00,66673.9,4810
2024-05-16 08:00:00,66440.0,4811
2024-05-16 12:30:00,66770.0,4812
2024-05-16 19:30:00,65568.2,4813
2024-05-17 03:30:00,65868.0,4814
2024-05-17 07:15:00,66492.0,4815
2024-05-17 11:00:00,66554.9,4816
2024-05-17 15:30:00,67443.8,4817
2024-05-17 19:45:00,67080.1,4818
2024-05-18 00:00:00,67044.0,4819
2024-05-18 07:15:00,67221.7,4820
2024-05-18 11:00:00,67346.5,4821
2024-05-18 20:30:00,66994.9,4822
2024-05-18 23:30:00,67006.2,4823
2024-05-19 03:30:00,67272.5,4824
2024-05-19 10:30:00,67737.7,4825
2024-05-20 05:00:00,67279.5,4826
2024-05-20 10:15:00,67350.0,4827
2024-05-20 20:00:00,70442.9,4828
2024-05-21 00:15:00,72061.7,4829
2024-05-21 06:30:00,71393.2,4830
2024-05-21 11:45:00,71490.8,4831
2024-05-21 23:15:00,70403.9,4832
2024-05-22 02:15:00,70398.9,4833
2024-05-22 11:00:00,70336.5,4834
2024-05-22 16:15:00,70713.0,4835
2024-05-22 20:15:00,70013.8,4836
2024-05-23 00:45:00,69690.4,4837
2024-05-23 07:30:00,69899.0,4838
2024-05-23 12:00:00,70159.4,4839
2024-05-23 21:00:00,68436.0,4840
2024-05-24 00:45:00,68062.2,4841
2024-05-24 19:45:00,69279.9,4842
2024-05-25 03:00:00,68921.5,4843
2024-05-25 11:15:00,69636.3,4844
2024-05-25 19:00:00,69277.7,4845
2024-05-25 23:00:00,69387.3,4846
2024-05-26 08:15:00,69598.7,4847
2024-05-26 15:00:00,69424.5,4848
2024-05-27 01:45:00,69349.0,4849
2024-05-27 08:15:00,68940.0,4850
2024-05-27 16:15:00,70737.9,4851
2024-05-28 10:15:00,68925.0,4852
2024-05-28 15:45:00,68497.1,4853
2024-05-28 22:15:00,68706.3,4854
2024-05-29 04:15:00,68989.0,4855
2024-05-29 13:15:00,68325.4,4856
2024-05-29 22:15:00,67885.3,4857
2024-05-30 04:30:00,68455.7,4858
2024-05-30 14:00:00,68855.0,4859
2024-05-30 17:45:00,69560.0,4860
2024-05-31 02:15:00,68740.1,4861
2024-05-31 12:30:00,69077.0,4862
2024-05-31 19:45:00,68072.5,4863
2024-06-01 05:45:00,67845.0,4864
2024-06-01 12:45:00,67913.5,4865
2024-06-01 22:15:00,67942.0,4866
2024-06-02 05:00:00,67900.1,4867
2024-06-02 14:30:00,68498.6,4868
2024-06-03 02:15:00,68824.9,4869
2024-06-03 08:30:00,69375.3,4870
2024-06-03 13:45:00,70344.1,4871
2024-06-03 20:00:00,69547.8,4872
2024-06-04 03:00:00,69418.4,4873
2024-06-04 08:00:00,69252.3,4874
2024-06-04 18:15:00,71110.0,4875
2024-06-05 01:30:00,71381.9,4876
2024-06-05 04:30:00,71319.3,4877
2024-06-05 16:00:00,71819.6,4878
2024-06-05 23:00:00,71320.1,4879
2024-06-06 02:15:00,71274.0,4880
2024-06-06 15:15:00,71699.9,4881
2024-06-06 23:00:00,71030.0,4882
2024-06-07 05:45:00,71478.6,4883
2024-06-07 12:30:00,72169.0,4884
2024-06-07 22:45:00,69598.9,4885
2024-06-08 03:30:00,69580.0,4886
2024-06-08 08:00:00,69610.5,4887
2024-06-08 11:00:00,69554.1,4888
2024-06-08 15:00:00,69529.6,4889
2024-06-08 19:15:00,69526.6,4890
2024-06-09 07:00:00,69459.3,4891
2024-06-09 09:45:00,69420.0,4892
2024-06-09 13:00:00,69792.5,4893
2024-06-09 19:30:00,69864.7,4894
2024-06-10 02:30:00,69808.4,4895
2024-06-10 11:30:00,69569.4,4896
2024-06-10 15:45:00,70180.6,4897
2024-06-11 13:15:00,67272.2,4898
2024-06-11 19:45:00,67547.8,4899
2024-06-12 04:30:00,67592.2,4900
2024-06-12 15:00:00,70000.0,4901
2024-06-13 08:00:00,67732.6,4902
2024-06-13 12:30:00,68500.0,4903
2024-06-13 22:45:00,66953.4,4904
2024-06-14 02:45:00,67000.0,4905
2024-06-14 08:15:00,67232.0,4906
2024-06-14 13:30:00,67341.0,4907
2024-06-14 21:30:00,66600.0,4908
2024-06-15 00:45:00,66261.1,4909
2024-06-15 06:00:00,66381.3,4910
2024-06-15 12:15:00,66332.8,4911
2024-06-15 15:15:00,66446.1,4912
2024-06-15 23:30:00,66250.0,4913
2024-06-16 10:45:00,66745.7,4914
2024-06-16 14:00:00,66780.2,4915
2024-06-16 22:00:00,66949.6,4916
2024-06-17 05:15:00,66535.0,4917
2024-06-17 18:30:00,67289.9,4918
2024-06-18 05:30:00,65828.0,4919
2024-06-18 21:45:00,65307.5,4920
2024-06-19 04:15:00,65700.0,4921
2024-06-19 07:00:00,65642.1,4922
2024-06-19 11:00:00,65512.6,4923
2024-06-19 17:15:00,65246.5,4924
2024-06-19 21:30:00,65089.5,4925
2024-06-20 01:30:00,65397.9,4926
2024-06-20 07:15:00,65978.0,4927
2024-06-20 11:30:00,66458.0,4928
2024-06-20 18:15:00,65198.8,4929
2024-06-20 21:15:00,65175.8,4930
2024-06-21 02:00:00,65070.7,4931
2024-06-21 14:45:00,64339.8,4932
2024-06-21 20:15:00,64440.0,4933
2024-06-22 07:45:00,64498.9,4934
2024-06-22 14:15:00,64371.5,4935
2024-06-23 03:00:00,64484.1,4936
2024-06-23 07:30:00,64418.5,4937
2024-06-23 13:00:00,64406.3,4938
2024-06-23 19:15:00,64160.0,4939
2024-06-24 08:30:00,62951.7,4940
2024-06-24 14:00:00,61673.3,4941
2024-06-25 03:45:00,61555.0,4942
2024-06-25 09:45:00,61588.8,4943
2024-06-25 14:15:00,62102.8,4944
2024-06-25 19:00:00,62401.3,4945
2024-06-25 22:15:00,62141.4,4946
2024-06-26 02:15:00,62467.9,4947
2024-06-26 07:30:00,61774.5,4948
2024-06-26 14:15:00,61940.0,4949
2024-06-27 03:15:00,61275.0,4950
2024-06-27 14:15:00,62380.0,4951
2024-06-28 01:30:00,62218.0,4952
2024-06-28 12:30:00,61859.6,4953
2024-06-29 01:00:00,60959.8,4954
2024-06-29 07:30:00,61115.2,4955
2024-06-29 11:30:00,61198.9,4956
2024-06-29 21:15:00,61074.0,4957
2024-06-30 00:45:00,61040.8,4958
2024-06-30 07:15:00,61776.5,4959
2024-06-30 14:00:00,61835.0,4960
2024-07-01 02:00:00,63790.0,4961
2024-07-01 06:45:00,63470.0,4962
2024-07-01 18:15:00,63845.0,4963
2024-07-02 03:30:00,63259.0,4964
2024-07-02 13:30:00,63139.2,4965
2024-07-02 18:45:00,62354.8,4966
2024-07-03 00:30:00,62250.0,4967
2024-07-03 06:15:00,61169.8,4968
2024-07-03 14:00:00,60732.1,4969
2024-07-04 01:00:00,60464.6,4970
2024-07-04 22:00:00,58820.7,4971
2024-07-05 17:30:00,57035.1,4972
2024-07-06 00:30:00,56977.8,4973
2024-07-06 07:00:00,56660.5,4974
2024-07-06 10:00:00,56875.5,4975
2024-07-06 16:45:00,58079.9,4976
2024-07-06 23:15:00,58489.6,4977
2024-07-07 02:45:00,58420.0,4978
2024-07-07 10:30:00,57897.0,4979
2024-07-07 18:00:00,57376.5,4980
2024-07-08 09:00:00,58195.4,4981
2024-07-08 18:30:00,56555.9,4982
2024-07-08 22:15:00,56954.4,4983
2024-07-09 08:30:00,57888.8,4984
2024-07-09 14:15:00,58153.3,4985
2024-07-09 18:45:00,58315.7,4986
2024-07-09 22:45:00,58235.7,4987
2024-07-10 05:00:00,59471.4,4988
2024-07-11 01:45:00,58382.7,4989
2024-07-11 12:30:00,59661.5,4990
2024-07-11 18:15:00,57974.1,4991
2024-07-12 00:30:00,57557.0,4992
2024-07-12 06:30:00,57390.0,4993
2024-07-12 18:45:00,58514.2,4994
2024-07-13 03:00:00,57949.6,4995
2024-07-13 06:15:00,58198.8,4996
2024-07-13 09:45:00,58852.2,4997
2024-07-13 12:45:00,58888.0,4998
2024-07-13 16:15:00,58950.0,4999
2024-07-13 23:00:00,59869.9,5000
2024-07-14 08:15:00,60380.0,5001
2024-07-14 14:45:00,60217.2,5002
2024-07-14 21:45:00,61387.9,5003
2024-07-15 08:45:00,63333.0,5004
2024-07-15 19:15:00,63777.0,5005
2024-07-16 00:00:00,64948.7,5006
2024-07-16 04:00:00,65019.7,5007
2024-07-16 16:00:00,65213.7,5008
2024-07-16 20:00:00,65163.5,5009
2024-07-17 01:15:00,66119.2,5010
2024-07-17 05:15:00,65977.0,5011
2024-07-17 15:30:00,65384.9,5012
2024-07-17 19:30:00,64729.4,5013
2024-07-18 02:00:00,65132.9,5014
2024-07-18 06:45:00,65033.4,5015
2024-07-18 13:00:00,65086.9,5016
2024-07-18 22:30:00,64097.5,5017
2024-07-19 06:00:00,64476.4,5018
2024-07-19 19:30:00,67368.4,5019
2024-07-20 03:00:00,66724.9,5020
2024-07-20 07:15:00,66743.7,5021
2024-07-20 17:15:00,67599.9,5022
2024-07-21 01:45:00,67398.0,5023
2024-07-21 10:00:00,67036.4,5024
2024-07-21 22:00:00,68371.7,5025
2024-07-22 00:45:00,68467.9,5026
2024-07-22 13:30:00,67940.0,5027
2024-07-22 19:45:00,68249.8,5028
2024-07-23 03:00:00,67686.0,5029
2024-07-23 09:30:00,67141.7,5030
2024-07-23 14:30:00,67347.2,5031
2024-07-24 00:00:00,66163.3,5032
2024-07-24 10:15:00,66611.8,5033
2024-07-24 14:30:00,67105.2,5034
2024-07-24 17:45:00,66693.1,5035
2024-07-25 00:45:00,65618.0,5036
2024-07-25 09:30:00,64463.7,5037
2024-07-26 03:00:00,67467.0,5038
2024-07-26 09:45:00,67500.0,5039
2024-07-26 13:45:00,68012.8,5040
2024-07-26 21:45:00,68212.6,5041
2024-07-27 02:45:00,68058.9,5042
2024-07-27 07:15:00,68288.1,5043
2024-07-27 14:00:00,69400.0,5044
2024-07-27 21:15:00,69222.0,5045
2024-07-28 01:45:00,68315.5,5046
2024-07-28 12:30:00,68118.0,5047
2024-07-28 18:30:00,68337.9,5048
2024-07-29 03:00:00,69850.0,5049
2024-07-29 05:45:00,69900.0,5050
2024-07-29 13:00:00,70136.9,5051
2024-07-29 19:15:00,67532.2,5052
2024-07-29 22:15:00,67530.9,5053
2024-07-30 07:45:00,66958.9,5054
2024-07-30 13:30:00,66924.6,5055
2024-07-30 16:30:00,66547.9,5056
2024-07-30 22:00:00,66339.4,5057
2024-07-31 00:45:00,66416.9,5058
2024-07-31 06:00:00,66533.0,5059
2024-07-31 13:30:00,66821.0,5060
2024-07-31 17:45:00,66832.0,5061
2024-08-01 09:00:00,64666.0,5062
2024-08-01 13:00:00,64938.0,5063
2024-08-01 22:15:00,65634.3,5064
2024-08-02 06:45:00,64611.2,5065
2024-08-02 13:45:00,65490.0,5066
2024-08-03 03:45:00,61943.3,5067
2024-08-03 07:00:00,61870.2,5068
2024-08-03 12:30:00,62154.0,5069
2024-08-03 21:45:00,60843.3,5070
2024-08-04 02:30:00,61088.0,5071
2024-08-04 05:30:00,60922.2,5072
2024-08-04 12:45:00,61056.8,5073
2024-08-04 20:00:00,59559.4,5074
2024-08-05 16:15:00,55555.0,5075
2024-08-05 21:15:00,55188.0,5076
2024-08-06 01:00:00,56288.0,5077
2024-08-06 07:45:00,56160.1,5078
2024-08-06 18:15:00,57056.1,5079
2024-08-06 22:15:00,56926.8,5080
2024-08-07 02:15:00,57285.6,5081
2024-08-07 10:30:00,57762.5,5082
2024-08-07 13:30:00,57467.8,5083
2024-08-07 21:30:00,55587.1,5084
2024-08-08 03:00:00,57674.8,5085
2024-08-08 16:00:00,59885.0,5086
2024-08-08 23:00:00,62743.1,5087
2024-08-09 03:15:00,61546.5,5088
2024-08-09 07:00:00,61230.8,5089
2024-08-09 14:00:00,61111.1,5090
2024-08-10 00:15:00,61459.9,5091
2024-08-10 09:45:00,61089.5,5092
2024-08-10 18:00:00,61237.1,5093
2024-08-10 21:15:00,61148.6,5094
2024-08-11 00:15:00,61230.6,5095
2024-08-11 03:15:00,61370.4,5096
2024-08-11 09:15:00,61880.0,5097
2024-08-11 14:30:00,60744.4,5098
2024-08-12 03:00:00,58805.9,5099
2024-08-12 08:00:00,59038.9,5100
2024-08-12 14:30:00,60691.5,5101
2024-08-13 01:00:00,59902.3,5102
2024-08-13 06:45:00,59465.5,5103
2024-08-13 17:30:00,61576.7,5104
2024-08-13 21:30:00,61125.0,5105
2024-08-14 03:45:00,61282.0,5106
2024-08-14 12:30:00,61950.3,5107
2024-08-15 01:00:00,59057.3,5108
2024-08-15 05:15:00,58612.0,5109
2024-08-15 16:30:00,59833.7,5110
2024-08-15 22:30:00,57859.5,5111
2024-08-16 02:30:00,58544.6,5112
2024-08-16 06:45:00,58620.0,5113
2024-08-16 09:45:00,58669.5,5114
2024-08-16 13:15:00,58894.0,5115
2024-08-16 19:30:00,59800.1,5116
2024-08-17 01:30:00,59370.3,5117
2024-08-17 09:30:00,59458.0,5118
2024-08-17 16:45:00,59698.8,5119
2024-08-18 02:45:00,60288.5,5120
2024-08-18 12:45:00,60249.8,5121
2024-08-18 20:45:00,59844.0,5122
2024-08-19 03:30:00,58740.0,5123
2024-08-19 07:00:00,58724.0,5124
2024-08-19 13:30:00,58946.6,5125
2024-08-19 17:30:00,59272.0,5126
2024-08-20 01:00:00,60897.0,5127
2024-08-20 05:15:00,61455.8,5128
2024-08-20 13:45:00,60930.0,5129
2024-08-20 20:00:00,59743.0,5130
2024-08-21 02:45:00,59484.8,5131
2024-08-21 08:00:00,59989.7,5132
2024-08-21 14:00:00,60201.1,5133
2024-08-21 20:00:00,61835.0,5134
2024-08-22 07:45:00,61200.0,5135
2024-08-22 10:45:00,61386.2,5136
2024-08-22 21:00:00,60703.4,5137
2024-08-23 00:30:00,60928.8,5138
2024-08-23 06:45:00,61333.0,5139
2024-08-23 14:15:00,62319.7,5140
2024-08-23 21:15:00,65041.9,5141
2024-08-24 09:00:00,64485.0,5142
2024-08-24 13:30:00,64224.9,5143
2024-08-24 18:30:00,64422.5,5144
2024-08-25 00:00:00,64800.0,5145
2024-08-25 15:15:00,64274.2,5146
2024-08-25 23:15:00,64992.6,5147
2024-08-26 04:15:00,64188.2,5148
2024-08-26 10:30:00,64029.9,5149
2024-08-26 17:30:00,63870.7,5150
2024-08-27 01:30:00,63203.2,5151
2024-08-27 05:30:00,63187.2,5152
2024-08-27 19:00:00,62200.0,5153
2024-08-28 09:45:00,60244.9,5154
2024-08-28 19:00:00,59799.0,5155
2024-08-29 01:00:00,59310.6,5156
2024-08-29 06:30:00,59745.3,5157
2024-08-29 15:30:00,61148.7,5158
2024-08-30 12:30:00,59922.0,5159
2024-08-30 18:45:00,59390.8,5160
2024-08-31 00:30:00,59437.7,5161
2024-08-31 04:45:00,59327.9,5162
2024-08-31 13:00:00,59230.0,5163
2024-08-31 18:00:00,59119.0,5164
2024-08-31 21:45:00,59144.0,5165
2024-09-01 07:45:00,58510.1,5166
2024-09-01 18:15:00,58790.8,5167
2024-09-02 11:15:00,58646.9,5168
2024-09-02 14:30:00,58800.0,5169
2024-09-02 23:00:00,59423.1,5170
2024-09-03 02:00:00,59805.0,5171
2024-09-03 12:30:00,59331.9,5172
2024-09-03 19:15:00,58224.0,5173
2024-09-04 08:30:00,56879.7,5174
2024-09-04 16:30:00,58499.8,5175
2024-09-04 22:15:00,58378.0,5176
2024-09-05 14:00:00,57319.3,5177
2024-09-05 18:45:00,56684.2,5178
2024-09-06 02:00:00,56844.7,5179
2024-09-06 13:15:00,56997.6,5180
2024-09-07 00:00:00,54069.0,5181
2024-09-07 16:00:00,54827.5,5182
2024-09-08 04:45:00,54565.5,5183
2024-09-08 09:00:00,54699.8,5184
2024-09-08 18:00:00,54519.9,5185
2024-09-08 22:15:00,55300.0,5186
2024-09-09 01:00:00,55375.8,5187
2024-09-09 09:00:00,55532.5,5188
2024-09-09 21:15:00,58150.2,5189
2024-09-10 08:00:00,57346.0,5190
2024-09-10 12:45:00,57497.1,5191
2024-09-10 19:45:00,58039.7,5192
2024-09-10 23:15:00,57864.0,5193
2024-09-11 07:45:00,56769.9,5194
2024-09-11 13:00:00,57148.9,5195
2024-09-11 18:15:00,57977.4,5196
2024-09-12 02:00:00,58466.0,5197
2024-09-12 08:30:00,58326.3,5198
2024-09-12 14:30:00,58580.9,5199
2024-09-12 18:15:00,58446.0,5200
2024-09-13 01:45:00,58232.1,5201
2024-09-13 10:45:00,58335.7,5202
2024-09-13 23:45:00,60624.2,5203
2024-09-14 14:30:00,59991.8,5204
2024-09-14 22:30:00,60135.9,5205
2024-09-15 01:15:00,60250.3,5206
2024-09-15 15:00:00,60392.8,5207
2024-09-16 08:15:00,59159.0,5208
2024-09-16 17:45:00,58250.0,5209
2024-09-16 23:45:00,58399.0,5210
2024-09-17 15:15:00,61330.0,5211
2024-09-18 03:45:00,60747.0,5212
2024-09-18 13:00:00,60146.0,5213
2024-09-18 18:30:00,61349.0,5214
2024-09-19 00:45:00,62578.2,5215
2024-09-19 17:30:00,63856.0,5216
2024-09-20 04:00:00,64131.7,5217
2024-09-20 11:00:00,63686.0,5218
2024-09-20 21:00:00,63289.3,5219
2024-09-21 00:15:00,63280.0,5220
2024-09-21 09:30:00,63117.8,5221
2024-09-21 17:15:00,63391.2,5222
2024-09-21 23:45:00,63544.0,5223
2024-09-22 04:30:00,63186.5,5224
2024-09-22 12:15:00,62910.1,5225
2024-09-22 22:45:00,64000.0,5226
2024-09-23 03:15:00,64774.2,5227
2024-09-23 16:00:00,63849.7,5228
2024-09-23 18:45:00,63542.5,5229
2024-09-24 08:45:00,63935.0,5230
2024-09-24 13:45:00,63749.6,5231
2024-09-24 20:00:00,64668.4,5232
2024-09-24 22:45:00,64749.9,5233
2024-09-25 01:30:00,64876.5,5234
2024-09-25 15:00:00,63992.4,5235
2024-09-25 21:45:00,63550.0,5236
2024-09-26 17:00:00,65850.0,5237
2024-09-26 22:00:00,65239.1,5238
2024-09-27 01:00:00,65350.0,5239
2024-09-27 09:15:00,65980.0,5240
2024-09-27 14:30:00,66520.0,5241
2024-09-27 22:30:00,65945.9,5242
2024-09-28 03:00:00,66319.9,5243
2024-09-28 11:45:00,65786.4,5244
2024-09-28 18:15:00,65798.7,5245
2024-09-29 00:15:00,65970.0,5246
2024-09-29 13:30:00,65843.8,5247
2024-09-29 20:00:00,66174.5,5248
2024-09-30 06:00:00,64689.0,5249
2024-09-30 12:45:00,64174.9,5250
2024-09-30 20:45:00,63872.9,5251
2024-10-01 07:30:00,64096.6,5252
2024-10-02 03:30:00,61859.8,5253
2024-10-02 07:30:00,61921.7,5254
2024-10-02 16:00:00,62416.3,5255
2024-10-03 04:00:00,61460.0,5256
2024-10-03 11:00:00,61048.5,5257
2024-10-03 14:00:00,60875.9,5258
2024-10-03 20:00:00,61095.0,5259
2024-10-04 02:00:00,61249.9,5260
2024-10-04 08:15:00,61649.7,5261
2024-10-04 13:00:00,61988.0,5262
2024-10-04 20:45:00,62469.0,5263
2024-10-05 09:45:00,62300.0,5264
2024-10-05 13:00:00,62365.9,5265
2024-10-06 01:15:00,62125.7,5266
2024-10-06 09:45:00,62144.3,5267
2024-10-06 16:00:00,62900.0,5268
2024-10-06 19:30:00,62973.3,5269
2024-10-07 01:00:00,63949.0,5270
2024-10-07 06:45:00,63695.6,5271
2024-10-07 14:15:00,64464.0,5272
2024-10-08 03:00:00,62790.6,5273
2024-10-08 14:00:00,63189.7,5274
2024-10-08 21:45:00,62543.6,5275
2024-10-09 01:30:00,62481.0,5276
2024-10-09 05:45:00,62525.0,5277
2024-10-09 15:45:00,62390.0,5278
2024-10-10 06:45:00,61144.4,5279
2024-10-10 12:00:00,61288.0,5280
2024-10-11 01:45:00,60754.0,5281
2024-10-11 06:30:00,60897.0,5282
2024-10-11 19:00:00,63436.0,5283
2024-10-12 01:00:00,63078.1,5284
2024-10-12 05:45:00,62777.0,5285
2024-10-12 11:15:00,63245.2,5286
2024-10-12 15:00:00,63467.4,5287
2024-10-12 23:15:00,63355.6,5288
2024-10-13 06:15:00,62967.0,5289
2024-10-13 13:15:00,62804.7,5290
2024-10-13 17:15:00,62864.0,5291
2024-10-13 22:00:00,63100.0,5292
2024-10-14 04:00:00,64539.6,5293
2024-10-14 14:45:00,66283.8,5294
2024-10-14 22:45:00,67300.0,5295
2024-10-15 08:30:00,65854.3,5296
2024-10-15 14:00:00,67999.0,5297
2024-10-15 18:15:00,67396.0,5298
2024-10-16 02:00:00,67570.1,5299
2024-10-16 05:45:00,67344.1,5300
2024-10-16 11:45:00,68525.0,5301
2024-10-16 17:45:00,68083.3,5302
2024-10-17 00:30:00,67921.0,5303
2024-10-17 09:00:00,67515.0,5304
2024-10-17 15:30:00,67666.6,5305
2024-10-18 01:45:00,68300.0,5306
2024-10-18 06:15:00,68400.0,5307
2024-10-18 15:30:00,68950.0,5308
2024-10-18 18:45:00,69049.7,5309
2024-10-19 03:15:00,68685.0,5310
2024-10-19 08:45:00,68472.8,5311
2024-10-19 14:30:00,68339.3,5312
2024-10-20 00:15:00,68442.1,5313
2024-10-20 08:15:00,68502.2,5314
2024-10-20 14:15:00,68786.9,5315
2024-10-21 00:30:00,69555.0,5316
2024-10-21 05:00:00,69205.3,5317
2024-10-21 19:45:00,67943.9,5318
2024-10-22 02:00:00,67700.0,5319
2024-10-22 06:15:00,67796.2,5320
2024-10-22 15:00:00,67678.2,5321
2024-10-22 22:45:00,67847.0,5322
2024-10-23 06:30:00,67294.0,5323
2024-10-23 13:45:00,66905.9,5324
2024-10-24 01:00:00,67637.1,5325
2024-10-24 15:30:00,68000.0,5326
2024-10-24 21:15:00,68847.2,5327
2024-10-25 03:15:00,68215.0,5328
2024-10-25 14:30:00,68755.0,5329
2024-10-25 22:00:00,67367.0,5330
2024-10-26 06:30:00,67212.0,5331
2024-10-26 09:15:00,67240.0,5332
2024-10-26 20:30:00,67442.7,5333
2024-10-27 03:45:00,67307.3,5334
2024-10-27 08:15:00,67246.9,5335
2024-10-27 17:30:00,67999.3,5336
2024-10-27 22:30:00,68311.6,5337
2024-10-28 03:15:00,67963.0,5338
2024-10-28 07:15:00,68675.0,5339
2024-10-28 13:45:00,69280.0,5340
2024-10-28 19:15:00,69941.5,5341
2024-10-28 22:00:00,70449.9,5342
2024-10-29 02:15:00,71645.0,5343
2024-10-29 06:45:00,71393.4,5344
2024-10-29 19:00:00,73681.8,5345
2024-10-29 22:45:00,73030.1,5346
2024-10-30 06:00:00,72649.0,5347
2024-10-30 10:00:00,72636.3,5348
2024-10-30 14:30:00,72491.0,5349
2024-10-30 21:00:00,73044.2,5350
2024-10-31 03:00:00,72638.3,5351
2024-10-31 07:30:00,72506.7,5352
2024-10-31 10:45:00,72736.4,5353
2024-10-31 23:15:00,70688.0,5354
2024-11-01 06:00:00,69720.0,5355
2024-11-01 14:30:00,71650.0,5356
2024-11-02 02:15:00,69919.0,5357
2024-11-02 08:00:00,69844.0,5358
2024-11-02 11:45:00,69694.0,5359
2024-11-02 16:45:00,69604.4,5360
2024-11-02 20:45:00,69568.7,5361
2024-11-03 06:45:00,68766.0,5362
2024-11-03 16:00:00,68535.9,5363
2024-11-03 21:30:00,69339.7,5364
2024-11-04 03:00:00,69497.0,5365
2024-11-04 13:15:00,69246.3,5366
2024-11-04 19:15:00,68079.7,5367
2024-11-05 00:45:00,68191.1,5368
2024-11-05 09:00:00,69112.0,5369
2024-11-05 16:30:00,70540.0,5370
2024-11-06 03:00:00,75389.0,5371
2024-11-06 06:15:00,75499.8,5372
2024-11-06 12:00:00,74816.4,5373
2024-11-06 20:45:00,76433.6,5374
2024-11-07 01:30:00,76119.0,5375
2024-11-07 08:45:00,75228.9,5376
2024-11-07 20:15:00,76890.0,5377
2024-11-08 00:30:00,76397.3,5378
2024-11-08 07:45:00,76288.0,5379
2024-11-08 10:45:00,76374.0,5380
2024-11-08 15:30:00,76659.8,5381
2024-11-08 19:30:00,77220.3,5382
2024-11-09 00:15:00,76656.0,5383
2024-11-09 06:00:00,76831.0,5384
2024-11-09 19:00:00,76752.4,5385
2024-11-10 05:30:00,79899.7,5386
2024-11-10 12:00:00,80221.8,5387
2024-11-10 18:15:00,81163.5,5388
2024-11-10 22:15:00,81700.0,5389
2024-11-11 03:45:00,81943.8,5390
2024-11-11 23:00:00,89828.0,5391
2024-11-12 07:15:00,90077.0,5392
2024-11-12 20:45:00,90000.0,5393
2024-11-13 16:15:00,93400.0,5394
2024-11-14 02:00:00,90646.0,5395
2024-11-14 08:00:00,91529.4,5396
2024-11-14 11:45:00,91755.8,5397
2024-11-14 14:30:00,91889.7,5398
2024-11-14 18:15:00,89708.5,5399
2024-11-15 03:30:00,88550.1,5400
2024-11-15 12:00:00,90787.8,5401
2024-11-15 21:45:00,91948.0,5402
2024-11-16 02:15:00,91796.9,5403
2024-11-16 05:15:00,91856.3,5404
2024-11-16 10:30:00,91683.6,5405
2024-11-16 18:30:00,91491.9,5406
2024-11-17 05:00:00,90968.7,5407
2024-11-17 09:00:00,91601.8,5408
2024-11-17 17:30:00,90799.0,5409
2024-11-18 01:45:00,91091.4,5410
2024-11-18 07:00:00,92444.0,5411
2024-11-18 15:45:00,92757.6,5412
2024-11-18 21:15:00,92044.1,5413
2024-11-19 07:00:00,92117.1,5414
2024-11-19 13:00:00,92877.0,5415
2024-11-19 19:00:00,93980.0,5416
2024-11-20 09:15:00,93733.6,5417
2024-11-20 15:30:00,94898.9,5418
2024-11-20 20:30:00,94650.0,5419
2024-11-21 05:30:00,97969.1,5420
2024-11-21 11:00:00,98450.0,5421
2024-11-21 19:15:00,99111.0,5422
2024-11-21 23:00:00,98814.4,5423
2024-11-22 03:15:00,99428.6,5424
2024-11-22 07:30:00,99572.0,5425
2024-11-22 12:00:00,99037.6,5426
2024-11-22 19:30:00,99690.0,5427
2024-11-23 03:30:00,98866.9,5428
2024-11-23 06:45:00,98874.6,5429
2024-11-23 13:15:00,98935.0,5430
2024-11-23 21:45:00,98128.9,5431
2024-11-24 02:30:00,98653.3,5432
2024-11-24 23:15:00,98473.7,5433
2024-11-25 06:15:00,98467.9,5434
2024-11-25 09:15:00,98979.9,5435
2024-11-26 02:00:00,94975.0,5436
2024-11-26 06:15:00,95063.1,5437
2024-11-26 16:45:00,94749.9,5438
2024-11-27 10:45:00,93967.9,5439
2024-11-27 20:15:00,97276.0,5440
2024-11-28 00:45:00,96648.0,5441
2024-11-28 14:00:00,96300.0,5442
2024-11-28 19:00:00,95529.0,5443
2024-11-29 02:45:00,96951.9,5444
2024-11-29 15:15:00,98735.3,5445
2024-11-29 20:30:00,97712.8,5446
2024-11-29 23:45:00,97568.8,5447
2024-11-30 06:00:00,97324.1,5448
2024-11-30 19:30:00,97129.9,5449
2024-12-01 04:45:00,96620.6,5450
2024-12-01 08:15:00,97290.0,5451
2024-12-01 13:15:00,97473.0,5452
2024-12-01 18:15:00,97600.0,5453
2024-12-01 22:00:00,97929.4,5454
2024-12-02 01:30:00,98270.7,5455
2024-12-02 16:00:00,97450.0,5456
2024-12-02 20:15:00,96397.7,5457
2024-12-03 02:30:00,96389.0,5458
2024-12-03 06:15:00,96343.6,5459
2024-12-03 15:15:00,96333.0,5460
2024-12-04 01:45:00,96736.8,5461
2024-12-04 09:30:00,97066.6,5462
2024-12-04 14:30:00,96663.9,5463
2024-12-04 20:45:00,99117.6,5464
2024-12-04 23:30:00,99100.0,5465
2024-12-05 03:00:00,104698.8,5466
2024-12-05 09:15:00,103288.0,5467
2024-12-05 14:45:00,103697.4,5468
2024-12-06 01:45:00,98878.8,5469
2024-12-06 05:15:00,98367.2,5470
2024-12-06 08:30:00,98750.0,5471
2024-12-06 20:30:00,101998.7,5472
2024-12-07 09:15:00,99876.3,5473
2024-12-07 15:30:00,99897.9,5474
2024-12-07 21:00:00,100540.2,5475
2024-12-08 02:45:00,100418.4,5476
2024-12-08 07:30:00,99951.8,5477
2024-12-08 13:45:00,100596.4,5478
2024-12-08 19:45:00,100287.3,5479
2024-12-08 23:45:00,101464.8,5480
2024-12-09 07:45:00,99816.0,5481
2024-12-09 15:00:00,100500.0,5482
2024-12-10 00:30:00,98187.0,5483
2024-12-10 14:45:00,98299.0,5484
2024-12-10 21:30:00,97185.7,5485
2024-12-11 08:30:00,98467.0,5486
2024-12-11 16:15:00,101099.0,5487
2024-12-11 22:00:00,101961.0,5488
2024-12-12 02:45:00,101867.5,5489
2024-12-12 09:00:00,101149.3,5490
2024-12-12 16:15:00,102636.2,5491
2024-12-12 22:30:00,100464.1,5492
2024-12-13 11:15:00,100797.0,5493
2024-12-13 18:30:00,101935.7,5494
2024-12-14 01:15:00,102748.0,5495
2024-12-14 06:45:00,102029.3,5496
2024-12-14 11:45:00,101725.8,5497
2024-12-14 15:15:00,101770.9,5498
2024-12-14 20:00:00,101445.3,5499
2024-12-15 04:15:00,102888.1,5500
2024-12-15 12:45:00,103371.7,5501
2024-12-15 16:30:00,103555.0,5502
2024-12-15 19:15:00,103474.8,5503
2024-12-16 00:30:00,106727.8,5504
2024-12-16 07:15:00,105438.9,5505
2024-12-16 18:15:00,107850.0,5506
2024-12-17 03:30:00,107074.6,5507
2024-12-17 08:45:00,107550.0,5508
2024-12-17 14:45:00,108421.6,5509
2024-12-17 18:00:00,107669.9,5510
2024-12-18 01:00:00,106470.3,5511
2024-12-18 12:15:00,105309.2,5512
2024-12-18 18:15:00,104968.2,5513
2024-12-19 10:45:00,102554.7,5514
2024-12-19 14:30:00,102742.4,5515
2024-12-19 22:45:00,98342.0,5516
2024-12-20 07:30:00,98221.5,5517
2024-12-20 16:15:00,97640.0,5518
2024-12-20 19:30:00,97698.0,5519
2024-12-20 23:45:00,97775.6,5520
2024-12-21 07:30:00,99482.8,5521
2024-12-21 20:15:00,97999.0,5522
2024-12-22 00:30:00,97431.6,5523
2024-12-22 10:30:00,97317.0,5524
2024-12-22 18:30:00,96437.1,5525
2024-12-22 23:00:00,95790.5,5526
2024-12-23 04:00:00,96470.0,5527
2024-12-23 11:00:00,96500.0,5528
2024-12-23 23:15:00,95472.6,5529
2024-12-24 05:30:00,94639.8,5530
2024-12-24 18:15:00,99435.7,5531
2024-12-24 22:15:00,99065.0,5532
2024-12-25 06:15:00,98550.0,5533
2024-12-25 10:15:00,99338.9,5534
2024-12-25 14:45:00,98817.9,5535
2024-12-25 21:00:00,99590.0,5536
2024-12-26 00:00:00,99950.0,5537
2024-12-26 16:45:00,96575.1,5538
2024-12-27 09:00:00,97500.0,5539
2024-12-27 12:00:00,96995.7,5540
2024-12-27 21:00:00,94794.0,5541
2024-12-28 05:45:00,94759.8,5542
2024-12-28 14:15:00,95302.8,5543
2024-12-28 17:15:00,95221.7,5544
2024-12-28 22:45:00,95699.9,5545
2024-12-29 04:15:00,95235.1,5546
2024-12-29 08:00:00,95274.8,5547
2024-12-29 14:00:00,95188.8,5548
2024-12-29 21:00:00,93900.0,5549
2024-12-30 01:30:00,94244.9,5550
2024-12-30 06:15:00,94000.0,5551
2024-12-30 12:15:00,94232.3,5552
2024-12-30 20:15:00,95000.0,5553
2024-12-31 08:30:00,94700.0,5554
2024-12-31 14:30:00,96322.1,5555
2025-01-01 00:45:00,94457.9,5556
2025-01-01 15:45:00,94481.4,5557
2025-01-01 21:15:00,95158.4,5558
2025-01-02 01:00:00,95515.7,5559
2025-01-02 04:45:00,95987.5,5560
2025-01-02 20:15:00,97844.8,5561
2025-01-03 02:15:00,97329.6,5562
2025-01-03 19:15:00,98950.0,5563
2025-01-04 02:45:00,98275.2,5564
2025-01-04 07:15:00,98298.6,5565
2025-01-04 15:15:00,98122.7,5566
2025-01-04 21:00:00,98759.6,5567
2025-01-05 04:15:00,98516.0,5568
2025-01-05 16:00:00,98308.6,5569
2025-01-05 23:00:00,98828.5,5570
2025-01-06 05:45:00,99877.7,5571
2025-01-06 15:45:00,102471.7,5572
2025-01-06 20:15:00,102291.7,5573
2025-01-07 00:30:00,102702.1,5574
2025-01-07 07:00:00,101975.0,5575
2025-01-08 00:45:00,97224.3,5576
2025-01-08 15:00:00,96037.9,5577
2025-01-09 01:15:00,95356.6,5578
2025-01-09 06:15:00,94588.6,5579
2025-01-09 11:15:00,93827.2,5580
2025-01-09 16:00:00,94666.0,5581
2025-01-10 07:45:00,94948.4,5582
2025-01-10 10:45:00,95233.0,5583
2025-01-10 17:45:00,95873.6,5584
2025-01-11 06:00:00,94409.5,5585
2025-01-11 11:30:00,94750.0,5586
2025-01-11 16:30:00,94696.5,5587
2025-01-11 21:45:00,94991.9,5588
2025-01-12 03:00:00,94663.9,5589
2025-01-12 15:15:00,95439.9,5590
2025-01-13 00:30:00,95954.8,5591
2025-01-13 04:30:00,94888.2,5592
2025-01-13 15:15:00,93050.9,5593
2025-01-14 02:15:00,95285.1,5594
2025-01-14 05:00:00,95484.3,5595
2025-01-14 09:45:00,97395.5,5596
2025-01-14 13:30:00,97247.9,5597
2025-01-14 19:30:00,97064.0,5598
2025-01-15 04:00:00,97691.7,5599
2025-01-15 07:30:00,97567.0,5600
2025-01-15 15:15:00,99765.0,5601
2025-01-15 20:15:00,100700.0,5602
2025-01-16 00:00:00,100866.1,5603
2025-01-16 06:30:00,99891.8,5604
2025-01-16 12:30:00,99498.2,5605
2025-01-16 20:30:00,100620.0,5606
2025-01-17 02:15:00,102150.0,5607
2025-01-17 19:45:00,105815.8,5608
2025-01-18 00:45:00,104617.0,5609
2025-01-18 15:45:00,104963.0,5610
2025-01-18 20:00:00,104486.8,5611
2025-01-18 23:15:00,104738.6,5612
2025-01-19 02:30:00,105431.1,5613
2025-01-19 06:45:00,105618.8,5614
2025-01-19 09:45:00,105442.4,5615
2025-01-19 14:15:00,105700.0,5616
2025-01-19 20:45:00,106476.5,5617
2025-01-20 06:45:00,109951.7,5618
2025-01-21 03:15:00,103250.0,5619
2025-01-21 18:30:00,107265.6,5620
2025-01-22 06:00:00,106020.0,5621
2025-01-22 12:15:00,105568.0,5622
2025-01-22 20:00:00,104830.0,5623
2025-01-23 16:15:00,106875.0,5624
2025-01-23 20:15:00,106400.0,5625
2025-01-24 09:15:00,105733.4,5626
2025-01-24 18:15:00,107118.6,5627
2025-01-25 03:45:00,105227.3,5628
2025-01-25 15:15:00,105072.0,5629
2025-01-25 18:30:00,105276.1,5630
2025-01-25 22:00:00,105237.4,5631
2025-01-26 04:15:00,105591.5,5632
2025-01-26 08:00:00,105200.0,5633
2025-01-26 15:15:00,105053.7,5634
2025-01-26 18:30:00,105243.6,5635
2025-01-27 09:15:00,99478.6,5636
2025-01-27 14:45:00,102270.4,5637
2025-01-27 21:00:00,102376.8,5638
2025-01-28 00:00:00,102910.4,5639
2025-01-28 04:30:00,103329.9,5640
2025-01-28 10:15:00,103178.1,5641
2025-01-28 15:30:00,103800.0,5642
2025-01-28 18:15:00,103077.6,5643
2025-01-29 02:00:00,102266.0,5644
2025-01-29 08:00:00,102974.0,5645
2025-01-29 12:15:00,102781.2,5646
2025-01-29 20:30:00,104777.0,5647
2025-01-30 04:45:00,105582.2,5648
2025-01-30 09:45:00,105534.0,5649
2025-01-30 15:00:00,106421.1,5650
2025-01-30 20:15:00,105789.0,5651
2025-01-31 07:15:00,104761.1,5652
2025-01-31 15:45:00,105998.0,5653
2025-02-01 02:15:00,102735.0,5654
2025-02-01 05:30:00,102517.3,5655
2025-02-01 12:45:00,102233.0,5656
2025-02-01 17:15:00,102220.0,5657
2025-02-02 01:15:00,101410.0,5658
2025-02-02 06:15:00,100434.1,5659
2025-02-02 14:30:00,99364.6,5660
2025-02-02 19:45:00,98645.7,5661
2025-02-03 09:15:00,95885.5,5662
2025-02-03 22:00:00,102457.8,5663
2025-02-04 01:45:00,101684.7,5664
2025-02-04 14:30:00,100381.1,5665
2025-02-04 19:30:00,100765.5,5666
2025-02-05 01:00:00,98900.0,5667
2025-02-05 04:45:00,98309.6,5668
2025-02-05 14:30:00,99170.0,5669
2025-02-06 11:45:00,99099.0,5670
2025-02-06 20:45:00,97050.0,5671
2025-02-07 01:45:00,97791.7,5672
2025-02-07 04:30:00,97833.3,5673
2025-02-07 14:45:00,100120.0,5674
2025-02-08 00:15:00,96791.4,5675
2025-02-08 03:00:00,96840.0,5676
2025-02-08 10:30:00,96250.0,5677
2025-02-08 13:30:00,96444.0,5678
2025-02-08 19:30:00,96700.0,5679
2025-02-09 04:00:00,97275.0,5680
2025-02-09 08:00:00,97250.0,5681
2025-02-09 15:30:00,96625.4,5682
2025-02-09 20:30:00,96740.9,5683
2025-02-10 00:15:00,97100.0,5684
2025-02-10 10:15:00,97937.3,5685
2025-02-10 13:45:00,98343.4,5686
2025-02-10 19:30:00,97611.0,5687
2025-02-11 00:30:00,98150.0,5688
2025-02-11 05:45:00,98459.0,5689
2025-02-11 22:00:00,96450.0,5690
2025-02-12 01:45:00,96234.5,5691
2025-02-12 08:45:00,96429.9,5692
2025-02-12 13:15:00,96600.0,5693
2025-02-12 17:30:00,97675.0,5694
2025-02-12 22:30:00,98089.1,5695
2025-02-13 01:45:00,98047.0,5696
2025-02-13 10:00:00,96307.4,5697
2025-02-13 15:15:00,96439.5,5698
2025-02-13 21:30:00,96808.5,5699
2025-02-14 00:30:00,96995.8,5700
2025-02-14 04:00:00,97216.8,5701
2025-02-14 10:00:00,97171.7,5702
2025-02-14 17:45:00,98821.0,5703
2025-02-15 03:00:00,97933.0,5704
2025-02-15 13:30:00,97898.8,5705
2025-02-16 05:45:00,97620.2,5706
2025-02-16 17:00:00,97119.4,5707
2025-02-16 21:30:00,97247.2,5708
2025-02-17 02:00:00,96580.0,5709
2025-02-17 07:00:00,96429.0,5710
2025-02-17 14:15:00,96988.3,5711
2025-02-17 21:45:00,96370.0,5712
2025-02-18 02:00:00,96274.0,5713
2025-02-18 14:15:00,96730.9,5714
2025-02-19 00:00:00,95800.0,5715
2025-02-19 02:45:00,95923.4,5716
2025-02-19 14:30:00,96676.5,5717
2025-02-20 03:00:00,97419.9,5718
2025-02-20 14:30:00,98000.0,5719
2025-02-20 20:15:00,98680.8,5720
2025-02-20 23:30:00,98481.0,5721
2025-02-21 09:15:00,98907.8,5722
2025-02-21 13:45:00,99454.2,5723
2025-02-22 01:30:00,96494.0,5724
2025-02-22 06:00:00,96639.9,5725
2025-02-22 12:45:00,97056.0,5726
2025-02-22 16:00:00,96837.6,5727
2025-02-22 22:00:00,96703.1,5728
2025-02-23 07:45:00,96541.6,5729
2025-02-23 18:15:00,95887.2,5730
2025-02-24 00:45:00,96536.3,5731
2025-02-24 09:30:00,96189.3,5732
2025-02-24 13:30:00,96111.6,5733
2025-02-25 03:45:00,92520.9,5734
2025-02-25 13:00:00,89519.7,5735
2025-02-25 22:00:00,89482.5,5736
2025-02-26 03:15:00,89389.9,5737
2025-02-26 10:45:00,89287.0,5738
2025-02-26 15:00:00,88470.2,5739
2025-02-26 22:00:00,85360.7,5740
2025-02-27 01:15:00,85391.8,5741
2025-02-27 06:30:00,86668.0,5742
2025-02-27 11:00:00,87043.6,5743
2025-02-27 23:30:00,84909.2,5744
2025-02-28 18:45:00,85124.4,5745
2025-03-01 04:30:00,86533.3,5746
2025-03-01 09:15:00,85474.4,5747
2025-03-02 02:00:00,86459.0,5748
2025-03-02 06:45:00,86602.0,5749
2025-03-02 11:30:00,86177.4,5750
2025-03-02 17:45:00,95058.7,5751
2025-03-02 23:00:00,94851.9,5752
2025-03-03 05:45:00,93327.5,5753
2025-03-03 14:00:00,93697.0,5754
2025-03-03 22:45:00,86983.4,5755
2025-03-04 05:00:00,84569.1,5756
2025-03-04 11:00:00,84350.0,5757
2025-03-04 14:30:00,84975.9,5758
2025-03-04 21:15:00,88946.0,5759
2025-03-05 02:45:00,87886.0,5760
2025-03-05 12:30:00,90930.0,5761
2025-03-05 17:30:00,90444.0,5762
2025-03-06 05:45:00,92781.6,5763
2025-03-06 10:15:00,91642.0,5764
2025-03-06 15:30:00,91427.2,5765
2025-03-07 00:00:00,91279.5,5766
2025-03-07 09:30:00,89678.3,5767
2025-03-07 14:45:00,91119.0,5768
2025-03-07 18:45:00,89043.7,5769
2025-03-08 00:45:00,86886.3,5770
2025-03-08 06:15:00,86620.0,5771
2025-03-08 14:30:00,86602.7,5772
2025-03-08 19:30:00,86491.0,5773
2025-03-09 01:00:00,86485.0,5774
2025-03-09 07:30:00,86142.5,5775
2025-03-09 20:30:00,83461.2,5776
2025-03-10 05:00:00,82739.3,5777
2025-03-10 09:15:00,84050.0,5778
2025-03-10 21:30:00,79860.6,5779
2025-03-11 13:15:00,82257.4,5780
2025-03-11 19:00:00,83622.9,5781
2025-03-12 01:45:00,83738.0,5782
2025-03-12 12:30:00,84489.8,5783
2025-03-13 02:00:00,84343.2,5784
2025-03-13 07:15:00,83530.0,5785
2025-03-13 12:30:00,83838.0,5786
2025-03-14 02:45:00,82218.4,5787
2025-03-14 15:30:00,85299.9,5788
2025-03-14 19:00:00,84920.0,5789
2025-03-15 03:15:00,84661.8,5790
2025-03-15 13:30:00,84429.8,5791
2025-03-15 16:45:00,84457.2,5792
2025-03-15 21:30:00,84442.0,5793
2025-03-16 16:00:00,85136.0,5794
2025-03-17 04:00:00,83836.2,5795
2025-03-17 09:15:00,83749.3,5796
2025-03-17 12:00:00,83999.9,5797
2025-03-17 19:45:00,84728.5,5798
2025-03-18 08:30:00,83421.3,5799
2025-03-18 19:45:00,82427.2,5800
2025-03-19 00:45:00,83211.9,5801
2025-03-19 19:00:00,85927.6,5802
2025-03-20 00:00:00,87400.0,5803
2025-03-20 08:45:00,86291.7,5804
2025-03-20 14:15:00,86488.0,5805
2025-03-21 02:00:00,84800.0,5806
2025-03-21 04:45:00,84758.5,5807
2025-03-21 09:30:00,84313.5,5808
2025-03-21 12:15:00,84323.5,5809
2025-03-21 18:30:00,84431.5,5810
2025-03-21 21:30:00,84567.3,5811
2025-03-22 01:00:00,84287.4,5812
2025-03-22 05:15:00,84388.7,5813
2025-03-22 09:30:00,84500.0,5814
2025-03-22 18:30:00,84279.5,5815
2025-03-23 02:45:00,84257.5,5816
2025-03-23 16:45:00,85400.0,5817
2025-03-24 00:30:00,86611.2,5818
2025-03-24 10:45:00,87888.0,5819
2025-03-24 14:15:00,88740.0,5820
2025-03-24 18:30:00,88496.1,5821
2025-03-25 06:30:00,86832.3,5822
2025-03-25 17:00:00,88296.5,5823
2025-03-25 20:00:00,88500.0,5824
2025-03-26 01:15:00,87869.3,5825
2025-03-26 07:30:00,88284.0,5826
2025-03-26 10:45:00,88234.0,5827
2025-03-26 20:30:00,87358.8,5828
2025-03-27 02:45:00,87727.9,5829
2025-03-27 10:00:00,87570.0,5830
2025-03-27 15:15:00,87529.1,5831
2025-03-27 21:30:00,87699.9,5832
2025-03-28 01:30:00,87479.4,5833
2025-03-28 12:30:00,85598.4,5834
2025-03-29 00:30:00,84573.8,5835
2025-03-29 09:00:00,83908.5,5836
2025-03-29 14:00:00,82839.9,5837
2025-03-29 20:30:00,82799.1,5838
2025-03-30 03:15:00,83450.0,5839
2025-03-30 10:00:00,83496.8,5840
2025-03-30 19:00:00,82870.0,5841
2025-03-30 22:30:00,82724.1,5842
2025-03-31 05:15:00,82279.6,5843
2025-03-31 15:15:00,83895.7,5844
2025-03-31 23:15:00,82828.8,5845
2025-04-01 10:15:00,84471.2,5846
2025-04-01 15:45:00,85468.3,5847
2025-04-01 23:30:00,85555.0,5848
2025-04-02 09:00:00,85429.6,5849
2025-04-02 15:30:00,87297.1,5850
2025-04-02 20:15:00,88560.1,5851
2025-04-03 01:45:00,83888.0,5852
2025-04-03 08:30:00,83774.8,5853
2025-04-04 00:30:00,83389.9,5854
2025-04-04 09:45:00,84736.0,5855
2025-04-04 17:45:00,84600.0,5856
2025-04-05 01:15:00,84244.0,5857
2025-04-05 10:00:00,83872.8,5858
2025-04-06 01:30:00,83774.3,5859
2025-04-06 05:15:00,83500.0,5860
2025-04-07 01:15:00,79315.8,5861
2025-04-07 14:15:00,81216.8,5862
2025-04-07 18:15:00,79342.0,5863
2025-04-07 22:45:00,80189.3,5864
2025-04-08 02:00:00,80833.6,5865
2025-04-08 13:00:00,80350.0,5866
2025-04-09 07:30:00,77910.1,5867
2025-04-09 14:00:00,78300.0,5868
2025-04-09 21:15:00,83560.0,5869
2025-04-10 06:00:00,82312.4,5870
2025-04-10 12:30:00,82491.1,5871
2025-04-10 19:45:00,80027.5,5872
2025-04-11 10:30:00,82950.0,5873
2025-04-11 13:30:00,83333.0,5874
2025-04-11 18:00:00,84191.9,5875
2025-04-11 21:15:00,84288.0,5876
2025-04-12 00:45:00,83544.8,5877
2025-04-12 08:00:00,83998.8,5878
2025-04-12 15:30:00,85386.4,5879
2025-04-12 20:30:00,85888.0,5880
2025-04-13 01:30:00,86099.0,5881
2025-04-13 10:00:00,84908.4,5882
2025-04-13 17:15:00,84982.7,5883
2025-04-14 02:30:00,85535.8,5884
2025-04-14 08:45:00,84931.0,5885
2025-04-14 14:45:00,85771.1,5886
2025-04-14 19:00:00,85174.0,5887
2025-04-15 10:00:00,85998.9,5888
2025-04-15 13:45:00,86444.0,5889
2025-04-15 21:30:00,84181.7,5890
2025-04-16 03:00:00,83910.5,5891
2025-04-16 08:30:00,84093.0,5892
2025-04-16 17:30:00,85522.7,5893
2025-04-16 21:15:00,84636.3,5894
2025-04-17 01:30:00,84450.9,5895
2025-04-17 07:30:00,85018.5,5896
2025-04-17 12:15:00,84831.3,5897
2025-04-17 18:15:00,85455.8,5898
2025-04-18 12:30:00,84725.3,5899
2025-04-18 18:15:00,84618.0,5900
2025-04-18 21:30:00,84647.0,5901
2025-04-19 04:30:00,85230.0,5902
2025-04-19 09:00:00,85426.1,5903
2025-04-19 15:30:00,85644.6,5904
2025-04-19 18:30:00,85295.1,5905
2025-04-19 22:30:00,85371.3,5906
2025-04-20 02:00:00,85290.0,5907
2025-04-20 14:00:00,84627.6,5908
2025-04-21 02:15:00,87626.4,5909
2025-04-21 05:45:00,87737.7,5910
2025-04-21 09:00:00,87771.9,5911
2025-04-21 14:30:00,88442.9,5912
2025-04-21 19:45:00,87440.0,5913
2025-04-22 01:15:00,88842.1,5914
2025-04-22 08:15:00,88649.2,5915
2025-04-22 21:45:00,94000.0,5916
2025-04-23 08:15:00,94507.0,5917
2025-04-23 13:30:00,94722.9,5918
2025-04-23 18:00:00,94189.1,5919
2025-04-24 16:30:00,93554.8,5920
2025-04-24 19:45:00,93624.1,5921
2025-04-25 01:00:00,94400.0,5922
2025-04-25 14:45:00,95724.5,5923
2025-04-26 01:30:00,95150.0,5924
2025-04-26 07:30:00,94746.9,5925
2025-04-26 15:45:00,94363.4,5926
2025-04-27 01:15:00,95279.4,5927
2025-04-27 08:45:00,94279.1,5928
2025-04-27 14:15:00,94130.0,5929
2025-04-27 21:45:00,94516.8,5930
2025-04-28 12:45:00,95564.8,5931
2025-04-28 19:30:00,94874.3,5932
2025-04-29 01:45:00,95440.0,5933
2025-04-29 11:15:00,95250.0,5934
2025-04-29 16:45:00,95444.3,5935
2025-04-30 04:00:00,95146.5,5936
2025-04-30 11:30:00,95187.5,5937
2025-04-30 21:00:00,94750.0,5938
2025-05-01 06:00:00,95150.0,5939
2025-05-01 15:00:00,97383.1,5940
2025-05-02 04:00:00,97276.6,5941
2025-05-02 14:45:00,97868.0,5942
2025-05-03 05:30:00,96548.6,5943
2025-05-03 15:00:00,96455.0,5944
2025-05-03 21:30:00,96408.7,5945
2025-05-04 02:15:00,96257.0,5946
2025-05-04 06:00:00,96108.8,5947
2025-05-04 15:00:00,95644.2,5948
2025-05-04 21:00:00,95706.0,5949
2025-05-05 07:00:00,94792.6,5950
2025-05-05 14:00:00,94510.0,5951
2025-05-05 18:30:00,94880.8,5952
2025-05-05 22:30:00,95149.0,5953
2025-05-06 07:00:00,94593.5,5954
2025-05-07 01:00:00,97700.0,5955
2025-05-07 14:30:00,97444.2,5956
2025-05-08 04:15:00,99393.1,5957
2025-05-08 10:45:00,99876.2,5958
2025-05-08 17:15:00,101687.9,5959
2025-05-08 21:15:00,104253.8,5960
2025-05-09 07:45:00,104330.1,5961
2025-05-09 13:45:00,103735.1,5962
2025-05-09 20:00:00,103364.0,5963
2025-05-10 07:00:00,104079.9,5964
2025-05-10 17:30:00,103585.7,5965
2025-05-10 23:15:00,104986.7,5966
2025-05-11 12:00:00,104855.0,5967
2025-05-11 18:45:00,104812.0,5968
2025-05-12 01:00:00,105133.7,5969
2025-05-12 07:00:00,105842.1,5970
2025-05-12 13:45:00,104614.0,5971
2025-05-12 23:15:00,103098.2,5972
2025-05-13 12:30:00,103933.3,5973
2025-05-13 19:45:00,104949.9,5974
2025-05-14 05:45:00,103953.0,5975
2025-05-14 13:30:00,104325.6,5976
2025-05-14 19:15:00,103668.8,5977
2025-05-15 00:45:00,103824.0,5978
2025-05-15 12:30:00,102800.0,5979
2025-05-15 17:30:00,104203.9,5980
2025-05-16 02:30:00,104433.3,5981
2025-05-16 07:15:00,104152.8,5982
2025-05-16 16:00:00,104555.0,5983
2025-05-17 05:00:00,103669.4,5984
2025-05-17 18:00:00,103325.0,5985
2025-05-17 21:00:00,103451.1,5986
2025-05-18 00:45:00,103377.0,5987
2025-05-18 08:00:00,104050.0,5988
2025-05-18 16:45:00,105950.0,5989
2025-05-19 00:00:00,107134.3,5990
2025-05-19 09:00:00,103392.0,5991
2025-05-19 20:00:00,105736.6,5992
2025-05-20 02:15:00,106844.4,5993
2025-05-20 20:45:00,107292.4,5994
2025-05-21 00:15:00,107225.3,5995
2025-05-21 06:15:00,108033.3,5996
2025-05-21 16:45:00,109833.0,5997
2025-05-21 23:15:00,110800.0,5998
2025-05-22 03:45:00,111885.0,5999
2025-05-22 13:00:00,111590.0,6000
2025-05-22 17:15:00,111968.0,6001
2025-05-23 00:00:00,111758.4,6002
2025-05-23 09:45:00,111340.3,6003
2025-05-24 04:45:00,108531.6,6004
2025-05-24 11:00:00,109454.5,6005
2025-05-24 15:00:00,109174.7,6006
2025-05-24 20:30:00,109090.7,6007
2025-05-25 05:00:00,108249.7,6008
2025-05-25 13:45:00,107708.9,6009
2025-05-26 01:45:00,109838.0,6010
2025-05-26 07:00:00,110209.3,6011
2025-05-26 12:45:00,110029.1,6012
2025-05-26 16:00:00,110452.2,6013
2025-05-26 22:00:00,109887.8,6014
2025-05-27 04:45:00,109310.6,6015
2025-05-27 09:45:00,109879.4,6016
2025-05-27 13:15:00,110700.0,6017
2025-05-27 16:45:00,110459.6,6018
2025-05-28 01:00:00,109217.8,6019
2025-05-28 05:45:00,109032.1,6020
2025-05-28 08:45:00,109070.8,6021
2025-05-28 12:15:00,109000.0,6022
2025-05-29 02:45:00,108437.9,6023
2025-05-29 11:15:00,108850.0,6024
2025-05-29 21:45:00,106434.5,6025
2025-05-30 05:30:00,106278.3,6026
2025-05-30 12:45:00,105996.6,6027
2025-05-30 19:00:00,104950.0,6028
2025-05-31 05:00:00,103882.5,6029
2025-05-31 15:30:00,104800.0,6030
2025-05-31 22:00:00,104898.5,6031
2025-06-01 04:45:00,104699.0,6032
2025-06-01 09:00:00,104410.0,6033
2025-06-01 16:00:00,105266.0,6034
2025-06-01 23:15:00,105843.6,6035
2025-06-02 08:15:00,105894.0,6036
2025-06-02 14:30:00,104631.4,6037
2025-06-03 02:00:00,106478.8,6038
2025-06-03 15:15:00,106773.7,6039
2025-06-03 19:30:00,106368.7,6040
2025-06-04 02:00:00,105777.4,6041
2025-06-04 10:00:00,105952.9,6042
2025-06-04 15:30:00,105492.5,6043
2025-06-05 02:30:00,105213.5,6044
2025-06-05 13:00:00,105866.7,6045
2025-06-06 15:15:00,105320.4,6046
2025-06-07 13:45:00,105766.7,6047
2025-06-07 20:15:00,105865.9,6048
2025-06-08 01:45:00,105732.0,6049
2025-06-08 16:15:00,106312.2,6050
2025-06-08 21:45:00,106441.8,6051
2025-06-09 21:30:00,110660.8,6052
2025-06-10 13:15:00,109863.0,6053
2025-06-10 19:30:00,110351.0,6054
2025-06-10 23:45:00,110251.4,6055
2025-06-11 07:00:00,109684.7,6056
2025-06-11 14:30:00,110375.5,6057
2025-06-11 21:00:00,109180.1,6058
2025-06-12 00:15:00,108782.5,6059
2025-06-12 06:30:00,107950.0,6060
2025-06-12 17:45:00,108400.0,6061
2025-06-13 03:45:00,104600.0,6062
2025-06-13 08:00:00,105425.5,6063
2025-06-13 16:15:00,105921.8,6064
2025-06-14 00:45:00,106168.8,6065
2025-06-14 13:00:00,105070.8,6066
2025-06-15 01:00:00,105630.9,6067
2025-06-15 06:00:00,106080.0,6068
2025-06-15 14:45:00,105798.1,6069
2025-06-16 07:30:00,107237.5,6070
2025-06-16 19:15:00,108873.8,6071
2025-06-16 22:00:00,108955.5,6072
2025-06-17 03:00:00,107724.9,6073
2025-06-17 19:15:00,105286.7,6074
2025-06-18 05:30:00,105500.0,6075
2025-06-18 14:15:00,105290.9,6076
2025-06-18 21:45:00,105100.7,6077
2025-06-19 00:45:00,105191.9,6078
2025-06-19 05:00:00,105189.5,6079
2025-06-19 10:30:00,105027.3,6080
2025-06-19 17:30:00,104798.3,6081
2025-06-19 23:15:00,104870.0,6082
2025-06-20 08:30:00,106499.9,6083
2025-06-20 20:15:00,103797.0,6084
2025-06-21 03:30:00,103644.1,6085
2025-06-21 10:30:00,103949.9,6086
2025-06-22 00:30:00,103347.0,6087
2025-06-22 06:15:00,102913.6,6088
2025-06-22 12:00:00,102789.0,6089
2025-06-22 17:00:00,100348.2,6090
2025-06-23 00:45:00,101553.7,6091
2025-06-23 07:00:00,102151.4,6092
2025-06-23 14:00:00,102590.0,6093
2025-06-23 22:30:00,106024.8,6094
2025-06-24 06:45:00,105784.7,6095
2025-06-24 17:00:00,106269.9,6096
2025-06-25 02:00:00,106782.3,6097
2025-06-25 14:00:00,108090.0,6098
2025-06-25 21:00:00,107942.0,6099
2025-06-26 03:00:00,108239.6,6100
2025-06-26 08:15:00,108132.4,6101
2025-06-26 14:45:00,107721.1,6102
2025-06-26 20:45:00,108000.0,6103
2025-06-27 07:15:00,107688.9,6104
2025-06-27 12:15:00,107150.0,6105
2025-06-27 16:30:00,107738.1,6106
2025-06-27 21:30:00,107218.0,6107
2025-06-28 07:45:00,107444.3,6108
2025-06-28 15:45:00,107499.9,6109
2025-06-29 00:45:00,107444.9,6110
2025-06-29 11:45:00,108507.0,6111
2025-06-30 00:30:00,108766.4,6112
2025-06-30 11:30:00,107904.7,6113
2025-07-01 01:15:00,107484.8,6114
2025-07-01 07:45:00,107126.0,6115
2025-07-01 14:15:00,107139.9,6116
2025-07-01 17:45:00,106250.0,6117
2025-07-01 21:15:00,106065.0,6118
2025-07-02 10:45:00,107795.0,6119
2025-07-02 17:15:00,109740.9,6120
2025-07-03 09:30:00,110256.4,6121
2025-07-03 13:45:00,110485.7,6122
2025-07-03 21:00:00,109978.3,6123
2025-07-04 11:15:00,109042.0,6124
2025-07-04 22:30:00,108223.9,6125
2025-07-05 04:30:00,108429.2,6126
2025-07-05 13:15:00,108191.6,6127
2025-07-05 19:45:00,108120.0,6128
2025-07-06 02:15:00,108200.0,6129
2025-07-06 06:15:00,108168.0,6130
2025-07-06 13:45:00,109088.6,6131
2025-07-06 21:30:00,109685.0,6132
2025-07-07 03:15:00,109681.4,6133
2025-07-08 00:30:00,108482.3,6134
2025-07-08 13:45:00,109188.0,6135
2025-07-08 18:45:00,109126.2,6136
2025-07-08 22:00:00,108931.5,6137
2025-07-09 01:00:00,109093.0,6138
2025-07-09 05:30:00,108900.0,6139
2025-07-09 13:00:00,109746.0,6140
2025-07-09 19:45:00,111999.0,6141
2025-07-09 23:15:00,111485.0,6142
2025-07-10 02:15:00,111524.7,6143
2025-07-10 07:00:00,111421.2,6144
2025-07-10 17:45:00,113789.3,6145
2025-07-10 21:15:00,117896.7,6146
2025-07-11 05:45:00,118387.0,6147
2025-07-11 09:30:00,118849.9,6148
2025-07-11 19:15:00,118117.7,6149
2025-07-12 07:00:00,118035.2,6150
2025-07-12 09:45:00,118195.1,6151
2025-07-12 19:00:00,117601.4,6152
2025-07-13 07:30:00,118023.0,6153
2025-07-13 14:15:00,119390.4,6154
2025-07-13 19:30:00,119474.9,6155
2025-07-14 07:30:00,123250.0,6156
2025-07-14 13:45:00,122100.0,6157
2025-07-14 20:45:00,120458.8,6158
2025-07-15 13:30:00,118510.5,6159
2025-07-16 01:00:00,118250.0,6160
2025-07-16 10:15:00,119327.4,6161
2025-07-16 15:00:00,119778.5,6162
2025-07-16 21:00:00,120114.6,6163
2025-07-17 06:15:00,118781.7,6164
2025-07-17 09:30:00,119246.4,6165
2025-07-17 21:15:00,121044.0,6166
2025-07-18 01:30:00,120844.7,6167
2025-07-18 06:00:00,120896.9,6168
2025-07-18 12:45:00,119574.4,6169
2025-07-19 03:30:00,118398.5,6170
2025-07-19 07:15:00,118339.3,6171
2025-07-19 10:30:00,118523.7,6172
2025-07-19 20:00:00,118176.4,6173
2025-07-20 03:30:00,118186.8,6174
2025-07-20 09:00:00,118328.1,6175
2025-07-20 16:00:00,118931.0,6176
2025-07-21 07:30:00,119750.0,6177
2025-07-21 14:45:00,119300.0,6178
2025-07-21 22:30:00,117669.6,6179
2025-07-22 01:45:00,117988.0,6180
2025-07-22 13:30:00,119649.9,6181
2025-07-22 18:45:00,120297.1,6182
2025-07-22 23:15:00,120321.0,6183
2025-07-23 15:45:00,118748.6,6184
2025-07-24 00:15:00,119144.2,6185
2025-07-24 03:30:00,119279.7,6186
2025-07-24 09:00:00,118821.0,6187
2025-07-24 15:00:00,119492.9,6188
2025-07-24 18:00:00,119427.2,6189
2025-07-25 11:30:00,116793.1,6190
2025-07-25 23:45:00,117642.8,6191
2025-07-26 02:30:00,117750.0,6192
2025-07-26 10:30:00,118252.1,6193
2025-07-26 13:15:00,118226.2,6194
2025-07-26 16:30:00,118244.4,6195
2025-07-26 19:45:00,118333.4,6196
2025-07-27 02:45:00,118425.6,6197
2025-07-27 06:45:00,118443.7,6198
2025-07-27 10:45:00,118297.7,6199
2025-07-27 16:30:00,119600.0,6200
2025-07-28 02:30:00,119844.9,6201
2025-07-28 05:45:00,119699.1,6202
2025-07-28 12:15:00,119092.0,6203
2025-07-28 21:30:00,118346.7,6204
2025-07-29 00:15:00,118467.8,6205
2025-07-29 07:45:00,119300.0,6206
2025-07-29 12:30:00,119127.5,6207
2025-07-29 17:30:00,118045.8,6208
2025-07-30 08:45:00,118465.8,6209
2025-07-30 15:00:00,118769.0,6210
2025-07-31 00:45:00,118512.2,6211
2025-07-31 03:45:00,118580.0,6212
2025-07-31 07:15:00,118900.0,6213
2025-07-31 13:45:00,118663.3,6214
2025-07-31 16:30:00,118860.0,6215
2025-08-01 03:15:00,115999.9,6216
2025-08-01 13:00:00,115950.0,6217
2025-08-01 21:30:00,114055.5,6218
2025-08-02 08:15:00,113998.0,6219
2025-08-02 11:30:00,113886.6,6220
2025-08-02 21:45:00,113025.4,6221
2025-08-03 03:45:00,113706.0,6222
2025-08-03 11:00:00,114217.0,6223
2025-08-03 19:30:00,114792.7,6224
2025-08-04 01:00:00,114975.3,6225
2025-08-04 07:45:00,114746.7,6226
2025-08-04 14:00:00,115443.5,6227
2025-08-04 17:15:00,115682.8,6228
2025-08-04 23:00:00,115326.7,6229
2025-08-05 10:15:00,115046.8,6230
2025-08-05 23:30:00,114222.6,6231
2025-08-06 05:30:00,114398.6,6232
2025-08-06 18:15:00,115666.3,6233
2025-08-07 01:30:00,115154.4,6234
2025-08-07 11:30:00,116763.6,6235
2025-08-07 15:45:00,116747.8,6236
2025-08-08 00:30:00,117569.1,6237
2025-08-08 07:15:00,116929.8,6238
2025-08-08 14:00:00,117239.4,6239
2025-08-08 22:15:00,116933.6,6240
2025-08-09 05:15:00,116939.0,6241
2025-08-09 10:15:00,117900.0,6242
2025-08-09 20:30:00,116957.2,6243
2025-08-10 03:15:00,119433.6,6244
2025-08-10 15:00:00,119111.9,6245
2025-08-11 02:15:00,122421.0,6246
2025-08-11 05:00:00,122350.2,6247
2025-08-12 02:30:00,119277.0,6248
2025-08-12 16:00:00,120143.0,6249
2025-08-12 20:45:00,120280.0,6250
2025-08-12 23:45:00,120270.0,6251
2025-08-13 04:00:00,119822.3,6252
2025-08-13 14:00:00,122239.3,6253
2025-08-14 00:30:00,124571.2,6254
2025-08-14 19:45:00,118496.4,6255
2025-08-15 06:45:00,119208.0,6256
2025-08-15 12:30:00,119100.0,6257
2025-08-15 17:30:00,117827.0,6258
2025-08-16 01:45:00,117857.2,6259
2025-08-16 04:45:00,117841.3,6260
2025-08-16 09:00:00,117658.4,6261
2025-08-16 15:00:00,117779.4,6262
2025-08-16 19:30:00,117729.1,6263
2025-08-17 05:00:00,118212.1,6264
2025-08-17 09:15:00,118431.5,6265
2025-08-17 13:45:00,118585.7,6266
2025-08-17 22:45:00,117957.0,6267
2025-08-18 06:00:00,115672.0,6268
2025-08-18 17:30:00,116761.4,6269
2025-08-18 22:15:00,116945.3,6270
2025-08-19 13:30:00,115838.9,6271
2025-08-19 21:00:00,113543.6,6272
2025-08-20 08:45:00,114019.7,6273
2025-08-20 17:45:00,114416.0,6274
2025-08-20 22:45:00,114567.0,6275
2025-08-21 02:00:00,114783.7,6276
2025-08-21 14:15:00,113945.7,6277
2025-08-21 20:45:00,112835.1,6278
2025-08-22 02:15:00,113499.9,6279
2025-08-22 06:15:00,113364.4,6280
2025-08-22 18:15:00,117374.5,6281
2025-08-22 21:45:00,117144.6,6282
2025-08-23 05:45:00,116000.0,6283
2025-08-24 02:00:00,115656.7,6284
2025-08-24 18:30:00,114950.0,6285
2025-08-24 23:30:00,113677.4,6286
2025-08-25 03:00:00,113649.9,6287
2025-08-25 16:15:00,112945.4,6288
2025-08-26 07:30:00,110499.9,6289
2025-08-26 12:30:00,110793.1,6290
2025-08-26 23:00:00,112342.4,6291
2025-08-27 03:45:00,111700.0,6292
2025-08-27 14:30:00,112589.9,6293
2025-08-27 18:15:00,112588.0,6294
2025-08-28 07:15:00,113345.4,6295
2025-08-28 13:15:00,113433.0,6296
2025-08-29 00:15:00,112616.4,6297
2025-08-29 04:00:00,111800.0,6298
2025-08-29 12:30:00,111490.7,6299
2025-08-29 23:30:00,108530.4,6300
2025-08-30 04:15:00,108637.8,6301
2025-08-30 08:15:00,108739.5,6302
2025-08-30 11:45:00,108707.6,6303
2025-08-30 15:30:00,108902.3,6304
2025-08-30 19:45:00,108900.0,6305
2025-08-31 01:45:00,109444.0,6306
2025-08-31 09:00:00,109065.4,6307
2025-08-31 18:45:00,109197.5,6308
2025-08-31 22:15:00,109199.1,6309
2025-09-01 09:30:00,109872.8,6310
2025-09-01 13:15:00,109491.4,6311
2025-09-02 03:15:00,110595.0,6312
2025-09-02 08:45:00,110767.0,6313
2025-09-02 14:30:00,111730.0,6314
2025-09-02 21:15:00,111534.0,6315
2025-09-03 00:15:00,111771.6,6316
2025-09-03 14:30:00,112500.0,6317
2025-09-03 17:45:00,112557.0,6318
2025-09-04 00:45:00,112138.3,6319
2025-09-04 10:00:00,111107.6,6320
2025-09-04 23:00:00,111753.6,6321
2025-09-05 07:45:00,112985.7,6322
2025-09-05 12:45:00,113369.4,6323
2025-09-05 21:00:00,111660.7,6324
2025-09-06 03:15:00,111258.0,6325
2025-09-06 08:45:00,110903.0,6326
2025-09-06 14:00:00,110932.6,6327
2025-09-07 03:30:00,110723.9,6328
2025-09-07 08:30:00,111317.7,6329
2025-09-07 14:00:00,111365.0,6330
2025-09-07 23:15:00,111558.0,6331
2025-09-08 02:30:00,111346.4,6332
2025-09-08 15:15:00,112871.4,6333
2025-09-08 22:00:00,112470.1,6334
2025-09-09 07:30:00,113238.1,6335
2025-09-09 14:00:00,112900.0,6336
2025-09-09 21:00:00,111698.0,6337
2025-09-10 08:00:00,112812.3,6338
2025-09-10 13:45:00,114250.0,6339
2025-09-10 20:00:00,113958.7,6340
2025-09-11 03:45:00,114394.7,6341
2025-09-11 06:45:00,114414.6,6342
2025-09-11 13:45:00,114709.0,6343
2025-09-11 18:00:00,114572.5,6344
2025-09-12 00:45:00,116249.9,6345
2025-09-12 05:45:00,115620.2,6346
2025-09-12 14:00:00,115441.9,6347
2025-09-12 19:45:00,116600.0,6348
2025-09-13 10:00:00,116147.1,6349
2025-09-13 20:00:00,115972.2,6350
2025-09-14 02:00:00,116057.7,6351
2025-09-14 09:30:00,116117.8,6352
2025-09-14 21:45:00,116049.9,6353
2025-09-15 06:00:00,116761.3,6354
2025-09-15 22:00:00,115570.2,6355
2025-09-16 01:15:00,115481.7,6356
2025-09-16 06:15:00,115982.1,6357
2025-09-16 17:30:00,116883.6,6358
2025-09-16 21:00:00,116947.3,6359
2025-09-17 02:45:00,117050.0,6360
2025-09-17 07:15:00,117239.5,6361
2025-09-17 18:00:00,116266.0,6362
2025-09-17 23:00:00,116950.0,6363
2025-09-18 03:30:00,117864.0,6364
2025-09-18 08:15:00,117400.0,6365
2025-09-18 14:15:00,117800.0,6366
2025-09-18 18:15:00,117884.0,6367
2025-09-19 01:00:00,117417.6,6368
2025-09-19 08:15:00,117058.9,6369
2025-09-20 00:45:00,115692.8,6370
2025-09-20 07:45:00,115942.0,6371
2025-09-20 12:00:00,115919.6,6372
2025-09-20 15:30:00,116093.6,6373
2025-09-20 21:30:00,115896.2,6374
2025-09-21 08:00:00,115779.6,6375
2025-09-21 12:15:00,115717.8,6376
2025-09-21 18:00:00,115623.8,6377
2025-09-21 22:45:00,115507.4,6378
2025-09-22 14:15:00,113380.1,6379
2025-09-22 20:45:00,112936.6,6380
2025-09-23 14:00:00,113247.1,6381
2025-09-24 06:00:00,112739.5,6382
2025-09-24 17:30:00,113900.0,6383
2025-09-24 22:15:00,113595.0,6384
2025-09-25 09:15:00,112199.0,6385
2025-09-25 14:30:00,111683.8,6386
2025-09-26 02:00:00,109764.0,6387
2025-09-26 09:15:00,109651.7,6388
2025-09-26 13:45:00,109758.0,6389
2025-09-26 18:15:00,110255.6,6390
2025-09-26 23:45:00,109640.0,6391
2025-09-27 03:30:00,109710.9,6392
2025-09-27 10:30:00,109442.5,6393
2025-09-27 15:45:00,109399.9,6394
2025-09-28 00:15:00,109747.0,6395
2025-09-28 08:00:00,109549.0,6396
2025-09-28 16:00:00,110355.0,6397
2025-09-28 23:00:00,112345.9,6398
2025-09-29 08:45:00,112415.9,6399
2025-09-29 14:45:00,114199.5,6400
2025-09-29 20:30:00,114377.1,6401
2025-09-30 00:45:00,114825.7,6402
2025-09-30 13:45:00,113630.0,6403
2025-09-30 21:00:00,114751.4,6404
2025-10-01 05:00:00,114700.0,6405
2025-10-01 08:45:00,116582.1,6406
2025-10-01 16:30:00,118150.0,6407
2025-10-02 00:00:00,119416.0,6408
2025-10-02 03:15:00,119060.7,6409
2025-10-02 16:00:00,120288.0,6410
2025-10-02 19:00:00,120994.2,6411
2025-10-03 03:00:00,120445.8,6412
2025-10-03 10:15:00,120468.7,6413
2025-10-03 16:30:00,123858.6,6414
2025-10-04 05:15:00,122767.7,6415
2025-10-04 13:00:00,122490.4,6416
2025-10-05 04:45:00,125849.7,6417
2025-10-05 17:00:00,123483.0,6418
2025-10-06 00:15:00,124331.0,6419
2025-10-06 06:30:00,124140.7,6420
2025-10-06 18:45:00,126150.0,6421
2025-10-07 12:45:00,125114.2,6422
2025-10-07 21:15:00,122270.0,6423
2025-10-08 02:15:00,122200.0,6424
2025-10-08 11:00:00,123184.3,6425
2025-10-08 14:00:00,123349.0,6426
2025-10-08 18:00:00,124162.5,6427
2025-10-08 23:30:00,123475.5,6428
2025-10-09 12:30:00,123733.9,6429
2025-10-10 01:00:00,121849.7,6430
2025-10-10 06:00:00,121740.0,6431
2025-10-10 09:15:00,121744.9,6432
2025-10-10 13:30:00,122490.0,6433
2025-10-11 03:00:00,113279.8,6434
2025-10-11 13:00:00,112496.7,6435
2025-10-12 06:15:00,112122.4,6436
2025-10-12 12:00:00,112267.0,6437
2025-10-12 16:45:00,114700.0,6438
2025-10-13 02:00:00,115950.6,6439
2025-10-13 07:15:00,115539.8,6440
2025-10-13 13:30:00,115517.9,6441
2025-10-13 19:45:00,115855.3,6442
2025-10-14 19:15:00,113499.9,6443
2025-10-14 22:00:00,113550.0,6444
2025-10-15 02:30:00,113590.0,6445
2025-10-15 08:30:00,113470.0,6446
2025-10-15 14:00:00,112200.0,6447
2025-10-15 19:15:00,111525.3,6448
2025-10-16 03:15:00,111832.0,6449
2025-10-16 07:00:00,111733.1,6450
2025-10-16 12:00:00,111962.3,6451
2025-10-17 03:45:00,109199.3,6452
2025-10-17 11:15:00,106573.9,6453
2025-10-17 16:00:00,107584.5,6454
2025-10-17 21:45:00,107400.6,6455
2025-10-18 01:30:00,107252.0,6456
2025-10-18 07:00:00,107476.5,6457
2025-10-18 12:15:00,107273.0,6458
2025-10-18 15:00:00,107115.9,6459
2025-10-18 20:30:00,107314.4,6460
2025-10-19 03:45:00,107335.8,6461
2025-10-19 11:00:00,108200.0,6462
2025-10-19 17:15:00,109434.5,6463
2025-10-19 22:30:00,109360.0,6464
2025-10-20 08:30:00,111644.2,6465
2025-10-20 15:45:00,111692.3,6466
2025-10-20 20:00:00,111238.6,6467
2025-10-21 16:30:00,114000.0,6468
2025-10-22 05:00:00,108600.0,6469
2025-10-22 08:15:00,108328.7,6470
2025-10-22 13:45:00,109273.7,6471
2025-10-23 06:45:00,110281.7,6472
2025-10-23 18:00:00,111272.4,6473
2025-10-24 07:00:00,111512.8,6474
2025-10-24 09:45:00,111476.5,6475
2025-10-24 12:30:00,112162.2,6476
2025-10-24 22:30:00,111088.9,6477
2025-10-25 01:30:00,111217.1,6478
2025-10-25 09:00:00,111848.8,6479
2025-10-25 12:45:00,111935.8,6480
2025-10-25 18:45:00,111704.0,6481
2025-10-26 00:45:00,111891.8,6482
2025-10-26 13:30:00,114050.0,6483
2025-10-26 18:30:00,113758.8,6484
2025-10-26 22:00:00,115583.0,6485
2025-10-27 02:00:00,115421.4,6486
2025-10-27 07:00:00,116373.3,6487
2025-10-27 18:00:00,115756.6,6488
2025-10-28 01:30:00,114501.8,6489
2025-10-28 14:15:00,116060.5,6490
2025-10-28 17:15:00,115571.8,6491
2025-10-29 08:00:00,113582.2,6492
2025-10-29 13:15:00,113598.0,6493
2025-10-29 21:30:00,111773.0,6494
2025-10-30 02:45:00,110966.7,6495
2025-10-30 07:15:00,111571.9,6496
2025-10-31 01:00:00,110014.6,6497
2025-10-31 04:30:00,110301.6,6498
2025-10-31 12:00:00,110684.2,6499
2025-10-31 15:00:00,111147.0,6500
2025-10-31 19:45:00,110200.6,6501
2025-11-01 04:00:00,110537.2,6502
2025-11-01 08:15:00,110232.0,6503
2025-11-01 16:45:00,110495.1,6504
2025-11-01 20:30:00,110465.0,6505
2025-11-02 04:45:00,110750.9,6506
2025-11-02 12:00:00,111200.0,6507
2025-11-03 00:00:00,110721.3,6508
2025-11-03 09:00:00,107877.7,6509
2025-11-03 14:00:00,108292.0,6510
2025-11-04 01:30:00,107266.7,6511
2025-11-04 11:30:00,104657.2,6512
2025-11-04 15:15:00,104813.5,6513
2025-11-04 22:30:00,101867.0,6514
2025-11-05 05:00:00,102312.3,6515
2025-11-05 09:00:00,102178.1,6516
2025-11-05 20:00:00,104500.0,6517
2025-11-05 23:30:00,104076.6,6518
2025-11-06 04:45:00,104167.0,6519
2025-11-06 13:15:00,103616.4,6520
2025-11-06 18:45:00,102292.3,6521
2025-11-07 05:00:00,102494.8,6522
2025-11-07 22:00:00,104047.6,6523
2025-11-08 08:30:00,102633.4,6524
2025-11-08 11:15:00,102585.3,6525
2025-11-08 18:45:00,102174.1,6526
2025-11-08 23:30:00,102440.0,6527
2025-11-09 04:15:00,102111.4,6528
2025-11-09 15:45:00,104158.1,6529
2025-11-09 20:00:00,105064.1,6530
2025-11-10 01:00:00,106634.8,6531
2025-11-10 09:45:00,106573.9,6532
2025-11-10 13:45:00,106585.7,6533
2025-11-10 20:00:00,106299.9,6534
2025-11-11 01:15:00,107481.0,6535
2025-11-11 12:00:00,105491.6,6536
2025-11-12 12:15:00,105316.9,6537
2025-11-13 01:00:00,102584.7,6538
2025-11-13 07:15:00,104031.9,6539
2025-11-13 14:45:00,103442.0,6540
2025-11-13 23:30:00,100453.0,6541
2025-11-14 16:30:00,97383.4,6542
2025-11-15 03:15:00,96777.0,6543
2025-11-15 06:30:00,96542.6,6544
2025-11-15 14:00:00,96439.6,6545
2025-11-16 05:15:00,96170.1,6546
2025-11-16 09:45:00,96594.9,6547
2025-11-16 18:00:00,95533.8,6548
2025-11-17 04:00:00,95550.0,6549
2025-11-17 08:15:00,95989.0,6550
2025-11-17 11:30:00,95906.4,6551
2025-11-17 14:30:00,96046.2,6552
2025-11-17 22:30:00,92370.0,6553
2025-11-18 16:30:00,93800.0,6554
2025-11-18 22:30:00,93400.0,6555
2025-11-19 07:45:00,91975.2,6556
2025-11-19 15:15:00,92346.4,6557
2025-11-20 02:00:00,92783.0,6558
2025-11-20 05:00:00,93150.0,6559
2025-11-20 13:30:00,92500.0,6560
2025-11-20 22:30:00,88211.0,6561
2025-11-21 05:15:00,86300.0,6562
2025-11-21 17:15:00,85535.7,6563
2025-11-22 00:00:00,85592.2,6564
2025-11-22 06:30:00,84767.1,6565
2025-11-22 16:45:00,84888.0,6566
2025-11-22 20:00:00,84775.9,6567
2025-11-23 04:15:00,86850.0,6568
2025-11-23 16:00:00,87450.0,6569
