datetime,L_value,L_num
2020-03-25 21:45:00,6556.0,1
2020-03-26 02:30:00,6655.0,2
2020-03-26 07:45:00,6555.0,3
2020-03-26 13:30:00,6512.0,4
2020-03-27 05:45:00,6616.5,5
2020-03-27 13:45:00,6573.0,6
2020-03-28 00:00:00,6196.0,7
2020-03-28 03:30:00,6084.5,8
2020-03-28 13:15:00,6149.0,9
2020-03-28 17:45:00,6010.0,10
2020-03-29 12:00:00,6059.5,11
2020-03-29 16:30:00,6042.0,12
2020-03-29 20:15:00,5858.0,13
2020-03-30 00:00:00,5841.5,14
2020-03-30 14:00:00,6274.0,15
2020-03-31 04:45:00,6373.0,16
2020-03-31 12:00:00,6323.5,17
2020-03-31 17:30:00,6397.5,18
2020-04-01 00:30:00,6243.5,19
2020-04-01 06:15:00,6262.0,20
2020-04-01 13:30:00,6156.5,21
2020-04-01 16:30:00,6145.0,22
2020-04-02 05:15:00,6560.5,23
2020-04-02 11:00:00,6606.5,24
2020-04-02 20:15:00,6644.0,25
2020-04-03 01:00:00,6723.5,26
2020-04-03 05:15:00,6745.0,27
2020-04-03 16:15:00,6604.5,28
2020-04-03 21:00:00,6666.0,29
2020-04-04 03:15:00,6665.0,30
2020-04-04 11:30:00,6646.0,31
2020-04-04 19:15:00,6723.0,32
2020-04-05 06:30:00,6743.0,33
2020-04-05 10:45:00,6740.0,34
2020-04-05 17:15:00,6680.0,35
2020-04-05 21:00:00,6720.0,36
2020-04-06 13:30:00,7039.5,37
2020-04-07 04:30:00,7224.0,38
2020-04-07 14:45:00,7254.0,39
2020-04-07 20:15:00,7072.5,40
2020-04-08 10:45:00,7215.0,41
2020-04-08 13:45:00,7196.0,42
2020-04-08 19:15:00,7264.5,43
2020-04-09 04:00:00,7236.5,44
2020-04-09 12:00:00,7123.0,45
2020-04-09 15:45:00,7255.0,46
2020-04-09 18:45:00,7229.5,47
2020-04-10 07:00:00,6866.5,48
2020-04-10 09:45:00,6854.0,49
2020-04-10 15:30:00,6741.5,50
2020-04-10 23:15:00,6816.0,51
2020-04-11 09:30:00,6830.5,52
2020-04-11 20:15:00,6760.0,53
2020-04-12 04:00:00,6780.0,54
2020-04-13 00:30:00,6557.0,55
2020-04-13 04:00:00,6634.0,56
2020-04-13 09:30:00,6651.0,57
2020-04-14 01:00:00,6801.5,58
2020-04-14 08:00:00,6752.5,59
2020-04-14 20:30:00,6828.5,60
2020-04-15 00:00:00,6804.0,61
2020-04-15 12:45:00,6677.0,62
2020-04-15 16:00:00,6683.0,63
2020-04-16 00:15:00,6465.5,64
2020-04-16 16:30:00,6955.0,65
2020-04-16 20:00:00,6960.0,66
2020-04-17 00:00:00,7017.5,67
2020-04-17 04:45:00,7017.5,68
2020-04-17 13:30:00,6982.0,69
2020-04-18 10:15:00,7051.5,70
2020-04-18 16:30:00,7157.5,71
2020-04-19 00:15:00,7179.5,72
2020-04-19 06:00:00,7101.0,73
2020-04-19 14:00:00,7047.0,74
2020-04-20 00:00:00,7085.5,75
2020-04-20 12:00:00,6909.0,76
2020-04-20 20:00:00,6750.0,77
2020-04-21 00:00:00,6812.0,78
2020-04-21 04:15:00,6827.5,79
2020-04-21 11:15:00,6759.5,80
2020-04-22 17:45:00,7064.5,81
2020-04-23 06:45:00,7015.0,82
2020-04-23 23:30:00,7433.0,83
2020-04-24 06:00:00,7497.5,84
2020-04-24 14:15:00,7400.0,85
2020-04-25 00:45:00,7437.0,86
2020-04-25 08:45:00,7512.5,87
2020-04-25 11:30:00,7520.0,88
2020-04-25 16:00:00,7468.0,89
2020-04-25 21:45:00,7497.0,90
2020-04-26 06:00:00,7524.5,91
2020-04-26 15:00:00,7496.0,92
2020-04-26 22:15:00,7581.5,93
2020-04-27 07:00:00,7635.0,94
2020-04-27 13:30:00,7624.0,95
2020-04-27 17:30:00,7642.0,96
2020-04-28 04:45:00,7663.0,97
2020-04-28 15:00:00,7667.0,98
2020-04-28 20:00:00,7705.0,99
2020-04-29 02:00:00,7709.5,100
2020-04-30 10:00:00,8553.0,101
2020-04-30 12:45:00,8701.0,102
2020-04-30 17:45:00,8402.5,103
2020-04-30 23:45:00,8585.5,104
2020-05-01 07:15:00,8711.5,105
2020-05-01 16:00:00,8659.0,106
2020-05-01 20:30:00,8669.5,107
2020-05-02 02:00:00,8757.0,108
2020-05-02 05:15:00,8786.5,109
2020-05-02 08:45:00,8770.0,110
2020-05-02 18:00:00,8816.5,111
2020-05-03 06:00:00,8936.5,112
2020-05-03 15:00:00,8725.0,113
2020-05-03 20:30:00,8795.5,114
2020-05-04 01:15:00,8634.5,115
2020-05-04 05:30:00,8525.0,116
2020-05-04 17:30:00,8744.5,117
2020-05-04 23:30:00,8825.5,118
2020-05-05 03:15:00,8820.0,119
2020-05-05 10:00:00,8771.0,120
2020-05-06 00:45:00,8920.0,121
2020-05-06 13:15:00,9131.0,122
2020-05-06 18:45:00,9208.0,123
2020-05-07 00:00:00,9038.0,124
2020-05-07 05:15:00,9237.0,125
2020-05-07 11:00:00,9257.0,126
2020-05-07 20:45:00,9732.0,127
2020-05-08 07:00:00,9716.5,128
2020-05-08 12:00:00,9790.5,129
2020-05-08 19:00:00,9866.0,130
2020-05-09 00:00:00,9734.0,131
2020-05-09 07:45:00,9573.0,132
2020-05-09 11:30:00,9525.5,133
2020-05-10 00:15:00,8153.0,134
2020-05-10 03:00:00,8371.0,135
2020-05-10 11:30:00,8667.0,136
2020-05-10 16:45:00,8260.5,137
2020-05-10 23:30:00,8571.5,138
2020-05-11 05:00:00,8618.5,139
2020-05-11 09:45:00,8480.0,140
2020-05-11 18:15:00,8182.0,141
2020-05-12 07:30:00,8617.0,142
2020-05-12 13:00:00,8660.5,143
2020-05-12 21:45:00,8729.5,144
2020-05-13 04:15:00,8867.5,145
2020-05-13 08:00:00,8832.0,146
2020-05-14 02:00:00,9258.5,147
2020-05-14 05:15:00,9262.0,148
2020-05-14 13:00:00,9536.5,149
2020-05-14 17:30:00,9580.0,150
2020-05-14 20:45:00,9600.0,151
2020-05-15 02:30:00,9258.5,152
2020-05-15 05:15:00,9371.5,153
2020-05-15 10:30:00,9478.5,154
2020-05-15 15:45:00,9417.5,155
2020-05-15 20:30:00,9140.5,156
2020-05-16 00:00:00,9220.0,157
2020-05-16 09:30:00,9331.0,158
2020-05-16 19:00:00,9263.5,159
2020-05-17 00:00:00,9323.0,160
2020-05-17 05:45:00,9472.5,161
2020-05-17 09:15:00,9456.0,162
2020-05-17 16:45:00,9704.0,163
2020-05-17 22:15:00,9600.5,164
2020-05-18 08:45:00,9479.0,165
2020-05-18 12:30:00,9567.5,166
2020-05-18 17:45:00,9550.5,167
2020-05-19 04:00:00,9470.0,168
2020-05-19 12:30:00,9552.0,169
2020-05-19 17:30:00,9617.5,170
2020-05-19 20:15:00,9621.5,171
2020-05-20 04:00:00,9701.5,172
2020-05-20 06:45:00,9650.0,173
2020-05-20 11:45:00,9710.0,174
2020-05-20 15:45:00,9323.5,175
2020-05-20 23:15:00,9444.5,176
2020-05-21 04:30:00,9422.0,177
2020-05-21 10:00:00,9235.5,178
2020-05-21 14:30:00,8952.5,179
2020-05-21 18:45:00,8813.0,180
2020-05-22 00:30:00,8971.5,181
2020-05-22 04:30:00,8933.5,182
2020-05-22 13:30:00,9087.0,183
2020-05-22 20:00:00,9131.5,184
2020-05-22 23:30:00,9129.0,185
2020-05-23 12:30:00,9082.0,186
2020-05-23 16:15:00,9135.0,187
2020-05-23 19:00:00,9121.0,188
2020-05-24 00:00:00,9113.0,189
2020-05-24 16:30:00,8851.0,190
2020-05-25 00:00:00,8640.5,191
2020-05-25 03:30:00,8738.0,192
2020-05-25 11:00:00,8669.5,193
2020-05-25 21:30:00,8865.0,194
2020-05-26 00:15:00,8828.0,195
2020-05-26 07:00:00,8859.0,196
2020-05-26 16:00:00,8683.5,197
2020-05-26 19:30:00,8760.0,198
2020-05-27 02:45:00,8815.0,199
2020-05-27 22:00:00,9051.5,200
2020-05-28 08:00:00,9112.5,201
2020-05-28 11:00:00,9153.0,202
2020-05-28 19:00:00,9395.5,203
2020-05-29 05:15:00,9470.5,204
2020-05-29 11:00:00,9345.0,205
2020-05-29 15:15:00,9329.5,206
2020-05-30 00:15:00,9355.0,207
2020-05-30 03:15:00,9327.5,208
2020-05-30 09:00:00,9465.5,209
2020-05-30 15:15:00,9493.5,210
2020-05-30 20:45:00,9397.0,211
2020-05-31 04:15:00,9523.0,212
2020-05-31 09:00:00,9503.0,213
2020-05-31 15:30:00,9435.0,214
2020-05-31 23:00:00,9390.5,215
2020-06-01 12:15:00,9490.5,216
2020-06-01 15:00:00,9497.0,217
2020-06-02 03:15:00,10050.0,218
2020-06-02 15:15:00,9288.0,219
2020-06-02 20:00:00,9455.0,220
2020-06-02 22:45:00,9427.5,221
2020-06-03 02:00:00,9472.0,222
2020-06-03 05:15:00,9395.0,223
2020-06-03 14:00:00,9503.5,224
2020-06-03 19:30:00,9524.0,225
2020-06-03 22:30:00,9560.0,226
2020-06-04 11:30:00,9460.0,227
2020-06-04 18:45:00,9726.0,228
2020-06-04 21:30:00,9731.5,229
2020-06-05 03:45:00,9750.0,230
2020-06-05 08:15:00,9662.5,231
2020-06-05 11:45:00,9601.0,232
2020-06-06 00:30:00,9538.0,233
2020-06-06 08:30:00,9582.5,234
2020-06-06 16:45:00,9584.5,235
2020-06-07 00:15:00,9621.5,236
2020-06-07 08:30:00,9558.5,237
2020-06-07 14:00:00,9380.5,238
2020-06-08 03:30:00,9704.5,239
2020-06-08 08:15:00,9640.5,240
2020-06-08 14:00:00,9654.5,241
2020-06-08 16:45:00,9661.0,242
2020-06-08 21:15:00,9677.0,243
2020-06-09 00:15:00,9569.5,244
2020-06-09 04:15:00,9661.0,245
2020-06-09 10:45:00,9626.0,246
2020-06-09 19:15:00,9677.5,247
2020-06-10 04:30:00,9732.5,248
2020-06-10 09:30:00,9705.0,249
2020-06-10 18:45:00,9688.0,250
2020-06-11 03:30:00,9860.0,251
2020-06-11 06:15:00,9762.0,252
2020-06-11 17:00:00,9100.5,253
2020-06-11 20:00:00,9231.5,254
2020-06-12 00:00:00,9236.5,255
2020-06-12 17:45:00,9305.5,256
2020-06-13 04:15:00,9365.5,257
2020-06-13 11:15:00,9390.0,258
2020-06-13 20:00:00,9350.5,259
2020-06-14 07:00:00,9379.0,260
2020-06-14 14:30:00,9313.0,261
2020-06-14 18:00:00,9364.5,262
2020-06-14 22:15:00,9243.0,263
2020-06-15 06:30:00,8906.5,264
2020-06-15 13:30:00,9044.5,265
2020-06-16 00:45:00,9372.5,266
2020-06-16 06:45:00,9455.0,267
2020-06-16 15:00:00,9397.0,268
2020-06-17 03:00:00,9423.0,269
2020-06-17 06:00:00,9437.0,270
2020-06-17 16:30:00,9354.0,271
2020-06-17 20:00:00,9243.0,272
2020-06-18 02:15:00,9402.5,273
2020-06-18 10:00:00,9379.5,274
2020-06-18 16:15:00,9376.0,275
2020-06-18 21:15:00,9277.0,276
2020-06-19 03:45:00,9241.0,277
2020-06-19 07:45:00,9262.0,278
2020-06-19 20:15:00,9263.0,279
2020-06-19 23:45:00,9277.0,280
2020-06-20 04:15:00,9294.0,281
2020-06-20 11:15:00,9176.5,282
2020-06-20 15:15:00,9228.5,283
2020-06-21 10:00:00,9331.0,284
2020-06-21 13:00:00,9328.5,285
2020-06-21 19:00:00,9306.0,286
2020-06-22 00:00:00,9279.0,287
2020-06-22 19:15:00,9540.0,288
2020-06-23 01:30:00,9611.0,289
2020-06-23 21:00:00,9591.5,290
2020-06-24 12:00:00,9280.0,291
2020-06-24 15:45:00,9210.0,292
2020-06-24 21:15:00,9240.0,293
2020-06-25 03:30:00,9008.0,294
2020-06-25 12:30:00,9163.0,295
2020-06-25 19:00:00,9240.5,296
2020-06-26 00:15:00,9187.5,297
2020-06-26 14:15:00,9050.0,298
2020-06-26 19:30:00,9134.0,299
2020-06-27 01:15:00,9111.0,300
2020-06-27 11:00:00,9135.5,301
2020-06-27 19:45:00,8840.0,302
2020-06-28 03:45:00,8938.0,303
2020-06-28 12:15:00,9023.0,304
2020-06-28 17:00:00,9121.5,305
2020-06-29 04:00:00,9091.0,306
2020-06-29 08:15:00,9063.0,307
2020-06-29 13:45:00,9027.0,308
2020-06-30 01:00:00,9160.0,309
2020-06-30 06:15:00,9116.5,310
2020-06-30 13:00:00,9071.0,311
2020-06-30 19:00:00,9096.0,312
2020-07-01 00:30:00,9100.0,313
2020-07-01 11:15:00,9136.0,314
2020-07-01 22:30:00,9215.0,315
2020-07-02 06:00:00,9172.0,316
2020-07-02 08:45:00,9175.0,317
2020-07-02 16:30:00,8939.5,318
2020-07-03 00:00:00,9067.0,319
2020-07-03 04:15:00,9081.0,320
2020-07-03 09:45:00,9045.5,321
2020-07-03 14:30:00,9079.5,322
2020-07-03 23:30:00,9037.0,323
2020-07-04 12:00:00,9044.0,324
2020-07-04 15:30:00,9050.0,325
2020-07-04 23:15:00,9112.0,326
2020-07-05 03:00:00,9114.5,327
2020-07-05 09:45:00,8991.5,328
2020-07-05 14:00:00,9003.0,329
2020-07-05 21:15:00,8910.0,330
2020-07-06 10:45:00,9173.0,331
2020-07-06 20:15:00,9256.5,332
2020-07-07 02:15:00,9256.0,333
2020-07-07 06:15:00,9239.0,334
2020-07-07 20:00:00,9205.0,335
2020-07-08 05:30:00,9252.0,336
2020-07-09 02:45:00,9357.5,337
2020-07-09 10:30:00,9340.5,338
2020-07-09 15:15:00,9161.0,339
2020-07-09 19:30:00,9190.0,340
2020-07-10 04:30:00,9125.0,341
2020-07-10 11:45:00,9158.5,342
2020-07-10 18:45:00,9204.0,343
2020-07-11 09:30:00,9180.0,344
2020-07-11 20:00:00,9201.0,345
2020-07-12 07:45:00,9241.0,346
2020-07-12 13:30:00,9186.0,347
2020-07-12 19:30:00,9157.0,348
2020-07-13 00:45:00,9266.5,349
2020-07-13 06:45:00,9240.0,350
2020-07-13 15:45:00,9280.5,351
2020-07-13 19:15:00,9199.5,352
2020-07-14 01:00:00,9212.0,353
2020-07-14 04:15:00,9147.0,354
2020-07-14 11:15:00,9116.0,355
2020-07-14 14:15:00,9185.5,356
2020-07-15 04:15:00,9223.0,357
2020-07-15 09:30:00,9188.5,358
2020-07-15 18:45:00,9161.5,359
2020-07-16 00:15:00,9183.0,360
2020-07-16 10:00:00,9045.5,361
2020-07-16 14:00:00,9070.0,362
2020-07-16 20:45:00,9093.0,363
2020-07-17 05:30:00,9087.5,364
2020-07-17 17:15:00,9129.0,365
2020-07-18 03:30:00,9125.5,366
2020-07-18 19:45:00,9155.0,367
2020-07-19 03:15:00,9141.5,368
2020-07-19 10:15:00,9108.0,369
2020-07-20 10:45:00,9134.0,370
2020-07-20 19:30:00,9146.0,371
2020-07-21 16:00:00,9318.0,372
2020-07-21 19:45:00,9341.0,373
2020-07-22 01:00:00,9349.0,374
2020-07-22 07:45:00,9276.5,375
2020-07-22 14:30:00,9312.5,376
2020-07-22 21:15:00,9354.0,377
2020-07-23 03:00:00,9467.5,378
2020-07-23 05:45:00,9462.0,379
2020-07-23 14:15:00,9440.0,380
2020-07-24 07:00:00,9472.0,381
2020-07-24 13:45:00,9500.0,382
2020-07-24 23:30:00,9512.0,383
2020-07-25 13:30:00,9555.0,384
2020-07-26 01:30:00,9641.5,385
2020-07-26 12:30:00,9811.5,386
2020-07-26 20:00:00,9844.5,387
2020-07-27 08:00:00,10124.5,388
2020-07-27 23:15:00,10808.0,389
2020-07-28 03:30:00,10841.5,390
2020-07-28 10:15:00,10571.0,391
2020-07-28 18:30:00,10844.0,392
2020-07-29 01:00:00,10840.0,393
2020-07-29 09:15:00,10944.5,394
2020-07-29 14:45:00,10994.0,395
2020-07-30 00:00:00,10980.5,396
2020-07-30 02:45:00,10956.5,397
2020-07-30 07:45:00,10902.0,398
2020-07-30 13:00:00,10835.0,399
2020-07-30 21:45:00,11072.5,400
2020-07-31 01:30:00,10963.5,401
2020-07-31 13:30:00,11121.0,402
2020-07-31 18:45:00,11230.0,403
2020-08-01 13:30:00,11505.0,404
2020-08-01 18:30:00,11563.0,405
2020-08-02 04:30:00,10529.5,406
2020-08-02 11:45:00,10946.5,407
2020-08-03 00:00:00,10943.5,408
2020-08-03 23:00:00,11150.0,409
2020-08-04 03:30:00,11234.5,410
2020-08-04 06:15:00,11195.0,411
2020-08-04 13:15:00,11018.5,412
2020-08-04 21:00:00,11171.0,413
2020-08-05 01:15:00,11099.5,414
2020-08-05 22:00:00,11530.0,415
2020-08-06 04:30:00,11571.0,416
2020-08-06 11:00:00,11661.0,417
2020-08-06 21:45:00,11629.5,418
2020-08-07 05:30:00,11732.5,419
2020-08-07 14:15:00,11505.0,420
2020-08-07 18:30:00,11333.5,421
2020-08-08 00:15:00,11538.0,422
2020-08-08 05:15:00,11523.0,423
2020-08-08 08:45:00,11569.0,424
2020-08-08 16:15:00,11603.0,425
2020-08-09 01:45:00,11684.5,426
2020-08-09 06:00:00,11640.0,427
2020-08-09 09:45:00,11616.0,428
2020-08-09 15:00:00,11548.0,429
2020-08-09 17:45:00,11532.0,430
2020-08-10 05:30:00,11941.0,431
2020-08-10 10:30:00,11498.5,432
2020-08-10 15:30:00,11826.0,433
2020-08-10 22:00:00,11777.0,434
2020-08-11 10:00:00,11655.0,435
2020-08-11 16:00:00,11304.0,436
2020-08-11 21:00:00,11144.0,437
2020-08-12 02:15:00,11237.0,438
2020-08-12 06:00:00,11162.0,439
2020-08-12 12:00:00,11440.0,440
2020-08-12 17:15:00,11484.5,441
2020-08-12 21:45:00,11497.5,442
2020-08-13 09:15:00,11293.0,443
2020-08-13 16:15:00,11457.5,444
2020-08-14 03:00:00,11686.5,445
2020-08-14 07:00:00,11659.0,446
2020-08-14 14:15:00,11660.0,447
2020-08-14 21:15:00,11715.0,448
2020-08-15 04:15:00,11838.5,449
2020-08-15 08:30:00,11839.0,450
2020-08-15 12:15:00,11700.0,451
2020-08-15 21:45:00,11750.0,452
2020-08-16 01:00:00,11796.5,453
2020-08-16 12:15:00,11706.5,454
2020-08-16 20:30:00,11810.0,455
2020-08-17 02:30:00,11790.0,456
2020-08-17 06:00:00,11805.0,457
2020-08-17 18:45:00,12300.0,458
2020-08-17 23:45:00,12230.0,459
2020-08-18 06:15:00,12212.0,460
2020-08-18 14:30:00,11801.0,461
2020-08-19 06:15:00,11627.0,462
2020-08-19 10:30:00,11746.0,463
2020-08-19 16:30:00,11661.0,464
2020-08-19 20:15:00,11566.0,465
2020-08-20 06:00:00,11680.5,466
2020-08-20 22:00:00,11814.0,467
2020-08-21 03:00:00,11790.0,468
2020-08-21 12:30:00,11650.0,469
2020-08-21 17:00:00,11610.0,470
2020-08-22 01:00:00,11391.0,471
2020-08-22 04:45:00,11419.0,472
2020-08-22 11:45:00,11553.0,473
2020-08-22 16:45:00,11562.0,474
2020-08-22 20:00:00,11581.0,475
2020-08-23 05:45:00,11573.0,476
2020-08-23 11:45:00,11525.0,477
2020-08-23 21:15:00,11649.0,478
2020-08-24 00:15:00,11605.0,479
2020-08-24 06:00:00,11648.5,480
2020-08-24 19:00:00,11713.0,481
2020-08-25 08:30:00,11535.0,482
2020-08-25 18:00:00,11125.0,483
2020-08-26 00:45:00,11262.0,484
2020-08-26 07:00:00,11305.5,485
2020-08-26 13:30:00,11257.0,486
2020-08-26 22:30:00,11441.5,487
2020-08-27 05:45:00,11340.5,488
2020-08-27 14:00:00,11270.0,489
2020-08-27 17:45:00,11144.0,490
2020-08-28 08:00:00,11364.0,491
2020-08-28 14:45:00,11409.5,492
2020-08-29 02:00:00,11469.0,493
2020-08-29 11:15:00,11426.0,494
2020-08-29 23:45:00,11463.5,495
2020-08-30 08:45:00,11561.0,496
2020-08-30 15:45:00,11572.5,497
2020-08-30 22:00:00,11600.0,498
2020-08-31 08:15:00,11577.0,499
2020-09-01 00:15:00,11537.5,500
2020-09-01 14:00:00,11819.0,501
2020-09-02 11:15:00,11171.0,502
2020-09-02 14:45:00,11214.0,503
2020-09-02 20:15:00,11311.5,504
2020-09-03 07:00:00,11250.0,505
2020-09-03 12:15:00,10650.0,506
2020-09-03 15:30:00,10466.5,507
2020-09-03 23:30:00,9915.0,508
2020-09-04 07:30:00,10100.0,509
2020-09-04 14:45:00,9883.0,510
2020-09-05 04:00:00,10372.0,511
2020-09-05 12:45:00,9980.0,512
2020-09-05 18:45:00,9834.0,513
2020-09-05 23:00:00,9958.5,514
2020-09-06 05:00:00,10005.5,515
2020-09-06 10:15:00,10177.0,516
2020-09-06 15:15:00,10133.0,517
2020-09-06 22:30:00,10189.5,518
2020-09-07 07:00:00,10057.0,519
2020-09-07 12:45:00,9881.0,520
2020-09-07 20:00:00,10091.0,521
2020-09-08 12:15:00,9925.5,522
2020-09-08 18:45:00,9940.0,523
2020-09-08 22:15:00,9838.0,524
2020-09-09 23:15:00,10178.0,525
2020-09-10 09:15:00,10237.5,526
2020-09-10 19:15:00,10255.0,527
2020-09-11 04:00:00,10208.5,528
2020-09-11 12:30:00,10254.5,529
2020-09-11 17:30:00,10272.5,530
2020-09-12 03:00:00,10325.5,531
2020-09-12 07:00:00,10312.5,532
2020-09-12 13:30:00,10276.0,533
2020-09-12 22:15:00,10405.0,534
2020-09-13 01:45:00,10406.0,535
2020-09-13 13:00:00,10264.5,536
2020-09-13 17:15:00,10220.0,537
2020-09-14 00:45:00,10250.0,538
2020-09-14 05:45:00,10314.5,539
2020-09-14 09:00:00,10326.0,540
2020-09-14 18:15:00,10643.0,541
2020-09-14 23:15:00,10616.0,542
2020-09-15 08:30:00,10610.0,543
2020-09-15 16:15:00,10692.0,544
2020-09-16 00:45:00,10665.0,545
2020-09-16 10:30:00,10821.5,546
2020-09-16 14:30:00,10856.0,547
2020-09-17 04:00:00,10841.0,548
2020-09-17 07:30:00,10847.5,549
2020-09-17 13:00:00,10743.0,550
2020-09-18 04:00:00,10875.0,551
2020-09-18 18:00:00,10811.5,552
2020-09-19 08:00:00,10884.0,553
2020-09-19 15:15:00,11050.0,554
2020-09-19 18:15:00,11011.0,555
2020-09-19 22:00:00,11025.5,556
2020-09-20 03:00:00,10900.0,557
2020-09-20 09:30:00,10928.0,558
2020-09-20 13:00:00,10783.0,559
2020-09-20 21:15:00,10820.0,560
2020-09-21 03:15:00,10924.5,561
2020-09-21 14:30:00,10283.5,562
2020-09-22 00:00:00,10361.0,563
2020-09-22 07:30:00,10364.5,564
2020-09-22 12:15:00,10422.5,565
2020-09-22 15:00:00,10427.0,566
2020-09-22 21:00:00,10453.0,567
2020-09-23 20:45:00,10140.0,568
2020-09-24 00:00:00,10196.5,569
2020-09-24 05:45:00,10270.0,570
2020-09-24 13:30:00,10333.0,571
2020-09-24 19:15:00,10591.5,572
2020-09-25 14:00:00,10562.0,573
2020-09-26 01:00:00,10650.0,574
2020-09-26 10:15:00,10666.0,575
2020-09-26 13:00:00,10666.5,576
2020-09-26 20:15:00,10699.0,577
2020-09-27 08:30:00,10611.0,578
2020-09-27 12:00:00,10600.0,579
2020-09-27 15:15:00,10638.0,580
2020-09-27 19:30:00,10703.0,581
2020-09-28 09:30:00,10831.0,582
2020-09-28 12:30:00,10832.0,583
2020-09-28 19:30:00,10842.5,584
2020-09-28 23:45:00,10635.0,585
2020-09-29 02:45:00,10667.0,586
2020-09-29 06:00:00,10666.0,587
2020-09-29 09:45:00,10702.5,588
2020-09-29 13:15:00,10718.0,589
2020-09-29 17:00:00,10638.0,590
2020-09-30 06:00:00,10684.0,591
2020-09-30 09:30:00,10670.5,592
2020-09-30 18:45:00,10681.5,593
2020-10-01 16:45:00,10464.5,594
2020-10-02 05:30:00,10392.5,595
2020-10-02 10:15:00,10392.0,596
2020-10-02 13:15:00,10449.5,597
2020-10-02 21:45:00,10473.0,598
2020-10-03 02:15:00,10527.5,599
2020-10-03 06:00:00,10502.0,600
2020-10-04 01:30:00,10521.0,601
2020-10-04 10:00:00,10573.5,602
2020-10-04 16:00:00,10583.5,603
2020-10-05 06:15:00,10618.0,604
2020-10-05 12:00:00,10650.0,605
2020-10-05 18:15:00,10671.5,606
2020-10-06 08:00:00,10701.0,607
2020-10-06 11:00:00,10648.5,608
2020-10-06 15:00:00,10630.0,609
2020-10-06 21:00:00,10531.0,610
2020-10-07 01:30:00,10554.0,611
2020-10-07 10:30:00,10577.5,612
2020-10-08 01:30:00,10613.5,613
2020-10-08 09:00:00,10532.0,614
2020-10-08 18:30:00,10845.0,615
2020-10-09 00:30:00,10858.0,616
2020-10-09 06:00:00,10826.0,617
2020-10-09 14:30:00,11031.5,618
2020-10-09 19:00:00,11009.5,619
2020-10-10 10:00:00,11248.0,620
2020-10-10 15:45:00,11315.0,621
2020-10-10 23:30:00,11274.0,622
2020-10-11 04:30:00,11312.0,623
2020-10-11 13:00:00,11341.5,624
2020-10-11 21:00:00,11290.0,625
2020-10-12 07:00:00,11340.0,626
2020-10-12 10:30:00,11200.0,627
2020-10-12 20:00:00,11536.5,628
2020-10-13 03:00:00,11427.5,629
2020-10-13 07:15:00,11440.0,630
2020-10-13 10:00:00,11390.5,631
2020-10-14 00:00:00,11413.0,632
2020-10-14 04:00:00,11373.0,633
2020-10-14 12:00:00,11360.5,634
2020-10-14 15:45:00,11295.0,635
2020-10-14 18:30:00,11296.5,636
2020-10-15 03:00:00,11366.5,637
2020-10-15 09:45:00,11260.0,638
2020-10-15 21:00:00,11448.0,639
2020-10-16 00:00:00,11467.5,640
2020-10-16 04:15:00,11203.5,641
2020-10-16 09:15:00,11231.0,642
2020-10-16 15:15:00,11295.0,643
2020-10-16 20:00:00,11286.0,644
2020-10-17 00:30:00,11276.0,645
2020-10-17 09:30:00,11317.5,646
2020-10-17 14:45:00,11260.5,647
2020-10-18 09:45:00,11400.0,648
2020-10-18 20:15:00,11408.5,649
2020-10-19 04:00:00,11406.5,650
2020-10-19 20:15:00,11661.0,651
2020-10-20 01:45:00,11679.0,652
2020-10-20 08:00:00,11698.0,653
2020-10-20 11:15:00,11721.5,654
2020-10-20 20:15:00,11856.0,655
2020-10-21 09:00:00,12127.0,656
2020-10-21 19:45:00,12679.5,657
2020-10-21 23:00:00,12728.0,658
2020-10-22 04:30:00,12701.5,659
2020-10-22 09:00:00,12715.0,660
2020-10-22 12:30:00,12819.0,661
2020-10-23 00:30:00,12856.5,662
2020-10-23 08:00:00,12877.5,663
2020-10-23 16:30:00,12743.0,664
2020-10-24 00:15:00,12881.0,665
2020-10-24 09:00:00,12918.5,666
2020-10-24 14:15:00,12941.0,667
2020-10-24 21:45:00,13039.5,668
2020-10-25 05:45:00,12845.0,669
2020-10-25 11:00:00,12905.0,670
2020-10-25 16:00:00,12932.0,671
2020-10-26 00:15:00,12984.0,672
2020-10-26 04:15:00,13048.5,673
2020-10-26 08:15:00,12840.0,674
2020-10-26 17:45:00,12769.0,675
2020-10-27 02:45:00,13053.0,676
2020-10-27 06:30:00,13065.5,677
2020-10-27 23:30:00,13563.5,678
2020-10-28 07:15:00,13564.0,679
2020-10-28 14:15:00,12892.0,680
2020-10-28 17:15:00,13007.5,681
2020-10-28 21:15:00,13098.0,682
2020-10-29 01:15:00,13150.0,683
2020-10-29 12:30:00,12975.0,684
2020-10-30 00:00:00,13330.0,685
2020-10-30 07:15:00,13114.0,686
2020-10-30 13:30:00,13219.5,687
2020-10-30 21:00:00,13465.5,688
2020-10-31 00:15:00,13510.0,689
2020-10-31 03:15:00,13413.5,690
2020-10-31 19:00:00,13683.5,691
2020-11-01 00:30:00,13653.5,692
2020-11-01 04:15:00,13611.0,693
2020-11-01 11:45:00,13648.5,694
2020-11-01 23:00:00,13645.0,695
2020-11-02 05:15:00,13640.5,696
2020-11-02 12:45:00,13207.0,697
2020-11-02 18:45:00,13441.0,698
2020-11-03 06:00:00,13280.5,699
2020-11-03 11:30:00,13462.0,700
2020-11-03 22:00:00,13650.0,701
2020-11-04 02:30:00,13700.5,702
2020-11-04 07:45:00,13531.0,703
2020-11-04 20:15:00,13939.0,704
2020-11-05 17:30:00,14776.5,705
2020-11-06 04:00:00,15438.5,706
2020-11-06 09:30:00,15319.0,707
2020-11-06 14:45:00,15363.5,708
2020-11-06 20:15:00,15201.5,709
2020-11-07 04:30:00,15476.5,710
2020-11-07 08:00:00,15401.5,711
2020-11-07 20:00:00,14359.5,712
2020-11-08 04:30:00,14953.0,713
2020-11-08 08:30:00,14909.5,714
2020-11-08 13:30:00,15115.5,715
2020-11-08 21:15:00,15253.5,716
2020-11-09 05:00:00,15337.0,717
2020-11-09 08:30:00,15155.0,718
2020-11-09 16:15:00,14825.0,719
2020-11-10 00:15:00,15198.5,720
2020-11-10 06:45:00,15263.5,721
2020-11-10 11:15:00,15181.0,722
2020-11-10 15:30:00,15091.5,723
2020-11-10 23:45:00,15276.0,724
2020-11-11 04:30:00,15333.5,725
2020-11-11 20:30:00,15588.0,726
2020-11-12 00:00:00,15453.5,727
2020-11-12 11:00:00,15630.0,728
2020-11-12 18:15:00,15888.0,729
2020-11-13 11:15:00,16076.5,730
2020-11-13 16:15:00,15961.0,731
2020-11-13 20:45:00,16178.5,732
2020-11-14 10:00:00,15747.5,733
2020-11-14 17:15:00,15711.5,734
2020-11-15 03:30:00,15872.5,735
2020-11-15 12:00:00,15920.0,736
2020-11-15 22:00:00,15769.0,737
2020-11-16 09:30:00,16172.0,738
2020-11-16 21:45:00,16604.0,739
2020-11-17 04:00:00,16565.5,740
2020-11-17 09:45:00,16639.0,741
2020-11-17 22:00:00,17470.0,742
2020-11-18 05:45:00,17247.0,743
2020-11-18 15:15:00,17310.5,744
2020-11-18 20:30:00,17517.5,745
2020-11-19 00:30:00,17600.0,746
2020-11-19 09:45:00,17355.0,747
2020-11-19 23:15:00,17716.5,748
2020-11-20 13:30:00,18179.0,749
2020-11-20 18:30:00,18456.0,750
2020-11-20 22:00:00,18514.0,751
2020-11-21 04:00:00,18461.0,752
2020-11-21 12:00:00,18329.5,753
2020-11-22 01:45:00,18411.0,754
2020-11-22 11:45:00,17667.0,755
2020-11-23 01:00:00,18045.0,756
2020-11-23 06:15:00,18347.5,757
2020-11-23 16:30:00,18173.5,758
2020-11-24 00:30:00,18235.0,759
2020-11-24 06:00:00,18050.0,760
2020-11-24 22:00:00,18866.0,761
2020-11-25 05:00:00,18650.0,762
2020-11-25 17:30:00,18821.0,763
2020-11-25 23:15:00,18515.5,764
2020-11-26 03:30:00,17135.0,765
2020-11-26 08:45:00,16350.0,766
2020-11-26 17:15:00,16202.0,767
2020-11-27 03:45:00,17037.5,768
2020-11-27 09:45:00,16616.0,769
2020-11-27 15:45:00,16452.0,770
2020-11-28 08:45:00,16867.0,771
2020-11-29 01:30:00,17519.5,772
2020-11-29 07:00:00,17679.5,773
2020-11-29 12:30:00,17915.5,774
2020-11-29 16:15:00,17921.5,775
2020-11-29 19:45:00,18003.0,776
2020-11-30 09:30:00,18342.5,777
2020-11-30 17:00:00,19057.0,778
2020-12-01 05:00:00,19320.5,779
2020-12-01 13:00:00,18090.5,780
2020-12-01 17:00:00,18628.0,781
2020-12-02 00:00:00,18424.5,782
2020-12-02 04:15:00,18332.0,783
2020-12-02 15:00:00,18743.0,784
2020-12-03 01:45:00,18956.5,785
2020-12-03 05:30:00,18876.0,786
2020-12-03 17:15:00,19208.0,787
2020-12-04 03:45:00,19137.0,788
2020-12-04 12:00:00,18694.0,789
2020-12-04 16:30:00,18830.0,790
2020-12-05 00:00:00,18512.0,791
2020-12-05 13:30:00,18963.0,792
2020-12-05 17:15:00,19034.5,793
2020-12-05 22:15:00,18986.5,794
2020-12-06 05:15:00,19122.0,795
2020-12-06 09:30:00,18948.0,796
2020-12-06 13:45:00,18866.0,797
2020-12-06 22:30:00,19060.5,798
2020-12-07 03:00:00,19168.5,799
2020-12-07 11:45:00,19091.5,800
2020-12-07 18:45:00,18921.0,801
2020-12-08 03:15:00,19145.0,802
2020-12-08 09:30:00,18687.0,803
2020-12-08 12:30:00,18625.0,804
2020-12-08 16:15:00,18753.0,805
2020-12-09 01:15:00,18020.0,806
2020-12-09 08:30:00,17649.5,807
2020-12-09 18:45:00,18161.5,808
2020-12-10 01:45:00,18320.0,809
2020-12-10 06:15:00,18282.0,810
2020-12-10 15:15:00,17917.0,811
2020-12-11 03:00:00,17713.0,812
2020-12-11 10:15:00,17567.0,813
2020-12-11 17:30:00,17863.0,814
2020-12-12 04:00:00,18252.0,815
2020-12-12 14:45:00,18308.5,816
2020-12-13 00:30:00,18700.5,817
2020-12-13 15:30:00,19102.5,818
2020-12-13 22:15:00,18976.5,819
2020-12-14 05:15:00,19044.5,820
2020-12-14 12:15:00,19032.5,821
2020-12-14 20:15:00,19127.5,822
2020-12-15 05:15:00,19057.5,823
2020-12-15 09:15:00,19078.5,824
2020-12-16 00:30:00,19277.5,825
2020-12-16 04:00:00,19303.5,826
2020-12-16 18:45:00,20563.0,827
2020-12-17 20:45:00,22348.5,828
2020-12-18 00:30:00,22473.5,829
2020-12-18 03:45:00,22782.0,830
2020-12-18 15:15:00,22367.5,831
2020-12-18 19:15:00,22636.5,832
2020-12-19 08:00:00,22765.5,833
2020-12-19 11:45:00,22902.5,834
2020-12-20 00:15:00,23274.0,835
2020-12-20 04:15:00,23084.5,836
2020-12-20 13:15:00,23288.0,837
2020-12-20 22:00:00,23130.0,838
2020-12-21 12:00:00,21959.0,839
2020-12-21 17:45:00,22644.0,840
2020-12-22 01:15:00,22485.5,841
2020-12-22 08:15:00,22379.0,842
2020-12-22 17:30:00,23243.5,843
2020-12-22 20:30:00,23290.0,844
2020-12-23 07:15:00,23343.5,845
2020-12-23 11:00:00,22822.5,846
2020-12-23 17:00:00,23373.5,847
2020-12-23 22:15:00,22606.0,848
2020-12-24 03:15:00,22702.5,849
2020-12-24 12:45:00,23026.5,850
2020-12-25 03:00:00,23460.0,851
2020-12-25 07:15:00,23525.0,852
2020-12-25 14:30:00,23835.5,853
2020-12-26 01:15:00,24521.0,854
2020-12-26 05:00:00,24676.0,855
2020-12-26 10:30:00,24587.0,856
2020-12-26 18:45:00,25626.5,857
2020-12-27 03:30:00,26500.0,858
2020-12-27 12:00:00,26666.0,859
2020-12-27 18:00:00,26590.5,860
2020-12-27 21:15:00,25865.0,861
2020-12-28 05:00:00,26862.5,862
2020-12-28 10:30:00,26596.5,863
2020-12-28 16:00:00,26755.0,864
2020-12-28 22:30:00,26438.5,865
2020-12-29 05:15:00,25930.0,866
2020-12-29 17:15:00,26272.5,867
2020-12-30 09:00:00,27397.0,868
2020-12-30 12:00:00,27621.0,869
2020-12-31 01:00:00,28198.5,870
2020-12-31 09:15:00,28618.0,871
2020-12-31 13:00:00,27841.5,872
2021-01-01 00:00:00,28703.5,873
2021-01-01 07:00:00,28847.0,874
2021-01-01 12:45:00,29199.0,875
2021-01-01 18:45:00,28654.0,876
2021-01-02 00:15:00,28967.5,877
2021-01-02 10:00:00,29510.0,878
2021-01-02 21:00:00,30610.0,879
2021-01-03 10:15:00,33545.5,880
2021-01-03 18:30:00,32391.0,881
2021-01-04 00:30:00,32408.0,882
2021-01-04 10:15:00,27923.0,883
2021-01-04 17:45:00,30634.0,884
2021-01-04 21:45:00,30906.0,885
2021-01-05 06:00:00,29905.5,886
2021-01-05 14:00:00,31114.5,887
2021-01-06 00:15:00,33364.5,888
2021-01-06 09:15:00,33623.5,889
2021-01-06 14:00:00,34184.0,890
2021-01-06 20:15:00,34375.5,891
2021-01-07 08:15:00,36301.0,892
2021-01-07 18:45:00,36801.0,893
2021-01-08 02:45:00,36524.5,894
2021-01-08 06:00:00,37525.5,895
2021-01-08 15:30:00,39814.0,896
2021-01-08 21:00:00,38738.0,897
2021-01-09 02:45:00,39584.0,898
2021-01-09 07:00:00,38726.5,899
2021-01-09 16:45:00,39928.0,900
2021-01-09 20:00:00,40100.0,901
2021-01-09 23:00:00,39873.5,902
2021-01-10 04:30:00,40139.5,903
2021-01-10 12:00:00,38558.0,904
2021-01-10 20:15:00,35333.5,905
2021-01-11 03:30:00,33639.5,906
2021-01-11 07:00:00,32631.5,907
2021-01-11 16:30:00,30427.0,908
2021-01-12 02:15:00,33749.0,909
2021-01-12 10:30:00,34830.0,910
2021-01-12 14:30:00,32620.0,911
2021-01-13 00:45:00,32453.5,912
2021-01-13 05:30:00,32812.0,913
2021-01-13 12:00:00,34050.0,914
2021-01-14 04:00:00,36739.0,915
2021-01-14 12:15:00,37778.5,916
2021-01-14 21:30:00,38415.0,917
2021-01-15 06:00:00,37650.0,918
2021-01-15 16:00:00,34512.5,919
2021-01-15 20:00:00,34791.5,920
2021-01-16 05:30:00,35533.0,921
2021-01-16 14:15:00,36745.0,922
2021-01-16 22:00:00,35380.0,923
2021-01-17 10:00:00,33847.5,924
2021-01-17 14:00:00,34684.0,925
2021-01-17 19:45:00,35546.0,926
2021-01-18 00:00:00,35610.0,927
2021-01-18 05:30:00,34802.0,928
2021-01-18 11:00:00,35830.0,929
2021-01-18 17:30:00,35484.0,930
2021-01-19 05:45:00,36242.5,931
2021-01-19 12:45:00,36707.5,932
2021-01-19 19:45:00,36120.5,933
2021-01-20 00:00:00,35624.0,934
2021-01-20 04:15:00,34780.0,935
2021-01-20 11:15:00,34020.0,936
2021-01-20 16:00:00,33370.0,937
2021-01-20 21:15:00,34516.0,938
2021-01-21 05:15:00,34001.0,939
2021-01-21 14:30:00,31027.5,940
2021-01-22 01:15:00,28913.5,941
2021-01-22 08:00:00,30490.0,942
2021-01-22 16:00:00,31950.0,943
2021-01-23 02:30:00,32081.0,944
2021-01-23 13:00:00,31395.0,945
2021-01-24 00:00:00,31636.5,946
2021-01-24 19:30:00,30939.5,947
2021-01-25 10:15:00,32782.0,948
2021-01-26 00:00:00,31766.5,949
2021-01-26 04:00:00,31462.5,950
2021-01-26 07:15:00,31112.5,951
2021-01-26 14:45:00,30841.0,952
2021-01-26 20:30:00,31860.0,953
2021-01-27 14:45:00,29273.0,954
2021-01-27 18:45:00,29555.0,955
2021-01-28 00:15:00,29846.5,956
2021-01-28 09:00:00,30845.0,957
2021-01-29 07:30:00,32012.0,958
2021-01-29 19:45:00,33547.0,959
2021-01-29 23:30:00,33706.0,960
2021-01-30 03:45:00,32826.5,961
2021-01-30 12:00:00,33520.0,962
2021-01-30 16:15:00,33570.0,963
2021-01-30 21:15:00,34003.0,964
2021-01-31 03:00:00,33718.0,965
2021-01-31 10:00:00,33270.0,966
2021-01-31 18:00:00,32232.5,967
2021-02-01 00:15:00,32344.5,968
2021-02-01 06:45:00,33334.0,969
2021-02-01 16:00:00,33176.5,970
2021-02-02 00:00:00,33461.5,971
2021-02-02 04:00:00,33561.5,972
2021-02-02 14:30:00,34423.5,973
2021-02-03 00:00:00,35420.0,974
2021-02-03 09:15:00,35632.0,975
2021-02-03 20:00:00,36675.0,976
2021-02-04 04:00:00,37373.0,977
2021-02-04 09:00:00,36861.5,978
2021-02-04 15:15:00,36233.0,979
2021-02-05 01:45:00,36615.0,980
2021-02-05 10:00:00,37245.5,981
2021-02-05 19:00:00,37251.0,982
2021-02-06 05:00:00,38780.0,983
2021-02-06 20:15:00,39737.0,984
2021-02-07 04:45:00,37976.5,985
2021-02-07 16:15:00,37439.5,986
2021-02-07 20:00:00,37740.0,987
2021-02-08 04:00:00,38061.0,988
2021-02-08 10:00:00,38925.0,989
2021-02-08 18:45:00,42664.0,990
2021-02-09 03:00:00,45678.0,991
2021-02-09 13:00:00,45056.5,992
2021-02-10 01:15:00,46093.5,993
2021-02-10 04:00:00,45709.5,994
2021-02-10 15:45:00,43800.0,995
2021-02-10 21:00:00,44431.0,996
2021-02-11 00:45:00,44042.5,997
2021-02-11 06:30:00,44467.5,998
2021-02-11 17:00:00,47033.5,999
2021-02-11 21:15:00,46600.0,1000
2021-02-12 06:00:00,46850.5,1001
2021-02-12 14:45:00,46174.5,1002
2021-02-12 18:45:00,47016.0,1003
2021-02-12 23:30:00,47217.0,1004
2021-02-13 08:00:00,46678.0,1005
2021-02-13 12:00:00,46300.0,1006
2021-02-13 20:00:00,46708.0,1007
2021-02-14 03:45:00,47316.0,1008
2021-02-14 08:45:00,48521.0,1009
2021-02-14 15:30:00,48222.0,1010
2021-02-15 02:15:00,45712.5,1011
2021-02-16 00:30:00,47140.5,1012
2021-02-16 06:15:00,48659.0,1013
2021-02-16 12:00:00,48428.5,1014
2021-02-16 18:00:00,47844.0,1015
2021-02-17 04:30:00,49192.0,1016
2021-02-17 13:30:00,50635.5,1017
2021-02-17 23:00:00,52041.0,1018
2021-02-18 04:00:00,51847.0,1019
2021-02-18 07:30:00,51442.0,1020
2021-02-18 12:00:00,51043.5,1021
2021-02-18 15:45:00,51519.0,1022
2021-02-18 20:00:00,51610.0,1023
2021-02-19 02:00:00,50832.5,1024
2021-02-19 13:00:00,52428.0,1025
2021-02-20 03:45:00,55580.0,1026
2021-02-20 09:00:00,55143.0,1027
2021-02-20 15:15:00,55926.0,1028
2021-02-20 22:30:00,54077.0,1029
2021-02-21 08:00:00,55862.5,1030
2021-02-21 12:45:00,56720.0,1031
2021-02-22 04:45:00,55280.0,1032
2021-02-22 14:15:00,48000.0,1033
2021-02-22 18:00:00,51622.0,1034
2021-02-23 09:00:00,44949.0,1035
2021-02-23 11:45:00,44955.0,1036
2021-02-23 20:00:00,45300.0,1037
2021-02-24 00:15:00,47010.0,1038
2021-02-24 06:15:00,49516.0,1039
2021-02-24 15:15:00,48500.0,1040
2021-02-24 22:00:00,48100.0,1041
2021-02-25 05:00:00,49584.0,1042
2021-02-25 09:30:00,48664.0,1043
2021-02-26 00:45:00,46025.0,1044
2021-02-26 07:45:00,44150.0,1045
2021-02-26 22:15:00,45113.0,1046
2021-02-27 09:30:00,46281.5,1047
2021-02-27 16:00:00,46329.0,1048
2021-02-27 23:15:00,45000.0,1049
2021-02-28 06:00:00,43801.0,1050
2021-02-28 16:00:00,43080.0,1051
2021-03-01 06:45:00,45714.0,1052
2021-03-01 20:30:00,47969.0,1053
2021-03-02 01:15:00,48781.0,1054
2021-03-02 08:00:00,48296.5,1055
2021-03-02 20:45:00,47095.0,1056
2021-03-03 03:45:00,48531.0,1057
2021-03-03 19:15:00,50320.5,1058
2021-03-04 00:00:00,49935.0,1059
2021-03-04 04:45:00,49130.0,1060
2021-03-04 09:30:00,48614.5,1061
2021-03-04 13:00:00,48783.0,1062
2021-03-04 20:00:00,47544.5,1063
2021-03-05 01:15:00,46411.0,1064
2021-03-05 04:45:00,46650.0,1065
2021-03-05 08:30:00,46471.0,1066
2021-03-05 16:30:00,46927.0,1067
2021-03-06 04:15:00,48162.0,1068
2021-03-06 13:15:00,47170.0,1069
2021-03-07 05:00:00,49142.0,1070
2021-03-07 14:15:00,50196.5,1071
2021-03-07 20:00:00,49870.0,1072
2021-03-08 04:15:00,50170.0,1073
2021-03-08 08:15:00,49385.0,1074
2021-03-09 08:00:00,53338.5,1075
2021-03-09 12:45:00,53664.0,1076
2021-03-09 18:45:00,53712.0,1077
2021-03-10 05:00:00,53160.0,1078
2021-03-10 21:00:00,55584.0,1079
2021-03-11 01:00:00,55284.0,1080
2021-03-11 08:15:00,54455.0,1081
2021-03-11 15:30:00,55891.0,1082
2021-03-12 05:15:00,56444.0,1083
2021-03-12 13:15:00,55157.0,1084
2021-03-12 21:15:00,56286.5,1085
2021-03-13 01:15:00,56157.5,1086
2021-03-13 16:30:00,59628.0,1087
2021-03-14 01:15:00,60892.5,1088
2021-03-14 11:15:00,59539.0,1089
2021-03-14 16:00:00,59349.5,1090
2021-03-14 20:30:00,59758.5,1091
2021-03-15 00:00:00,58854.0,1092
2021-03-15 09:30:00,54707.5,1093
2021-03-15 12:15:00,55098.5,1094
2021-03-15 17:15:00,55523.0,1095
2021-03-16 01:00:00,53376.0,1096
2021-03-16 05:30:00,53670.0,1097
2021-03-16 12:45:00,54720.0,1098
2021-03-16 17:30:00,55028.0,1099
2021-03-17 05:00:00,55269.5,1100
2021-03-17 12:15:00,54209.0,1101
2021-03-17 15:00:00,54360.0,1102
2021-03-18 03:15:00,58677.0,1103
2021-03-18 08:45:00,58066.0,1104
2021-03-18 14:15:00,57628.5,1105
2021-03-18 20:00:00,57112.0,1106
2021-03-19 00:15:00,56366.0,1107
2021-03-19 08:00:00,57522.0,1108
2021-03-19 14:00:00,58049.5,1109
2021-03-19 20:45:00,58173.5,1110
2021-03-20 00:00:00,57882.5,1111
2021-03-20 06:00:00,58050.0,1112
2021-03-20 13:45:00,58715.5,1113
2021-03-20 20:30:00,58207.5,1114
2021-03-21 06:15:00,56773.5,1115
2021-03-21 09:30:00,55511.5,1116
2021-03-21 16:00:00,56758.5,1117
2021-03-22 01:15:00,56378.5,1118
2021-03-22 09:00:00,57157.0,1119
2021-03-22 13:30:00,56638.0,1120
2021-03-22 22:00:00,53675.5,1121
2021-03-23 06:15:00,53029.5,1122
2021-03-23 11:45:00,54100.0,1123
2021-03-23 21:15:00,54260.0,1124
2021-03-24 01:00:00,53650.0,1125
2021-03-24 06:30:00,53821.5,1126
2021-03-24 22:15:00,51707.0,1127
2021-03-25 02:00:00,51533.0,1128
2021-03-25 08:00:00,52145.0,1129
2021-03-25 13:15:00,50504.0,1130
2021-03-25 16:00:00,50571.5,1131
2021-03-25 23:45:00,51264.0,1132
2021-03-26 12:00:00,52586.0,1133
2021-03-27 02:30:00,54538.0,1134
2021-03-27 12:45:00,54018.5,1135
2021-03-28 00:30:00,55613.5,1136
2021-03-28 06:45:00,55862.5,1137
2021-03-28 12:15:00,55361.0,1138
2021-03-28 19:15:00,54741.5,1139
2021-03-29 01:15:00,55051.0,1140
2021-03-29 05:30:00,55006.0,1141
2021-03-29 16:15:00,57220.0,1142
2021-03-29 20:45:00,57200.0,1143
2021-03-30 04:00:00,57201.0,1144
2021-03-30 16:00:00,58563.5,1145
2021-03-30 20:30:00,58452.0,1146
2021-03-31 03:45:00,58470.0,1147
2021-03-31 08:00:00,57000.0,1148
2021-03-31 20:00:00,58426.0,1149
2021-04-01 07:00:00,58611.0,1150
2021-04-01 11:00:00,58200.0,1151
2021-04-01 18:15:00,58044.0,1152
2021-04-01 21:30:00,58600.0,1153
2021-04-02 00:45:00,58570.0,1154
2021-04-02 06:30:00,59464.5,1155
2021-04-02 09:15:00,59340.0,1156
2021-04-02 13:30:00,59136.0,1157
2021-04-02 21:00:00,58565.0,1158
2021-04-03 08:30:00,58825.5,1159
2021-04-03 18:00:00,57874.5,1160
2021-04-04 01:00:00,56580.5,1161
2021-04-04 06:15:00,57235.0,1162
2021-04-04 12:00:00,57060.0,1163
2021-04-04 16:00:00,57670.5,1164
2021-04-04 19:30:00,57820.0,1165
2021-04-05 08:15:00,56902.0,1166
2021-04-05 17:30:00,58677.0,1167
2021-04-05 21:30:00,58527.0,1168
2021-04-06 03:45:00,58709.0,1169
2021-04-06 08:00:00,58414.0,1170
2021-04-06 11:15:00,58479.0,1171
2021-04-06 14:30:00,57580.0,1172
2021-04-06 21:30:00,57687.0,1173
2021-04-07 01:15:00,57259.5,1174
2021-04-07 04:15:00,57375.0,1175
2021-04-07 12:15:00,55750.0,1176
2021-04-07 19:15:00,55535.0,1177
2021-04-08 00:00:00,55750.5,1178
2021-04-08 11:30:00,56435.0,1179
2021-04-08 21:00:00,57474.5,1180
2021-04-09 03:00:00,57845.5,1181
2021-04-09 07:00:00,57686.5,1182
2021-04-09 16:00:00,57902.5,1183
2021-04-09 23:00:00,57928.0,1184
2021-04-10 07:00:00,60525.0,1185
2021-04-10 12:45:00,60050.0,1186
2021-04-10 20:45:00,58452.0,1187
2021-04-11 06:15:00,59450.0,1188
2021-04-11 13:30:00,59333.0,1189
2021-04-11 22:00:00,59573.0,1190
2021-04-12 10:30:00,59528.5,1191
2021-04-12 15:00:00,59748.5,1192
2021-04-12 18:00:00,59771.0,1193
2021-04-12 21:15:00,59860.0,1194
2021-04-13 04:30:00,60418.5,1195
2021-04-13 13:30:00,62605.0,1196
2021-04-13 19:30:00,62647.0,1197
2021-04-14 03:00:00,63175.0,1198
2021-04-14 09:30:00,63228.0,1199
2021-04-14 19:30:00,61509.0,1200
2021-04-15 02:15:00,62400.0,1201
2021-04-15 11:00:00,62180.0,1202
2021-04-15 17:30:00,62437.0,1203
2021-04-16 11:15:00,60242.5,1204
2021-04-16 18:15:00,61161.0,1205
2021-04-17 00:30:00,61167.0,1206
2021-04-17 06:00:00,61972.5,1207
2021-04-17 18:00:00,59750.0,1208
2021-04-18 03:30:00,50500.0,1209
2021-04-18 11:45:00,53116.5,1210
2021-04-18 15:45:00,54711.0,1211
2021-04-19 05:15:00,56422.0,1212
2021-04-19 10:30:00,56245.5,1213
2021-04-19 15:45:00,54279.0,1214
2021-04-20 02:45:00,53656.0,1215
2021-04-20 07:30:00,53382.5,1216
2021-04-20 15:30:00,54701.0,1217
2021-04-21 01:00:00,55386.0,1218
2021-04-21 04:15:00,55033.0,1219
2021-04-21 08:00:00,54802.0,1220
2021-04-21 11:45:00,54363.0,1221
2021-04-22 02:00:00,52618.5,1222
2021-04-22 08:45:00,53183.5,1223
2021-04-22 21:00:00,50580.0,1224
2021-04-23 02:15:00,48666.5,1225
2021-04-23 08:00:00,47581.0,1226
2021-04-23 13:30:00,48539.0,1227
2021-04-24 11:45:00,48742.5,1228
2021-04-24 15:00:00,48960.0,1229
2021-04-25 00:45:00,49767.5,1230
2021-04-25 07:15:00,49156.5,1231
2021-04-25 21:45:00,47019.0,1232
2021-04-26 09:00:00,52257.0,1233
2021-04-26 16:15:00,52885.5,1234
2021-04-26 21:15:00,52632.0,1235
2021-04-27 04:15:00,53275.0,1236
2021-04-27 14:00:00,54370.0,1237
2021-04-27 17:00:00,54278.5,1238
2021-04-27 23:00:00,54725.0,1239
2021-04-28 06:30:00,53888.0,1240
2021-04-28 15:15:00,54132.0,1241
2021-04-28 21:00:00,54000.0,1242
2021-04-29 05:00:00,53551.0,1243
2021-04-29 09:00:00,53825.0,1244
2021-04-29 20:00:00,52387.0,1245
2021-04-30 11:00:00,54099.5,1246
2021-05-01 04:30:00,57760.5,1247
2021-05-01 09:00:00,57250.0,1248
2021-05-01 15:15:00,57093.5,1249
2021-05-01 22:00:00,57352.0,1250
2021-05-02 04:00:00,56281.0,1251
2021-05-02 09:15:00,56110.0,1252
2021-05-02 16:00:00,56377.0,1253
2021-05-02 22:30:00,56277.0,1254
2021-05-03 04:45:00,57766.0,1255
2021-05-03 16:00:00,57257.5,1256
2021-05-03 21:00:00,56541.0,1257
2021-05-04 00:45:00,54600.0,1258
2021-05-04 04:00:00,55275.0,1259
2021-05-04 08:00:00,55607.0,1260
2021-05-04 16:45:00,53262.0,1261
2021-05-05 00:00:00,52930.0,1262
2021-05-05 06:30:00,54028.5,1263
2021-05-05 11:45:00,55080.0,1264
2021-05-05 20:30:00,56668.5,1265
2021-05-06 00:30:00,56642.0,1266
2021-05-06 07:00:00,56458.0,1267
2021-05-06 19:15:00,55323.5,1268
2021-05-07 04:30:00,55311.0,1269
2021-05-07 08:00:00,55631.0,1270
2021-05-07 22:45:00,56852.5,1271
2021-05-08 06:30:00,57535.5,1272
2021-05-08 12:00:00,58263.0,1273
2021-05-08 15:45:00,57553.0,1274
2021-05-09 01:00:00,58414.5,1275
2021-05-09 04:15:00,57853.0,1276
2021-05-09 12:45:00,56375.0,1277
2021-05-09 19:15:00,57095.5,1278
2021-05-10 11:15:00,57477.0,1279
2021-05-10 15:00:00,56801.5,1280
2021-05-10 20:00:00,53421.5,1281
2021-05-11 03:00:00,54512.0,1282
2021-05-11 12:30:00,54841.0,1283
2021-05-11 23:30:00,56232.5,1284
2021-05-12 19:15:00,53604.0,1285
2021-05-13 00:00:00,45719.0,1286
2021-05-13 03:45:00,49583.0,1287
2021-05-13 11:00:00,48523.0,1288
2021-05-13 17:30:00,47015.0,1289
2021-05-13 23:00:00,48465.5,1290
2021-05-14 04:30:00,48901.0,1291
2021-05-14 13:15:00,50105.0,1292
2021-05-14 21:00:00,49081.5,1293
2021-05-15 00:45:00,49329.0,1294
2021-05-15 10:30:00,47834.0,1295
2021-05-15 19:30:00,46916.5,1296
2021-05-16 00:00:00,46521.0,1297
2021-05-16 20:45:00,43890.0,1298
2021-05-17 04:00:00,42180.0,1299
2021-05-17 11:00:00,44421.0,1300
2021-05-17 17:15:00,42143.5,1301
2021-05-17 23:00:00,42522.0,1302
2021-05-18 09:15:00,44665.5,1303
2021-05-18 18:30:00,42432.0,1304
2021-05-19 07:15:00,38487.5,1305
2021-05-19 13:00:00,28801.0,1306
2021-05-20 00:45:00,34950.0,1307
2021-05-20 09:30:00,38743.5,1308
2021-05-20 16:45:00,38093.5,1309
2021-05-20 22:30:00,39504.5,1310
2021-05-21 06:00:00,39211.0,1311
2021-05-21 16:00:00,36071.0,1312
2021-05-21 21:15:00,33404.0,1313
2021-05-22 05:30:00,35220.0,1314
2021-05-22 15:15:00,37082.0,1315
2021-05-22 19:45:00,37182.5,1316
2021-05-23 00:00:00,36676.0,1317
2021-05-23 08:45:00,33800.5,1318
2021-05-23 16:30:00,31068.5,1319
2021-05-24 04:30:00,34390.5,1320
2021-05-24 10:30:00,35910.0,1321
2021-05-24 16:15:00,36866.0,1322
2021-05-24 22:30:00,37987.0,1323
2021-05-25 04:15:00,37666.5,1324
2021-05-25 12:00:00,36466.5,1325
2021-05-25 19:45:00,37155.0,1326
2021-05-26 00:30:00,37823.0,1327
2021-05-26 19:30:00,37905.0,1328
2021-05-27 03:15:00,37176.0,1329
2021-05-27 21:00:00,38201.5,1330
2021-05-28 01:00:00,37736.0,1331
2021-05-28 11:45:00,35124.5,1332
2021-05-28 21:15:00,34702.0,1333
2021-05-29 04:45:00,35611.0,1334
2021-05-29 18:15:00,33662.0,1335
2021-05-30 00:30:00,33360.0,1336
2021-05-30 14:15:00,35123.5,1337
2021-05-31 04:30:00,34176.5,1338
2021-05-31 14:15:00,36315.5,1339
2021-05-31 19:30:00,36501.0,1340
2021-06-01 03:45:00,36520.0,1341
2021-06-01 08:45:00,35917.5,1342
2021-06-01 13:00:00,35600.0,1343
2021-06-01 17:00:00,35729.0,1344
2021-06-02 01:00:00,35900.0,1345
2021-06-02 11:00:00,36864.0,1346
2021-06-03 02:30:00,37215.5,1347
2021-06-03 13:45:00,38360.0,1348
2021-06-03 19:45:00,38497.0,1349
2021-06-04 02:00:00,37400.0,1350
2021-06-04 08:00:00,36250.0,1351
2021-06-04 12:00:00,35601.0,1352
2021-06-04 19:45:00,36745.0,1353
2021-06-04 23:00:00,36490.5,1354
2021-06-05 12:00:00,35211.0,1355
2021-06-05 21:30:00,34824.0,1356
2021-06-06 06:15:00,35688.5,1357
2021-06-06 14:00:00,35477.0,1358
2021-06-06 22:30:00,35235.5,1359
2021-06-07 07:15:00,35870.0,1360
2021-06-07 23:45:00,33240.0,1361
2021-06-08 02:45:00,32304.0,1362
2021-06-08 07:00:00,32035.0,1363
2021-06-08 10:30:00,32660.0,1364
2021-06-08 15:15:00,30980.0,1365
2021-06-09 02:15:00,32379.0,1366
2021-06-09 14:45:00,34555.0,1367
2021-06-09 19:15:00,35688.0,1368
2021-06-10 05:30:00,36536.5,1369
2021-06-10 09:00:00,36241.5,1370
2021-06-10 20:30:00,35819.0,1371
2021-06-11 01:15:00,35944.5,1372
2021-06-11 07:00:00,36410.0,1373
2021-06-11 16:30:00,36530.0,1374
2021-06-11 21:30:00,36776.0,1375
2021-06-12 05:45:00,35022.0,1376
2021-06-12 10:15:00,34630.0,1377
2021-06-12 16:00:00,35305.0,1378
2021-06-13 00:15:00,35344.0,1379
2021-06-13 04:00:00,34761.5,1380
2021-06-13 14:15:00,35656.0,1381
2021-06-14 03:30:00,38772.0,1382
2021-06-14 08:45:00,38888.0,1383
2021-06-14 19:15:00,39336.0,1384
2021-06-15 01:45:00,39863.0,1385
2021-06-15 09:00:00,39560.0,1386
2021-06-15 15:00:00,39730.0,1387
2021-06-15 20:00:00,39540.0,1388
2021-06-16 01:00:00,39640.0,1389
2021-06-16 18:15:00,38300.5,1390
2021-06-16 23:15:00,38173.5,1391
2021-06-17 05:00:00,38653.0,1392
2021-06-17 14:00:00,38470.0,1393
2021-06-17 20:00:00,37400.0,1394
2021-06-18 02:15:00,37259.5,1395
2021-06-18 06:45:00,37425.0,1396
2021-06-18 10:15:00,37113.5,1397
2021-06-18 18:45:00,35159.0,1398
2021-06-19 03:15:00,34800.0,1399
2021-06-19 10:15:00,35556.0,1400
2021-06-19 13:00:00,35545.0,1401
2021-06-19 18:30:00,35364.5,1402
2021-06-20 00:15:00,35160.0,1403
2021-06-20 12:15:00,33338.0,1404
2021-06-21 11:15:00,31710.0,1405
2021-06-21 16:45:00,32050.0,1406
2021-06-22 00:15:00,31180.0,1407
2021-06-22 13:45:00,28774.0,1408
2021-06-23 00:15:00,31704.0,1409
2021-06-23 05:00:00,33588.0,1410
2021-06-23 09:00:00,33650.0,1411
2021-06-23 20:00:00,32750.0,1412
2021-06-24 04:30:00,32330.5,1413
2021-06-24 16:00:00,33744.5,1414
2021-06-24 22:15:00,34530.0,1415
2021-06-25 01:00:00,34252.0,1416
2021-06-25 17:45:00,31505.0,1417
2021-06-25 22:45:00,31300.0,1418
2021-06-26 08:15:00,30101.0,1419
2021-06-26 14:00:00,30487.0,1420
2021-06-26 21:00:00,30914.5,1421
2021-06-27 10:30:00,32339.0,1422
2021-06-27 14:00:00,32700.0,1423
2021-06-27 18:00:00,32573.0,1424
2021-06-27 21:15:00,32438.0,1425
2021-06-28 02:00:00,34257.0,1426
2021-06-28 12:00:00,33905.0,1427
2021-06-28 18:45:00,33969.0,1428
2021-06-28 23:00:00,34132.5,1429
2021-06-29 03:00:00,34240.0,1430
2021-06-30 00:00:00,35650.0,1431
2021-06-30 05:00:00,34666.0,1432
2021-06-30 09:45:00,34425.0,1433
2021-06-30 16:00:00,34050.0,1434
2021-06-30 20:45:00,34391.0,1435
2021-07-01 04:00:00,34100.0,1436
2021-07-01 10:15:00,33000.0,1437
2021-07-01 14:30:00,33051.0,1438
2021-07-01 19:30:00,32710.0,1439
2021-07-02 05:45:00,32695.0,1440
2021-07-02 10:15:00,32774.5,1441
2021-07-02 20:15:00,33050.0,1442
2021-07-03 03:45:00,33339.0,1443
2021-07-03 11:30:00,34442.5,1444
2021-07-03 16:00:00,34462.0,1445
2021-07-03 22:15:00,34266.5,1446
2021-07-04 12:45:00,35250.0,1447
2021-07-04 18:00:00,35373.5,1448
2021-07-05 04:15:00,34060.0,1449
2021-07-05 12:00:00,33327.0,1450
2021-07-05 17:30:00,33119.0,1451
2021-07-06 00:00:00,33633.5,1452
2021-07-06 11:30:00,33732.0,1453
2021-07-06 17:15:00,33512.0,1454
2021-07-06 21:45:00,33636.0,1455
2021-07-07 10:00:00,34460.0,1456
2021-07-07 16:00:00,34431.5,1457
2021-07-08 00:30:00,33077.5,1458
2021-07-08 08:00:00,32248.0,1459
2021-07-08 11:00:00,32089.0,1460
2021-07-09 01:00:00,32280.5,1461
2021-07-09 08:15:00,32613.0,1462
2021-07-09 12:15:00,32644.0,1463
2021-07-09 19:00:00,33288.0,1464
2021-07-10 05:00:00,33478.0,1465
2021-07-10 11:00:00,33573.5,1466
2021-07-10 20:00:00,33010.0,1467
2021-07-11 04:30:00,33339.0,1468
2021-07-11 07:15:00,33391.0,1469
2021-07-11 16:15:00,33746.5,1470
2021-07-11 21:00:00,33711.5,1471
2021-07-12 01:30:00,34050.0,1472
2021-07-12 05:45:00,34165.0,1473
2021-07-12 20:00:00,32700.0,1474
2021-07-13 00:15:00,32857.5,1475
2021-07-13 05:30:00,32772.0,1476
2021-07-13 20:00:00,32213.5,1477
2021-07-14 05:30:00,31654.0,1478
2021-07-14 09:00:00,31594.0,1479
2021-07-14 12:45:00,32293.0,1480
2021-07-14 19:00:00,32583.0,1481
2021-07-15 00:15:00,32650.0,1482
2021-07-15 13:15:00,31480.0,1483
2021-07-15 17:45:00,31160.0,1484
2021-07-15 23:30:00,31515.5,1485
2021-07-16 11:45:00,31056.0,1486
2021-07-17 00:15:00,31171.5,1487
2021-07-17 04:00:00,31217.5,1488
2021-07-17 11:00:00,31260.0,1489
2021-07-18 00:00:00,31478.0,1490
2021-07-18 10:00:00,31600.0,1491
2021-07-18 14:30:00,31122.0,1492
2021-07-18 22:15:00,31423.5,1493
2021-07-19 01:15:00,31440.0,1494
2021-07-19 14:15:00,30412.0,1495
2021-07-19 19:15:00,30553.5,1496
2021-07-20 03:30:00,29483.0,1497
2021-07-20 09:45:00,29272.5,1498
2021-07-20 14:15:00,29278.5,1499
2021-07-21 01:15:00,29509.0,1500
2021-07-21 20:30:00,31512.0,1501
2021-07-22 02:30:00,31761.5,1502
2021-07-22 05:45:00,31855.5,1503
2021-07-22 11:00:00,31725.5,1504
2021-07-22 18:00:00,32228.5,1505
2021-07-22 22:15:00,32057.5,1506
2021-07-23 10:15:00,32226.0,1507
2021-07-23 16:15:00,32028.0,1508
2021-07-24 08:45:00,33527.0,1509
2021-07-24 14:15:00,33702.5,1510
2021-07-24 20:15:00,33652.0,1511
2021-07-25 01:45:00,33829.0,1512
2021-07-25 14:15:00,33870.5,1513
2021-07-26 08:00:00,37717.0,1514
2021-07-26 22:15:00,36748.0,1515
2021-07-27 03:00:00,36396.5,1516
2021-07-27 18:00:00,37349.0,1517
2021-07-28 06:30:00,39268.0,1518
2021-07-28 14:45:00,39310.0,1519
2021-07-28 18:00:00,38719.0,1520
2021-07-29 01:15:00,39250.0,1521
2021-07-29 12:15:00,39451.0,1522
2021-07-29 18:30:00,39390.0,1523
2021-07-30 09:15:00,38305.0,1524
2021-07-30 18:00:00,38849.0,1525
2021-07-31 05:30:00,41165.5,1526
2021-07-31 14:00:00,41078.5,1527
2021-07-31 17:30:00,41016.0,1528
2021-08-01 00:00:00,41111.0,1529
2021-08-01 07:15:00,41601.0,1530
2021-08-01 10:45:00,41300.0,1531
2021-08-01 16:15:00,40750.0,1532
2021-08-01 19:15:00,40570.0,1533
2021-08-02 01:00:00,39225.0,1534
2021-08-02 05:15:00,39595.0,1535
2021-08-02 09:00:00,39305.0,1536
2021-08-02 12:30:00,38845.0,1537
2021-08-02 20:00:00,38662.0,1538
2021-08-03 00:00:00,38732.5,1539
2021-08-03 05:15:00,37920.5,1540
2021-08-03 12:00:00,37650.0,1541
2021-08-03 18:00:00,37593.0,1542
2021-08-04 00:00:00,37974.0,1543
2021-08-04 08:45:00,37375.5,1544
2021-08-05 01:15:00,39164.0,1545
2021-08-05 12:45:00,37281.0,1546
2021-08-06 01:15:00,39908.0,1547
2021-08-06 04:15:00,39870.0,1548
2021-08-06 12:00:00,40250.5,1549
2021-08-06 21:45:00,42402.0,1550
2021-08-07 06:30:00,43042.0,1551
2021-08-07 13:00:00,43116.0,1552
2021-08-07 16:15:00,42360.0,1553
2021-08-08 02:15:00,43800.0,1554
2021-08-08 11:15:00,44050.0,1555
2021-08-08 19:15:00,43288.0,1556
2021-08-09 01:15:00,42800.0,1557
2021-08-09 13:45:00,45259.0,1558
2021-08-09 21:15:00,44905.5,1559
2021-08-10 01:15:00,45642.0,1560
2021-08-10 07:00:00,45331.5,1561
2021-08-10 11:45:00,45165.0,1562
2021-08-10 16:30:00,44667.0,1563
2021-08-11 02:45:00,45348.0,1564
2021-08-11 12:00:00,45822.0,1565
2021-08-11 16:45:00,46205.0,1566
2021-08-12 00:00:00,45400.0,1567
2021-08-12 05:30:00,44856.0,1568
2021-08-12 16:30:00,43810.0,1569
2021-08-12 22:45:00,43915.0,1570
2021-08-13 15:15:00,46135.0,1571
2021-08-13 19:30:00,46257.0,1572
2021-08-14 02:30:00,47428.0,1573
2021-08-14 11:00:00,46022.0,1574
2021-08-14 20:15:00,46328.5,1575
2021-08-15 08:00:00,45630.0,1576
2021-08-15 13:45:00,45510.0,1577
2021-08-15 17:00:00,45666.0,1578
2021-08-16 08:15:00,47010.0,1579
2021-08-16 15:30:00,45950.0,1580
2021-08-16 20:15:00,45713.0,1581
2021-08-17 00:15:00,45250.0,1582
2021-08-17 07:00:00,45667.5,1583
2021-08-17 16:00:00,45571.5,1584
2021-08-17 22:15:00,44420.0,1585
2021-08-18 01:00:00,44300.0,1586
2021-08-18 08:30:00,44875.0,1587
2021-08-18 12:15:00,44681.0,1588
2021-08-18 21:00:00,44433.0,1589
2021-08-19 00:15:00,44527.0,1590
2021-08-19 04:15:00,44000.0,1591
2021-08-19 12:00:00,44175.0,1592
2021-08-19 22:15:00,46344.5,1593
2021-08-20 07:45:00,46730.0,1594
2021-08-20 11:45:00,46870.0,1595
2021-08-20 18:30:00,48307.0,1596
2021-08-21 04:15:00,48548.0,1597
2021-08-21 11:00:00,48250.0,1598
2021-08-21 19:15:00,48750.0,1599
2021-08-22 00:00:00,48613.5,1600
2021-08-22 03:30:00,48628.0,1601
2021-08-22 08:15:00,48877.5,1602
2021-08-22 15:00:00,47974.5,1603
2021-08-22 18:00:00,48152.0,1604
2021-08-22 21:00:00,48262.5,1605
2021-08-23 06:30:00,49907.0,1606
2021-08-23 10:00:00,49950.0,1607
2021-08-23 15:30:00,49305.5,1608
2021-08-23 20:00:00,49084.5,1609
2021-08-24 01:15:00,48815.5,1610
2021-08-24 16:15:00,47810.0,1611
2021-08-24 23:45:00,47627.0,1612
2021-08-25 04:45:00,47926.0,1613
2021-08-25 09:30:00,47200.0,1614
2021-08-25 14:00:00,47345.0,1615
2021-08-26 07:15:00,46612.0,1616
2021-08-26 12:00:00,46300.0,1617
2021-08-26 16:15:00,46566.5,1618
2021-08-27 00:15:00,46400.0,1619
2021-08-27 04:30:00,46627.5,1620
2021-08-27 13:00:00,47074.0,1621
2021-08-28 06:00:00,48652.0,1622
2021-08-28 14:30:00,48411.0,1623
2021-08-28 19:30:00,48510.0,1624
2021-08-29 04:00:00,47789.5,1625
2021-08-29 08:45:00,48285.5,1626
2021-08-29 12:00:00,48144.0,1627
2021-08-29 15:00:00,48228.0,1628
2021-08-29 21:45:00,48350.0,1629
2021-08-30 06:30:00,47668.5,1630
2021-08-30 13:00:00,47460.0,1631
2021-08-31 00:30:00,46680.0,1632
2021-08-31 07:00:00,46900.0,1633
2021-08-31 10:15:00,47187.5,1634
2021-08-31 17:30:00,47033.0,1635
2021-09-01 01:00:00,46585.0,1636
2021-09-01 07:45:00,47118.5,1637
2021-09-01 13:15:00,47307.0,1638
2021-09-01 19:30:00,48050.5,1639
2021-09-02 04:15:00,49322.0,1640
2021-09-02 15:00:00,49257.5,1641
2021-09-03 01:30:00,48400.0,1642
2021-09-03 07:45:00,49250.0,1643
2021-09-03 22:15:00,49582.0,1644
2021-09-04 08:00:00,49962.0,1645
2021-09-04 11:00:00,49751.0,1646
2021-09-04 17:15:00,49430.0,1647
2021-09-04 23:15:00,49790.0,1648
2021-09-05 06:15:00,49550.0,1649
2021-09-05 11:15:00,49859.0,1650
2021-09-05 15:30:00,50041.5,1651
2021-09-06 00:15:00,51377.0,1652
2021-09-06 03:45:00,51447.0,1653
2021-09-06 08:15:00,51618.5,1654
2021-09-06 12:00:00,51083.5,1655
2021-09-07 09:30:00,50604.0,1656
2021-09-07 15:00:00,42330.0,1657
2021-09-07 18:15:00,45956.0,1658
2021-09-07 21:15:00,46135.0,1659
2021-09-08 08:15:00,44444.0,1660
2021-09-08 13:15:00,45648.5,1661
2021-09-08 20:00:00,45850.0,1662
2021-09-09 03:00:00,45500.0,1663
2021-09-09 07:00:00,45923.0,1664
2021-09-09 12:30:00,45657.5,1665
2021-09-09 20:15:00,45933.0,1666
2021-09-10 08:30:00,45687.0,1667
2021-09-10 15:00:00,44711.5,1668
2021-09-10 21:45:00,44151.0,1669
2021-09-11 03:30:00,44904.0,1670
2021-09-11 07:30:00,44816.0,1671
2021-09-11 13:30:00,45377.0,1672
2021-09-12 01:15:00,44772.0,1673
2021-09-12 07:00:00,45078.0,1674
2021-09-12 13:30:00,45715.0,1675
2021-09-12 21:00:00,44900.0,1676
2021-09-13 07:15:00,44230.0,1677
2021-09-13 11:00:00,44193.0,1678
2021-09-13 14:15:00,43199.5,1679
2021-09-14 00:15:00,44622.0,1680
2021-09-14 12:15:00,45675.0,1681
2021-09-14 18:30:00,46307.0,1682
2021-09-15 06:15:00,46699.0,1683
2021-09-15 12:45:00,47280.0,1684
2021-09-15 18:00:00,47816.5,1685
2021-09-16 03:15:00,47351.0,1686
2021-09-16 10:30:00,47632.5,1687
2021-09-16 14:15:00,47250.0,1688
2021-09-16 20:45:00,47055.0,1689
2021-09-17 01:00:00,47466.0,1690
2021-09-17 13:15:00,47150.0,1691
2021-09-17 18:15:00,46788.0,1692
2021-09-17 21:00:00,46821.5,1693
2021-09-18 12:00:00,48220.0,1694
2021-09-18 20:30:00,47810.5,1695
2021-09-19 01:30:00,47610.0,1696
2021-09-19 05:00:00,47766.5,1697
2021-09-19 12:30:00,47100.0,1698
2021-09-20 03:00:00,45078.5,1699
2021-09-20 07:30:00,44333.0,1700
2021-09-20 12:30:00,42500.0,1701
2021-09-20 19:15:00,42886.0,1702
2021-09-21 00:15:00,40033.5,1703
2021-09-21 05:15:00,42143.5,1704
2021-09-21 17:45:00,41500.0,1705
2021-09-21 21:15:00,39520.0,1706
2021-09-22 04:30:00,41801.0,1707
2021-09-22 11:30:00,41833.5,1708
2021-09-22 19:00:00,42822.0,1709
2021-09-22 21:45:00,43004.0,1710
2021-09-23 01:00:00,43058.0,1711
2021-09-23 06:15:00,43646.5,1712
2021-09-23 11:45:00,43334.0,1713
2021-09-23 16:00:00,43560.0,1714
2021-09-23 22:15:00,44270.5,1715
2021-09-24 05:15:00,43875.0,1716
2021-09-24 11:15:00,40647.5,1717
2021-09-25 01:30:00,42026.0,1718
2021-09-25 08:30:00,41667.0,1719
2021-09-25 14:15:00,42150.0,1720
2021-09-25 21:15:00,42353.0,1721
2021-09-26 04:30:00,41862.0,1722
2021-09-26 07:45:00,40750.5,1723
2021-09-26 17:45:00,43080.0,1724
2021-09-26 23:00:00,42650.0,1725
2021-09-27 09:30:00,43310.5,1726
2021-09-27 16:45:00,42850.0,1727
2021-09-28 00:00:00,41830.0,1728
2021-09-28 08:00:00,41555.0,1729
2021-09-28 17:15:00,41110.0,1730
2021-09-29 00:15:00,40728.5,1731
2021-09-29 12:30:00,41835.0,1732
2021-09-29 20:15:00,40905.5,1733
2021-09-30 10:45:00,42701.5,1734
2021-09-30 14:00:00,42847.0,1735
2021-09-30 20:30:00,43076.0,1736
2021-10-01 02:30:00,43273.0,1737
2021-10-02 00:30:00,47591.0,1738
2021-10-02 04:45:00,47439.0,1739
2021-10-02 11:00:00,47488.0,1740
2021-10-03 00:45:00,47098.0,1741
2021-10-03 15:30:00,47783.5,1742
2021-10-03 21:45:00,47635.5,1743
2021-10-04 04:00:00,47250.0,1744
2021-10-04 11:30:00,47374.5,1745
2021-10-04 15:00:00,46902.5,1746
2021-10-05 04:45:00,49070.0,1747
2021-10-05 14:30:00,49607.0,1748
2021-10-06 01:00:00,50901.0,1749
2021-10-06 05:00:00,51200.5,1750
2021-10-06 09:15:00,50339.5,1751
2021-10-07 01:30:00,54150.0,1752
2021-10-07 09:30:00,53900.0,1753
2021-10-07 14:30:00,53357.0,1754
2021-10-07 23:30:00,53621.0,1755
2021-10-08 05:00:00,53630.0,1756
2021-10-08 13:45:00,54050.5,1757
2021-10-08 20:45:00,53803.0,1758
2021-10-09 00:00:00,53717.0,1759
2021-10-09 09:15:00,54503.5,1760
2021-10-09 16:45:00,54620.0,1761
2021-10-09 20:15:00,54361.0,1762
2021-10-10 02:00:00,54135.0,1763
2021-10-10 09:15:00,54745.0,1764
2021-10-10 13:00:00,54638.0,1765
2021-10-10 23:45:00,54350.0,1766
2021-10-11 11:00:00,55901.0,1767
2021-10-11 17:00:00,57207.0,1768
2021-10-11 20:00:00,56743.0,1769
2021-10-12 03:00:00,56460.5,1770
2021-10-12 10:00:00,56700.0,1771
2021-10-12 20:00:00,53700.0,1772
2021-10-13 09:00:00,54265.5,1773
2021-10-13 14:00:00,54550.5,1774
2021-10-13 20:45:00,56604.0,1775
2021-10-14 00:30:00,57150.0,1776
2021-10-14 09:15:00,57260.0,1777
2021-10-14 15:00:00,56915.5,1778
2021-10-14 18:15:00,56747.0,1779
2021-10-15 01:00:00,56900.0,1780
2021-10-15 09:00:00,58788.0,1781
2021-10-15 21:45:00,60850.0,1782
2021-10-16 02:00:00,61200.0,1783
2021-10-16 12:45:00,60500.0,1784
2021-10-16 17:30:00,60217.0,1785
2021-10-17 07:45:00,60369.0,1786
2021-10-17 15:30:00,60543.0,1787
2021-10-17 20:15:00,58803.5,1788
2021-10-18 03:30:00,61890.0,1789
2021-10-18 09:45:00,60620.0,1790
2021-10-18 13:00:00,59917.0,1791
2021-10-18 19:30:00,61031.0,1792
2021-10-19 08:30:00,61800.0,1793
2021-10-19 14:15:00,61367.5,1794
2021-10-20 02:30:00,63780.0,1795
2021-10-20 05:45:00,63501.0,1796
2021-10-20 11:00:00,63821.0,1797
2021-10-20 17:15:00,66241.0,1798
2021-10-20 22:00:00,65603.0,1799
2021-10-21 02:00:00,64175.0,1800
2021-10-21 06:30:00,64224.0,1801
2021-10-21 11:30:00,64200.0,1802
2021-10-21 15:15:00,61880.0,1803
2021-10-21 23:15:00,62043.0,1804
2021-10-22 06:30:00,62509.5,1805
2021-10-22 10:15:00,62851.0,1806
2021-10-22 16:15:00,60100.0,1807
2021-10-22 21:45:00,60201.5,1808
2021-10-23 11:00:00,59625.0,1809
2021-10-23 15:45:00,60738.5,1810
2021-10-23 20:00:00,60851.0,1811
2021-10-24 02:30:00,60834.5,1812
2021-10-24 08:15:00,60502.5,1813
2021-10-24 12:15:00,59805.0,1814
2021-10-24 16:00:00,59456.0,1815
2021-10-25 00:00:00,60708.5,1816
2021-10-25 06:00:00,61850.0,1817
2021-10-25 10:30:00,62534.5,1818
2021-10-25 20:45:00,62590.5,1819
2021-10-26 07:15:00,62272.0,1820
2021-10-26 14:00:00,61892.5,1821
2021-10-26 22:30:00,59888.0,1822
2021-10-27 02:45:00,60451.0,1823
2021-10-27 08:00:00,57919.5,1824
2021-10-27 12:00:00,58312.0,1825
2021-10-27 16:00:00,58556.5,1826
2021-10-27 19:15:00,58255.0,1827
2021-10-28 01:00:00,58144.0,1828
2021-10-28 04:45:00,58700.0,1829
2021-10-28 18:30:00,57476.0,1830
2021-10-29 00:15:00,60111.0,1831
2021-10-29 07:30:00,60420.0,1832
2021-10-29 11:45:00,60600.0,1833
2021-10-29 19:00:00,61865.0,1834
2021-10-30 05:00:00,61050.0,1835
2021-10-30 08:45:00,61118.5,1836
2021-10-30 14:15:00,60700.0,1837
2021-10-30 22:30:00,61256.0,1838
2021-10-31 13:30:00,60000.0,1839
2021-11-01 04:00:00,59444.0,1840
2021-11-01 19:00:00,60325.0,1841
2021-11-02 00:30:00,60667.0,1842
2021-11-02 08:00:00,61383.0,1843
2021-11-02 23:15:00,62700.0,1844
2021-11-03 04:45:00,62802.0,1845
2021-11-03 14:00:00,61600.0,1846
2021-11-03 18:00:00,60077.0,1847
2021-11-04 02:00:00,62286.5,1848
2021-11-04 11:30:00,61300.0,1849
2021-11-04 19:00:00,60628.0,1850
2021-11-04 22:00:00,61050.0,1851
2021-11-05 00:45:00,60898.0,1852
2021-11-05 16:00:00,60764.0,1853
2021-11-05 20:30:00,60813.0,1854
2021-11-06 00:00:00,60900.0,1855
2021-11-06 02:45:00,60982.5,1856
2021-11-06 07:15:00,60415.0,1857
2021-11-06 12:15:00,60150.0,1858
2021-11-07 09:30:00,61502.0,1859
2021-11-08 14:30:00,65238.5,1860
2021-11-08 20:00:00,65439.0,1861
2021-11-09 07:45:00,67655.0,1862
2021-11-09 17:00:00,66250.0,1863
2021-11-09 23:45:00,66750.5,1864
2021-11-10 04:00:00,66337.0,1865
2021-11-10 13:30:00,65600.0,1866
2021-11-10 21:15:00,62512.5,1867
2021-11-11 02:30:00,64127.0,1868
2021-11-11 14:00:00,64454.5,1869
2021-11-11 18:30:00,64602.0,1870
2021-11-12 01:15:00,64075.0,1871
2021-11-12 22:45:00,63754.0,1872
2021-11-13 02:45:00,63628.0,1873
2021-11-13 05:30:00,63550.0,1874
2021-11-13 10:00:00,63409.5,1875
2021-11-13 19:00:00,63838.0,1876
2021-11-14 05:15:00,64500.0,1877
2021-11-14 08:30:00,64120.0,1878
2021-11-14 16:45:00,63650.0,1879
2021-11-15 08:15:00,65342.0,1880
2021-11-15 21:00:00,63333.0,1881
2021-11-16 10:00:00,58500.0,1882
2021-11-16 20:45:00,59139.0,1883
2021-11-17 03:15:00,58551.5,1884
2021-11-17 10:30:00,58350.0,1885
2021-11-17 15:15:00,59377.0,1886
2021-11-17 22:15:00,59681.0,1887
2021-11-18 10:15:00,59028.0,1888
2021-11-18 17:00:00,56550.0,1889
2021-11-18 23:00:00,56483.0,1890
2021-11-19 03:45:00,55665.5,1891
2021-11-19 07:45:00,55905.5,1892
2021-11-19 11:15:00,56540.0,1893
2021-11-19 21:00:00,57564.0,1894
2021-11-20 05:15:00,58300.0,1895
2021-11-20 16:15:00,57291.5,1896
2021-11-21 05:00:00,58599.0,1897
2021-11-21 10:30:00,58532.0,1898
2021-11-21 19:15:00,59209.0,1899
2021-11-22 05:00:00,56735.0,1900
2021-11-22 10:00:00,57020.0,1901
2021-11-22 13:15:00,56601.0,1902
2021-11-22 21:00:00,55614.0,1903
2021-11-23 09:30:00,55300.0,1904
2021-11-24 02:45:00,56125.0,1905
2021-11-24 06:15:00,56274.5,1906
2021-11-24 14:15:00,55935.0,1907
2021-11-25 05:30:00,57041.5,1908
2021-11-25 19:15:00,58710.0,1909
2021-11-25 22:15:00,58555.0,1910
2021-11-26 12:00:00,53563.0,1911
2021-11-26 18:15:00,53963.0,1912
2021-11-26 23:45:00,53570.5,1913
2021-11-27 06:00:00,54250.0,1914
2021-11-27 21:15:00,54048.0,1915
2021-11-28 02:30:00,53755.0,1916
2021-11-28 09:15:00,54177.5,1917
2021-11-28 18:30:00,53122.0,1918
2021-11-29 03:15:00,57231.0,1919
2021-11-29 09:45:00,56686.5,1920
2021-11-29 15:30:00,56874.0,1921
2021-11-29 20:00:00,57720.0,1922
2021-11-30 06:15:00,55900.0,1923
2021-11-30 17:00:00,56506.5,1924
2021-12-01 00:00:00,56700.0,1925
2021-12-01 06:00:00,56743.5,1926
2021-12-01 09:00:00,56791.0,1927
2021-12-01 21:00:00,56447.0,1928
2021-12-02 03:15:00,55800.0,1929
2021-12-02 12:15:00,56082.0,1930
2021-12-02 16:45:00,56072.0,1931
2021-12-02 23:45:00,56365.5,1932
2021-12-03 02:45:00,56125.0,1933
2021-12-03 09:15:00,56500.0,1934
2021-12-03 20:15:00,51111.0,1935
2021-12-04 05:15:00,40829.0,1936
2021-12-04 11:30:00,46109.0,1937
2021-12-04 21:45:00,48486.0,1938
2021-12-05 00:30:00,48315.0,1939
2021-12-05 09:15:00,48699.0,1940
2021-12-05 15:45:00,47736.0,1941
2021-12-05 19:15:00,48247.0,1942
2021-12-06 01:30:00,48294.0,1943
2021-12-06 09:30:00,47020.0,1944
2021-12-06 14:30:00,47800.0,1945
2021-12-06 20:45:00,48723.0,1946
2021-12-07 08:00:00,50784.0,1947
2021-12-07 12:15:00,50529.5,1948
2021-12-07 22:45:00,50011.0,1949
2021-12-08 04:30:00,50090.0,1950
2021-12-08 12:15:00,48514.0,1951
2021-12-08 18:00:00,50034.0,1952
2021-12-08 22:45:00,50070.0,1953
2021-12-09 03:45:00,49412.5,1954
2021-12-09 09:30:00,48778.5,1955
2021-12-09 15:30:00,48050.0,1956
2021-12-09 20:30:00,47315.5,1957
2021-12-10 00:00:00,47434.5,1958
2021-12-10 07:45:00,47568.5,1959
2021-12-10 16:15:00,47218.0,1960
2021-12-11 07:30:00,47750.5,1961
2021-12-11 14:00:00,48156.5,1962
2021-12-11 19:45:00,48357.0,1963
2021-12-12 04:45:00,48801.0,1964
2021-12-12 10:00:00,48606.0,1965
2021-12-13 01:15:00,48347.5,1966
2021-12-13 08:00:00,48000.0,1967
2021-12-13 16:15:00,46388.5,1968
2021-12-13 19:30:00,45502.0,1969
2021-12-14 00:15:00,46251.5,1970
2021-12-14 06:30:00,46320.0,1971
2021-12-14 18:30:00,46450.0,1972
2021-12-15 02:00:00,47851.5,1973
2021-12-15 07:00:00,47948.5,1974
2021-12-15 16:00:00,46543.5,1975
2021-12-15 22:45:00,48660.0,1976
2021-12-17 00:00:00,47250.0,1977
2021-12-17 07:45:00,46750.0,1978
2021-12-17 10:30:00,46700.0,1979
2021-12-17 15:15:00,45280.0,1980
2021-12-17 22:15:00,45510.0,1981
2021-12-18 02:00:00,45500.0,1982
2021-12-18 08:45:00,46193.0,1983
2021-12-18 13:45:00,46555.0,1984
2021-12-18 19:00:00,46340.0,1985
2021-12-19 01:15:00,46421.0,1986
2021-12-19 10:15:00,46828.0,1987
2021-12-19 19:15:00,46425.5,1988
2021-12-20 00:00:00,46119.5,1989
2021-12-20 14:15:00,45479.5,1990
2021-12-21 01:15:00,46658.5,1991
2021-12-21 15:30:00,48280.0,1992
2021-12-21 19:45:00,48350.0,1993
2021-12-22 01:00:00,48613.5,1994
2021-12-22 05:45:00,48918.5,1995
2021-12-22 13:15:00,48418.0,1996
2021-12-22 19:00:00,48526.5,1997
2021-12-23 00:30:00,48031.0,1998
2021-12-23 07:45:00,48030.0,1999
2021-12-23 23:30:00,50444.5,2000
2021-12-24 06:15:00,50760.0,2001
2021-12-24 12:00:00,50785.5,2002
2021-12-24 15:00:00,50402.0,2003
2021-12-24 23:15:00,50519.5,2004
2021-12-25 03:00:00,50716.0,2005
2021-12-25 10:45:00,50576.5,2006
2021-12-25 17:15:00,50100.0,2007
2021-12-26 02:30:00,49599.5,2008
2021-12-26 11:45:00,49283.0,2009
2021-12-26 21:00:00,49861.5,2010
2021-12-27 01:00:00,50464.5,2011
2021-12-27 09:00:00,50533.5,2012
2021-12-27 12:15:00,50601.5,2013
2021-12-28 04:15:00,48400.0,2014
2021-12-28 10:00:00,48638.0,2015
2021-12-28 14:30:00,48143.0,2016
2021-12-28 19:00:00,47315.0,2017
2021-12-28 22:30:00,47312.0,2018
2021-12-29 09:15:00,47420.0,2019
2021-12-29 13:15:00,46511.0,2020
2021-12-29 19:45:00,47030.0,2021
2021-12-29 23:15:00,45807.5,2022
2021-12-30 09:45:00,46681.0,2023
2021-12-30 16:00:00,47057.5,2024
2021-12-30 22:30:00,46688.0,2025
2021-12-31 02:15:00,46800.0,2026
2021-12-31 07:45:00,46845.5,2027
2021-12-31 19:45:00,45634.0,2028
2022-01-01 04:00:00,46500.0,2029
2022-01-01 10:30:00,46718.5,2030
2022-01-01 22:00:00,47188.5,2031
2022-01-02 04:45:00,46791.5,2032
2022-01-02 12:00:00,46990.0,2033
2022-01-02 18:30:00,46600.0,2034
2022-01-03 03:30:00,46710.0,2035
2022-01-03 09:15:00,46810.0,2036
2022-01-03 16:15:00,46286.0,2037
2022-01-03 20:30:00,45700.0,2038
2022-01-04 02:00:00,45950.0,2039
2022-01-04 09:45:00,46301.0,2040
2022-01-04 13:15:00,46423.0,2041
2022-01-04 18:45:00,45500.0,2042
2022-01-05 00:00:00,45755.0,2043
2022-01-05 05:30:00,46255.0,2044
2022-01-05 12:30:00,45910.5,2045
2022-01-05 22:30:00,42444.0,2046
2022-01-06 04:30:00,42610.0,2047
2022-01-06 09:45:00,42179.0,2048
2022-01-07 04:30:00,40952.5,2049
2022-01-07 15:45:00,40517.5,2050
2022-01-07 19:00:00,41540.0,2051
2022-01-07 23:15:00,41327.0,2052
2022-01-08 03:15:00,41660.0,2053
2022-01-08 06:45:00,41753.5,2054
2022-01-08 19:00:00,40550.0,2055
2022-01-09 10:15:00,41434.5,2056
2022-01-09 15:15:00,41076.0,2057
2022-01-10 01:00:00,41604.0,2058
2022-01-10 14:30:00,39655.0,2059
2022-01-10 17:30:00,40559.5,2060
2022-01-11 05:15:00,41975.0,2061
2022-01-11 10:45:00,41589.0,2062
2022-01-11 14:30:00,41279.0,2063
2022-01-12 02:45:00,42360.0,2064
2022-01-12 07:15:00,42463.0,2065
2022-01-12 16:15:00,43299.0,2066
2022-01-13 07:30:00,43559.5,2067
2022-01-13 11:15:00,43500.0,2068
2022-01-13 20:00:00,42303.0,2069
2022-01-14 00:00:00,42362.5,2070
2022-01-14 08:00:00,42384.0,2071
2022-01-14 12:00:00,41743.0,2072
2022-01-14 18:15:00,42781.0,2073
2022-01-15 01:30:00,42876.0,2074
2022-01-15 04:15:00,42734.0,2075
2022-01-15 09:30:00,42888.5,2076
2022-01-15 12:30:00,42563.0,2077
2022-01-16 02:30:00,42790.0,2078
2022-01-16 13:30:00,42601.0,2079
2022-01-16 20:00:00,42750.0,2080
2022-01-17 05:00:00,42295.0,2081
2022-01-17 12:15:00,42446.5,2082
2022-01-17 18:15:00,41861.5,2083
2022-01-17 22:15:00,41550.0,2084
2022-01-18 04:15:00,41839.0,2085
2022-01-18 09:15:00,41400.0,2086
2022-01-18 14:30:00,41300.0,2087
2022-01-18 18:30:00,41402.5,2088
2022-01-19 00:45:00,42169.5,2089
2022-01-19 03:45:00,41566.5,2090
2022-01-19 07:30:00,41140.0,2091
2022-01-19 16:00:00,41700.0,2092
2022-01-19 20:30:00,41581.5,2093
2022-01-20 00:00:00,41628.5,2094
2022-01-20 05:15:00,41790.0,2095
2022-01-20 09:15:00,41830.5,2096
2022-01-20 12:15:00,41946.5,2097
2022-01-21 03:30:00,38220.0,2098
2022-01-21 06:45:00,38533.0,2099
2022-01-21 12:30:00,37605.5,2100
2022-01-21 22:45:00,35378.0,2101
2022-01-22 10:00:00,33960.0,2102
2022-01-22 18:00:00,34227.0,2103
2022-01-23 03:15:00,34827.0,2104
2022-01-23 14:45:00,35031.0,2105
2022-01-23 19:45:00,34601.0,2106
2022-01-24 13:00:00,32906.0,2107
2022-01-25 01:15:00,35945.0,2108
2022-01-25 07:15:00,35701.0,2109
2022-01-25 12:15:00,36190.0,2110
2022-01-25 15:00:00,35944.0,2111
2022-01-25 21:30:00,36406.0,2112
2022-01-26 07:00:00,37129.5,2113
2022-01-26 13:00:00,37599.0,2114
2022-01-26 22:00:00,36250.0,2115
2022-01-27 03:45:00,35490.5,2116
2022-01-27 08:30:00,35795.0,2117
2022-01-27 21:00:00,35549.0,2118
2022-01-28 02:00:00,36607.0,2119
2022-01-28 12:30:00,36172.5,2120
2022-01-28 17:45:00,36752.5,2121
2022-01-29 01:30:00,37437.5,2122
2022-01-29 06:00:00,37588.5,2123
2022-01-29 09:00:00,37566.0,2124
2022-01-29 15:45:00,37256.0,2125
2022-01-30 00:30:00,37730.0,2126
2022-01-30 09:15:00,37789.5,2127
2022-01-30 14:15:00,37724.0,2128
2022-01-30 20:00:00,37320.0,2129
2022-01-31 02:00:00,36632.0,2130
2022-01-31 13:00:00,36781.0,2131
2022-01-31 20:15:00,38178.5,2132
2022-02-01 01:45:00,38111.0,2133
2022-02-01 06:15:00,38253.0,2134
2022-02-01 10:15:00,37969.5,2135
2022-02-01 15:00:00,38155.5,2136
2022-02-01 19:15:00,38325.0,2137
2022-02-02 01:30:00,38349.0,2138
2022-02-02 06:45:00,38205.5,2139
2022-02-02 16:15:00,37080.0,2140
2022-02-02 21:30:00,36500.0,2141
2022-02-03 02:00:00,36634.5,2142
2022-02-03 10:15:00,36200.5,2143
2022-02-03 20:45:00,36276.0,2144
2022-02-04 10:30:00,37769.0,2145
2022-02-04 14:00:00,37310.0,2146
2022-02-04 22:00:00,40361.0,2147
2022-02-05 09:45:00,41206.5,2148
2022-02-05 17:00:00,40919.0,2149
2022-02-05 23:45:00,41320.0,2150
2022-02-06 04:15:00,41320.5,2151
2022-02-06 11:45:00,41455.5,2152
2022-02-06 15:00:00,41110.0,2153
2022-02-06 18:45:00,41410.5,2154
2022-02-06 23:00:00,41470.0,2155
2022-02-07 09:30:00,42213.0,2156
2022-02-08 00:15:00,43544.5,2157
2022-02-08 09:15:00,43501.0,2158
2022-02-08 17:30:00,42650.0,2159
2022-02-09 02:30:00,43100.5,2160
2022-02-09 05:15:00,43122.0,2161
2022-02-09 08:30:00,43191.0,2162
2022-02-09 16:00:00,43490.0,2163
2022-02-10 03:00:00,43526.0,2164
2022-02-10 14:00:00,43150.0,2165
2022-02-11 00:45:00,42570.0,2166
2022-02-11 06:00:00,42810.0,2167
2022-02-11 09:00:00,42856.0,2168
2022-02-11 19:00:00,42050.0,2169
2022-02-11 23:00:00,41900.0,2170
2022-02-12 03:15:00,42169.0,2171
2022-02-12 06:45:00,41748.0,2172
2022-02-12 11:15:00,41825.0,2173
2022-02-12 14:30:00,41800.0,2174
2022-02-12 21:30:00,41630.0,2175
2022-02-13 10:00:00,42230.0,2176
2022-02-13 14:30:00,42125.0,2177
2022-02-13 18:30:00,41823.0,2178
2022-02-14 01:30:00,41566.5,2179
2022-02-14 06:00:00,41727.5,2180
2022-02-14 10:00:00,41941.5,2181
2022-02-14 15:30:00,42350.0,2182
2022-02-14 19:15:00,41791.5,2183
2022-02-15 05:00:00,43367.0,2184
2022-02-15 13:30:00,44024.5,2185
2022-02-15 17:15:00,43848.0,2186
2022-02-15 21:30:00,43925.5,2187
2022-02-16 04:15:00,43658.0,2188
2022-02-16 10:15:00,43868.0,2189
2022-02-16 14:45:00,43265.0,2190
2022-02-16 23:45:00,43803.0,2191
2022-02-17 04:00:00,43350.0,2192
2022-02-17 09:15:00,42843.5,2193
2022-02-17 18:15:00,40720.0,2194
2022-02-17 21:15:00,40009.5,2195
2022-02-18 00:15:00,40220.0,2196
2022-02-18 05:00:00,40487.0,2197
2022-02-18 16:00:00,39438.5,2198
2022-02-18 22:15:00,39736.0,2199
2022-02-19 03:30:00,40046.5,2200
2022-02-19 11:30:00,39557.0,2201
2022-02-19 21:15:00,39798.0,2202
2022-02-20 09:00:00,37917.0,2203
2022-02-20 14:15:00,38007.5,2204
2022-02-20 21:30:00,38040.0,2205
2022-02-21 03:45:00,38811.0,2206
2022-02-21 13:00:00,37162.0,2207
2022-02-21 18:15:00,37534.5,2208
2022-02-21 22:00:00,36751.0,2209
2022-02-22 03:15:00,36312.5,2210
2022-02-22 07:15:00,36501.0,2211
2022-02-22 17:15:00,37341.0,2212
2022-02-22 22:30:00,37727.5,2213
2022-02-23 02:30:00,37527.0,2214
2022-02-24 05:45:00,34242.5,2215
2022-02-24 10:15:00,34760.0,2216
2022-02-24 22:45:00,37748.0,2217
2022-02-25 05:00:00,38261.5,2218
2022-02-25 09:15:00,37959.5,2219
2022-02-25 15:00:00,38655.0,2220
2022-02-25 18:00:00,38488.0,2221
2022-02-26 05:45:00,38950.0,2222
2022-02-26 09:15:00,38556.0,2223
2022-02-26 18:15:00,38780.0,2224
2022-02-27 02:00:00,38169.5,2225
2022-02-27 05:00:00,38440.0,2226
2022-02-27 13:45:00,38431.5,2227
2022-02-27 21:15:00,36922.0,2228
2022-02-28 06:00:00,37445.0,2229
2022-02-28 10:00:00,38060.5,2230
2022-02-28 13:15:00,37845.0,2231
2022-03-01 03:15:00,42850.0,2232
2022-03-01 10:00:00,42811.0,2233
2022-03-01 16:45:00,43202.0,2234
2022-03-02 01:15:00,43800.0,2235
2022-03-02 07:15:00,43651.5,2236
2022-03-02 13:30:00,43334.0,2237
2022-03-02 19:15:00,43407.5,2238
2022-03-03 06:00:00,42899.5,2239
2022-03-03 10:30:00,43057.5,2240
2022-03-03 20:45:00,41811.5,2241
2022-03-04 01:00:00,41055.0,2242
2022-03-04 04:15:00,41100.0,2243
2022-03-04 08:30:00,40802.0,2244
2022-03-04 16:00:00,40366.0,2245
2022-03-04 22:30:00,38506.0,2246
2022-03-05 04:30:00,38694.0,2247
2022-03-05 10:00:00,38772.0,2248
2022-03-05 13:30:00,38880.0,2249
2022-03-05 22:15:00,39261.5,2250
2022-03-06 04:00:00,38780.0,2251
2022-03-06 11:00:00,38088.0,2252
2022-03-06 19:45:00,38454.0,2253
2022-03-07 02:45:00,37561.0,2254
2022-03-07 20:00:00,37139.0,2255
2022-03-08 06:30:00,38000.5,2256
2022-03-08 16:30:00,38070.0,2257
2022-03-08 21:30:00,38388.5,2258
2022-03-09 13:45:00,41655.0,2259
2022-03-09 21:00:00,41661.0,2260
2022-03-10 05:45:00,38722.0,2261
2022-03-10 13:30:00,38486.0,2262
2022-03-10 22:00:00,39051.5,2263
2022-03-11 02:00:00,38202.0,2264
2022-03-11 11:00:00,38759.0,2265
2022-03-11 16:00:00,38571.0,2266
2022-03-11 20:45:00,38323.0,2267
2022-03-12 00:00:00,38631.5,2268
2022-03-12 04:00:00,38943.0,2269
2022-03-12 08:15:00,38967.0,2270
2022-03-12 14:30:00,38659.0,2271
2022-03-12 18:15:00,38912.0,2272
2022-03-13 00:00:00,38702.5,2273
2022-03-13 12:15:00,38365.0,2274
2022-03-14 00:00:00,37527.0,2275
2022-03-14 13:15:00,38566.0,2276
2022-03-14 18:30:00,38413.5,2277
2022-03-15 03:30:00,38500.0,2278
2022-03-15 07:00:00,38100.0,2279
2022-03-15 13:30:00,38456.0,2280
2022-03-16 03:30:00,38750.0,2281
2022-03-16 18:30:00,39231.0,2282
2022-03-16 23:00:00,40760.0,2283
2022-03-17 07:45:00,40527.0,2284
2022-03-17 10:30:00,40400.0,2285
2022-03-17 17:00:00,40555.0,2286
2022-03-17 20:15:00,40638.0,2287
2022-03-18 00:45:00,40214.0,2288
2022-03-18 11:30:00,40105.0,2289
2022-03-19 03:45:00,41460.0,2290
2022-03-19 07:45:00,41520.0,2291
2022-03-19 14:00:00,41650.0,2292
2022-03-19 22:15:00,41710.0,2293
2022-03-20 01:30:00,41761.0,2294
2022-03-20 05:30:00,41750.0,2295
2022-03-20 12:00:00,41314.0,2296
2022-03-21 02:30:00,40473.5,2297
2022-03-21 07:00:00,40727.5,2298
2022-03-21 17:00:00,40725.0,2299
2022-03-22 00:30:00,40860.0,2300
2022-03-22 06:45:00,41991.0,2301
2022-03-22 16:45:00,42461.5,2302
2022-03-22 19:45:00,42210.0,2303
2022-03-23 01:00:00,41855.0,2304
2022-03-23 04:15:00,41697.5,2305
2022-03-23 11:15:00,41850.0,2306
2022-03-23 18:15:00,42025.0,2307
2022-03-24 02:15:00,42621.0,2308
2022-03-24 09:30:00,42800.0,2309
2022-03-24 13:30:00,42556.0,2310
2022-03-24 21:00:00,43779.0,2311
2022-03-25 03:15:00,43862.0,2312
2022-03-25 08:00:00,43556.0,2313
2022-03-25 17:00:00,44010.0,2314
2022-03-26 01:00:00,44050.0,2315
2022-03-26 16:15:00,44128.5,2316
2022-03-26 21:30:00,44211.0,2317
2022-03-27 04:30:00,44512.0,2318
2022-03-27 13:00:00,44418.0,2319
2022-03-27 20:15:00,44655.0,2320
2022-03-28 06:00:00,46721.5,2321
2022-03-28 16:15:00,47273.5,2322
2022-03-28 23:45:00,46802.5,2323
2022-03-29 04:00:00,47286.0,2324
2022-03-29 08:00:00,47318.0,2325
2022-03-29 16:00:00,47100.0,2326
2022-03-29 22:30:00,46917.0,2327
2022-03-30 01:30:00,46501.0,2328
2022-03-30 08:00:00,47196.0,2329
2022-03-30 14:00:00,46873.0,2330
2022-03-30 19:45:00,46801.0,2331
2022-03-31 05:00:00,46907.5,2332
2022-03-31 19:45:00,45439.0,2333
2022-04-01 02:45:00,44202.0,2334
2022-04-01 12:15:00,44650.0,2335
2022-04-01 20:45:00,46050.0,2336
2022-04-02 00:00:00,46077.0,2337
2022-04-02 12:00:00,46210.0,2338
2022-04-02 18:00:00,45608.0,2339
2022-04-03 01:15:00,45501.0,2340
2022-04-03 11:00:00,46080.0,2341
2022-04-03 16:15:00,46197.0,2342
2022-04-04 01:30:00,45731.0,2343
2022-04-04 10:30:00,45782.5,2344
2022-04-04 17:30:00,45050.0,2345
2022-04-05 06:45:00,46561.5,2346
2022-04-05 10:00:00,46510.0,2347
2022-04-05 16:00:00,45570.5,2348
2022-04-05 19:15:00,45406.0,2349
2022-04-06 00:15:00,44304.0,2350
2022-04-06 04:00:00,45110.0,2351
2022-04-06 18:15:00,43127.0,2352
2022-04-07 00:45:00,42703.5,2353
2022-04-07 09:15:00,43228.5,2354
2022-04-07 15:30:00,42990.0,2355
2022-04-07 21:15:00,43178.0,2356
2022-04-08 00:45:00,43300.0,2357
2022-04-08 07:30:00,43394.0,2358
2022-04-08 13:30:00,42750.0,2359
2022-04-08 18:00:00,42346.0,2360
2022-04-08 23:00:00,42090.0,2361
2022-04-09 03:00:00,42121.5,2362
2022-04-09 07:30:00,42345.0,2363
2022-04-09 10:30:00,42303.0,2364
2022-04-09 15:45:00,42163.5,2365
2022-04-09 21:00:00,42359.0,2366
2022-04-10 10:00:00,42430.0,2367
2022-04-11 00:15:00,41580.0,2368
2022-04-11 22:00:00,39171.5,2369
2022-04-12 02:15:00,39216.0,2370
2022-04-12 14:15:00,39773.0,2371
2022-04-12 20:00:00,39241.0,2372
2022-04-13 06:45:00,39820.0,2373
2022-04-13 13:00:00,39600.0,2374
2022-04-13 23:00:00,41050.0,2375
2022-04-14 19:00:00,39521.0,2376
2022-04-15 00:45:00,39746.0,2377
2022-04-15 07:15:00,39923.0,2378
2022-04-15 14:15:00,39854.0,2379
2022-04-15 19:00:00,40229.5,2380
2022-04-16 09:30:00,40264.0,2381
2022-04-16 15:45:00,39972.5,2382
2022-04-17 02:45:00,40120.0,2383
2022-04-17 07:30:00,40222.0,2384
2022-04-17 14:00:00,40193.5,2385
2022-04-17 18:00:00,39772.5,2386
2022-04-17 23:30:00,39520.5,2387
2022-04-18 05:00:00,38466.5,2388
2022-04-18 09:00:00,38765.0,2389
2022-04-18 16:00:00,38990.0,2390
2022-04-19 02:45:00,40580.0,2391
2022-04-19 07:15:00,40533.0,2392
2022-04-19 17:15:00,41139.0,2393
2022-04-19 20:30:00,41200.5,2394
2022-04-20 01:15:00,41209.0,2395
2022-04-20 04:30:00,41255.0,2396
2022-04-20 18:30:00,40867.0,2397
2022-04-20 23:30:00,41245.0,2398
2022-04-21 06:00:00,41405.0,2399
2022-04-21 22:30:00,39588.0,2400
2022-04-22 10:00:00,40118.5,2401
2022-04-22 18:00:00,39007.0,2402
2022-04-23 04:15:00,39261.0,2403
2022-04-23 09:30:00,39476.5,2404
2022-04-23 18:45:00,39647.5,2405
2022-04-23 23:30:00,39305.0,2406
2022-04-24 13:30:00,39351.0,2407
2022-04-24 16:45:00,38831.0,2408
2022-04-24 21:00:00,39424.0,2409
2022-04-25 00:45:00,38634.0,2410
2022-04-25 07:00:00,38072.0,2411
2022-04-26 02:30:00,40366.5,2412
2022-04-26 07:00:00,40381.5,2413
2022-04-26 20:00:00,37668.5,2414
2022-04-26 23:15:00,37700.0,2415
2022-04-27 11:15:00,38592.0,2416
2022-04-27 14:30:00,38377.5,2417
2022-04-27 19:15:00,38655.0,2418
2022-04-28 05:45:00,39196.0,2419
2022-04-28 14:00:00,38863.5,2420
2022-04-28 22:15:00,39575.0,2421
2022-04-29 03:00:00,39180.0,2422
2022-04-29 06:00:00,39318.0,2423
2022-04-29 11:30:00,38596.5,2424
2022-04-29 19:45:00,38162.0,2425
2022-04-30 04:30:00,38470.0,2426
2022-04-30 08:30:00,38530.0,2427
2022-04-30 15:00:00,38129.0,2428
2022-05-01 01:30:00,37351.0,2429
2022-05-01 12:00:00,37820.0,2430
2022-05-01 20:00:00,37634.0,2431
2022-05-02 13:30:00,38230.0,2432
2022-05-02 18:00:00,38005.0,2433
2022-05-03 02:30:00,38320.0,2434
2022-05-03 19:30:00,37500.0,2435
2022-05-04 14:00:00,38648.0,2436
2022-05-04 18:30:00,38575.5,2437
2022-05-05 00:15:00,39546.0,2438
2022-05-05 09:30:00,39411.0,2439
2022-05-05 15:00:00,36190.0,2440
2022-05-05 19:15:00,35511.0,2441
2022-05-06 01:15:00,36121.5,2442
2022-05-06 07:30:00,35800.0,2443
2022-05-06 13:30:00,35200.0,2444
2022-05-06 17:45:00,35810.0,2445
2022-05-07 03:30:00,35711.5,2446
2022-05-07 13:15:00,35846.0,2447
2022-05-07 22:45:00,34744.0,2448
2022-05-08 03:00:00,34155.0,2449
2022-05-08 14:00:00,34275.0,2450
2022-05-08 17:00:00,33666.0,2451
2022-05-09 02:45:00,33255.0,2452
2022-05-09 10:45:00,32600.5,2453
2022-05-09 18:30:00,30300.5,2454
2022-05-10 00:30:00,29711.0,2455
2022-05-10 04:00:00,30603.0,2456
2022-05-10 10:15:00,31219.5,2457
2022-05-10 15:00:00,30837.5,2458
2022-05-10 22:00:00,30136.5,2459
2022-05-11 02:00:00,30618.5,2460
2022-05-11 07:30:00,30200.0,2461
2022-05-11 12:45:00,29000.0,2462
2022-05-11 21:15:00,27600.0,2463
2022-05-12 07:15:00,26536.0,2464
2022-05-12 13:30:00,27888.5,2465
2022-05-12 18:45:00,28158.5,2466
2022-05-12 21:30:00,28000.0,2467
2022-05-13 10:15:00,30140.5,2468
2022-05-13 18:00:00,29351.0,2469
2022-05-13 23:30:00,29181.0,2470
2022-05-14 04:45:00,29200.0,2471
2022-05-14 16:00:00,28597.5,2472
2022-05-14 20:45:00,29257.5,2473
2022-05-15 04:30:00,29409.0,2474
2022-05-15 08:45:00,29500.0,2475
2022-05-15 14:30:00,29761.0,2476
2022-05-16 07:15:00,29216.0,2477
2022-05-16 10:00:00,29380.0,2478
2022-05-16 16:45:00,29050.0,2479
2022-05-17 01:30:00,29759.5,2480
2022-05-17 11:30:00,30252.5,2481
2022-05-17 18:15:00,29400.0,2482
2022-05-18 03:45:00,29717.0,2483
2022-05-18 07:00:00,29658.0,2484
2022-05-18 16:00:00,28715.0,2485
2022-05-18 23:45:00,28633.0,2486
2022-05-19 05:30:00,29011.5,2487
2022-05-19 09:30:00,28835.0,2488
2022-05-19 20:00:00,29935.0,2489
2022-05-20 06:30:00,29840.5,2490
2022-05-20 17:15:00,28708.0,2491
2022-05-21 01:15:00,28920.5,2492
2022-05-21 11:30:00,29151.0,2493
2022-05-21 22:00:00,29294.5,2494
2022-05-22 04:15:00,29220.5,2495
2022-05-22 15:15:00,29661.5,2496
2022-05-23 02:30:00,30035.5,2497
2022-05-23 08:45:00,30275.0,2498
2022-05-23 14:00:00,29941.5,2499
2022-05-23 20:00:00,29000.0,2500
2022-05-23 23:15:00,28839.0,2501
2022-05-24 09:00:00,29098.5,2502
2022-05-24 14:00:00,28659.0,2503
2022-05-24 18:45:00,29090.0,2504
2022-05-25 08:00:00,29551.0,2505
2022-05-25 12:30:00,29324.0,2506
2022-05-25 16:30:00,29405.0,2507
2022-05-26 00:00:00,29480.0,2508
2022-05-26 09:00:00,28861.5,2509
2022-05-26 13:15:00,27950.0,2510
2022-05-26 20:00:00,29276.0,2511
2022-05-27 02:00:00,28824.5,2512
2022-05-27 06:00:00,28611.5,2513
2022-05-27 10:45:00,28775.0,2514
2022-05-27 18:15:00,28256.5,2515
2022-05-27 23:30:00,28507.0,2516
2022-05-28 09:45:00,28752.0,2517
2022-05-28 17:15:00,28777.5,2518
2022-05-29 02:00:00,28838.5,2519
2022-05-29 09:15:00,28946.5,2520
2022-05-29 15:00:00,29152.0,2521
2022-05-29 19:15:00,29075.0,2522
2022-05-30 13:15:00,30230.5,2523
2022-05-30 20:00:00,30536.0,2524
2022-05-31 00:45:00,31420.5,2525
2022-05-31 06:45:00,31427.5,2526
2022-05-31 09:45:00,31482.5,2527
2022-05-31 14:00:00,31216.0,2528
2022-05-31 19:45:00,31547.5,2529
2022-06-01 04:00:00,31370.0,2530
2022-06-01 11:15:00,31423.5,2531
2022-06-01 17:15:00,29859.0,2532
2022-06-01 20:30:00,29291.0,2533
2022-06-02 04:15:00,29637.5,2534
2022-06-02 13:15:00,29584.5,2535
2022-06-02 18:45:00,29955.5,2536
2022-06-03 14:45:00,29250.0,2537
2022-06-04 02:30:00,29466.0,2538
2022-06-04 14:00:00,29468.0,2539
2022-06-05 01:15:00,29660.5,2540
2022-06-05 09:30:00,29509.5,2541
2022-06-05 14:00:00,29615.0,2542
2022-06-05 21:00:00,29800.0,2543
2022-06-06 17:15:00,31033.0,2544
2022-06-07 02:15:00,29119.5,2545
2022-06-07 11:00:00,29325.0,2546
2022-06-07 22:45:00,30302.5,2547
2022-06-08 03:30:00,29818.0,2548
2022-06-08 13:00:00,30038.0,2549
2022-06-08 18:30:00,29898.5,2550
2022-06-09 02:00:00,30043.5,2551
2022-06-09 13:30:00,29896.0,2552
2022-06-09 20:00:00,29958.5,2553
2022-06-10 00:15:00,29495.5,2554
2022-06-10 09:45:00,29841.0,2555
2022-06-10 16:15:00,28816.0,2556
2022-06-10 23:15:00,29010.0,2557
2022-06-11 16:15:00,28035.0,2558
2022-06-11 20:45:00,28366.5,2559
2022-06-12 05:30:00,27161.0,2560
2022-06-12 10:00:00,27325.5,2561
2022-06-12 14:15:00,26847.0,2562
2022-06-13 03:15:00,24867.0,2563
2022-06-13 14:45:00,22560.5,2564
2022-06-14 01:45:00,20818.5,2565
2022-06-14 11:45:00,21703.0,2566
2022-06-14 21:45:00,21316.5,2567
2022-06-15 09:30:00,20071.0,2568
2022-06-15 18:00:00,20190.0,2569
2022-06-16 10:30:00,20849.0,2570
2022-06-16 14:00:00,20744.0,2571
2022-06-16 23:15:00,20228.0,2572
2022-06-17 04:00:00,20312.0,2573
2022-06-17 14:30:00,20386.0,2574
2022-06-17 19:00:00,20423.0,2575
2022-06-17 22:30:00,20350.0,2576
2022-06-18 02:00:00,20300.0,2577
2022-06-18 08:15:00,18675.0,2578
2022-06-18 20:30:00,17600.0,2579
2022-06-19 02:30:00,18203.5,2580
2022-06-19 05:15:00,17953.0,2581
2022-06-19 13:45:00,19133.0,2582
2022-06-20 01:45:00,19624.0,2583
2022-06-20 05:15:00,19755.0,2584
2022-06-20 12:30:00,20355.0,2585
2022-06-20 18:00:00,19813.0,2586
2022-06-21 02:30:00,20336.0,2587
2022-06-21 12:00:00,20841.0,2588
2022-06-21 20:15:00,20661.5,2589
2022-06-22 06:30:00,19928.0,2590
2022-06-22 12:45:00,20101.0,2591
2022-06-22 16:00:00,19824.0,2592
2022-06-22 20:30:00,19703.0,2593
2022-06-23 04:00:00,20146.5,2594
2022-06-23 17:00:00,20160.0,2595
2022-06-24 07:15:00,20728.5,2596
2022-06-24 16:30:00,20782.5,2597
2022-06-25 00:00:00,21107.5,2598
2022-06-25 06:00:00,21173.5,2599
2022-06-25 12:15:00,21033.0,2600
2022-06-25 15:45:00,20900.0,2601
2022-06-26 02:45:00,21241.0,2602
2022-06-26 06:15:00,21320.5,2603
2022-06-26 18:15:00,21124.0,2604
2022-06-27 01:00:00,20919.0,2605
2022-06-27 14:00:00,20581.5,2606
2022-06-27 18:00:00,20500.0,2607
2022-06-28 02:00:00,20467.5,2608
2022-06-28 19:45:00,20190.0,2609
2022-06-29 00:00:00,20143.5,2610
2022-06-29 07:00:00,19900.5,2611
2022-06-29 11:15:00,19820.0,2612
2022-06-29 17:15:00,19927.0,2613
2022-06-30 01:15:00,19942.0,2614
2022-06-30 09:30:00,18914.0,2615
2022-06-30 13:30:00,18701.5,2616
2022-06-30 20:45:00,18601.0,2617
2022-07-01 05:15:00,19308.0,2618
2022-07-01 11:00:00,18938.0,2619
2022-07-01 19:15:00,19260.5,2620
2022-07-02 03:30:00,19056.0,2621
2022-07-02 09:15:00,18960.0,2622
2022-07-02 15:30:00,19158.0,2623
2022-07-02 20:15:00,19191.5,2624
2022-07-03 00:30:00,19164.0,2625
2022-07-03 04:45:00,18777.0,2626
2022-07-03 08:45:00,18926.0,2627
2022-07-03 13:30:00,18952.0,2628
2022-07-04 03:00:00,19039.0,2629
2022-07-04 14:00:00,19500.0,2630
2022-07-04 20:15:00,19723.0,2631
2022-07-05 02:45:00,20150.0,2632
2022-07-05 13:00:00,19262.5,2633
2022-07-06 03:00:00,19737.0,2634
2022-07-06 06:15:00,19851.0,2635
2022-07-06 12:00:00,19951.0,2636
2022-07-07 05:45:00,20248.0,2637
2022-07-07 12:30:00,20368.5,2638
2022-07-08 09:00:00,21317.0,2639
2022-07-08 12:45:00,21184.0,2640
2022-07-09 00:00:00,21400.0,2641
2022-07-09 11:45:00,21310.0,2642
2022-07-09 19:00:00,21515.0,2643
2022-07-10 02:30:00,21125.0,2644
2022-07-10 16:00:00,20652.0,2645
2022-07-11 06:00:00,20350.0,2646
2022-07-11 13:45:00,20263.0,2647
2022-07-12 00:45:00,19785.5,2648
2022-07-12 09:30:00,19555.5,2649
2022-07-12 14:00:00,19680.5,2650
2022-07-12 19:30:00,19219.5,2651
2022-07-13 04:45:00,19410.0,2652
2022-07-13 12:30:00,18867.5,2653
2022-07-13 20:15:00,19575.0,2654
2022-07-14 12:30:00,19575.0,2655
2022-07-14 21:45:00,20430.0,2656
2022-07-15 00:30:00,20365.0,2657
2022-07-15 16:15:00,20625.0,2658
2022-07-16 02:15:00,20599.5,2659
2022-07-16 06:30:00,20469.5,2660
2022-07-16 20:15:00,20910.0,2661
2022-07-17 01:30:00,21077.0,2662
2022-07-17 10:15:00,21207.0,2663
2022-07-17 17:45:00,20795.5,2664
2022-07-17 23:30:00,20745.0,2665
2022-07-18 12:15:00,21900.0,2666
2022-07-18 19:45:00,21378.0,2667
2022-07-19 04:00:00,21701.5,2668
2022-07-19 06:45:00,21582.0,2669
2022-07-19 20:00:00,23158.0,2670
2022-07-20 00:45:00,22940.0,2671
2022-07-20 09:00:00,23310.0,2672
2022-07-20 17:00:00,23415.0,2673
2022-07-20 20:15:00,22872.0,2674
2022-07-20 23:15:00,23108.0,2675
2022-07-21 04:00:00,22615.0,2676
2022-07-21 11:15:00,22456.0,2677
2022-07-21 14:30:00,22345.5,2678
2022-07-21 22:15:00,22925.0,2679
2022-07-22 04:30:00,22801.0,2680
2022-07-22 20:45:00,22487.0,2681
2022-07-23 00:00:00,22506.0,2682
2022-07-23 04:15:00,22713.0,2683
2022-07-23 12:00:00,22101.0,2684
2022-07-23 14:45:00,22015.0,2685
2022-07-23 17:45:00,21937.0,2686
2022-07-24 04:00:00,22254.5,2687
2022-07-24 12:45:00,22432.5,2688
2022-07-25 04:00:00,21735.0,2689
2022-07-25 14:15:00,21680.0,2690
2022-07-25 19:30:00,21558.0,2691
2022-07-26 03:00:00,20836.0,2692
2022-07-26 08:15:00,20976.5,2693
2022-07-26 15:30:00,20691.0,2694
2022-07-26 20:00:00,20800.5,2695
2022-07-27 03:30:00,21040.0,2696
2022-07-27 11:45:00,21121.5,2697
2022-07-28 02:00:00,22698.0,2698
2022-07-28 09:15:00,22805.5,2699
2022-07-28 12:30:00,22582.0,2700
2022-07-28 19:45:00,23662.5,2701
2022-07-29 00:15:00,23702.0,2702
2022-07-29 08:00:00,23775.0,2703
2022-07-29 13:00:00,23418.0,2704
2022-07-29 16:15:00,23604.0,2705
2022-07-29 21:45:00,23686.0,2706
2022-07-30 04:15:00,23634.0,2707
2022-07-30 10:15:00,23720.5,2708
2022-07-30 22:00:00,23506.0,2709
2022-07-31 09:00:00,23554.0,2710
2022-07-31 14:30:00,23589.0,2711
2022-07-31 18:30:00,23365.0,2712
2022-07-31 22:30:00,23224.0,2713
2022-08-01 07:15:00,23108.0,2714
2022-08-01 11:00:00,22930.0,2715
2022-08-01 18:30:00,22825.0,2716
2022-08-02 09:30:00,22640.5,2717
2022-08-02 14:00:00,22650.0,2718
2022-08-02 19:00:00,22833.0,2719
2022-08-03 01:00:00,22679.5,2720
2022-08-03 14:30:00,23177.0,2721
2022-08-03 23:15:00,22711.0,2722
2022-08-04 08:45:00,22761.0,2723
2022-08-04 12:15:00,22730.0,2724
2022-08-04 18:00:00,22350.0,2725
2022-08-05 08:45:00,23090.0,2726
2022-08-05 13:00:00,22866.0,2727
2022-08-05 18:45:00,22743.5,2728
2022-08-06 05:15:00,23120.5,2729
2022-08-06 08:30:00,23083.5,2730
2022-08-06 17:00:00,22943.5,2731
2022-08-07 00:45:00,22846.0,2732
2022-08-07 04:45:00,22927.0,2733
2022-08-07 09:15:00,22882.5,2734
2022-08-07 16:00:00,22988.0,2735
2022-08-07 19:45:00,23140.0,2736
2022-08-07 23:15:00,23048.0,2737
2022-08-08 16:30:00,23835.5,2738
2022-08-08 22:45:00,23675.5,2739
2022-08-09 02:15:00,23624.0,2740
2022-08-09 06:00:00,23744.5,2741
2022-08-09 14:00:00,22847.5,2742
2022-08-09 17:45:00,22962.0,2743
2022-08-10 00:30:00,22521.0,2744
2022-08-10 06:15:00,22835.0,2745
2022-08-10 18:45:00,23463.5,2746
2022-08-11 08:00:00,24337.5,2747
2022-08-12 00:15:00,23754.5,2748
2022-08-12 06:30:00,23865.0,2749
2022-08-12 11:30:00,23557.0,2750
2022-08-13 11:30:00,24283.0,2751
2022-08-13 20:00:00,24310.0,2752
2022-08-14 00:15:00,24334.5,2753
2022-08-14 04:30:00,24466.0,2754
2022-08-14 13:30:00,24382.0,2755
2022-08-14 18:00:00,24109.0,2756
2022-08-15 00:15:00,24154.5,2757
2022-08-15 08:15:00,23862.0,2758
2022-08-15 12:45:00,23884.5,2759
2022-08-15 19:30:00,23950.0,2760
2022-08-15 23:00:00,23760.0,2761
2022-08-16 05:15:00,23776.0,2762
2022-08-16 15:00:00,23665.0,2763
2022-08-16 22:30:00,23794.0,2764
2022-08-17 07:15:00,23650.0,2765
2022-08-17 14:45:00,23310.0,2766
2022-08-17 20:00:00,23166.0,2767
2022-08-18 04:30:00,23322.5,2768
2022-08-18 18:00:00,23229.0,2769
2022-08-19 02:00:00,22700.0,2770
2022-08-19 06:30:00,21101.0,2771
2022-08-19 19:00:00,21129.0,2772
2022-08-19 23:45:00,20754.5,2773
2022-08-20 10:00:00,21108.0,2774
2022-08-20 21:00:00,20730.0,2775
2022-08-21 06:45:00,21060.5,2776
2022-08-21 14:00:00,21294.0,2777
2022-08-21 22:00:00,21262.0,2778
2022-08-22 01:00:00,21355.0,2779
2022-08-22 08:15:00,20858.0,2780
2022-08-22 13:30:00,21062.5,2781
2022-08-22 18:45:00,20955.5,2782
2022-08-23 06:00:00,20885.0,2783
2022-08-23 13:00:00,21323.0,2784
2022-08-23 16:30:00,21339.0,2785
2022-08-23 21:15:00,21415.0,2786
2022-08-24 02:45:00,21138.5,2787
2022-08-24 07:30:00,21232.0,2788
2022-08-24 10:45:00,21257.5,2789
2022-08-25 00:15:00,21303.5,2790
2022-08-25 03:30:00,21414.5,2791
2022-08-25 16:45:00,21421.5,2792
2022-08-26 00:45:00,21424.5,2793
2022-08-26 07:00:00,21320.0,2794
2022-08-26 11:00:00,21096.5,2795
2022-08-26 16:15:00,20510.0,2796
2022-08-26 23:45:00,20085.0,2797
2022-08-27 05:00:00,19910.0,2798
2022-08-27 15:30:00,19761.0,2799
2022-08-27 22:00:00,19840.5,2800
2022-08-28 05:15:00,19931.5,2801
2022-08-28 14:15:00,19797.0,2802
2022-08-28 23:45:00,19511.0,2803
2022-08-29 05:45:00,19735.0,2804
2022-08-29 11:15:00,19759.0,2805
2022-08-29 20:00:00,20071.0,2806
2022-08-30 01:30:00,20093.5,2807
2022-08-30 16:45:00,19530.0,2808
2022-08-30 23:45:00,19731.0,2809
2022-08-31 08:30:00,20120.0,2810
2022-08-31 15:00:00,19852.0,2811
2022-08-31 17:45:00,19871.0,2812
2022-09-01 00:30:00,19908.0,2813
2022-09-01 03:45:00,19922.0,2814
2022-09-01 07:30:00,19771.0,2815
2022-09-01 16:45:00,19560.0,2816
2022-09-02 07:00:00,20032.5,2817
2022-09-02 11:15:00,19980.0,2818
2022-09-02 17:45:00,19745.5,2819
2022-09-03 03:15:00,19850.5,2820
2022-09-03 09:00:00,19711.0,2821
2022-09-03 15:45:00,19750.0,2822
2022-09-03 19:00:00,19642.0,2823
2022-09-04 03:15:00,19732.5,2824
2022-09-04 08:00:00,19585.0,2825
2022-09-04 14:00:00,19650.0,2826
2022-09-04 22:15:00,19810.0,2827
2022-09-05 05:30:00,19676.0,2828
2022-09-05 10:30:00,19623.0,2829
2022-09-05 18:30:00,19662.0,2830
2022-09-06 02:00:00,19650.0,2831
2022-09-06 14:00:00,19664.0,2832
2022-09-06 20:00:00,18617.0,2833
2022-09-07 02:15:00,18451.0,2834
2022-09-07 12:15:00,18669.5,2835
2022-09-08 01:30:00,19150.5,2836
2022-09-08 07:15:00,19054.0,2837
2022-09-08 13:00:00,19010.5,2838
2022-09-08 22:30:00,19245.5,2839
2022-09-09 18:30:00,21119.5,2840
2022-09-10 00:30:00,21157.0,2841
2022-09-10 07:45:00,21230.0,2842
2022-09-10 13:45:00,21113.0,2843
2022-09-10 20:45:00,21332.0,2844
2022-09-11 02:45:00,21432.5,2845
2022-09-11 06:30:00,21333.0,2846
2022-09-11 14:15:00,21427.5,2847
2022-09-11 20:30:00,21434.5,2848
2022-09-12 03:30:00,21530.5,2849
2022-09-12 10:00:00,21966.0,2850
2022-09-12 15:45:00,22004.0,2851
2022-09-12 21:15:00,22250.0,2852
2022-09-13 02:00:00,22058.0,2853
2022-09-13 08:45:00,22181.5,2854
2022-09-13 21:30:00,19835.0,2855
2022-09-14 07:45:00,20130.0,2856
2022-09-14 12:00:00,20063.0,2857
2022-09-14 18:15:00,19590.5,2858
2022-09-15 03:00:00,19912.5,2859
2022-09-15 15:15:00,19472.0,2860
2022-09-15 19:15:00,19661.0,2861
2022-09-15 22:45:00,19568.5,2862
2022-09-16 08:30:00,19604.5,2863
2022-09-16 13:45:00,19435.0,2864
2022-09-16 17:00:00,19315.0,2865
2022-09-17 06:30:00,19770.5,2866
2022-09-17 12:15:00,19734.0,2867
2022-09-17 21:15:00,19917.5,2868
2022-09-18 00:15:00,19949.0,2869
2022-09-18 03:45:00,19938.0,2870
2022-09-18 10:00:00,19749.0,2871
2022-09-18 18:15:00,19550.0,2872
2022-09-18 22:00:00,19333.0,2873
2022-09-19 02:45:00,18630.0,2874
2022-09-19 06:30:00,18110.0,2875
2022-09-19 18:15:00,18871.5,2876
2022-09-20 03:15:00,19161.5,2877
2022-09-20 13:30:00,18770.0,2878
2022-09-20 17:45:00,18716.0,2879
2022-09-20 23:15:00,18769.5,2880
2022-09-21 06:30:00,18788.0,2881
2022-09-21 15:15:00,19080.0,2882
2022-09-21 18:00:00,18474.0,2883
2022-09-21 22:15:00,18100.0,2884
2022-09-22 16:15:00,18764.5,2885
2022-09-22 21:45:00,19132.0,2886
2022-09-23 01:30:00,19210.5,2887
2022-09-23 14:15:00,18524.5,2888
2022-09-24 03:45:00,19021.5,2889
2022-09-24 07:00:00,18897.0,2890
2022-09-24 15:15:00,19004.5,2891
2022-09-24 22:45:00,18801.5,2892
2022-09-25 10:15:00,18972.0,2893
2022-09-25 14:00:00,18821.5,2894
2022-09-25 18:45:00,18855.0,2895
2022-09-25 22:00:00,18620.5,2896
2022-09-26 01:00:00,18706.0,2897
2022-09-26 07:00:00,18670.0,2898
2022-09-26 11:30:00,18793.0,2899
2022-09-26 16:30:00,18959.0,2900
2022-09-26 21:45:00,19051.5,2901
2022-09-27 09:15:00,20081.5,2902
2022-09-27 18:15:00,18798.5,2903
2022-09-27 22:00:00,18908.5,2904
2022-09-28 02:30:00,18453.0,2905
2022-09-28 09:15:00,18559.5,2906
2022-09-28 17:45:00,19247.0,2907
2022-09-29 02:00:00,19256.0,2908
2022-09-29 07:30:00,19258.0,2909
2022-09-29 14:15:00,18831.0,2910
2022-09-29 18:00:00,19106.5,2911
2022-09-30 03:00:00,19290.0,2912
2022-09-30 12:30:00,19135.5,2913
2022-09-30 22:00:00,19236.5,2914
2022-10-01 07:00:00,19246.0,2915
2022-10-01 11:15:00,19150.5,2916
2022-10-01 20:00:00,19192.0,2917
2022-10-02 00:45:00,19226.5,2918
2022-10-02 10:15:00,19028.0,2919
2022-10-02 14:45:00,19061.0,2920
2022-10-02 23:00:00,18890.5,2921
2022-10-03 05:00:00,19050.0,2922
2022-10-03 09:45:00,19115.5,2923
2022-10-03 13:30:00,19123.5,2924
2022-10-04 02:00:00,19482.5,2925
2022-10-04 17:15:00,19865.0,2926
2022-10-05 00:15:00,20134.0,2927
2022-10-05 04:15:00,20067.5,2928
2022-10-05 08:15:00,19980.0,2929
2022-10-05 14:15:00,19734.5,2930
2022-10-05 20:45:00,19950.0,2931
2022-10-06 10:00:00,20071.0,2932
2022-10-06 14:15:00,19871.5,2933
2022-10-06 22:00:00,19836.5,2934
2022-10-07 06:15:00,19788.5,2935
2022-10-07 12:45:00,19463.0,2936
2022-10-07 16:30:00,19318.0,2937
2022-10-07 23:30:00,19491.0,2938
2022-10-08 04:45:00,19406.5,2939
2022-10-08 08:45:00,19445.5,2940
2022-10-08 14:30:00,19412.0,2941
2022-10-08 21:30:00,19175.0,2942
2022-10-09 04:15:00,19314.0,2943
2022-10-09 08:30:00,19365.0,2944
2022-10-09 19:00:00,19300.0,2945
2022-10-09 22:15:00,19350.0,2946
2022-10-10 08:30:00,19122.0,2947
2022-10-10 16:15:00,19062.5,2948
2022-10-11 00:00:00,18939.0,2949
2022-10-11 06:00:00,19010.5,2950
2022-10-11 09:45:00,19030.0,2951
2022-10-11 14:00:00,18850.0,2952
2022-10-11 19:00:00,18915.5,2953
2022-10-12 12:30:00,18949.5,2954
2022-10-12 18:00:00,19030.0,2955
2022-10-13 02:30:00,19002.0,2956
2022-10-13 07:30:00,18952.0,2957
2022-10-13 12:30:00,18071.0,2958
2022-10-14 00:15:00,19329.5,2959
2022-10-14 09:15:00,19513.0,2960
2022-10-14 21:45:00,19061.0,2961
2022-10-15 02:00:00,19122.0,2962
2022-10-15 08:45:00,19032.5,2963
2022-10-15 13:15:00,19084.0,2964
2022-10-15 23:00:00,18962.0,2965
2022-10-16 10:30:00,19077.5,2966
2022-10-16 14:30:00,19100.0,2967
2022-10-16 18:45:00,19116.0,2968
2022-10-16 21:45:00,19091.0,2969
2022-10-17 03:00:00,19144.5,2970
2022-10-17 15:15:00,19420.5,2971
2022-10-17 18:15:00,19430.5,2972
2022-10-17 22:30:00,19465.0,2973
2022-10-18 02:45:00,19473.0,2974
2022-10-18 09:30:00,19470.0,2975
2022-10-18 15:30:00,19280.0,2976
2022-10-18 19:15:00,19080.0,2977
2022-10-19 01:00:00,19212.5,2978
2022-10-19 06:30:00,19137.0,2979
2022-10-19 13:45:00,19061.0,2980
2022-10-19 17:00:00,19090.0,2981
2022-10-20 00:45:00,18865.0,2982
2022-10-20 13:00:00,19122.0,2983
2022-10-20 20:30:00,18910.5,2984
2022-10-21 09:15:00,18877.0,2985
2022-10-21 12:00:00,18621.5,2986
2022-10-22 03:00:00,19102.0,2987
2022-10-22 18:00:00,19127.5,2988
2022-10-23 01:30:00,19158.0,2989
2022-10-23 07:15:00,19142.0,2990
2022-10-23 12:15:00,19050.0,2991
2022-10-24 01:15:00,19290.0,2992
2022-10-24 04:00:00,19262.0,2993
2022-10-24 07:00:00,19251.5,2994
2022-10-24 14:15:00,19155.0,2995
2022-10-24 17:15:00,19209.0,2996
2022-10-25 01:15:00,19223.5,2997
2022-10-25 10:00:00,19230.0,2998
2022-10-25 22:30:00,19967.0,2999
2022-10-26 05:00:00,20125.0,3000
2022-10-26 13:30:00,20335.0,3001
2022-10-26 19:00:00,20633.0,3002
2022-10-27 03:00:00,20566.5,3003
2022-10-27 10:30:00,20450.5,3004
2022-10-27 13:45:00,20416.0,3005
2022-10-28 00:15:00,20142.0,3006
2022-10-28 08:15:00,20023.0,3007
2022-10-28 12:30:00,19963.0,3008
2022-10-28 19:15:00,20532.5,3009
2022-10-29 00:30:00,20551.0,3010
2022-10-29 05:45:00,20610.0,3011
2022-10-29 11:30:00,20640.5,3012
2022-10-29 18:00:00,20745.0,3013
2022-10-29 22:45:00,20691.5,3014
2022-10-30 04:15:00,20730.0,3015
2022-10-30 10:30:00,20621.0,3016
2022-10-30 13:30:00,20606.5,3017
2022-10-30 16:45:00,20539.0,3018
2022-10-30 22:30:00,20500.0,3019
2022-10-31 02:15:00,20417.5,3020
2022-10-31 08:00:00,20440.0,3021
2022-10-31 14:30:00,20222.0,3022
2022-11-01 04:00:00,20456.0,3023
2022-11-01 14:00:00,20318.0,3024
2022-11-01 16:45:00,20367.0,3025
2022-11-02 00:00:00,20389.5,3026
2022-11-02 07:15:00,20349.0,3027
2022-11-02 10:00:00,20333.5,3028
2022-11-02 21:15:00,20051.5,3029
2022-11-03 12:45:00,20013.5,3030
2022-11-03 18:00:00,20172.0,3031
2022-11-03 22:15:00,20145.0,3032
2022-11-04 12:30:00,20350.0,3033
2022-11-04 16:00:00,20654.0,3034
2022-11-05 08:45:00,21230.0,3035
2022-11-05 18:45:00,21250.0,3036
2022-11-05 23:00:00,21230.0,3037
2022-11-06 01:45:00,21168.5,3038
2022-11-06 06:00:00,21135.5,3039
2022-11-06 11:30:00,21167.0,3040
2022-11-06 16:00:00,21138.5,3041
2022-11-07 01:15:00,20814.0,3042
2022-11-07 08:00:00,20570.0,3043
2022-11-07 14:30:00,20612.0,3044
2022-11-07 22:15:00,20365.0,3045
2022-11-08 05:15:00,19336.0,3046
2022-11-08 11:00:00,19575.0,3047
2022-11-08 15:15:00,19200.5,3048
2022-11-08 19:30:00,16800.0,3049
2022-11-09 03:00:00,17986.0,3050
2022-11-09 10:15:00,17235.0,3051
2022-11-09 22:00:00,15460.5,3052
2022-11-10 11:15:00,16241.5,3053
2022-11-10 17:45:00,17087.5,3054
2022-11-11 03:30:00,16877.5,3055
2022-11-11 10:15:00,17201.0,3056
2022-11-11 14:30:00,16310.0,3057
2022-11-11 20:30:00,16550.0,3058
2022-11-12 05:45:00,16624.5,3059
2022-11-12 13:30:00,16736.0,3060
2022-11-12 23:30:00,16750.5,3061
2022-11-13 09:00:00,16420.0,3062
2022-11-13 17:15:00,16462.0,3063
2022-11-13 21:00:00,16222.0,3064
2022-11-14 04:15:00,15802.5,3065
2022-11-14 16:15:00,16346.5,3066
2022-11-14 19:45:00,16169.0,3067
2022-11-15 05:45:00,16624.0,3068
2022-11-15 11:15:00,16542.0,3069
2022-11-15 19:00:00,16591.0,3070
2022-11-16 00:45:00,16748.0,3071
2022-11-16 15:45:00,16367.0,3072
2022-11-16 19:00:00,16433.0,3073
2022-11-16 22:15:00,16476.0,3074
2022-11-17 04:00:00,16400.0,3075
2022-11-17 09:30:00,16450.0,3076
2022-11-17 13:15:00,16415.0,3077
2022-11-17 19:45:00,16584.0,3078
2022-11-18 08:00:00,16667.0,3079
2022-11-18 11:30:00,16704.0,3080
2022-11-18 18:15:00,16541.5,3081
2022-11-18 22:30:00,16605.0,3082
2022-11-19 02:30:00,16562.0,3083
2022-11-19 05:15:00,16551.0,3084
2022-11-19 13:15:00,16627.0,3085
2022-11-19 17:45:00,16601.5,3086
2022-11-20 02:00:00,16655.0,3087
2022-11-20 05:00:00,16660.5,3088
2022-11-20 08:30:00,16540.0,3089
2022-11-20 11:30:00,16450.0,3090
2022-11-21 03:15:00,15888.0,3091
2022-11-21 07:45:00,15952.5,3092
2022-11-21 16:30:00,15900.0,3093
2022-11-21 21:45:00,15440.0,3094
2022-11-22 07:00:00,15620.0,3095
2022-11-22 18:00:00,16044.0,3096
2022-11-23 05:45:00,16436.0,3097
2022-11-23 16:45:00,16301.5,3098
2022-11-24 10:45:00,16471.5,3099
2022-11-24 14:15:00,16450.0,3100
2022-11-24 21:00:00,16526.0,3101
2022-11-25 06:00:00,16339.0,3102
2022-11-25 10:00:00,16394.0,3103
2022-11-25 14:00:00,16434.0,3104
2022-11-25 22:00:00,16460.5,3105
2022-11-26 06:45:00,16525.0,3106
2022-11-26 11:00:00,16543.0,3107
2022-11-26 15:15:00,16477.0,3108
2022-11-26 19:00:00,16405.0,3109
2022-11-26 22:45:00,16376.5,3110
2022-11-27 10:00:00,16505.0,3111
2022-11-27 15:00:00,16510.0,3112
2022-11-28 02:00:00,16052.0,3113
2022-11-28 06:15:00,16132.5,3114
2022-11-28 16:15:00,15985.0,3115
2022-11-29 00:15:00,16096.5,3116
2022-11-29 14:45:00,16320.0,3117
2022-11-29 23:45:00,16415.0,3118
2022-11-30 04:45:00,16816.5,3119
2022-11-30 09:15:00,16830.0,3120
2022-11-30 12:45:00,16759.0,3121
2022-11-30 18:30:00,16708.0,3122
2022-12-01 02:30:00,17070.5,3123
2022-12-01 08:00:00,17053.0,3124
2022-12-01 15:30:00,16888.5,3125
2022-12-01 21:00:00,16850.0,3126
2022-12-02 02:00:00,16856.5,3127
2022-12-02 07:00:00,16902.0,3128
2022-12-02 13:30:00,16769.0,3129
2022-12-03 11:00:00,16875.0,3130
2022-12-03 14:15:00,16913.5,3131
2022-12-03 22:30:00,16855.0,3132
2022-12-04 08:15:00,16970.0,3133
2022-12-04 11:30:00,16901.0,3134
2022-12-05 03:45:00,17177.0,3135
2022-12-05 16:15:00,16969.0,3136
2022-12-05 19:30:00,16867.0,3137
2022-12-05 23:15:00,16916.5,3138
2022-12-06 06:00:00,16954.0,3139
2022-12-06 11:15:00,16903.5,3140
2022-12-06 15:00:00,16920.0,3141
2022-12-06 18:30:00,16905.0,3142
2022-12-07 08:00:00,16666.5,3143
2022-12-07 12:30:00,16755.5,3144
2022-12-07 16:30:00,16771.5,3145
2022-12-07 22:30:00,16784.5,3146
2022-12-08 01:30:00,16773.5,3147
2022-12-08 06:00:00,16776.0,3148
2022-12-08 11:45:00,16702.5,3149
2022-12-09 00:45:00,17169.0,3150
2022-12-09 04:45:00,17183.0,3151
2022-12-09 13:30:00,17055.0,3152
2022-12-09 21:00:00,17045.0,3153
2022-12-10 02:45:00,17111.0,3154
2022-12-10 06:00:00,17122.5,3155
2022-12-10 09:15:00,17104.5,3156
2022-12-10 13:15:00,17128.0,3157
2022-12-10 17:45:00,17146.5,3158
2022-12-10 23:45:00,17086.0,3159
2022-12-11 11:00:00,17134.5,3160
2022-12-11 13:45:00,17124.0,3161
2022-12-11 20:15:00,17076.0,3162
2022-12-12 02:45:00,16870.0,3163
2022-12-12 08:15:00,16900.0,3164
2022-12-12 12:30:00,16911.5,3165
2022-12-12 17:30:00,16973.5,3166
2022-12-13 02:30:00,17112.5,3167
2022-12-13 07:15:00,17060.0,3168
2022-12-13 17:45:00,17606.0,3169
2022-12-13 22:30:00,17693.0,3170
2022-12-14 05:30:00,17727.5,3171
2022-12-14 09:30:00,17776.5,3172
2022-12-14 19:00:00,17514.0,3173
2022-12-15 02:00:00,17556.5,3174
2022-12-15 09:00:00,17604.5,3175
2022-12-15 18:45:00,17300.0,3176
2022-12-15 22:15:00,17262.0,3177
2022-12-16 10:15:00,16912.0,3178
2022-12-16 16:45:00,16719.0,3179
2022-12-16 23:30:00,16532.5,3180
2022-12-17 02:15:00,16574.5,3181
2022-12-17 10:30:00,16652.5,3182
2022-12-17 14:45:00,16638.0,3183
2022-12-18 01:30:00,16697.0,3184
2022-12-18 09:30:00,16656.0,3185
2022-12-18 15:00:00,16667.0,3186
2022-12-19 00:00:00,16705.5,3187
2022-12-19 03:45:00,16613.0,3188
2022-12-19 17:30:00,16513.0,3189
2022-12-19 22:30:00,16203.0,3190
2022-12-20 11:00:00,16752.5,3191
2022-12-20 14:45:00,16692.0,3192
2022-12-20 18:15:00,16755.0,3193
2022-12-21 05:00:00,16760.0,3194
2022-12-21 08:15:00,16791.5,3195
2022-12-21 14:45:00,16710.0,3196
2022-12-21 19:45:00,16717.5,3197
2022-12-21 23:00:00,16744.5,3198
2022-12-22 07:00:00,16778.0,3199
2022-12-22 18:00:00,16560.5,3200
2022-12-23 00:45:00,16780.5,3201
2022-12-23 06:15:00,16809.5,3202
2022-12-23 13:30:00,16705.0,3203
2022-12-23 22:15:00,16764.0,3204
2022-12-24 05:15:00,16802.0,3205
2022-12-24 23:00:00,16803.5,3206
2022-12-25 05:15:00,16804.5,3207
2022-12-25 14:30:00,16713.5,3208
2022-12-25 19:00:00,16730.0,3209
2022-12-26 08:15:00,16814.5,3210
2022-12-26 15:45:00,16783.0,3211
2022-12-26 23:00:00,16814.0,3212
2022-12-27 08:00:00,16818.5,3213
2022-12-27 14:30:00,16728.0,3214
2022-12-27 19:15:00,16587.0,3215
2022-12-28 03:00:00,16555.0,3216
2022-12-28 16:00:00,16566.0,3217
2022-12-28 21:15:00,16469.5,3218
2022-12-29 20:30:00,16551.5,3219
2022-12-30 02:45:00,16584.5,3220
2022-12-30 07:15:00,16428.0,3221
2022-12-30 14:45:00,16353.0,3222
2022-12-31 05:45:00,16553.5,3223
2022-12-31 12:30:00,16563.5,3224
2022-12-31 22:45:00,16480.5,3225
2023-01-01 07:15:00,16511.0,3226
2023-01-01 15:15:00,16550.5,3227
2023-01-02 01:15:00,16552.0,3228
2023-01-02 14:30:00,16666.0,3229
2023-01-03 00:00:00,16644.5,3230
2023-01-03 08:30:00,16693.0,3231
2023-01-03 17:45:00,16605.0,3232
2023-01-04 15:00:00,16760.5,3233
2023-01-04 20:30:00,16767.5,3234
2023-01-05 01:00:00,16801.5,3235
2023-01-05 03:45:00,16811.0,3236
2023-01-05 09:45:00,16778.0,3237
2023-01-05 14:00:00,16747.0,3238
2023-01-05 18:00:00,16793.0,3239
2023-01-05 23:15:00,16812.0,3240
2023-01-06 02:00:00,16797.0,3241
2023-01-06 13:30:00,16675.0,3242
2023-01-07 06:00:00,16916.0,3243
2023-01-07 14:00:00,16904.0,3244
2023-01-08 00:30:00,16907.0,3245
2023-01-08 16:30:00,16915.0,3246
2023-01-09 06:45:00,17171.0,3247
2023-01-09 13:45:00,17183.0,3248
2023-01-09 23:00:00,17120.0,3249
2023-01-10 02:30:00,17138.5,3250
2023-01-10 06:30:00,17179.5,3251
2023-01-10 13:30:00,17195.0,3252
2023-01-11 03:15:00,17361.0,3253
2023-01-11 06:00:00,17381.5,3254
2023-01-11 15:45:00,17309.5,3255
2023-01-12 13:30:00,17910.5,3256
2023-01-13 00:30:00,18692.0,3257
2023-01-13 05:45:00,18766.0,3258
2023-01-14 10:15:00,20240.5,3259
2023-01-14 14:30:00,20502.0,3260
2023-01-14 18:15:00,20654.0,3261
2023-01-15 00:30:00,20627.0,3262
2023-01-15 03:15:00,20555.0,3263
2023-01-15 09:00:00,20573.0,3264
2023-01-15 12:30:00,20658.5,3265
2023-01-15 18:00:00,20642.5,3266
2023-01-15 22:30:00,20730.0,3267
2023-01-16 08:00:00,20630.5,3268
2023-01-16 15:00:00,20600.0,3269
2023-01-16 21:15:00,21024.0,3270
2023-01-17 01:00:00,20824.5,3271
2023-01-17 07:00:00,21051.0,3272
2023-01-17 10:30:00,21076.5,3273
2023-01-17 14:30:00,20985.0,3274
2023-01-18 00:15:00,21086.0,3275
2023-01-18 09:00:00,21036.0,3276
2023-01-18 16:30:00,20385.0,3277
2023-01-18 22:15:00,20594.5,3278
2023-01-19 13:15:00,20645.0,3279
2023-01-19 17:45:00,20777.5,3280
2023-01-19 21:45:00,20895.5,3281
2023-01-20 07:15:00,20853.0,3282
2023-01-21 10:30:00,22567.0,3283
2023-01-21 23:15:00,22679.5,3284
2023-01-22 02:30:00,22602.0,3285
2023-01-22 08:15:00,22807.5,3286
2023-01-22 12:15:00,22702.5,3287
2023-01-22 15:15:00,22622.0,3288
2023-01-22 20:45:00,22277.0,3289
2023-01-23 03:30:00,22642.5,3290
2023-01-23 07:15:00,22602.0,3291
2023-01-23 14:45:00,22459.5,3292
2023-01-23 19:45:00,22650.0,3293
2023-01-24 09:30:00,22770.0,3294
2023-01-24 14:30:00,22687.0,3295
2023-01-25 01:15:00,22319.0,3296
2023-01-25 10:15:00,22467.0,3297
2023-01-25 15:00:00,22333.5,3298
2023-01-26 06:15:00,22884.5,3299
2023-01-26 10:45:00,22850.5,3300
2023-01-26 16:00:00,22851.0,3301
2023-01-26 21:15:00,22957.5,3302
2023-01-27 01:30:00,22523.0,3303
2023-01-27 14:15:00,22838.0,3304
2023-01-27 22:00:00,22941.5,3305
2023-01-28 09:15:00,22901.0,3306
2023-01-28 13:15:00,22874.0,3307
2023-01-28 21:00:00,22933.0,3308
2023-01-29 08:45:00,23152.5,3309
2023-01-30 02:00:00,23564.5,3310
2023-01-30 12:00:00,22953.0,3311
2023-01-30 22:30:00,22480.5,3312
2023-01-31 06:00:00,22734.5,3313
2023-01-31 11:30:00,22801.0,3314
2023-01-31 21:30:00,22801.5,3315
2023-02-01 03:30:00,23040.0,3316
2023-02-01 09:00:00,22910.0,3317
2023-02-01 16:45:00,22914.0,3318
2023-02-01 19:30:00,22755.0,3319
2023-02-02 06:15:00,23655.0,3320
2023-02-02 14:45:00,23510.0,3321
2023-02-02 22:00:00,23360.0,3322
2023-02-03 02:30:00,23410.5,3323
2023-02-03 08:00:00,23314.0,3324
2023-02-03 14:15:00,23218.0,3325
2023-02-03 20:00:00,23203.0,3326
2023-02-04 06:00:00,23260.5,3327
2023-02-04 09:00:00,23300.0,3328
2023-02-04 16:15:00,23358.0,3329
2023-02-05 00:45:00,23224.5,3330
2023-02-05 12:45:00,22983.5,3331
2023-02-05 19:15:00,22760.0,3332
2023-02-06 05:15:00,22612.5,3333
2023-02-06 11:30:00,22731.0,3334
2023-02-06 15:15:00,22737.0,3335
2023-02-06 23:15:00,22628.5,3336
2023-02-07 08:45:00,22862.0,3337
2023-02-07 18:30:00,22760.0,3338
2023-02-08 16:15:00,22669.0,3339
2023-02-08 20:00:00,22759.0,3340
2023-02-09 04:00:00,22355.0,3341
2023-02-09 12:30:00,22532.5,3342
2023-02-09 21:30:00,21698.0,3343
2023-02-10 05:30:00,21620.0,3344
2023-02-10 12:00:00,21675.1,3345
2023-02-10 15:45:00,21500.7,3346
2023-02-10 21:30:00,21431.1,3347
2023-02-11 07:15:00,21632.6,3348
2023-02-11 10:30:00,21648.4,3349
2023-02-11 18:45:00,21604.5,3350
2023-02-12 02:00:00,21753.3,3351
2023-02-12 04:45:00,21760.0,3352
2023-02-12 13:30:00,21755.0,3353
2023-02-12 22:00:00,21625.3,3354
2023-02-13 02:30:00,21617.0,3355
2023-02-13 10:15:00,21413.0,3356
2023-02-13 17:45:00,21327.5,3357
2023-02-14 08:30:00,21666.0,3358
2023-02-14 13:30:00,21514.2,3359
2023-02-15 02:45:00,22032.0,3360
2023-02-15 08:30:00,22080.2,3361
2023-02-16 07:00:00,24450.0,3362
2023-02-16 14:30:00,24301.0,3363
2023-02-17 00:00:00,23340.0,3364
2023-02-17 08:30:00,23529.9,3365
2023-02-17 14:45:00,23685.2,3366
2023-02-17 22:00:00,24049.6,3367
2023-02-18 02:30:00,24511.5,3368
2023-02-18 07:45:00,24427.4,3369
2023-02-18 11:00:00,24442.2,3370
2023-02-18 20:00:00,24502.2,3371
2023-02-19 07:15:00,24560.5,3372
2023-02-19 20:15:00,24251.0,3373
2023-02-20 01:15:00,23816.7,3374
2023-02-20 09:15:00,24371.0,3375
2023-02-20 16:30:00,24638.0,3376
2023-02-20 22:15:00,24652.5,3377
2023-02-21 09:00:00,24534.3,3378
2023-02-21 12:00:00,24463.9,3379
2023-02-21 16:30:00,24280.0,3380
2023-02-21 21:15:00,24152.0,3381
2023-02-22 02:30:00,23855.0,3382
2023-02-22 08:30:00,23860.5,3383
2023-02-22 16:45:00,23570.3,3384
2023-02-23 06:30:00,24317.5,3385
2023-02-23 12:00:00,23590.5,3386
2023-02-23 18:00:00,23726.0,3387
2023-02-23 22:00:00,23750.5,3388
2023-02-24 08:15:00,23762.0,3389
2023-02-24 16:00:00,22900.0,3390
2023-02-24 19:30:00,22800.0,3391
2023-02-24 22:30:00,22964.4,3392
2023-02-25 05:30:00,23014.4,3393
2023-02-25 12:45:00,22860.0,3394
2023-02-25 15:45:00,22970.0,3395
2023-02-25 20:45:00,22712.3,3396
2023-02-26 02:00:00,23060.1,3397
2023-02-26 06:00:00,23089.1,3398
2023-02-26 12:45:00,23117.0,3399
2023-02-26 17:00:00,23135.3,3400
2023-02-26 22:15:00,23313.7,3401
2023-02-27 09:00:00,23330.0,3402
2023-02-27 16:00:00,23137.0,3403
2023-02-27 20:00:00,23083.8,3404
2023-02-28 01:30:00,23341.0,3405
2023-02-28 08:00:00,23197.5,3406
2023-02-28 14:30:00,23303.9,3407
2023-02-28 21:30:00,23010.0,3408
2023-03-01 00:45:00,23015.0,3409
2023-03-01 10:15:00,23659.4,3410
2023-03-01 16:00:00,23541.0,3411
2023-03-01 20:00:00,23286.2,3412
2023-03-02 03:00:00,23422.0,3413
2023-03-02 07:15:00,23333.3,3414
2023-03-02 14:00:00,23186.4,3415
2023-03-02 17:15:00,23223.1,3416
2023-03-02 21:30:00,23380.5,3417
2023-03-03 01:30:00,21905.0,3418
2023-03-03 11:00:00,22270.7,3419
2023-03-03 13:45:00,22140.0,3420
2023-03-03 18:30:00,22184.0,3421
2023-03-03 21:15:00,22141.0,3422
2023-03-04 05:30:00,22262.5,3423
2023-03-04 21:45:00,22152.0,3424
2023-03-05 02:30:00,22173.0,3425
2023-03-05 09:00:00,22309.1,3426
2023-03-05 21:30:00,22306.7,3427
2023-03-06 02:00:00,22234.4,3428
2023-03-06 05:00:00,22302.7,3429
2023-03-06 11:45:00,22349.5,3430
2023-03-06 21:00:00,22310.0,3431
2023-03-07 00:15:00,22371.7,3432
2023-03-07 15:00:00,21919.0,3433
2023-03-07 21:00:00,21933.8,3434
2023-03-08 05:30:00,21821.7,3435
2023-03-08 15:00:00,21865.0,3436
2023-03-08 18:30:00,21935.2,3437
2023-03-08 23:00:00,21559.0,3438
2023-03-09 10:45:00,21528.8,3439
2023-03-09 20:45:00,20016.0,3440
2023-03-10 01:15:00,19755.0,3441
2023-03-10 07:00:00,19764.5,3442
2023-03-10 10:45:00,19535.0,3443
2023-03-10 14:45:00,19638.3,3444
2023-03-10 18:45:00,19805.2,3445
2023-03-11 08:00:00,19760.0,3446
2023-03-11 16:00:00,19973.8,3447
2023-03-12 02:30:00,20300.1,3448
2023-03-12 07:45:00,20260.9,3449
2023-03-12 12:00:00,20304.3,3450
2023-03-12 15:00:00,20275.8,3451
2023-03-13 09:30:00,21804.0,3452
2023-03-13 23:15:00,23922.0,3453
2023-03-14 08:00:00,24120.0,3454
2023-03-14 21:00:00,23966.0,3455
2023-03-15 00:30:00,24316.1,3456
2023-03-15 06:00:00,24622.0,3457
2023-03-15 11:30:00,24262.5,3458
2023-03-15 17:00:00,23868.1,3459
2023-03-16 01:15:00,24123.2,3460
2023-03-16 04:30:00,24183.0,3461
2023-03-16 09:15:00,24375.0,3462
2023-03-16 13:15:00,24489.9,3463
2023-03-16 18:00:00,24593.3,3464
2023-03-16 20:45:00,24615.0,3465
2023-03-17 14:30:00,26100.0,3466
2023-03-17 18:00:00,26237.0,3467
2023-03-18 03:00:00,27148.1,3468
2023-03-18 08:15:00,27046.0,3469
2023-03-18 12:15:00,27285.2,3470
2023-03-18 16:30:00,26555.0,3471
2023-03-18 23:00:00,26793.0,3472
2023-03-19 07:00:00,26816.2,3473
2023-03-19 20:30:00,27715.5,3474
2023-03-20 03:45:00,27123.0,3475
2023-03-20 16:15:00,27441.4,3476
2023-03-20 23:45:00,27564.2,3477
2023-03-21 07:00:00,27292.2,3478
2023-03-21 14:15:00,27707.9,3479
2023-03-21 18:00:00,27913.0,3480
2023-03-21 21:30:00,27886.0,3481
2023-03-22 09:15:00,27964.4,3482
2023-03-22 20:00:00,26583.4,3483
2023-03-23 01:45:00,27103.5,3484
2023-03-23 13:15:00,27264.0,3485
2023-03-23 19:15:00,27733.0,3486
2023-03-24 01:00:00,28110.7,3487
2023-03-24 04:45:00,28075.2,3488
2023-03-24 08:45:00,27914.1,3489
2023-03-24 11:45:00,27280.3,3490
2023-03-24 17:45:00,27470.5,3491
2023-03-24 21:30:00,26956.0,3492
2023-03-25 05:45:00,27357.2,3493
2023-03-25 09:15:00,27287.6,3494
2023-03-25 19:30:00,27132.0,3495
2023-03-26 04:45:00,27446.7,3496
2023-03-26 16:45:00,27602.8,3497
2023-03-26 20:30:00,27657.8,3498
2023-03-27 02:00:00,27755.0,3499
2023-03-27 06:00:00,27642.4,3500
2023-03-27 15:00:00,26474.3,3501
2023-03-27 20:00:00,26862.0,3502
2023-03-28 01:00:00,26785.0,3503
2023-03-28 05:30:00,26865.5,3504
2023-03-28 10:45:00,26611.0,3505
2023-03-28 17:15:00,26733.5,3506
2023-03-28 21:45:00,27074.3,3507
2023-03-29 12:15:00,28222.3,3508
2023-03-29 16:45:00,28125.0,3509
2023-03-29 22:00:00,28183.2,3510
2023-03-30 03:00:00,28054.2,3511
2023-03-30 09:00:00,28479.0,3512
2023-03-30 18:00:00,27650.0,3513
2023-03-30 22:45:00,27770.0,3514
2023-03-31 07:30:00,27486.6,3515
2023-03-31 18:15:00,28230.4,3516
2023-04-01 00:30:00,28385.2,3517
2023-04-01 07:15:00,28322.0,3518
2023-04-01 15:00:00,28182.5,3519
2023-04-02 01:00:00,28325.2,3520
2023-04-02 05:00:00,28363.6,3521
2023-04-02 16:30:00,27913.3,3522
2023-04-02 19:30:00,27822.8,3523
2023-04-02 22:15:00,27840.1,3524
2023-04-03 01:45:00,27553.6,3525
2023-04-03 04:45:00,27564.0,3526
2023-04-03 17:00:00,27865.3,3527
2023-04-03 21:00:00,27175.0,3528
2023-04-04 00:30:00,27648.2,3529
2023-04-04 04:30:00,27756.7,3530
2023-04-04 15:15:00,27920.7,3531
2023-04-04 23:30:00,28056.6,3532
2023-04-05 08:15:00,28430.6,3533
2023-04-05 16:15:00,27777.2,3534
2023-04-06 01:15:00,27848.4,3535
2023-04-06 10:30:00,27670.0,3536
2023-04-06 13:45:00,27726.3,3537
2023-04-06 18:30:00,27925.0,3538
2023-04-06 22:15:00,27867.9,3539
2023-04-07 02:30:00,27912.1,3540
2023-04-07 07:45:00,27755.0,3541
2023-04-07 12:30:00,27775.2,3542
2023-04-07 16:45:00,27842.7,3543
2023-04-07 20:45:00,27830.0,3544
2023-04-08 00:45:00,27846.0,3545
2023-04-08 12:30:00,27931.0,3546
2023-04-08 18:45:00,27850.8,3547
2023-04-08 22:15:00,27870.0,3548
2023-04-09 08:45:00,27764.0,3549
2023-04-09 14:15:00,27777.8,3550
2023-04-10 01:30:00,28228.0,3551
2023-04-10 05:15:00,28177.2,3552
2023-04-10 13:45:00,28136.6,3553
2023-04-11 05:45:00,29768.2,3554
2023-04-11 09:15:00,29959.2,3555
2023-04-11 14:45:00,29960.0,3556
2023-04-11 20:15:00,29892.3,3557
2023-04-12 02:30:00,29810.0,3558
2023-04-12 06:15:00,29835.0,3559
2023-04-12 12:15:00,29917.5,3560
2023-04-12 15:00:00,29630.0,3561
2023-04-12 19:45:00,29732.0,3562
2023-04-12 22:45:00,29780.8,3563
2023-04-13 06:45:00,29976.7,3564
2023-04-13 12:30:00,30128.8,3565
2023-04-13 20:00:00,30180.8,3566
2023-04-14 08:45:00,30652.3,3567
2023-04-14 16:45:00,29936.0,3568
2023-04-15 01:15:00,30240.2,3569
2023-04-15 17:30:00,30180.0,3570
2023-04-16 01:00:00,30114.0,3571
2023-04-16 13:45:00,30154.9,3572
2023-04-16 20:00:00,30170.0,3573
2023-04-17 01:00:00,29719.0,3574
2023-04-17 13:30:00,29219.0,3575
2023-04-17 21:15:00,29369.7,3576
2023-04-18 01:15:00,29060.0,3577
2023-04-18 18:00:00,29931.9,3578
2023-04-19 02:00:00,30106.0,3579
2023-04-19 08:15:00,28896.4,3580
2023-04-19 15:30:00,28824.2,3581
2023-04-19 23:15:00,28555.0,3582
2023-04-20 03:00:00,28524.5,3583
2023-04-20 08:30:00,28713.0,3584
2023-04-20 12:15:00,28307.0,3585
2023-04-20 16:00:00,28222.0,3586
2023-04-20 19:30:00,27981.4,3587
2023-04-21 00:30:00,28071.1,3588
2023-04-21 06:45:00,27800.0,3589
2023-04-21 11:15:00,27905.6,3590
2023-04-21 19:30:00,27155.0,3591
2023-04-21 22:30:00,27058.0,3592
2023-04-22 01:15:00,27130.0,3593
2023-04-22 08:45:00,27180.0,3594
2023-04-22 13:30:00,27216.2,3595
2023-04-23 00:30:00,27399.2,3596
2023-04-23 10:30:00,27464.3,3597
2023-04-23 15:15:00,27302.2,3598
2023-04-23 18:45:00,27320.0,3599
2023-04-24 08:45:00,27136.0,3600
2023-04-24 17:00:00,26933.0,3601
2023-04-25 02:15:00,27311.0,3602
2023-04-25 08:15:00,27181.1,3603
2023-04-25 14:30:00,27201.5,3604
2023-04-26 07:45:00,28300.4,3605
2023-04-26 20:00:00,27200.0,3606
2023-04-27 06:45:00,28606.0,3607
2023-04-27 12:30:00,28636.0,3608
2023-04-27 15:45:00,28804.1,3609
2023-04-27 22:45:00,29230.0,3610
2023-04-28 03:15:00,29321.6,3611
2023-04-28 09:00:00,29112.0,3612
2023-04-28 13:45:00,28870.0,3613
2023-04-29 00:45:00,29175.0,3614
2023-04-29 10:15:00,29224.6,3615
2023-04-29 17:30:00,29010.1,3616
2023-04-30 02:00:00,29074.8,3617
2023-04-30 11:45:00,29148.6,3618
2023-04-30 20:00:00,29137.8,3619
2023-05-01 01:45:00,28354.0,3620
2023-05-01 05:30:00,28217.0,3621
2023-05-01 16:15:00,27981.0,3622
2023-05-01 20:45:00,27640.1,3623
2023-05-02 01:45:00,27900.3,3624
2023-05-02 05:00:00,27860.0,3625
2023-05-02 09:15:00,27926.8,3626
2023-05-02 14:00:00,27891.4,3627
2023-05-03 02:00:00,28322.2,3628
2023-05-03 14:45:00,28069.1,3629
2023-05-03 19:00:00,28188.0,3630
2023-05-04 08:15:00,28970.3,3631
2023-05-04 13:30:00,28631.2,3632
2023-05-04 18:30:00,28653.1,3633
2023-05-04 22:15:00,28731.4,3634
2023-05-05 09:15:00,29007.7,3635
2023-05-05 12:30:00,28750.0,3636
2023-05-05 18:45:00,29292.3,3637
2023-05-06 08:00:00,29128.0,3638
2023-05-06 15:00:00,28325.0,3639
2023-05-06 21:30:00,28621.0,3640
2023-05-07 03:30:00,28723.7,3641
2023-05-07 11:15:00,28678.4,3642
2023-05-07 19:00:00,28764.0,3643
2023-05-08 03:45:00,27992.3,3644
2023-05-08 08:45:00,27555.0,3645
2023-05-08 14:30:00,27651.3,3646
2023-05-08 20:00:00,27250.0,3647
2023-05-09 00:45:00,27531.0,3648
2023-05-09 06:30:00,27425.3,3649
2023-05-09 11:00:00,27503.1,3650
2023-05-09 22:15:00,27510.0,3651
2023-05-10 08:00:00,27463.2,3652
2023-05-10 17:15:00,26700.0,3653
2023-05-10 21:15:00,26945.9,3654
2023-05-11 03:15:00,27355.5,3655
2023-05-11 08:00:00,27251.3,3656
2023-05-11 19:45:00,26650.0,3657
2023-05-11 23:00:00,26790.0,3658
2023-05-12 06:00:00,26102.7,3659
2023-05-12 16:00:00,26227.7,3660
2023-05-12 19:15:00,25764.0,3661
2023-05-13 06:15:00,26681.2,3662
2023-05-13 14:15:00,26724.0,3663
2023-05-13 18:45:00,26752.0,3664
2023-05-14 00:30:00,26534.3,3665
2023-05-14 12:15:00,26730.4,3666
2023-05-14 19:15:00,26807.6,3667
2023-05-15 00:15:00,26700.2,3668
2023-05-15 14:15:00,27206.0,3669
2023-05-15 19:15:00,27301.8,3670
2023-05-16 01:15:00,26818.0,3671
2023-05-16 06:00:00,26974.3,3672
2023-05-16 14:00:00,26882.2,3673
2023-05-16 19:45:00,26865.4,3674
2023-05-17 07:45:00,26736.0,3675
2023-05-17 11:45:00,26562.9,3676
2023-05-17 14:30:00,26501.4,3677
2023-05-18 02:15:00,27270.6,3678
2023-05-18 06:15:00,27131.7,3679
2023-05-18 17:45:00,26341.3,3680
2023-05-19 01:45:00,26733.9,3681
2023-05-19 10:45:00,26780.7,3682
2023-05-19 15:30:00,26602.7,3683
2023-05-19 19:15:00,26763.4,3684
2023-05-20 00:30:00,26816.2,3685
2023-05-20 07:15:00,26823.0,3686
2023-05-20 13:15:00,26861.3,3687
2023-05-20 21:00:00,26942.2,3688
2023-05-21 11:45:00,26734.3,3689
2023-05-21 15:45:00,26795.0,3690
2023-05-21 21:00:00,26653.8,3691
2023-05-22 00:30:00,26510.0,3692
2023-05-22 13:00:00,26691.5,3693
2023-05-22 17:15:00,26763.3,3694
2023-05-23 00:45:00,26787.6,3695
2023-05-23 07:30:00,27186.4,3696
2023-05-23 13:45:00,27155.5,3697
2023-05-23 19:00:00,27077.6,3698
2023-05-24 03:30:00,26654.7,3699
2023-05-24 06:45:00,26580.0,3700
2023-05-24 15:00:00,26050.0,3701
2023-05-25 01:15:00,25851.0,3702
2023-05-25 07:45:00,26116.5,3703
2023-05-25 11:30:00,26190.5,3704
2023-05-25 15:30:00,26147.9,3705
2023-05-26 01:45:00,26330.0,3706
2023-05-26 06:00:00,26306.8,3707
2023-05-26 12:30:00,26341.3,3708
2023-05-26 18:00:00,26592.3,3709
2023-05-27 00:45:00,26623.0,3710
2023-05-27 10:45:00,26657.2,3711
2023-05-27 13:45:00,26530.0,3712
2023-05-28 12:30:00,27088.0,3713
2023-05-29 04:30:00,27833.0,3714
2023-05-29 07:30:00,27822.0,3715
2023-05-29 10:45:00,27728.0,3716
2023-05-29 17:00:00,27510.0,3717
2023-05-29 22:00:00,27541.9,3718
2023-05-30 05:00:00,27663.1,3719
2023-05-30 08:00:00,27702.0,3720
2023-05-30 16:15:00,27529.0,3721
2023-05-30 21:45:00,27624.0,3722
2023-05-31 02:00:00,27559.9,3723
2023-05-31 06:00:00,26966.0,3724
2023-05-31 11:00:00,26981.5,3725
2023-05-31 14:15:00,26817.0,3726
2023-06-01 03:00:00,26584.6,3727
2023-06-01 12:15:00,26781.3,3728
2023-06-01 16:45:00,26789.0,3729
2023-06-01 19:30:00,26639.0,3730
2023-06-02 00:30:00,26480.7,3731
2023-06-02 07:45:00,27028.1,3732
2023-06-02 13:45:00,26828.5,3733
2023-06-02 18:30:00,26998.0,3734
2023-06-03 01:30:00,27083.7,3735
2023-06-03 04:30:00,27096.9,3736
2023-06-03 10:00:00,27108.6,3737
2023-06-03 21:00:00,26905.9,3738
2023-06-04 01:00:00,26946.4,3739
2023-06-04 05:30:00,27017.8,3740
2023-06-04 12:15:00,27151.0,3741
2023-06-04 16:00:00,27142.2,3742
2023-06-05 05:15:00,26730.0,3743
2023-06-05 16:00:00,25361.5,3744
2023-06-05 19:00:00,25372.4,3745
2023-06-06 02:00:00,25583.6,3746
2023-06-06 08:15:00,25664.0,3747
2023-06-06 12:00:00,25324.2,3748
2023-06-07 03:30:00,26720.3,3749
2023-06-07 10:00:00,26335.2,3750
2023-06-07 16:00:00,26211.0,3751
2023-06-07 21:45:00,26115.4,3752
2023-06-08 03:15:00,26190.3,3753
2023-06-08 10:00:00,26359.5,3754
2023-06-08 13:30:00,26285.4,3755
2023-06-09 02:15:00,26260.0,3756
2023-06-09 07:30:00,26424.7,3757
2023-06-09 11:30:00,26550.0,3758
2023-06-09 19:00:00,26375.1,3759
2023-06-10 05:45:00,25450.0,3760
2023-06-10 13:00:00,25562.0,3761
2023-06-10 18:15:00,25334.0,3762
2023-06-11 01:00:00,25705.5,3763
2023-06-11 04:15:00,25615.9,3764
2023-06-11 08:30:00,25682.3,3765
2023-06-11 13:45:00,25667.0,3766
2023-06-11 22:30:00,25733.0,3767
2023-06-12 02:15:00,25603.8,3768
2023-06-12 06:00:00,25730.3,3769
2023-06-12 14:00:00,25719.3,3770
2023-06-12 17:15:00,25638.0,3771
2023-06-13 01:00:00,25807.3,3772
2023-06-13 15:45:00,25708.1,3773
2023-06-13 22:15:00,25791.5,3774
2023-06-14 05:45:00,25825.0,3775
2023-06-14 13:30:00,25908.0,3776
2023-06-14 20:45:00,24779.5,3777
2023-06-15 07:00:00,24861.0,3778
2023-06-15 11:15:00,24780.0,3779
2023-06-15 16:00:00,24921.0,3780
2023-06-16 00:15:00,25422.8,3781
2023-06-16 05:30:00,25466.0,3782
2023-06-16 11:45:00,25455.0,3783
2023-06-16 14:45:00,25155.0,3784
2023-06-16 21:45:00,26269.1,3785
2023-06-17 02:00:00,26164.6,3786
2023-06-17 12:00:00,26385.5,3787
2023-06-17 15:15:00,26282.0,3788
2023-06-18 00:45:00,26351.8,3789
2023-06-18 06:00:00,26455.0,3790
2023-06-18 09:15:00,26444.5,3791
2023-06-18 12:30:00,26424.7,3792
2023-06-18 20:15:00,26335.3,3793
2023-06-18 23:00:00,26232.0,3794
2023-06-19 04:30:00,26354.0,3795
2023-06-19 11:00:00,26355.5,3796
2023-06-19 16:30:00,26289.1,3797
2023-06-20 09:30:00,26685.0,3798
2023-06-20 14:30:00,26642.1,3799
2023-06-21 21:00:00,29749.9,3800
2023-06-22 07:30:00,30000.9,3801
2023-06-22 11:00:00,29817.0,3802
2023-06-22 14:30:00,29503.4,3803
2023-06-22 22:45:00,29852.6,3804
2023-06-23 02:00:00,29785.3,3805
2023-06-23 08:00:00,29893.2,3806
2023-06-23 13:45:00,29912.0,3807
2023-06-23 22:15:00,30418.1,3808
2023-06-24 01:30:00,30352.9,3809
2023-06-24 07:45:00,30544.0,3810
2023-06-24 16:00:00,30248.1,3811
2023-06-24 21:15:00,30400.1,3812
2023-06-25 00:30:00,30457.0,3813
2023-06-25 10:15:00,30572.0,3814
2023-06-25 15:00:00,30432.6,3815
2023-06-25 20:45:00,30260.0,3816
2023-06-26 01:15:00,29927.0,3817
2023-06-26 10:00:00,30115.0,3818
2023-06-26 17:15:00,29917.0,3819
2023-06-26 22:00:00,30089.8,3820
2023-06-27 06:30:00,30225.5,3821
2023-06-27 09:45:00,30321.6,3822
2023-06-27 15:30:00,30358.0,3823
2023-06-27 20:15:00,30536.2,3824
2023-06-28 02:45:00,30300.6,3825
2023-06-28 08:00:00,30121.2,3826
2023-06-28 13:00:00,29978.0,3827
2023-06-28 19:30:00,29817.0,3828
2023-06-29 00:45:00,30027.8,3829
2023-06-29 14:45:00,30380.4,3830
2023-06-29 20:15:00,30220.0,3831
2023-06-30 01:00:00,30335.1,3832
2023-06-30 06:30:00,30591.7,3833
2023-06-30 13:45:00,29412.8,3834
2023-07-01 01:15:00,30366.2,3835
2023-07-01 04:15:00,30312.0,3836
2023-07-01 22:45:00,30531.5,3837
2023-07-02 02:15:00,30450.6,3838
2023-07-02 06:00:00,30452.9,3839
2023-07-02 15:15:00,30138.4,3840
2023-07-02 18:00:00,30350.2,3841
2023-07-02 22:30:00,30402.0,3842
2023-07-03 12:00:00,30541.6,3843
2023-07-03 21:15:00,30824.3,3844
2023-07-04 06:00:00,30863.9,3845
2023-07-04 09:00:00,30850.0,3846
2023-07-04 19:30:00,30602.8,3847
2023-07-05 00:45:00,30738.0,3848
2023-07-05 13:30:00,30176.6,3849
2023-07-05 20:00:00,30363.0,3850
2023-07-06 01:15:00,30314.8,3851
2023-07-06 14:30:00,29854.5,3852
2023-07-07 00:00:00,29675.1,3853
2023-07-07 07:45:00,29911.8,3854
2023-07-07 12:30:00,30020.0,3855
2023-07-07 18:45:00,30090.4,3856
2023-07-08 01:00:00,30242.4,3857
2023-07-08 06:15:00,30136.0,3858
2023-07-08 12:00:00,30138.7,3859
2023-07-08 19:15:00,30025.0,3860
2023-07-09 11:00:00,30229.4,3861
2023-07-09 14:00:00,30170.0,3862
2023-07-10 00:00:00,29927.5,3863
2023-07-10 08:15:00,29966.0,3864
2023-07-10 12:45:00,30131.2,3865
2023-07-10 21:45:00,30157.1,3866
2023-07-11 09:15:00,30315.3,3867
2023-07-11 13:30:00,30251.5,3868
2023-07-11 18:30:00,30390.0,3869
2023-07-11 22:30:00,30490.0,3870
2023-07-12 01:30:00,30490.0,3871
2023-07-12 16:00:00,30408.0,3872
2023-07-12 19:30:00,30185.0,3873
2023-07-13 05:00:00,30236.9,3874
2023-07-13 12:30:00,30450.0,3875
2023-07-13 21:00:00,31011.2,3876
2023-07-14 07:45:00,31066.0,3877
2023-07-14 13:30:00,31044.6,3878
2023-07-14 19:00:00,29873.0,3879
2023-07-15 05:15:00,30235.6,3880
2023-07-15 16:15:00,30227.2,3881
2023-07-16 02:15:00,30038.2,3882
2023-07-16 13:15:00,30250.2,3883
2023-07-16 18:30:00,30125.0,3884
2023-07-16 23:30:00,30108.5,3885
2023-07-17 10:15:00,29930.1,3886
2023-07-17 18:45:00,29610.0,3887
2023-07-18 08:00:00,29865.9,3888
2023-07-18 13:00:00,29660.0,3889
2023-07-18 16:45:00,29362.0,3890
2023-07-18 19:45:00,29652.2,3891
2023-07-19 09:00:00,29843.3,3892
2023-07-19 15:00:00,29734.6,3893
2023-07-19 23:00:00,29810.0,3894
2023-07-20 03:30:00,29902.5,3895
2023-07-20 14:45:00,29563.7,3896
2023-07-20 18:15:00,29488.1,3897
2023-07-21 00:30:00,29710.9,3898
2023-07-21 11:15:00,29710.9,3899
2023-07-21 19:00:00,29750.2,3900
2023-07-22 06:00:00,29830.6,3901
2023-07-22 12:45:00,29814.6,3902
2023-07-22 18:00:00,29782.9,3903
2023-07-22 23:15:00,29608.6,3904
2023-07-23 13:30:00,29837.0,3905
2023-07-23 21:30:00,29900.0,3906
2023-07-24 04:00:00,29636.6,3907
2023-07-24 09:45:00,28919.7,3908
2023-07-24 15:00:00,28851.0,3909
2023-07-24 18:00:00,28983.7,3910
2023-07-25 01:30:00,29026.7,3911
2023-07-25 13:00:00,29068.4,3912
2023-07-25 20:00:00,29158.3,3913
2023-07-26 01:30:00,29076.0,3914
2023-07-26 06:45:00,29169.7,3915
2023-07-26 11:45:00,29136.0,3916
2023-07-26 19:00:00,29173.5,3917
2023-07-26 23:45:00,29272.0,3918
2023-07-27 07:00:00,29366.1,3919
2023-07-27 18:30:00,29069.4,3920
2023-07-28 08:00:00,29111.2,3921
2023-07-28 17:30:00,29180.6,3922
2023-07-29 08:45:00,29242.4,3923
2023-07-29 12:45:00,29249.8,3924
2023-07-30 02:45:00,29292.0,3925
2023-07-30 06:15:00,29255.0,3926
2023-07-30 10:45:00,29221.6,3927
2023-07-30 20:00:00,29000.4,3928
2023-07-31 09:45:00,29312.0,3929
2023-07-31 19:45:00,29100.0,3930
2023-08-01 02:00:00,28670.0,3931
2023-08-01 12:30:00,28726.0,3932
2023-08-01 15:30:00,28555.6,3933
2023-08-02 08:15:00,29365.0,3934
2023-08-02 16:45:00,28901.6,3935
2023-08-02 21:15:00,29044.5,3936
2023-08-03 08:15:00,28951.0,3937
2023-08-03 12:45:00,29062.2,3938
2023-08-03 18:00:00,29080.0,3939
2023-08-03 22:30:00,29138.7,3940
2023-08-04 02:15:00,29083.9,3941
2023-08-04 07:30:00,29152.0,3942
2023-08-04 12:30:00,29116.0,3943
2023-08-04 20:45:00,28788.0,3944
2023-08-05 04:45:00,29020.0,3945
2023-08-05 07:30:00,29027.3,3946
2023-08-05 12:45:00,28970.3,3947
2023-08-05 16:30:00,28997.1,3948
2023-08-06 02:00:00,29027.0,3949
2023-08-06 06:30:00,29035.0,3950
2023-08-06 14:15:00,28980.0,3951
2023-08-06 21:45:00,29012.8,3952
2023-08-07 00:30:00,29011.0,3953
2023-08-07 16:15:00,28677.1,3954
2023-08-08 02:00:00,29126.4,3955
2023-08-08 22:30:00,29662.0,3956
2023-08-09 02:45:00,29625.0,3957
2023-08-09 06:15:00,29655.0,3958
2023-08-09 10:30:00,29727.2,3959
2023-08-10 09:30:00,29464.4,3960
2023-08-10 17:30:00,29308.8,3961
2023-08-11 02:45:00,29338.3,3962
2023-08-11 10:00:00,29342.5,3963
2023-08-11 16:30:00,29215.1,3964
2023-08-12 03:30:00,29371.2,3965
2023-08-12 21:45:00,29389.4,3966
2023-08-13 05:15:00,29354.0,3967
2023-08-13 12:15:00,29364.8,3968
2023-08-13 16:15:00,29320.0,3969
2023-08-14 02:15:00,29080.0,3970
2023-08-14 13:30:00,29327.0,3971
2023-08-14 18:00:00,29230.0,3972
2023-08-15 07:30:00,29337.0,3973
2023-08-15 19:00:00,29049.7,3974
2023-08-15 23:00:00,29167.6,3975
2023-08-16 06:00:00,29109.1,3976
2023-08-16 09:30:00,29100.0,3977
2023-08-16 12:30:00,29001.8,3978
2023-08-16 16:15:00,28940.6,3979
2023-08-17 00:45:00,28302.6,3980
2023-08-17 16:00:00,27625.0,3981
2023-08-17 21:30:00,24200.9,3982
2023-08-18 04:15:00,26127.3,3983
2023-08-18 17:00:00,25572.9,3984
2023-08-18 23:30:00,25990.6,3985
2023-08-19 07:00:00,25785.7,3986
2023-08-19 18:00:00,26008.0,3987
2023-08-20 01:30:00,26032.2,3988
2023-08-20 06:15:00,26018.3,3989
2023-08-20 15:00:00,25940.2,3990
2023-08-21 10:00:00,25865.7,3991
2023-08-21 15:15:00,25794.2,3992
2023-08-22 05:15:00,25981.8,3993
2023-08-22 17:30:00,25705.8,3994
2023-08-22 21:15:00,25267.3,3995
2023-08-23 04:00:00,25966.3,3996
2023-08-23 13:00:00,25801.0,3997
2023-08-23 21:45:00,26208.0,3998
2023-08-24 01:45:00,26337.3,3999
2023-08-24 06:00:00,26370.0,4000
2023-08-24 17:30:00,25834.0,4001
2023-08-24 20:45:00,25922.0,4002
2023-08-25 07:45:00,25961.4,4003
2023-08-25 14:45:00,25755.0,4004
2023-08-25 17:45:00,25817.8,4005
2023-08-26 00:45:00,26016.4,4006
2023-08-26 08:30:00,25995.0,4007
2023-08-26 12:30:00,25974.3,4008
2023-08-27 01:30:00,25957.3,4009
2023-08-27 18:00:00,26026.5,4010
2023-08-27 21:45:00,26025.0,4011
2023-08-28 00:45:00,25975.0,4012
2023-08-28 05:30:00,25860.1,4013
2023-08-28 09:15:00,25842.0,4014
2023-08-28 15:45:00,26031.8,4015
2023-08-28 19:15:00,25902.2,4016
2023-08-29 10:30:00,25910.9,4017
2023-08-29 22:15:00,27520.3,4018
2023-08-30 03:15:00,27270.9,4019
2023-08-30 09:30:00,27293.4,4020
2023-08-30 14:45:00,26969.5,4021
2023-08-31 01:45:00,27164.1,4022
2023-08-31 21:00:00,25627.2,4023
2023-09-01 08:15:00,25940.0,4024
2023-09-01 17:30:00,25305.4,4025
2023-09-02 02:45:00,25742.5,4026
2023-09-02 08:15:00,25762.9,4027
2023-09-02 13:15:00,25772.2,4028
2023-09-02 18:15:00,25749.0,4029
2023-09-03 00:30:00,25812.0,4030
2023-09-03 09:00:00,25863.0,4031
2023-09-03 13:00:00,25801.1,4032
2023-09-03 16:30:00,25783.0,4033
2023-09-04 01:30:00,25866.0,4034
2023-09-04 06:00:00,25897.7,4035
2023-09-04 12:15:00,25812.7,4036
2023-09-04 15:00:00,25713.8,4037
2023-09-04 22:00:00,25616.3,4038
2023-09-05 03:00:00,25542.0,4039
2023-09-05 08:30:00,25636.1,4040
2023-09-05 14:30:00,25604.2,4041
2023-09-05 20:00:00,25657.4,4042
2023-09-06 09:15:00,25702.2,4043
2023-09-06 17:00:00,25342.4,4044
2023-09-07 01:30:00,25711.6,4045
2023-09-07 14:00:00,25601.7,4046
2023-09-08 02:30:00,26178.2,4047
2023-09-08 10:00:00,25631.9,4048
2023-09-08 16:30:00,25708.0,4049
2023-09-09 02:00:00,25835.5,4050
2023-09-09 05:45:00,25819.5,4051
2023-09-09 13:30:00,25784.8,4052
2023-09-09 18:30:00,25836.0,4053
2023-09-10 04:15:00,25735.0,4054
2023-09-10 16:45:00,25640.0,4055
2023-09-10 19:30:00,25543.1,4056
2023-09-11 00:45:00,25646.0,4057
2023-09-11 10:15:00,25550.1,4058
2023-09-11 15:15:00,24915.0,4059
2023-09-11 20:00:00,24853.4,4060
2023-09-12 13:15:00,26005.3,4061
2023-09-12 17:15:00,25862.0,4062
2023-09-13 00:00:00,25740.5,4063
2023-09-13 03:45:00,25822.0,4064
2023-09-13 07:45:00,25831.5,4065
2023-09-13 12:30:00,25999.1,4066
2023-09-13 19:00:00,26032.3,4067
2023-09-14 01:15:00,26105.5,4068
2023-09-14 05:45:00,26145.1,4069
2023-09-15 01:00:00,26429.6,4070
2023-09-15 08:15:00,26527.9,4071
2023-09-15 14:45:00,26204.8,4072
2023-09-16 10:00:00,26430.0,4073
2023-09-16 15:00:00,26466.1,4074
2023-09-16 19:45:00,26489.4,4075
2023-09-17 00:45:00,26388.9,4076
2023-09-17 08:00:00,26478.5,4077
2023-09-17 21:00:00,26380.0,4078
2023-09-18 00:30:00,26350.3,4079
2023-09-18 18:30:00,26615.1,4080
2023-09-19 01:00:00,26651.1,4081
2023-09-19 06:00:00,26746.5,4082
2023-09-19 14:00:00,26868.0,4083
2023-09-19 21:15:00,26973.0,4084
2023-09-20 06:00:00,26925.1,4085
2023-09-20 10:15:00,26930.5,4086
2023-09-20 19:15:00,26710.5,4087
2023-09-21 02:30:00,26920.0,4088
2023-09-21 13:45:00,26363.0,4089
2023-09-21 20:15:00,26476.5,4090
2023-09-22 00:15:00,26455.3,4091
2023-09-22 07:15:00,26558.9,4092
2023-09-22 13:45:00,26541.2,4093
2023-09-22 17:30:00,26512.3,4094
2023-09-22 21:00:00,26464.0,4095
2023-09-23 04:00:00,26496.1,4096
2023-09-23 07:45:00,26522.5,4097
2023-09-23 15:15:00,26531.9,4098
2023-09-24 05:30:00,26533.0,4099
2023-09-24 15:30:00,26550.2,4100
2023-09-24 19:15:00,26301.3,4101
2023-09-25 00:15:00,25971.3,4102
2023-09-25 06:00:00,26025.0,4103
2023-09-25 12:15:00,25981.6,4104
2023-09-25 21:45:00,26247.0,4105
2023-09-26 01:30:00,26222.0,4106
2023-09-26 15:45:00,26075.6,4107
2023-09-26 21:15:00,26081.9,4108
2023-09-27 08:15:00,26207.6,4109
2023-09-27 14:30:00,26151.0,4110
2023-09-27 18:00:00,26087.5,4111
2023-09-28 03:00:00,26322.0,4112
2023-09-28 09:30:00,26373.4,4113
2023-09-28 18:45:00,26836.6,4114
2023-09-28 21:30:00,26878.0,4115
2023-09-29 02:30:00,26857.0,4116
2023-09-29 14:00:00,26641.0,4117
2023-09-29 18:15:00,26731.1,4118
2023-09-29 22:30:00,26853.1,4119
2023-09-30 02:00:00,26876.2,4120
2023-09-30 13:00:00,26897.7,4121
2023-09-30 21:45:00,26930.7,4122
2023-10-01 00:30:00,26942.9,4123
2023-10-01 14:30:00,27060.3,4124
2023-10-01 20:00:00,27012.0,4125
2023-10-02 01:15:00,27810.1,4126
2023-10-02 05:30:00,27900.0,4127
2023-10-02 11:30:00,28167.0,4128
2023-10-02 21:45:00,27253.6,4129
2023-10-03 01:00:00,27371.0,4130
2023-10-03 07:30:00,27506.0,4131
2023-10-03 15:45:00,27217.0,4132
2023-10-03 20:00:00,27150.5,4133
2023-10-04 00:30:00,27175.6,4134
2023-10-04 06:15:00,27340.0,4135
2023-10-04 14:45:00,27311.0,4136
2023-10-04 19:30:00,27495.1,4137
2023-10-05 07:30:00,27530.0,4138
2023-10-05 17:15:00,27336.6,4139
2023-10-05 22:00:00,27359.8,4140
2023-10-06 06:45:00,27443.4,4141
2023-10-06 13:00:00,27132.0,4142
2023-10-07 00:15:00,27817.5,4143
2023-10-07 03:00:00,27853.3,4144
2023-10-07 13:45:00,27881.0,4145
2023-10-07 19:45:00,27829.0,4146
2023-10-08 07:00:00,27856.9,4147
2023-10-08 13:15:00,27665.1,4148
2023-10-08 18:15:00,27783.6,4149
2023-10-08 22:00:00,27777.7,4150
2023-10-09 01:00:00,27777.3,4151
2023-10-09 13:00:00,27339.8,4152
2023-10-09 16:30:00,27250.0,4153
2023-10-10 01:00:00,27477.4,4154
2023-10-10 13:30:00,27323.0,4155
2023-10-10 18:45:00,27282.3,4156
2023-10-11 04:00:00,26942.9,4157
2023-10-11 08:00:00,27004.0,4158
2023-10-11 17:45:00,26523.0,4159
2023-10-12 01:30:00,26721.6,4160
2023-10-12 05:15:00,26770.3,4161
2023-10-12 09:45:00,26650.5,4162
2023-10-12 17:30:00,26540.1,4163
2023-10-12 23:15:00,26692.2,4164
2023-10-13 03:45:00,26761.0,4165
2023-10-13 15:45:00,26670.2,4166
2023-10-14 07:15:00,26831.5,4167
2023-10-14 11:45:00,26839.5,4168
2023-10-14 21:15:00,26780.0,4169
2023-10-15 00:30:00,26804.0,4170
2023-10-15 04:30:00,26859.5,4171
2023-10-15 13:00:00,26800.0,4172
2023-10-15 23:15:00,27013.9,4173
2023-10-16 09:15:00,27620.0,4174
2023-10-16 21:00:00,28210.8,4175
2023-10-17 00:45:00,28222.0,4176
2023-10-17 04:00:00,28026.0,4177
2023-10-17 13:45:00,28111.4,4178
2023-10-17 18:45:00,28269.0,4179
2023-10-18 01:15:00,28307.7,4180
2023-10-18 09:45:00,28201.1,4181
2023-10-18 14:30:00,28125.0,4182
2023-10-18 20:30:00,28173.4,4183
2023-10-19 01:30:00,28074.0,4184
2023-10-19 07:15:00,28223.1,4185
2023-10-19 17:30:00,28436.1,4186
2023-10-19 22:00:00,28580.0,4187
2023-10-20 01:00:00,28555.6,4188
2023-10-20 12:45:00,29350.5,4189
2023-10-20 17:00:00,29302.0,4190
2023-10-21 03:00:00,29450.3,4191
2023-10-21 09:00:00,29618.8,4192
2023-10-21 13:00:00,29651.0,4193
2023-10-21 20:15:00,29894.3,4194
2023-10-21 23:30:00,29822.2,4195
2023-10-22 02:30:00,29825.1,4196
2023-10-22 07:30:00,29605.9,4197
2023-10-22 11:30:00,29801.3,4198
2023-10-22 15:45:00,29766.5,4199
2023-10-22 21:45:00,29675.9,4200
2023-10-23 09:45:00,30330.0,4201
2023-10-23 13:30:00,30372.0,4202
2023-10-23 18:30:00,30577.0,4203
2023-10-24 07:15:00,33714.3,4204
2023-10-24 15:30:00,33229.8,4205
2023-10-24 18:15:00,33364.7,4206
2023-10-24 21:00:00,33483.7,4207
2023-10-25 07:45:00,33685.0,4208
2023-10-25 17:00:00,34378.0,4209
2023-10-25 23:00:00,34246.0,4210
2023-10-26 06:00:00,34402.9,4211
2023-10-26 11:45:00,33965.0,4212
2023-10-26 16:45:00,33751.0,4213
2023-10-27 01:45:00,33779.5,4214
2023-10-27 07:45:00,33940.0,4215
2023-10-27 17:00:00,33350.0,4216
2023-10-28 08:00:00,34053.6,4217
2023-10-28 12:45:00,33920.1,4218
2023-10-29 01:15:00,33965.2,4219
2023-10-29 04:00:00,33936.1,4220
2023-10-29 21:45:00,34408.5,4221
2023-10-30 02:00:00,34147.2,4222
2023-10-30 07:30:00,34126.0,4223
2023-10-30 17:15:00,34026.4,4224
2023-10-31 08:00:00,34041.4,4225
2023-10-31 14:00:00,34135.5,4226
2023-11-01 06:00:00,34333.2,4227
2023-11-01 11:15:00,34363.1,4228
2023-11-01 14:45:00,34058.0,4229
2023-11-02 06:15:00,35067.3,4230
2023-11-02 16:30:00,34295.7,4231
2023-11-03 01:15:00,34358.4,4232
2023-11-03 04:45:00,34301.0,4233
2023-11-03 10:15:00,34131.7,4234
2023-11-03 17:45:00,34329.5,4235
2023-11-04 05:00:00,34588.2,4236
2023-11-04 15:15:00,34640.4,4237
2023-11-04 20:00:00,34714.0,4238
2023-11-05 08:45:00,35033.6,4239
2023-11-05 13:45:00,34755.3,4240
2023-11-05 21:45:00,34415.8,4241
2023-11-06 02:30:00,34844.3,4242
2023-11-06 05:30:00,34750.0,4243
2023-11-06 13:45:00,34917.1,4244
2023-11-06 18:15:00,34812.3,4245
2023-11-06 21:15:00,34912.0,4246
2023-11-07 02:45:00,34814.1,4247
2023-11-07 12:00:00,34526.6,4248
2023-11-07 17:00:00,34562.9,4249
2023-11-07 22:15:00,35206.8,4250
2023-11-08 06:15:00,35160.0,4251
2023-11-08 15:15:00,35075.0,4252
2023-11-08 21:30:00,35401.0,4253
2023-11-09 16:30:00,35610.6,4254
2023-11-10 01:00:00,36477.5,4255
2023-11-10 08:15:00,36360.0,4256
2023-11-10 20:15:00,37080.0,4257
2023-11-11 02:15:00,36927.0,4258
2023-11-11 08:00:00,36954.3,4259
2023-11-11 11:15:00,36931.9,4260
2023-11-11 15:45:00,37014.9,4261
2023-11-11 22:00:00,36613.6,4262
2023-11-12 00:45:00,36748.8,4263
2023-11-12 13:00:00,36950.0,4264
2023-11-12 18:00:00,37083.8,4265
2023-11-12 23:15:00,36962.6,4266
2023-11-13 06:30:00,36776.3,4267
2023-11-13 14:45:00,36535.3,4268
2023-11-13 18:00:00,36622.5,4269
2023-11-13 21:30:00,36327.9,4270
2023-11-14 00:45:00,36209.7,4271
2023-11-14 12:30:00,36211.5,4272
2023-11-14 15:30:00,35700.0,4273
2023-11-14 18:45:00,34542.9,4274
2023-11-15 02:15:00,35384.9,4275
2023-11-16 04:15:00,37339.1,4276
2023-11-16 09:00:00,37210.0,4277
2023-11-16 19:30:00,35500.0,4278
2023-11-17 05:15:00,36125.7,4279
2023-11-17 10:15:00,36137.8,4280
2023-11-17 14:45:00,35870.4,4281
2023-11-17 19:45:00,36249.0,4282
2023-11-18 07:00:00,36203.3,4283
2023-11-18 13:15:00,36374.8,4284
2023-11-18 22:15:00,36465.0,4285
2023-11-19 01:30:00,36413.1,4286
2023-11-19 11:15:00,36378.8,4287
2023-11-19 14:00:00,36387.9,4288
2023-11-20 03:45:00,37062.4,4289
2023-11-20 14:00:00,36620.1,4290
2023-11-20 17:15:00,36782.0,4291
2023-11-20 21:15:00,37274.8,4292
2023-11-21 00:45:00,37326.0,4293
2023-11-21 07:00:00,37236.8,4294
2023-11-21 15:00:00,36231.2,4295
2023-11-22 00:00:00,35613.0,4296
2023-11-22 11:45:00,36451.9,4297
2023-11-22 15:00:00,36231.1,4298
2023-11-22 23:15:00,37263.3,4299
2023-11-23 03:00:00,37270.3,4300
2023-11-23 11:15:00,37100.0,4301
2023-11-23 15:45:00,36867.3,4302
2023-11-23 22:30:00,37180.0,4303
2023-11-24 03:45:00,37300.0,4304
2023-11-24 16:45:00,37553.6,4305
2023-11-24 23:00:00,37580.0,4306
2023-11-25 05:15:00,37733.4,4307
2023-11-25 11:30:00,37582.8,4308
2023-11-25 15:15:00,37622.9,4309
2023-11-25 22:00:00,37705.2,4310
2023-11-26 02:00:00,37671.5,4311
2023-11-26 16:30:00,37124.4,4312
2023-11-26 23:15:00,37320.0,4313
2023-11-27 03:30:00,37189.6,4314
2023-11-27 07:30:00,37001.4,4315
2023-11-27 16:00:00,36714.5,4316
2023-11-27 19:45:00,36790.0,4317
2023-11-28 05:30:00,36880.0,4318
2023-11-28 09:00:00,36933.0,4319
2023-11-28 23:30:00,37635.8,4320
2023-11-29 10:30:00,37909.9,4321
2023-11-29 15:15:00,37566.0,4322
2023-11-29 21:00:00,37581.8,4323
2023-11-30 02:00:00,37697.0,4324
2023-11-30 08:30:00,37584.0,4325
2023-11-30 14:00:00,37429.0,4326
2023-11-30 23:00:00,37591.0,4327
2023-12-01 14:15:00,38209.0,4328
2023-12-01 19:15:00,38629.0,4329
2023-12-02 00:00:00,38640.0,4330
2023-12-02 08:15:00,38650.0,4331
2023-12-02 16:30:00,38706.9,4332
2023-12-02 22:45:00,39290.3,4333
2023-12-03 03:00:00,39280.0,4334
2023-12-03 12:45:00,39380.8,4335
2023-12-03 19:15:00,39450.6,4336
2023-12-04 11:15:00,41339.0,4337
2023-12-04 15:30:00,41113.7,4338
2023-12-05 01:30:00,41641.0,4339
2023-12-05 07:30:00,41380.0,4340
2023-12-06 02:30:00,43560.6,4341
2023-12-06 06:15:00,43452.1,4342
2023-12-06 11:30:00,43379.4,4343
2023-12-06 15:45:00,43738.5,4344
2023-12-06 21:30:00,43612.0,4345
2023-12-07 09:15:00,42833.4,4346
2023-12-07 12:15:00,42942.9,4347
2023-12-07 19:45:00,43089.0,4348
2023-12-08 04:00:00,43390.9,4349
2023-12-08 07:15:00,43005.0,4350
2023-12-08 10:15:00,43111.0,4351
2023-12-08 17:00:00,43657.6,4352
2023-12-09 01:00:00,44067.0,4353
2023-12-09 08:30:00,43746.0,4354
2023-12-09 14:45:00,43758.6,4355
2023-12-09 23:30:00,43326.6,4356
2023-12-10 09:45:00,43637.0,4357
2023-12-10 19:45:00,43753.5,4358
2023-12-11 02:00:00,40167.7,4359
2023-12-11 05:45:00,41555.0,4360
2023-12-11 19:30:00,40242.4,4361
2023-12-12 04:45:00,41412.4,4362
2023-12-12 11:45:00,41580.5,4363
2023-12-12 18:00:00,40683.9,4364
2023-12-13 02:15:00,40510.9,4365
2023-12-13 07:00:00,40822.0,4366
2023-12-13 11:45:00,40985.4,4367
2023-12-14 02:30:00,42697.6,4368
2023-12-14 09:00:00,42706.8,4369
2023-12-14 13:30:00,41190.0,4370
2023-12-15 03:15:00,42443.1,4371
2023-12-15 06:15:00,42533.8,4372
2023-12-15 15:45:00,41671.6,4373
2023-12-16 00:30:00,41619.8,4374
2023-12-16 08:30:00,42114.8,4375
2023-12-16 22:00:00,42157.3,4376
2023-12-17 02:45:00,41872.0,4377
2023-12-17 08:15:00,41680.0,4378
2023-12-17 14:30:00,41527.9,4379
2023-12-18 02:30:00,40810.0,4380
2023-12-18 10:30:00,40566.0,4381
2023-12-18 16:00:00,41165.0,4382
2023-12-19 06:15:00,42843.7,4383
2023-12-19 17:45:00,41836.4,4384
2023-12-20 02:00:00,42206.3,4385
2023-12-20 10:15:00,42705.1,4386
2023-12-20 16:45:00,43510.0,4387
2023-12-20 20:00:00,43242.0,4388
2023-12-21 02:45:00,43324.3,4389
2023-12-21 05:45:00,43487.4,4390
2023-12-21 09:15:00,43620.6,4391
2023-12-21 15:00:00,43388.7,4392
2023-12-21 17:45:00,43394.1,4393
2023-12-22 00:15:00,43759.3,4394
2023-12-22 09:15:00,43500.6,4395
2023-12-22 14:15:00,43414.1,4396
2023-12-23 04:00:00,43262.9,4397
2023-12-23 11:15:00,43513.8,4398
2023-12-23 20:15:00,43642.0,4399
2023-12-24 00:15:00,43635.0,4400
2023-12-24 05:30:00,43451.0,4401
2023-12-24 10:30:00,43420.8,4402
2023-12-24 16:00:00,43566.0,4403
2023-12-24 22:15:00,42534.1,4404
2023-12-25 09:30:00,43077.2,4405
2023-12-26 00:45:00,43428.5,4406
2023-12-26 06:00:00,42570.8,4407
2023-12-26 09:45:00,42100.0,4408
2023-12-26 17:30:00,41655.0,4409
2023-12-27 03:30:00,42138.7,4410
2023-12-27 13:00:00,42729.4,4411
2023-12-28 02:00:00,43334.9,4412
2023-12-28 07:15:00,42818.8,4413
2023-12-28 16:15:00,42302.2,4414
2023-12-28 21:45:00,42380.5,4415
2023-12-29 01:00:00,42120.0,4416
2023-12-29 07:30:00,42266.2,4417
2023-12-29 17:45:00,41700.0,4418
2023-12-29 22:15:00,41278.0,4419
2023-12-30 03:15:00,41856.9,4420
2023-12-30 09:30:00,41554.4,4421
2023-12-30 22:45:00,42113.9,4422
2023-12-31 02:45:00,42012.5,4423
2023-12-31 12:45:00,42376.3,4424
2023-12-31 15:30:00,42387.4,4425
2023-12-31 22:45:00,42096.0,4426
2024-01-01 05:45:00,42211.2,4427
2024-01-01 14:15:00,42605.4,4428
2024-01-01 22:15:00,43421.8,4429
2024-01-02 11:30:00,45242.3,4430
2024-01-02 15:15:00,44868.2,4431
2024-01-02 21:00:00,44633.0,4432
2024-01-03 04:30:00,45154.3,4433
2024-01-03 07:45:00,44971.0,4434
2024-01-03 12:00:00,40210.0,4435
2024-01-03 18:45:00,41728.4,4436
2024-01-04 10:15:00,42677.4,4437
2024-01-05 01:45:00,42181.0,4438
2024-01-05 10:45:00,43465.7,4439
2024-01-05 14:30:00,42972.2,4440
2024-01-06 07:15:00,43400.7,4441
2024-01-06 12:45:00,43525.5,4442
2024-01-06 20:00:00,43548.5,4443
2024-01-07 02:30:00,43840.8,4444
2024-01-07 05:45:00,43850.8,4445
2024-01-07 09:45:00,43885.6,4446
2024-01-07 17:00:00,43639.6,4447
2024-01-07 23:30:00,43577.0,4448
2024-01-08 02:45:00,43136.9,4449
2024-01-08 09:45:00,43640.1,4450
2024-01-08 15:30:00,44465.0,4451
2024-01-09 00:30:00,46261.0,4452
2024-01-09 05:30:00,46624.0,4453
2024-01-09 09:15:00,46411.8,4454
2024-01-09 12:45:00,45500.0,4455
2024-01-09 18:30:00,46500.0,4456
2024-01-09 21:15:00,44750.0,4457
2024-01-10 01:30:00,45633.3,4458
2024-01-10 08:45:00,45322.4,4459
2024-01-10 13:00:00,44301.0,4460
2024-01-10 20:00:00,44727.6,4461
2024-01-11 06:15:00,45620.0,4462
2024-01-11 17:15:00,45525.3,4463
2024-01-12 01:15:00,45909.1,4464
2024-01-12 04:45:00,45862.0,4465
2024-01-12 09:15:00,45530.2,4466
2024-01-12 16:45:00,43202.6,4467
2024-01-12 22:15:00,41323.0,4468
2024-01-13 03:00:00,42449.0,4469
2024-01-13 11:45:00,42506.0,4470
2024-01-13 20:00:00,42706.3,4471
2024-01-14 00:45:00,42667.0,4472
2024-01-14 04:15:00,42576.7,4473
2024-01-14 12:15:00,42695.6,4474
2024-01-14 23:45:00,41708.8,4475
2024-01-15 07:30:00,42488.0,4476
2024-01-15 10:45:00,42502.1,4477
2024-01-15 14:45:00,42159.2,4478
2024-01-15 22:15:00,42328.5,4479
2024-01-16 07:15:00,42605.6,4480
2024-01-16 14:30:00,42003.9,4481
2024-01-16 18:30:00,42820.2,4482
2024-01-17 08:00:00,42550.0,4483
2024-01-17 17:00:00,42195.7,4484
2024-01-17 22:15:00,42442.3,4485
2024-01-18 01:30:00,42503.0,4486
2024-01-18 12:15:00,42347.5,4487
2024-01-18 20:30:00,40669.0,4488
2024-01-19 03:30:00,40743.7,4489
2024-01-19 08:00:00,41140.3,4490
2024-01-19 17:00:00,40269.0,4491
2024-01-20 00:30:00,41412.6,4492
2024-01-20 09:45:00,41450.4,4493
2024-01-20 15:00:00,41480.0,4494
2024-01-20 18:00:00,41518.9,4495
2024-01-20 23:45:00,41616.9,4496
2024-01-21 06:15:00,41557.6,4497
2024-01-21 16:30:00,41511.0,4498
2024-01-22 05:00:00,40669.3,4499
2024-01-22 10:15:00,40350.0,4500
2024-01-22 15:15:00,40318.0,4501
2024-01-22 19:30:00,39394.7,4502
2024-01-22 22:45:00,39360.0,4503
2024-01-23 14:15:00,38531.5,4504
2024-01-24 04:00:00,39561.0,4505
2024-01-24 14:15:00,39752.0,4506
2024-01-24 21:00:00,39488.0,4507
2024-01-25 05:30:00,39775.9,4508
2024-01-25 17:15:00,39537.0,4509
2024-01-25 20:45:00,39629.2,4510
2024-01-26 01:00:00,39810.0,4511
2024-01-26 07:30:00,39882.2,4512
2024-01-26 20:45:00,41810.5,4513
2024-01-27 00:45:00,41693.0,4514
2024-01-27 09:00:00,41365.0,4515
2024-01-27 18:00:00,41720.7,4516
2024-01-28 00:45:00,41905.1,4517
2024-01-28 22:30:00,41587.4,4518
2024-01-29 08:00:00,41939.6,4519
2024-01-29 14:45:00,41767.9,4520
2024-01-30 08:00:00,43172.1,4521
2024-01-30 14:00:00,43083.7,4522
2024-01-31 02:15:00,42631.0,4523
2024-01-31 11:00:00,42333.3,4524
2024-01-31 21:15:00,42255.0,4525
2024-02-01 01:30:00,41843.5,4526
2024-02-01 04:30:00,41883.8,4527
2024-02-01 12:00:00,41931.0,4528
2024-02-01 22:30:00,42855.0,4529
2024-02-02 04:45:00,42922.7,4530
2024-02-02 10:00:00,42922.2,4531
2024-02-02 13:45:00,42520.3,4532
2024-02-02 18:00:00,42742.0,4533
2024-02-03 12:00:00,42937.7,4534
2024-02-03 15:00:00,42859.1,4535
2024-02-03 20:00:00,42972.3,4536
2024-02-04 00:30:00,42875.6,4537
2024-02-04 07:00:00,42711.0,4538
2024-02-04 15:15:00,42812.0,4539
2024-02-04 22:30:00,42154.0,4540
2024-02-05 16:15:00,42439.4,4541
2024-02-05 22:00:00,42286.3,4542
2024-02-06 06:15:00,42615.1,4543
2024-02-06 12:45:00,42631.0,4544
2024-02-06 18:30:00,42968.3,4545
2024-02-06 23:15:00,43010.8,4546
2024-02-07 03:45:00,42774.2,4547
2024-02-07 08:00:00,42850.3,4548
2024-02-07 10:45:00,42807.3,4549
2024-02-07 15:00:00,42888.0,4550
2024-02-08 07:00:00,44401.0,4551
2024-02-08 12:30:00,44564.8,4552
2024-02-08 22:30:00,45180.1,4553
2024-02-09 14:15:00,46603.2,4554
2024-02-09 22:30:00,47000.9,4555
2024-02-10 10:45:00,46840.0,4556
2024-02-10 17:15:00,47142.3,4557
2024-02-11 01:15:00,47555.7,4558
2024-02-11 07:45:00,48066.0,4559
2024-02-11 10:45:00,47906.4,4560
2024-02-11 16:15:00,47933.0,4561
2024-02-11 21:15:00,47965.0,4562
2024-02-12 02:45:00,48002.5,4563
2024-02-12 06:45:00,47712.8,4564
2024-02-12 10:00:00,47725.2,4565
2024-02-12 19:45:00,49528.0,4566
2024-02-13 03:45:00,49762.0,4567
2024-02-13 14:15:00,48362.5,4568
2024-02-13 17:00:00,48300.1,4569
2024-02-14 01:15:00,49329.0,4570
2024-02-14 04:30:00,49220.5,4571
2024-02-14 16:15:00,51196.3,4572
2024-02-14 19:15:00,51219.3,4573
2024-02-15 01:30:00,51733.5,4574
2024-02-15 07:30:00,51659.1,4575
2024-02-15 15:30:00,51700.9,4576
2024-02-15 21:45:00,51322.5,4577
2024-02-16 09:00:00,51586.2,4578
2024-02-16 15:00:00,51600.6,4579
2024-02-16 19:45:00,51672.0,4580
2024-02-17 01:45:00,51861.7,4581
2024-02-17 05:15:00,51815.3,4582
2024-02-17 10:15:00,51514.6,4583
2024-02-17 14:45:00,50652.3,4584
2024-02-18 02:45:00,51176.0,4585
2024-02-18 06:45:00,51425.4,4586
2024-02-18 13:00:00,51564.4,4587
2024-02-18 20:15:00,51616.9,4588
2024-02-19 01:30:00,51930.1,4589
2024-02-19 05:45:00,52012.3,4590
2024-02-19 08:45:00,52102.6,4591
2024-02-19 16:45:00,51701.0,4592
2024-02-19 21:30:00,51725.0,4593
2024-02-20 01:15:00,51324.9,4594
2024-02-20 09:15:00,51583.4,4595
2024-02-20 17:15:00,50725.2,4596
2024-02-21 12:00:00,50430.0,4597
2024-02-21 19:00:00,50574.4,4598
2024-02-22 01:45:00,51161.3,4599
2024-02-22 13:45:00,50939.9,4600
2024-02-22 22:15:00,51142.4,4601
2024-02-23 03:15:00,50969.1,4602
2024-02-23 08:45:00,50846.2,4603
2024-02-23 16:15:00,50610.1,4604
2024-02-23 23:15:00,50538.5,4605
2024-02-24 02:00:00,50600.0,4606
2024-02-25 01:15:00,51465.7,4607
2024-02-25 09:00:00,51562.0,4608
2024-02-25 16:45:00,51300.0,4609
2024-02-26 03:00:00,51407.5,4610
2024-02-26 09:45:00,50922.0,4611
2024-02-26 23:45:00,54479.5,4612
2024-02-27 16:00:00,56232.3,4613
2024-02-27 21:45:00,56620.6,4614
2024-02-28 02:00:00,56735.4,4615
2024-02-28 11:45:00,58524.1,4616
2024-02-28 17:30:00,58558.5,4617
2024-02-28 21:00:00,59811.7,4618
2024-02-29 01:15:00,61078.7,4619
2024-02-29 10:15:00,62170.0,4620
2024-02-29 13:15:00,62056.1,4621
2024-02-29 18:45:00,60460.9,4622
2024-02-29 21:30:00,60600.0,4623
2024-03-01 02:30:00,60827.0,4624
2024-03-01 11:30:00,61865.8,4625
2024-03-01 15:45:00,61156.6,4626
2024-03-02 01:15:00,61972.3,4627
2024-03-02 05:15:00,61788.5,4628
2024-03-02 09:30:00,61700.4,4629
2024-03-02 14:00:00,61591.3,4630
2024-03-03 02:30:00,61694.0,4631
2024-03-03 07:30:00,61317.7,4632
2024-03-04 00:45:00,62235.0,4633
2024-03-04 05:30:00,63282.1,4634
2024-03-04 14:00:00,64557.1,4635
2024-03-05 05:00:00,64878.0,4636
2024-03-05 08:00:00,65561.4,4637
2024-03-05 19:45:00,59111.0,4638
2024-03-06 12:45:00,64349.3,4639
2024-03-07 01:00:00,65555.0,4640
2024-03-07 04:00:00,65693.0,4641
2024-03-07 11:15:00,66531.3,4642
2024-03-07 14:45:00,66572.0,4643
2024-03-08 00:00:00,66790.0,4644
2024-03-08 05:45:00,66806.0,4645
2024-03-08 16:00:00,66135.1,4646
2024-03-08 21:45:00,67779.5,4647
2024-03-09 01:45:00,67897.4,4648
2024-03-09 10:15:00,67983.5,4649
2024-03-09 17:15:00,68050.1,4650
2024-03-10 00:30:00,68275.0,4651
2024-03-10 09:30:00,69246.4,4652
2024-03-10 14:30:00,68674.8,4653
2024-03-10 19:00:00,69172.0,4654
2024-03-11 00:45:00,66923.0,4655
2024-03-11 11:45:00,71303.0,4656
2024-03-11 19:45:00,71801.7,4657
2024-03-12 04:00:00,71336.3,4658
2024-03-12 08:15:00,71425.1,4659
2024-03-12 17:15:00,68671.3,4660
2024-03-12 21:00:00,70631.7,4661
2024-03-13 13:45:00,71673.6,4662
2024-03-14 01:30:00,72550.0,4663
2024-03-14 04:45:00,72697.1,4664
2024-03-14 19:30:00,68613.6,4665
2024-03-15 03:15:00,66586.0,4666
2024-03-15 09:00:00,65559.2,4667
2024-03-15 20:45:00,67346.9,4668
2024-03-16 05:15:00,68631.0,4669
2024-03-16 14:00:00,67544.2,4670
2024-03-16 18:00:00,66666.0,4671
2024-03-16 23:15:00,64696.4,4672
2024-03-17 07:15:00,64539.8,4673
2024-03-17 12:45:00,66458.2,4674
2024-03-18 01:00:00,66832.7,4675
2024-03-18 08:15:00,67325.3,4676
2024-03-18 17:00:00,66533.5,4677
2024-03-19 11:15:00,62544.6,4678
2024-03-19 14:30:00,62420.1,4679
2024-03-19 23:15:00,61555.0,4680
2024-03-20 05:30:00,60761.2,4681
2024-03-20 16:30:00,62055.6,4682
2024-03-21 05:15:00,66073.5,4683
2024-03-21 09:45:00,66666.0,4684
2024-03-21 20:00:00,64528.0,4685
2024-03-22 02:00:00,65150.0,4686
2024-03-22 14:45:00,62556.8,4687
2024-03-22 21:30:00,62098.0,4688
2024-03-23 03:30:00,63001.1,4689
2024-03-23 13:45:00,64272.2,4690
2024-03-23 20:00:00,64689.3,4691
2024-03-23 23:45:00,63875.6,4692
2024-03-24 04:30:00,63780.6,4693
2024-03-24 07:30:00,64028.5,4694
2024-03-24 17:00:00,64601.0,4695
2024-03-25 02:15:00,66374.5,4696
2024-03-25 07:45:00,66729.5,4697
2024-03-25 21:15:00,69600.0,4698
2024-03-26 08:00:00,70304.8,4699
2024-03-26 14:30:00,69333.0,4700
2024-03-26 20:00:00,69431.2,4701
2024-03-27 09:00:00,69468.0,4702
2024-03-27 14:00:00,68400.0,4703
2024-03-28 02:45:00,68955.0,4704
2024-03-28 18:45:00,70452.6,4705
2024-03-28 22:15:00,70594.0,4706
2024-03-29 15:30:00,69000.5,4707
2024-03-29 21:30:00,69313.7,4708
2024-03-30 03:45:00,69817.6,4709
2024-03-30 08:00:00,69878.2,4710
2024-03-30 23:15:00,69582.0,4711
2024-03-31 03:15:00,69828.0,4712
2024-03-31 09:15:00,70215.0,4713
2024-03-31 15:15:00,70343.0,4714
2024-03-31 21:30:00,70681.9,4715
2024-04-01 06:00:00,68850.2,4716
2024-04-01 16:00:00,68043.8,4717
2024-04-02 02:30:00,65611.0,4718
2024-04-02 05:15:00,66120.0,4719
2024-04-02 16:00:00,64490.0,4720
2024-04-02 21:30:00,65209.8,4721
2024-04-03 00:30:00,64406.0,4722
2024-04-03 11:00:00,65566.1,4723
2024-04-03 18:30:00,65460.4,4724
2024-04-04 04:15:00,65035.7,4725
2024-04-04 11:00:00,66115.0,4726
2024-04-04 20:15:00,67263.2,4727
2024-04-05 05:15:00,66305.0,4728
2024-04-05 09:15:00,66374.0,4729
2024-04-05 12:30:00,65943.0,4730
2024-04-05 18:00:00,67308.9,4731
2024-04-06 02:30:00,67457.9,4732
2024-04-06 13:30:00,67522.0,4733
2024-04-07 04:30:00,69020.0,4734
2024-04-07 11:15:00,69190.0,4735
2024-04-07 19:45:00,68855.0,4736
2024-04-08 14:45:00,71305.0,4737
2024-04-08 20:30:00,71540.2,4738
2024-04-09 01:00:00,70876.0,4739
2024-04-09 08:00:00,69608.0,4740
2024-04-09 17:00:00,68200.3,4741
2024-04-10 02:45:00,68505.5,4742
2024-04-10 13:45:00,67506.1,4743
2024-04-11 04:30:00,70402.9,4744
2024-04-11 23:15:00,69742.6,4745
2024-04-12 09:45:00,70534.6,4746
2024-04-12 18:30:00,64669.0,4747
2024-04-13 01:45:00,65684.7,4748
2024-04-13 08:45:00,67080.0,4749
2024-04-13 12:00:00,67150.0,4750
2024-04-13 20:00:00,59765.9,4751
2024-04-14 03:00:00,62088.7,4752
2024-04-14 11:30:00,63842.8,4753
2024-04-14 14:30:00,63407.7,4754
2024-04-14 17:15:00,62514.2,4755
2024-04-14 21:15:00,63268.3,4756
2024-04-15 04:15:00,64624.8,4757
2024-04-15 19:00:00,62222.0,4758
2024-04-16 04:45:00,61631.0,4759
2024-04-16 10:30:00,61512.5,4760
2024-04-16 16:15:00,61657.5,4761
2024-04-17 04:15:00,63630.1,4762
2024-04-17 16:00:00,59605.0,4763
2024-04-18 00:15:00,60902.5,4764
2024-04-18 06:30:00,60757.0,4765
2024-04-18 18:00:00,62274.7,4766
2024-04-19 02:30:00,59521.7,4767
2024-04-19 16:15:00,63433.5,4768
2024-04-19 23:00:00,62888.0,4769
2024-04-20 09:45:00,63228.0,4770
2024-04-20 22:00:00,64520.0,4771
2024-04-21 04:15:00,64810.0,4772
2024-04-21 09:15:00,64695.9,4773
2024-04-21 16:30:00,64200.0,4774
2024-04-21 20:00:00,64300.0,4775
2024-04-22 02:00:00,64463.1,4776
2024-04-22 12:15:00,65562.6,4777
2024-04-22 15:00:00,65601.0,4778
2024-04-23 04:45:00,66115.0,4779
2024-04-23 08:00:00,65915.0,4780
2024-04-23 12:45:00,65750.0,4781
2024-04-23 20:15:00,65929.8,4782
2024-04-24 10:00:00,66169.2,4783
2024-04-24 20:15:00,63562.6,4784
2024-04-24 23:00:00,63780.0,4785
2024-04-25 02:00:00,63813.6,4786
2024-04-25 13:15:00,62745.2,4787
2024-04-26 01:15:00,63780.0,4788
2024-04-26 05:00:00,63914.5,4789
2024-04-26 16:00:00,63273.0,4790
2024-04-27 01:15:00,62370.0,4791
2024-04-27 05:00:00,62746.3,4792
2024-04-27 11:00:00,62641.0,4793
2024-04-27 17:00:00,62712.0,4794
2024-04-28 10:15:00,63309.8,4795
2024-04-28 15:30:00,63424.6,4796
2024-04-28 23:00:00,62674.2,4797
2024-04-29 03:45:00,61832.2,4798
2024-04-29 06:45:00,61856.4,4799
2024-04-29 13:45:00,61729.9,4800
2024-04-29 19:15:00,62520.0,4801
2024-04-30 02:00:00,63088.0,4802
2024-04-30 19:45:00,59132.0,4803
2024-05-01 02:00:00,59550.0,4804
2024-05-01 08:15:00,56505.0,4805
2024-05-01 17:15:00,56580.7,4806
2024-05-01 20:15:00,56723.9,4807
2024-05-02 01:30:00,56887.3,4808
2024-05-02 05:30:00,57163.8,4809
2024-05-02 10:30:00,57518.5,4810
2024-05-02 20:30:00,58572.1,4811
2024-05-03 00:30:00,58780.0,4812
2024-05-03 07:45:00,58979.7,4813
2024-05-03 10:45:00,58816.1,4814
2024-05-04 02:30:00,62512.8,4815
2024-05-04 17:15:00,63266.0,4816
2024-05-04 21:30:00,63491.7,4817
2024-05-05 01:30:00,62866.1,4818
2024-05-05 20:30:00,63536.1,4819
2024-05-06 03:00:00,63680.0,4820
2024-05-06 19:15:00,62669.0,4821
2024-05-07 00:15:00,62940.9,4822
2024-05-07 03:30:00,62803.5,4823
2024-05-07 14:30:00,63020.2,4824
2024-05-07 18:30:00,62780.0,4825
2024-05-08 00:30:00,62075.5,4826
2024-05-08 08:00:00,62001.1,4827
2024-05-08 13:30:00,61742.2,4828
2024-05-08 23:15:00,60850.0,4829
2024-05-09 11:00:00,60544.5,4830
2024-05-09 13:45:00,60855.1,4831
2024-05-10 01:00:00,62623.4,4832
2024-05-10 05:30:00,62628.1,4833
2024-05-10 11:15:00,62767.7,4834
2024-05-10 17:45:00,60111.0,4835
2024-05-11 00:45:00,60650.0,4836
2024-05-11 04:15:00,60700.0,4837
2024-05-11 11:15:00,60461.0,4838
2024-05-11 20:30:00,60751.0,4839
2024-05-11 23:30:00,60720.9,4840
2024-05-12 07:30:00,60566.6,4841
2024-05-12 21:15:00,60805.4,4842
2024-05-13 03:15:00,60707.8,4843
2024-05-13 18:15:00,62530.0,4844
2024-05-13 22:30:00,62675.0,4845
2024-05-14 06:15:00,61368.2,4846
2024-05-14 12:30:00,61000.1,4847
2024-05-14 17:30:00,61123.6,4848
2024-05-15 00:45:00,61310.0,4849
2024-05-16 06:00:00,65618.7,4850
2024-05-16 17:30:00,64580.4,4851
2024-05-17 01:15:00,65070.1,4852
2024-05-17 13:30:00,65771.7,4853
2024-05-17 18:00:00,66161.0,4854
2024-05-17 22:15:00,66640.0,4855
2024-05-18 06:30:00,66705.1,4856
2024-05-18 14:30:00,66469.0,4857
2024-05-18 21:30:00,66735.7,4858
2024-05-19 06:45:00,66900.0,4859
2024-05-19 13:30:00,66631.2,4860
2024-05-19 19:45:00,65822.0,4861
2024-05-20 01:30:00,66034.0,4862
2024-05-20 06:45:00,66250.1,4863
2024-05-20 14:30:00,66708.9,4864
2024-05-21 04:45:00,70800.0,4865
2024-05-21 08:30:00,70855.1,4866
2024-05-21 19:30:00,69155.0,4867
2024-05-22 04:45:00,69232.4,4868
2024-05-22 13:45:00,69466.0,4869
2024-05-22 21:00:00,68812.4,4870
2024-05-23 14:45:00,67631.7,4871
2024-05-23 20:00:00,66311.1,4872
2024-05-24 08:15:00,66628.2,4873
2024-05-24 13:45:00,66921.1,4874
2024-05-25 00:00:00,68524.4,4875
2024-05-25 06:30:00,68626.5,4876
2024-05-25 15:45:00,68821.7,4877
2024-05-25 21:45:00,69054.2,4878
2024-05-26 02:45:00,68808.8,4879
2024-05-26 09:30:00,69001.1,4880
2024-05-26 12:30:00,68960.9,4881
2024-05-26 15:45:00,68647.3,4882
2024-05-26 21:30:00,68121.0,4883
2024-05-27 05:30:00,68311.7,4884
2024-05-27 11:30:00,68277.0,4885
2024-05-27 19:45:00,69090.0,4886
2024-05-28 04:30:00,67430.0,4887
2024-05-28 08:00:00,67563.4,4888
2024-05-28 14:00:00,67522.1,4889
2024-05-28 18:30:00,67250.0,4890
2024-05-29 00:00:00,68288.9,4891
2024-05-29 08:15:00,67630.5,4892
2024-05-29 16:00:00,67124.7,4893
2024-05-29 20:00:00,67173.8,4894
2024-05-30 01:00:00,67483.5,4895
2024-05-30 08:15:00,67137.0,4896
2024-05-30 20:00:00,68023.8,4897
2024-05-31 09:15:00,67876.0,4898
2024-05-31 16:15:00,66660.0,4899
2024-05-31 23:15:00,67246.0,4900
2024-06-01 07:30:00,67600.0,4901
2024-06-01 17:45:00,67563.9,4902
2024-06-02 02:45:00,67670.0,4903
2024-06-02 10:15:00,67374.5,4904
2024-06-02 19:15:00,67279.7,4905
2024-06-03 00:30:00,67621.5,4906
2024-06-03 11:00:00,68868.9,4907
2024-06-03 14:45:00,68556.0,4908
2024-06-04 00:15:00,68668.0,4909
2024-06-04 06:00:00,68807.6,4910
2024-06-04 09:45:00,68604.9,4911
2024-06-04 19:30:00,70101.0,4912
2024-06-05 14:15:00,70406.0,4913
2024-06-05 19:00:00,70888.0,4914
2024-06-05 23:15:00,70707.6,4915
2024-06-06 05:45:00,70820.8,4916
2024-06-06 20:00:00,70144.1,4917
2024-06-07 01:30:00,70661.3,4918
2024-06-07 08:00:00,71081.4,4919
2024-06-07 12:30:00,70668.0,4920
2024-06-07 18:00:00,68336.7,4921
2024-06-08 05:00:00,69265.2,4922
2024-06-08 13:30:00,69204.0,4923
2024-06-08 16:15:00,69334.5,4924
2024-06-09 03:15:00,69157.1,4925
2024-06-09 14:30:00,69240.0,4926
2024-06-09 20:30:00,69577.1,4927
2024-06-10 00:45:00,69421.0,4928
2024-06-10 09:30:00,69168.4,4929
2024-06-10 13:30:00,69234.6,4930
2024-06-10 20:00:00,69324.0,4931
2024-06-11 10:00:00,66700.1,4932
2024-06-11 15:30:00,65931.6,4933
2024-06-12 01:15:00,66859.4,4934
2024-06-12 05:45:00,67151.1,4935
2024-06-12 19:45:00,67228.0,4936
2024-06-13 03:30:00,66937.7,4937
2024-06-13 06:30:00,67268.4,4938
2024-06-13 09:45:00,67152.6,4939
2024-06-13 16:00:00,66225.9,4940
2024-06-13 20:30:00,66477.9,4941
2024-06-14 01:30:00,66450.5,4942
2024-06-14 11:00:00,66727.3,4943
2024-06-14 17:00:00,65030.0,4944
2024-06-15 20:15:00,65808.1,4945
2024-06-16 04:15:00,66007.5,4946
2024-06-16 09:15:00,66156.1,4947
2024-06-16 20:00:00,66421.1,4948
2024-06-17 03:45:00,66110.0,4949
2024-06-17 07:00:00,65904.3,4950
2024-06-17 14:00:00,65058.0,4951
2024-06-18 02:00:00,64500.0,4952
2024-06-18 06:45:00,65370.0,4953
2024-06-18 14:00:00,64200.0,4954
2024-06-18 19:45:00,64026.6,4955
2024-06-19 01:45:00,64780.0,4956
2024-06-19 15:45:00,64710.0,4957
2024-06-19 20:15:00,64650.0,4958
2024-06-19 23:30:00,64770.0,4959
2024-06-20 16:15:00,64514.2,4960
2024-06-21 00:15:00,64601.1,4961
2024-06-21 04:00:00,64259.4,4962
2024-06-21 08:45:00,63422.1,4963
2024-06-21 13:45:00,63333.0,4964
2024-06-21 21:15:00,63801.3,4965
2024-06-22 00:30:00,63904.1,4966
2024-06-22 09:15:00,64171.2,4967
2024-06-22 19:30:00,64190.0,4968
2024-06-22 23:45:00,64214.7,4969
2024-06-23 05:30:00,64299.7,4970
2024-06-23 11:00:00,64224.6,4971
2024-06-23 16:45:00,63878.3,4972
2024-06-24 06:00:00,62111.0,4973
2024-06-24 09:30:00,60348.5,4974
2024-06-24 20:30:00,58320.0,4975
2024-06-25 07:45:00,60581.0,4976
2024-06-25 18:00:00,61110.7,4977
2024-06-26 00:30:00,61589.3,4978
2024-06-26 10:45:00,61120.0,4979
2024-06-26 20:15:00,60666.0,4980
2024-06-27 00:15:00,60725.9,4981
2024-06-27 06:45:00,60564.8,4982
2024-06-27 20:00:00,61323.2,4983
2024-06-28 00:45:00,61443.0,4984
2024-06-28 08:00:00,61155.1,4985
2024-06-28 20:00:00,60011.5,4986
2024-06-29 16:15:00,60880.1,4987
2024-06-29 19:30:00,60886.8,4988
2024-06-29 22:45:00,60762.3,4989
2024-06-30 05:15:00,60673.0,4990
2024-06-30 12:30:00,61280.5,4991
2024-06-30 21:15:00,61777.2,4992
2024-07-01 04:30:00,63165.0,4993
2024-07-01 13:45:00,62464.4,4994
2024-07-02 00:15:00,62738.1,4995
2024-07-02 08:00:00,62401.3,4996
2024-07-02 16:00:00,61779.6,4997
2024-07-02 20:00:00,61854.7,4998
2024-07-03 03:15:00,60555.1,4999
2024-07-03 10:30:00,59500.2,5000
2024-07-03 21:00:00,59350.2,5001
2024-07-04 02:00:00,57770.2,5002
2024-07-04 09:15:00,56930.0,5003
2024-07-04 13:45:00,56687.5,5004
2024-07-05 04:15:00,53314.3,5005
2024-07-05 13:00:00,54810.0,5006
2024-07-05 18:15:00,55782.6,5007
2024-07-06 05:00:00,56002.0,5008
2024-07-06 12:45:00,56480.7,5009
2024-07-07 01:15:00,57803.6,5010
2024-07-07 07:30:00,57057.0,5011
2024-07-07 14:15:00,56520.6,5012
2024-07-08 01:15:00,54228.3,5013
2024-07-08 14:30:00,54856.0,5014
2024-07-09 00:30:00,56257.0,5015
2024-07-09 07:45:00,56974.9,5016
2024-07-09 15:00:00,56862.0,5017
2024-07-10 01:00:00,57309.1,5018
2024-07-10 13:30:00,57457.9,5019
2024-07-10 20:15:00,57127.0,5020
2024-07-11 00:30:00,57343.8,5021
2024-07-11 03:15:00,57016.1,5022
2024-07-11 16:00:00,57162.0,5023
2024-07-11 20:00:00,57180.7,5024
2024-07-12 01:15:00,56513.3,5025
2024-07-12 04:30:00,56680.8,5026
2024-07-12 10:15:00,56733.0,5027
2024-07-12 20:15:00,57118.0,5028
2024-07-13 05:00:00,57711.2,5029
2024-07-13 09:00:00,57885.0,5030
2024-07-13 17:30:00,58530.6,5031
2024-07-13 22:15:00,58228.5,5032
2024-07-14 14:30:00,59426.0,5033
2024-07-14 20:00:00,59850.0,5034
2024-07-15 11:15:00,62275.0,5035
2024-07-16 08:30:00,62350.3,5036
2024-07-16 14:00:00,63029.3,5037
2024-07-16 22:00:00,64111.1,5038
2024-07-17 08:15:00,64775.9,5039
2024-07-17 16:30:00,63800.0,5040
2024-07-17 21:00:00,64001.3,5041
2024-07-18 00:00:00,63858.7,5042
2024-07-18 05:15:00,64366.2,5043
2024-07-18 11:00:00,64401.2,5044
2024-07-18 16:00:00,63265.4,5045
2024-07-18 19:15:00,63200.0,5046
2024-07-19 01:15:00,63281.0,5047
2024-07-19 08:15:00,63361.9,5048
2024-07-20 01:45:00,66202.0,5049
2024-07-20 05:30:00,66400.1,5050
2024-07-20 08:45:00,66421.0,5051
2024-07-20 13:15:00,66251.0,5052
2024-07-20 21:00:00,66754.0,5053
2024-07-21 07:00:00,66556.0,5054
2024-07-21 13:30:00,66562.9,5055
2024-07-21 18:00:00,65738.0,5056
2024-07-22 01:30:00,67698.5,5057
2024-07-22 09:00:00,66925.0,5058
2024-07-22 15:00:00,66543.0,5059
2024-07-22 23:00:00,67132.1,5060
2024-07-23 07:30:00,66230.0,5061
2024-07-23 13:45:00,65920.7,5062
2024-07-23 19:45:00,65371.6,5063
2024-07-24 02:15:00,65449.4,5064
2024-07-24 05:15:00,65603.0,5065
2024-07-24 21:30:00,64903.0,5066
2024-07-25 04:00:00,63750.0,5067
2024-07-25 08:15:00,63800.0,5068
2024-07-25 14:00:00,63378.5,5069
2024-07-25 18:45:00,64330.0,5070
2024-07-26 05:45:00,66835.5,5071
2024-07-26 14:30:00,66857.6,5072
2024-07-27 01:45:00,67616.0,5073
2024-07-27 20:15:00,66608.3,5074
2024-07-28 00:00:00,67226.1,5075
2024-07-28 05:00:00,67026.9,5076
2024-07-28 08:30:00,67191.7,5077
2024-07-28 15:30:00,67588.0,5078
2024-07-28 21:00:00,67804.0,5079
2024-07-29 08:30:00,69371.0,5080
2024-07-29 17:00:00,66360.9,5081
2024-07-30 00:15:00,65801.4,5082
2024-07-30 05:30:00,66278.9,5083
2024-07-30 15:00:00,65522.0,5084
2024-07-30 20:00:00,65265.0,5085
2024-07-31 00:00:00,65850.0,5086
2024-07-31 04:45:00,65477.0,5087
2024-07-31 10:30:00,65901.3,5088
2024-07-31 14:15:00,65940.0,5089
2024-07-31 21:00:00,64502.4,5090
2024-08-01 04:45:00,63513.5,5091
2024-08-01 17:45:00,62217.7,5092
2024-08-02 02:30:00,63650.0,5093
2024-08-02 06:30:00,63756.6,5094
2024-08-02 15:15:00,62410.0,5095
2024-08-03 01:00:00,60465.0,5096
2024-08-03 09:00:00,61418.8,5097
2024-08-03 21:00:00,59822.0,5098
2024-08-04 01:30:00,60270.5,5099
2024-08-04 04:45:00,60508.7,5100
2024-08-04 08:00:00,60076.0,5101
2024-08-04 17:30:00,57150.0,5102
2024-08-05 01:00:00,52157.6,5103
2024-08-05 06:15:00,48914.1,5104
2024-08-05 12:45:00,49521.1,5105
2024-08-05 19:15:00,52521.1,5106
2024-08-05 23:45:00,53846.6,5107
2024-08-06 04:45:00,55221.1,5108
2024-08-06 08:45:00,54581.1,5109
2024-08-06 13:15:00,54324.7,5110
2024-08-07 00:15:00,55518.4,5111
2024-08-07 07:15:00,56510.0,5112
2024-08-07 14:30:00,55664.2,5113
2024-08-07 22:15:00,54517.7,5114
2024-08-08 04:45:00,56660.0,5115
2024-08-08 09:00:00,56953.0,5116
2024-08-08 13:45:00,56622.0,5117
2024-08-08 19:45:00,59181.0,5118
2024-08-09 01:00:00,60745.3,5119
2024-08-09 05:00:00,60544.2,5120
2024-08-09 10:15:00,60129.2,5121
2024-08-09 14:30:00,59488.0,5122
2024-08-09 21:15:00,59891.0,5123
2024-08-10 04:15:00,60223.0,5124
2024-08-10 14:00:00,60365.0,5125
2024-08-10 23:15:00,60723.5,5126
2024-08-11 04:45:00,60843.9,5127
2024-08-11 15:00:00,59908.3,5128
2024-08-11 20:30:00,58264.0,5129
2024-08-12 00:30:00,58024.1,5130
2024-08-12 07:15:00,57555.0,5131
2024-08-12 10:00:00,58077.5,5132
2024-08-12 14:00:00,57736.0,5133
2024-08-12 18:45:00,58396.2,5134
2024-08-13 04:00:00,58815.6,5135
2024-08-13 10:15:00,58380.0,5136
2024-08-13 19:15:00,60208.2,5137
2024-08-13 23:45:00,60357.4,5138
2024-08-14 08:15:00,60587.2,5139
2024-08-14 14:00:00,58769.0,5140
2024-08-14 16:45:00,58519.9,5141
2024-08-14 22:00:00,58399.1,5142
2024-08-15 02:00:00,57905.3,5143
2024-08-15 07:30:00,57690.0,5144
2024-08-15 20:45:00,56052.1,5145
2024-08-16 01:15:00,57071.7,5146
2024-08-16 12:30:00,57472.7,5147
2024-08-16 15:30:00,57601.2,5148
2024-08-16 23:00:00,58671.2,5149
2024-08-17 03:45:00,58960.3,5150
2024-08-17 07:00:00,59017.7,5151
2024-08-17 11:00:00,59034.9,5152
2024-08-17 18:30:00,59222.5,5153
2024-08-17 21:30:00,59101.2,5154
2024-08-18 04:00:00,59222.0,5155
2024-08-18 14:30:00,59633.0,5156
2024-08-18 17:15:00,59324.7,5157
2024-08-19 00:15:00,58140.7,5158
2024-08-19 05:30:00,58322.2,5159
2024-08-19 10:00:00,57753.1,5160
2024-08-20 16:00:00,58400.0,5161
2024-08-20 21:00:00,58804.5,5162
2024-08-21 01:15:00,58728.4,5163
2024-08-21 09:30:00,59050.4,5164
2024-08-21 13:30:00,58805.0,5165
2024-08-22 02:45:00,59623.9,5166
2024-08-22 15:45:00,60066.5,5167
2024-08-22 23:00:00,60262.4,5168
2024-08-23 11:45:00,60661.1,5169
2024-08-23 14:45:00,60761.1,5170
2024-08-24 01:30:00,63596.8,5171
2024-08-24 11:45:00,63818.1,5172
2024-08-24 16:00:00,63818.0,5173
2024-08-24 21:45:00,63520.0,5174
2024-08-25 07:45:00,63750.0,5175
2024-08-25 16:30:00,63963.2,5176
2024-08-26 02:15:00,63729.4,5177
2024-08-26 09:30:00,63177.0,5178
2024-08-26 15:15:00,63034.8,5179
2024-08-26 18:00:00,63150.0,5180
2024-08-27 00:45:00,62620.0,5181
2024-08-27 15:30:00,61410.0,5182
2024-08-27 22:15:00,57869.5,5183
2024-08-28 01:30:00,58868.8,5184
2024-08-28 07:45:00,58445.9,5185
2024-08-28 16:15:00,57800.0,5186
2024-08-29 01:45:00,58833.3,5187
2024-08-29 18:45:00,58868.0,5188
2024-08-29 22:00:00,58618.2,5189
2024-08-30 05:15:00,58643.0,5190
2024-08-30 16:15:00,57665.7,5191
2024-08-31 03:00:00,59101.8,5192
2024-08-31 09:15:00,58801.7,5193
2024-08-31 14:00:00,58855.7,5194
2024-08-31 17:45:00,58705.9,5195
2024-09-01 02:15:00,58227.6,5196
2024-09-01 05:30:00,57719.8,5197
2024-09-01 14:00:00,56913.4,5198
2024-09-02 00:45:00,57072.2,5199
2024-09-02 07:30:00,57322.1,5200
2024-09-02 14:00:00,58062.9,5201
2024-09-02 17:15:00,58271.2,5202
2024-09-03 08:30:00,58680.1,5203
2024-09-03 14:45:00,57540.0,5204
2024-09-03 18:00:00,57550.0,5205
2024-09-04 01:00:00,55501.0,5206
2024-09-04 05:45:00,56130.0,5207
2024-09-04 10:15:00,56424.0,5208
2024-09-04 14:00:00,56130.0,5209
2024-09-04 18:30:00,57594.2,5210
2024-09-05 03:30:00,56886.0,5211
2024-09-05 06:15:00,56491.0,5212
2024-09-05 12:15:00,56294.3,5213
2024-09-05 15:30:00,55761.7,5214
2024-09-05 21:30:00,55509.8,5215
2024-09-06 07:30:00,55205.0,5216
2024-09-06 21:00:00,52500.2,5217
2024-09-07 09:15:00,54141.0,5218
2024-09-07 17:45:00,53970.3,5219
2024-09-07 23:00:00,53782.5,5220
2024-09-08 06:30:00,54233.7,5221
2024-09-08 16:00:00,53607.5,5222
2024-09-08 20:30:00,54159.9,5223
2024-09-09 05:45:00,54560.3,5224
2024-09-09 14:30:00,54760.0,5225
2024-09-10 00:15:00,56600.2,5226
2024-09-10 04:30:00,56350.0,5227
2024-09-10 14:15:00,56485.1,5228
2024-09-11 05:15:00,56037.8,5229
2024-09-11 14:45:00,55530.1,5230
2024-09-11 22:15:00,57182.5,5231
2024-09-12 06:30:00,57801.2,5232
2024-09-12 13:45:00,57306.6,5233
2024-09-12 21:30:00,57645.6,5234
2024-09-13 01:00:00,57835.7,5235
2024-09-13 06:45:00,57700.7,5236
2024-09-13 12:15:00,57579.0,5237
2024-09-14 06:30:00,59851.2,5238
2024-09-14 11:45:00,59560.0,5239
2024-09-14 18:00:00,59357.7,5240
2024-09-15 04:15:00,60018.9,5241
2024-09-15 10:30:00,59832.0,5242
2024-09-15 14:15:00,59845.6,5243
2024-09-15 17:00:00,59677.6,5244
2024-09-16 02:45:00,58065.0,5245
2024-09-16 17:00:00,57450.0,5246
2024-09-16 21:00:00,57569.5,5247
2024-09-17 00:45:00,57568.0,5248
2024-09-17 13:45:00,58838.5,5249
2024-09-17 19:45:00,59531.2,5250
2024-09-18 00:30:00,59835.0,5251
2024-09-18 10:15:00,59353.1,5252
2024-09-18 16:00:00,59126.2,5253
2024-09-18 20:00:00,59447.4,5254
2024-09-19 06:00:00,61782.2,5255
2024-09-19 22:15:00,62620.0,5256
2024-09-20 01:00:00,62562.5,5257
2024-09-20 08:30:00,63076.1,5258
2024-09-20 14:00:00,62550.0,5259
2024-09-20 18:00:00,62310.0,5260
2024-09-21 01:15:00,62733.1,5261
2024-09-21 05:00:00,62712.8,5262
2024-09-21 10:45:00,62935.6,5263
2024-09-21 21:45:00,63014.5,5264
2024-09-22 02:15:00,62801.0,5265
2024-09-22 06:30:00,62757.7,5266
2024-09-22 11:15:00,62525.0,5267
2024-09-22 14:00:00,62434.1,5268
2024-09-22 22:00:00,62350.0,5269
2024-09-23 08:15:00,63230.0,5270
2024-09-23 13:45:00,63035.6,5271
2024-09-23 21:15:00,63060.0,5272
2024-09-24 02:00:00,62634.0,5273
2024-09-24 11:00:00,63335.4,5274
2024-09-24 14:30:00,62666.0,5275
2024-09-25 00:45:00,63957.8,5276
2024-09-25 07:15:00,63557.4,5277
2024-09-25 10:00:00,63377.4,5278
2024-09-25 13:30:00,63245.7,5279
2024-09-25 17:45:00,62957.6,5280
2024-09-26 01:30:00,62650.0,5281
2024-09-26 09:00:00,63552.8,5282
2024-09-26 13:30:00,64131.0,5283
2024-09-26 21:00:00,64588.0,5284
2024-09-27 03:00:00,64789.0,5285
2024-09-27 12:15:00,65284.0,5286
2024-09-27 18:30:00,65483.6,5287
2024-09-27 23:30:00,65648.6,5288
2024-09-28 09:00:00,65423.7,5289
2024-09-28 13:15:00,65394.5,5290
2024-09-28 16:45:00,65466.1,5291
2024-09-28 21:15:00,65310.0,5292
2024-09-29 07:45:00,65370.5,5293
2024-09-30 03:00:00,64170.0,5294
2024-09-30 10:00:00,63225.1,5295
2024-09-30 18:30:00,63018.4,5296
2024-09-30 23:30:00,62800.0,5297
2024-10-01 17:15:00,61021.4,5298
2024-10-01 20:30:00,60118.9,5299
2024-10-02 05:45:00,61327.0,5300
2024-10-02 13:30:00,60502.8,5301
2024-10-02 19:45:00,59952.9,5302
2024-10-03 09:00:00,60092.0,5303
2024-10-03 13:15:00,59840.2,5304
2024-10-03 17:00:00,59893.1,5305
2024-10-04 00:45:00,60414.0,5306
2024-10-04 14:30:00,60753.9,5307
2024-10-04 23:30:00,61948.0,5308
2024-10-05 03:00:00,61650.0,5309
2024-10-05 21:00:00,61677.5,5310
2024-10-06 04:30:00,61791.3,5311
2024-10-06 21:45:00,62253.8,5312
2024-10-07 06:00:00,63260.7,5313
2024-10-07 11:00:00,62633.0,5314
2024-10-07 18:45:00,62688.0,5315
2024-10-07 23:00:00,62055.0,5316
2024-10-08 07:15:00,61944.2,5317
2024-10-08 15:30:00,61803.4,5318
2024-10-08 19:15:00,61836.0,5319
2024-10-09 00:30:00,61952.7,5320
2024-10-09 08:30:00,62020.6,5321
2024-10-09 14:45:00,61620.0,5322
2024-10-09 20:45:00,60266.0,5323
2024-10-10 00:15:00,60339.0,5324
2024-10-10 09:15:00,60591.0,5325
2024-10-10 18:00:00,58900.0,5326
2024-10-11 01:30:00,60064.4,5327
2024-10-11 22:30:00,62306.4,5328
2024-10-12 03:15:00,62460.5,5329
2024-10-12 19:15:00,62881.7,5330
2024-10-13 03:15:00,62607.0,5331
2024-10-13 07:45:00,62686.0,5332
2024-10-13 11:45:00,62488.0,5333
2024-10-13 15:30:00,62012.1,5334
2024-10-14 00:45:00,62422.5,5335
2024-10-14 13:15:00,64611.5,5336
2024-10-14 17:15:00,65543.9,5337
2024-10-14 21:30:00,65650.0,5338
2024-10-15 05:30:00,65210.2,5339
2024-10-15 11:45:00,65254.0,5340
2024-10-15 15:00:00,64762.1,5341
2024-10-15 21:15:00,66100.6,5342
2024-10-16 07:15:00,66750.0,5343
2024-10-16 13:30:00,67085.3,5344
2024-10-16 21:45:00,67461.7,5345
2024-10-17 01:30:00,67357.0,5346
2024-10-17 07:00:00,67050.0,5347
2024-10-17 13:30:00,66650.1,5348
2024-10-17 18:15:00,66675.7,5349
2024-10-18 00:45:00,67157.0,5350
2024-10-18 12:45:00,67621.6,5351
2024-10-18 21:45:00,68100.0,5352
2024-10-19 07:15:00,68272.4,5353
2024-10-19 11:30:00,68051.9,5354
2024-10-19 17:00:00,67980.0,5355
2024-10-20 03:00:00,68074.9,5356
2024-10-20 13:15:00,68177.5,5357
2024-10-21 03:00:00,68600.0,5358
2024-10-21 09:30:00,68122.1,5359
2024-10-21 15:00:00,66853.3,5360
2024-10-22 00:30:00,66560.9,5361
2024-10-22 09:30:00,66732.6,5362
2024-10-22 13:45:00,66613.1,5363
2024-10-22 16:45:00,66907.0,5364
2024-10-23 03:15:00,66850.5,5365
2024-10-23 09:15:00,66162.8,5366
2024-10-23 12:30:00,66060.1,5367
2024-10-23 18:15:00,65240.2,5368
2024-10-24 09:00:00,66721.5,5369
2024-10-24 16:15:00,67331.4,5370
2024-10-25 07:30:00,67215.1,5371
2024-10-25 18:00:00,65950.0,5372
2024-10-25 23:15:00,65524.5,5373
2024-10-26 08:00:00,66974.7,5374
2024-10-26 14:45:00,66701.5,5375
2024-10-27 01:15:00,66905.2,5376
2024-10-27 11:00:00,67012.1,5377
2024-10-27 18:45:00,67500.6,5378
2024-10-28 05:30:00,67571.4,5379
2024-10-28 15:30:00,68365.2,5380
2024-10-29 07:45:00,70827.8,5381
2024-10-29 13:30:00,70923.4,5382
2024-10-29 20:30:00,71887.1,5383
2024-10-30 01:00:00,72028.6,5384
2024-10-30 07:45:00,72114.4,5385
2024-10-30 13:45:00,71455.1,5386
2024-10-30 20:00:00,71644.1,5387
2024-10-31 01:30:00,72056.5,5388
2024-10-31 06:45:00,72150.0,5389
2024-10-31 20:45:00,69719.3,5390
2024-11-01 02:00:00,68855.0,5391
2024-11-01 07:00:00,69086.3,5392
2024-11-01 15:45:00,69018.0,5393
2024-11-01 19:00:00,68800.0,5394
2024-11-02 05:00:00,69435.5,5395
2024-11-02 14:45:00,68981.6,5396
2024-11-02 18:00:00,69209.6,5397
2024-11-03 02:30:00,67820.0,5398
2024-11-03 09:45:00,68181.4,5399
2024-11-03 15:30:00,67456.1,5400
2024-11-03 18:45:00,67644.0,5401
2024-11-04 00:30:00,68200.0,5402
2024-11-04 08:45:00,68438.3,5403
2024-11-04 17:15:00,67213.2,5404
2024-11-04 21:45:00,66808.0,5405
2024-11-05 01:30:00,67449.5,5406
2024-11-05 10:15:00,68620.0,5407
2024-11-05 19:45:00,68678.0,5408
2024-11-06 08:30:00,72729.6,5409
2024-11-06 14:45:00,73500.0,5410
2024-11-07 06:00:00,74476.3,5411
2024-11-07 14:45:00,74522.1,5412
2024-11-07 22:15:00,75500.0,5413
2024-11-08 03:00:00,75610.0,5414
2024-11-08 07:00:00,75703.0,5415
2024-11-08 14:45:00,75649.0,5416
2024-11-08 22:45:00,76258.0,5417
2024-11-09 02:15:00,76150.0,5418
2024-11-09 17:15:00,75703.7,5419
2024-11-10 14:45:00,79200.8,5420
2024-11-10 21:00:00,78529.9,5421
2024-11-11 05:45:00,80490.5,5422
2024-11-11 13:15:00,81463.7,5423
2024-11-12 10:45:00,85458.2,5424
2024-11-12 13:45:00,85150.0,5425
2024-11-12 23:15:00,87347.2,5426
2024-11-13 06:30:00,86113.6,5427
2024-11-13 21:15:00,87968.8,5428
2024-11-14 07:00:00,89162.0,5429
2024-11-14 16:00:00,87514.1,5430
2024-11-14 23:30:00,86661.0,5431
2024-11-15 04:45:00,87083.7,5432
2024-11-15 08:00:00,87400.1,5433
2024-11-15 15:15:00,87768.1,5434
2024-11-16 00:15:00,90935.5,5435
2024-11-16 08:15:00,91100.0,5436
2024-11-16 12:15:00,90551.9,5437
2024-11-16 15:45:00,90125.0,5438
2024-11-16 22:45:00,90268.6,5439
2024-11-17 02:15:00,89418.6,5440
2024-11-17 14:30:00,90000.0,5441
2024-11-17 22:00:00,88735.7,5442
2024-11-18 13:45:00,89424.0,5443
2024-11-18 19:30:00,89721.0,5444
2024-11-18 23:30:00,90303.7,5445
2024-11-19 09:30:00,91242.0,5446
2024-11-19 14:00:00,91020.0,5447
2024-11-19 22:30:00,91228.0,5448
2024-11-20 03:00:00,91511.0,5449
2024-11-20 18:45:00,93100.0,5450
2024-11-20 23:15:00,93781.2,5451
2024-11-21 02:30:00,94032.0,5452
2024-11-21 08:30:00,96779.3,5453
2024-11-21 15:30:00,95666.1,5454
2024-11-21 21:00:00,97533.3,5455
2024-11-22 01:30:00,97824.5,5456
2024-11-22 14:45:00,97210.0,5457
2024-11-22 22:30:00,98536.3,5458
2024-11-23 02:00:00,98334.9,5459
2024-11-23 04:45:00,98325.0,5460
2024-11-23 10:30:00,98390.0,5461
2024-11-23 17:00:00,97380.0,5462
2024-11-23 20:15:00,97185.9,5463
2024-11-23 23:15:00,97412.9,5464
2024-11-24 04:30:00,97956.0,5465
2024-11-24 12:30:00,96473.1,5466
2024-11-24 16:00:00,95800.3,5467
2024-11-25 01:15:00,96938.6,5468
2024-11-25 07:45:00,97811.9,5469
2024-11-25 15:00:00,94650.0,5470
2024-11-25 22:30:00,92620.0,5471
2024-11-26 04:00:00,94135.0,5472
2024-11-26 11:45:00,91500.2,5473
2024-11-26 14:30:00,91783.9,5474
2024-11-26 20:30:00,90835.5,5475
2024-11-27 05:00:00,92419.9,5476
2024-11-27 12:30:00,92889.0,5477
2024-11-28 00:00:00,95777.1,5478
2024-11-28 03:30:00,94840.6,5479
2024-11-28 06:15:00,95110.8,5480
2024-11-28 10:00:00,94707.0,5481
2024-11-28 16:45:00,94854.9,5482
2024-11-28 20:45:00,94770.4,5483
2024-11-29 07:45:00,95669.8,5484
2024-11-29 18:00:00,96910.5,5485
2024-11-30 02:00:00,96429.6,5486
2024-11-30 11:00:00,96151.0,5487
2024-12-01 02:45:00,95750.0,5488
2024-12-01 15:45:00,97019.3,5489
2024-12-01 20:30:00,96823.7,5490
2024-12-02 00:00:00,97150.0,5491
2024-12-02 04:00:00,96105.0,5492
2024-12-02 12:45:00,94761.0,5493
2024-12-02 17:45:00,94455.0,5494
2024-12-02 22:30:00,95147.4,5495
2024-12-03 02:00:00,95452.6,5496
2024-12-03 14:30:00,93605.4,5497
2024-12-04 02:15:00,95277.7,5498
2024-12-04 16:45:00,94638.0,5499
2024-12-05 01:00:00,97966.7,5500
2024-12-05 07:15:00,101416.6,5501
2024-12-05 11:00:00,102382.3,5502
2024-12-05 22:15:00,90530.0,5503
2024-12-06 12:45:00,97517.5,5504
2024-12-06 23:15:00,99076.4,5505
2024-12-07 05:45:00,98883.4,5506
2024-12-07 14:15:00,99063.5,5507
2024-12-07 23:00:00,99653.7,5508
2024-12-08 05:45:00,99344.3,5509
2024-12-08 09:45:00,98729.1,5510
2024-12-08 15:00:00,99406.1,5511
2024-12-08 19:15:00,99524.0,5512
2024-12-09 03:45:00,98245.5,5513
2024-12-09 07:15:00,98359.9,5514
2024-12-09 12:00:00,98008.2,5515
2024-12-09 21:00:00,93888.0,5516
2024-12-10 03:15:00,95559.7,5517
2024-12-10 18:00:00,94190.8,5518
2024-12-11 01:45:00,95574.3,5519
2024-12-11 07:45:00,97212.0,5520
2024-12-11 18:00:00,99605.2,5521
2024-12-12 01:45:00,100372.5,5522
2024-12-12 06:00:00,100426.6,5523
2024-12-12 11:15:00,100158.1,5524
2024-12-12 19:45:00,99300.0,5525
2024-12-13 01:45:00,99168.0,5526
2024-12-13 07:00:00,99447.4,5527
2024-12-13 15:45:00,99630.2,5528
2024-12-13 22:15:00,101038.1,5529
2024-12-14 04:30:00,101565.8,5530
2024-12-14 13:15:00,100808.0,5531
2024-12-14 20:45:00,100577.1,5532
2024-12-15 07:30:00,101470.1,5533
2024-12-15 22:00:00,102600.0,5534
2024-12-16 03:45:00,104150.0,5535
2024-12-16 12:45:00,103304.3,5536
2024-12-16 23:30:00,105476.5,5537
2024-12-17 06:30:00,106364.4,5538
2024-12-17 12:15:00,106532.5,5539
2024-12-17 15:30:00,105680.9,5540
2024-12-17 22:45:00,105300.0,5541
2024-12-18 06:45:00,103057.1,5542
2024-12-18 16:15:00,103369.0,5543
2024-12-18 20:30:00,100221.4,5544
2024-12-19 02:15:00,98700.0,5545
2024-12-19 20:00:00,95640.5,5546
2024-12-20 02:00:00,95912.0,5547
2024-12-20 12:15:00,92230.0,5548
2024-12-20 21:00:00,95355.0,5549
2024-12-21 02:00:00,97122.6,5550
2024-12-21 13:30:00,96326.7,5551
2024-12-21 21:45:00,96478.5,5552
2024-12-22 05:00:00,95839.1,5553
2024-12-22 15:45:00,95056.0,5554
2024-12-22 22:00:00,94200.0,5555
2024-12-23 02:15:00,93635.9,5556
2024-12-23 06:30:00,94650.0,5557
2024-12-23 20:15:00,92465.8,5558
2024-12-24 02:15:00,93508.6,5559
2024-12-24 07:00:00,93751.7,5560
2024-12-24 10:15:00,93800.0,5561
2024-12-24 20:00:00,97198.6,5562
2024-12-25 02:00:00,97688.1,5563
2024-12-25 06:45:00,97759.0,5564
2024-12-25 12:00:00,97562.6,5565
2024-12-25 16:30:00,98101.5,5566
2024-12-25 21:45:00,98337.1,5567
2024-12-26 10:00:00,95137.5,5568
2024-12-26 14:45:00,95178.6,5569
2024-12-26 21:15:00,95250.0,5570
2024-12-27 07:30:00,94594.9,5571
2024-12-27 17:15:00,93380.1,5572
2024-12-28 01:15:00,94070.2,5573
2024-12-28 07:45:00,94239.5,5574
2024-12-28 15:45:00,94266.8,5575
2024-12-29 01:45:00,94758.0,5576
2024-12-29 06:00:00,94899.3,5577
2024-12-29 16:30:00,93450.1,5578
2024-12-29 23:00:00,92926.7,5579
2024-12-30 05:15:00,93163.8,5580
2024-12-30 15:15:00,91463.7,5581
2024-12-30 21:45:00,91831.4,5582
2024-12-31 01:30:00,91981.4,5583
2024-12-31 17:30:00,93138.2,5584
2024-12-31 22:45:00,93329.7,5585
2025-01-01 04:45:00,93472.9,5586
2025-01-01 09:15:00,92840.0,5587
2025-01-01 17:15:00,93687.7,5588
2025-01-02 00:15:00,94339.9,5589
2025-01-02 14:00:00,95889.7,5590
2025-01-02 22:15:00,96618.3,5591
2025-01-03 01:15:00,96605.3,5592
2025-01-03 08:30:00,96062.1,5593
2025-01-04 01:15:00,97750.0,5594
2025-01-04 09:45:00,97502.1,5595
2025-01-04 15:45:00,97442.8,5596
2025-01-05 01:45:00,98011.0,5597
2025-01-05 14:15:00,97216.0,5598
2025-01-05 18:00:00,97536.7,5599
2025-01-06 01:15:00,97861.0,5600
2025-01-06 10:45:00,98679.2,5601
2025-01-06 14:15:00,98612.2,5602
2025-01-06 21:45:00,101515.0,5603
2025-01-07 03:45:00,101454.1,5604
2025-01-07 11:45:00,100441.0,5605
2025-01-07 20:15:00,96113.4,5606
2025-01-08 07:00:00,95202.3,5607
2025-01-08 11:30:00,94458.0,5608
2025-01-08 17:30:00,92378.5,5609
2025-01-08 21:15:00,93530.5,5610
2025-01-09 02:00:00,93374.9,5611
2025-01-09 08:30:00,92705.0,5612
2025-01-09 14:00:00,91738.0,5613
2025-01-09 20:15:00,91151.0,5614
2025-01-10 15:00:00,92161.2,5615
2025-01-11 04:30:00,93800.0,5616
2025-01-11 08:45:00,93981.0,5617
2025-01-11 14:00:00,94258.7,5618
2025-01-11 17:15:00,93888.3,5619
2025-01-12 01:15:00,94255.0,5620
2025-01-12 09:45:00,93660.0,5621
2025-01-12 22:30:00,93740.0,5622
2025-01-13 02:45:00,93868.4,5623
2025-01-13 14:30:00,89100.0,5624
2025-01-14 06:30:00,94714.4,5625
2025-01-14 13:15:00,95712.1,5626
2025-01-14 16:30:00,95308.8,5627
2025-01-15 11:15:00,96469.6,5628
2025-01-15 17:45:00,98555.9,5629
2025-01-16 03:30:00,99129.8,5630
2025-01-16 08:45:00,98599.9,5631
2025-01-16 15:00:00,97291.0,5632
2025-01-16 22:30:00,99331.0,5633
2025-01-17 23:45:00,104026.0,5634
2025-01-18 04:15:00,102630.0,5635
2025-01-18 08:00:00,102244.0,5636
2025-01-18 16:45:00,103107.3,5637
2025-01-18 20:45:00,103734.2,5638
2025-01-19 01:15:00,103970.9,5639
2025-01-19 05:15:00,104227.7,5640
2025-01-19 09:15:00,103427.9,5641
2025-01-19 17:30:00,104471.3,5642
2025-01-20 00:30:00,99500.1,5643
2025-01-20 12:15:00,105517.8,5644
2025-01-20 17:30:00,100519.0,5645
2025-01-21 01:30:00,100000.0,5646
2025-01-21 06:00:00,101073.9,5647
2025-01-21 15:00:00,102777.1,5648
2025-01-21 23:00:00,105330.3,5649
2025-01-22 10:00:00,104606.8,5650
2025-01-22 16:30:00,103310.0,5651
2025-01-22 21:15:00,103572.7,5652
2025-01-23 04:30:00,101527.8,5653
2025-01-23 10:30:00,101205.1,5654
2025-01-23 21:15:00,102147.3,5655
2025-01-24 03:15:00,102691.8,5656
2025-01-24 14:30:00,104622.3,5657
2025-01-25 00:45:00,104308.6,5658
2025-01-25 10:00:00,104036.9,5659
2025-01-25 17:15:00,104380.2,5660
2025-01-26 00:45:00,104466.9,5661
2025-01-26 09:30:00,104400.0,5662
2025-01-27 07:15:00,97694.2,5663
2025-01-27 10:45:00,98208.0,5664
2025-01-27 18:45:00,98793.3,5665
2025-01-28 02:00:00,101280.0,5666
2025-01-28 09:15:00,102322.7,5667
2025-01-28 14:00:00,101767.0,5668
2025-01-28 22:00:00,100205.7,5669
2025-01-29 10:00:00,102150.0,5670
2025-01-29 14:45:00,101516.2,5671
2025-01-29 19:15:00,101335.9,5672
2025-01-30 00:30:00,103235.0,5673
2025-01-30 07:30:00,104777.0,5674
2025-01-30 14:00:00,104628.0,5675
2025-01-30 18:15:00,104711.0,5676
2025-01-30 21:00:00,104733.3,5677
2025-01-31 03:15:00,103875.0,5678
2025-01-31 09:15:00,103863.0,5679
2025-01-31 14:45:00,104050.1,5680
2025-01-31 21:30:00,101468.4,5681
2025-02-01 04:00:00,102033.0,5682
2025-02-01 09:45:00,101350.1,5683
2025-02-01 15:00:00,101670.3,5684
2025-02-01 23:15:00,100215.1,5685
2025-02-02 04:00:00,98958.0,5686
2025-02-02 12:45:00,98100.0,5687
2025-02-02 18:30:00,96625.0,5688
2025-02-03 02:00:00,91166.6,5689
2025-02-03 04:45:00,92609.9,5690
2025-02-03 14:00:00,94091.0,5691
2025-02-04 08:30:00,97800.0,5692
2025-02-04 15:15:00,98248.5,5693
2025-02-04 22:00:00,96086.1,5694
2025-02-05 02:15:00,97094.2,5695
2025-02-05 09:30:00,97209.6,5696
2025-02-05 19:00:00,96450.0,5697
2025-02-05 23:30:00,96100.1,5698
2025-02-06 19:45:00,95631.8,5699
2025-02-07 06:30:00,96532.6,5700
2025-02-07 13:30:00,97139.1,5701
2025-02-07 20:45:00,95556.5,5702
2025-02-08 07:15:00,95723.8,5703
2025-02-08 11:30:00,95819.4,5704
2025-02-08 15:30:00,95635.8,5705
2025-02-08 21:15:00,96302.0,5706
2025-02-09 00:30:00,96314.4,5707
2025-02-09 06:15:00,96727.0,5708
2025-02-09 14:00:00,95681.0,5709
2025-02-09 21:45:00,94651.2,5710
2025-02-10 01:45:00,95202.8,5711
2025-02-10 15:30:00,96812.1,5712
2025-02-10 21:15:00,97085.0,5713
2025-02-11 19:30:00,94821.9,5714
2025-02-12 03:00:00,95050.0,5715
2025-02-12 13:30:00,94001.2,5716
2025-02-13 08:45:00,95610.0,5717
2025-02-13 11:45:00,95310.1,5718
2025-02-13 16:30:00,95156.1,5719
2025-02-14 05:45:00,96512.6,5720
2025-02-14 15:15:00,96200.0,5721
2025-02-14 21:00:00,96639.0,5722
2025-02-15 08:00:00,97258.1,5723
2025-02-15 14:30:00,97370.0,5724
2025-02-15 17:30:00,97268.9,5725
2025-02-16 03:15:00,97299.8,5726
2025-02-16 09:15:00,97012.0,5727
2025-02-16 14:00:00,96636.0,5728
2025-02-16 18:30:00,96500.0,5729
2025-02-17 00:00:00,95980.1,5730
2025-02-17 05:00:00,95730.3,5731
2025-02-17 11:30:00,95950.6,5732
2025-02-17 19:00:00,95160.0,5733
2025-02-18 00:45:00,95500.0,5734
2025-02-18 08:45:00,94988.0,5735
2025-02-18 19:00:00,93318.1,5736
2025-02-19 01:15:00,95008.6,5737
2025-02-19 05:15:00,95018.5,5738
2025-02-19 15:00:00,95500.0,5739
2025-02-19 19:00:00,95370.0,5740
2025-02-20 06:00:00,96750.0,5741
2025-02-20 15:00:00,96758.0,5742
2025-02-20 21:45:00,97954.0,5743
2025-02-21 09:30:00,98061.7,5744
2025-02-21 20:45:00,94832.2,5745
2025-02-22 08:45:00,96152.7,5746
2025-02-22 19:00:00,96344.2,5747
2025-02-23 01:45:00,96351.9,5748
2025-02-23 06:00:00,96121.5,5749
2025-02-23 17:30:00,95254.0,5750
2025-02-23 22:15:00,95547.9,5751
2025-02-24 04:30:00,95088.5,5752
2025-02-24 08:30:00,95354.9,5753
2025-02-24 15:45:00,93816.4,5754
2025-02-25 00:00:00,90821.1,5755
2025-02-25 10:15:00,86833.0,5756
2025-02-25 15:30:00,86055.5,5757
2025-02-25 19:15:00,86515.7,5758
2025-02-26 00:45:00,88131.6,5759
2025-02-26 08:00:00,88073.5,5760
2025-02-26 14:15:00,85350.0,5761
2025-02-26 20:15:00,82055.6,5762
2025-02-27 09:15:00,85814.3,5763
2025-02-27 20:30:00,82670.0,5764
2025-02-28 08:45:00,78210.5,5765
2025-02-28 18:15:00,83168.4,5766
2025-03-01 00:45:00,83760.9,5767
2025-03-01 07:45:00,84665.9,5768
2025-03-01 13:15:00,84280.0,5769
2025-03-02 04:30:00,85486.9,5770
2025-03-02 09:00:00,85613.7,5771
2025-03-02 14:45:00,85007.7,5772
2025-03-03 02:15:00,92411.0,5773
2025-03-03 08:45:00,91094.6,5774
2025-03-03 15:00:00,89130.0,5775
2025-03-03 21:45:00,85023.4,5776
2025-03-04 02:00:00,82378.7,5777
2025-03-04 08:00:00,82968.0,5778
2025-03-04 15:15:00,81413.7,5779
2025-03-05 00:30:00,86350.8,5780
2025-03-05 04:00:00,86706.1,5781
2025-03-05 16:15:00,87553.2,5782
2025-03-06 00:45:00,89961.3,5783
2025-03-06 19:30:00,87800.1,5784
2025-03-07 00:45:00,84594.7,5785
2025-03-07 12:30:00,88272.7,5786
2025-03-07 17:15:00,86530.4,5787
2025-03-07 21:00:00,85453.4,5788
2025-03-08 01:30:00,85185.9,5789
2025-03-08 11:15:00,85719.0,5790
2025-03-08 17:15:00,85615.3,5791
2025-03-08 22:15:00,85813.3,5792
2025-03-09 17:15:00,82151.4,5793
2025-03-09 23:00:00,79913.4,5794
2025-03-10 08:45:00,81085.4,5795
2025-03-10 19:00:00,77403.1,5796
2025-03-11 00:45:00,76545.0,5797
2025-03-11 14:30:00,79000.0,5798
2025-03-11 23:15:00,82518.8,5799
2025-03-12 06:45:00,81245.1,5800
2025-03-12 15:00:00,80534.6,5801
2025-03-13 01:00:00,83282.0,5802
2025-03-13 08:30:00,82357.7,5803
2025-03-13 17:45:00,79888.0,5804
2025-03-14 06:30:00,81743.3,5805
2025-03-14 14:15:00,82585.4,5806
2025-03-14 20:15:00,83702.0,5807
2025-03-14 23:45:00,83920.0,5808
2025-03-15 08:15:00,83591.8,5809
2025-03-15 19:00:00,84061.1,5810
2025-03-16 02:00:00,83718.9,5811
2025-03-16 11:45:00,82309.1,5812
2025-03-16 19:15:00,82500.1,5813
2025-03-16 23:00:00,81934.4,5814
2025-03-17 06:30:00,82642.9,5815
2025-03-17 14:00:00,82400.7,5816
2025-03-18 06:45:00,82200.1,5817
2025-03-18 14:15:00,81093.6,5818
2025-03-18 18:30:00,81175.3,5819
2025-03-19 02:00:00,82475.5,5820
2025-03-19 18:00:00,83505.9,5821
2025-03-20 04:45:00,85366.0,5822
2025-03-20 10:15:00,84746.4,5823
2025-03-20 16:45:00,83605.8,5824
2025-03-20 23:15:00,83880.0,5825
2025-03-21 03:15:00,84222.6,5826
2025-03-21 08:30:00,83684.6,5827
2025-03-21 13:30:00,83136.3,5828
2025-03-22 01:30:00,83950.8,5829
2025-03-22 08:30:00,84078.8,5830
2025-03-22 15:00:00,83932.5,5831
2025-03-22 23:30:00,83616.0,5832
2025-03-23 18:15:00,84755.5,5833
2025-03-24 02:00:00,85488.4,5834
2025-03-24 07:30:00,86718.1,5835
2025-03-24 13:00:00,87109.2,5836
2025-03-25 04:00:00,86261.0,5837
2025-03-25 07:30:00,86302.0,5838
2025-03-25 12:30:00,86872.8,5839
2025-03-25 18:30:00,87520.0,5840
2025-03-25 23:00:00,87074.2,5841
2025-03-26 03:45:00,86980.2,5842
2025-03-26 19:15:00,85800.1,5843
2025-03-26 23:15:00,86518.6,5844
2025-03-27 07:00:00,87201.3,5845
2025-03-27 13:30:00,85695.4,5846
2025-03-28 11:15:00,84750.0,5847
2025-03-28 17:00:00,83545.0,5848
2025-03-29 03:00:00,83659.1,5849
2025-03-29 11:45:00,81958.3,5850
2025-03-29 17:15:00,81602.9,5851
2025-03-29 22:45:00,82221.3,5852
2025-03-30 06:15:00,82813.0,5853
2025-03-30 13:30:00,82513.5,5854
2025-03-30 17:00:00,81985.8,5855
2025-03-31 00:45:00,81212.3,5856
2025-03-31 04:15:00,81355.0,5857
2025-03-31 10:00:00,81232.4,5858
2025-03-31 13:45:00,81600.0,5859
2025-03-31 22:15:00,82213.1,5860
2025-04-01 06:00:00,82851.0,5861
2025-04-01 14:15:00,82509.7,5862
2025-04-01 18:15:00,84671.4,5863
2025-04-02 06:00:00,83867.2,5864
2025-04-02 12:00:00,84403.5,5865
2025-04-03 00:00:00,82107.1,5866
2025-04-03 06:45:00,82955.0,5867
2025-04-03 15:00:00,81146.0,5868
2025-04-03 18:15:00,81501.0,5869
2025-04-04 11:30:00,81605.0,5870
2025-04-04 14:45:00,81800.0,5871
2025-04-04 20:15:00,83457.1,5872
2025-04-05 00:30:00,83374.6,5873
2025-04-05 06:45:00,83304.3,5874
2025-04-06 03:30:00,83131.9,5875
2025-04-06 13:45:00,82159.7,5876
2025-04-06 23:15:00,77083.5,5877
2025-04-07 07:00:00,74456.2,5878
2025-04-07 13:30:00,75739.6,5879
2025-04-07 16:45:00,77250.0,5880
2025-04-07 19:45:00,77976.0,5881
2025-04-08 01:00:00,78738.9,5882
2025-04-08 10:00:00,78777.2,5883
2025-04-08 19:30:00,76316.1,5884
2025-04-09 01:15:00,74565.9,5885
2025-04-09 11:30:00,75742.3,5886
2025-04-10 03:30:00,81440.8,5887
2025-04-10 07:30:00,81255.5,5888
2025-04-10 16:00:00,78422.0,5889
2025-04-11 00:45:00,78928.2,5890
2025-04-11 14:15:00,81315.7,5891
2025-04-12 03:00:00,82753.3,5892
2025-04-12 10:45:00,83260.1,5893
2025-04-13 08:00:00,84242.7,5894
2025-04-13 13:45:00,83413.0,5895
2025-04-13 19:30:00,82953.1,5896
2025-04-14 07:15:00,84169.7,5897
2025-04-14 15:45:00,83639.4,5898
2025-04-15 00:15:00,84300.9,5899
2025-04-15 11:15:00,85327.3,5900
2025-04-16 01:00:00,83055.0,5901
2025-04-16 08:15:00,83075.3,5902
2025-04-16 13:30:00,83456.7,5903
2025-04-16 18:00:00,83224.4,5904
2025-04-17 00:15:00,83889.8,5905
2025-04-17 03:15:00,83762.0,5906
2025-04-17 10:15:00,84134.1,5907
2025-04-17 14:30:00,83677.4,5908
2025-04-17 19:30:00,84452.8,5909
2025-04-18 00:45:00,84675.2,5910
2025-04-18 07:15:00,84375.0,5911
2025-04-18 16:00:00,84250.0,5912
2025-04-18 23:00:00,84290.0,5913
2025-04-19 11:30:00,85100.0,5914
2025-04-19 16:45:00,84659.4,5915
2025-04-20 00:00:00,85006.6,5916
2025-04-20 11:30:00,83882.7,5917
2025-04-21 04:30:00,87033.0,5918
2025-04-21 11:15:00,86615.2,5919
2025-04-21 17:00:00,86350.0,5920
2025-04-22 10:15:00,88200.1,5921
2025-04-23 01:45:00,92561.0,5922
2025-04-23 15:15:00,91911.8,5923
2025-04-23 19:30:00,92909.0,5924
2025-04-24 08:45:00,91631.5,5925
2025-04-24 17:45:00,92613.3,5926
2025-04-24 21:15:00,92999.0,5927
2025-04-25 03:00:00,92775.6,5928
2025-04-25 17:45:00,94329.6,5929
2025-04-25 21:45:00,94406.0,5930
2025-04-26 00:30:00,94510.0,5931
2025-04-26 05:15:00,94264.1,5932
2025-04-26 13:45:00,93839.8,5933
2025-04-27 01:45:00,93959.1,5934
2025-04-27 05:30:00,93592.8,5935
2025-04-27 13:00:00,93538.4,5936
2025-04-27 16:45:00,93673.5,5937
2025-04-28 01:30:00,92750.0,5938
2025-04-28 10:15:00,94280.5,5939
2025-04-28 16:15:00,93381.9,5940
2025-04-29 05:30:00,94146.8,5941
2025-04-29 14:00:00,94466.8,5942
2025-04-29 17:00:00,94601.4,5943
2025-04-29 23:00:00,93682.0,5944
2025-04-30 07:45:00,94453.2,5945
2025-04-30 14:00:00,92852.4,5946
2025-04-30 23:00:00,93923.2,5947
2025-05-01 13:45:00,95772.0,5948
2025-05-01 20:00:00,96236.3,5949
2025-05-01 23:30:00,96132.9,5950
2025-05-02 08:00:00,96306.9,5951
2025-05-02 22:15:00,96500.1,5952
2025-05-03 06:45:00,96056.8,5953
2025-05-03 10:45:00,95819.0,5954
2025-05-03 17:15:00,95783.8,5955
2025-05-04 01:30:00,95535.4,5956
2025-05-04 10:15:00,95233.0,5957
2025-05-04 13:45:00,95187.5,5958
2025-05-04 17:30:00,95152.6,5959
2025-05-05 02:00:00,93460.2,5960
2025-05-05 15:45:00,93543.9,5961
2025-05-05 20:30:00,93801.0,5962
2025-05-06 02:30:00,93970.0,5963
2025-05-06 13:45:00,93333.5,5964
2025-05-06 21:15:00,94401.9,5965
2025-05-07 03:15:00,96157.1,5966
2025-05-07 10:30:00,96780.2,5967
2025-05-07 19:30:00,95724.2,5968
2025-05-08 00:30:00,96832.1,5969
2025-05-08 13:45:00,99055.0,5970
2025-05-09 03:45:00,102314.2,5971
2025-05-09 09:30:00,102378.3,5972
2025-05-09 16:45:00,102264.1,5973
2025-05-09 23:00:00,102692.2,5974
2025-05-10 09:00:00,103328.1,5975
2025-05-10 15:45:00,103053.6,5976
2025-05-10 18:30:00,102880.0,5977
2025-05-11 02:45:00,103342.3,5978
2025-05-11 07:45:00,103250.0,5979
2025-05-11 16:15:00,103713.3,5980
2025-05-12 02:45:00,103666.0,5981
2025-05-12 18:45:00,100688.0,5982
2025-05-13 03:30:00,101380.0,5983
2025-05-13 14:15:00,102745.0,5984
2025-05-14 03:30:00,103400.0,5985
2025-05-14 09:00:00,102803.4,5986
2025-05-14 17:15:00,102550.0,5987
2025-05-15 09:45:00,101450.0,5988
2025-05-15 14:45:00,101333.0,5989
2025-05-15 19:15:00,102500.0,5990
2025-05-16 04:45:00,103758.0,5991
2025-05-16 08:15:00,103042.2,5992
2025-05-16 14:30:00,103279.3,5993
2025-05-17 01:45:00,102539.7,5994
2025-05-17 11:00:00,102700.1,5995
2025-05-17 13:45:00,102600.2,5996
2025-05-17 16:45:00,102725.0,5997
2025-05-17 22:30:00,102852.8,5998
2025-05-18 12:00:00,103666.7,5999
2025-05-18 20:00:00,103228.0,6000
2025-05-19 06:30:00,102000.0,6001
2025-05-19 12:30:00,102100.0,6002
2025-05-19 19:00:00,104573.1,6003
2025-05-20 08:30:00,104807.7,6004
2025-05-20 13:45:00,104125.4,6005
2025-05-20 22:15:00,105888.0,6006
2025-05-21 02:00:00,106136.0,6007
2025-05-21 09:45:00,106001.8,6008
2025-05-21 17:45:00,106078.5,6009
2025-05-22 09:00:00,110218.4,6010
2025-05-22 14:45:00,110495.3,6011
2025-05-22 21:15:00,110683.2,6012
2025-05-23 06:45:00,110349.0,6013
2025-05-23 12:15:00,107263.6,6014
2025-05-23 16:15:00,107977.1,6015
2025-05-23 23:45:00,106755.0,6016
2025-05-24 07:45:00,107506.1,6017
2025-05-24 13:45:00,108469.5,6018
2025-05-25 01:15:00,107118.1,6019
2025-05-25 09:30:00,106650.2,6020
2025-05-25 15:30:00,106538.4,6021
2025-05-25 21:30:00,107106.5,6022
2025-05-26 11:00:00,109505.7,6023
2025-05-26 19:30:00,108816.5,6024
2025-05-27 01:15:00,107421.7,6025
2025-05-27 14:30:00,108606.6,6026
2025-05-27 22:15:00,108458.6,6027
2025-05-28 02:15:00,108304.1,6028
2025-05-28 10:15:00,108171.3,6029
2025-05-28 15:45:00,106973.9,6030
2025-05-28 20:00:00,106718.0,6031
2025-05-29 04:45:00,106880.0,6032
2025-05-29 14:30:00,106339.4,6033
2025-05-29 19:15:00,105600.0,6034
2025-05-30 00:45:00,104520.1,6035
2025-05-30 09:30:00,104555.1,6036
2025-05-30 16:45:00,103666.0,6037
2025-05-31 03:00:00,103036.8,6038
2025-05-31 10:45:00,103246.0,6039
2025-05-31 17:45:00,104238.1,6040
2025-06-01 02:00:00,103863.4,6041
2025-06-01 06:15:00,104150.1,6042
2025-06-01 09:45:00,103696.7,6043
2025-06-01 12:30:00,103719.7,6044
2025-06-01 18:30:00,104302.4,6045
2025-06-02 03:15:00,104502.2,6046
2025-06-02 14:00:00,103606.4,6047
2025-06-02 19:45:00,103985.6,6048
2025-06-03 04:45:00,105061.8,6049
2025-06-03 08:30:00,104813.9,6050
2025-06-03 13:30:00,104971.9,6051
2025-06-04 00:30:00,105052.5,6052
2025-06-04 06:30:00,105200.0,6053
2025-06-04 14:00:00,104135.3,6054
2025-06-04 20:15:00,104355.1,6055
2025-06-05 06:45:00,104307.6,6056
2025-06-05 20:45:00,100350.0,6057
2025-06-06 12:30:00,103463.9,6058
2025-06-06 19:45:00,104012.0,6059
2025-06-07 00:15:00,103811.0,6060
2025-06-07 08:45:00,104645.4,6061
2025-06-07 16:45:00,105220.7,6062
2025-06-08 01:00:00,105340.0,6063
2025-06-08 10:15:00,104924.7,6064
2025-06-09 03:15:00,105252.6,6065
2025-06-09 06:00:00,105264.1,6066
2025-06-09 13:45:00,106835.4,6067
2025-06-10 08:45:00,109016.0,6068
2025-06-10 15:30:00,108279.2,6069
2025-06-11 02:15:00,109487.9,6070
2025-06-11 06:45:00,109311.0,6071
2025-06-11 12:15:00,108967.0,6072
2025-06-11 18:30:00,108355.5,6073
2025-06-11 22:15:00,108006.6,6074
2025-06-12 04:15:00,107305.1,6075
2025-06-12 13:30:00,106554.3,6076
2025-06-13 01:00:00,102626.9,6077
2025-06-13 10:00:00,104359.4,6078
2025-06-13 14:30:00,104057.2,6079
2025-06-13 18:30:00,104590.9,6080
2025-06-14 07:15:00,104723.5,6081
2025-06-14 12:30:00,104672.0,6082
2025-06-14 20:00:00,104250.0,6083
2025-06-15 00:30:00,105215.1,6084
2025-06-15 09:30:00,104820.0,6085
2025-06-15 21:00:00,104433.0,6086
2025-06-16 01:30:00,104921.2,6087
2025-06-16 13:30:00,106440.0,6088
2025-06-17 00:15:00,106072.3,6089
2025-06-17 17:00:00,103303.4,6090
2025-06-17 22:45:00,104142.8,6091
2025-06-18 13:30:00,103767.1,6092
2025-06-18 19:00:00,103422.3,6093
2025-06-19 02:00:00,104394.9,6094
2025-06-19 07:45:00,104558.0,6095
2025-06-19 17:00:00,103864.0,6096
2025-06-20 01:15:00,104341.3,6097
2025-06-20 04:45:00,104191.9,6098
2025-06-20 17:30:00,102260.0,6099
2025-06-20 22:45:00,102913.2,6100
2025-06-21 06:15:00,103262.0,6101
2025-06-21 23:45:00,100800.0,6102
2025-06-22 09:45:00,102034.0,6103
2025-06-22 16:15:00,98596.0,6104
2025-06-22 20:15:00,98125.0,6105
2025-06-23 13:30:00,100738.1,6106
2025-06-23 16:30:00,99581.0,6107
2025-06-24 04:15:00,104650.0,6108
2025-06-24 08:15:00,104567.0,6109
2025-06-24 13:30:00,104755.0,6110
2025-06-24 19:45:00,105182.1,6111
2025-06-25 04:45:00,105931.3,6112
2025-06-25 15:30:00,106672.8,6113
2025-06-25 23:00:00,107005.4,6114
2025-06-26 05:30:00,107447.1,6115
2025-06-26 15:30:00,106457.7,6116
2025-06-26 21:30:00,106773.4,6117
2025-06-27 01:00:00,106351.6,6118
2025-06-27 08:30:00,106633.2,6119
2025-06-27 13:45:00,106280.0,6120
2025-06-27 18:30:00,106388.0,6121
2025-06-28 01:15:00,106761.0,6122
2025-06-28 10:30:00,107202.1,6123
2025-06-28 13:30:00,107037.1,6124
2025-06-28 20:15:00,107100.0,6125
2025-06-29 02:00:00,107113.8,6126
2025-06-29 16:45:00,107222.0,6127
2025-06-29 21:00:00,107171.2,6128
2025-06-30 10:15:00,107300.0,6129
2025-06-30 15:15:00,106677.0,6130
2025-06-30 18:30:00,107057.9,6131
2025-06-30 21:45:00,106858.8,6132
2025-07-01 11:15:00,106233.7,6133
2025-07-01 15:00:00,105550.0,6134
2025-07-01 20:00:00,105180.3,6135
2025-07-02 01:15:00,105058.6,6136
2025-07-02 12:30:00,107134.7,6137
2025-07-03 02:45:00,108455.1,6138
2025-07-03 12:45:00,108704.4,6139
2025-07-03 16:00:00,108955.0,6140
2025-07-04 08:15:00,108456.0,6141
2025-07-04 16:15:00,107300.0,6142
2025-07-04 19:15:00,107220.3,6143
2025-07-05 02:30:00,107685.9,6144
2025-07-05 09:15:00,107809.9,6145
2025-07-05 12:30:00,107911.0,6146
2025-07-05 16:30:00,107820.8,6147
2025-07-06 04:30:00,107888.0,6148
2025-07-06 09:45:00,107762.6,6149
2025-07-06 18:45:00,108225.7,6150
2025-07-07 01:00:00,108612.0,6151
2025-07-07 07:00:00,108573.5,6152
2025-07-07 13:15:00,107896.8,6153
2025-07-07 18:30:00,107449.6,6154
2025-07-08 02:15:00,107369.7,6155
2025-07-08 16:15:00,108029.9,6156
2025-07-08 21:15:00,108567.0,6157
2025-07-09 04:15:00,108263.4,6158
2025-07-09 09:15:00,108527.3,6159
2025-07-09 14:30:00,108447.8,6160
2025-07-10 01:00:00,110832.8,6161
2025-07-10 05:00:00,110863.1,6162
2025-07-10 13:30:00,110450.9,6163
2025-07-11 00:15:00,115200.0,6164
2025-07-11 16:00:00,116600.8,6165
2025-07-12 00:30:00,117101.9,6166
2025-07-12 05:15:00,117456.2,6167
2025-07-12 15:45:00,116868.1,6168
2025-07-12 21:00:00,116940.0,6169
2025-07-13 09:30:00,117653.1,6170
2025-07-13 22:00:00,118168.2,6171
2025-07-14 16:15:00,119232.4,6172
2025-07-14 20:15:00,119501.6,6173
2025-07-15 04:00:00,116302.4,6174
2025-07-15 08:15:00,116114.6,6175
2025-07-15 11:15:00,116340.4,6176
2025-07-15 14:45:00,115750.0,6177
2025-07-15 18:30:00,116047.2,6178
2025-07-16 02:30:00,117031.0,6179
2025-07-16 13:45:00,118127.9,6180
2025-07-16 19:30:00,118816.3,6181
2025-07-17 01:45:00,117662.2,6182
2025-07-17 07:15:00,117809.9,6183
2025-07-17 12:30:00,117449.9,6184
2025-07-17 20:00:00,118423.5,6185
2025-07-18 00:00:00,119028.2,6186
2025-07-18 04:00:00,119782.5,6187
2025-07-18 08:30:00,118444.0,6188
2025-07-18 14:30:00,117311.7,6189
2025-07-18 20:30:00,116822.1,6190
2025-07-19 08:30:00,117935.6,6191
2025-07-19 14:45:00,117612.0,6192
2025-07-19 21:15:00,117237.7,6193
2025-07-20 06:15:00,117772.4,6194
2025-07-20 12:00:00,117745.4,6195
2025-07-20 22:15:00,116455.6,6196
2025-07-21 12:00:00,117809.4,6197
2025-07-21 20:00:00,116652.0,6198
2025-07-22 01:15:00,116123.0,6199
2025-07-22 04:45:00,116562.6,6200
2025-07-22 14:00:00,117601.2,6201
2025-07-23 10:00:00,117850.0,6202
2025-07-23 14:00:00,117300.0,6203
2025-07-23 17:15:00,117309.4,6204
2025-07-23 21:30:00,117357.7,6205
2025-07-24 07:00:00,117050.1,6206
2025-07-24 10:30:00,117944.8,6207
2025-07-24 14:00:00,117815.8,6208
2025-07-25 04:15:00,115090.0,6209
2025-07-25 07:45:00,114710.0,6210
2025-07-25 14:45:00,114905.0,6211
2025-07-26 01:45:00,117150.0,6212
2025-07-26 06:15:00,117307.9,6213
2025-07-26 15:15:00,117823.7,6214
2025-07-26 21:00:00,117873.6,6215
2025-07-27 00:00:00,117807.6,6216
2025-07-27 09:45:00,117850.1,6217
2025-07-27 12:30:00,117876.8,6218
2025-07-27 20:45:00,118730.8,6219
2025-07-28 01:45:00,118950.0,6220
2025-07-28 18:30:00,117401.5,6221
2025-07-29 02:15:00,117434.0,6222
2025-07-29 11:00:00,118117.9,6223
2025-07-29 16:30:00,116912.6,6224
2025-07-29 20:30:00,117055.6,6225
2025-07-30 01:15:00,117371.4,6226
2025-07-30 05:15:00,117643.1,6227
2025-07-30 11:45:00,117266.4,6228
2025-07-30 19:00:00,115738.1,6229
2025-07-31 06:00:00,118257.6,6230
2025-07-31 13:30:00,117773.9,6231
2025-08-01 00:45:00,114240.0,6232
2025-08-01 08:30:00,114013.0,6233
2025-08-01 14:00:00,113849.5,6234
2025-08-01 22:45:00,112692.8,6235
2025-08-02 06:30:00,113438.3,6236
2025-08-02 10:30:00,113359.1,6237
2025-08-02 19:00:00,111950.0,6238
2025-08-03 00:30:00,111870.0,6239
2025-08-03 14:15:00,113531.5,6240
2025-08-03 22:15:00,114000.5,6241
2025-08-04 06:15:00,114101.2,6242
2025-08-04 13:30:00,114061.7,6243
2025-08-04 20:00:00,114551.4,6244
2025-08-05 07:30:00,113628.2,6245
2025-08-05 14:45:00,112577.7,6246
2025-08-05 22:00:00,113207.5,6247
2025-08-06 04:30:00,113300.2,6248
2025-08-06 08:45:00,113671.5,6249
2025-08-06 13:30:00,113522.0,6250
2025-08-06 21:30:00,114747.5,6251
2025-08-07 04:45:00,114218.0,6252
2025-08-07 16:45:00,115555.1,6253
2025-08-08 06:00:00,116334.8,6254
2025-08-08 10:45:00,116264.2,6255
2025-08-08 15:45:00,115854.2,6256
2025-08-08 20:00:00,116240.0,6257
2025-08-09 03:30:00,116288.2,6258
2025-08-09 21:15:00,116303.1,6259
2025-08-10 07:45:00,117431.0,6260
2025-08-10 11:00:00,117910.0,6261
2025-08-10 20:15:00,118049.4,6262
2025-08-11 13:00:00,119340.6,6263
2025-08-11 21:45:00,117855.3,6264
2025-08-12 05:30:00,118403.0,6265
2025-08-12 10:00:00,118150.0,6266
2025-08-12 17:45:00,119120.2,6267
2025-08-13 02:15:00,118974.1,6268
2025-08-13 05:45:00,118900.5,6269
2025-08-13 13:30:00,120115.8,6270
2025-08-14 06:15:00,121354.6,6271
2025-08-14 12:30:00,117224.6,6272
2025-08-14 18:15:00,117117.0,6273
2025-08-14 21:30:00,117241.3,6274
2025-08-15 01:00:00,117977.9,6275
2025-08-15 09:45:00,118600.0,6276
2025-08-15 16:00:00,116719.3,6277
2025-08-15 20:00:00,116780.1,6278
2025-08-16 06:30:00,117234.0,6279
2025-08-16 10:15:00,117069.7,6280
2025-08-16 22:00:00,117156.9,6281
2025-08-17 01:00:00,117101.0,6282
2025-08-17 13:15:00,117983.0,6283
2025-08-17 18:45:00,117265.0,6284
2025-08-18 09:30:00,114577.7,6285
2025-08-18 13:45:00,114719.6,6286
2025-08-18 20:30:00,115924.7,6287
2025-08-19 04:00:00,114292.4,6288
2025-08-19 07:30:00,114551.5,6289
2025-08-19 19:15:00,112712.2,6290
2025-08-20 01:30:00,112520.0,6291
2025-08-20 08:00:00,113356.2,6292
2025-08-20 14:15:00,112286.8,6293
2025-08-20 18:30:00,113194.3,6294
2025-08-21 19:30:00,111945.2,6295
2025-08-22 04:45:00,112667.8,6296
2025-08-22 12:30:00,111618.8,6297
2025-08-22 19:45:00,116433.1,6298
2025-08-23 03:45:00,115432.0,6299
2025-08-23 15:00:00,114504.7,6300
2025-08-23 21:30:00,114985.8,6301
2025-08-24 10:30:00,114602.0,6302
2025-08-24 14:00:00,114312.8,6303
2025-08-24 16:45:00,114250.1,6304
2025-08-24 19:30:00,110551.0,6305
2025-08-25 00:30:00,112133.4,6306
2025-08-25 08:00:00,110937.3,6307
2025-08-25 13:45:00,110552.0,6308
2025-08-25 21:30:00,109222.6,6309
2025-08-26 01:00:00,108669.0,6310
2025-08-26 07:15:00,109706.1,6311
2025-08-26 13:45:00,109334.2,6312
2025-08-27 03:15:00,110877.7,6313
2025-08-27 08:45:00,110312.1,6314
2025-08-27 20:15:00,110823.9,6315
2025-08-28 00:30:00,110781.5,6316
2025-08-28 20:00:00,111810.1,6317
2025-08-29 09:00:00,109346.7,6318
2025-08-29 14:45:00,108063.3,6319
2025-08-29 21:00:00,107432.6,6320
2025-08-30 01:45:00,107300.0,6321
2025-08-30 07:00:00,108075.0,6322
2025-08-30 13:00:00,108176.0,6323
2025-08-30 22:00:00,108436.9,6324
2025-08-31 06:30:00,108455.0,6325
2025-08-31 13:00:00,108135.9,6326
2025-09-01 05:15:00,107202.0,6327
2025-09-01 10:30:00,108150.0,6328
2025-09-01 17:00:00,108351.0,6329
2025-09-01 21:30:00,107408.0,6330
2025-09-02 07:45:00,109953.0,6331
2025-09-02 12:45:00,108320.7,6332
2025-09-02 18:45:00,110142.0,6333
2025-09-03 07:15:00,110476.8,6334
2025-09-03 12:45:00,110985.9,6335
2025-09-03 23:30:00,111546.8,6336
2025-09-04 06:45:00,110208.8,6337
2025-09-04 15:15:00,109276.7,6338
2025-09-05 00:45:00,110402.2,6339
2025-09-05 17:30:00,110155.0,6340
2025-09-05 21:15:00,110282.7,6341
2025-09-06 05:30:00,110646.4,6342
2025-09-06 11:15:00,110604.2,6343
2025-09-06 16:15:00,109888.0,6344
2025-09-07 07:15:00,110416.9,6345
2025-09-07 13:15:00,110994.4,6346
2025-09-07 18:30:00,110812.4,6347
2025-09-08 02:15:00,110555.3,6348
2025-09-08 05:30:00,110844.0,6349
2025-09-08 20:45:00,111832.6,6350
2025-09-09 02:15:00,111059.9,6351
2025-09-09 15:45:00,110706.4,6352
2025-09-10 01:30:00,110865.0,6353
2025-09-10 05:45:00,111255.8,6354
2025-09-10 19:15:00,113100.0,6355
2025-09-11 00:30:00,113608.1,6356
2025-09-11 09:45:00,113710.1,6357
2025-09-11 12:30:00,113242.0,6358
2025-09-12 03:30:00,115001.0,6359
2025-09-12 12:00:00,114700.8,6360
2025-09-12 21:45:00,115630.5,6361
2025-09-13 01:45:00,115451.5,6362
2025-09-13 05:45:00,115594.0,6363
2025-09-13 16:30:00,114978.2,6364
2025-09-14 04:15:00,115380.0,6365
2025-09-14 14:30:00,115100.0,6366
2025-09-14 19:00:00,115260.1,6367
2025-09-15 01:15:00,114741.6,6368
2025-09-15 09:00:00,114526.9,6369
2025-09-15 13:30:00,114316.3,6370
2025-09-16 00:45:00,114888.0,6371
2025-09-16 04:15:00,114894.6,6372
2025-09-16 13:45:00,114688.0,6373
2025-09-17 04:45:00,116100.0,6374
2025-09-17 18:45:00,114710.0,6375
2025-09-18 06:30:00,116859.0,6376
2025-09-18 12:00:00,116920.0,6377
2025-09-18 19:30:00,117081.8,6378
2025-09-18 23:15:00,116557.9,6379
2025-09-19 06:30:00,116575.0,6380
2025-09-19 15:00:00,115408.0,6381
2025-09-19 20:00:00,115035.0,6382
2025-09-20 03:45:00,115360.0,6383
2025-09-20 09:30:00,115606.0,6384
2025-09-20 20:00:00,115630.2,6385
2025-09-21 02:15:00,115390.0,6386
2025-09-21 09:30:00,115260.1,6387
2025-09-21 16:45:00,115117.3,6388
2025-09-22 02:30:00,114079.8,6389
2025-09-22 06:00:00,111500.0,6390
2025-09-22 09:45:00,112111.2,6391
2025-09-22 13:45:00,112307.0,6392
2025-09-22 19:45:00,111892.0,6393
2025-09-23 03:00:00,111410.0,6394
2025-09-23 11:00:00,112616.6,6395
2025-09-23 20:30:00,111350.7,6396
2025-09-24 00:00:00,111757.0,6397
2025-09-24 04:00:00,110904.2,6398
2025-09-24 08:15:00,112330.3,6399
2025-09-24 13:45:00,112750.1,6400
2025-09-24 19:45:00,113217.4,6401
2025-09-25 07:00:00,111373.6,6402
2025-09-25 13:30:00,110517.0,6403
2025-09-25 18:00:00,108560.0,6404
2025-09-25 20:45:00,108994.8,6405
2025-09-25 23:30:00,108676.7,6406
2025-09-26 07:30:00,108833.4,6407
2025-09-26 11:15:00,108550.0,6408
2025-09-26 14:45:00,108700.0,6409
2025-09-26 19:30:00,108951.5,6410
2025-09-27 01:30:00,109261.6,6411
2025-09-27 09:15:00,108988.0,6412
2025-09-27 15:00:00,109113.9,6413
2025-09-28 01:45:00,109271.0,6414
2025-09-28 06:30:00,109180.7,6415
2025-09-28 12:45:00,109133.8,6416
2025-09-29 07:15:00,111487.2,6417
2025-09-29 13:00:00,111864.0,6418
2025-09-29 17:00:00,113409.4,6419
2025-09-29 22:30:00,113957.1,6420
2025-09-30 10:00:00,112603.9,6421
2025-09-30 16:45:00,112726.8,6422
2025-09-30 23:00:00,113716.8,6423
2025-10-01 03:45:00,114039.6,6424
2025-10-01 06:45:00,114177.3,6425
2025-10-01 17:45:00,116678.7,6426
2025-10-02 05:45:00,118202.7,6427
2025-10-02 11:00:00,118483.8,6428
2025-10-02 15:00:00,118445.0,6429
2025-10-03 01:45:00,119736.7,6430
2025-10-03 08:15:00,119160.0,6431
2025-10-03 14:15:00,119805.0,6432
2025-10-03 21:45:00,121934.0,6433
2025-10-04 02:15:00,121628.0,6434
2025-10-04 11:15:00,121884.2,6435
2025-10-04 18:45:00,121472.9,6436
2025-10-05 01:15:00,122082.6,6437
2025-10-05 10:00:00,122461.7,6438
2025-10-05 16:45:00,122104.0,6439
2025-10-05 20:00:00,122418.7,6440
2025-10-06 05:00:00,123251.9,6441
2025-10-06 07:45:00,123230.0,6442
2025-10-06 21:15:00,124403.3,6443
2025-10-07 03:30:00,124022.9,6444
2025-10-07 08:15:00,123200.1,6445
2025-10-07 18:15:00,120545.0,6446
2025-10-07 23:45:00,121213.0,6447
2025-10-08 06:00:00,121000.0,6448
2025-10-08 13:45:00,121615.6,6449
2025-10-08 20:45:00,122689.1,6450
2025-10-09 02:45:00,121401.6,6451
2025-10-09 08:45:00,121080.0,6452
2025-10-09 17:00:00,119574.0,6453
2025-10-10 02:45:00,120882.0,6454
2025-10-10 07:45:00,120822.0,6455
2025-10-10 21:15:00,101045.9,6456
2025-10-11 01:45:00,110930.2,6457
2025-10-11 07:45:00,110050.0,6458
2025-10-11 21:00:00,109453.4,6459
2025-10-12 00:45:00,109503.2,6460
2025-10-12 09:00:00,111081.0,6461
2025-10-12 14:30:00,111121.0,6462
2025-10-13 04:45:00,114320.9,6463
2025-10-13 11:15:00,113526.4,6464
2025-10-13 14:45:00,113707.1,6465
2025-10-14 06:45:00,111200.0,6466
2025-10-14 10:30:00,109947.4,6467
2025-10-14 13:30:00,109800.0,6468
2025-10-14 19:45:00,111935.3,6469
2025-10-15 04:00:00,111683.0,6470
2025-10-15 17:15:00,110072.8,6471
2025-10-15 21:00:00,110413.8,6472
2025-10-16 00:30:00,110281.6,6473
2025-10-16 09:30:00,109533.0,6474
2025-10-16 16:30:00,107500.3,6475
2025-10-16 20:30:00,107362.1,6476
2025-10-17 10:15:00,103437.4,6477
2025-10-17 14:30:00,104431.7,6478
2025-10-18 00:15:00,106259.7,6479
2025-10-18 04:30:00,106383.6,6480
2025-10-18 16:30:00,106430.6,6481
2025-10-19 01:00:00,106688.2,6482
2025-10-19 09:15:00,106060.3,6483
2025-10-19 13:00:00,107322.6,6484
2025-10-20 00:30:00,107373.7,6485
2025-10-20 13:00:00,110537.8,6486
2025-10-20 17:30:00,109785.0,6487
2025-10-21 05:45:00,107412.1,6488
2025-10-21 08:30:00,107429.9,6489
2025-10-22 00:30:00,107769.0,6490
2025-10-22 03:15:00,107810.1,6491
2025-10-22 07:00:00,107523.1,6492
2025-10-22 11:00:00,106588.0,6493
2025-10-22 18:15:00,107394.7,6494
2025-10-22 21:00:00,106625.8,6495
2025-10-23 14:15:00,108564.2,6496
2025-10-23 20:45:00,109230.5,6497
2025-10-24 08:30:00,110605.5,6498
2025-10-24 14:15:00,109603.4,6499
2025-10-25 00:45:00,110618.8,6500
2025-10-25 10:00:00,111349.8,6501
2025-10-25 16:00:00,111109.0,6502
2025-10-26 03:45:00,111187.8,6503
2025-10-26 16:15:00,113236.4,6504
2025-10-26 21:15:00,112797.0,6505
2025-10-27 09:00:00,114766.7,6506
2025-10-27 14:15:00,114426.0,6507
2025-10-28 02:45:00,113507.6,6508
2025-10-28 05:45:00,113341.6,6509
2025-10-28 12:15:00,114072.2,6510
2025-10-28 21:00:00,112112.0,6511
2025-10-29 01:15:00,112030.0,6512
2025-10-29 10:45:00,112665.3,6513
2025-10-29 18:30:00,109056.2,6514
2025-10-30 00:00:00,109665.0,6515
2025-10-30 04:30:00,107842.2,6516
2025-10-30 19:30:00,106225.0,6517
2025-10-31 08:00:00,109154.8,6518
2025-10-31 13:30:00,109314.3,6519
2025-10-31 16:45:00,108494.5,6520
2025-11-01 00:15:00,109333.0,6521
2025-11-01 06:30:00,109874.0,6522
2025-11-01 10:00:00,109778.5,6523
2025-11-01 13:30:00,109661.7,6524
2025-11-01 21:45:00,109763.0,6525
2025-11-02 02:00:00,109821.8,6526
2025-11-02 10:30:00,110301.4,6527
2025-11-02 16:00:00,109603.2,6528
2025-11-03 10:45:00,106700.5,6529
2025-11-03 16:00:00,105178.2,6530
2025-11-03 22:30:00,105750.0,6531
2025-11-04 10:30:00,103550.1,6532
2025-11-04 21:30:00,98888.1,6533
2025-11-05 01:30:00,98894.6,6534
2025-11-05 08:15:00,101122.8,6535
2025-11-05 22:15:00,103237.5,6536
2025-11-06 01:15:00,102662.8,6537
2025-11-06 16:30:00,100234.5,6538
2025-11-06 21:15:00,100455.0,6539
2025-11-07 00:15:00,100682.7,6540
2025-11-07 12:45:00,99201.8,6541
2025-11-08 00:30:00,102460.0,6542
2025-11-08 07:15:00,101832.8,6543
2025-11-08 14:15:00,101408.7,6544
2025-11-08 19:15:00,101438.9,6545
2025-11-09 03:15:00,101237.3,6546
2025-11-09 10:15:00,101450.0,6547
2025-11-09 22:00:00,104050.0,6548
2025-11-10 09:15:00,105775.0,6549
2025-11-10 15:45:00,104602.1,6550
2025-11-10 21:45:00,105200.4,6551
2025-11-11 07:45:00,104686.0,6552
2025-11-11 21:30:00,102420.5,6553
2025-11-12 01:00:00,102626.3,6554
2025-11-12 07:45:00,103011.5,6555
2025-11-12 16:00:00,101300.0,6556
2025-11-12 19:15:00,100741.8,6557
2025-11-13 03:15:00,100855.0,6558
2025-11-13 09:00:00,102482.7,6559
2025-11-13 20:15:00,97931.0,6560
2025-11-14 01:00:00,98628.1,6561
2025-11-14 06:45:00,95858.6,6562
2025-11-14 12:30:00,94500.0,6563
2025-11-14 23:00:00,93905.9,6564
2025-11-15 08:45:00,95610.2,6565
2025-11-15 12:00:00,95526.6,6566
2025-11-15 16:00:00,95667.2,6567
2025-11-15 20:45:00,95038.1,6568
2025-11-16 01:45:00,94760.9,6569
2025-11-16 17:45:00,93652.0,6570
2025-11-16 23:00:00,92920.1,6571
2025-11-17 06:15:00,94843.1,6572
2025-11-17 20:00:00,91227.7,6573
2025-11-18 04:45:00,89243.1,6574
2025-11-18 13:30:00,90868.8,6575
2025-11-19 00:15:00,91865.0,6576
2025-11-19 05:45:00,89972.2,6577
2025-11-19 20:00:00,88571.6,6578
2025-11-20 06:45:00,91666.9,6579
2025-11-20 09:45:00,91387.0,6580
2025-11-20 19:00:00,86050.2,6581
2025-11-21 02:45:00,85308.0,6582
2025-11-21 07:30:00,81300.8,6583
2025-11-21 12:15:00,80607.9,6584
2025-11-21 16:00:00,82280.0,6585
2025-11-22 04:30:00,83778.0,6586
2025-11-22 10:45:00,83457.5,6587
2025-11-22 21:00:00,84182.7,6588
2025-11-23 07:15:00,85371.5,6589
2025-11-23 11:00:00,85800.6,6590
