box_num,box_end_time,box_high,box_low,box_range_pct,l_value_time,l_value_price,drop_from_box_pct,max_gain_after_l_pct,bars_after_box
1,2020-03-26 05:45:00,6751.0,6655.0,1.4321945397583171,2020-03-26 07:45:00,6555.0,1.5026296018031555,1.8382913806254768,7
2,2020-03-26 13:30:00,6665.0,6566.0,1.496485526415237,2020-03-26 15:15:00,6562.5,0.053304904051172705,4.198095238095238,6
3,2020-03-27 23:30:00,6680.0,6573.0,1.6147287406624915,2020-03-28 03:30:00,6084.5,7.4319184542826715,3.5417865066973455,15
4,2020-03-28 13:15:00,6300.0,6206.5,1.4952224843081598,2020-03-28 17:45:00,6010.0,3.1660356078305,4.633943427620632,17
5,2020-03-29 07:45:00,6255.5,6120.5,2.1816418875242403,2020-03-29 09:45:00,6075.0,0.74340331672249,2.1316872427983538,7
6,2020-03-31 23:15:00,6490.0,6397.5,1.4354995150339476,2020-04-01 06:15:00,6262.0,2.1180148495506055,1.1338230597253274,27
7,2020-04-01 06:00:00,6372.0,6280.5,1.4463544754001185,2020-04-01 09:45:00,6257.0,0.3741740307300374,1.2146396036439189,14
8,2020-04-01 12:00:00,6356.5,6257.0,1.5776747136005072,2020-04-01 13:30:00,6156.5,1.6062010548186032,8.616908958011857,5
9,2020-04-02 07:15:00,6642.0,6543.5,1.494065450684464,2020-04-02 11:00:00,6606.5,-0.9627874990448537,9.44524332097177,14
11,2020-04-04 02:45:00,6801.5,6710.5,1.3469508584961516,2020-04-04 06:30:00,6690.5,0.29804038447209596,3.1163590165159554,14
12,2020-04-04 09:45:00,6783.5,6665.0,1.7622783210023423,2020-04-04 11:30:00,6646.0,0.28507126781695424,5.50707192296118,6
13,2020-04-04 20:15:00,6801.5,6701.0,1.4886132197741158,2020-04-05 02:00:00,6802.0,-1.5072377257125802,0.5660099970596884,22
14,2020-04-05 04:00:00,6889.0,6787.5,1.4842978832303586,2020-04-05 06:30:00,6743.0,0.6556169429097606,1.1419249592169658,9
15,2020-04-05 17:00:00,6840.5,6740.0,1.4800633260925593,2020-04-05 21:00:00,6720.0,0.2967359050445104,5.632440476190476,15
16,2020-04-06 00:15:00,6814.0,6720.0,1.3890941332939264,2020-04-06 02:30:00,6805.0,-1.2648809523809523,5.187362233651727,8
17,2020-04-06 23:45:00,7298.0,7190.0,1.4908890115958033,2020-04-07 02:15:00,7257.0,-0.9318497913769123,2.7766294612098665,9
18,2020-04-07 20:00:00,7379.0,7277.0,1.3919213973799127,2020-04-08 00:45:00,7150.5,1.7383537171911503,3.7270120970561496,18
19,2020-04-08 02:30:00,7214.5,7125.0,1.2483001499354929,2020-04-08 06:45:00,7282.5,-2.2105263157894735,0.8582217645039478,16
20,2020-04-08 23:15:00,7374.0,7241.5,1.8131435804454175,2020-04-09 01:45:00,7286.0,-0.6145135676310156,0.7960472138347515,9
21,2020-04-09 03:30:00,7388.0,7285.0,1.4039392080692428,2020-04-09 10:00:00,7274.0,0.15099519560741248,0.9417102007148749,25
22,2020-04-09 11:45:00,7344.0,7236.5,1.4745722025993622,2020-04-09 15:45:00,7255.0,-0.25564844883576315,0.7649896623018608,15
24,2020-04-10 03:30:00,7331.0,7207.5,1.6989373043986657,2020-04-10 05:00:00,6915.5,4.051335414498785,1.207432578989227,5
25,2020-04-10 13:30:00,6950.0,6854.0,1.3909011880614315,2020-04-10 15:30:00,6741.5,1.6413772979282168,2.9889490469480084,7
26,2020-04-10 22:45:00,6943.0,6847.5,1.3850114209056958,2020-04-11 07:30:00,6855.5,-0.11683096020445417,0.5032455692509664,34
27,2020-04-11 04:00:00,6915.5,6816.0,1.4492225903943488,2020-04-11 07:30:00,6855.5,-0.579518779342723,0.5032455692509664,13
28,2020-04-11 17:45:00,6938.0,6781.0,2.288796559516,2020-04-11 20:15:00,6760.0,0.30968883645480016,2.1597633136094676,9
29,2020-04-11 21:45:00,6866.0,6760.0,1.5558491119917803,2020-04-12 02:00:00,6785.0,-0.3698224852071006,1.3706705969049373,16
31,2020-04-12 14:00:00,6921.5,6824.5,1.4113196566273825,2020-04-12 22:15:00,6952.0,-1.8682687376364568,1.093210586881473,32
32,2020-04-13 11:30:00,6729.5,6634.0,1.4292662850301194,2020-04-13 18:45:00,6744.0,-1.658124811576726,2.491103202846975,28
33,2020-04-13 20:15:00,6796.5,6715.0,1.2063797505828369,2020-04-14 01:00:00,6801.5,-1.2881608339538346,1.6246416231713592,18
34,2020-04-13 21:00:00,6821.5,6727.0,1.3949883750968741,2020-04-14 01:00:00,6801.5,-1.1074773301620335,1.6246416231713592,15
35,2020-04-14 04:00:00,6893.0,6790.0,1.5055177958050134,2020-04-14 08:00:00,6752.5,0.5522827687776142,3.1766012587930397,15
36,2020-04-14 08:00:00,6912.0,6810.0,1.4866637516397025,2020-04-14 12:00:00,6793.0,0.249632892804699,2.561460326807007,15
37,2020-04-15 00:00:00,6930.0,6828.5,1.475451539048588,2020-04-15 05:30:00,6869.5,-0.6004246906348393,0.5604483586869495,21
38,2020-04-15 03:45:00,6903.0,6804.0,1.4445173998686802,2020-04-15 05:30:00,6869.5,-0.9626690182245737,0.5604483586869495,6
39,2020-04-15 10:45:00,6924.5,6821.5,1.498617779717736,2020-04-15 12:45:00,6677.0,2.1183024261526056,1.302980380410364,7
40,2020-04-15 23:00:00,6774.0,6677.0,1.4422719500408892,2020-04-16 03:00:00,6582.5,1.4153062752733263,8.697303456133689,15
41,2020-04-16 06:30:00,6671.0,6581.5,1.350688549330315,2020-04-16 10:30:00,6904.0,-4.900098761680468,2.7158169177288527,15
42,2020-04-17 13:30:00,7119.5,7017.5,1.4430218575369598,2020-04-17 21:45:00,7034.5,-0.24225151407196296,1.4784277489515958,32
43,2020-04-17 23:15:00,7084.5,6982.0,1.4573632389009348,2020-04-18 07:15:00,7078.0,-1.3749641936407906,2.5713478383724215,31
44,2020-04-18 12:45:00,7112.5,7013.5,1.4016706781820756,2020-04-18 16:30:00,7157.5,-2.053183146788337,1.8372336709745023,14
45,2020-04-18 22:45:00,7260.0,7154.5,1.4638038086648861,2020-04-19 00:15:00,7179.5,-0.34943042840170524,0.8148199735357615,5
46,2020-04-19 00:15:00,7289.0,7183.0,1.46489773355445,2020-04-19 06:00:00,7101.0,1.1415842962550466,1.0561892691170258,22
47,2020-04-19 05:45:00,7267.5,7179.5,1.218246002630304,2020-04-19 07:30:00,7115.5,0.8914269795946793,0.8502564823273137,6
48,2020-04-19 14:00:00,7176.0,7070.5,1.4810655248657565,2020-04-19 19:30:00,7115.0,-0.629375574570398,1.3492621222768797,21
49,2020-04-20 00:00:00,7195.0,7070.0,1.752541184717841,2020-04-20 05:15:00,7152.0,-1.1598302687411597,0.39149888143176736,20
50,2020-04-20 04:00:00,7186.5,7085.5,1.4153587443946187,2020-04-20 08:00:00,7120.0,-0.48690988638769317,0.47752808988764045,15
51,2020-04-20 10:30:00,7211.0,7096.0,1.6076046690431258,2020-04-20 12:00:00,6909.0,2.6352874859075537,2.6704298740772905,5
52,2020-04-21 09:30:00,6909.0,6807.5,1.4799693799438634,2020-04-21 11:15:00,6759.5,0.7051046639735585,2.6259338708484354,6
53,2020-04-21 14:30:00,6847.5,6759.5,1.2934518997574778,2020-04-21 17:45:00,6812.5,-0.7840816628448849,1.379816513761468,12
54,2020-04-21 17:45:00,6872.5,6780.5,1.3476891525672015,2020-04-21 20:00:00,6856.5,-1.1208612934149398,0.729235032450959,8
55,2020-04-22 07:30:00,6938.0,6815.5,1.7813647435198314,2020-04-22 10:00:00,6922.0,-1.5626146284205122,3.431089280554753,9
56,2020-04-22 13:15:00,6968.0,6874.0,1.3581852333477822,2020-04-22 17:45:00,7064.5,-2.771312190864126,1.6349352395781724,17
57,2020-04-23 06:00:00,7180.0,7064.5,1.6216785425953877,2020-04-23 11:00:00,7057.0,0.10616462594663459,9.727929715176419,19
58,2020-04-23 11:30:00,7116.0,7015.0,1.42948128228717,2020-04-23 16:45:00,7487.5,-6.735566642908054,1.649415692821369,20
59,2020-04-23 12:15:00,7145.0,7044.0,1.4236380294594404,2020-04-23 16:45:00,7487.5,-6.296138557637705,1.649415692821369,17
60,2020-04-23 23:00:00,7611.0,7487.5,1.635924098420373,2020-04-24 01:45:00,7465.0,0.3005008347245409,1.9223040857334224,10
61,2020-04-24 11:15:00,7608.5,7452.5,2.0715755925901336,2020-04-24 14:15:00,7400.0,0.7044615900704462,1.9527027027027026,11
62,2020-04-25 15:45:00,7598.0,7437.0,2.1416694379780514,2020-04-25 17:30:00,7523.5,-1.163103401909372,0.67787598856915,6
63,2020-04-26 10:45:00,7592.0,7468.0,1.6467463479415672,2020-04-26 15:00:00,7496.0,-0.3749330476700589,3.8553895410885803,16
64,2020-04-27 00:00:00,7693.0,7554.5,1.8166912608624364,2020-04-27 04:15:00,7701.0,-1.9392415116817792,0.558369042981431,16
65,2020-04-27 07:00:00,7752.5,7639.5,1.4682952182952185,2020-04-27 09:00:00,7678.0,-0.5039596832253419,0.5795780151081011,7
67,2020-05-01 09:45:00,8834.0,8711.5,1.3963694394574107,2020-05-01 14:00:00,8721.5,-0.11479079377833896,1.9320071088688873,16
68,2020-05-01 21:30:00,8780.5,8659.0,1.3933885719200665,2020-05-02 00:00:00,8771.5,-1.2992262385956808,0.9861483212677422,9
69,2020-05-02 12:15:00,8886.0,8757.0,1.4623363373575922,2020-05-02 18:00:00,8816.5,-0.6794564348521183,4.24771734815403,22
70,2020-05-03 06:00:00,9191.0,9070.0,1.3252286293193143,2020-05-03 08:00:00,8975.0,1.0474090407938257,1.8217270194986073,7
71,2020-05-03 22:00:00,8908.0,8773.5,1.521364137658004,2020-05-04 01:15:00,8634.5,1.584316407363082,1.6735190225259136,12
72,2020-05-04 12:30:00,8721.0,8601.0,1.3855213023900244,2020-05-04 17:30:00,8744.5,-1.6684106499244276,2.3843558808393848,19
73,2020-05-05 04:45:00,8953.0,8820.0,1.4966522252855454,2020-05-05 08:15:00,8980.5,-1.8197278911564627,0.9409275652803296,13
74,2020-05-05 20:15:00,8951.0,8819.0,1.4856499718626899,2020-05-05 22:00:00,8910.5,-1.037532600068035,2.1042590202570004,6
75,2020-05-05 23:45:00,8998.0,8872.0,1.4101846670397313,2020-05-06 05:45:00,8982.0,-1.2398557258791705,4.431084391004231,23
76,2020-05-06 03:45:00,9041.5,8910.5,1.4594474153297683,2020-05-06 05:45:00,8982.0,-0.802424106391336,4.431084391004231,7
77,2020-05-06 08:00:00,9069.0,8941.0,1.4214325374791783,2020-05-06 13:15:00,9131.0,-2.1250419416172686,2.8748220348264155,20
78,2020-05-06 10:15:00,9098.0,8965.5,1.467046807097185,2020-05-06 13:15:00,9131.0,-1.8459650883944005,2.8748220348264155,11
79,2020-05-06 22:45:00,9345.0,9179.0,1.7922694882314836,2020-05-07 05:15:00,9237.0,-0.6318771107963831,3.8811302370899643,25
80,2020-05-07 13:15:00,9391.5,9237.0,1.6587486915210565,2020-05-07 15:30:00,9360.0,-1.3316011692107828,7.473290598290598,8
81,2020-05-08 23:00:00,10005.0,9857.5,1.4852108244178728,2020-05-09 02:00:00,9832.0,0.25868627948262746,0.5746541903986981,11
82,2020-05-09 05:15:00,9912.0,9779.0,1.35087095627444,2020-05-09 07:45:00,9573.0,2.1065548624603743,2.319022250078345,9
83,2020-05-09 06:45:00,9907.0,9761.5,1.479523095304675,2020-05-09 11:30:00,9525.5,2.41766122009937,2.8292478085139887,18
84,2020-05-13 11:00:00,8970.0,8832.0,1.550387596899225,2020-05-13 14:45:00,9036.0,-2.309782608695652,4.033864541832669,14
85,2020-05-13 20:00:00,9180.0,9051.0,1.4151719598486097,2020-05-13 22:30:00,9262.0,-2.3312341177770413,3.228244439645865,9
86,2020-05-14 02:00:00,9400.5,9262.0,1.4842598794373745,2020-05-14 05:15:00,9262.0,0.0,7.320233210969553,12
87,2020-05-14 05:45:00,9383.0,9258.5,1.335729420915699,2020-05-14 13:00:00,9536.5,-3.002646216989793,3.533791223195092,28
88,2020-05-16 15:30:00,9520.0,9384.5,1.433521119310217,2020-05-16 19:00:00,9263.5,1.2893601150833822,3.3518648459005775,13
89,2020-05-17 00:30:00,9434.5,9297.0,1.4681152070042442,2020-05-17 05:45:00,9472.5,-1.887705711519845,4.36526788070731,20
90,2020-05-17 12:00:00,9574.0,9440.0,1.4094877458714632,2020-05-17 16:45:00,9704.0,-2.7966101694915255,2.6123248145094804,18
91,2020-05-17 22:00:00,9848.0,9704.0,1.4729950900163666,2020-05-18 03:30:00,9815.0,-1.1438582028029678,0.9475292919001529,21
92,2020-05-18 14:00:00,9689.5,9548.0,1.4710851202079271,2020-05-18 17:45:00,9550.5,-0.02618349392542941,2.1307784932726035,14
93,2020-05-19 00:15:00,9754.0,9612.5,1.4612862417060386,2020-05-19 02:15:00,9541.5,0.7386215864759428,3.7153487397159775,7
94,2020-05-19 23:00:00,9765.0,9617.5,1.521991487166258,2020-05-20 02:30:00,9707.5,-0.9357941252924357,1.4524851918619623,13
95,2020-05-20 06:30:00,9813.5,9659.5,1.5816771940635754,2020-05-20 11:45:00,9710.0,-0.5228013872353642,0.8959835221421216,20
96,2020-05-20 15:15:00,9805.0,9695.0,1.1282051282051282,2020-05-20 19:15:00,9487.5,2.1402784940691078,1.185770750988142,15
97,2020-05-20 23:15:00,9600.0,9487.5,1.1787819253438114,2020-05-21 03:00:00,9449.5,0.40052700922266143,0.8466056405100799,14
98,2020-05-21 04:30:00,9587.0,9444.5,1.4975172739931166,2020-05-21 08:30:00,9275.5,1.7894012388162424,1.644116220149857,15
99,2020-05-21 08:15:00,9559.0,9422.0,1.4435488119698647,2020-05-21 10:00:00,9235.5,1.9794098917427296,1.6837204266146932,6
100,2020-05-22 16:00:00,9216.0,9062.5,1.6795688924145853,2020-05-22 17:45:00,9171.5,-1.2027586206896552,1.4937578367769722,6
101,2020-05-23 02:30:00,9264.5,9129.0,1.4733465626444124,2020-05-23 06:00:00,9212.0,-0.9091904918391939,0.5481980026052974,13
102,2020-05-23 09:00:00,9308.5,9166.0,1.5426669192670979,2020-05-23 12:30:00,9082.0,0.91643028583897,1.7727372825368861,13
103,2020-05-23 09:45:00,9298.0,9160.0,1.4952865965976812,2020-05-23 12:30:00,9082.0,0.851528384279476,1.7727372825368861,10
104,2020-05-24 11:45:00,9295.0,9082.0,2.3181150350982205,2020-05-24 14:00:00,9008.0,0.8147985025324819,0.8880994671403196,8
105,2020-05-25 08:00:00,8868.5,8738.0,1.482407065572374,2020-05-25 11:00:00,8669.5,0.7839322499427787,3.512313282196205,11
106,2020-05-25 09:45:00,8876.5,8756.0,1.366794271941018,2020-05-25 15:00:00,8737.5,0.21128369118318868,2.7067238912732474,20
107,2020-05-25 17:30:00,8856.0,8725.0,1.4902451510153005,2020-05-25 21:30:00,8865.0,-1.6045845272206303,1.0603496897913143,15
108,2020-05-26 00:15:00,8974.0,8855.5,1.3292576909055216,2020-05-26 07:00:00,8859.0,-0.039523459996612276,1.7157692741844452,26
109,2020-05-26 08:00:00,8959.0,8828.0,1.4729858885703042,2020-05-26 10:00:00,8833.5,-0.062301767104666964,0.820739231335258,7
110,2020-05-26 15:15:00,8906.0,8779.5,1.4305504509343812,2020-05-26 19:30:00,8760.0,0.22210832051939178,1.523972602739726,16
111,2020-05-27 10:15:00,8949.0,8760.0,2.1345078773504995,2020-05-27 14:00:00,9117.0,-4.075342465753424,1.1516946363935505,14
112,2020-05-27 21:30:00,9222.0,9101.0,1.3207444195819462,2020-05-28 02:15:00,9160.0,-0.6482804087462917,2.292576419213974,18
113,2020-05-27 23:30:00,9182.5,9051.5,1.4368761654052868,2020-05-28 02:15:00,9160.0,-1.198696348671491,2.292576419213974,10
114,2020-05-28 11:45:00,9248.5,9112.5,1.481400795163662,2020-05-28 16:45:00,9430.0,-3.484224965706447,1.956521739130435,19
115,2020-05-28 22:45:00,9533.0,9395.5,1.452835671078004,2020-05-29 01:00:00,9462.0,-0.7077856420626896,1.3157894736842104,8
116,2020-05-29 08:15:00,9600.0,9462.0,1.447906830343091,2020-05-29 11:00:00,9345.0,1.2365250475586558,1.4232209737827715,10
117,2020-05-29 15:15:00,9481.5,9345.0,1.4500836586726158,2020-05-29 20:00:00,9386.0,-0.43873729266987693,2.2693373108885573,18
118,2020-05-30 04:15:00,9464.0,9327.5,1.4527845036319613,2020-05-30 09:00:00,9465.5,-1.4794961136424551,1.1990914373250223,18
119,2020-05-30 20:30:00,9599.0,9465.5,1.4005087990768181,2020-05-31 04:15:00,9523.0,-0.6074692303628969,1.1603486296335188,30
120,2020-05-30 22:15:00,9539.0,9397.0,1.4997887621461765,2020-05-31 04:15:00,9523.0,-1.3408534638714484,1.1603486296335188,23
121,2020-05-31 14:45:00,9662.5,9503.0,1.6644491403824582,2020-05-31 18:45:00,9462.0,0.4314427023045354,1.564151342210949,15
122,2020-06-01 01:45:00,9572.0,9390.5,1.9143045484508898,2020-06-01 05:45:00,9525.5,-1.437623129758799,0.6508844680069288,15
123,2020-06-01 20:45:00,9610.0,9483.0,1.3303304876132616,2020-06-02 01:30:00,10061.0,-6.095117578825266,0.9740582447072855,18
124,2020-06-01 22:15:00,9694.0,9550.0,1.4965703595926003,2020-06-02 01:30:00,10061.0,-5.350785340314136,0.9740582447072855,12
125,2020-06-02 14:45:00,10195.5,10050.0,1.4373564495813884,2020-06-02 20:00:00,9455.0,5.920398009950248,0.9994711792702273,20
126,2020-06-03 07:30:00,9549.5,9395.0,1.6310802607616988,2020-06-03 12:30:00,9558.0,-1.7349654071314529,0.6695961498221386,19
127,2020-06-03 12:00:00,9625.0,9493.0,1.380897583429229,2020-06-03 14:00:00,9503.5,-0.11060781628568418,1.999263429262903,7
128,2020-06-03 23:30:00,9642.0,9503.5,1.4468151785014756,2020-06-04 06:00:00,9624.5,-1.2732151312674278,2.400124681801652,25
129,2020-06-04 09:15:00,9693.5,9560.0,1.3867608486768639,2020-06-04 11:30:00,9460.0,1.0460251046025104,4.397463002114165,8
130,2020-06-05 08:15:00,9867.0,9726.0,1.4392895421834329,2020-06-05 11:45:00,9601.0,1.2852148879292618,1.588376210811374,13
131,2020-06-06 00:00:00,9753.5,9601.0,1.5758609108992743,2020-06-06 02:15:00,9551.0,0.5207790855119259,1.8741493037378285,8
132,2020-06-06 12:00:00,9692.0,9538.0,1.6016640665626625,2020-06-06 15:00:00,9628.0,-0.9435940448731391,0.9088076443705857,11
133,2020-06-06 16:45:00,9730.0,9590.0,1.4492753623188406,2020-06-06 19:15:00,9607.0,-0.1772679874869656,1.1293848235661497,9
134,2020-06-07 08:30:00,9724.5,9584.5,1.450100989176032,2020-06-07 14:00:00,9380.5,2.128436538160572,4.55199616225148,21
135,2020-06-07 12:15:00,9700.5,9540.0,1.6683558119591486,2020-06-07 14:00:00,9380.5,1.671907756813417,4.55199616225148,6
137,2020-06-07 19:30:00,9557.0,9451.0,1.1153198653198653,2020-06-08 03:30:00,9704.5,-2.6822558459422283,0.9737750528105518,31
138,2020-06-08 09:15:00,9803.0,9640.5,1.6715097590454393,2020-06-08 14:00:00,9654.5,-0.14522068357450338,2.26837226163965,18
139,2020-06-09 00:00:00,9799.0,9654.5,1.4855938520060656,2020-06-09 04:15:00,9661.0,-0.06732611735460148,0.9005278956629748,16
140,2020-06-09 21:45:00,9808.0,9626.0,1.8730060718328703,2020-06-09 23:45:00,9743.5,-1.2206523997506753,0.6825062862421102,7
141,2020-06-10 18:30:00,9832.0,9695.5,1.3980284214569196,2020-06-10 21:45:00,9830.0,-1.3872415037904182,1.4038657171922686,12
142,2020-06-11 06:15:00,9968.0,9802.0,1.6793120890237732,2020-06-11 08:00:00,9783.5,0.18873699245052028,0.3628558286911637,6
143,2020-06-11 13:00:00,9909.5,9690.0,2.239853057475956,2020-06-11 17:00:00,9100.5,6.08359133126935,3.285533761881215,15
144,2020-06-12 03:15:00,9372.0,9236.5,1.456323723029798,2020-06-12 05:15:00,9346.0,-1.1855139933957668,2.182751979456452,7
145,2020-06-12 08:00:00,9460.5,9285.5,1.8670649738610903,2020-06-12 12:15:00,9427.5,-1.5292660599859997,1.2993900822063114,16
146,2020-06-12 11:15:00,9492.5,9359.5,1.4109908762995969,2020-06-12 15:15:00,9375.5,-0.1709493028473743,1.114607220948216,15
147,2020-06-12 15:15:00,9550.0,9379.5,1.8014210623629783,2020-06-12 17:45:00,9305.5,0.7889546351084813,1.8752350760303047,9
148,2020-06-13 20:00:00,9494.0,9357.5,1.448160623823038,2020-06-14 01:30:00,9432.5,-0.8014961261020572,0.23853697323085077,21
149,2020-06-14 22:15:00,9491.5,9289.5,2.15111016452798,2020-06-15 01:45:00,9240.0,0.5328596802841918,0.44372294372294374,13
150,2020-06-15 13:45:00,9167.5,9044.5,1.3507577421480343,2020-06-15 22:30:00,9393.0,-3.853170435071038,1.9908442457148943,34
151,2020-06-16 03:00:00,9487.0,9363.5,1.3103100713508926,2020-06-16 06:45:00,9455.0,-0.9771986970684038,1.3696456901110523,14
152,2020-06-16 14:30:00,9584.5,9440.0,1.5190938000998713,2020-06-16 18:00:00,9450.0,-0.1059322033898305,0.8571428571428572,13
153,2020-06-17 14:00:00,9564.0,9397.0,1.761510468857128,2020-06-17 16:30:00,9354.0,0.45759284878152606,1.2347658755612572,9
154,2020-06-17 20:00:00,9477.0,9298.5,1.9014140768554764,2020-06-18 00:30:00,9412.0,-1.2206269828466958,0.7809179770505738,17
155,2020-06-19 02:45:00,9485.5,9277.0,2.222518321119254,2020-06-19 07:45:00,9262.0,0.16169020157378464,1.9164327359101705,19
156,2020-06-19 09:15:00,9377.0,9241.0,1.4609517671071006,2020-06-19 13:00:00,9362.0,-1.3093821015041662,0.38453321939756463,14
157,2020-06-20 11:15:00,9439.5,9263.0,1.887448202112017,2020-06-20 15:15:00,9228.5,0.37244953038972256,1.7716855393617597,15
158,2020-06-22 04:45:00,9415.5,9228.5,2.0060072945719805,2020-06-22 06:30:00,9405.0,-1.9125535027360894,1.7969165337586392,6
159,2020-06-22 16:45:00,9574.0,9314.0,2.7530707327403645,2020-06-22 19:15:00,9540.0,-2.42645479922697,2.5366876310272537,9
160,2020-06-24 07:45:00,9718.0,9546.0,1.7857142857142856,2020-06-24 10:30:00,9312.5,2.4460507018646553,1.1865771812080537,10
161,2020-06-25 03:00:00,9346.0,9210.0,1.4658331536969174,2020-06-25 07:15:00,9146.0,0.6948968512486429,2.0227421823748086,16
162,2020-06-26 00:15:00,9337.0,9163.0,1.8810810810810812,2020-06-26 07:45:00,9100.0,0.6875477463712758,1.6703296703296706,29
163,2020-06-26 07:15:00,9310.5,9153.5,1.7006065857885615,2020-06-26 09:15:00,9100.0,0.5844758835418147,1.6703296703296706,7
164,2020-06-27 19:30:00,9211.5,9060.0,1.6583203349478697,2020-06-27 23:00:00,8950.0,1.2141280353200883,1.435754189944134,13
165,2020-06-28 14:45:00,9154.5,8938.0,2.3932568743954676,2020-06-28 17:00:00,9121.5,-2.0530319982098906,0.4768952474921888,8
166,2020-06-29 18:00:00,9190.0,9027.0,1.7895372454300926,2020-06-29 23:00:00,9168.0,-1.5619807244931871,0.40357766143106455,19
167,2020-07-01 16:00:00,9268.0,9047.0,2.4133224133224136,2020-07-01 22:30:00,9215.0,-1.8569691610478611,0.48833423765599565,25
168,2020-07-01 16:30:00,9278.5,9140.5,1.4984526847277266,2020-07-01 22:30:00,9215.0,-0.8150538810787157,0.48833423765599565,23
169,2020-07-02 15:00:00,9289.0,9157.0,1.4312045972026455,2020-07-02 16:30:00,8939.5,2.3752320629026973,2.3547178253817327,5
170,2020-07-05 21:15:00,9185.5,8977.5,2.2903705335021747,2020-07-06 03:45:00,9081.0,-1.1528822055137844,2.130822596630327,25
171,2020-07-06 06:15:00,9140.0,9024.5,1.2717113050180295,2020-07-06 07:45:00,9178.0,-1.70092525901712,1.8631510132926563,5
172,2020-07-06 16:00:00,9322.5,9139.5,1.9824504387390314,2020-07-06 20:15:00,9256.5,-1.2801575578532742,1.226165397288392,16
173,2020-07-08 13:45:00,9370.0,9205.0,1.7765814266487217,2020-07-08 16:00:00,9380.5,-1.906572514937534,0.8741538297532115,8
174,2020-07-09 14:45:00,9466.5,9331.0,1.4416810746109854,2020-07-09 19:30:00,9190.0,1.511092058728968,0.6420021762785636,18
175,2020-07-12 13:30:00,9335.0,9125.0,2.275189599133261,2020-07-12 16:00:00,9205.0,-0.8767123287671232,1.222161868549701,9
176,2020-07-12 22:00:00,9265.5,9157.0,1.1779074501289184,2020-07-13 00:45:00,9266.5,-1.1958064868406684,0.3615172934765014,10
177,2020-07-16 09:00:00,9335.5,9085.0,2.7197958795906736,2020-07-16 14:00:00,9070.0,0.1651073197578426,0.8599779492833517,19
178,2020-07-21 07:30:00,9224.5,9045.5,1.959496442255063,2020-07-21 16:00:00,9318.0,-3.012547675639821,0.6653788366602276,33
179,2020-07-22 22:30:00,9437.0,9276.5,1.7153391936302669,2020-07-23 03:00:00,9467.5,-2.0589662049264272,0.6495907050435701,17
180,2020-07-23 14:15:00,9537.0,9424.0,1.1919202573703918,2020-07-23 18:45:00,9560.5,-1.4484295415959252,0.4549971235814026,17
181,2020-07-25 18:00:00,9695.5,9472.0,2.3320725185861484,2020-07-25 21:30:00,9670.5,-2.0956503378378377,0.39811798769453494,13
182,2020-07-25 20:45:00,9707.0,9567.0,1.4527342533983605,2020-07-26 01:30:00,9641.5,-0.7787185115501202,5.1496136493284235,18
183,2020-07-26 09:45:00,9784.0,9589.0,2.0131110308160842,2020-07-26 12:30:00,9811.5,-2.320367087287517,1.7275645925699432,10
184,2020-07-27 00:45:00,9992.0,9844.5,1.487157512666045,2020-07-27 08:00:00,10124.5,-2.8442277413784347,8.0991653908835,28
185,2020-07-29 06:00:00,11001.0,10840.0,1.4742914701707797,2020-07-29 09:15:00,10944.5,-0.9640221402214022,3.193384805153273,12
186,2020-07-29 08:30:00,11082.0,10935.0,1.3353317890720806,2020-07-29 14:45:00,10994.0,-0.539551897576589,3.192650536656358,24
187,2020-07-29 14:30:00,11134.0,10986.5,1.3336045749417962,2020-07-29 17:30:00,11120.0,-1.215127656669549,2.023381294964029,11
188,2020-07-29 21:45:00,11284.5,11120.0,1.4684549978798902,2020-07-30 00:00:00,10980.5,1.2544964028776977,1.265880424388689,8
189,2020-07-30 06:00:00,11119.5,10956.5,1.476716796521109,2020-07-30 07:45:00,10902.0,0.49742162186829736,1.3346175013758943,6
190,2020-07-30 13:00:00,11083.5,10901.5,1.65567432340232,2020-07-30 14:45:00,10960.0,-0.5366234004494794,1.916058394160584,6
191,2020-07-30 19:15:00,11121.5,10960.0,1.4627629463578107,2020-07-30 21:45:00,11072.5,-1.0264598540145986,0.8760442537818922,9
192,2020-07-31 01:15:00,11170.0,11038.0,1.1887608069164266,2020-07-31 03:45:00,10972.0,0.5979344084073202,2.52916514764856,9
193,2020-07-31 06:45:00,11123.0,10963.5,1.4443211916781746,2020-07-31 09:45:00,11112.0,-1.3544944588863044,2.9832613390928726,11
194,2020-07-31 15:15:00,11253.0,11025.0,2.0468623754376516,2020-07-31 18:45:00,11230.0,-1.8594104308390023,1.7408726625111308,13
196,2020-08-01 04:15:00,11398.0,11230.0,1.4848859819692417,2020-08-01 11:00:00,11563.0,-2.9652715939447907,2.616103087434057,26
197,2020-08-01 13:30:00,11732.0,11562.0,1.4596033313299563,2020-08-01 18:30:00,11563.0,-0.00864902266043937,4.760875205396523,19
198,2020-08-02 01:30:00,11865.5,11690.0,1.4900978540043728,2020-08-02 03:00:00,11882.5,-1.6467065868263475,1.9440353460972017,5
199,2020-08-02 10:45:00,11372.5,11209.5,1.4436276680542026,2020-08-02 16:00:00,11070.5,1.2400196262099112,1.9104828146876836,20
200,2020-08-03 13:45:00,11276.0,11063.5,1.9024597685713647,2020-08-03 19:15:00,11356.5,-2.648348171916663,0.5415400871747457,21
201,2020-08-03 21:30:00,11471.5,11295.5,1.5460974217068564,2020-08-03 23:00:00,11150.0,1.288123589039883,2.403587443946188,5
202,2020-08-04 06:15:00,11374.5,11234.5,1.2384448670883277,2020-08-04 11:45:00,11073.0,1.4375361609328408,1.742978415966766,21
203,2020-08-04 11:45:00,11361.0,11168.5,1.7088705918906322,2020-08-04 13:15:00,11018.5,1.343063079195953,2.2462222625584243,5
204,2020-08-05 05:45:00,11266.0,11099.5,1.4889003152176343,2020-08-05 14:15:00,11511.0,-3.707374206045318,2.493267309530015,33
205,2020-08-05 10:00:00,11390.0,11155.0,2.0847194499889112,2020-08-05 14:15:00,11511.0,-3.191393993724787,2.493267309530015,16
206,2020-08-05 12:00:00,11445.0,11280.0,1.4521452145214522,2020-08-05 14:15:00,11511.0,-2.0478723404255317,2.493267309530015,8
207,2020-08-05 22:00:00,11780.0,11579.5,1.7166463323273187,2020-08-06 02:15:00,11611.5,-0.2763504469104884,1.2358437755673255,16
208,2020-08-06 13:30:00,11781.5,11571.0,1.8028048388823468,2020-08-06 17:15:00,11788.5,-1.8796992481203008,1.0858039614878907,14
209,2020-08-06 21:45:00,11901.0,11723.0,1.5069420927869963,2020-08-06 23:15:00,11709.5,0.1151582359464301,1.7677953798198045,5
210,2020-08-07 05:30:00,11916.5,11744.0,1.4581264132203462,2020-08-07 08:00:00,11750.0,-0.05108991825613079,0.825531914893617,9
211,2020-08-07 14:00:00,11890.0,11700.0,1.6108520559559136,2020-08-07 18:30:00,11333.5,3.1324786324786325,2.8631931883354658,17
212,2020-08-08 09:30:00,11658.0,11464.0,1.6780555315284145,2020-08-08 14:15:00,11714.0,-2.180739706908583,0.6744066928461669,18
213,2020-08-08 16:15:00,11810.0,11643.0,1.424124845435552,2020-08-08 19:15:00,11659.5,-0.1417160525637722,1.200737595951799,11
214,2020-08-10 01:45:00,11799.5,11532.0,2.293037310074363,2020-08-10 05:30:00,11941.0,-3.5466527922303155,0.5778410518382046,14
215,2020-08-10 10:15:00,12063.0,11940.0,1.0248718910136232,2020-08-10 15:30:00,11826.0,0.9547738693467337,1.0485371215964823,20
216,2020-08-11 06:15:00,11965.0,11777.0,1.5836913486648132,2020-08-11 10:00:00,11655.0,1.035917466247771,0.8837408837408838,14
217,2020-08-11 10:00:00,11880.0,11695.5,1.5651841954571484,2020-08-11 16:00:00,11304.0,3.3474413235859943,2.171797593772116,23
218,2020-08-11 13:15:00,11796.0,11605.0,1.6324088714157514,2020-08-11 16:00:00,11304.0,2.5937096079276176,2.171797593772116,10
219,2020-08-12 06:00:00,11395.0,11237.0,1.3962530929657122,2020-08-12 12:00:00,11440.0,-1.8065319925246952,1.5166083916083917,23
220,2020-08-12 15:00:00,11592.5,11387.0,1.788550664722905,2020-08-12 17:15:00,11484.5,-0.8562395714411172,1.441072750228569,8
221,2020-08-13 08:30:00,11650.0,11442.0,1.8014896934003117,2020-08-13 12:30:00,11404.5,0.32773990561090716,3.380244640273576,15
222,2020-08-13 20:45:00,11576.5,11404.5,1.4968887341717072,2020-08-14 01:00:00,11727.5,-2.8322153535884955,0.6352590066083991,16
223,2020-08-14 16:15:00,11835.0,11659.0,1.4982548735847452,2020-08-14 21:15:00,11715.0,-0.48031563598936444,2.2705932565087497,19
224,2020-08-15 00:15:00,11861.0,11688.5,1.464999256884435,2020-08-15 04:15:00,11838.5,-1.283312657740514,0.8362545930649997,15
225,2020-08-15 12:15:00,11981.0,11838.5,1.1964986670585025,2020-08-15 19:45:00,11842.5,-0.03378806436626262,1.173738653156006,29
226,2020-08-15 21:45:00,11981.5,11741.0,2.0276109179049424,2020-08-16 01:00:00,11796.5,-0.47270249552848986,1.1825541474166066,12
227,2020-08-16 12:00:00,11969.0,11752.5,1.8253483127120966,2020-08-16 18:30:00,11823.5,-0.6041267815358434,0.9472660379752189,25
228,2020-08-16 16:00:00,11877.5,11706.5,1.450135685210312,2020-08-16 18:30:00,11823.5,-0.9994447529150472,0.9472660379752189,9
229,2020-08-17 13:15:00,11935.5,11774.0,1.3623231194247032,2020-08-17 18:45:00,12300.0,-4.467470698148462,1.0121951219512195,21
230,2020-08-17 23:45:00,12439.0,12251.0,1.5228837586067234,2020-08-18 02:00:00,12311.0,-0.48975593829075176,0.4467549346113232,8
231,2020-08-18 13:45:00,12395.0,12150.0,1.9963332654308412,2020-08-18 16:00:00,11864.5,2.3497942386831276,1.9006279236377428,8
232,2020-08-19 03:45:00,12090.0,11891.0,1.6596472207164006,2020-08-19 06:15:00,11627.0,2.2201665124884364,2.5414982368624752,9
233,2020-08-19 14:45:00,11922.5,11727.5,1.6490486257928119,2020-08-19 16:30:00,11661.0,0.5670432743551481,1.3635194237200925,6
234,2020-08-19 20:15:00,11782.5,11650.0,1.130907927024432,2020-08-19 22:00:00,11690.5,-0.34763948497854075,1.1077370514520337,6
235,2020-08-21 12:00:00,11892.5,11680.5,1.7986679675900392,2020-08-21 14:00:00,11682.5,-0.01712255468515903,0.7275839931521507,7
236,2020-08-21 21:15:00,11819.5,11595.0,1.9176151530034806,2020-08-22 01:00:00,11391.0,1.759379042690815,2.0366956369063294,14
237,2020-08-22 08:15:00,11588.0,11391.0,1.714608990817703,2020-08-22 11:45:00,11553.0,-1.422175401632868,1.0646585302518825,13
238,2020-08-25 12:15:00,11826.0,11459.0,3.152243933863002,2020-08-25 18:00:00,11125.0,2.9147395060651013,2.458426966292135,22
240,2020-08-27 13:15:00,11541.5,11290.0,2.203096598997,2020-08-27 17:45:00,11144.0,1.2931798051372896,2.2343862167982773,17
241,2020-08-31 12:45:00,11726.0,11169.5,4.861217269769169,2020-08-31 17:00:00,11706.0,-4.803258874613904,0.24773620365624466,16
242,2020-09-01 00:15:00,11775.0,11619.0,1.3336753013593228,2020-09-01 09:00:00,11875.0,-2.2032877183922888,1.6084210526315792,34
243,2020-09-01 04:00:00,11710.0,11537.5,1.4840305409183785,2020-09-01 09:00:00,11875.0,-2.925243770314193,1.6084210526315792,19
244,2020-09-01 05:45:00,11724.5,11580.0,1.2401038426055053,2020-09-01 09:00:00,11875.0,-2.547495682210708,1.6084210526315792,12
245,2020-09-01 15:45:00,11985.0,11785.0,1.6827934371055953,2020-09-01 17:30:00,11970.0,-1.5697921086126432,0.7268170426065164,6
246,2020-09-01 23:45:00,12066.0,11906.5,1.330691417248931,2020-09-02 08:00:00,11667.0,2.0115063200772685,0.7971200822833634,32
247,2020-09-02 08:00:00,11994.0,11728.0,2.2426439591939973,2020-09-02 11:15:00,11171.0,4.7493178717598905,2.8645600214842,12
248,2020-09-03 04:45:00,11442.0,11250.5,1.6877823069296023,2020-09-03 07:00:00,11250.0,0.004444246922359007,1.911111111111111,8
249,2020-09-03 06:30:00,11435.0,11269.5,1.457860776498051,2020-09-03 12:15:00,10650.0,5.497138293624385,2.5821596244131455,22
250,2020-09-04 07:30:00,10327.0,10178.5,1.4483918948574772,2020-09-04 11:30:00,10362.5,-1.8077319840840989,2.528347406513872,15
251,2020-09-04 14:00:00,10518.0,10362.5,1.4894279351548094,2020-09-04 18:15:00,10346.5,0.15440289505428226,2.6868989513362007,16
252,2020-09-05 08:45:00,10508.0,10340.0,1.6116653875671527,2020-09-05 12:45:00,9980.0,3.481624758220503,3.6322645290581166,15
253,2020-09-06 12:00:00,10279.0,10134.0,1.420663302797237,2020-09-06 15:15:00,10133.0,0.009867771857114665,2.126714694562321,12
254,2020-09-06 15:15:00,10298.5,10164.5,1.3096808874554073,2020-09-06 18:00:00,10187.0,-0.2213586502041419,1.5853538823991362,10
256,2020-09-07 05:15:00,10307.5,10156.0,1.480685122290908,2020-09-07 07:00:00,10057.0,0.9747932256794014,1.789798150541911,6
257,2020-09-07 11:00:00,10183.0,10057.0,1.2450592885375493,2020-09-07 12:45:00,9881.0,1.7500248583076465,5.272745673514827,6
258,2020-09-07 22:30:00,10237.0,10091.0,1.4364423455332544,2020-09-08 02:00:00,10311.5,-2.185115449410366,0.4073122242156816,13
259,2020-09-08 04:15:00,10440.5,10308.5,1.2723504747216734,2020-09-08 06:00:00,10231.0,0.7518067614104865,1.065389502492425,6
260,2020-09-08 08:30:00,10368.5,10231.0,1.334983858831525,2020-09-08 12:15:00,9925.5,2.9860228716645487,2.4381643242154047,14
261,2020-09-09 07:00:00,10136.5,9986.0,1.4958379922971796,2020-09-09 10:30:00,10159.5,-1.7374324053675143,1.7520547271027118,13
262,2020-09-09 11:15:00,10208.0,10067.5,1.38590910211832,2020-09-09 16:15:00,10206.0,-1.3757139309659796,1.9008426415833823,19
263,2020-09-09 23:15:00,10337.5,10132.0,2.007865360658541,2020-09-10 07:45:00,10255.5,-1.2189103829451244,2.242699039539759,33
264,2020-09-10 01:30:00,10325.0,10178.0,1.4339364970979855,2020-09-10 07:45:00,10255.5,-0.7614462566319513,2.242699039539759,24
265,2020-09-10 07:45:00,10417.0,10262.5,1.4942334195701057,2020-09-10 09:15:00,10237.5,0.24360535931790497,2.4224664224664223,5
266,2020-09-10 13:30:00,10392.0,10237.5,1.4978550134516104,2020-09-10 16:30:00,10303.5,-0.6446886446886447,0.6793807929344398,11
267,2020-09-11 03:45:00,10379.5,10229.5,1.4556747052258723,2020-09-11 07:45:00,10244.0,-0.14174690845104843,0.9371339320577898,15
268,2020-09-12 18:15:00,10430.0,10208.5,2.146473823194515,2020-09-12 22:15:00,10405.0,-1.9248665327913015,1.6098029793368571,15
269,2020-09-13 04:00:00,10557.0,10329.0,2.1832806664751505,2020-09-13 10:00:00,10439.0,-1.0649627263045793,0.38796819618737427,23
270,2020-09-13 11:30:00,10572.5,10418.5,1.4672955075984946,2020-09-13 13:00:00,10264.5,1.4781398473868599,0.6673486287690584,5
271,2020-09-14 11:15:00,10445.0,10220.0,2.1775949673360757,2020-09-14 18:15:00,10643.0,-4.138943248532289,1.738231701587898,27
272,2020-09-15 02:15:00,10740.0,10581.5,1.4867621884013789,2020-09-15 05:00:00,10704.0,-1.1576808581014035,2.0132660687593424,10
273,2020-09-15 10:30:00,10828.0,10610.0,2.033771807071555,2020-09-15 14:45:00,10733.0,-1.1592836946277096,1.2997298052734556,16
274,2020-09-15 20:15:00,10830.0,10692.0,1.282408698076387,2020-09-16 00:45:00,10665.0,0.25252525252525254,2.606657290201594,17
275,2020-09-16 00:15:00,10872.5,10724.5,1.370560726026763,2020-09-16 06:15:00,10757.5,-0.3077066529908154,2.514524750174297,23
276,2020-09-16 07:30:00,10843.0,10665.0,1.655198065835968,2020-09-16 10:30:00,10821.5,-1.46741678387248,2.485792172988957,11
277,2020-09-16 15:30:00,10956.0,10798.0,1.4526064172106279,2020-09-16 18:00:00,10952.5,-1.430820522318948,1.1184661036293084,9
278,2020-09-17 04:00:00,11090.5,10871.0,1.9989527127017737,2020-09-17 07:30:00,10847.5,0.2161714653665716,0.4747637704540217,13
279,2020-09-18 16:15:00,11031.5,10743.0,2.6498886311970424,2020-09-18 18:00:00,10811.5,-0.6376244996742064,1.4197844887388429,6
280,2020-09-19 11:45:00,11034.0,10811.5,2.037032798516857,2020-09-19 15:15:00,11050.0,-2.2059843684965084,0.4570135746606335,13
281,2020-09-20 02:00:00,11168.0,10920.5,2.240985128007787,2020-09-20 05:45:00,10932.5,-0.1098850785220457,0.47107249028127146,14
282,2020-09-20 13:00:00,11063.5,10832.0,2.1145897558859126,2020-09-20 21:15:00,10820.0,0.11078286558345643,1.4510166358595196,32
283,2020-09-21 08:45:00,10977.0,10756.0,2.0337735241338057,2020-09-21 12:30:00,10515.0,2.240609892153217,1.1222063718497384,14
284,2020-09-21 20:15:00,10498.0,10353.0,1.3908205841446455,2020-09-22 00:00:00,10361.0,-0.07727228822563509,1.2933114564231252,14
285,2020-09-22 00:00:00,10530.0,10374.0,1.4925373134328357,2020-09-22 03:45:00,10435.0,-0.5880084827453248,0.7810253953042645,14
286,2020-09-23 19:00:00,10572.0,10361.0,2.015955668083887,2020-09-23 20:45:00,10140.0,2.132998745294856,1.9329388560157792,6
287,2020-09-24 15:30:00,10465.0,10196.5,2.5990368559881905,2020-09-24 19:15:00,10591.5,-3.8738782915706373,1.850540527781712,14
288,2020-09-24 22:45:00,10700.0,10591.5,1.0191860601648546,2020-09-25 01:45:00,10677.5,-0.8119718642307511,0.2856473893701709,11
289,2020-09-25 18:00:00,10787.5,10560.0,2.131397119100597,2020-09-25 19:30:00,10679.0,-1.1268939393939394,0.6648562599494334,5
290,2020-09-26 05:45:00,10750.0,10627.0,1.1507695186415308,2020-09-26 08:45:00,10668.5,-0.39051472663969133,0.9795191451469278,11
291,2020-09-26 08:45:00,10830.0,10669.5,1.4930579780925137,2020-09-26 10:15:00,10666.0,0.03280378649421248,1.0031876992312019,5
292,2020-09-27 06:30:00,10795.5,10666.0,1.2068121985881695,2020-09-27 08:30:00,10611.0,0.5156572285767861,1.4937329186693054,7
293,2020-09-27 15:45:00,10760.0,10600.0,1.4981273408239701,2020-09-27 19:30:00,10703.0,-0.9716981132075472,2.3217789404839766,14
294,2020-09-28 00:00:00,10778.0,10638.0,1.3074336944340679,2020-09-28 03:15:00,10873.0,-2.2090618537319044,0.5702198105398694,12
295,2020-09-28 23:15:00,10951.5,10831.0,1.1063927464707908,2020-09-29 02:45:00,10667.0,1.51417228326101,1.1249648448485985,13
296,2020-10-01 15:45:00,10909.5,10635.0,2.548214161386897,2020-10-02 00:00:00,10584.0,0.4795486600846262,0.6046863189720333,32
297,2020-10-02 05:00:00,10648.0,10472.5,1.6618924741365024,2020-10-02 08:45:00,10434.5,0.3628550966817856,1.5381666586803393,14
298,2020-10-02 13:45:00,10539.0,10392.0,1.4046151641106492,2020-10-02 16:00:00,10503.0,-1.0681293302540416,0.7521660477958678,8
299,2020-10-06 18:45:00,10782.0,10446.5,3.160845090326683,2020-10-06 21:00:00,10531.0,-0.808883358062509,0.8736112429968664,8
300,2020-10-08 13:00:00,10668.0,10531.0,1.2925137978206518,2020-10-08 18:30:00,10845.0,-2.9816731554458267,0.7330567081604425,21
301,2020-10-09 10:30:00,10945.0,10826.0,1.0931973726516926,2020-10-09 14:30:00,11031.5,-1.8982080177350824,0.48497484476272495,15
302,2020-10-10 02:00:00,11092.0,10961.5,1.1834856145283061,2020-10-10 04:15:00,11379.0,-3.8087852939834876,0.3031900870023728,8
303,2020-10-12 10:30:00,11490.0,11248.0,2.1285953030169757,2020-10-12 17:15:00,11536.0,-2.5604551920341394,1.6730235783633842,26
304,2020-10-12 21:30:00,11664.5,11456.0,1.8035942129279212,2020-10-12 23:00:00,11491.0,-0.3055167597765363,0.9398659820729266,5
305,2020-10-13 13:30:00,11599.0,11390.5,1.81387155005546,2020-10-13 16:00:00,11352.0,0.3380009657170449,1.1892177589852009,9
306,2020-10-14 13:45:00,11518.0,11323.0,1.707455890722823,2020-10-14 15:45:00,11295.0,0.24728428861609114,1.1775121735281098,7
307,2020-10-15 16:15:00,11428.0,11260.0,1.4809590973201692,2020-10-15 21:00:00,11448.0,-1.669626998223801,0.7468553459119497,18
308,2020-10-15 20:00:00,11534.0,11361.0,1.5112469971609521,2020-10-16 00:00:00,11467.5,-0.9374174808555584,0.5755395683453237,15
309,2020-10-16 04:00:00,11612.0,11442.5,1.4704287666182307,2020-10-16 09:15:00,11231.0,1.8483722962639282,1.5670910871694417,20
310,2020-10-16 11:45:00,11370.5,11203.5,1.47957827589262,2020-10-16 15:15:00,11295.0,-0.8167090641317445,0.6330234617087207,13
311,2020-10-19 13:00:00,11520.5,11237.5,2.4870375252658405,2020-10-19 20:15:00,11661.0,-3.7686318131256953,0.8532715890575422,28
312,2020-10-20 11:00:00,11834.5,11661.0,1.4768785512119342,2020-10-20 15:45:00,11873.5,-1.8223136952233943,1.5580915484061144,18
313,2020-10-20 17:45:00,11986.0,11809.5,1.4834737660482025,2020-10-20 20:15:00,11856.0,-0.39375079385240697,3.609986504723347,9
314,2020-10-21 02:45:00,12041.5,11856.0,1.5524636468249817,2020-10-21 07:30:00,12134.0,-2.3448043184885288,6.399373660787869,18
315,2020-10-21 11:45:00,12284.0,12105.5,1.4637446442116484,2020-10-21 18:15:00,12718.0,-5.059683614885796,4.1004874980342825,25
316,2020-10-22 09:15:00,12892.5,12701.5,1.4925373134328357,2020-10-22 12:30:00,12819.0,-0.9250875880801481,2.9370465714954364,12
317,2020-10-22 16:45:00,13003.5,12819.0,1.4289863491141448,2020-10-22 21:45:00,12969.0,-1.1701380762930025,1.74647235715938,19
318,2020-10-23 16:15:00,13032.0,12856.5,1.3558143577264037,2020-10-23 21:15:00,12878.5,-0.17111966709446583,1.0055518888069264,19
319,2020-10-24 15:00:00,13098.5,12753.0,2.6729590159178382,2020-10-24 19:30:00,13089.0,-2.634674194307222,2.070440828176331,17
320,2020-10-25 03:30:00,13162.0,12977.0,1.4155093920961017,2020-10-25 05:45:00,12845.0,1.0171842490560221,1.5725963409887116,8
321,2020-10-26 08:15:00,13144.0,12905.0,1.8350032630811162,2020-10-26 12:15:00,13100.5,-1.5149166989538938,1.0877447425670776,15
322,2020-10-26 13:30:00,13182.5,12992.0,1.4556151979980514,2020-10-26 17:45:00,12769.0,1.7164408866995076,2.7527605920588925,16
323,2020-10-26 15:30:00,13243.0,13056.5,1.4182779140287838,2020-10-26 17:45:00,12769.0,2.2019683682457014,2.7527605920588925,8
324,2020-10-27 10:30:00,13187.5,12851.5,2.5807442682130652,2020-10-27 13:30:00,13324.5,-3.6805042212971246,3.395999849900559,11
325,2020-10-28 07:00:00,13858.0,13658.5,1.4500390674686097,2020-10-28 14:15:00,12892.0,5.6118900318483,3.087185851690971,28
326,2020-10-29 08:00:00,13315.0,13098.0,1.6431302767576574,2020-10-29 10:30:00,13046.0,0.39700717666819363,4.415146405028361,9
327,2020-10-29 22:45:00,13622.0,13424.0,1.4641721511498929,2020-10-30 04:00:00,13376.0,0.3575685339690107,0.8373205741626795,20
328,2020-10-30 00:00:00,13585.0,13387.0,1.468189233278956,2020-10-30 04:00:00,13376.0,0.08216926869350863,0.8373205741626795,15
329,2020-10-30 15:00:00,13362.0,13210.5,1.1402766017499293,2020-10-30 17:30:00,13448.0,-1.7978123462397335,2.044913741820345,9
330,2020-10-30 20:45:00,13650.0,13413.5,1.7477414229497292,2020-10-31 00:15:00,13510.0,-0.7194244604316548,4.515173945225759,13
331,2020-10-31 02:00:00,13655.0,13465.5,1.3974668608617098,2020-10-31 06:00:00,13457.0,0.06312428056886116,4.926803893884224,15
332,2020-10-31 08:00:00,13599.0,13413.5,1.3734382230448867,2020-10-31 10:15:00,13588.5,-1.3046557572594775,2.5646686536409464,8
333,2020-11-01 00:30:00,13937.0,13683.5,1.8355931282923916,2020-11-01 04:15:00,13611.0,0.5298352029816933,1.627360223348762,14
334,2020-11-02 08:30:00,13844.5,13611.0,1.7009342390413578,2020-11-02 12:45:00,13207.0,2.968187495408126,3.6685091239494207,16
335,2020-11-02 20:15:00,13576.5,13342.5,1.7385489802741558,2020-11-03 00:15:00,13457.0,-0.8581600149896945,1.252136434569369,15
336,2020-11-03 02:45:00,13657.0,13457.0,1.4752526370140886,2020-11-03 04:30:00,13306.0,1.1220925912164674,3.1752592815271306,6
337,2020-11-03 08:00:00,13465.5,13280.5,1.3833844313168324,2020-11-03 11:30:00,13462.0,-1.3666654116938368,2.339919774179171,13
338,2020-11-03 13:15:00,13585.5,13394.5,1.4158636026686435,2020-11-03 16:00:00,13673.0,-2.0792116167083505,2.8194251444452574,10
339,2020-11-03 23:00:00,13833.0,13637.5,1.4233450428641634,2020-11-04 01:00:00,13724.5,-0.6379468377635197,1.6029727858938394,7
340,2020-11-06 20:15:00,15566.5,15363.5,1.312641448431943,2020-11-07 04:30:00,15476.5,-0.7355094867705927,0.6946014925855329,32
341,2020-11-07 03:45:00,15757.5,15527.5,1.4703532044110594,2020-11-07 08:00:00,15401.5,0.8114635324424407,1.1719637697626855,16
342,2020-11-07 14:30:00,15698.0,15363.5,2.1537916713616534,2020-11-07 16:15:00,15103.5,1.6923227129234875,2.059125368292118,6
343,2020-11-08 10:45:00,15120.5,14909.5,1.4052614052614054,2020-11-08 13:30:00,15115.5,-1.3816694054126564,3.536105322351229,10
344,2020-11-09 05:00:00,15594.0,15364.0,1.4858841010401187,2020-11-09 08:30:00,15155.0,1.3603228325956782,4.572748267898383,13
345,2020-11-09 08:15:00,15568.0,15295.0,1.769108641415287,2020-11-09 16:15:00,14825.0,3.0728996404053612,4.401349072512647,31
346,2020-11-10 05:15:00,15428.0,15198.5,1.498702104386724,2020-11-10 06:45:00,15263.5,-0.4276737835970655,1.3922101745995348,5
347,2020-11-10 11:00:00,15476.0,15263.5,1.3825859236487257,2020-11-10 13:15:00,15184.5,0.5175746060864154,1.3665250749119169,8
348,2020-11-11 10:45:00,15506.0,15121.5,2.510815443637254,2020-11-11 14:00:00,15555.0,-2.866779089376054,2.7900996464159435,12
349,2020-11-11 16:15:00,15748.0,15522.5,1.4422538814537664,2020-11-11 20:30:00,15588.0,-0.4219681108068933,1.863613035668463,16
350,2020-11-12 06:30:00,15831.5,15514.0,2.02580912730695,2020-11-12 08:45:00,15796.5,-1.8209359288384686,2.538537017693793,8
351,2020-11-13 05:15:00,16464.5,16239.0,1.3790572874462979,2020-11-13 08:30:00,16156.0,0.5111152164542152,1.2348353552859619,12
352,2020-11-13 11:00:00,16393.5,16156.0,1.4593158113027849,2020-11-13 16:15:00,15961.0,1.2069819262193613,2.424660109015726,20
353,2020-11-13 16:00:00,16298.0,16076.5,1.3683609013266615,2020-11-13 20:45:00,16178.5,-0.6344664572512674,1.04768674475384,18
354,2020-11-14 08:15:00,16348.0,16025.0,1.995490068884564,2020-11-14 10:00:00,15747.5,1.7316692667706708,1.8447372598825211,6
355,2020-11-14 14:15:00,15980.0,15747.5,1.4656055472382004,2020-11-14 17:15:00,15711.5,0.2286077155103985,2.631830188078796,11
356,2020-11-14 17:00:00,16038.0,15812.0,1.4191522762951334,2020-11-14 19:45:00,15853.0,-0.2592967366557045,1.7157635778716964,10
357,2020-11-14 23:00:00,16025.5,15853.0,1.0822341076273978,2020-11-15 01:00:00,15912.5,-0.37532328265943354,1.4893951296150825,7
358,2020-11-15 03:15:00,16125.0,15891.5,1.4586228975684412,2020-11-15 12:00:00,15920.0,-0.1793411572224145,1.0929648241206031,34
359,2020-11-15 08:15:00,16091.5,15872.5,1.3702915780252785,2020-11-15 12:00:00,15920.0,-0.29925972594109307,1.0929648241206031,14
360,2020-11-15 18:00:00,16149.5,15861.0,1.8025335436809797,2020-11-15 20:30:00,15803.5,0.3625244309942626,2.7430632454835955,9
361,2020-11-15 20:30:00,16067.0,15806.5,1.6345867256498343,2020-11-15 22:00:00,15769.0,0.2372441717015152,3.24053522734479,5
362,2020-11-16 01:00:00,15993.0,15769.0,1.4104905232667968,2020-11-16 02:45:00,15926.0,-0.9956243262096518,2.8475448951400226,6
363,2020-11-16 05:15:00,16076.5,15784.5,1.8329619283763847,2020-11-16 09:30:00,16172.0,-2.4549399727580856,4.09967845659164,16
364,2020-11-16 06:00:00,16125.5,15926.0,1.2448715348735628,2020-11-16 09:30:00,16172.0,-1.5446439784001005,4.09967845659164,13
366,2020-11-16 14:00:00,16379.5,16172.0,1.274902846259005,2020-11-16 21:45:00,16604.0,-2.671283700222607,1.3008913514815708,30
367,2020-11-16 16:00:00,16464.0,16216.0,1.5177478580171357,2020-11-16 21:45:00,16604.0,-2.3926985693142577,1.3008913514815708,22
368,2020-11-17 04:00:00,16837.0,16581.0,1.5321084445508408,2020-11-17 06:15:00,16590.0,-0.05427899402931065,4.75286317058469,8
369,2020-11-17 11:15:00,16806.5,16565.5,1.4443245834831595,2020-11-17 13:15:00,16942.0,-2.272795870936585,5.613268799433361,7
370,2020-11-19 23:00:00,18142.0,17875.0,1.4826332009884222,2020-11-20 01:00:00,17763.0,0.6265734265734265,3.805663457749254,7
371,2020-11-20 14:30:00,18400.0,18132.0,1.467206832366145,2020-11-20 18:30:00,18456.0,-1.786896095301125,2.8473125270914608,15
372,2020-11-21 00:45:00,18790.0,18456.0,1.7934811791870269,2020-11-21 04:00:00,18461.0,-0.027091460771564803,2.107144791723092,12
373,2020-11-21 11:45:00,18806.0,18531.0,1.4730696092348072,2020-11-21 14:15:00,18671.5,-0.7581889806270573,1.4915780735345312,9
374,2020-11-21 19:30:00,18950.0,18671.5,1.4805363954121977,2020-11-21 22:15:00,18560.0,0.5971668050236992,1.1584051724137931,10
375,2020-11-22 01:30:00,18867.5,18520.0,1.8589100635239049,2020-11-22 04:15:00,18476.5,0.23488120950323974,0.8443157524422916,10
376,2020-11-22 07:30:00,18633.0,18375.5,1.3915722063850196,2020-11-22 09:00:00,18198.0,0.9659601099289814,2.500274755467634,5
377,2020-11-22 23:45:00,18710.0,18436.0,1.47525978571044,2020-11-23 06:15:00,18347.5,0.48003905402473424,2.488077394740428,25
378,2020-11-23 13:15:00,18804.0,18535.0,1.4408527277109724,2020-11-23 16:30:00,18173.5,1.9503641758834636,2.016672627727185,12
379,2020-11-24 01:15:00,18494.0,18235.0,1.4103297122165046,2020-11-24 04:30:00,18310.5,-0.41403893611187276,5.379427104666721,12
381,2020-11-28 04:30:00,17189.5,16944.5,1.4355188375227046,2020-11-28 08:45:00,16867.0,0.457375549588362,5.318076717851426,16
382,2020-11-28 10:30:00,17135.5,16867.0,1.5792956400264686,2020-11-28 12:30:00,17080.0,-1.2628208928677298,4.566744730679157,7
383,2020-11-29 00:15:00,17860.0,17602.0,1.4550786757656082,2020-11-29 07:00:00,17679.5,-0.44029087603681394,3.0741819621595634,26
384,2020-11-29 08:00:00,17880.0,17620.0,1.4647887323943662,2020-11-29 10:00:00,18045.5,-2.4148694665153236,0.9836247263860797,7
385,2020-11-29 20:45:00,18178.5,17915.5,1.4573059234221755,2020-11-29 22:30:00,18077.0,-0.9014540481705786,3.227858604857001,6
386,2020-11-30 08:00:00,18660.5,18345.5,1.7024266335188887,2020-11-30 09:30:00,18342.5,0.016352784061486467,8.657489437099631,5
387,2020-12-01 10:00:00,19598.0,19320.5,1.4260570165859423,2020-12-01 13:00:00,18090.5,6.366294868145235,7.6283132030623815,11
388,2020-12-02 23:45:00,19232.5,18952.0,1.4691825217038328,2020-12-03 01:45:00,18956.5,-0.023744195863233432,2.727296705615488,7
389,2020-12-03 01:30:00,19299.0,19057.0,1.2618625508395036,2020-12-03 05:30:00,18876.0,0.9497822322506165,3.1653952108497565,15
390,2020-12-03 05:30:00,19235.5,18956.5,1.461038961038961,2020-12-03 09:00:00,19123.5,-0.8809643130324691,2.596282061338144,13
391,2020-12-03 15:45:00,19465.0,19184.0,1.4541126549199204,2020-12-03 17:15:00,19208.0,-0.12510425354462051,1.7414618908788007,5
392,2020-12-04 03:15:00,19542.5,19208.0,1.7264293363956593,2020-12-04 05:45:00,19206.0,0.010412328196584757,1.2522128501509946,9
393,2020-12-04 08:15:00,19408.0,19137.0,1.406148657413413,2020-12-04 10:15:00,18880.0,1.342948215498772,1.3718220338983051,7
394,2020-12-04 10:00:00,19446.5,19206.0,1.2444214475130975,2020-12-04 12:00:00,18694.0,2.665833593668645,2.3804429228629505,7
395,2020-12-04 21:45:00,19102.0,18830.0,1.4341453126647685,2020-12-05 00:00:00,18512.0,1.688794476898566,3.624675885911841,8
396,2020-12-05 08:30:00,19086.0,18724.0,1.9148373446178262,2020-12-05 13:30:00,18963.0,-1.2764366588335825,1.115329852871381,19
397,2020-12-06 00:00:00,19183.0,18905.5,1.457132730351681,2020-12-06 03:30:00,19152.5,-1.3064981090158947,0.558673802375669,13
398,2020-12-06 09:30:00,19342.0,19008.0,1.741851368970013,2020-12-06 13:45:00,18866.0,0.7470538720538721,2.981554118520089,16
399,2020-12-06 16:00:00,19199.5,18866.0,1.7522428445705431,2020-12-06 19:15:00,19080.0,-1.1343157002014206,1.8396226415094339,12
400,2020-12-06 23:00:00,19251.0,18936.0,1.6497761018147539,2020-12-07 03:00:00,19168.5,-1.2278200253485425,1.2024936745180896,15
401,2020-12-07 11:45:00,19431.0,19167.0,1.3679465257267216,2020-12-07 14:15:00,19100.0,0.34955913810194605,0.8481675392670158,9
403,2020-12-07 23:30:00,19196.5,18921.0,1.4455302682494917,2020-12-08 03:15:00,19145.0,-1.1838697743248243,0.8409506398537478,14
404,2020-12-08 01:00:00,19231.0,18948.0,1.4824903742895308,2020-12-08 03:15:00,19145.0,-1.039687565970023,0.8409506398537478,8
405,2020-12-08 09:30:00,19306.0,19003.0,1.581873711138375,2020-12-08 12:30:00,18625.0,1.9891596063779402,1.836241610738255,11
406,2020-12-08 22:45:00,18967.0,18669.5,1.5809121464535756,2020-12-09 01:15:00,18020.0,3.478936232893222,1.9644839067702553,9
407,2020-12-09 07:45:00,18300.0,18040.0,1.4309301045679692,2020-12-09 13:00:00,18171.0,-0.7261640798226163,2.421440757250564,20
408,2020-12-09 21:00:00,18422.5,18161.5,1.4268532691887164,2020-12-10 01:45:00,18320.0,-0.8727252704897723,0.8842794759825326,18
409,2020-12-10 10:15:00,18592.5,18208.5,2.086899812505095,2020-12-10 15:15:00,17917.0,1.6009006782546613,2.838086733270079,19
410,2020-12-10 15:00:00,18308.5,18037.5,1.4912232432729873,2020-12-10 17:15:00,18081.5,-0.2439362439362439,1.9024970273483945,8
411,2020-12-11 00:15:00,18425.5,18163.0,1.4348770788635774,2020-12-11 03:00:00,17713.0,2.477564279028795,1.812228306893242,10
412,2020-12-11 22:00:00,18116.0,17863.0,1.4063759415214432,2020-12-11 23:45:00,18016.0,-0.8565190617477467,2.5310834813499112,6
413,2020-12-12 00:15:00,18160.5,17902.0,1.4336221837088388,2020-12-12 04:00:00,18252.0,-1.9550888168919673,1.3532763532763532,14
414,2020-12-12 18:15:00,18580.0,18131.5,2.4433760538250957,2020-12-12 21:30:00,18720.0,-3.2457325648732867,2.4091880341880345,12
415,2020-12-13 07:00:00,18989.0,18662.0,1.7370056572202597,2020-12-13 15:30:00,19102.5,-2.360411531454292,1.5338306504384243,33
416,2020-12-13 15:30:00,19422.5,19151.0,1.407702178957056,2020-12-13 20:30:00,19124.0,0.1409848049710198,1.1268563062120895,19
417,2020-12-13 22:15:00,19395.5,19124.0,1.4096756188424047,2020-12-14 00:45:00,19017.5,0.5568918636268563,1.6931773366635994,9
418,2020-12-14 02:45:00,19248.5,18976.5,1.4231523871811642,2020-12-14 05:15:00,19044.5,-0.35833794429952837,1.3757252750137834,9
419,2020-12-15 01:00:00,19413.5,19032.5,1.982000728294231,2020-12-15 05:15:00,19057.5,-0.13135426244581636,1.9021382657746295,16
420,2020-12-15 01:45:00,19425.0,19143.5,1.4597404617758014,2020-12-15 05:15:00,19057.5,0.44923864497087784,1.9021382657746295,13
421,2020-12-15 12:15:00,19348.0,19057.5,1.5128041556547889,2020-12-15 14:15:00,19261.0,-1.067821067821068,1.412180052956752,7
422,2020-12-16 10:00:00,19533.0,19204.5,1.696030977734753,2020-12-16 18:45:00,20563.0,-7.073862896716915,8.009531683120168,34
423,2020-12-19 06:45:00,23240.5,22906.0,1.4497307488108524,2020-12-19 11:45:00,22902.5,0.015279839343403476,6.005894552996398,19
424,2020-12-19 12:30:00,23098.0,22765.5,1.4499547570508138,2020-12-19 18:15:00,23626.5,-3.7820386110562034,1.9744778109326393,22
425,2020-12-19 14:00:00,23211.0,22854.0,1.5499837186584173,2020-12-19 18:15:00,23626.5,-3.3801522709372542,1.9744778109326393,16
426,2020-12-22 22:45:00,23530.0,23243.5,1.225052647332357,2020-12-23 02:00:00,23566.5,-1.38963581216254,0.8953387223389133,12
427,2020-12-23 10:00:00,23681.5,23343.5,1.4375332270069112,2020-12-23 17:00:00,23373.5,-0.12851543256152675,1.300618221490149,27
428,2020-12-23 21:15:00,23677.5,23373.5,1.2922148307156065,2020-12-24 00:15:00,22795.5,2.4728859605964018,3.0334934526551294,11
429,2020-12-24 20:45:00,23464.5,23128.5,1.442276736848883,2020-12-25 03:00:00,23460.0,-1.4332965821389196,5.27919863597613,24
430,2020-12-24 22:30:00,23566.5,23254.5,1.3327353110783622,2020-12-25 03:00:00,23460.0,-0.8836999290459912,5.27919863597613,17
431,2020-12-25 08:00:00,23812.5,23460.0,1.4913533238140568,2020-12-25 13:00:00,24352.5,-3.804347826086957,1.8745508674674056,19
432,2020-12-25 09:30:00,23870.0,23525.0,1.4558497731828253,2020-12-25 13:00:00,24352.5,-3.5175345377258234,1.8745508674674056,13
433,2020-12-26 10:30:00,25009.0,24676.0,1.3404448022542015,2020-12-26 18:45:00,25626.5,-3.8519208947965637,5.45138821142177,32
434,2021-01-01 00:00:00,29152.0,28723.5,1.480764745013002,2021-01-01 02:30:00,29150.0,-1.4848469023621773,1.7958833619210979,9
435,2021-01-01 07:00:00,29505.5,29078.0,1.4594553073817713,2021-01-01 12:45:00,29199.0,-0.41612215420592885,1.2620295215589576,22
436,2021-01-02 01:45:00,29398.0,28967.5,1.4751865399936606,2021-01-02 04:00:00,29244.0,-0.9545179943039612,8.158938585692791,8
437,2021-01-02 05:45:00,29561.5,29125.5,1.4858486547276228,2021-01-02 10:00:00,29510.0,-1.3201490103174194,13.351406302948154,16
438,2021-01-02 12:15:00,29930.0,29494.0,1.4674205708131394,2021-01-02 21:00:00,30610.0,-3.783820438055198,11.803332244364587,34
439,2021-01-25 09:30:00,33582.0,33084.0,1.4940149401494014,2021-01-25 16:30:00,33689.5,-1.8301898198524968,1.752771635079179,27
440,2021-01-31 07:45:00,34138.5,33630.5,1.499210553497912,2021-01-31 10:00:00,33270.0,1.071943622604481,2.8193567778779682,8
441,2021-02-02 05:45:00,34054.5,33561.5,1.4582347373402744,2021-02-02 08:30:00,34147.0,-1.7445584970874364,4.498198963305708,10
442,2021-02-03 21:30:00,37212.5,36664.0,1.4849106278721922,2021-02-04 02:15:00,37593.0,-2.5338206415012,3.1561726917245227,18
443,2021-02-13 21:45:00,47389.0,46708.0,1.4474425327056122,2021-02-14 01:45:00,47358.0,-1.3916245611030231,4.4680940918113095,15
444,2021-02-14 05:30:00,47971.0,47023.5,1.9948523335561532,2021-02-14 08:45:00,48521.0,-3.184577923804056,2.706044805342017,12
445,2021-02-14 22:15:00,49160.0,48403.0,1.5518177997806546,2021-02-15 02:15:00,45712.5,5.558539759932236,5.003007929997265,15
446,2021-02-15 22:00:00,48795.0,48124.0,1.3846614182977537,2021-02-16 00:30:00,47140.5,2.0436788296899677,6.538963311801954,9
447,2021-02-16 12:00:00,49441.0,48730.0,1.4484929357957035,2021-02-16 14:00:00,48800.5,-0.14467473835419659,1.5153533262978862,7
448,2021-02-18 07:15:00,52690.0,51847.0,1.6128260807178318,2021-02-18 12:00:00,51043.5,1.5497521553802533,2.4880738977538766,18
449,2021-02-19 01:00:00,52286.0,51515.5,1.484564288570011,2021-02-19 04:45:00,50983.0,1.0336694781182363,4.574073710844791,14
450,2021-02-19 14:45:00,53011.0,52262.0,1.4229669525899329,2021-02-19 22:15:00,55226.0,-5.671424744556274,2.65092528881324,29
451,2021-02-20 11:15:00,55974.0,55143.0,1.4957207268014794,2021-02-20 15:15:00,55926.0,-1.4199445079157826,2.88685048099274,15
452,2021-02-21 07:15:00,56937.0,56158.0,1.377602900216632,2021-02-21 12:45:00,56720.0,-1.0007478898821183,2.9601551480959096,21
453,2021-03-02 14:00:00,49286.0,48569.0,1.465433549639773,2021-03-02 17:00:00,47262.0,2.6910169037863656,3.5546527865938806,11
454,2021-03-06 06:15:00,48861.0,48162.0,1.4408954577780526,2021-03-06 13:15:00,47170.0,2.0597151281092976,4.254822980708077,27
455,2021-03-09 13:30:00,54392.5,53664.0,1.3483686774974202,2021-03-09 16:15:00,53883.5,-0.4090265354800239,3.6541798509747885,10
456,2021-03-09 20:30:00,54474.0,53712.0,1.4086850424269315,2021-03-10 02:00:00,53438.0,0.510128090557045,3.858677345709046,21
457,2021-03-13 07:45:00,57154.0,56310.5,1.4868086494013546,2021-03-13 13:30:00,59648.5,-5.927846493993128,3.8408342204749495,22
458,2021-03-13 19:30:00,60520.0,59628.0,1.4848353697106902,2021-03-13 21:30:00,60750.0,-1.8816663312537734,1.688065843621399,7
459,2021-03-14 07:45:00,61775.5,60694.5,1.7653302849677472,2021-03-14 11:15:00,59539.0,1.9037968843964446,1.8324123683635938,13
460,2021-03-14 11:00:00,61250.5,60276.0,1.603765433876562,2021-03-14 13:45:00,59857.5,0.6943061915190125,1.4793467819404418,10
461,2021-03-14 23:15:00,60630.5,59603.5,1.7083354126120731,2021-03-15 07:15:00,57372.0,3.743907656429572,1.9574008227009694,31
462,2021-03-18 07:30:00,59555.0,58455.0,1.8642487924752138,2021-03-18 12:30:00,57698.0,1.2950132580617568,4.346771118582966,19
463,2021-03-18 12:30:00,58679.5,57816.5,1.4815959346243648,2021-03-18 14:15:00,57628.5,0.3251666911694759,4.4726133770616965,6
464,2021-03-19 20:00:00,59183.0,58390.0,1.3489491634984223,2021-03-20 00:00:00,57882.5,0.8691556773420105,1.8477087202522353,15
465,2021-03-20 10:00:00,58925.0,58050.0,1.4960461637101945,2021-03-20 13:45:00,58715.5,-1.1464254952627044,1.8257529953760079,14
466,2021-03-20 11:45:00,59150.0,58173.0,1.6654875855544098,2021-03-20 13:45:00,58715.5,-0.9325632166125178,1.8257529953760079,7
467,2021-03-20 20:00:00,59787.5,58980.0,1.3597996084787505,2021-03-21 00:00:00,57924.5,1.7895896914208207,1.2171015718737321,15
468,2021-03-21 09:30:00,57485.0,56773.5,1.2454215660104062,2021-03-21 16:00:00,56758.5,0.026420777299268144,2.3397376604385247,25
469,2021-03-21 19:00:00,57509.0,56758.5,1.3135843525061806,2021-03-21 21:30:00,57516.0,-1.3346018657998362,0.9918979066694484,9
470,2021-03-22 10:00:00,57896.5,57157.0,1.2854889247176313,2021-03-22 13:30:00,56638.0,0.9080252637472225,1.257106536247749,13
471,2021-03-27 11:00:00,55343.0,54538.0,1.4652214668596026,2021-03-27 12:45:00,54018.5,0.9525468480692362,4.900173088849191,6
473,2021-03-27 21:45:00,56244.5,55438.0,1.4442728269872183,2021-03-28 00:30:00,55613.5,-0.31656986182762725,1.61381678908898,10
474,2021-03-28 12:00:00,56511.0,55613.5,1.6008990006644401,2021-03-28 19:15:00,54741.5,1.5679646129087361,2.0834284774805223,28
475,2021-03-28 15:15:00,56191.5,55361.0,1.4889850070594564,2021-03-28 19:15:00,54741.5,1.1190188038510864,2.0834284774805223,15
476,2021-03-29 07:15:00,55882.0,55006.0,1.5799725849505806,2021-03-29 11:15:00,57614.5,-4.742209940733738,1.450155776757587,15
477,2021-03-29 15:15:00,58450.0,57614.5,1.439716709243567,2021-03-29 18:00:00,57651.0,-0.06335210754237215,0.5359837643752927,10
478,2021-03-30 06:45:00,57960.0,57200.0,1.3199027440083362,2021-03-30 08:15:00,57851.0,-1.1381118881118881,2.7501685364125077,5
479,2021-03-31 06:15:00,59442.0,58452.0,1.679474782431676,2021-03-31 08:00:00,57000.0,2.484089509340998,4.678947368421053,6
480,2021-04-01 11:00:00,59496.0,58576.5,1.5575176268817887,2021-04-01 18:15:00,58044.0,0.9090676295101278,3.8867066363448415,28
481,2021-04-01 18:15:00,59229.0,58402.0,1.4060919315486564,2021-04-01 21:30:00,58600.0,-0.3390294852915996,2.901023890784983,12
482,2021-04-02 02:15:00,59249.0,58570.0,1.1526154525161476,2021-04-02 05:00:00,59520.0,-1.6219907802629334,0.5132728494623656,10
483,2021-04-02 19:00:00,60120.5,59136.0,1.6510630447816261,2021-04-02 21:00:00,58565.0,0.9655708874458874,1.6784769060018783,7
484,2021-04-03 00:15:00,59379.0,58565.0,1.3803160822085059,2021-04-03 01:45:00,59080.0,-0.8793648083326219,1.3253215978334463,5
485,2021-04-03 08:30:00,59863.0,58615.5,2.1058673092586417,2021-04-03 12:00:00,59235.0,-1.056887683291962,0.4853549421794547,13
486,2021-04-03 17:15:00,59727.0,58650.0,1.819610228338275,2021-04-04 01:00:00,56580.5,3.5285592497868716,2.106732885004551,30
487,2021-04-04 13:15:00,57918.5,56901.5,1.7714683852987283,2021-04-04 16:00:00,57670.5,-1.3514582216637523,1.2614768382448567,10
488,2021-04-05 03:45:00,58428.0,57555.0,1.5053930317374098,2021-04-05 06:15:00,56937.0,1.0737555381808706,4.066775558951122,9
489,2021-04-05 11:45:00,57750.5,56902.0,1.4801247247116285,2021-04-05 17:30:00,58677.0,-3.1193982636814175,1.4912146156074784,22
490,2021-04-06 00:00:00,59252.5,58527.0,1.2319631175204513,2021-04-06 02:00:00,58735.0,-0.3553915286961573,0.5320507363582192,7
491,2021-04-06 14:00:00,59552.0,58414.0,1.9293694793415053,2021-04-06 18:30:00,58087.0,0.5597973088643133,0.40370478764611706,17
492,2021-04-07 01:15:00,58321.5,57505.0,1.409867344692277,2021-04-07 04:15:00,57375.0,0.22606729849578297,2.1699346405228757,11
493,2021-04-07 18:15:00,56899.0,56064.5,1.4774683858060347,2021-04-08 00:00:00,55750.5,0.5600692060037992,2.763203917453655,22
495,2021-04-08 06:00:00,57047.5,56253.0,1.4024651259261876,2021-04-08 11:30:00,56435.0,-0.323538300179546,2.9653583768937715,21
496,2021-04-08 11:30:00,57291.0,56479.0,1.4274413289970995,2021-04-08 17:30:00,57562.0,-1.9175268683935622,1.3724332024599561,23
497,2021-04-08 12:45:00,57243.0,56435.0,1.4215591407308361,2021-04-08 17:30:00,57562.0,-1.9969876849472843,1.3724332024599561,18
498,2021-04-09 00:30:00,58204.5,57121.5,1.8781541022839603,2021-04-09 03:00:00,57845.5,-1.2674737183022156,1.7555384602086592,9
499,2021-04-09 10:15:00,58352.0,57507.5,1.4578001803909046,2021-04-09 14:30:00,58050.0,-0.9433552145372343,0.9310938845822566,16
500,2021-04-09 16:00:00,58861.0,58050.0,1.3873801438701234,2021-04-09 19:15:00,58241.0,-0.3290267011197244,5.890180457066328,12
501,2021-04-10 03:00:00,58772.0,57902.5,1.490471354066227,2021-04-10 07:00:00,60525.0,-4.52916540736583,0.9111937216026436,15
502,2021-04-10 12:45:00,61244.0,60207.0,1.7076845806127574,2021-04-10 18:00:00,59707.0,0.8304682179812978,1.6957810641968278,20
503,2021-04-10 18:00:00,60867.0,60050.0,1.3513401754922798,2021-04-10 20:45:00,58452.0,2.6611157368859284,3.879251351536303,10
504,2021-04-12 04:00:00,60448.0,59333.0,1.861730992394453,2021-04-12 10:30:00,59528.5,-0.32949623312490517,1.8167768379851668,25
505,2021-04-13 02:30:00,60757.0,59748.5,1.6737825244490916,2021-04-13 04:30:00,60418.5,-1.1213670636082913,4.898334119516373,7
506,2021-04-13 06:15:00,61090.0,60280.5,1.333932051033818,2021-04-13 13:30:00,62605.0,-3.8561392158326493,1.8472965418097596,28
507,2021-04-13 15:30:00,63378.0,62564.5,1.2918593802727436,2021-04-13 19:30:00,62647.0,-0.13186391643823575,3.1932893833703133,15
508,2021-04-13 23:45:00,63591.5,62647.0,1.496373927129996,2021-04-14 01:15:00,63204.0,-0.889108816064616,2.7521992278969685,5
509,2021-04-14 04:45:00,64100.0,62993.0,1.7420314258062994,2021-04-14 09:30:00,63228.0,-0.37305732382963186,2.6443980514961725,18
510,2021-04-15 02:15:00,63379.0,62471.5,1.442187357221465,2021-04-15 05:15:00,62750.0,-0.44580328629855215,0.804780876494024,11
511,2021-04-15 10:45:00,63437.0,62367.0,1.7010587898635972,2021-04-15 15:15:00,62486.5,-0.19160774127342986,2.1756699447080567,17
512,2021-04-15 19:45:00,63333.0,62180.0,1.8372598854301945,2021-04-15 23:15:00,63105.0,-1.4876165969765198,0.7289438237857538,13
513,2021-04-16 01:45:00,63846.0,62916.0,1.4673167037440242,2021-04-16 07:15:00,61244.0,2.65751160277195,0.9331526353601985,21
514,2021-04-16 04:30:00,63720.0,62708.0,1.6009111905590532,2021-04-16 07:15:00,61244.0,2.3346303501945527,0.9331526353601985,10
515,2021-04-17 02:15:00,62087.0,61161.0,1.5026613007918992,2021-04-17 06:00:00,61972.5,-1.3268259184774611,0.8350478034612128,14
516,2021-04-17 10:00:00,62492.0,61636.0,1.3792214488270174,2021-04-17 13:15:00,60504.0,1.8365890064248165,1.3651989951077614,12
517,2021-04-17 23:45:00,61022.5,60240.0,1.2905885991134936,2021-04-18 03:30:00,50500.0,16.168658698539176,11.766336633663366,14
518,2021-04-19 07:00:00,57245.5,56422.0,1.448962984142345,2021-04-19 10:30:00,56245.5,0.31282123994186667,1.893484812118303,13
519,2021-04-24 23:45:00,50970.0,50234.5,1.453492680661433,2021-04-25 04:45:00,49475.0,1.5119091461047685,1.890853966649823,19
520,2021-04-25 08:45:00,49897.0,49156.5,1.4951516099885416,2021-04-25 14:15:00,49732.5,-1.1717677214610478,1.553310209621475,21
521,2021-04-26 16:15:00,53849.0,53073.0,1.4515254110473055,2021-04-26 21:15:00,52632.0,0.8309309818551806,4.165716674266606,19
522,2021-04-27 03:15:00,54246.0,53464.0,1.4520471636802526,2021-04-27 07:45:00,54309.0,-1.5805027682178663,1.786075972674879,17
523,2021-04-27 06:00:00,53975.5,53275.0,1.3062876163747488,2021-04-27 07:45:00,54309.0,-1.940872829657438,1.786075972674879,6
524,2021-04-27 11:45:00,54950.0,54309.0,1.173358716444412,2021-04-27 14:00:00,54370.0,-0.11232024158058518,1.8944270737539084,8
525,2021-04-27 15:45:00,55184.0,54370.0,1.4860251565438047,2021-04-27 19:30:00,54635.0,-0.48740114033474347,1.9072023428205365,14
526,2021-04-28 01:00:00,55400.0,54635.0,1.390466669696006,2021-04-28 06:30:00,53888.0,1.3672554223483115,2.5367428741092635,21
527,2021-04-28 11:00:00,54650.0,53888.0,1.4041165306160055,2021-04-28 15:15:00,54132.0,-0.452790973871734,4.295056528485923,16
528,2021-04-28 18:15:00,54939.5,54132.0,1.4806801043352298,2021-04-28 21:00:00,54000.0,0.2438483706495234,2.1814814814814816,10
529,2021-04-30 04:00:00,53790.0,52991.5,1.4955774174365408,2021-04-30 05:30:00,53896.5,-1.7078210656426032,5.65157292217491,5
530,2021-04-30 13:30:00,54851.0,53989.0,1.5839764792355753,2021-04-30 17:15:00,56330.0,-4.336068458389672,3.722705485531688,14
531,2021-04-30 21:45:00,57085.0,56330.0,1.3313935546444473,2021-05-01 04:30:00,57760.5,-2.5394993786614593,1.1738125535616901,26
532,2021-05-01 08:45:00,58438.5,57606.0,1.4347944107648358,2021-05-01 15:15:00,57093.5,0.8896642710828733,1.6481736099555993,25
533,2021-05-01 15:15:00,58077.5,57250.0,1.4350436799549111,2021-05-01 18:15:00,57473.0,-0.38951965065502187,0.9769804951890454,11
534,2021-05-01 19:15:00,57906.5,57093.5,1.413913043478261,2021-05-01 22:00:00,57352.0,-0.4527660766987486,1.0740689077974612,10
535,2021-05-02 03:30:00,58034.5,57300.5,1.2728139766766375,2021-05-02 09:15:00,56110.0,2.0776433015418716,2.1208340759222954,22
536,2021-05-02 16:00:00,57300.0,56464.0,1.4697092226011743,2021-05-02 19:15:00,56624.0,-0.2833663927458203,3.064954789488556,12
537,2021-05-02 22:30:00,57160.0,56377.0,1.3792860477201265,2021-05-03 04:45:00,57766.0,-2.4637706866275257,2.1292801994252675,24
538,2021-05-03 07:30:00,58551.5,57561.5,1.7052354172228779,2021-05-03 09:00:00,58336.0,-1.345517403125353,1.0679511793746572,5
539,2021-05-03 13:45:00,58996.0,58111.5,1.5105778878380973,2021-05-03 16:00:00,57257.5,1.4695886356401056,1.6286076059904817,8
540,2021-05-04 10:00:00,56424.5,55607.0,1.4594109692363308,2021-05-04 12:15:00,55578.5,0.05125254014782312,1.416914814181743,8
541,2021-05-08 22:30:00,59526.0,58674.0,1.4416243654822336,2021-05-09 01:00:00,58414.5,0.442274261171899,1.471381249518527,9
542,2021-05-09 04:00:00,59274.0,58414.5,1.4606354911482429,2021-05-09 07:45:00,57800.0,1.0519648374975392,1.0380622837370241,14
543,2021-05-09 09:30:00,58566.5,57800.0,1.317389454868884,2021-05-09 12:45:00,56375.0,2.4653979238754324,3.237250554323725,12
544,2021-05-09 12:00:00,58466.0,57631.0,1.4384523286562099,2021-05-09 15:00:00,57075.0,0.9647585500858914,3.321944809461235,11
545,2021-05-09 21:00:00,57915.0,57075.0,1.4609966084007304,2021-05-10 05:15:00,58770.5,-2.970652650021901,0.7180473196586723,32
546,2021-05-10 07:45:00,59586.0,58725.0,1.4554859649567664,2021-05-10 11:15:00,57477.0,2.1251596424010217,2.0930111174904744,13
547,2021-05-12 00:00:00,56843.0,56232.5,1.079809507806731,2021-05-12 01:45:00,56932.0,-1.2439425599075267,1.7520902128855476,6
548,2021-05-12 10:00:00,57480.0,56723.0,1.3257094822377695,2021-05-12 13:30:00,55864.0,1.5143768841563388,1.8652441643992552,13
549,2021-06-02 22:30:00,38198.0,37530.5,1.7628765920360234,2021-06-03 02:30:00,37215.5,0.8393173552177563,5.977348147949107,15
550,2021-06-03 00:45:00,37914.0,37350.0,1.4987244897959182,2021-06-03 02:30:00,37215.5,0.36010709504685406,5.977348147949107,6
551,2021-06-03 23:00:00,38994.0,38390.0,1.5610462111030703,2021-06-04 02:00:00,37400.0,2.5787965616045847,2.0053475935828877,11
552,2021-06-04 23:00:00,37232.5,36676.0,1.5059160989602007,2021-06-05 02:30:00,37320.5,-1.757279965099793,1.4643426535014268,13
553,2021-06-05 09:30:00,37867.0,37256.0,1.6266656017464691,2021-06-05 12:00:00,35211.0,5.489048743826498,3.433586095254324,9
554,2021-06-07 10:15:00,36410.0,35870.0,1.4941892639734367,2021-06-07 12:00:00,36237.5,-1.0245330359632006,1.5081062435322525,6
555,2021-06-12 10:00:00,35550.0,35022.0,1.496344159156606,2021-06-12 16:00:00,35305.0,-0.8080635029410085,2.1724968134825096,23
557,2021-06-15 08:30:00,40576.0,40056.5,1.2885623042817722,2021-06-15 11:30:00,39700.0,0.8899928850498671,4.030226700251889,11
558,2021-06-16 10:00:00,40471.5,39874.0,1.4873266082107897,2021-06-16 12:15:00,38888.0,2.4727892862516927,2.064904340670644,8
559,2021-06-17 06:15:00,39059.0,38561.0,1.2831744395774285,2021-06-17 08:45:00,39074.5,-1.3316563367132594,1.172119924759114,9
560,2021-06-17 12:00:00,39532.5,39045.0,1.2408132098883269,2021-06-17 14:00:00,38470.0,1.4726597515687028,1.8131011177540943,7
561,2021-06-17 22:45:00,37916.5,37400.0,1.3715454116959762,2021-06-18 02:15:00,37259.5,0.37566844919786097,2.2558005340919767,13
562,2021-06-19 12:00:00,35961.0,35428.0,1.4932272478953341,2021-06-19 18:30:00,35364.5,0.17923676188325618,2.236706301517058,25
563,2021-06-20 08:30:00,35889.0,35400.0,1.3718806547994782,2021-06-20 10:15:00,33728.0,4.72316384180791,6.676944971537003,6
564,2021-06-25 00:15:00,35044.5,34530.0,1.478990147252226,2021-06-25 08:15:00,33952.5,1.6724587315377932,1.4888447095206538,31
565,2021-06-28 06:15:00,34665.0,34257.0,1.1839470706015496,2021-06-28 10:15:00,33960.0,0.8669760924774499,3.0064782096584217,15
566,2021-06-28 07:15:00,34788.0,34293.5,1.431642335502269,2021-06-28 10:15:00,33960.0,0.9724874976307464,3.0064782096584217,11
567,2021-06-29 22:00:00,36573.0,36062.5,1.4056487530202173,2021-06-30 00:00:00,35650.0,1.1438474870017332,1.187938288920056,7
568,2021-06-30 15:00:00,34986.5,34481.0,1.4553568215352501,2021-06-30 20:45:00,34391.0,0.26101331167889563,2.275304585502021,22
569,2021-07-02 22:45:00,33546.0,33050.0,1.4895789536909125,2021-07-03 00:45:00,33455.5,-1.226928895612708,3.857362765464573,7
570,2021-07-03 03:45:00,33863.5,33379.0,1.4410529055284975,2021-07-03 07:00:00,33582.0,-0.6081668114682884,3.567387290810553,12
571,2021-07-03 07:15:00,33794.5,33339.0,1.3569976241369808,2021-07-03 11:30:00,34442.5,-3.3099373106571885,1.3283007911736953,16
572,2021-07-03 22:15:00,34900.0,34305.5,1.7180715405567477,2021-07-04 01:15:00,34370.0,-0.18801649881214383,3.760546988652895,11
573,2021-07-04 05:30:00,34780.0,34266.5,1.48740341653813,2021-07-04 09:30:00,35372.5,-3.2276421577925962,0.7845077390628313,15
574,2021-07-04 21:45:00,35879.5,35144.0,2.0711454659373305,2021-07-05 04:15:00,34060.0,3.0844525381288412,1.4063417498532003,25
575,2021-07-05 11:15:00,34545.0,34060.0,1.4138911158078857,2021-07-05 15:30:00,33467.0,1.7410452143276571,2.309737950817223,16
576,2021-07-05 17:30:00,33799.0,33327.0,1.4063105205136608,2021-07-05 20:30:00,33743.5,-1.249737450115522,3.178389912131225,11
577,2021-07-05 23:45:00,34240.0,33743.5,1.4606485397191966,2021-07-06 02:15:00,33705.5,0.11261428126898512,4.023082286273754,9
578,2021-07-06 04:00:00,34131.5,33633.5,1.4697852873902457,2021-07-06 06:45:00,34648.0,-3.016337877413888,1.193431078272916,10
579,2021-07-07 03:30:00,34366.0,33925.5,1.2900580599342524,2021-07-07 07:45:00,34532.0,-1.7877407849552698,1.4595158114212903,16
580,2021-07-07 12:30:00,34950.0,34396.5,1.5963314658995045,2021-07-07 16:00:00,34431.5,-0.10175453897925663,0.9743984432859445,13
581,2021-07-07 15:30:00,35036.0,34531.5,1.4503899090811083,2021-07-07 17:30:00,34490.0,0.12018012539275734,0.8031313424180921,7
582,2021-07-07 21:15:00,34845.0,34431.5,1.193767006127619,2021-07-08 00:30:00,33077.5,3.932445580355198,1.2107928350086916,12
583,2021-07-08 05:45:00,33440.5,33077.5,1.0914338975916293,2021-07-08 08:00:00,32248.0,2.507746957901897,2.257504341354503,8
584,2021-07-08 19:45:00,32976.0,32500.0,1.4539678660883377,2021-07-08 22:30:00,32532.0,-0.09846153846153846,2.260850854543219,10
585,2021-07-09 13:00:00,33048.0,32613.0,1.3249874354639741,2021-07-09 16:15:00,33412.0,-2.449943274154478,2.4497186639530706,12
586,2021-07-09 21:30:00,33658.0,33245.5,1.2331193435321022,2021-07-10 00:00:00,33755.0,-1.5325382382578092,1.4086801955265886,9
587,2021-07-10 17:00:00,34150.5,33478.0,1.9888064943034374,2021-07-10 20:00:00,33010.0,1.397932970906267,2.347773401999394,11
588,2021-07-11 21:30:00,34132.5,33313.5,2.428609554310115,2021-07-12 01:30:00,34050.0,-2.2108154351839344,1.6740088105726871,15
589,2021-07-12 04:15:00,34540.0,34050.0,1.4287797054964282,2021-07-12 05:45:00,34165.0,-0.3377386196769457,0.8546758378457485,5
590,2021-07-12 10:00:00,34620.0,34041.0,1.6865469480491109,2021-07-12 13:15:00,33390.0,1.9123997532387416,0.6918238993710693,12
591,2021-07-12 16:00:00,33821.5,33354.5,1.390377515779445,2021-07-12 20:00:00,32700.0,1.9622539687298566,1.7828746177370032,15
592,2021-07-13 07:00:00,33283.0,32772.0,1.547195518885777,2021-07-13 09:00:00,33112.0,-1.037471011839375,0.6040106305870983,7
593,2021-07-13 12:30:00,33312.0,32828.5,1.4620391439435747,2021-07-13 20:00:00,32213.5,1.873372222306837,1.811352383317553,29
594,2021-07-13 19:00:00,32925.5,32484.0,1.3499568105550417,2021-07-13 22:45:00,32460.0,0.07388252678241596,1.0382008626001231,14
595,2021-07-13 23:15:00,32684.5,32213.5,1.4515085210638232,2021-07-14 01:15:00,32287.0,-0.22816521023794373,1.2048192771084338,7
596,2021-07-14 09:00:00,32004.0,31654.0,1.0996261271167804,2021-07-14 12:45:00,32293.0,-2.0187022177291967,2.4448022791317006,14
597,2021-07-14 19:00:00,33082.5,32650.0,1.3159396036968014,2021-07-14 22:00:00,32736.0,-0.26339969372128635,1.2509164222873899,11
598,2021-07-15 01:00:00,33013.0,32583.0,1.311055552167815,2021-07-15 04:00:00,32458.0,0.38363563821624774,0.6485304085279437,11
599,2021-07-15 10:15:00,32882.5,32355.0,1.6171680398543782,2021-07-15 13:15:00,31480.0,2.7043733580590326,1.4882465057179162,11
600,2021-07-16 00:00:00,31876.5,31410.0,1.4742480623829726,2021-07-16 06:45:00,31555.0,-0.46163642152180834,2.0440500713040723,26
601,2021-07-16 02:00:00,31915.5,31503.5,1.2992951639098693,2021-07-16 06:45:00,31555.0,-0.16347389972542734,2.0440500713040723,18
602,2021-07-16 08:30:00,32028.0,31555.0,1.4878190711353663,2021-07-16 11:45:00,31056.0,1.581365869117414,3.683668212261721,12
603,2021-07-16 21:15:00,32200.0,31721.5,1.4971488466321974,2021-07-17 00:15:00,31171.5,1.733839824724556,2.38198354265916,11
604,2021-07-16 22:45:00,32110.0,31571.0,1.6928126128672603,2021-07-17 00:15:00,31171.5,1.2654017927845174,2.38198354265916,5
605,2021-07-17 08:30:00,31613.0,31171.5,1.4063980759582382,2021-07-17 11:00:00,31260.0,-0.283913189933112,2.010556621880998,9
606,2021-07-17 16:15:00,31756.0,31319.5,1.384055615888895,2021-07-18 00:00:00,31478.0,-0.5060744903334983,2.8654933604422137,30
607,2021-07-18 00:45:00,31888.5,31361.0,1.667997375473324,2021-07-18 08:00:00,31689.0,-1.0458850164216702,0.5822209599545584,28
608,2021-07-18 06:00:00,32380.0,31926.5,1.4104328489344,2021-07-18 08:00:00,31689.0,0.7438961364383819,0.5822209599545584,7
609,2021-07-18 07:45:00,32246.5,31827.5,1.3078627836563974,2021-07-18 10:00:00,31600.0,0.7147906684470976,0.7737341772151899,8
610,2021-07-18 10:00:00,32167.5,31689.0,1.4986728054309273,2021-07-18 14:30:00,31122.0,1.7892644135188867,2.4628879892037787,17
611,2021-07-18 14:30:00,32070.5,31600.0,1.477921486402651,2021-07-18 22:15:00,31423.5,0.5585443037974683,1.3540821359810333,30
612,2021-07-19 09:00:00,31888.5,31302.0,1.8562916894153392,2021-07-19 10:45:00,31207.0,0.3034949843460482,0.8203287723908097,6
613,2021-07-20 01:00:00,31032.0,30553.5,1.5539372092456827,2021-07-20 03:30:00,29483.0,3.503690248253064,1.3838483193704847,9
614,2021-07-20 09:45:00,29891.0,29483.0,1.3743389362347156,2021-07-20 14:15:00,29278.5,0.6936200522334904,2.283245384838704,17
615,2021-07-21 04:15:00,29947.0,29509.0,1.4733584499461787,2021-07-21 08:00:00,30723.5,-4.115693517232031,6.888863573486094,14
616,2021-07-21 09:45:00,30954.5,30516.5,1.4250622244635682,2021-07-21 12:45:00,31429.5,-2.991824095161634,4.487821950715092,11
617,2021-07-22 07:00:00,32222.5,31761.5,1.440985246311578,2021-07-22 09:30:00,31740.5,0.06611778410969255,2.518863912036672,9
618,2021-07-22 09:30:00,32261.0,31808.5,1.4125285822427207,2021-07-22 11:00:00,31725.5,0.2609365421192449,2.567335424185592,5
619,2021-07-22 14:30:00,32200.0,31725.5,1.4845405980399058,2021-07-22 18:00:00,32228.5,-1.585475406218972,1.571590362567293,13
620,2021-07-23 01:30:00,32540.0,32057.5,1.4938658616819538,2021-07-23 03:30:00,32465.5,-1.27271309365983,1.2582587669988141,7
621,2021-07-23 07:15:00,32874.0,32400.0,1.452339369427337,2021-07-23 10:15:00,32226.0,0.537037037037037,1.064357971823993,11
622,2021-07-23 16:15:00,32645.0,32170.0,1.4657100979711486,2021-07-23 18:45:00,32069.0,0.3139571028908922,5.427359755527145,9
623,2021-07-23 21:15:00,32499.5,32028.0,1.4613924295842857,2021-07-24 03:15:00,33505.0,-4.611589858873486,1.5072377257125802,23
624,2021-07-24 16:15:00,34010.0,33376.0,1.8816964948208825,2021-07-24 20:15:00,33652.0,-0.826941514860978,2.521395459408059,15
625,2021-07-25 12:00:00,34760.0,34248.5,1.4824260779469196,2021-07-25 14:15:00,33870.5,1.1036979721739637,5.802984898362882,8
627,2021-07-27 10:30:00,37469.0,36935.0,1.4354066985645932,2021-07-27 18:00:00,37349.0,-1.1208880465682958,7.989504404401725,29
628,2021-07-29 09:30:00,40240.0,39674.0,1.4165227619691168,2021-07-29 12:15:00,39451.0,0.5620809598225538,1.8453271146485515,10
629,2021-07-29 17:45:00,40179.0,39604.5,1.4401473988982683,2021-07-29 21:30:00,39494.0,0.27900869850648286,2.239580695801894,14
630,2021-07-29 23:00:00,39971.5,39390.0,1.465446091618732,2021-07-30 06:00:00,39600.0,-0.5331302361005331,0.7070707070707071,27
631,2021-07-30 06:00:00,40220.0,39625.0,1.4903876260254243,2021-07-30 09:15:00,38305.0,3.331230283911672,2.728103380759692,12
632,2021-07-30 08:30:00,40172.5,39600.0,1.435331724591808,2021-07-30 11:45:00,38547.0,2.659090909090909,8.957895556074401,12
634,2021-07-31 17:30:00,41686.0,41078.5,1.4680207093621058,2021-07-31 20:15:00,41150.0,-0.17405698844894532,3.523693803159174,10
635,2021-08-01 10:45:00,42134.5,41601.0,1.2742504672450754,2021-08-01 16:15:00,40750.0,2.045623903271556,1.8404907975460123,21
636,2021-08-01 14:45:00,41901.0,41300.0,1.444694174348866,2021-08-01 16:15:00,40750.0,1.331719128329298,1.8404907975460123,5
637,2021-08-01 15:45:00,41825.0,41235.5,1.419447270363169,2021-08-01 19:15:00,40570.0,1.613900643862691,2.2923342371210254,13
638,2021-08-02 06:30:00,39914.5,39441.5,1.1920963758253944,2021-08-02 09:00:00,39305.0,0.346082172331174,1.7682228724080904,9
639,2021-08-02 19:30:00,40000.0,39430.0,1.435225985144152,2021-08-03 00:00:00,38732.5,1.7689576464620846,2.704447169689537,17
640,2021-08-03 10:30:00,38704.5,38174.5,1.3787900466967573,2021-08-03 12:00:00,37650.0,1.3739538173387995,2.758300132802125,5
641,2021-08-03 12:00:00,38800.0,38228.0,1.4851742223607,2021-08-03 15:30:00,37950.0,0.7272156534477346,1.9762845849802373,13
642,2021-08-04 08:45:00,38297.0,37665.5,1.662662497943064,2021-08-04 17:00:00,39150.0,-3.941272517290358,2.0485312899106005,32
643,2021-08-05 01:00:00,39952.0,39435.0,1.3024802549535819,2021-08-05 04:45:00,39284.0,0.3829085837454038,0.5243865186844516,14
644,2021-08-05 07:00:00,39743.5,39011.0,1.860211162536744,2021-08-05 10:30:00,37817.5,3.059393504396196,9.33165862365307,13
645,2021-08-07 00:45:00,42995.5,42402.0,1.3899704323897069,2021-08-07 03:15:00,42954.0,-1.301825385595019,3.778460678865763,9
646,2021-08-09 09:00:00,43883.0,43200.5,1.567461114906957,2021-08-09 13:45:00,45259.0,-4.764991145935811,2.6646633818687997,18
647,2021-08-11 06:15:00,45988.0,45348.0,1.4014189366733818,2021-08-11 08:15:00,46005.5,-1.4498985622298668,1.5715512275706167,7
648,2021-08-11 14:30:00,46480.0,45822.0,1.4257545881996057,2021-08-11 16:45:00,46205.0,-0.8358430448256297,0.9522778920030299,8
649,2021-08-11 21:15:00,46728.5,45960.0,1.6582423925298178,2021-08-12 00:00:00,45400.0,1.2184508268059182,1.8061674008810573,10
650,2021-08-13 00:00:00,44560.0,43915.0,1.4580389940661205,2021-08-13 04:00:00,44917.5,-2.2828190823181145,3.8236767406912673,15
651,2021-08-13 20:00:00,46635.0,45960.0,1.4579620929855823,2021-08-13 22:15:00,47481.0,-3.3093994778067883,0.7771529664497379,8
652,2021-08-14 09:30:00,47956.0,47360.0,1.2505770279911033,2021-08-14 11:00:00,46022.0,2.825168918918919,3.102863847725001,5
653,2021-08-14 19:30:00,47015.0,46390.0,1.3382581232268078,2021-08-15 00:30:00,46906.0,-1.1123086872170727,1.0147955485438964,19
654,2021-08-15 04:00:00,47382.0,46765.0,1.3107162203787694,2021-08-15 08:00:00,45630.0,2.4270287608254035,1.995397764628534,15
655,2021-08-15 14:00:00,46175.5,45510.0,1.45170174127861,2021-08-15 17:00:00,45666.0,-0.34278180619644033,5.857749748171506,11
656,2021-08-16 08:15:00,47744.0,47099.0,1.3601425513743766,2021-08-16 15:30:00,45950.0,2.439542240811907,1.6126224156692057,28
657,2021-08-16 13:30:00,47720.0,47010.0,1.4989971497941517,2021-08-16 15:30:00,45950.0,2.2548393958732182,1.6126224156692057,7
658,2021-08-18 10:00:00,45490.0,44865.0,1.383432018150628,2021-08-18 12:15:00,44681.0,0.41011924662877525,2.952037778921689,8
659,2021-08-20 13:15:00,47420.0,46730.0,1.4657461497610196,2021-08-20 18:30:00,48307.0,-3.374705756473358,2.4271844660194173,20
660,2021-08-20 21:45:00,48895.5,48307.0,1.210874205910342,2021-08-21 00:30:00,48733.0,-0.8818597718757115,0.7541091252334148,10
661,2021-08-21 04:15:00,49415.0,48648.0,1.5643005006985307,2021-08-21 07:00:00,48650.0,-0.0041111659266568,2.258992805755396,10
662,2021-08-21 11:00:00,49333.0,48548.0,1.603988516668199,2021-08-21 14:15:00,48920.0,-0.7662519568262338,1.7988552739165986,12
663,2021-08-22 00:00:00,49442.5,48750.0,1.4104946915497618,2021-08-22 03:30:00,48628.0,0.25025641025641027,1.6770173562556552,13
664,2021-08-22 14:30:00,49443.5,48613.5,1.6928929092262666,2021-08-22 18:00:00,48152.0,0.9493247760395775,4.727737165642133,13
665,2021-08-22 22:15:00,48840.0,48152.0,1.418673705047839,2021-08-23 00:30:00,49060.5,-1.88673367669048,2.9137493502919867,8
666,2021-08-23 14:30:00,50490.0,49788.0,1.4001077005923532,2021-08-23 20:00:00,49084.5,1.4129910821884792,1.3507319011093115,21
667,2021-08-24 01:00:00,49747.5,49055.0,1.4017863920447358,2021-08-24 04:15:00,49191.0,-0.27723983284068904,1.3193470350267327,12
668,2021-08-24 05:30:00,49550.0,48815.5,1.4934097829015254,2021-08-24 08:15:00,49540.0,-1.4841597443434975,0.5651998385143319,10
669,2021-08-24 06:30:00,49683.0,48985.0,1.4148457453277659,2021-08-24 08:15:00,49540.0,-1.1329998979279372,0.5651998385143319,6
670,2021-08-24 13:15:00,49840.0,49094.5,1.507057699791276,2021-08-24 16:15:00,47810.0,2.6163826905254153,1.397197239071324,11
671,2021-08-24 23:45:00,48479.5,47810.0,1.3905981441382498,2021-08-25 04:45:00,47926.0,-0.24262706546747545,1.423027166882277,19
672,2021-08-25 05:45:00,48355.0,47627.0,1.5169510949969787,2021-08-25 09:30:00,47200.0,0.8965502761038906,4.146186440677966,14
673,2021-08-25 08:15:00,48608.0,47926.0,1.4129736673089275,2021-08-25 14:00:00,47345.0,1.2122856069774235,3.981413031999155,22
674,2021-08-25 14:15:00,47894.5,47200.0,1.460652298503068,2021-08-25 17:15:00,48488.5,-2.729872881355932,1.7529929777163655,11
676,2021-08-26 00:45:00,49230.0,48500.0,1.4939117978102938,2021-08-26 07:15:00,46612.0,3.892783505154639,1.7828027117480476,25
677,2021-08-26 03:00:00,49338.5,48629.0,1.448439533518769,2021-08-26 07:15:00,46612.0,4.147730777930865,1.7828027117480476,16
678,2021-08-26 12:00:00,47293.5,46612.0,1.451459179707259,2021-08-26 16:15:00,46566.5,0.09761434823650561,2.3375173139488687,16
679,2021-08-27 00:00:00,47464.0,46566.5,1.9089550730879874,2021-08-27 04:30:00,46627.5,-0.13099545810829674,3.2706021124872664,17
680,2021-08-27 11:30:00,47539.0,46835.0,1.4919363383982875,2021-08-27 13:00:00,47074.0,-0.5103021244795559,4.397331860474997,5
681,2021-08-27 20:15:00,48565.0,47722.5,1.749967545112294,2021-08-27 22:00:00,48704.5,-2.057729582482058,1.1723762691332422,6
682,2021-08-28 16:30:00,49275.5,48411.0,1.7699477409877515,2021-08-28 19:30:00,48510.0,-0.2044989775051125,2.474747474747475,11
683,2021-08-29 00:45:00,49180.0,48481.5,1.4304510989489205,2021-08-29 04:00:00,47789.5,1.427348576261048,1.8424549325688697,12
684,2021-08-29 22:00:00,49000.0,48026.0,2.0077092738028983,2021-08-30 00:45:00,48350.0,-0.6746345729396577,0.7001034126163392,10
686,2021-08-30 16:30:00,48174.0,47460.0,1.4931927975406236,2021-08-31 00:30:00,46680.0,1.643489254108723,2.720651242502142,31
687,2021-08-30 22:15:00,48690.0,48033.5,1.357477758765967,2021-08-31 00:30:00,46680.0,2.817825059593825,2.720651242502142,8
688,2021-08-31 07:30:00,47451.5,46680.0,1.6391962308047785,2021-08-31 10:15:00,47187.5,-1.0871893744644388,2.2156291390728478,10
689,2021-09-01 01:00:00,47730.0,46780.0,2.0103692730927945,2021-09-01 03:30:00,46759.0,0.044890979050876446,2.2637353236810025,9
690,2021-09-01 16:30:00,47817.5,46855.0,2.033325411286276,2021-09-01 19:30:00,48050.5,-2.551488635150998,3.7887222817660584,11
691,2021-09-01 23:45:00,48755.0,48050.5,1.4554958137709118,2021-09-02 04:15:00,49322.0,-2.6461743374158435,2.1856372409877944,17
692,2021-09-02 06:45:00,49871.0,49322.0,1.1069329488976036,2021-09-02 09:30:00,49703.0,-0.7724747577146102,1.402329839245116,10
694,2021-09-03 00:30:00,49885.0,49251.0,1.2790510006455778,2021-09-03 07:45:00,49250.0,0.0020304156260786584,3.6294416243654823,28
695,2021-09-03 08:45:00,49749.0,49203.5,1.1025492029003814,2021-09-03 11:00:00,49550.0,-0.7042181958600506,3.002018163471241,8
696,2021-09-03 20:15:00,50800.0,50211.0,1.1662096207343755,2021-09-03 22:15:00,49582.0,1.252713548823963,1.7506353112016457,7
697,2021-09-03 22:00:00,50700.0,50005.5,1.379269255403131,2021-09-04 01:30:00,49650.0,0.7109217986021538,1.8167170191339375,13
698,2021-09-04 03:30:00,50266.0,49582.0,1.3700825254386668,2021-09-04 05:15:00,50174.5,-1.1949901173813078,0.7523742139931638,6
699,2021-09-04 10:45:00,50552.0,49804.0,1.4906931324484836,2021-09-04 17:15:00,49430.0,0.7509436993012609,1.7216265425854744,25
700,2021-09-04 17:15:00,50421.0,49660.0,1.5207681777760016,2021-09-04 19:15:00,49699.0,-0.07853403141361257,1.1710497193102476,7
701,2021-09-04 20:00:00,50156.0,49430.0,1.4580362701584562,2021-09-04 23:15:00,49790.0,-0.7283026502124216,0.9861417955412735,12
702,2021-09-05 19:15:00,50720.0,49550.0,2.3336990126658024,2021-09-06 00:15:00,51377.0,-3.6871846619576187,1.2145512583451739,19
703,2021-09-06 11:30:00,52286.0,51377.0,1.753759779284798,2021-09-06 16:00:00,51520.0,-0.27833466337076906,2.3942158385093166,17
704,2021-09-06 22:00:00,52178.0,51083.5,2.119860741902839,2021-09-07 00:30:00,52350.0,-2.4792741296113228,0.9703915950334289,9
705,2021-09-07 08:15:00,52858.0,52050.0,1.5403973004918594,2021-09-07 15:00:00,42330.0,18.67435158501441,12.79707063548311,26
706,2021-09-08 22:15:00,46541.0,45850.0,1.4958166921020446,2021-09-09 00:00:00,45862.5,-0.02726281352235551,1.434723357863178,6
707,2021-09-09 12:30:00,46520.5,45824.0,1.508481826205134,2021-09-09 15:00:00,46665.0,-1.8352828212290502,1.6350583949426765,9
708,2021-09-10 01:30:00,46765.0,46189.5,1.2382402142983933,2021-09-10 03:15:00,46484.0,-0.6375907944446249,0.665820497375441,6
709,2021-09-10 07:15:00,46965.0,46315.0,1.3936535162950257,2021-09-10 11:15:00,45975.0,0.7341034222174242,1.094072865687874,15
710,2021-09-10 20:30:00,45850.0,45225.0,1.372495196266813,2021-09-11 03:30:00,44904.0,0.7097844112769486,1.9519419205416,27
711,2021-09-11 10:00:00,45499.0,44816.0,1.5124840834855782,2021-09-11 13:30:00,45377.0,-1.2517850767583005,1.310135090464332,13
712,2021-09-11 19:30:00,45971.5,45209.5,1.671400840087299,2021-09-12 01:15:00,44772.0,0.9677169621429125,3.1414723487894216,22
713,2021-09-11 22:30:00,45727.5,45100.5,1.3806315233188002,2021-09-12 01:15:00,44772.0,0.7283732996308245,3.1414723487894216,10
714,2021-09-12 01:15:00,45652.5,44805.5,1.8726922991885737,2021-09-12 05:00:00,45256.0,-1.005456919351419,2.193079370691179,14
715,2021-09-12 04:30:00,45423.0,44772.0,1.4435389988358556,2021-09-12 07:00:00,45078.0,-0.6834628785848298,2.5966103198899684,9
716,2021-09-12 08:15:00,45592.5,44851.5,1.6385829905798062,2021-09-12 10:00:00,45750.0,-2.0032774823584494,1.089617486338798,6
717,2021-09-12 20:30:00,46248.5,45561.5,1.4965690011981265,2021-09-13 05:15:00,44400.0,2.549301493585593,5.63063063063063,34
718,2021-09-14 06:30:00,45332.0,44788.0,1.2072791833111407,2021-09-14 12:15:00,45675.0,-1.9804411896043583,3.378215654077723,22
719,2021-09-14 12:30:00,46190.0,45595.0,1.2965081440322495,2021-09-14 14:00:00,46114.0,-1.1382827064371093,2.3940668777377803,5
720,2021-09-14 22:15:00,47000.0,46231.0,1.6496658836653046,2021-09-15 03:15:00,46923.0,-1.4968311306266358,1.5845107942799905,19
721,2021-09-15 10:15:00,47400.0,46699.0,1.4899201904377304,2021-09-15 12:45:00,47280.0,-1.2441379901068546,2.304357021996616,9
722,2021-09-15 13:30:00,47666.5,47010.0,1.3868277766922097,2021-09-15 18:00:00,47816.5,-1.7155924271431608,1.3185824976733973,17
723,2021-09-16 03:15:00,48447.0,47728.0,1.4951910579672472,2021-09-16 10:30:00,47632.5,0.2000921890714046,1.2376003778932452,28
724,2021-09-16 10:30:00,48435.0,47738.0,1.4494712653239474,2021-09-16 12:00:00,47750.0,-0.02513720725627383,0.9884816753926702,5
725,2021-09-16 13:45:00,48350.0,47632.5,1.4950642044122626,2021-09-16 18:15:00,47282.0,0.7358421245998006,1.6539063491392072,17
726,2021-09-17 10:45:00,48108.0,47400.0,1.4825983163714034,2021-09-17 13:15:00,47150.0,0.5274261603375527,1.2089077412513256,9
727,2021-09-17 13:15:00,47949.5,47276.5,1.413479511898011,2021-09-17 18:15:00,46788.0,1.0332829206899834,2.6972728049927333,19
728,2021-09-17 18:00:00,47856.0,47150.0,1.4862219228259268,2021-09-17 21:00:00,46821.5,0.696712619300106,4.225622844206187,11
729,2021-09-18 01:15:00,47526.0,46821.5,1.4934152998224648,2021-09-18 09:30:00,48466.0,-3.5122753435921537,0.3765526348367928,32
730,2021-09-19 01:30:00,48800.0,47696.0,2.2881777483004475,2021-09-19 05:00:00,47766.5,-0.14781113720228112,1.1179383040415354,13
731,2021-09-19 11:45:00,48300.5,47610.0,1.4398840585754427,2021-09-19 17:45:00,47329.5,0.5891619407687461,0.9666275789940735,23
732,2021-09-19 22:15:00,47787.0,47100.0,1.4480381927977488,2021-09-20 03:00:00,45078.5,4.291932059447983,1.6926029038233303,18
733,2021-09-21 13:00:00,43600.0,43012.5,1.3566171164670227,2021-09-21 14:45:00,42169.0,1.9610578320255738,2.7342360501790415,6
734,2021-09-22 07:00:00,42370.0,41750.0,1.474084640989063,2021-09-22 09:00:00,42125.5,-0.8994011976047903,4.3785830435247055,7
735,2021-09-23 22:45:00,44908.0,44270.5,1.429716803938169,2021-09-24 02:00:00,44277.5,-0.015811883760065957,1.8124329512732202,12
736,2021-09-24 07:00:00,44526.5,43875.0,1.4739568898717783,2021-09-24 11:15:00,40647.5,7.356125356125356,6.156590196199028,16
737,2021-09-25 07:30:00,42883.5,42300.0,1.3699836235890752,2021-09-25 11:00:00,42219.0,0.19148936170212766,1.376157654136763,13
738,2021-09-25 18:00:00,42743.0,42150.0,1.3970527605338483,2021-09-25 21:15:00,42353.0,-0.4816132858837485,1.0105541520081223,12
739,2021-09-26 01:30:00,42800.0,42235.0,1.328864585170812,2021-09-26 04:30:00,41862.0,0.8831537824079555,4.899431465290717,11
740,2021-09-26 07:30:00,42415.0,41777.0,1.515583428354238,2021-09-26 14:00:00,43075.0,-3.1069727361945567,2.110272780034823,25
741,2021-09-26 22:00:00,43700.0,42835.0,1.9991910787542613,2021-09-27 03:45:00,43820.5,-2.300688689156064,0.8181102452048697,22
742,2021-09-27 06:45:00,44343.5,43687.0,1.4915285043252056,2021-09-27 09:30:00,43310.5,0.861812438482844,1.78824996248023,10
743,2021-09-27 09:30:00,44179.0,43626.5,1.258463308107123,2021-09-27 12:30:00,43262.0,0.8355013581194917,1.9023623503305442,11
744,2021-09-27 20:00:00,43448.5,42850.0,1.3870461247878005,2021-09-28 00:00:00,41830.0,2.3803967327887983,2.151565861821659,15
745,2021-09-28 06:45:00,42730.0,42099.5,1.4865111783047171,2021-09-28 10:15:00,41634.0,1.1057138445824772,2.2974011625114086,13
746,2021-09-28 13:00:00,42150.0,41555.0,1.4216593990801027,2021-09-28 17:15:00,41110.0,1.0708699314161954,2.1357333981999513,16
747,2021-09-28 23:30:00,41988.0,41404.0,1.4006139677666922,2021-09-29 05:15:00,41991.0,-1.4177374166747174,1.3312376461622728,22
748,2021-09-29 12:30:00,42550.0,41991.0,1.3224352680947706,2021-09-29 18:00:00,41056.0,2.2266676192517445,6.668939984411535,21
749,2021-09-29 23:45:00,41520.5,40905.5,1.492247591779293,2021-09-30 08:30:00,42800.0,-4.631406534573591,2.9205607476635516,34
752,2021-10-02 04:45:00,48178.0,47460.0,1.50149522156465,2021-10-02 08:30:00,47525.0,-0.1369574378423936,1.6622830089426617,14
753,2021-10-02 13:45:00,48067.0,47439.0,1.3151006219504535,2021-10-02 16:15:00,47674.0,-0.4953730053331647,1.2312791039140831,9
754,2021-10-02 23:30:00,48315.0,47623.5,1.4415484920026893,2021-10-03 07:15:00,47801.0,-0.37271515113336906,0.6955921424237987,30
755,2021-10-03 17:45:00,48133.5,47464.0,1.400664243311802,2021-10-03 21:45:00,47635.5,-0.36132647901567505,1.4705419277639575,15
756,2021-10-04 02:30:00,48336.0,47635.5,1.4598083806129944,2021-10-04 04:00:00,47250.0,0.8092703970778097,2.6455026455026456,5
757,2021-10-04 13:45:00,47986.5,47250.0,1.5466759068214393,2021-10-04 19:15:00,48876.5,-3.4423280423280427,1.8689963479381708,21
758,2021-10-05 08:30:00,49710.0,49010.0,1.4181523500810371,2021-10-05 12:00:00,49650.0,-1.305855947765762,4.547834843907352,13
759,2021-10-05 18:15:00,50350.0,49607.0,1.4866392548795981,2021-10-06 01:00:00,50901.0,-2.608502832261576,1.7661735525824638,26
760,2021-10-06 05:15:00,51599.0,50901.0,1.3619512195121952,2021-10-06 09:15:00,50339.5,1.1031217461346534,12.065078119568131,15
762,2021-10-06 23:00:00,55386.0,54572.0,1.4805653067534876,2021-10-07 01:30:00,54150.0,0.7732903320384079,2.0507848568790394,9
763,2021-10-07 07:00:00,55260.5,54480.0,1.4224465899098326,2021-10-07 09:30:00,53900.0,1.064610866372981,1.5714285714285716,9
764,2021-10-07 22:30:00,54648.0,53596.0,1.9437566978308267,2021-10-08 05:00:00,53630.0,-0.06343756996790806,4.885325377587171,25
765,2021-10-08 07:00:00,54436.5,53630.0,1.4925994642187912,2021-10-08 13:45:00,54050.5,-0.784076076822674,1.3644647135549162,26
766,2021-10-08 20:45:00,54788.0,54050.5,1.355218971228012,2021-10-09 00:00:00,53717.0,0.6170155687736468,2.833367462814379,12
767,2021-10-09 03:15:00,54481.0,53717.0,1.412225734301928,2021-10-09 05:30:00,54407.5,-1.2854403633858928,2.0998943160409866,8
768,2021-10-09 11:00:00,55239.0,54439.5,1.4578974001285576,2021-10-09 16:45:00,54620.0,-0.3315607233718164,1.0957524716221163,22
769,2021-10-09 16:45:00,55550.0,54751.0,1.4487629305264684,2021-10-09 20:15:00,54361.0,0.7123157567898304,3.281764500285131,13
770,2021-10-09 23:45:00,55342.0,54361.0,1.7884652197296336,2021-10-10 02:00:00,54135.0,0.4157392248119056,3.7129398725408698,8
771,2021-10-10 02:00:00,55218.5,54443.0,1.4143523479069684,2021-10-10 07:15:00,55467.0,-1.880866227063167,0.8707880361295905,20
772,2021-10-10 14:15:00,55449.5,54638.0,1.4742818212785285,2021-10-10 17:30:00,55050.5,-0.7549690691460156,2.9345782508787384,12
773,2021-10-10 20:00:00,55582.0,55030.0,0.9980833905905326,2021-10-10 23:45:00,54350.0,1.235689623841541,5.059797608095677,14
774,2021-10-11 10:45:00,57100.0,56334.5,1.349677567230428,2021-10-11 17:00:00,57207.0,-1.5487844926288508,1.1781774957610083,24
775,2021-10-11 20:00:00,57881.0,57034.0,1.4741330548666407,2021-10-12 00:30:00,56623.0,0.7206227864081075,2.1378238524981015,17
776,2021-10-12 05:45:00,57181.5,56460.5,1.26889706270569,2021-10-12 10:00:00,56700.0,-0.4241903631742545,1.3580246913580247,16
777,2021-10-12 14:45:00,57550.0,56700.0,1.487964989059081,2021-10-12 20:00:00,53700.0,5.291005291005291,5.579143389199255,20
778,2021-10-13 05:30:00,56696.0,56007.0,1.2226826260170538,2021-10-13 09:00:00,54265.5,3.109432749477744,5.481383199270255,13
779,2021-10-14 07:45:00,58269.5,57505.0,1.320670786744922,2021-10-14 09:15:00,57260.0,0.426049908703591,1.6416346489696123,5
780,2021-10-14 11:15:00,58190.5,57260.0,1.6119462453605657,2021-10-14 15:00:00,56915.5,0.6016416346489697,2.142650068961882,14
781,2021-10-15 01:00:00,57865.0,57050.0,1.4184397163120568,2021-10-15 09:00:00,58788.0,-3.046450482033304,5.2935973327890045,31
782,2021-10-15 13:15:00,59642.0,58788.0,1.442202144726843,2021-10-15 19:45:00,61311.0,-4.291692182077975,4.061261437588687,25
783,2021-10-16 04:00:00,61884.0,61025.0,1.3977820989512566,2021-10-16 10:00:00,61460.0,-0.7128226136829169,0.6239830784249919,23
784,2021-10-16 10:00:00,62419.5,61505.5,1.4750857373411337,2021-10-16 12:45:00,60500.0,1.6348131467917502,1.5041322314049586,10
785,2021-10-16 12:30:00,62365.0,61460.0,1.4617403593781546,2021-10-16 17:30:00,60217.0,2.0224536283761796,2.130627563644818,19
786,2021-10-17 01:30:00,61410.0,60549.0,1.4119499175952575,2021-10-17 07:45:00,60369.0,0.2972798890155081,1.8610545147343833,24
787,2021-10-17 07:45:00,61500.0,60651.0,1.3900827664120639,2021-10-17 13:45:00,60724.0,-0.12036075250201975,1.6435017456030563,23
788,2021-10-17 10:00:00,61270.0,60369.0,1.4814327641628096,2021-10-17 13:45:00,60724.0,-0.5880501581937749,1.6435017456030563,14
789,2021-10-17 20:00:00,61492.5,60451.0,1.7081681270424416,2021-10-18 01:45:00,61952.0,-2.4830027625680304,1.3187629132231407,22
790,2021-10-18 07:45:00,62769.0,61890.0,1.4102471542367578,2021-10-18 09:45:00,60620.0,2.052027791242527,2.936324645331574,7
791,2021-10-19 03:15:00,62546.0,61622.0,1.48830616583983,2021-10-19 04:45:00,62278.5,-1.0653662652948621,1.671523880632963,5
792,2021-10-19 08:30:00,62878.0,62045.0,1.3336215108506841,2021-10-19 12:00:00,62054.5,-0.015311467483278265,3.765238620889702,13
793,2021-10-19 13:15:00,62653.0,61800.0,1.370798614738094,2021-10-19 18:30:00,63096.0,-2.0970873786407767,2.193482946621022,20
794,2021-10-20 13:30:00,64672.0,63501.0,1.8272179008059422,2021-10-20 17:15:00,66241.0,-4.314892678855451,0.828791835872043,14
795,2021-10-20 20:15:00,67210.0,66099.0,1.6668041917649972,2021-10-20 22:00:00,65603.0,0.750389567164405,1.0197704373275611,6
796,2021-10-21 01:45:00,66568.5,65333.0,1.8733676266001524,2021-10-21 06:30:00,64224.0,1.6974576400900006,3.8957399103139014,18
797,2021-10-22 08:00:00,63396.5,62509.5,1.408987657458739,2021-10-22 10:15:00,62851.0,-0.546316959822107,1.3508138295333407,8
798,2021-10-22 13:45:00,63774.0,62851.0,1.4578479763079961,2021-10-22 16:15:00,60100.0,4.377018663187539,2.220465890183028,9
799,2021-10-23 04:00:00,61279.5,60400.0,1.445600943462128,2021-10-23 07:15:00,60744.5,-0.570364238410596,1.7524220299780229,12
800,2021-10-23 09:15:00,61555.0,60744.5,1.325434691065785,2021-10-23 11:00:00,59625.0,1.842965206726535,3.662893081761006,6
801,2021-10-23 10:45:00,61170.0,60338.0,1.3694571550844388,2021-10-23 15:45:00,60738.5,-0.6637608140806789,1.533623648921195,19
802,2021-10-24 11:30:00,61670.0,60502.5,1.9112320694100553,2021-10-24 16:00:00,59456.0,1.7296805917110865,4.523513186221744,17
803,2021-10-25 00:45:00,61343.0,60468.0,1.4366518623112854,2021-10-25 06:00:00,61850.0,-2.285506383541708,2.9102667744543247,20
804,2021-10-25 07:15:00,62300.0,61715.5,0.9426241074704371,2021-10-25 10:30:00,62534.5,-1.327057222253729,1.9445266213050396,12
805,2021-10-25 15:45:00,63500.0,62534.5,1.5321201734445729,2021-10-25 17:30:00,62720.5,-0.29743581542988273,1.3049959742030117,6
806,2021-10-26 04:30:00,63539.0,62416.0,1.7831765313008614,2021-10-26 07:15:00,62272.0,0.23071007433991286,1.4276079136690647,10
808,2021-10-26 21:30:00,62808.5,61850.0,1.5378012730780493,2021-10-27 02:45:00,60451.0,2.2619240097008895,1.7683743858662386,20
809,2021-10-27 04:15:00,60850.0,60202.5,1.0697837715040994,2021-10-27 08:00:00,57919.5,3.792201320543167,2.708068957777605,14
810,2021-10-28 03:00:00,59022.0,58144.0,1.4987283000187768,2021-10-28 04:45:00,58700.0,-0.9562465602641717,5.45144804088586,6
811,2021-10-28 08:15:00,59300.0,58600.5,1.1865937803486837,2021-10-28 11:15:00,60804.0,-3.7602068241738555,3.059831590026972,11
812,2021-10-29 15:00:00,61463.0,60583.5,1.441253948290201,2021-10-29 19:00:00,61865.0,-2.115262406430794,1.3747676392144186,15
813,2021-10-30 00:45:00,62715.5,61865.0,1.3653822227395138,2021-10-30 05:00:00,61050.0,1.3173846278186372,2.0106470106470105,16
814,2021-10-30 05:00:00,62520.5,61555.0,1.5563104722527816,2021-10-30 08:45:00,61118.5,0.7091219234830639,1.8963161726809392,14
815,2021-10-30 11:00:00,61946.0,61050.0,1.4569579498520275,2021-10-30 14:15:00,60700.0,0.5733005733005733,2.800658978583196,12
816,2021-10-31 00:00:00,61958.0,60768.0,1.9392793703045812,2021-10-31 02:45:00,61570.0,-1.3197735650342286,0.5181094688971902,10
817,2021-10-31 04:45:00,62400.0,61502.5,1.4487197594883074,2021-10-31 06:30:00,61125.0,0.6137961871468639,0.5905930470347648,6
818,2021-10-31 08:15:00,61889.0,61108.0,1.2699496735692741,2021-10-31 10:15:00,60359.0,1.2256987628461085,1.289782799582498,7
819,2021-10-31 10:00:00,61501.5,60599.0,1.4782904246911355,2021-10-31 13:30:00,60000.0,0.9884651561906962,2.7425,13
820,2021-10-31 17:15:00,60875.0,60000.0,1.4477766287487073,2021-10-31 20:00:00,60587.5,-0.9791666666666667,1.953373220548793,10
821,2021-10-31 21:30:00,61220.0,60205.5,1.6709834425223695,2021-11-01 00:00:00,61160.0,-1.5854033269385688,2.1092217135382603,9
822,2021-11-01 02:15:00,61771.0,60900.0,1.4200585305410407,2021-11-01 04:00:00,59444.0,2.3908045977011496,5.202375344862391,6
823,2021-11-01 14:45:00,62536.5,61700.0,1.3466251866399972,2021-11-01 19:00:00,60325.0,2.2285251215559154,2.1409034397016162,16
824,2021-11-01 16:30:00,62225.0,61360.0,1.3998462596593437,2021-11-01 19:00:00,60325.0,1.686766623207301,2.1409034397016162,9
825,2021-11-02 09:30:00,61850.0,61030.0,1.3346354166666665,2021-11-02 11:45:00,62958.0,-3.1591020809437977,2.0656628228342706,8
826,2021-11-02 20:15:00,64258.5,63309.0,1.488623669821859,2021-11-02 23:15:00,62700.0,0.9619485381225418,1.4354066985645932,11
827,2021-11-02 23:00:00,63893.0,62952.0,1.483700579447357,2021-11-03 02:00:00,62810.0,0.22556868725378065,1.1717879318579842,11
828,2021-11-03 12:30:00,63645.5,62700.0,1.4966896327926202,2021-11-03 14:00:00,61600.0,1.7543859649122806,3.000811688311688,5
829,2021-11-04 01:45:00,63448.5,62478.5,1.5405750950947772,2021-11-04 05:30:00,62413.5,0.10403578831117904,0.4430131301721583,14
830,2021-11-04 07:45:00,63204.0,62062.0,1.8233199750930023,2021-11-04 11:30:00,61300.0,1.2278044536109054,1.7822185970636215,14
831,2021-11-04 13:45:00,62134.5,61300.0,1.3521341278167773,2021-11-04 15:15:00,60859.0,0.7194127243066885,1.1847056310488178,5
832,2021-11-04 20:15:00,61413.5,60628.0,1.2872670362130916,2021-11-04 22:00:00,61050.0,-0.6960480306129181,2.6101556101556103,6
833,2021-11-05 01:45:00,61580.0,60898.0,1.1136693936870294,2021-11-05 05:30:00,61912.5,-1.6659003579756315,1.1806985665253382,14
834,2021-11-05 09:30:00,62643.5,61862.0,1.2553662288011374,2021-11-05 12:30:00,61205.0,1.0620413177718147,1.2351932031696757,11
835,2021-11-05 15:00:00,62114.0,61205.0,1.4742253829499103,2021-11-05 17:30:00,60886.5,0.520382321705743,0.9558769185287379,9
836,2021-11-06 07:15:00,61664.5,60764.0,1.47106270190356,2021-11-06 12:15:00,60150.0,1.010466723717991,2.202826267664173,19
837,2021-11-06 20:30:00,61352.0,60150.0,1.9785682540205098,2021-11-06 23:00:00,61322.5,-1.9492934330839566,1.6649679970646991,9
838,2021-11-07 01:00:00,61986.0,60647.0,2.1837515187592245,2021-11-07 09:30:00,61502.0,-1.4097976816660345,1.8040063737764627,33
842,2021-11-08 06:15:00,65860.0,64971.0,1.3590051287538885,2021-11-08 11:15:00,65700.0,-1.1220390635822137,1.5220700152207,19
843,2021-11-08 13:30:00,66434.5,65621.0,1.2320577333015286,2021-11-08 18:15:00,65750.0,-0.1965834107983725,4.334600760456274,18
844,2021-11-08 14:30:00,66309.5,65280.5,1.5639486283152215,2021-11-08 18:15:00,65750.0,-0.7192040502140762,4.334600760456274,14
845,2021-11-08 15:30:00,66159.5,65238.5,1.4018478211236092,2021-11-08 18:15:00,65750.0,-0.7840462303701036,4.334600760456274,10
846,2021-11-08 21:15:00,66356.5,65439.0,1.3923085386071603,2021-11-09 02:30:00,67306.0,-2.8530387078042145,1.9225626244317,20
847,2021-11-09 15:00:00,68600.0,67233.0,2.0127656754985903,2021-11-09 17:00:00,66250.0,1.4620796335133044,2.372830188679245,7
848,2021-11-10 03:00:00,67758.5,66750.5,1.4987844679538171,2021-11-10 06:30:00,66350.0,0.5999955056516431,4.202712886209495,13
849,2021-11-10 13:30:00,67300.0,66323.0,1.4623231030586052,2021-11-10 21:15:00,62512.5,5.745367368786092,4.8558288342331535,30
850,2021-11-11 07:15:00,65085.0,64127.0,1.4828344116645513,2021-11-11 14:00:00,64454.5,-0.5107053191323467,1.614317076387219,26
851,2021-11-11 08:45:00,65387.5,64451.0,1.4425613358133373,2021-11-11 14:00:00,64454.5,-0.005430482071651332,1.614317076387219,20
852,2021-11-11 14:00:00,65594.0,64638.0,1.4681491492106395,2021-11-11 18:30:00,64602.0,0.0556947925368978,1.3358719544286555,17
853,2021-11-12 01:15:00,65495.0,64512.0,1.5122262647395908,2021-11-12 04:15:00,64750.0,-0.3689236111111111,0.5590733590733591,11
854,2021-11-12 07:00:00,65465.0,64500.0,1.4850151963990306,2021-11-12 09:30:00,63538.5,1.4906976744186047,1.5132557425812696,9
855,2021-11-12 09:30:00,65309.5,64200.0,1.7133878209706626,2021-11-12 13:15:00,63300.0,1.4018691588785046,2.0466034755134284,14
856,2021-11-12 15:15:00,64244.0,63300.0,1.480273474252023,2021-11-12 19:15:00,63564.0,-0.4170616113744076,1.6227738971745014,15
857,2021-11-13 14:15:00,64595.5,63409.5,1.8530526151322213,2021-11-13 19:00:00,63838.0,-0.6757662495367414,2.4076568814812496,18
858,2021-11-14 00:15:00,64688.0,63838.0,1.3226895725378522,2021-11-14 03:00:00,64557.5,-1.1270716501143518,0.995236804399179,10
859,2021-11-14 08:15:00,65375.0,64423.0,1.4668947133237802,2021-11-14 11:00:00,64236.5,0.28949288297657666,0.8772271216520202,10
861,2021-11-14 22:15:00,64574.0,63650.0,1.4412278512602945,2021-11-15 03:00:00,65671.0,-3.175176747839749,1.0841924136985883,18
862,2021-11-14 23:30:00,64859.5,63918.5,1.4614297473170883,2021-11-15 03:00:00,65671.0,-2.741772726206028,1.0841924136985883,13
863,2021-11-15 09:00:00,66200.0,65342.0,1.3045263109881255,2021-11-15 16:15:00,63950.0,2.1303296501484494,0.8522283033620015,28
864,2021-11-15 14:00:00,66383.0,65400.0,1.491846444533817,2021-11-15 16:15:00,63950.0,2.217125382262997,0.8522283033620015,8
865,2021-11-15 21:00:00,64626.0,63680.5,1.473814654752487,2021-11-16 01:00:00,60863.0,4.424431340834321,2.342145474261867,15
866,2021-11-17 22:15:00,60650.0,59784.0,1.4381320889449822,2021-11-18 01:15:00,60125.0,-0.5703867255452963,1.6166320166320167,11
867,2021-11-18 09:45:00,60402.0,59159.0,2.0792733416415055,2021-11-18 13:15:00,58810.0,0.5899355972886627,1.6553307260669954,13
868,2021-11-19 08:15:00,56470.0,55665.5,1.434871204926183,2021-11-19 11:15:00,56540.0,-1.5709910087935974,3.12610541209763,11
869,2021-11-20 00:00:00,58307.5,57501.5,1.391947085286981,2021-11-20 05:15:00,58300.0,-1.3886594262758363,0.9331046312178388,20
871,2021-11-21 02:30:00,59863.5,59062.0,1.3479026785676747,2021-11-21 05:00:00,58599.0,0.7839219802918967,1.3046297718391098,9
872,2021-11-21 16:00:00,59477.5,58532.0,1.6024133650256969,2021-11-21 19:15:00,59209.0,-1.1566322695277798,0.8182877603067101,12
873,2021-11-21 16:45:00,59525.0,58640.0,1.497905471163204,2021-11-21 19:15:00,59209.0,-0.9703274215552523,0.8182877603067101,9
874,2021-11-21 23:45:00,60047.5,58944.5,1.853906144950921,2021-11-22 03:30:00,57027.5,3.2522118263790514,4.67230722020078,14
875,2021-11-22 12:30:00,57865.0,57020.0,1.4710362536449493,2021-11-22 21:00:00,55614.0,2.4658014731673097,3.019023986765922,33
876,2021-11-24 02:00:00,57902.0,57058.0,1.4683368128044538,2021-11-24 06:15:00,56274.5,1.37316414876091,2.1279620431989623,16
877,2021-11-24 08:30:00,56915.5,56125.0,1.3986137711705098,2021-11-24 11:00:00,56386.0,-0.4650334075723831,1.966800269570461,9
878,2021-11-24 13:45:00,57151.0,56355.0,1.40256902718799,2021-11-24 17:30:00,56552.5,-0.3504569248513885,3.143097122143141,14
879,2021-11-24 20:45:00,57244.0,56552.5,1.215327360683325,2021-11-24 22:45:00,56887.0,-0.591485787542549,2.5366076608012373,7
880,2021-11-25 00:30:00,57579.0,56659.5,1.609790044512139,2021-11-25 02:30:00,57555.0,-1.5804940036534032,1.6410390061680133,7
882,2021-11-26 02:15:00,59440.5,58520.0,1.5606919265347299,2021-11-26 05:15:00,57484.0,1.7703349282296652,0.7758680676362117,11
883,2021-11-26 23:15:00,54730.0,53875.0,1.5745131439620645,2021-11-27 04:15:00,54288.5,-0.7675174013921113,1.860430846311834,19
884,2021-11-27 08:00:00,54650.0,53961.5,1.2678215474420296,2021-11-27 10:00:00,54329.0,-0.6810411126451266,1.637247142410131,7
885,2021-11-27 20:30:00,55218.5,54435.0,1.4290469524456584,2021-11-28 02:30:00,53755.0,1.2491962891522,2.2695563203422937,23
886,2021-11-28 06:45:00,54537.0,53755.0,1.4442433420751302,2021-11-28 09:15:00,54177.5,-0.7859733978234582,1.4720132896497624,9
887,2021-11-28 14:00:00,54975.0,53888.0,1.9970054104700403,2021-11-28 18:30:00,53122.0,1.4214667458432304,9.653251007115696,17
889,2021-11-29 09:30:00,57900.0,57220.5,1.1805021694659075,2021-11-29 12:00:00,56900.0,0.5601139451769908,3.4648506151142358,9
890,2021-11-29 17:00:00,57522.5,56686.5,1.4639826983862918,2021-11-29 20:00:00,57720.0,-1.823185414516684,1.2543312543312544,11
891,2021-12-01 08:15:00,57697.5,56743.5,1.6672346449262065,2021-12-01 11:15:00,56834.0,-0.1594896331738437,3.939543231164444,11
892,2021-12-02 03:00:00,57390.5,56550.0,1.4753314229795376,2021-12-02 06:30:00,56407.5,0.2519893899204244,1.7151974471479856,13
893,2021-12-02 11:00:00,57200.0,56407.5,1.3951543692097792,2021-12-02 16:45:00,56072.0,0.5947790630678544,2.011699243829362,22
894,2021-12-02 14:30:00,56883.5,56082.0,1.4190173105948276,2021-12-02 16:45:00,56072.0,0.017831033130059556,2.011699243829362,8
895,2021-12-03 05:45:00,57200.0,56125.0,1.8971983234061327,2021-12-03 09:15:00,56500.0,-0.6681514476614699,2.1061946902654864,13
896,2021-12-03 10:00:00,57066.5,56301.0,1.350475224380885,2021-12-03 17:00:00,54666.0,2.904033676133639,0.9576336296784107,27
897,2021-12-05 06:45:00,49501.0,48705.0,1.6210822149359512,2021-12-05 09:15:00,48699.0,0.012319063751154912,1.8953161255877944,9
898,2021-12-06 21:45:00,49400.0,48660.0,1.5092800326330817,2021-12-06 23:30:00,50211.0,-3.1874229346485823,2.598036286869411,6
899,2021-12-07 12:15:00,51506.0,50477.0,2.0179833893884274,2021-12-07 17:30:00,50801.0,-0.6418764982071042,0.7804964469203363,20
900,2021-12-08 10:30:00,50788.5,50090.0,1.3848342312782207,2021-12-08 12:15:00,48514.0,3.146336594130565,5.603537123304613,6
901,2021-12-09 02:15:00,50817.5,50070.0,1.4818485937306405,2021-12-09 03:45:00,49412.5,1.3131615737966846,1.9752087022514546,5
902,2021-12-11 22:30:00,49012.0,48357.0,1.345397405745155,2021-12-12 01:15:00,49050.0,-1.4330913828401264,0.6055045871559633,10
903,2021-12-12 04:45:00,49684.0,49026.0,1.3331982575220342,2021-12-12 10:00:00,48606.0,0.8566882878472647,4.4932724355017895,20
904,2021-12-12 10:00:00,49419.5,48721.0,1.4234694137486563,2021-12-12 14:30:00,49458.0,-1.5126947312247285,2.6931942254033725,17
905,2021-12-13 00:15:00,50570.0,49872.0,1.3898568327990282,2021-12-13 05:30:00,48802.5,2.14448989412897,1.0091696122124891,20
906,2021-12-14 06:30:00,47208.0,46458.0,1.6014348856575493,2021-12-14 09:45:00,46762.5,-0.6554307116104869,2.475273990911521,12
907,2021-12-15 08:30:00,48549.5,47851.5,1.4481177581145424,2021-12-15 12:45:00,47380.5,0.9842951631610295,4.482856871497768,16
908,2021-12-16 11:30:00,49349.5,48527.0,1.6806894402640062,2021-12-16 13:00:00,48386.0,0.29055989449172626,2.028479312197743,5
909,2021-12-17 07:00:00,47982.5,47397.0,1.2277271321405543,2021-12-17 10:30:00,46700.0,1.4705572082621263,1.6059957173447537,13
910,2021-12-17 14:00:00,47342.5,46700.0,1.3664034877847782,2021-12-17 17:45:00,46600.0,0.21413276231263384,1.2553648068669527,14
911,2021-12-18 19:00:00,47202.5,46555.0,1.3812228355064928,2021-12-19 01:15:00,46421.0,0.28783159703576416,3.695525731888585,24
912,2021-12-18 22:00:00,47027.5,46340.0,1.4726751814068064,2021-12-19 01:15:00,46421.0,-0.17479499352611136,3.695525731888585,12
913,2021-12-19 02:45:00,47098.5,46421.0,1.4488956848571688,2021-12-19 07:00:00,47439.0,-2.1929730079059047,2.004679693922722,16
914,2021-12-19 08:30:00,48136.5,47439.0,1.4595790762276943,2021-12-19 10:15:00,46828.0,1.287969813866228,3.335611172802597,6
915,2021-12-20 14:15:00,46212.5,45576.5,1.3857869679373347,2021-12-20 18:30:00,46050.0,-1.038912597500905,6.033659066232356,16
916,2021-12-21 03:30:00,47298.5,46658.5,1.3623253190289175,2021-12-21 05:30:00,48315.0,-3.550264153369697,2.075959846838456,7
917,2021-12-21 21:30:00,48946.5,48280.0,1.3710253891685908,2021-12-22 01:00:00,48613.5,-0.6907622203811102,2.0004731196066934,13
918,2021-12-22 02:30:00,49300.0,48613.5,1.4022581155816103,2021-12-22 05:45:00,48918.5,-0.6273977393110968,1.1887118370350684,12
919,2021-12-22 12:15:00,49586.0,48840.0,1.5158596305854144,2021-12-22 19:00:00,48526.5,0.6418918918918919,1.1818284854667036,26
920,2021-12-23 00:00:00,49251.5,48526.5,1.4829511751109656,2021-12-23 03:15:00,48220.5,0.6305832895428272,1.3054613701641418,12
921,2021-12-23 16:00:00,48850.0,48030.0,1.6928158546655656,2021-12-23 23:30:00,50444.5,-5.0270664168228185,2.2014292935800728,29
922,2021-12-23 16:45:00,48983.5,48283.0,1.4403725846000421,2021-12-23 23:30:00,50444.5,-4.4767309404966555,2.2014292935800728,26
923,2021-12-24 01:00:00,51141.5,50444.5,1.3722363317780009,2021-12-24 06:15:00,50760.0,-0.6254398398239649,1.3593380614657211,20
924,2021-12-24 06:15:00,51555.0,50803.0,1.4693526641786672,2021-12-24 12:00:00,50785.5,0.03444678463870244,2.352049305411978,22
925,2021-12-24 14:45:00,51450.0,50760.0,1.3501614323451716,2021-12-24 20:00:00,50798.0,-0.07486209613869188,0.8307413677703845,20
926,2021-12-25 17:15:00,51220.0,50507.0,1.4017910682513002,2021-12-25 20:30:00,50750.0,-0.4811214287128517,0.6532019704433498,12
927,2021-12-25 23:45:00,51149.0,50460.0,1.356179078624925,2021-12-26 02:30:00,49599.5,1.7053111375346808,1.210697688484763,10
928,2021-12-26 11:45:00,50341.5,49599.5,1.4848760768853624,2021-12-26 14:15:00,49750.0,-0.3034304781298199,3.1035175879396983,9
929,2021-12-26 21:30:00,50450.0,49663.0,1.5722233875720435,2021-12-27 01:00:00,50464.5,-1.61387753458309,1.2394851826531523,13
930,2021-12-27 13:15:00,51215.5,50464.5,1.477183320220299,2021-12-27 16:15:00,51212.5,-1.482230082533266,1.77007566512082,11
931,2021-12-28 10:00:00,49409.5,48766.0,1.3109176933145235,2021-12-28 14:30:00,48143.0,1.277529426239593,2.3056311405604135,17
932,2021-12-28 14:30:00,49345.5,48638.0,1.444120693790281,2021-12-28 19:00:00,47315.0,2.7200953986594842,1.7372926133361513,17
933,2021-12-29 03:00:00,48024.0,47312.0,1.4936645128807586,2021-12-29 05:30:00,47756.0,-0.9384511329049713,0.7580199346678951,9
934,2021-12-29 12:00:00,48137.0,47420.0,1.500674989796666,2021-12-29 19:45:00,47030.0,0.8224377899620413,1.499043163937912,30
935,2021-12-30 07:00:00,46924.5,46260.0,1.426202855625131,2021-12-30 09:45:00,46681.0,-0.9100734976221359,2.6552558856922515,10
936,2021-12-30 08:00:00,47150.0,46470.0,1.4526810510574664,2021-12-30 09:45:00,46681.0,-0.4540563804605121,2.6552558856922515,6
937,2021-12-30 11:30:00,47234.0,46580.0,1.3942481932334194,2021-12-30 16:00:00,47057.5,-1.0251180764276513,1.8339265791850394,17
938,2021-12-30 17:15:00,47685.0,47015.0,1.4149947201689546,2021-12-30 21:00:00,46850.5,0.34988833351058174,1.475971441073201,14
939,2021-12-31 06:15:00,47439.5,46800.0,1.3571803755325527,2021-12-31 07:45:00,46845.5,-0.09722222222222222,3.647095238603495,5
940,2021-12-31 08:15:00,47542.0,46845.5,1.475831015759502,2021-12-31 10:45:00,47722.0,-1.8710441771354773,0.9481999916181215,9
941,2021-12-31 17:00:00,48432.0,47432.0,2.0862889092881582,2021-12-31 19:45:00,45634.0,3.790689829650869,4.203006530218697,10
942,2022-01-01 05:15:00,46929.5,46256.5,1.4444229819930032,2022-01-01 07:00:00,46909.0,-1.4106125625587755,1.258820269031529,6
943,2022-01-01 15:30:00,47351.5,46718.5,1.3458063144466885,2022-01-01 20:15:00,47262.0,-1.1633507068934148,1.2335491515382335,18
944,2022-01-01 17:30:00,47499.5,46856.0,1.3639904404088792,2022-01-01 20:15:00,47262.0,-0.8664845484036195,1.2335491515382335,10
945,2022-01-01 22:00:00,47915.5,47223.0,1.4557723739600688,2022-01-02 02:30:00,47280.0,-0.12070389428879996,0.5752961082910322,17
946,2022-01-02 04:30:00,47845.0,47188.5,1.3816180609995423,2022-01-02 08:00:00,46990.0,0.42065333714782205,2.149393487976165,13
947,2022-01-02 09:15:00,47495.0,46791.5,1.4922602917702958,2022-01-02 12:00:00,46990.0,-0.4242223480760395,2.149393487976165,10
948,2022-01-02 16:30:00,47552.0,46860.0,1.4659153497436765,2022-01-02 18:30:00,46600.0,0.5548442168160478,1.8830472103004294,7
949,2022-01-03 03:30:00,47477.5,46839.5,1.3528844216843199,2022-01-03 07:00:00,46890.0,-0.10781498521546984,1.4640648325869055,13
950,2022-01-03 12:00:00,47422.0,46710.0,1.512769302681341,2022-01-03 16:15:00,46286.0,0.9077285377863413,1.2908870932895475,16
951,2022-01-03 14:45:00,47576.5,46914.5,1.401191647881809,2022-01-03 16:15:00,46286.0,1.3396711038165172,1.2908870932895475,5
952,2022-01-04 13:45:00,46884.0,45950.0,2.0121938083029924,2022-01-04 16:15:00,46615.0,-1.4472252448313385,0.7873002252493831,9
953,2022-01-05 03:00:00,46420.5,45755.0,1.4439845729071175,2022-01-05 05:30:00,46255.0,-1.0927767457108513,1.7403523943357475,9
954,2022-01-05 10:00:00,46913.5,46011.0,1.9424371398285705,2022-01-05 12:30:00,45910.5,0.2184260285583882,1.9951862863615075,9
955,2022-01-06 18:45:00,43220.0,42580.0,1.491841491841492,2022-01-06 22:15:00,43017.0,-1.026303428839831,0.5648929492991143,13
956,2022-01-07 00:00:00,43549.0,42972.5,1.3326167484382494,2022-01-07 04:30:00,40952.5,4.700680667868986,5.634576643672547,17
957,2022-01-07 03:15:00,43378.5,42708.0,1.5577355334460106,2022-01-07 07:00:00,41235.0,3.4490025288002246,4.910876682429975,14
958,2022-01-07 13:30:00,42634.5,42062.0,1.351885851245329,2022-01-07 15:45:00,40517.5,3.6719604393514333,4.657246868637008,8
959,2022-01-07 22:45:00,42154.5,41540.0,1.4684357992460675,2022-01-08 03:15:00,41660.0,-0.2888781896966779,1.1761881901104176,17
960,2022-01-08 15:00:00,42242.0,41550.0,1.6517089936986824,2022-01-08 19:00:00,40550.0,2.406738868832732,4.32059186189889,15
962,2022-01-10 11:45:00,42200.0,41525.0,1.6124216183935502,2022-01-10 14:30:00,39655.0,4.503311258278146,6.219896608246122,10
963,2022-01-11 02:15:00,42073.5,41507.5,1.3543747981000467,2022-01-11 05:15:00,41975.0,-1.1263024754562427,1.7272185824895772,11
964,2022-01-11 08:15:00,42380.0,41787.0,1.4091033302838405,2022-01-11 10:45:00,41589.0,0.4738315744130949,3.7846545961672557,9
965,2022-01-11 14:15:00,42190.0,41589.0,1.4347270795784146,2022-01-11 22:15:00,42600.5,-2.432133496838106,0.7934179176300747,31
966,2022-01-12 11:30:00,43163.0,42360.0,1.8778574184722236,2022-01-12 16:15:00,43299.0,-2.21671388101983,2.6582600060047574,18
968,2022-01-13 14:15:00,44068.5,43428.0,1.4640585623424938,2022-01-13 15:45:00,42847.5,1.336695219673943,1.470330824435498,5
969,2022-01-14 10:45:00,42936.0,42303.0,1.485235631577095,2022-01-14 18:15:00,42781.0,-1.1299435028248588,2.158668567822164,29
970,2022-01-15 12:30:00,43440.0,42734.0,1.6385452688746023,2022-01-15 18:15:00,43222.0,-1.1419478635278701,1.2898523899865808,22
971,2022-01-15 20:00:00,43600.0,43050.0,1.269474899019042,2022-01-16 02:30:00,42790.0,0.6039488966318235,1.1801822855807431,25
972,2022-01-15 23:30:00,43779.5,43129.0,1.4969767053855492,2022-01-16 02:30:00,42790.0,0.7860140508706439,1.1801822855807431,11
973,2022-01-16 14:00:00,43592.0,42601.0,2.299490677897277,2022-01-16 20:00:00,42750.0,-0.3497570479566207,1.1169590643274854,23
974,2022-01-16 20:00:00,43455.0,42810.5,1.4942242263709131,2022-01-16 21:30:00,42904.5,-0.21957230118779272,0.7528347842300924,5
975,2022-01-17 05:00:00,43382.5,42614.5,1.7861088177494564,2022-01-17 08:00:00,42576.5,0.08917152612373723,0.7104858313858584,11
976,2022-01-17 16:00:00,42929.0,42295.0,1.4878437998685816,2022-01-17 18:15:00,41861.5,1.0249438467904006,1.275635130131505,8
977,2022-01-17 21:15:00,42480.5,41861.5,1.4678333451898224,2022-01-18 04:15:00,41839.0,0.05374867121340611,1.1114032362150148,27
978,2022-01-18 08:45:00,42395.5,41704.5,1.643281807372176,2022-01-18 14:30:00,41300.0,0.9699193132635567,3.2687651331719128,22
979,2022-01-18 14:15:00,42018.0,41400.0,1.4816945982881393,2022-01-18 16:30:00,41411.0,-0.026570048309178744,2.9919586583274973,8
980,2022-01-18 21:15:00,41968.0,41300.0,1.6044578949896722,2022-01-19 00:45:00,42169.5,-2.1053268765133173,0.746985380428983,13
981,2022-01-19 03:30:00,42650.0,42169.5,1.1329941817624485,2022-01-19 07:30:00,41140.0,2.4413379338147236,3.4175984443364125,15
984,2022-01-29 14:00:00,38130.0,37437.5,1.8327984914149602,2022-01-29 15:45:00,37256.0,0.4848080133555926,4.0610908310070855,6
986,2022-01-30 05:00:00,38259.5,37730.0,1.3936135913514367,2022-01-30 06:45:00,38033.0,-0.8030744765438642,0.8098230484053321,6
987,2022-01-30 19:15:00,38358.0,37513.5,2.226132342183824,2022-01-31 02:00:00,36632.0,2.3498207312034336,2.09652762611924,26
988,2022-01-31 12:15:00,37400.0,36632.0,2.0747784741733306,2022-01-31 20:15:00,38178.5,-4.221718715876829,1.365952041070236,31
989,2022-02-01 01:45:00,38700.0,38178.5,1.3566861996526987,2022-02-01 06:15:00,38253.0,-0.19513600586717655,2.2063628996418583,17
990,2022-02-01 09:00:00,38631.0,38111.0,1.3551901175366814,2022-02-01 15:00:00,38155.5,-0.11676418881687702,2.868524852249348,23
991,2022-02-02 14:30:00,38885.5,38205.5,1.7641488630320012,2022-02-02 16:15:00,37080.0,2.945910929054717,1.5129449838187703,6
992,2022-02-03 10:00:00,37157.5,36538.0,1.6812424096450937,2022-02-03 12:15:00,36220.0,0.8703267830751547,2.678078409718388,8
993,2022-02-04 05:15:00,37425.0,36873.5,1.4845521780385875,2022-02-04 07:45:00,37810.0,-2.53976432939645,7.569426077757208,9
994,2022-02-04 13:30:00,38338.0,37769.0,1.4952632477958663,2022-02-04 22:00:00,40361.0,-6.862771055627631,3.8576843983052944,33
995,2022-02-05 17:00:00,41847.0,41200.0,1.5581538165135407,2022-02-05 20:00:00,41363.0,-0.39563106796116504,0.8872663975050165,11
996,2022-02-06 14:30:00,41787.5,41285.0,1.2097866321586566,2022-02-06 18:45:00,41410.5,-0.3039844980016955,3.5969138262034988,16
998,2022-02-07 09:30:00,42990.0,42401.0,1.379536485109672,2022-02-07 12:30:00,42465.0,-0.150939836324615,4.792181796773813,11
999,2022-02-07 14:15:00,42850.0,42213.0,1.4977134594359474,2022-02-07 21:15:00,43762.0,-3.6694857034562816,3.9714821077647273,27
1000,2022-02-08 04:30:00,44170.5,43544.5,1.427349940147067,2022-02-08 09:15:00,43501.0,0.09989780569302667,1.4953679225764924,18
1001,2022-02-08 05:45:00,44400.0,43731.0,1.5181945059059807,2022-02-08 09:15:00,43501.0,0.5259426951133063,1.4953679225764924,13
1002,2022-02-09 02:00:00,44360.0,43751.0,1.382347266516099,2022-02-09 05:15:00,43122.0,1.4376814244245846,3.0749965214971473,12
1003,2022-02-10 02:45:00,44628.5,44006.5,1.4035087719298245,2022-02-10 04:45:00,43554.5,1.0271209934895982,3.6701144543043775,7
1004,2022-02-10 08:00:00,44091.0,43526.0,1.289704052866453,2022-02-10 14:00:00,43150.0,0.863851491062813,6.429895712630359,23
1005,2022-02-11 08:00:00,43408.0,42766.0,1.4900085872769049,2022-02-11 10:30:00,43206.5,-1.0300238507225365,1.5495353708354067,9
1006,2022-02-11 14:45:00,43765.0,43206.5,1.284328774368615,2022-02-11 19:00:00,42050.0,2.6766805920405496,2.577883472057075,16
1007,2022-02-11 18:30:00,43876.0,43252.0,1.4323753557983656,2022-02-11 20:30:00,42150.0,2.5478590585406455,1.3973902728351129,7
1008,2022-02-12 06:30:00,42483.5,41900.0,1.3829717895086124,2022-02-12 11:15:00,41825.0,0.17899761336515513,2.749551703526599,18
1009,2022-02-12 14:30:00,42437.0,41825.0,1.4526120908594622,2022-02-12 21:30:00,41630.0,0.46622833233711897,2.011770357914965,27
1010,2022-02-12 16:30:00,42430.0,41800.0,1.4959040721833077,2022-02-12 21:30:00,41630.0,0.4066985645933014,2.011770357914965,19
1011,2022-02-13 17:15:00,42750.0,41842.0,2.1467751087573292,2022-02-14 01:30:00,41566.5,0.6584293293819607,2.002814766699145,32
1012,2022-02-14 01:15:00,42508.0,41898.0,1.4453948771414353,2022-02-14 06:00:00,41727.5,0.4069406654255573,2.5462824276556226,18
1013,2022-02-14 06:45:00,42166.5,41566.5,1.43312672423059,2022-02-14 10:00:00,41941.5,-0.9021688138284436,2.154190956451248,12
1014,2022-02-14 13:00:00,42560.0,41807.5,1.7838622692387471,2022-02-14 15:30:00,42350.0,-1.297614064462118,2.9397874852420305,9
1015,2022-02-14 18:45:00,42845.0,42295.5,1.290807547524386,2022-02-14 21:45:00,42109.5,0.4397630953647551,3.9919733076859143,11
1016,2022-02-15 08:30:00,43891.0,43356.0,1.2264032001100325,2022-02-15 13:30:00,44024.5,-1.5418857828212935,1.761519154107372,19
1017,2022-02-15 23:30:00,44480.0,43751.0,1.6524804207138082,2022-02-16 02:30:00,43831.0,-0.18285296336083748,1.1019598001414523,11
1018,2022-02-16 13:45:00,44314.0,43658.0,1.491383622061565,2022-02-16 16:15:00,43330.0,0.7512941499839663,2.4601892453265637,9
1019,2022-02-17 04:00:00,44396.0,43591.0,1.8298157682384897,2022-02-17 09:15:00,42843.5,1.7148035144869356,1.1775415173830337,20
1020,2022-02-17 08:30:00,43995.5,43350.0,1.4780383648842814,2022-02-17 10:45:00,42924.0,0.9826989619377162,0.9877923772248625,8
1021,2022-02-18 11:15:00,40924.0,40352.0,1.4075495841330774,2022-02-18 14:30:00,39618.0,1.818992862807296,2.938058458276541,12
1022,2022-02-19 10:15:00,40450.0,39736.0,1.7808595016586437,2022-02-19 13:00:00,39650.0,0.21642842762230724,1.759142496847415,10
1023,2022-02-19 16:00:00,40054.5,39557.0,1.249819435634299,2022-02-19 19:45:00,39900.0,-0.8671031675809592,0.4912280701754386,14
1024,2022-02-20 04:45:00,40347.5,39521.0,2.0696519904593176,2022-02-20 09:00:00,37917.0,4.05860175602844,1.798665506237308,16
1025,2022-02-20 05:45:00,40064.0,39480.5,1.4671033195255485,2022-02-20 09:00:00,37917.0,3.9601828750902346,1.798665506237308,12
1026,2022-02-20 14:15:00,38599.0,38062.0,1.400973115404182,2022-02-20 18:00:00,38182.5,-0.31658872366139457,3.1624435277941467,14
1027,2022-02-20 22:45:00,38476.0,38007.5,1.225100838742997,2022-02-21 03:45:00,38811.0,-2.1140564362296916,1.723738115482724,19
1028,2022-02-21 09:00:00,39480.0,38907.5,1.4606920746292458,2022-02-21 13:00:00,37162.0,4.486281565250916,5.936171357838652,15
1029,2022-02-23 14:45:00,39240.0,38706.5,1.3688876344672307,2022-02-23 20:00:00,37390.0,3.4012375182462895,1.0363733618614601,20
1030,2022-02-26 08:15:00,39443.5,38950.0,1.2590329555384057,2022-02-26 12:30:00,38773.0,0.45442875481386397,2.2541459262889125,16
1031,2022-02-26 14:30:00,39240.5,38684.0,1.4283056035008246,2022-02-26 16:30:00,39010.0,-0.8427256746975493,1.6329146372724943,7
1032,2022-02-26 18:15:00,39404.0,38871.0,1.3618652187799425,2022-02-27 02:00:00,38169.5,1.8046872990146896,3.711078216900929,30
1033,2022-02-27 06:45:00,38723.5,38169.5,1.440963416695928,2022-02-27 08:30:00,38601.0,-1.1304837632140845,3.3457682443460013,6
1034,2022-02-27 09:15:00,39017.0,38354.0,1.7138204236729526,2022-02-27 13:45:00,38431.5,-0.20206497366637116,2.742541925243615,17
1035,2022-03-01 07:00:00,43492.0,42850.0,1.4871094021449585,2022-03-01 10:00:00,42811.0,0.09101516919486581,4.879587022027049,11
1036,2022-03-01 10:00:00,43700.0,43049.5,1.4997204594839164,2022-03-01 16:45:00,43202.0,-0.3542433710031475,3.5762233229943057,26
1037,2022-03-02 07:00:00,44515.0,43856.0,1.491439499383282,2022-03-02 09:30:00,43740.0,0.2645020065669464,3.731138545953361,9
1038,2022-03-02 13:15:00,44308.5,43651.5,1.4938608458390177,2022-03-02 19:15:00,43407.5,0.5589727729860371,2.266889362437367,23
1039,2022-03-03 03:30:00,44183.5,43583.0,1.3684036619894835,2022-03-03 06:00:00,42899.5,1.5682720326732902,2.716814881292323,9
1040,2022-03-03 12:15:00,43680.0,43057.5,1.43536532641591,2022-03-03 17:30:00,42050.0,2.339894327352958,1.5362663495838287,20
1041,2022-03-04 08:00:00,41663.5,41055.0,1.4712549187908388,2022-03-04 16:00:00,40366.0,1.6782365119961027,1.4096021404152008,31
1042,2022-03-05 12:30:00,39280.0,38552.0,1.8706958577448867,2022-03-05 18:15:00,39250.0,-1.8105416061423532,1.2687898089171974,22
1043,2022-03-05 16:30:00,39449.0,38880.0,1.4528463276691903,2022-03-05 18:15:00,39250.0,-0.9516460905349794,1.2687898089171974,6
1044,2022-03-06 04:00:00,39748.0,39017.0,1.8561543832920715,2022-03-06 11:00:00,38088.0,2.3810134044134608,3.316005040957782,27
1045,2022-03-08 14:30:00,39186.0,38605.5,1.4924509747208885,2022-03-08 16:30:00,38070.0,1.3871080545518126,3.62227475702653,7
1046,2022-03-09 00:45:00,38954.5,38388.5,1.4636101521792535,2022-03-09 05:45:00,41336.0,-7.678080675202209,3.294948712986259,19
1047,2022-03-10 01:30:00,42130.5,41661.0,1.1206387282719608,2022-03-10 05:45:00,38722.0,7.054559420081132,4.258561024740458,16
1048,2022-03-10 13:30:00,39347.0,38772.0,1.472113058282876,2022-03-10 16:45:00,38857.5,-0.22051996285979572,2.0395033133886638,12
1049,2022-03-12 14:30:00,39283.0,38822.0,1.1804621983227708,2022-03-12 18:15:00,38912.0,-0.23182731440935553,1.0112561677631577,14
1050,2022-03-12 17:00:00,39221.0,38659.0,1.443246019517206,2022-03-13 00:00:00,38702.5,-0.11252231045810808,1.558038886376849,27
1051,2022-03-13 04:00:00,39447.0,38702.5,1.905322490866864,2022-03-13 09:45:00,38860.0,-0.40695045539693814,0.48121461657231085,22
1052,2022-03-13 11:45:00,39305.5,38730.0,1.4749697253173235,2022-03-13 20:15:00,38529.5,0.5176865478956881,0.9927458181393478,33
1054,2022-03-14 12:45:00,39272.0,38707.5,1.4478164132881077,2022-03-14 18:30:00,38413.5,0.7595427242782407,3.92700482903146,22
1055,2022-03-14 22:00:00,38993.5,38413.5,1.4985724805250171,2022-03-15 01:30:00,38784.5,-0.9658062920587814,0.7773724039242481,13
1056,2022-03-15 12:30:00,38760.0,38195.0,1.4683906178935742,2022-03-15 16:00:00,38911.0,-1.8745909150412359,7.150934183135874,13
1057,2022-03-15 14:15:00,38890.5,38383.0,1.3135162766019397,2022-03-15 16:00:00,38911.0,-1.3756089935648594,7.150934183135874,6
1058,2022-03-16 14:00:00,40685.5,40140.0,1.349821529096634,2022-03-16 16:15:00,40053.0,0.21674140508221224,3.5178388635058546,8
1059,2022-03-17 05:00:00,41372.5,40760.0,1.4914924055641798,2022-03-17 07:45:00,40527.0,0.5716388616290481,1.6125052434179683,10
1060,2022-03-17 06:45:00,41446.5,40832.0,1.4937073476059968,2022-03-17 10:30:00,40400.0,1.0579937304075235,1.931930693069307,14
1061,2022-03-17 12:00:00,40990.5,40400.0,1.4510292970309802,2022-03-17 17:00:00,40555.0,-0.38366336633663367,1.2107015164591295,19
1062,2022-03-17 17:00:00,41180.5,40605.0,1.4073399318950182,2022-03-17 20:15:00,40638.0,-0.08127077946065756,1.0039864166543628,12
1063,2022-03-18 00:45:00,41149.0,40555.0,1.4540291784979926,2022-03-18 04:00:00,40430.0,0.30822340032055234,1.089537472174128,12
1064,2022-03-18 11:30:00,40870.5,40250.0,1.52982291775815,2022-03-18 13:30:00,40263.0,-0.03229813664596273,5.146163971884857,7
1065,2022-03-18 14:00:00,40709.0,40105.0,1.494790506595392,2022-03-18 21:30:00,41615.5,-3.7663632963470888,0.9107183621487186,29
1066,2022-03-19 22:00:00,42397.0,41460.0,2.2347567883420587,2022-03-20 01:30:00,41761.0,-0.7260009647853353,0.6201958765355235,13
1067,2022-03-20 15:30:00,42332.0,41314.0,2.4340673791932668,2022-03-20 21:00:00,41085.0,0.554291523454519,0.8470244614822928,21
1068,2022-03-20 17:30:00,41768.0,41150.0,1.490629296413324,2022-03-20 21:00:00,41085.0,0.15795868772782504,0.8470244614822928,13
1069,2022-03-21 02:30:00,41664.0,40936.5,1.7614905478780394,2022-03-21 07:00:00,40727.5,0.5105468225178019,1.9876005156221226,17
1070,2022-03-21 08:45:00,41274.0,40473.5,1.9584696779718036,2022-03-21 14:15:00,40750.0,-0.6831630573091034,1.4478527607361962,21
1071,2022-03-21 10:00:00,41343.0,40727.5,1.4999299382847675,2022-03-21 14:15:00,40750.0,-0.05524522742618624,1.4478527607361962,16
1072,2022-03-21 13:30:00,41468.0,40895.0,1.3914014788193727,2022-03-21 17:00:00,40725.0,0.4156987406773444,3.485573971761817,13
1073,2022-03-22 02:00:00,41340.0,40725.0,1.4988119173825625,2022-03-22 06:45:00,41991.0,-3.10865561694291,2.889904979638494,18
1074,2022-03-22 15:30:00,43204.5,42637.5,1.3210316628223946,2022-03-22 19:45:00,42210.0,1.0026385224274408,1.5612414119876805,16
1075,2022-03-22 21:45:00,42929.0,42210.0,1.689002689719165,2022-03-23 01:00:00,41855.0,0.8410329305851694,1.5290885198900968,12
1076,2022-03-23 01:00:00,42869.0,42249.5,1.4556177564219295,2022-03-23 04:15:00,41697.5,1.306524337566125,1.7087355357035792,12
1077,2022-03-23 08:15:00,42247.0,41697.5,1.3091983393789945,2022-03-23 11:15:00,41850.0,-0.3657293602733977,2.109916367980884,11
1078,2022-03-23 15:15:00,42460.0,41754.5,1.6754834381252632,2022-03-23 18:15:00,42025.0,-0.6478343651582464,2.9149315883402735,11
1079,2022-03-23 23:30:00,42615.0,42025.0,1.3941398865784498,2022-03-24 02:15:00,42621.0,-1.418203450327186,2.062363623565848,10
1080,2022-03-24 06:15:00,43250.0,42621.0,1.4649881799443352,2022-03-24 09:30:00,42800.0,-0.41998076065789164,3.268691588785047,12
1081,2022-03-24 13:30:00,43287.0,42740.0,1.2716937705604054,2022-03-24 21:00:00,43779.0,-2.43097800655124,1.3910779140683889,29
1082,2022-03-24 14:45:00,43100.0,42556.0,1.2701970673391239,2022-03-24 21:00:00,43779.0,-2.8738603252185357,1.3910779140683889,24
1083,2022-03-25 10:45:00,44388.0,43556.0,1.8921131629218595,2022-03-25 17:00:00,44010.0,-1.0423363026907888,1.3224267211997274,24
1084,2022-03-27 02:00:00,44750.0,44010.0,1.6674177557458314,2022-03-27 04:30:00,44512.0,-1.140649852306294,0.4830158159597412,9
1086,2022-03-28 13:45:00,47564.5,46721.5,1.7881763994654563,2022-03-28 16:15:00,47273.5,-1.1814689168798092,1.9281415592245128,9
1087,2022-03-28 18:45:00,47914.5,47234.0,1.4303956447027542,2022-03-28 21:30:00,47406.5,-0.36520303171444296,0.6845052893590542,10
1088,2022-03-29 12:15:00,47990.0,47042.5,1.994054665509168,2022-03-29 13:45:00,47520.0,-1.0150395918584258,0.9490740740740741,5
1089,2022-03-29 15:45:00,48068.5,47410.0,1.3793681299978529,2022-03-29 22:30:00,46917.0,1.0398650073824087,1.3918195963083744,26
1090,2022-03-29 22:30:00,47857.0,47150.0,1.4883113875819678,2022-03-30 01:30:00,46501.0,1.376458112407211,2.2988752930044516,11
1091,2022-03-30 01:30:00,47612.0,46917.0,1.470448222238678,2022-03-30 08:00:00,47196.0,-0.5946671782083254,1.0170353419781337,25
1092,2022-03-30 17:45:00,47570.0,46873.0,1.4760225744629036,2022-03-30 19:45:00,46801.0,0.15360655387963218,1.269203649494669,7
1093,2022-03-31 14:00:00,47589.5,46801.0,1.67071898125341,2022-03-31 16:30:00,45633.5,2.494604816136407,0.7812243198527398,9
1094,2022-03-31 23:30:00,46014.0,45439.0,1.2574765179928489,2022-04-01 02:45:00,44202.0,2.7223310372147274,2.734039183747342,12
1095,2022-04-01 12:30:00,45300.0,44650.0,1.4452473596442468,2022-04-01 17:00:00,45876.0,-2.745800671892497,2.9514343011596478,17
1096,2022-04-02 00:45:00,46574.0,46050.0,1.13145621005355,2022-04-02 02:30:00,46251.0,-0.4364820846905537,1.3599705952303733,6
1097,2022-04-02 13:15:00,46880.0,46210.0,1.439467182296702,2022-04-02 15:45:00,46118.0,0.19909110582125084,0.7990372522659266,9
1098,2022-04-03 01:15:00,46343.5,45720.0,1.3544998832327686,2022-04-03 03:00:00,45708.0,0.026246719160104987,1.9077623173186313,6
1099,2022-04-03 04:45:00,46184.5,45501.0,1.4909664014484296,2022-04-03 09:00:00,46174.5,-1.4801872486318983,1.351395250625345,16
1100,2022-04-03 21:45:00,46798.5,45918.5,1.8982495119557363,2022-04-04 01:30:00,45731.0,0.4083321537071115,1.2442325774638647,14
1101,2022-04-04 15:00:00,46380.0,45731.0,1.4091693717362748,2022-04-04 17:30:00,45050.0,1.4891430320788963,4.062153163152053,9
1102,2022-04-05 13:00:00,47190.0,46355.0,1.785237051686354,2022-04-05 16:00:00,45570.5,1.692374069679646,1.3561404856211803,11
1103,2022-04-05 19:15:00,46188.5,45516.0,1.4666673936393526,2022-04-05 20:45:00,45606.5,-0.19883118024430968,0.957100413318277,5
1104,2022-04-06 11:00:00,45495.0,44882.0,1.3565398276110072,2022-04-06 14:00:00,43755.0,2.511028920279845,1.5541081019312077,11
1105,2022-04-07 12:00:00,43810.0,42870.5,2.167730919872405,2022-04-07 13:30:00,43312.5,-1.0310120012596073,1.195959595959596,5
1106,2022-04-07 15:00:00,43883.0,43280.0,1.3836146071154045,2022-04-07 19:45:00,43350.0,-0.16173752310536046,0.8800461361014995,18
1107,2022-04-08 11:30:00,43982.0,43178.0,1.8448829738412116,2022-04-08 13:30:00,42750.0,0.9912455417110565,2.7894736842105265,7
1108,2022-04-10 17:30:00,43152.5,42090.0,2.4928879373551927,2022-04-10 22:45:00,41745.0,0.819672131147541,1.5690501856509762,20
1109,2022-04-11 09:45:00,42400.0,41818.0,1.3821273361989124,2022-04-11 12:00:00,40835.5,2.349466736811899,0.9905596845881647,8
1110,2022-04-12 12:30:00,40449.0,39940.0,1.2663424100312233,2022-04-12 14:15:00,39773.0,0.4181271907861793,1.4972468760214215,6
1111,2022-04-13 13:30:00,40239.5,39600.0,1.601963940154936,2022-04-13 17:00:00,40815.0,-3.0681818181818183,1.8081587651598678,13
1112,2022-04-14 13:30:00,41553.0,40816.5,1.7882832844681587,2022-04-14 16:45:00,39750.0,2.6129138951159456,1.09937106918239,12
1113,2022-04-15 14:45:00,40445.5,39521.0,2.3122182413885817,2022-04-15 19:00:00,40229.5,-1.7927177956023381,1.1571110752060056,16
1114,2022-04-17 18:00:00,40695.0,39972.5,1.79130380884495,2022-04-17 23:30:00,39520.5,1.13077740946901,0.8438658417783176,21
1115,2022-04-18 04:15:00,39988.5,39520.5,1.1772252197864392,2022-04-18 09:00:00,38765.0,1.911666097341886,6.423320005159293,18
1116,2022-04-18 12:30:00,39295.0,38466.5,2.1308745330272694,2022-04-18 16:00:00,38990.0,-1.3609244407471437,5.9245960502693,13
1117,2022-04-19 13:45:00,41129.0,40533.0,1.459675246748794,2022-04-19 17:15:00,41139.0,-1.4950780845237215,0.9382824084202339,13
1118,2022-04-20 10:15:00,41745.0,41139.0,1.4622846387722601,2022-04-20 16:15:00,41023.0,0.2819708792143708,1.7673012700192576,23
1119,2022-04-20 21:15:00,41443.5,40867.0,1.4007933374235364,2022-04-20 23:30:00,41245.0,-0.924951672498593,1.8668929567220267,8
1121,2022-04-22 09:45:00,40767.0,40185.0,1.4378891194782093,2022-04-22 16:00:00,39145.5,2.5867861142217246,1.7601001392241764,24
1122,2022-04-22 13:30:00,40619.0,40118.5,1.2398204056355473,2022-04-22 16:00:00,39145.5,2.425315004299762,1.7601001392241764,9
1123,2022-04-23 23:30:00,40048.0,39261.0,1.9846423482832969,2022-04-24 02:00:00,39400.0,-0.354040905733425,1.0,9
1124,2022-04-24 16:45:00,39914.5,39305.0,1.5387625521494077,2022-04-24 21:00:00,39424.0,-0.3027604630454141,0.8459314123376624,16
1125,2022-04-25 00:15:00,39772.0,39204.5,1.4371363633485912,2022-04-25 07:00:00,38072.0,2.8886990013901466,4.289241437276739,26
1126,2022-04-25 06:45:00,39323.0,38786.0,1.375001600327747,2022-04-25 09:15:00,38185.0,1.5495281802712317,5.800707083933482,9
1127,2022-04-26 12:45:00,40803.0,40220.0,1.4390975402046333,2022-04-26 17:15:00,37881.0,5.815514669318747,1.773976399778253,17
1128,2022-04-26 13:30:00,40611.5,40083.5,1.3086312658776875,2022-04-26 17:15:00,37881.0,5.494779647485873,1.773976399778253,14
1129,2022-04-27 07:45:00,38821.5,38161.0,1.715974409768454,2022-04-27 11:15:00,38592.0,-1.1294253295249075,2.2984038142620236,13
1130,2022-04-27 13:30:00,39128.0,38592.0,1.3793103448275863,2022-04-27 19:15:00,38655.0,-0.1632462686567164,2.664597076704178,22
1131,2022-04-28 08:45:00,39685.0,39118.0,1.4390315089527048,2022-04-28 10:15:00,39586.0,-1.1963801830359424,1.929975243773051,5
1132,2022-04-28 13:15:00,39896.5,39310.0,1.4809390643444666,2022-04-28 20:00:00,39704.0,-1.002289493767489,1.3436933306467862,26
1133,2022-04-29 03:00:00,40043.0,39417.0,1.5756355398942865,2022-04-29 06:00:00,39318.0,0.2511606667174062,0.6968818352917239,11
1134,2022-04-29 10:30:00,39750.0,39033.0,1.8201896348196946,2022-04-29 14:45:00,38777.5,0.6545743345374426,0.8961382244858488,16
1135,2022-04-30 00:15:00,38718.0,38162.0,1.4464099895941729,2022-04-30 04:30:00,38470.0,-0.8070855825166395,0.7707304393033533,16
1136,2022-04-30 23:00:00,38770.0,38129.0,1.6671218091262565,2022-05-01 01:30:00,37351.0,2.0404416585800833,2.147198200851383,9
1137,2022-05-01 15:45:00,38325.0,37765.0,1.4719411223551058,2022-05-01 20:00:00,37634.0,0.3468820336290216,4.001700589892119,16
1138,2022-05-02 04:45:00,38799.0,38227.0,1.4852127852932777,2022-05-02 08:30:00,38736.0,-1.3315196065608077,1.3411296984717058,14
1139,2022-05-02 11:45:00,39140.0,38527.5,1.5772362957478996,2022-05-02 13:30:00,38230.0,0.7721757186425281,2.2626209782893016,6
1140,2022-05-03 02:30:00,38922.0,38363.5,1.445290513744493,2022-05-03 05:00:00,38392.0,-0.07428936358778526,0.619920816836841,9
1141,2022-05-03 18:00:00,38735.0,38050.0,1.7842026437455232,2022-05-03 19:30:00,37500.0,1.445466491458607,1.6,5
1142,2022-05-04 07:30:00,38458.0,37500.0,2.522446615234735,2022-05-04 09:45:00,38780.0,-3.4133333333333336,3.2968024755028367,8
1143,2022-05-04 16:15:00,39183.0,38645.5,1.3812420899798916,2022-05-04 18:30:00,38575.5,0.18113363781035308,3.8444090160853395,8
1144,2022-05-05 13:45:00,40058.5,39225.0,2.1025812432599467,2022-05-05 19:15:00,35511.0,9.468451242829829,3.252513305736251,21
1145,2022-05-06 07:30:00,36666.0,36121.5,1.4961360123647605,2022-05-06 11:15:00,35553.5,1.572470689201722,2.4456101368360357,14
1146,2022-05-07 21:00:00,36302.5,35711.5,1.6413475157608244,2022-05-07 22:45:00,34744.0,2.7092113184828417,2.9789316140916418,6
1147,2022-05-08 14:00:00,34958.5,34350.0,1.7559173838706654,2022-05-08 17:00:00,33666.0,1.9912663755458515,3.2881839244341475,11
1148,2022-05-09 08:15:00,33836.0,33340.0,1.4767178754317016,2022-05-09 10:45:00,32600.5,2.2180563887222555,2.6057882547813684,9
1149,2022-05-14 11:00:00,29640.5,29200.0,1.4972680381709875,2022-05-14 14:00:00,28630.5,1.9503424657534247,5.904542358673442,11
1150,2022-05-17 08:30:00,30555.0,30135.0,1.384083044982699,2022-05-17 11:30:00,30252.5,-0.38991206238593,1.6147425832575821,11
1151,2022-05-18 12:45:00,30070.0,29658.0,1.379587463166354,2022-05-18 16:00:00,28715.0,3.1795805516218225,2.8608741076092636,12
1152,2022-05-19 08:45:00,29424.0,29011.5,1.4118130246168852,2022-05-19 13:45:00,29320.0,-1.0633714216776107,4.19849931787176,19
1153,2022-05-20 12:45:00,30524.5,30095.0,1.4170357723174887,2022-05-20 17:15:00,28708.0,4.608738993188237,2.2920440295388045,17
1155,2022-05-21 15:45:00,29540.0,28920.5,2.119379752140334,2022-05-21 17:30:00,29382.0,-1.595753877007659,0.6857940235518344,6
1156,2022-05-22 09:30:00,29653.5,29216.5,1.4846271445558008,2022-05-22 11:30:00,29786.5,-1.9509523728030393,1.5258590300975272,7
1157,2022-05-22 22:15:00,30223.0,29721.0,1.6748965701321235,2022-05-23 02:30:00,30035.5,-1.058174354833283,2.060894608047144,16
1158,2022-05-23 06:30:00,30479.0,30035.5,1.4657644035726975,2022-05-23 08:45:00,30275.0,-0.7973897554560436,1.0734929810074318,8
1159,2022-05-23 13:30:00,30654.5,30257.5,1.3035198318886263,2022-05-23 17:00:00,30010.0,0.8179790134677352,0.5914695101632789,13
1160,2022-05-24 13:45:00,29431.0,29044.5,1.3219211464630487,2022-05-24 17:15:00,29134.5,-0.30986933842896247,3.7017968387993614,13
1161,2022-05-25 02:15:00,29900.0,29419.5,1.6200406274496582,2022-05-25 06:15:00,29665.0,-0.834480531620184,0.9185909320748358,15
1162,2022-05-25 11:30:00,29986.0,29518.0,1.5730034955633236,2022-05-25 16:30:00,29405.0,0.3828172640422793,2.205407243666043,19
1163,2022-05-26 08:15:00,29958.5,29480.0,1.6100675488109557,2022-05-26 11:00:00,28905.0,1.9504748982360924,3.0963501124372947,10
1164,2022-05-26 23:45:00,29686.0,29276.0,1.3907262304535124,2022-05-27 02:00:00,28824.5,1.5422188823609784,1.47617478186959,8
1165,2022-05-27 12:30:00,29160.0,28745.0,1.4333822640531906,2022-05-27 15:00:00,28647.0,0.3409288571925552,1.4172513701260168,9
1166,2022-05-28 13:15:00,29052.0,28507.0,1.8937090637432894,2022-05-28 15:00:00,28880.0,-1.3084505560037885,0.9504847645429363,6
1167,2022-05-29 12:00:00,29229.0,28777.5,1.5567220914897468,2022-05-29 15:00:00,29152.0,-1.301363912779081,1.5093304061470911,11
1168,2022-05-29 22:30:00,29500.0,29073.0,1.4580096631553787,2022-05-30 00:30:00,29289.0,-0.742957383138995,5.9988391546314315,7
1169,2022-05-30 12:15:00,30817.5,30523.0,0.9602138880511245,2022-05-30 20:00:00,30536.0,-0.04259083314222062,5.884857217710244,30
1170,2022-05-30 20:15:00,30867.0,30392.0,1.5507925366068658,2022-05-31 00:45:00,31420.5,-3.3841142405896285,1.3271590203847807,17
1171,2022-05-31 13:15:00,31889.0,31420.5,1.4800306431104338,2022-05-31 19:45:00,31547.5,-0.40419471364236725,1.3788731278231239,25
1172,2022-06-01 04:00:00,31982.5,31547.5,1.369431764520699,2022-06-01 05:30:00,31440.0,0.34075600285284097,1.4456106870229009,5
1173,2022-06-01 14:15:00,31894.5,31370.0,1.6581179018248782,2022-06-01 17:15:00,29859.0,4.816703857188396,2.0898221641716064,11
1174,2022-06-02 07:15:00,29975.0,29558.0,1.4009037004686478,2022-06-02 10:45:00,29836.0,-0.9405237160836322,1.9070921034991286,13
1175,2022-06-02 13:00:00,30188.0,29680.5,1.6953823797155432,2022-06-02 18:45:00,29955.5,-0.9265342564983743,2.52207441037539,22
1176,2022-06-02 22:00:00,30405.0,29955.5,1.489384614110221,2022-06-03 00:15:00,30321.0,-1.220143212431774,1.243362685927245,8
1177,2022-06-03 10:15:00,30711.0,30109.5,1.9779515130589194,2022-06-03 13:00:00,29410.0,2.3231870339925935,1.5470928255695342,10
1178,2022-06-04 14:30:00,29865.0,29250.0,2.0806901801573208,2022-06-04 19:30:00,29600.5,-1.1982905982905983,1.1874799412172092,19
1179,2022-06-05 16:00:00,30000.0,29509.5,1.6484762937010056,2022-06-05 19:15:00,29931.5,-1.4300479506599568,4.819337487262583,12
1180,2022-06-06 00:45:00,30196.5,29750.0,1.4896616149399882,2022-06-06 05:45:00,31131.0,-4.642016806722689,1.988371719507886,19
1181,2022-06-06 14:15:00,31673.5,31019.5,2.086357328569378,2022-06-06 17:15:00,31033.0,-0.043521010976966104,1.8206425418103311,11
1182,2022-06-07 00:15:00,31598.0,31181.0,1.3284697112091621,2022-06-07 02:15:00,29119.5,6.611397966710497,2.081079688868284,7
1183,2022-06-07 14:30:00,29725.5,29284.0,1.496369228683517,2022-06-07 16:15:00,29733.0,-1.5332604835405,6.27249184407897,6
1184,2022-06-08 12:15:00,30696.0,30241.5,1.4916923076923077,2022-06-08 16:45:00,30200.0,0.13722864275912242,1.142384105960265,17
1185,2022-06-09 09:30:00,30599.5,30043.5,1.8336823705951224,2022-06-09 13:30:00,29896.0,0.49095478223242967,1.8413834626705914,15
1186,2022-06-09 12:15:00,30694.5,30255.0,1.442177540422809,2022-06-09 20:00:00,29958.5,0.9800033052388034,1.3935944723534222,30
1187,2022-06-09 19:45:00,30446.5,30023.5,1.3990408467008435,2022-06-10 00:15:00,29495.5,1.7586224124435859,2.985201132376125,17
1189,2022-06-10 12:30:00,30376.0,29841.0,1.7769068535463408,2022-06-10 14:00:00,29207.5,2.1229181327703497,1.585209278438757,5
1190,2022-06-10 21:45:00,29284.0,28913.0,1.2749798099558396,2022-06-10 23:15:00,29010.0,-0.33548922629958844,1.437435367114788,5
1191,2022-06-11 08:45:00,29427.0,29010.0,1.4271779865496175,2022-06-11 13:00:00,28313.5,2.4008962426749396,2.0361311741748636,16
1192,2022-06-11 23:30:00,28786.0,28366.5,1.4680022746161585,2022-06-12 03:00:00,27250.0,3.935980822449016,1.8330275229357798,13
1193,2022-06-12 13:15:00,27697.0,27325.5,1.3503566722704348,2022-06-12 16:45:00,27789.5,-1.6980476112056504,1.615718166933554,13
1194,2022-06-12 14:15:00,27605.0,27223.0,1.393448602903626,2022-06-12 16:45:00,27789.5,-2.0809609521360612,1.615718166933554,9
1195,2022-06-17 22:15:00,20720.0,20423.0,1.443744986996573,2022-06-18 02:00:00,20300.0,0.6022621554130148,1.145320197044335,14
1196,2022-06-18 06:45:00,20590.0,20300.0,1.4184397163120568,2022-06-18 08:15:00,18675.0,8.004926108374384,4.674698795180722,5
1197,2022-06-25 07:00:00,21382.0,21107.5,1.2920839266171642,2022-06-25 09:00:00,21351.5,-1.1559872083382683,0.6252488115589069,7
1198,2022-06-26 02:45:00,21580.0,21323.0,1.1980514183157356,2022-06-26 06:15:00,21320.5,0.011724429020306711,2.6242348913017985,13
1199,2022-06-26 11:45:00,21560.5,21241.0,1.492938331600528,2022-06-26 15:00:00,21177.5,0.2989501435902265,1.2041081336323929,12
1200,2022-06-26 22:15:00,21435.0,21124.0,1.4615005051810428,2022-06-27 01:00:00,20919.0,0.9704601401249763,3.1598068741335625,10
1202,2022-06-27 08:30:00,21399.0,21034.0,1.7203591544316923,2022-06-27 14:00:00,20581.5,2.1512788818104025,1.8293127323081408,21
1204,2022-06-28 08:45:00,20939.0,20620.0,1.5351668711951685,2022-06-28 11:00:00,20905.0,-1.3821532492725508,1.0284620904089932,8
1205,2022-06-28 14:30:00,21138.0,20824.5,1.4941912421805184,2022-06-28 16:00:00,20537.5,1.3781843501644697,1.061472915398661,5
1206,2022-06-29 00:00:00,20454.0,20190.0,1.299084735754355,2022-06-29 03:45:00,20235.0,-0.22288261515601782,0.5979738077588337,14
1207,2022-06-29 05:45:00,20400.0,20143.5,1.2653076325428245,2022-06-29 08:45:00,19955.0,0.935785737334624,1.3931345527436734,11
1208,2022-06-29 19:45:00,20178.0,19885.5,1.4601819611366955,2022-06-30 01:15:00,19942.0,-0.2841266249277111,0.8223849162571456,21
1209,2022-06-30 06:15:00,20225.0,19942.0,1.4091169367889063,2022-06-30 09:30:00,18914.0,5.154949353124059,2.1042613936766417,12
1210,2022-07-02 09:15:00,19333.5,19056.0,1.4457078107294963,2022-07-02 12:00:00,19139.0,-0.43555835432409734,1.6249542818329066,10
1211,2022-07-03 04:45:00,19400.0,19158.0,1.2552518284143368,2022-07-03 08:45:00,18926.0,1.2109823572397955,2.060657296840325,15
1212,2022-07-03 16:30:00,19212.0,18926.0,1.4998164560281084,2022-07-04 01:00:00,19132.0,-1.0884497516643772,2.1534601714405186,33
1213,2022-07-04 02:45:00,19387.0,19111.0,1.4338407189983895,2022-07-04 06:45:00,19072.0,0.20407095390089477,5.84626677852349,15
1214,2022-07-04 09:45:00,19322.0,19039.0,1.4754568441907145,2022-07-04 14:00:00,19500.0,-2.4213456589106572,4.769230769230769,16
1215,2022-07-05 08:00:00,20439.0,20150.0,1.4240311414422626,2022-07-05 09:45:00,19635.0,2.555831265508685,4.614209320091673,6
1216,2022-07-06 12:00:00,20303.0,20015.5,1.4261443258057716,2022-07-06 13:45:00,20037.5,-0.10991481601758638,3.136618839675608,6
1217,2022-07-06 22:00:00,20474.0,20176.5,1.4636966334977428,2022-07-07 02:30:00,20365.5,-0.9367333283770725,1.180918710564435,17
1218,2022-07-07 05:45:00,20666.0,20352.5,1.5285785682070285,2022-07-07 12:30:00,20368.5,-0.07861442083282152,7.116380685862975,26
1219,2022-07-07 09:00:00,20550.0,20248.0,1.4804647286631698,2022-07-07 12:30:00,20368.5,-0.5951205057289609,7.116380685862975,13
1220,2022-07-07 14:15:00,20640.0,20322.0,1.5526585615936723,2022-07-07 17:30:00,20833.0,-2.514516287766952,8.481735707771325,12
1221,2022-07-08 01:15:00,21818.0,21510.0,1.4217134416543575,2022-07-08 05:45:00,21729.5,-1.0204556020455602,1.7970961135783152,17
1222,2022-07-09 11:45:00,21774.0,21400.0,1.7325242043822673,2022-07-09 15:45:00,21506.0,-0.4953271028037384,2.204036082953594,15
1223,2022-07-09 17:30:00,21737.0,21456.0,1.301136758271016,2022-07-09 19:00:00,21515.0,-0.2749813571961223,1.0690216128282592,5
1224,2022-07-10 00:00:00,21765.5,21515.0,1.1575651852450872,2022-07-10 02:30:00,21125.0,1.812688821752266,1.3680473372781066,9
1225,2022-07-10 13:30:00,21414.0,21125.0,1.358753144173582,2022-07-10 16:00:00,20652.0,2.23905325443787,2.4694944799535152,9
1226,2022-07-11 13:30:00,20651.0,20350.0,1.468256871783615,2022-07-11 19:15:00,20407.5,-0.28255528255528256,0.7399240475315448,22
1227,2022-07-12 07:00:00,20074.0,19785.5,1.447584641051694,2022-07-12 09:30:00,19555.5,1.1624674635465366,2.2985860755286236,9
1228,2022-07-12 12:15:00,19847.0,19555.5,1.479601548125119,2022-07-12 14:00:00,19680.5,-0.6392063613817085,1.5929473336551407,6
1229,2022-07-13 02:00:00,19516.0,19235.5,1.447685896029831,2022-07-13 04:45:00,19410.0,-0.9071768344987133,4.034003091190108,10
1230,2022-07-13 07:30:00,19575.0,19288.0,1.476983248848519,2022-07-13 10:30:00,19691.5,-2.091974284529241,2.5467841454434654,11
1231,2022-07-14 14:45:00,19869.0,19575.0,1.4907210222087008,2022-07-14 20:00:00,20505.5,-4.753512132822477,1.5678720343322523,20
1232,2022-07-16 15:00:00,20866.0,20469.5,1.918447823299585,2022-07-16 20:15:00,20910.0,-2.1519822174454677,2.6614060258249643,20
1233,2022-07-17 03:15:00,21343.0,21077.0,1.2541254125412542,2022-07-17 04:45:00,21232.5,-0.7377710300327371,2.055810667608619,5
1234,2022-07-17 23:30:00,21072.5,20820.0,1.2054663722623382,2022-07-18 04:15:00,21155.0,-1.6090297790585975,6.461829354762467,18
1235,2022-07-21 11:00:00,23081.0,22744.5,1.4686146359559635,2022-07-21 14:30:00,22345.5,1.7542702631405394,4.472936385401983,13
1236,2022-07-23 01:30:00,22813.5,22487.0,1.441485193320162,2022-07-23 04:15:00,22713.0,-1.0050251256281406,1.2085589750363228,10
1237,2022-07-23 07:00:00,22987.5,22669.0,1.395201121417542,2022-07-23 09:00:00,22520.0,0.6572852794565266,0.7926287744227354,7
1238,2022-07-24 10:45:00,22828.0,22491.0,1.4872349345749023,2022-07-24 12:45:00,22432.5,0.26010404161664663,2.485233478212415,7
1239,2022-07-24 12:45:00,22800.0,22480.0,1.4134275618374559,2022-07-24 16:30:00,22620.0,-0.6227758007117438,1.6357206012378427,14
1240,2022-07-24 22:45:00,22990.0,22591.5,1.7485163937123613,2022-07-25 04:00:00,21735.0,3.791248921054379,1.6747181964573268,20
1241,2022-07-25 08:45:00,22043.0,21735.0,1.4070994563479373,2022-07-25 12:00:00,21791.0,-0.25764895330112725,2.097196090128952,12
1242,2022-07-25 13:30:00,22099.0,21774.5,1.4792528519493544,2022-07-25 19:30:00,21558.0,0.9942823026935176,3.20066796548845,23
1243,2022-07-25 14:15:00,22085.5,21767.0,1.4525967732740437,2022-07-25 19:30:00,21558.0,0.9601690632608996,3.20066796548845,20
1244,2022-07-25 19:00:00,22007.0,21680.0,1.497012841348685,2022-07-26 00:30:00,20936.0,3.4317343173431736,1.4854795567443637,21
1245,2022-07-26 13:00:00,21247.0,20915.0,1.574877852094303,2022-07-26 15:30:00,20691.0,1.0710016734401147,2.894978493064617,9
1246,2022-07-26 22:15:00,21111.0,20800.5,1.4816935685909594,2022-07-27 02:00:00,21081.0,-1.3485252758347155,1.7409041316825575,14
1247,2022-07-27 07:00:00,21290.0,21019.5,1.2786726385327174,2022-07-27 09:45:00,21243.5,-1.0656771093508408,8.76268034928331,10
1248,2022-07-27 11:45:00,21448.0,21156.5,1.368400051637738,2022-07-27 17:00:00,21447.0,-1.3731004655779548,9.34862684757775,20
1249,2022-07-27 13:45:00,21418.0,21121.5,1.3939985190234958,2022-07-27 17:00:00,21447.0,-1.5410837298487323,9.34862684757775,12
1250,2022-07-28 12:30:00,23144.5,22805.5,1.4755168661588685,2022-07-28 14:00:00,22725.0,0.3529850255420841,6.481848184818483,5
1251,2022-07-29 05:30:00,24037.5,23702.0,1.405544674745232,2022-07-29 08:00:00,23775.0,-0.307990886844992,1.8759200841219767,9
1252,2022-07-30 12:15:00,24042.0,23634.0,1.7115529826327711,2022-07-30 14:45:00,24327.0,-2.9322162985529325,1.103711925021581,9
1253,2022-07-30 19:30:00,24595.5,24327.0,1.0976544534723287,2022-07-30 22:00:00,23506.0,3.3748509886134745,1.584701778269378,9
1254,2022-07-31 18:00:00,23878.5,23554.0,1.3682601591735626,2022-07-31 22:30:00,23224.0,1.4010359174662477,1.0118842576644849,17
1255,2022-08-01 10:45:00,23485.0,23041.0,1.9086102394360143,2022-08-01 13:30:00,22939.0,0.44268911939585953,2.402022756005057,10
1256,2022-08-01 22:45:00,23131.0,22825.0,1.3317085908260073,2022-08-02 04:45:00,22755.0,0.30668127053669225,1.7358822236871019,23
1257,2022-08-02 14:15:00,23066.0,22640.5,1.8618796013696082,2022-08-02 19:00:00,22833.0,-0.850246240144873,1.3730127447116016,18
1258,2022-08-03 00:15:00,23146.5,22833.0,1.3636511923792125,2022-08-03 05:00:00,22789.0,0.19270354311741777,3.800078985475449,18
1259,2022-08-03 08:00:00,23052.0,22679.5,1.629074051802368,2022-08-03 11:15:00,23284.0,-2.665402676425847,1.5933688369695929,12
1260,2022-08-03 22:00:00,23572.0,23222.0,1.495918280121383,2022-08-04 03:30:00,23017.0,0.8827835673068641,0.6734153017335013,21
1261,2022-08-04 06:15:00,23201.0,22898.0,1.314562138007332,2022-08-04 08:45:00,22761.0,0.59830552886715,1.597030007468916,9
1262,2022-08-04 13:30:00,23020.5,22730.0,1.2699314761587306,2022-08-04 18:00:00,22350.0,1.6717993840739112,4.026845637583892,17
1263,2022-08-05 01:30:00,22703.0,22406.5,1.3145789689533247,2022-08-05 05:15:00,23055.0,-2.8942494365474305,1.9041422684883975,14
1264,2022-08-05 12:00:00,23427.0,23082.5,1.4814177748632,2022-08-05 18:45:00,22743.5,1.4686450774396187,2.59194934816541,26
1265,2022-08-07 00:45:00,23333.0,22894.0,1.8993229065264887,2022-08-07 04:45:00,22927.0,-0.14414257010570455,1.1340341082566407,15
1266,2022-08-08 06:00:00,23445.0,22846.0,2.5879760644617744,2022-08-08 10:15:00,23993.5,-5.0227610960343165,1.0127742930376977,16
1267,2022-08-08 16:15:00,24236.5,23890.0,1.4399551182820276,2022-08-08 19:15:00,23787.5,0.42904981163666805,1.2611665790856543,11
1268,2022-08-08 22:30:00,24087.5,23731.0,1.4910547173165196,2022-08-09 02:15:00,23624.0,0.4508870254098015,1.210633254317643,14
1269,2022-08-09 09:45:00,23915.0,23554.5,1.5188700112703946,2022-08-09 11:45:00,23178.5,1.5962979473136767,0.6061651961947494,7
1270,2022-08-10 00:30:00,23249.0,22847.5,1.7419977655570378,2022-08-10 02:15:00,22746.0,0.4442499179341285,1.9695770684955598,6
1271,2022-08-10 11:15:00,23123.0,22676.0,1.9520076857573307,2022-08-10 14:15:00,23832.0,-5.097900864349973,1.6406512252433705,11
1272,2022-08-10 12:30:00,23194.0,22906.5,1.2472749753256474,2022-08-10 14:15:00,23832.0,-4.040337895357212,1.6406512252433705,6
1273,2022-08-11 22:45:00,24384.0,24036.0,1.4374225526641884,2022-08-12 00:15:00,23754.5,1.171159926776502,1.5786482561198931,5
1274,2022-08-12 10:45:00,24129.5,23754.5,1.566285189207251,2022-08-12 14:00:00,23690.0,0.2715275000526216,3.123680878007598,12
1275,2022-08-12 15:15:00,23906.0,23557.0,1.4706192191812568,2022-08-12 18:00:00,23958.0,-1.7022541070594728,3.493613824192337,10
1277,2022-08-13 08:30:00,24867.0,24516.0,1.4215418261344996,2022-08-13 11:30:00,24283.0,0.9503997389459945,1.2436684099987645,11
1278,2022-08-14 07:15:00,24800.0,24283.0,2.1066356987144226,2022-08-14 08:45:00,24586.0,-1.2477865173166414,0.7280566175872448,5
1279,2022-08-14 17:00:00,24729.0,24300.5,1.7479272682772617,2022-08-14 22:15:00,24160.0,0.5781774037571243,4.300496688741722,20
1280,2022-08-15 01:30:00,24428.5,24109.0,1.3165078547514808,2022-08-15 04:00:00,24655.0,-2.264714422000083,1.2938552017846279,9
1281,2022-08-15 23:00:00,24267.5,23922.5,1.4318323303589957,2022-08-16 03:00:00,23850.0,0.3030619709478525,1.3165618448637317,15
1282,2022-08-16 14:15:00,24134.5,23776.0,1.4965404243328706,2022-08-16 16:45:00,23680.0,0.4037685060565276,1.541385135135135,9
1283,2022-08-16 18:15:00,24000.5,23665.0,1.407726762543139,2022-08-16 22:30:00,23794.0,-0.5451088104796112,2.700260569891569,16
1284,2022-08-17 06:00:00,24148.0,23700.5,1.8704870581104946,2022-08-17 10:00:00,23681.0,0.08227674521634565,0.5362949199780415,15
1286,2022-08-19 00:00:00,23581.0,23100.0,2.0607956127760763,2022-08-19 02:00:00,22700.0,1.7316017316017316,0.5572687224669604,7
1287,2022-08-19 06:30:00,22984.5,22700.0,1.2454990204555154,2022-08-19 08:00:00,21635.5,4.68942731277533,0.9405837627972545,5
1288,2022-08-20 06:45:00,21259.5,20960.0,1.4187756842217458,2022-08-20 10:00:00,21108.0,-0.7061068702290076,1.1133219632366875,12
1289,2022-08-20 19:00:00,21365.0,21030.0,1.5803750442269136,2022-08-20 21:00:00,20730.0,1.4265335235378032,2.7834056922334782,7
1290,2022-08-21 08:00:00,21307.0,21022.0,1.3465945332986842,2022-08-21 14:00:00,21294.0,-1.2938825991818095,2.2823330515638207,23
1291,2022-08-21 20:45:00,21565.0,21255.5,1.4455692950806274,2022-08-22 01:00:00,21355.0,-0.4681141351650161,0.6321704518848046,16
1292,2022-08-22 07:30:00,21650.0,21182.0,2.1852820321255138,2022-08-22 13:30:00,21062.5,0.5641582475686904,2.257566765578635,23
1293,2022-08-22 14:00:00,21363.5,21062.5,1.4189412152925094,2022-08-22 18:45:00,20955.5,0.5080118694362018,2.3836224380234308,18
1294,2022-08-22 23:30:00,21244.5,20955.5,1.3696682464454977,2022-08-23 02:00:00,21249.0,-1.4005869580778316,1.4871288060614618,9
1295,2022-08-23 05:15:00,21455.0,21141.0,1.4743168372617146,2022-08-23 09:15:00,21274.0,-0.6291093136559293,1.9013819686001692,15
1296,2022-08-23 14:00:00,21588.0,21274.0,1.465167281041482,2022-08-23 16:30:00,21339.0,-0.3055372755476168,1.4574253713857257,9
1297,2022-08-24 00:45:00,21650.0,21330.0,1.4890646812470918,2022-08-24 02:45:00,21138.5,0.8977965307079231,1.7763795917401897,7
1298,2022-08-24 01:30:00,21585.5,21305.0,1.3079819540457676,2022-08-24 07:30:00,21232.0,0.3426425721661582,3.0519969856819893,23
1299,2022-08-24 15:15:00,21555.5,21170.0,1.804542954441727,2022-08-24 17:45:00,21600.0,-2.031176192725555,0.9259259259259258,9
1300,2022-08-24 22:15:00,21880.0,21519.0,1.663632802599138,2022-08-25 00:15:00,21303.5,1.0014405873878898,2.377543596122703,7
1301,2022-08-25 07:00:00,21729.0,21347.0,1.7736094344878817,2022-08-25 10:45:00,21604.0,-1.2039162411580082,0.7614330679503796,14
1302,2022-08-25 16:45:00,21810.0,21480.0,1.5246015246015245,2022-08-25 18:45:00,21488.5,-0.03957169459962756,0.8330036996533029,7
1303,2022-08-26 11:00:00,21732.5,21314.0,1.9444089531088473,2022-08-26 16:15:00,20510.0,3.7721685277282537,1.2457337883959043,20
1304,2022-08-26 23:00:00,20765.5,20529.0,1.145430989599099,2022-08-27 02:30:00,20120.5,1.9898679916216084,0.7305981461693298,13
1305,2022-08-27 05:00:00,20366.0,20085.0,1.3893352451113692,2022-08-27 09:15:00,20132.0,-0.23400547672392333,0.5339757599841048,16
1306,2022-08-27 15:30:00,20262.5,19962.0,1.4941142835833883,2022-08-27 19:00:00,19924.0,0.19036168720569083,1.2547681188516362,13
1307,2022-08-28 02:30:00,20093.5,19832.0,1.3099397628082303,2022-08-28 05:15:00,19931.5,-0.5017144009681322,0.8278353360258888,10
1308,2022-08-28 16:15:00,20174.0,19797.0,1.8863676165219785,2022-08-28 19:45:00,19946.0,-0.7526392887811284,0.46625889902737394,13
1309,2022-08-28 23:15:00,20135.5,19833.0,1.5136920324755745,2022-08-29 05:45:00,19735.0,0.4941259516966672,3.1796300988092216,25
1310,2022-08-29 13:30:00,20030.0,19663.0,1.8491925528430704,2022-08-29 20:00:00,20071.0,-2.0749631287189136,2.3516516366897515,25
1311,2022-08-30 04:15:00,20366.5,20071.0,1.461514683153014,2022-08-30 05:45:00,20358.0,-1.429923770614319,1.036447588171726,5
1312,2022-08-30 14:00:00,20569.0,20217.0,1.7260824792821068,2022-08-30 16:45:00,19530.0,3.39813028639264,4.444444444444445,10
1313,2022-08-31 07:00:00,20499.5,20205.5,1.4445399828030954,2022-08-31 08:30:00,20120.0,0.4231521120486996,1.5159045725646123,5
1314,2022-08-31 14:45:00,20425.0,20120.0,1.5045011715377974,2022-08-31 17:45:00,19871.0,1.2375745526838966,2.249509335212118,11
1315,2022-09-01 07:00:00,20197.5,19908.0,1.4436922616598722,2022-09-01 12:30:00,19880.0,0.14064697609001406,1.4864185110663983,21
1316,2022-09-01 11:30:00,20042.5,19771.0,1.3638589925527773,2022-09-01 14:45:00,19649.5,0.6145364422639219,2.676912898547037,12
1317,2022-09-01 14:15:00,20120.0,19827.5,1.464422053945804,2022-09-01 16:45:00,19560.0,1.3491363005926114,3.1467280163599183,9
1318,2022-09-02 04:15:00,20244.5,19936.5,1.5330628904208456,2022-09-02 07:00:00,20032.5,-0.48152885411180496,1.9742917758642207,10
1319,2022-09-02 12:30:00,20290.0,19980.0,1.539607648373479,2022-09-02 17:45:00,19745.5,1.1736736736736737,1.595300194981135,20
1320,2022-09-04 12:00:00,20060.5,19585.0,2.398759001652142,2022-09-04 14:00:00,19650.0,-0.33188664794485573,2.0076335877862594,7
1321,2022-09-05 15:15:00,20044.5,19623.0,2.125165437700889,2022-09-05 18:30:00,19662.0,-0.19874636905671916,2.5556911809581933,12
1322,2022-09-06 00:30:00,19938.5,19647.0,1.472761490949969,2022-09-06 02:00:00,19650.0,-0.015269506794930523,1.88295165394402,5
1323,2022-09-06 13:45:00,20020.0,19650.0,1.8653894630703303,2022-09-06 17:45:00,18821.5,4.216284987277354,1.6151741359615335,15
1324,2022-09-07 16:45:00,18950.0,18599.0,1.8695571120402674,2022-09-07 20:00:00,18982.5,-2.0619388139147263,2.449624654286843,12
1325,2022-09-07 18:45:00,19040.0,18707.0,1.7643786261159828,2022-09-08 01:30:00,19150.5,-2.3707702998877425,1.2923944544528863,26
1326,2022-09-08 01:30:00,19447.5,19190.0,1.3329019734713685,2022-09-08 03:30:00,19185.0,0.02605523710265763,1.1102423768569194,7
1327,2022-09-08 07:15:00,19415.0,19150.5,1.3716923156707421,2022-09-08 09:45:00,19129.0,0.11226860917469518,1.4062418317737466,9
1328,2022-09-08 12:45:00,19398.0,19110.5,1.49317683108924,2022-09-08 16:00:00,19084.5,0.13605086209152037,1.8627682150436218,12
1329,2022-09-08 20:00:00,19350.0,19070.5,1.4549524342473419,2022-09-08 22:30:00,19245.5,-0.9176476757295299,8.207113351173001,9
1330,2022-09-09 03:15:00,19440.0,19163.0,1.435121622671813,2022-09-09 07:30:00,20568.5,-7.334446589782393,4.147118166127816,16
1331,2022-09-09 23:15:00,21421.5,21115.5,1.4387474434022145,2022-09-10 02:30:00,21195.0,-0.37650067485970024,2.1774003302665723,12
1332,2022-09-10 05:00:00,21443.0,21157.0,1.3427230046948357,2022-09-10 07:45:00,21230.0,-0.3450394668431252,0.9561940650023552,10
1333,2022-09-10 12:15:00,21546.5,21230.0,1.4797844610942923,2022-09-10 13:45:00,21113.0,0.551106924163919,3.244446549519254,5
1334,2022-09-10 16:45:00,21378.0,21113.0,1.247322962509708,2022-09-10 20:45:00,21332.0,-1.0372756121820679,2.184511531970748,15
1335,2022-09-10 19:15:00,21475.0,21162.5,1.465845793022574,2022-09-10 20:45:00,21332.0,-0.8009450679267572,2.184511531970748,5
1336,2022-09-11 06:30:00,21716.5,21432.5,1.316368861387286,2022-09-11 12:00:00,21500.0,-0.3149422605855593,1.7651162790697676,21
1337,2022-09-11 08:15:00,21627.0,21333.0,1.3687150837988826,2022-09-11 12:00:00,21500.0,-0.7828247316364318,1.7651162790697676,14
1338,2022-09-11 17:30:00,21748.0,21426.5,1.4893050295892252,2022-09-11 20:30:00,21434.5,-0.03733694257111521,4.462432060463272,11
1339,2022-09-11 23:45:00,21739.0,21434.5,1.41058751317359,2022-09-12 03:30:00,21530.5,-0.4478760876157596,4.361254963888437,14
1340,2022-09-13 00:15:00,22488.0,22202.0,1.2799283956142316,2022-09-13 02:00:00,22058.0,0.6485902170975588,2.9603771874149967,6
1341,2022-09-13 02:00:00,22436.5,22103.5,1.4952851369555455,2022-09-13 06:45:00,22233.0,-0.5858800642432194,2.5232762110376465,18
1342,2022-09-13 05:30:00,22390.5,22058.0,1.4961134796449824,2022-09-13 08:45:00,22181.5,-0.5598875691359144,2.761310100759642,12
1343,2022-09-14 06:30:00,20518.0,20232.5,1.4012098011067349,2022-09-14 12:00:00,20063.0,0.8377610280489312,1.5551014304939441,21
1344,2022-09-14 07:45:00,20457.0,20210.0,1.2147441414414637,2022-09-14 12:00:00,20063.0,0.7273626917367639,1.5551014304939441,16
1345,2022-09-14 11:45:00,20408.5,20130.0,1.3740024914587368,2022-09-14 14:30:00,20105.0,0.12419274714356682,1.355384232777916,10
1346,2022-09-14 18:00:00,20375.0,20090.0,1.4086247374274063,2022-09-14 21:00:00,19840.5,1.241911398705824,2.706585015498601,11
1347,2022-09-15 06:45:00,20209.0,19912.5,1.4780105429757113,2022-09-15 08:15:00,20023.0,-0.5549278091650973,0.8290465964141238,5
1348,2022-09-15 14:30:00,20319.0,19976.5,1.6999416808328474,2022-09-15 19:15:00,19661.0,1.5793557429980227,1.192716545445298,18
1349,2022-09-15 22:45:00,19940.5,19645.5,1.4904259081493458,2022-09-16 00:15:00,19578.0,0.34359013514545317,1.3842067626928185,5
1350,2022-09-16 13:45:00,19878.5,19568.5,1.5717291555758361,2022-09-16 17:00:00,19315.0,1.295449319058691,3.958063681076883,12
1351,2022-09-17 00:15:00,19824.5,19546.0,1.4147648620159765,2022-09-17 02:45:00,19862.0,-1.6166990688631946,0.5739603262511328,9
1352,2022-09-17 16:00:00,20079.5,19734.0,1.735592198626094,2022-09-17 19:00:00,19966.0,-1.1756359582446538,0.8464389462085546,11
1353,2022-09-18 10:00:00,20176.5,19810.0,1.8331186775536745,2022-09-18 12:00:00,19850.0,-0.20191822311963653,0.8312342569269521,7
1354,2022-09-18 14:45:00,20033.5,19749.0,1.430277131904732,2022-09-18 18:15:00,19550.0,1.0076459567573042,0.9974424552429667,13
1355,2022-09-19 02:15:00,19562.5,19333.0,1.180085099818745,2022-09-19 06:30:00,18110.0,6.325971137433404,7.258420762009939,16
1356,2022-09-20 01:15:00,19675.0,19403.0,1.3920876196325298,2022-09-20 03:15:00,19161.5,1.244652888728547,2.1971140046447304,7
1357,2022-09-21 06:15:00,19128.0,18769.5,1.8919453789827825,2022-09-21 08:30:00,18822.0,-0.2797091025333653,6.49771543937945,8
1358,2022-09-21 10:45:00,19054.0,18788.0,1.4058453570107288,2022-09-21 15:15:00,19080.0,-1.5541835213966362,5.0576519916142555,17
1359,2022-09-23 07:45:00,19486.5,19210.5,1.4264671679975192,2022-09-23 12:00:00,18815.0,2.0587699435204705,1.331384533616795,16
1360,2022-09-24 07:00:00,19299.0,19021.5,1.4483109562766665,2022-09-24 15:15:00,19004.5,0.0893725521120837,0.9550369649293589,32
1361,2022-09-24 21:15:00,19213.0,18897.0,1.6583573865127261,2022-09-24 22:45:00,18801.5,0.505371222945441,1.6913544132117118,5
1362,2022-09-25 13:30:00,19185.0,18801.5,2.019138378108012,2022-09-25 17:00:00,18859.5,-0.3084860250511927,0.8907977411914421,13
1363,2022-09-25 21:30:00,19110.0,18855.0,1.3433425523508493,2022-09-25 23:30:00,18725.0,0.6894722885176346,3.1695594125500666,7
1364,2022-09-26 08:00:00,18946.0,18670.0,1.4674606550404083,2022-09-26 11:30:00,18793.0,-0.6588109266202463,2.5275368488266907,13
1365,2022-09-26 19:45:00,19222.0,18959.0,1.3776485686598046,2022-09-26 21:45:00,19051.5,-0.48789493116725563,6.870850064299399,7
1366,2022-09-27 00:00:00,19255.0,19000.0,1.3331590641746178,2022-09-27 05:15:00,19943.5,-4.96578947368421,2.2062326071151004,20
1367,2022-09-27 13:15:00,20383.5,20081.5,1.4926479673792166,2022-09-27 18:15:00,18798.5,6.388964967756393,2.2528393222863525,19
1368,2022-09-28 00:15:00,19193.5,18908.5,1.4959844627578605,2022-09-28 02:30:00,18453.0,2.4089695110664517,3.7283910475261473,8
1369,2022-09-28 09:15:00,18870.0,18592.0,1.4841706262345844,2022-09-28 17:45:00,19247.0,-3.5230206540447506,2.826414506156804,33
1370,2022-09-29 12:30:00,19534.0,19258.0,1.4229738090327901,2022-09-29 14:15:00,18831.0,2.217260359331187,4.2881418936859435,6
1371,2022-09-29 23:30:00,19529.0,19243.5,1.4726932748726547,2022-09-30 03:00:00,19290.0,-0.24164003429729522,1.7418351477449456,13
1372,2022-09-30 00:30:00,19615.5,19327.5,1.479084816269933,2022-09-30 03:00:00,19290.0,0.19402405898331393,1.7418351477449456,9
1373,2022-09-30 07:15:00,19556.0,19290.0,1.3695103742985122,2022-09-30 12:30:00,19135.5,0.8009331259720063,5.380052781479449,20
1374,2022-09-30 12:30:00,19626.0,19366.5,1.3310251971532987,2022-09-30 16:15:00,19550.0,-0.9475124570779438,1.608695652173913,14
1375,2022-10-02 10:15:00,19494.5,19150.5,1.7803079311683272,2022-10-02 13:00:00,19116.0,0.180151954257069,1.1299435028248588,10
1376,2022-10-02 23:00:00,19332.0,19028.0,1.5849843587069863,2022-10-03 05:00:00,19050.0,-0.11561908766029011,2.2808398950131235,23
1377,2022-10-03 14:15:00,19330.0,19015.0,1.642978224018777,2022-10-03 16:15:00,19293.5,-1.464633184328162,2.210589058491202,7
1378,2022-10-03 23:15:00,19649.5,19358.5,1.4920016406890895,2022-10-04 02:00:00,19482.5,-0.6405454968101867,3.426151674579751,10
1379,2022-10-04 06:30:00,19720.0,19474.5,1.2527267856459452,2022-10-04 09:00:00,19802.0,-1.681686307735757,2.514897485102515,9
1380,2022-10-04 13:30:00,20095.5,19802.0,1.4712701297073751,2022-10-04 17:15:00,19865.0,-0.31814968185031817,2.949911905361188,14
1381,2022-10-05 04:15:00,20384.0,20134.0,1.2340194481465028,2022-10-05 08:15:00,19980.0,0.7648753352537996,1.6766766766766767,15
1382,2022-10-05 08:15:00,20354.5,20067.5,1.4200188016426698,2022-10-05 11:30:00,19936.0,0.6552884016444499,2.0189606741573036,12
1383,2022-10-05 13:00:00,20228.5,19936.0,1.4565101022046831,2022-10-05 18:00:00,20068.0,-0.6621187800963082,1.7789515646800875,19
1384,2022-10-06 08:15:00,20435.0,20132.5,1.491341591175202,2022-10-06 10:00:00,20071.0,0.3054762200422203,1.220666633451248,6
1385,2022-10-06 14:00:00,20395.5,20033.5,1.790793737168864,2022-10-06 16:00:00,19932.5,0.5041555394713854,1.693214599272545,7
1386,2022-10-07 12:15:00,20133.5,19788.5,1.7283703221281497,2022-10-07 16:30:00,19318.0,2.3776435808676757,1.648721399730821,16
1387,2022-10-07 21:15:00,19607.5,19318.0,1.4874568085188373,2022-10-07 23:30:00,19491.0,-0.8955378403561445,0.6310604894566723,8
1388,2022-10-08 21:30:00,19636.5,19364.0,1.3974179818207457,2022-10-09 01:30:00,19352.5,0.059388556083453836,1.0308745640098178,15
1389,2022-10-10 08:15:00,19552.0,19175.0,1.9469620678079895,2022-10-10 14:45:00,19212.0,-0.19295958279009126,0.7599417031022278,25
1390,2022-10-10 16:15:00,19434.5,19203.5,1.1957140638749417,2022-10-10 18:45:00,19181.5,0.11456244955346682,0.5004822354873185,9
1391,2022-10-10 22:00:00,19358.0,19113.0,1.2736866730784229,2022-10-11 00:00:00,18939.0,0.9103751373410768,1.079782459475157,7
1392,2022-10-11 14:00:00,19258.0,18939.0,1.670288242532136,2022-10-11 19:00:00,18915.5,0.1240825809176831,1.0969839549575744,19
1393,2022-10-13 10:15:00,19227.5,18915.5,1.6359489290302283,2022-10-13 12:30:00,18071.0,4.464592529935767,8.029439433346246,8
1394,2022-10-14 01:30:00,19484.5,19294.0,0.98250319120131,2022-10-14 05:30:00,19717.0,-2.1923914170208354,0.5984683268245676,15
1395,2022-10-14 07:30:00,19944.0,19656.0,1.4545454545454546,2022-10-14 09:15:00,19513.0,0.7275132275132274,1.650181929995388,6
1396,2022-10-14 09:15:00,19836.5,19547.0,1.470158822857288,2022-10-14 12:30:00,19535.5,0.05883255742569193,1.53310639604822,12
1397,2022-10-14 12:45:00,19792.0,19513.0,1.419666709070093,2022-10-14 16:15:00,19220.0,1.5015630605237533,0.801248699271592,13
1398,2022-10-14 21:45:00,19374.0,19100.0,1.4243385143213598,2022-10-15 02:00:00,19122.0,-0.11518324607329843,0.4340550151657776,16
1399,2022-10-16 20:00:00,19374.0,18962.0,2.149415692821369,2022-10-16 21:45:00,19091.0,-0.6803079843898323,1.3566602063799698,6
1400,2022-10-17 11:15:00,19483.0,19091.0,2.0324570954528958,2022-10-17 15:15:00,19420.5,-1.7259441621706562,1.0092428104322753,15
1401,2022-10-18 14:30:00,19694.0,19396.0,1.524686620619084,2022-10-18 19:15:00,19080.0,1.629201897298412,1.813417190775681,18
1402,2022-10-20 00:45:00,19426.0,19061.0,1.8967443552368333,2022-10-20 03:30:00,19010.0,0.26756203766853787,1.362440820620726,10
1403,2022-10-20 18:00:00,19345.0,18922.0,2.210782136044111,2022-10-20 20:30:00,18910.5,0.060775816509882674,1.1342904735464425,9
1405,2022-10-21 19:30:00,19215.0,18930.0,1.4942980731419582,2022-10-21 21:15:00,19131.5,-1.0644479661912307,0.25873559313174604,6
1406,2022-10-23 17:45:00,19247.0,18960.5,1.4997055551920435,2022-10-23 21:30:00,19436.0,-2.507845257245326,1.2734101667009672,14
1407,2022-10-24 01:15:00,19683.5,19406.5,1.4172422614479407,2022-10-24 04:00:00,19262.0,0.7445958828227656,0.9189076939050982,10
1408,2022-10-25 14:30:00,19518.0,19155.0,1.8772787215887055,2022-10-25 20:30:00,19982.5,-4.320020882276168,1.5863880895783813,23
1409,2022-10-26 01:45:00,20263.5,19967.0,1.4740060401933857,2022-10-26 05:00:00,20125.0,-0.791305654329644,4.392546583850931,12
1410,2022-10-26 08:30:00,20388.0,20020.0,1.821421500692932,2022-10-26 10:00:00,20525.0,-2.5224775224775224,2.3580998781973204,5
1411,2022-10-27 03:00:00,20903.5,20633.0,1.3024689128838491,2022-10-27 07:30:00,20667.5,-0.16720787088644404,0.7499697592838999,17
1412,2022-10-27 09:30:00,20861.5,20566.5,1.4241575745872357,2022-10-27 13:45:00,20416.0,0.7317725427272506,1.4718847962382444,16
1413,2022-10-27 12:30:00,20754.0,20450.5,1.4731400696525865,2022-10-27 16:15:00,20490.0,-0.1931493117527689,0.8540751586139581,14
1414,2022-10-27 20:15:00,20716.5,20416.0,1.4611317085030087,2022-10-27 22:30:00,20182.5,1.1437108150470219,0.7110120153598415,8
1415,2022-10-28 12:30:00,20426.5,20023.0,1.9950802852940086,2022-10-28 19:15:00,20532.5,-2.5445737401987714,1.4002191647388287,26
1416,2022-10-29 08:15:00,20820.0,20440.5,1.839531755553132,2022-10-29 11:30:00,20640.5,-0.9784496465350653,1.5866863690317579,12
1417,2022-10-29 16:00:00,20937.0,20640.5,1.426252179664482,2022-10-29 18:00:00,20745.0,-0.5062861849276906,0.7230657989877078,7
1418,2022-10-31 10:00:00,20968.0,20417.5,2.660352055671672,2022-10-31 14:30:00,20222.0,0.9575119382882332,1.490950450004945,17
1419,2022-11-01 13:45:00,20689.0,20222.0,2.2830045708978024,2022-11-01 16:45:00,20367.0,-0.71704084660271,0.7929493788972357,11
1420,2022-11-02 18:00:00,20609.0,20318.0,1.422044127348694,2022-11-02 21:15:00,20051.5,1.3116448469337534,1.6482557414657257,12
1421,2022-11-03 11:45:00,20382.0,20051.5,1.6347830388168227,2022-11-03 15:30:00,20202.0,-0.7505672892302321,0.5222255222255222,14
1422,2022-11-03 12:45:00,20326.0,20035.0,1.4419860756671044,2022-11-03 15:30:00,20202.0,-0.8335413027202396,0.5222255222255222,10
1423,2022-11-04 06:00:00,20483.5,20079.0,1.994453004622496,2022-11-04 07:30:00,20533.5,-2.2635589421783955,3.701268658533616,5
1424,2022-11-04 12:30:00,20679.0,20436.5,1.1796037990538848,2022-11-04 16:00:00,20654.0,-1.064272257969809,3.9508085600852136,13
1425,2022-11-05 00:30:00,21196.0,20880.5,1.4996494480291849,2022-11-05 04:45:00,21351.0,-2.253298532123273,0.3465879818275491,16
1426,2022-11-06 23:30:00,21470.0,20936.0,2.518511531387068,2022-11-07 01:15:00,20814.0,0.5827283148643485,1.1939079465744211,6
1427,2022-11-07 07:45:00,21062.5,20705.0,1.7118573053211228,2022-11-07 10:00:00,20674.5,0.14730741366819608,0.9891412126048998,8
1428,2022-11-07 22:15:00,20879.0,20570.0,1.4909889261502087,2022-11-08 01:00:00,20490.0,0.3889158969372873,0.8735968765251342,10
1429,2022-11-08 03:15:00,20672.5,20365.0,1.4986293024672555,2022-11-08 05:15:00,19336.0,5.052786643751535,2.614294580057923,7
1430,2022-11-08 14:15:00,19841.5,19500.0,1.7360802206321568,2022-11-08 19:30:00,16800.0,13.846153846153847,11.476190476190476,20
1431,2022-11-12 15:00:00,16960.0,16714.0,1.4610678862030053,2022-11-12 18:30:00,16814.5,-0.6012923297834152,0.7671949805227631,13
1432,2022-11-13 06:45:00,16989.5,16750.5,1.4167160640189687,2022-11-13 09:00:00,16420.0,1.9730754305841616,1.8818514007308162,8
1433,2022-11-13 15:15:00,16729.0,16501.5,1.3692240562134184,2022-11-13 17:15:00,16462.0,0.2393721782868224,0.7228769286842425,7
1434,2022-11-13 17:15:00,16714.0,16472.0,1.458446332790936,2022-11-13 21:00:00,16222.0,1.5177270519669743,3.390457403526076,14
1435,2022-11-13 21:00:00,16682.0,16462.0,1.3275404296403572,2022-11-14 02:00:00,15885.0,3.5050419147126712,6.6163046899590805,19
1436,2022-11-15 07:15:00,16870.0,16624.0,1.4689198065325133,2022-11-15 09:45:00,16714.0,-0.541385948026949,2.6684216824219216,9
1437,2022-11-16 02:30:00,16920.0,16719.0,1.1950414697226435,2022-11-16 06:15:00,16789.0,-0.41868532806986064,0.6432783370063733,14
1438,2022-11-16 08:30:00,17011.0,16755.0,1.516318189895161,2022-11-16 14:00:00,16407.0,2.0769919427036707,2.1393307734503564,21
1439,2022-11-16 11:45:00,16897.0,16663.0,1.3945172824791419,2022-11-16 14:00:00,16407.0,1.536337994358759,2.1393307734503564,8
1440,2022-11-16 22:45:00,16634.5,16403.0,1.4014377601210746,2022-11-17 04:00:00,16400.0,0.01828933731634457,1.4115853658536586,20
1441,2022-11-17 03:45:00,16758.0,16513.5,1.4697263423650873,2022-11-17 06:45:00,16519.5,-0.036333908620219825,1.0805411786071009,11
1442,2022-11-17 15:15:00,16631.5,16400.0,1.4016923239937635,2022-11-17 19:45:00,16584.0,-1.121951219512195,2.490352146647371,17
1443,2022-11-18 00:00:00,16739.5,16500.0,1.4410565742565322,2022-11-18 02:15:00,16831.0,-2.006060606060606,0.8020913790030301,8
1444,2022-11-18 17:00:00,16997.0,16604.0,2.3392160947590845,2022-11-18 22:30:00,16605.0,-0.006022645145748013,0.680517916290274,21
1445,2022-11-20 11:30:00,16799.0,16540.0,1.5537358649029664,2022-11-20 15:00:00,16525.5,0.08766626360338574,0.5657922604459774,13
1446,2022-11-20 21:45:00,16669.0,16402.0,1.6147077499924407,2022-11-21 00:00:00,16100.5,1.8381904645774907,4.276264712276016,8
1447,2022-11-22 06:45:00,15931.5,15711.0,1.393695188433278,2022-11-22 10:00:00,15659.0,0.33097829546177837,4.067948144836835,12
1448,2022-11-22 13:00:00,15854.0,15620.0,1.4869416025926163,2022-11-22 18:00:00,16044.0,-2.714468629961588,3.328347045624533,19
1449,2022-11-23 02:15:00,16272.0,16044.0,1.4110657259561827,2022-11-23 05:45:00,16436.0,-2.4432809773123907,1.4510829885616938,13
1450,2022-11-23 13:45:00,16674.5,16420.0,1.5380199126743115,2022-11-23 16:45:00,16301.5,0.7216808769792935,3.119344845566359,11
1451,2022-11-23 18:45:00,16537.0,16301.5,1.4342920657155473,2022-11-23 22:30:00,16444.5,-0.8772198877403921,2.2226276262580194,14
1452,2022-11-24 01:45:00,16687.5,16415.5,1.6433555871069088,2022-11-24 06:00:00,16624.5,-1.2731869269897353,0.5594153207615267,16
1453,2022-11-25 04:45:00,16810.0,16402.0,2.4569432735155967,2022-11-25 10:00:00,16394.0,0.04877453969028168,1.2230084177137976,20
1454,2022-11-26 19:00:00,16685.0,16339.0,2.0954457364341086,2022-11-26 22:45:00,16376.5,-0.22951221004957464,1.2945379049247399,14
1455,2022-11-28 01:00:00,16623.5,16376.5,1.496969696969697,2022-11-28 06:15:00,16132.5,1.489939852837908,1.0196807686347436,20
1456,2022-11-28 16:15:00,16297.0,16052.0,1.5147299761971003,2022-11-28 18:00:00,16140.5,-0.5513331672065787,1.4435736191567796,6
1458,2022-11-30 00:30:00,16547.0,16304.0,1.4794070195732245,2022-11-30 04:45:00,16816.5,-3.1434003925417078,0.6422263848006422,16
1459,2022-11-30 18:30:00,17020.0,16712.5,1.8231675683687838,2022-11-30 21:15:00,17016.0,-1.8160059835452504,1.4927127409496943,10
1460,2022-12-01 13:30:00,17270.0,17016.0,1.481654319547337,2022-12-01 15:30:00,16888.5,0.7492947813822285,0.9059419131361577,7
1461,2022-12-02 13:30:00,17135.5,16850.0,1.680128290006032,2022-12-02 16:30:00,16893.0,-0.2551928783382789,1.5213402000828746,11
1462,2022-12-05 02:45:00,17293.0,16769.0,3.0767424108977743,2022-12-05 06:30:00,17269.5,-2.984674101019739,0.5790555603810186,14
1463,2022-12-05 15:00:00,17425.5,17164.0,1.512019543503086,2022-12-05 19:30:00,16867.0,1.7303658820787695,1.339894468488765,17
1464,2022-12-05 19:15:00,17218.0,16969.0,1.4566940649954663,2022-12-05 23:15:00,16916.5,0.3093877069951087,1.0433600331037745,15
1465,2022-12-07 07:00:00,17135.0,16867.0,1.576377860125875,2022-12-07 12:30:00,16755.5,0.6610541293650323,0.7728805466861628,21
1466,2022-12-08 18:30:00,17026.0,16666.5,2.1340060844401574,2022-12-08 20:45:00,17142.0,-2.853028530285303,0.8050402520126007,8
1467,2022-12-09 13:30:00,17348.0,17142.0,1.1945491446796173,2022-12-09 16:30:00,17135.5,0.03791856259479641,0.1634034606518631,11
1468,2022-12-12 00:00:00,17261.5,17045.0,1.2621514873274744,2022-12-12 02:45:00,16870.0,1.0266940451745379,0.7587433313574392,10
1469,2022-12-13 09:45:00,17234.5,16870.0,2.137547830931402,2022-12-13 13:00:00,17386.5,-3.0616478956727917,3.5285997756880336,12
1470,2022-12-14 14:30:00,17950.0,17606.0,1.93497581280234,2022-12-14 19:00:00,17514.0,0.5225491309780756,2.3980815347721824,17
1471,2022-12-15 01:45:00,17870.0,17675.5,1.0943720020818388,2022-12-15 04:30:00,17677.0,-0.0084863228762977,0.328109973411778,10
1472,2022-12-15 13:45:00,17800.0,17457.5,1.9428490392115152,2022-12-15 16:45:00,17332.0,0.7188887297723041,0.7817909069928457,11
1473,2022-12-16 08:45:00,17583.0,17262.0,1.8424451140766251,2022-12-16 10:15:00,16912.0,2.02757502027575,0.9815515610217598,5
1474,2022-12-16 16:00:00,17078.0,16870.0,1.22540355838341,2022-12-16 23:30:00,16532.5,2.000592768227623,1.3942234991683047,29
1475,2022-12-16 22:30:00,16971.0,16719.0,1.495992876224399,2022-12-17 02:15:00,16574.5,0.8642861415156409,1.1372892093275815,14
1477,2022-12-19 22:30:00,16808.5,16513.0,1.7736296385216752,2022-12-20 06:15:00,16739.5,-1.3716465814812573,1.878789689058813,30
1478,2022-12-20 14:45:00,16868.0,16672.0,1.1687537268932617,2022-12-20 16:30:00,16765.5,-0.5608205374280231,0.936446870060541,6
1479,2022-12-22 20:15:00,16960.0,16560.5,2.383615996181441,2022-12-22 22:45:00,16794.0,-1.4099815826816824,0.6520185780635942,9
1480,2022-12-23 13:30:00,16903.5,16640.5,1.5680896732649652,2022-12-23 18:45:00,16826.5,-1.1177548751539919,0.21097673312929008,20
1481,2022-12-27 19:15:00,16961.0,16607.0,2.109151572926597,2022-12-27 21:00:00,16652.5,-0.2739808514481845,0.5824951208527248,6
1482,2023-01-06 20:00:00,16988.0,16353.0,3.8091239015026543,2023-01-07 00:00:00,16923.0,-3.4855989726655654,0.3013650062045737,15
1483,2023-01-08 23:45:00,17091.5,16805.0,1.6904400159308484,2023-01-09 06:45:00,17171.0,-2.177923237131806,1.0075126667054919,27
1484,2023-01-09 01:30:00,17190.0,16934.5,1.4974578382100836,2023-01-09 06:45:00,17171.0,-1.3965573238064306,1.0075126667054919,20
1485,2023-01-09 23:00:00,17385.0,17017.5,2.1364726400697625,2023-01-10 02:30:00,17138.5,-0.7110327603937124,0.7906176153105581,13
1486,2023-01-11 23:30:00,17695.0,17120.0,3.3031739192876635,2023-01-12 05:45:00,18060.0,-5.490654205607477,1.6057585825027685,24
1487,2023-01-12 13:15:00,18291.0,18060.0,1.270941652224148,2023-01-12 21:00:00,18668.0,-3.3665559246954593,1.3043711163488323,30
1488,2023-01-13 14:45:00,19036.0,18692.0,1.823579304495335,2023-01-13 23:15:00,19709.0,-5.440830301733362,9.340910244050942,33
1489,2023-01-14 09:15:00,21060.5,20776.0,1.3600564100725443,2023-01-14 14:30:00,20502.0,1.3188294185598768,2.8826455955516535,20
1490,2023-01-14 21:00:00,20934.5,20628.5,1.4724634891610326,2023-01-15 00:30:00,20627.0,0.007271493322345299,0.9453628739031366,13
1491,2023-01-15 15:45:00,20945.0,20555.0,1.8795180722891567,2023-01-15 18:00:00,20642.5,-0.4256871807346145,3.911832384643333,8
1492,2023-01-16 01:00:00,21010.0,20730.0,1.3416387158600862,2023-01-16 03:45:00,21035.0,-1.4712976362759285,1.2598050867601618,10
1493,2023-01-16 08:00:00,21300.0,21035.0,1.2519192157789063,2023-01-16 11:15:00,20774.5,1.2384121701925364,3.4344990252472987,12
1494,2023-01-16 15:00:00,20921.5,20719.5,0.9701976417473163,2023-01-16 21:15:00,21024.0,-1.4696300586404112,1.2985159817351597,24
1495,2023-01-17 14:00:00,21346.0,20932.5,1.956076965833698,2023-01-17 20:45:00,21245.5,-1.4952824555117639,0.6989715469158174,26
1496,2023-01-18 13:30:00,21413.0,21036.0,1.7762491460340641,2023-01-18 16:30:00,20385.0,3.0946948088990305,3.7527593818984544,11
1497,2023-01-19 19:00:00,21014.5,20594.5,2.018794010911101,2023-01-19 21:45:00,20895.5,-1.4615552696108183,1.5194659137134792,10
1498,2023-01-20 02:30:00,21173.5,20872.5,1.431765209532417,2023-01-20 07:15:00,20853.0,0.09342436219906575,2.656692082673956,18
1499,2023-01-20 07:15:00,21213.0,20906.5,1.4553828986573913,2023-01-20 14:30:00,21005.5,-0.473536938272786,8.51443669515127,28
1500,2023-01-20 15:15:00,21193.5,20853.0,1.6196354036602332,2023-01-21 00:00:00,22413.0,-7.4809379945331616,4.124838263507786,34
1501,2023-01-20 16:30:00,21242.0,20926.5,1.4963776278501726,2023-01-21 00:00:00,22413.0,-7.103433445631138,4.124838263507786,29
1502,2023-01-21 09:30:00,22770.5,22460.5,1.3707413057416373,2023-01-21 13:30:00,22837.0,-1.6762761292046038,2.38209922494198,15
1503,2023-01-22 06:15:00,22900.0,22602.0,1.3098325348336337,2023-01-22 08:15:00,22807.5,-0.9092115741969737,1.2079359859695276,7
1504,2023-01-22 15:00:00,23042.5,22670.0,1.6297511621547716,2023-01-22 20:45:00,22277.0,1.7335685928539921,2.4801364636171837,22
1505,2023-01-23 10:45:00,22942.0,22513.5,1.885360407431444,2023-01-23 14:45:00,22459.5,0.23985608634819106,3.239163828224137,15
1506,2023-01-23 14:45:00,22988.0,22649.0,1.4856366544689616,2023-01-23 19:45:00,22650.0,-0.00441520596935847,2.2759381898454745,19
1507,2023-01-24 09:00:00,23165.5,22753.5,1.794464165160391,2023-01-24 14:30:00,22687.0,0.29226272881095217,1.760920350861727,21
1508,2023-01-24 14:30:00,23092.0,22770.0,1.4042126379137412,2023-01-24 17:00:00,22786.0,-0.07026789635485288,1.3187922408496444,9
1509,2023-01-24 18:15:00,23010.0,22687.0,1.4136595400135676,2023-01-24 23:15:00,22451.0,1.040243311147353,1.4164179769275311,19
1510,2023-01-24 22:15:00,23086.5,22746.0,1.4858451971854032,2023-01-25 01:15:00,22319.0,1.8772531434098305,2.016219364666876,11
1511,2023-01-25 14:45:00,22769.0,22428.0,1.5089497090514856,2023-01-25 17:30:00,22517.0,-0.3968253968253968,6.030998800905983,10
1512,2023-01-26 06:15:00,23289.5,22956.5,1.4401245513125458,2023-01-26 10:45:00,22850.5,0.4617428614989219,1.7111222949169602,17
1513,2023-01-26 14:00:00,23228.0,22850.5,1.6385081979665137,2023-01-26 16:00:00,22851.0,-0.0021881359270037857,1.4353857599229793,7
1514,2023-01-27 01:30:00,23179.0,22851.0,1.4251575059743644,2023-01-27 08:15:00,22903.0,-0.22756115706096014,1.5500152818408068,26
1515,2023-01-27 17:15:00,23172.0,22790.0,1.662242722248814,2023-01-27 22:00:00,22941.5,-0.6647652479157525,1.0962665911121767,18
1516,2023-01-27 19:45:00,23258.0,22919.5,1.4660819663255915,2023-01-27 22:00:00,22941.5,-0.09598813237636074,1.0962665911121767,8
1517,2023-01-29 01:15:00,23267.0,22874.0,1.7034741336338617,2023-01-29 08:45:00,23152.5,-1.2175395645711289,2.684375337436562,29
1518,2023-01-29 11:00:00,23498.5,23050.5,1.9248533803089218,2023-01-29 14:15:00,23417.0,-1.5899872020129717,2.3444506128026648,12
1519,2023-01-29 18:30:00,23664.5,23342.5,1.3700087221052184,2023-01-29 20:45:00,23611.5,-1.1524044125522115,1.1519810261948626,8
1520,2023-01-30 09:00:00,23966.0,23510.0,1.9209705956693908,2023-01-30 12:00:00,22953.0,2.3692045937898767,1.5139633163420902,11
1521,2023-01-30 15:00:00,23297.0,22953.0,1.4875675675675677,2023-01-30 20:15:00,22540.0,1.799329063738945,1.6592724046140195,20
1522,2023-01-30 19:00:00,23300.5,22966.0,1.4459706266953412,2023-01-30 22:30:00,22480.5,2.1139946007140993,2.284201863837548,13
1523,2023-01-31 14:00:00,23118.0,22670.5,1.954639265317711,2023-01-31 16:45:00,23076.0,-1.7886680928960543,1.2957184954064829,10
1524,2023-01-31 21:15:00,23224.5,22879.0,1.4988016094222782,2023-02-01 00:30:00,22973.0,-0.41085711788102625,0.8988812954337702,12
1525,2023-02-01 19:30:00,23236.0,22910.0,1.4129068608330082,2023-02-02 02:30:00,23837.5,-4.048450458315147,0.44467750393287886,27
1526,2023-02-02 14:45:00,24004.5,23655.0,1.4666540773612817,2023-02-02 19:30:00,23728.5,-0.31071655041217505,0.9334766209410624,18
1527,2023-02-03 14:15:00,23625.5,23250.0,1.6021162440933965,2023-02-03 20:00:00,23203.0,0.2021505376344086,1.1722622074731717,22
1528,2023-02-05 12:45:00,23587.5,23203.0,1.643496008805206,2023-02-05 17:45:00,22800.5,1.7346894798086452,1.3047959474572925,19
1529,2023-02-06 05:15:00,23098.0,22760.0,1.4741157486152907,2023-02-06 11:30:00,22731.0,0.1274165202108963,1.90928687695218,24
1530,2023-02-06 16:00:00,23064.5,22612.5,1.979114215031635,2023-02-06 18:30:00,22956.5,-1.521282476506357,0.7383529719251628,9
1531,2023-02-06 23:00:00,23165.0,22838.5,1.419457215211886,2023-02-07 05:00:00,22859.0,-0.0897607110799746,0.8880528457062864,23
1532,2023-02-07 17:45:00,23062.0,22628.5,1.8975498188901412,2023-02-07 22:00:00,23135.5,-2.2405373754336346,1.4134122884744225,16
1533,2023-02-08 01:00:00,23360.0,23021.0,1.461805480692525,2023-02-08 03:15:00,23227.0,-0.8948351505147475,0.27123606148017393,8
1534,2023-02-08 16:00:00,23462.5,22858.5,2.6078884307333605,2023-02-08 20:00:00,22759.0,0.435286654854868,1.1072542730348434,15
1536,2023-02-09 16:15:00,22847.5,22516.0,1.4615274394612408,2023-02-09 21:30:00,21698.0,3.632972108722686,1.2120932804866809,20
1537,2023-02-10 15:45:00,22011.5,21620.0,1.7945750203408088,2023-02-10 17:15:00,21548.5,0.3307123034227567,1.1392904378495023,5
1538,2023-02-10 21:30:00,21794.0,21500.7,1.3549002533797407,2023-02-11 01:45:00,21602.5,-0.4734729566944298,0.5207730586737647,16
1539,2023-02-12 21:45:00,22079.0,21431.1,2.9781590940954006,2023-02-13 02:30:00,21617.0,-0.8674309764781158,1.2490169773789148,18
1540,2023-02-13 09:15:00,21932.5,21617.0,1.4489259348557388,2023-02-13 14:15:00,21553.8,0.2923624924827715,1.3417587617960671,19
1541,2023-02-13 16:30:00,21694.0,21413.0,1.3037325724360311,2023-02-13 21:45:00,21580.0,-0.7799000607107831,1.2187210379981466,20
1542,2023-02-14 13:30:00,21891.5,21449.0,2.0419699818876107,2023-02-14 21:00:00,22107.2,-3.0686745302811356,0.8110479843670807,29
1543,2023-02-15 11:30:00,22286.5,21990.0,1.33931092114327,2023-02-15 14:15:00,22612.0,-2.8285584356525693,10.29497611887494,10
1546,2023-02-17 12:30:00,23915.5,23529.9,1.6254473563295853,2023-02-17 14:45:00,23685.2,-0.660011304765423,5.736493675375343,8
1547,2023-02-17 14:30:00,23999.0,23640.8,1.50378465064925,2023-02-17 16:30:00,23908.2,-1.131095394402903,4.750253051254385,7
1548,2023-02-18 20:00:00,24886.6,24427.4,1.8623514620594437,2023-02-19 03:45:00,24658.1,-0.9444312534285151,0.8005482985307119,30
1549,2023-02-19 15:15:00,24855.5,24502.2,1.4315902078095184,2023-02-19 18:00:00,24270.9,0.9439968655875769,1.2896101916286582,10
1550,2023-02-19 23:45:00,24603.2,24251.0,1.4418412337117412,2023-02-20 01:15:00,23816.7,1.7908539854026608,4.917977721514733,5
1551,2023-02-20 09:30:00,24570.0,24251.0,1.3068146903996232,2023-02-20 11:30:00,24685.7,-1.7925034019215733,1.879225624551857,7
1552,2023-02-21 02:30:00,24960.9,24638.0,1.3020450050303594,2023-02-21 04:30:00,24860.0,-0.9010471629190682,1.7497988736926788,7
1553,2023-02-21 08:15:00,25113.3,24770.1,1.37600885264437,2023-02-21 12:00:00,24463.9,1.2361677990803313,1.3288968643593153,14
1554,2023-02-21 15:15:00,24806.0,24463.9,1.3886774683934757,2023-02-21 21:15:00,24152.0,1.2749398092699915,1.341503809208347,23
1555,2023-02-22 08:30:00,24269.8,23931.9,1.402025239773692,2023-02-22 11:30:00,24036.0,-0.4349842678600468,0.8250124812780799,11
1556,2023-02-22 12:15:00,24220.0,23860.5,1.4954087415896258,2023-02-22 16:45:00,23570.3,1.216236038641272,4.354632736961352,17
1557,2023-02-22 15:00:00,24234.3,23883.2,1.4593443133994848,2023-02-22 16:45:00,23570.3,1.3101259462718624,4.354632736961352,6
1558,2023-02-22 22:30:00,23985.0,23650.9,1.4027235761264027,2023-02-23 06:30:00,24317.5,-2.8184973933338626,0.7504883314485453,31
1559,2023-02-23 11:15:00,24602.9,24210.0,1.6098203548652157,2023-02-23 18:00:00,23726.0,1.9991738950846758,1.7027733288375622,26
1560,2023-02-24 01:00:00,24079.6,23726.0,1.4793245979550453,2023-02-24 02:45:00,23911.0,-0.779735311472646,0.49767889255990966,6
1561,2023-02-24 13:30:00,24130.0,23762.0,1.5367911133383447,2023-02-24 16:00:00,22900.0,3.627640770978874,1.8633187772925794,9
1562,2023-02-25 20:45:00,23264.5,22860.0,1.7539485522878298,2023-02-26 02:00:00,23060.1,-0.8753280839894949,0.9882871279829727,20
1563,2023-02-25 22:15:00,23050.0,22712.3,1.4758873570602908,2023-02-26 02:00:00,23060.1,-1.5313288394394196,0.9882871279829727,14
1564,2023-02-26 18:45:00,23465.0,22851.9,2.6474137949646823,2023-02-26 22:15:00,23313.7,-2.0208385298377785,1.3875961344617114,13
1565,2023-02-27 13:30:00,23649.5,23313.7,1.4300558735350202,2023-02-27 16:00:00,23137.0,0.7579234527338035,1.893071703332325,9
1566,2023-02-27 22:45:00,23431.9,23083.8,1.496698964005711,2023-02-28 01:30:00,23341.0,-1.1142013013455356,0.7514673750053615,10
1567,2023-02-28 19:15:00,23592.9,23197.5,1.6900902749281965,2023-02-28 21:30:00,23010.0,0.8082767539605561,3.598435462842243,8
1568,2023-03-01 03:00:00,23345.8,23010.0,1.4487938941836804,2023-03-01 10:15:00,23659.4,-2.8222511951325573,0.957758861171452,28
1569,2023-03-01 19:45:00,23904.0,23541.0,1.5301928548846033,2023-03-02 01:30:00,23433.4,0.45707489061636525,0.472829380286255,22
1570,2023-03-03 01:15:00,23708.3,23186.4,2.2258378878636513,2023-03-03 04:00:00,22253.1,4.025204430183224,1.0870395585334245,10
1571,2023-03-03 14:00:00,22470.6,22140.0,1.4821589487700169,2023-03-03 18:30:00,22184.0,-0.19873532068654018,0.9218355571583122,17
1572,2023-03-05 01:15:00,22495.0,22141.0,1.5861636347342951,2023-03-05 05:30:00,22383.3,-1.0943498486969843,0.4704400155473021,16
1573,2023-03-07 15:00:00,22594.7,22192.3,1.7969500078147742,2023-03-07 21:00:00,21933.8,1.16481842801332,1.578385870209452,23
1574,2023-03-08 00:00:00,22239.1,21933.8,1.3822954798077522,2023-03-08 01:45:00,22128.3,-0.8867592482834712,0.3014239684024563,6
1575,2023-03-08 05:30:00,22280.0,21960.0,1.4466546112115732,2023-03-08 08:00:00,21935.5,0.11156648451730419,1.3288960816940576,9
1576,2023-03-08 15:00:00,22149.2,21821.7,1.489621545158275,2023-03-08 18:30:00,21935.2,-0.520124463263632,0.8880703162040888,13
1577,2023-03-08 22:45:00,22214.0,21894.0,1.4509839484900697,2023-03-09 01:00:00,21626.6,1.2213391796839383,0.8281468191948905,8
1578,2023-03-09 16:30:00,21837.5,21528.8,1.4236861341640892,2023-03-09 20:45:00,20016.0,7.026866337185535,2.3676059152677933,16
1579,2023-03-10 10:30:00,20050.0,19764.5,1.4341508746813347,2023-03-10 14:45:00,19638.3,0.6385185559968668,3.35517840138913,16
1580,2023-03-10 21:45:00,20095.7,19805.2,1.4561075063469746,2023-03-11 04:00:00,20262.9,-2.3110092298992218,0.7753085688622978,24
1581,2023-03-11 17:45:00,20200.0,19935.8,1.3165303793620693,2023-03-12 02:30:00,20300.1,-1.8273658443603933,0.9187146861345511,34
1582,2023-03-12 17:15:00,20526.8,20256.0,1.328010828094193,2023-03-12 19:45:00,20721.0,-2.295616113744076,9.010182906230394,9
1583,2023-03-13 08:45:00,22535.0,22200.4,1.4959070445329583,2023-03-13 12:00:00,21946.4,1.1441235293057783,11.909014690336448,12
1584,2023-03-14 01:15:00,24264.3,23922.0,1.420735769295419,2023-03-14 05:15:00,24221.8,-1.253239695677616,9.405576794457888,15
1585,2023-03-14 10:45:00,24444.0,24120.0,1.3343217197924389,2023-03-14 12:30:00,24401.4,-1.1666666666666725,8.600326210791177,6
1586,2023-03-15 09:30:00,24991.7,24622.0,1.4903141672562246,2023-03-15 11:30:00,24262.5,1.4600763544797335,3.909325090159711,7
1587,2023-03-16 06:00:00,24484.1,24123.2,1.484962135317114,2023-03-16 09:15:00,24375.0,-1.043808449956885,3.282051282051282,12
1588,2023-03-16 06:45:00,24528.5,24183.0,1.4185561930960862,2023-03-16 09:15:00,24375.0,-0.7939461605259892,3.282051282051282,9
1589,2023-03-18 15:30:00,27640.0,27231.6,1.4885660341597529,2023-03-18 20:00:00,27230.5,0.004039424785905143,0.8020418280971757,17
1590,2023-03-19 03:45:00,27186.9,26793.0,1.4594321219565114,2023-03-19 07:00:00,26816.2,-0.08658978091292774,5.118920652441437,12
1591,2023-03-19 07:00:00,27276.9,26880.0,1.4657412074915717,2023-03-19 11:00:00,26925.4,-0.16889880952381495,5.540121966618869,15
1592,2023-03-19 12:00:00,27204.3,26816.2,1.436861932044311,2023-03-19 20:30:00,27715.5,-3.3535698570267196,2.104959318792739,33
1593,2023-03-21 07:00:00,27949.7,27564.2,1.3888413532466641,2023-03-21 14:15:00,27707.9,-0.5213283897229041,2.7540881842362595,28
1594,2023-03-22 14:30:00,28415.0,27886.0,1.8791850944032966,2023-03-22 20:00:00,26583.4,4.67116115613569,4.1288924667273506,21
1595,2023-03-23 05:30:00,27411.1,27018.1,1.444077811174884,2023-03-23 07:15:00,27533.6,-1.9079802058619963,4.526832669901508,6
1596,2023-03-23 14:45:00,27737.0,27264.0,1.719968727841312,2023-03-23 19:15:00,27733.0,-1.7202171361502347,2.5601269246024594,17
1597,2023-03-24 11:45:00,28443.0,27914.1,1.8769596022506534,2023-03-24 13:30:00,27609.9,1.0897718357389172,2.315111608517224,6
1598,2023-03-25 15:45:00,27656.6,27252.3,1.4726210140796823,2023-03-25 17:30:00,27350.0,-0.35850185121989975,1.0676416819012797,6
1599,2023-03-26 00:30:00,27522.3,27132.0,1.42824992727013,2023-03-26 04:45:00,27446.7,-1.1598850066342352,2.732568942714425,16
1600,2023-03-26 11:45:00,27766.4,27246.5,1.890102139679971,2023-03-26 14:45:00,27680.4,-1.5924981190244671,1.624253984769001,11
1601,2023-03-26 23:00:00,28070.0,27602.8,1.6783779511718495,2023-03-27 02:00:00,27755.0,-0.5513933369078526,0.8355251306071031,11
1602,2023-03-27 14:00:00,28130.0,27601.0,1.898404837523102,2023-03-27 17:45:00,26913.0,2.4926633093003874,1.1990487868316455,14
1603,2023-03-28 01:00:00,27235.7,26862.0,1.3815744477121976,2023-03-28 05:30:00,26865.5,-0.01302955848410394,1.2302023040702759,17
1604,2023-03-28 10:15:00,27177.7,26785.0,1.4554497829056023,2023-03-28 13:15:00,26820.3,-0.13179018107149254,2.5230888543379484,11
1605,2023-03-28 18:45:00,27196.0,26733.5,1.7152022547956127,2023-03-28 21:45:00,27074.3,-1.2748050199188257,4.070650026039462,11
1606,2023-03-29 05:00:00,27610.0,27074.3,1.9592460724558995,2023-03-29 10:15:00,28232.6,-4.278226953236093,1.2818514766617366,20
1607,2023-03-29 06:15:00,27636.9,27245.0,1.4281575528544073,2023-03-29 10:15:00,28232.6,-3.624885300055051,1.2818514766617366,15
1608,2023-03-29 16:45:00,28644.5,28222.3,1.4848734235089744,2023-03-29 22:00:00,28183.2,0.13854292527539763,3.5978881035510515,20
1609,2023-03-30 02:15:00,28530.0,28125.0,1.4297061159650517,2023-03-30 09:00:00,28479.0,-1.2586666666666666,0.7363320341304145,26
1610,2023-03-30 14:00:00,28777.8,28352.1,1.4902879227864945,2023-03-30 18:00:00,27650.0,2.4763597758190703,2.603978300180832,15
1611,2023-03-31 05:45:00,28370.0,28059.0,1.1022701093409417,2023-03-31 07:30:00,27486.6,2.0399871698920187,4.323925112600322,6
1613,2023-04-01 02:00:00,28633.4,28230.4,1.4174219802405044,2023-04-01 07:15:00,28322.0,-0.324472908637492,0.5331544382458866,20
1614,2023-04-01 06:15:00,28838.6,28413.7,1.48430718067221,2023-04-01 10:15:00,28374.2,0.13901744580959186,0.3041495443043303,15
1615,2023-04-02 16:30:00,28685.3,27955.0,2.5787292793293797,2023-04-02 19:30:00,27822.8,0.47290287962797617,1.3129519674511525,11
1616,2023-04-03 01:30:00,28229.9,27822.8,1.4525616072018017,2023-04-03 04:45:00,27564.0,0.9301723766119848,3.577129589319402,12
1617,2023-04-03 08:00:00,27958.0,27553.6,1.456992772681751,2023-04-03 12:45:00,28045.4,-1.7848847337553093,1.1449292932174207,18
1618,2023-04-03 20:00:00,28238.4,27865.3,1.3300370563795336,2023-04-04 00:30:00,27648.2,0.7791051953504845,2.502152038830735,17
1619,2023-04-04 09:30:00,28138.0,27648.2,1.75598983261093,2023-04-04 11:30:00,28148.3,-1.8087976794149294,0.8536927629732498,7
1620,2023-04-04 10:00:00,28198.8,27800.2,1.4235968499437437,2023-04-04 11:30:00,28148.3,-1.2521492651131954,0.8536927629732498,5
1621,2023-04-04 15:00:00,28438.4,28026.0,1.4607434064649636,2023-04-04 19:15:00,28052.2,-0.09348462142296698,2.655406706069391,16
1622,2023-04-05 00:30:00,28298.3,27920.7,1.3433180953058521,2023-04-05 03:15:00,28416.5,-1.7757434448276699,1.1736139214892756,10
1623,2023-04-05 12:45:00,28797.1,28250.0,1.91806419607657,2023-04-05 16:15:00,27777.2,1.6736283185840681,1.8749189983151622,13
1624,2023-04-06 15:30:00,28298.0,27670.0,2.2441395082904516,2023-04-06 18:30:00,27925.0,-0.9215757137694254,0.7119068934646349,11
1625,2023-04-09 19:15:00,28173.5,27755.0,1.496553635445256,2023-04-10 01:30:00,28228.0,-1.7041974419023598,0.46762080204052714,24
1626,2023-04-09 21:15:00,28273.9,27865.0,1.4567438977251121,2023-04-10 01:30:00,28228.0,-1.3027094921945093,0.46762080204052714,16
1627,2023-04-10 15:30:00,28524.4,28129.4,1.394434265662674,2023-04-10 19:15:00,29028.0,-3.1945224569311774,4.960038583436679,14
1628,2023-04-10 22:00:00,29289.0,28993.0,1.0157510037404345,2023-04-11 03:15:00,29930.0,-3.2318145759321215,0.968927497494153,20
1629,2023-04-11 19:15:00,30272.1,29768.2,1.6785392478052168,2023-04-11 23:30:00,30142.8,-1.25838982538413,0.6674894170415513,16
1630,2023-04-12 02:15:00,30344.0,29892.3,1.4997601114278292,2023-04-12 06:15:00,29835.0,0.19168816049617887,2.1618903971845147,15
1631,2023-04-12 12:30:00,30253.0,29810.0,1.4751177929840333,2023-04-12 15:00:00,29630.0,0.6038242200603825,1.5156935538305722,9
1632,2023-04-13 15:00:00,30543.1,29732.0,2.691326932680323,2023-04-13 16:45:00,30250.7,-1.7445849589667723,2.3110209019956516,6
1633,2023-04-14 00:30:00,30600.0,30146.1,1.4944169255310267,2023-04-14 02:45:00,30513.0,-1.2170728551952041,1.7982499262609402,8
1634,2023-04-14 06:30:00,30949.8,30513.0,1.421347546808799,2023-04-14 08:45:00,30652.3,-0.45652672631337227,0.6776000495884509,8
1635,2023-04-14 15:00:00,31061.7,30465.5,1.9380046548518401,2023-04-14 16:45:00,29936.0,1.7380315438775007,2.1612773917691075,6
1636,2023-04-17 00:15:00,30583.0,30113.7,1.5463773154059424,2023-04-17 04:30:00,29892.0,0.7362097649906877,0.35762076809849275,16
1637,2023-04-17 11:30:00,30110.5,29719.0,1.308718942996348,2023-04-17 13:30:00,29219.0,1.6824253844342003,1.2354974502891953,7
1638,2023-04-18 01:15:00,29614.0,29130.0,1.6478278632711427,2023-04-18 04:15:00,29430.9,-1.0329557157569567,3.6325766456343453,11
1639,2023-04-18 10:15:00,29920.0,29363.6,1.8770789898049427,2023-04-18 15:15:00,30092.9,-2.483687286300055,1.2723931558606774,19
1640,2023-04-18 11:30:00,30029.6,29543.9,1.6305907828144968,2023-04-18 15:15:00,30092.9,-1.8582516187774802,1.2723931558606774,14
1641,2023-04-18 18:00:00,30500.0,30009.7,1.6205666198973032,2023-04-19 02:00:00,30106.0,-0.32089624354791707,0.7606457184614362,31
1642,2023-04-18 20:45:00,30379.5,29931.9,1.48429650115898,2023-04-19 02:00:00,30106.0,-0.5816536872032799,0.7606457184614362,20
1643,2023-04-19 08:00:00,30475.8,29957.8,1.714278149903365,2023-04-19 10:30:00,29076.9,2.940469593895406,1.4365355316419464,9
1644,2023-04-19 15:30:00,29494.6,29021.3,1.6176799809966156,2023-04-19 17:30:00,29030.0,-0.029977981689313465,1.1067860833620369,7
1645,2023-04-19 21:15:00,29366.6,29030.0,1.1528068414941917,2023-04-19 23:15:00,28555.0,1.636238374095763,1.848362808614951,7
1646,2023-04-20 12:15:00,29082.8,28555.1,1.8310868369597115,2023-04-20 16:00:00,28222.0,1.1665166642736273,1.5165473743887747,14
1647,2023-04-21 06:30:00,28393.9,27981.4,1.4634068466154502,2023-04-21 11:15:00,27905.6,0.2708942368859418,1.4129780402499963,18
1648,2023-04-21 17:15:00,28299.9,27832.0,1.6671447073767374,2023-04-21 19:30:00,27155.0,2.432451853981029,0.9287424047136833,8
1649,2023-04-22 16:00:00,27563.1,27058.0,1.8494684288672274,2023-04-22 18:30:00,27509.0,-1.6667898588217902,1.350103602457383,9
1650,2023-04-23 00:30:00,27880.4,27371.7,1.841377974773812,2023-04-23 05:30:00,27520.1,-0.5421658135957862,0.859735248055066,19
1651,2023-04-23 15:15:00,27800.0,27399.2,1.4521949593472343,2023-04-23 18:45:00,27320.0,0.28905953458495404,2.4487554904831623,13
1652,2023-04-24 00:45:00,27678.3,27302.2,1.3681214248688118,2023-04-24 02:45:00,27665.5,-1.3306619979342298,0.43013862030326583,7
1653,2023-04-24 07:00:00,27989.0,27449.0,1.9481222266315525,2023-04-24 08:45:00,27136.0,1.1402965499653905,2.078419811320755,6
1654,2023-04-24 12:00:00,27540.0,27136.0,1.4777964737727705,2023-04-24 17:00:00,26933.0,0.7480837264150944,2.4185942895332917,19
1655,2023-04-25 17:45:00,27584.4,27181.1,1.4728250449644498,2023-04-25 19:15:00,27461.2,-1.0304954545621854,3.728169198724015,5
1656,2023-04-26 08:15:00,28596.7,28108.2,1.7229551590779633,2023-04-26 14:30:00,29500.1,-4.951935734056246,1.3342327653126673,24
1657,2023-04-26 19:15:00,29893.7,29500.1,1.3253908657132634,2023-04-27 03:45:00,28810.8,2.336602248805934,1.6191844724894833,33
1658,2023-04-27 12:30:00,29135.6,28757.8,1.305157409998374,2023-04-27 15:45:00,28804.1,-0.1609997983155849,3.747383185032691,12
1659,2023-04-28 09:00:00,29657.1,29118.4,1.833076707131363,2023-04-28 13:45:00,28870.0,0.8530688499368148,1.9473501905091815,18
1660,2023-04-28 13:30:00,29516.3,29112.0,1.379197418311632,2023-04-28 18:00:00,29102.1,0.034006595218471616,1.1342824057370506,17
1661,2023-04-28 19:00:00,29299.7,28870.0,1.4774014650238896,2023-04-28 23:15:00,29254.4,-1.3314859715968184,0.5930731787355064,16
1662,2023-04-30 15:00:00,29432.2,29010.1,1.4445016708788057,2023-04-30 20:00:00,29137.8,-0.4401915195052783,1.1864313709339782,19
1663,2023-05-01 01:30:00,29483.5,29137.8,1.1794347788261288,2023-05-01 05:30:00,28217.0,3.1601562231877467,1.708544494453693,15
1664,2023-05-01 15:15:00,28699.1,28279.7,1.4721264751100334,2023-05-01 20:45:00,27640.1,2.2616930165454447,1.9070119138498134,21
1665,2023-05-02 14:15:00,28238.0,27784.0,1.620791831780372,2023-05-02 17:00:00,28408.6,-2.2480564353584747,1.6206360045901647,10
1666,2023-05-03 02:00:00,28869.0,28449.5,1.4637507959908231,2023-05-03 04:45:00,28420.0,0.10369250777693807,1.187895847994365,10
1667,2023-05-03 12:30:00,28757.6,28322.2,1.525583481371686,2023-05-03 14:45:00,28069.1,0.893645267669892,4.252719182303675,8
1668,2023-05-04 13:15:00,29384.2,28838.3,1.8752200609729965,2023-05-04 18:30:00,28653.1,0.6422015167329584,3.076804953041738,20
1669,2023-05-05 01:30:00,29055.4,28631.2,1.470705501797647,2023-05-05 03:45:00,29130.7,-1.7446002961803906,0.5883827027843402,8
1670,2023-05-05 12:30:00,29534.7,29007.7,1.80040449315368,2023-05-05 18:45:00,29292.3,-0.9811188063858856,1.8458775855770997,24
1671,2023-05-06 03:15:00,29833.0,29253.9,1.9601637588027077,2023-05-06 06:00:00,29253.2,0.002392843347385229,0.5845514336893057,10
1672,2023-05-06 13:30:00,29742.8,28956.0,2.680804377602265,2023-05-06 15:00:00,28325.0,2.179168393424506,2.217122683142101,5
1673,2023-05-07 01:15:00,28953.0,28529.4,1.4738424282910894,2023-05-07 03:30:00,28723.7,-0.6810518272378643,0.9187535032046631,8
1674,2023-05-07 23:45:00,29129.3,28629.7,1.7299468481102462,2023-05-08 01:45:00,28042.3,2.0517155261843523,0.8833084304782444,7
1675,2023-05-08 07:45:00,28290.0,27992.3,1.0578814298633876,2023-05-08 13:00:00,27713.7,0.9952737002675685,1.3072956696507476,20
1676,2023-05-08 15:00:00,27977.5,27555.0,1.521631477062981,2023-05-08 18:00:00,27285.3,0.9787697332607539,1.663166613524496,11
1677,2023-05-08 23:15:00,27649.3,27250.0,1.4546633563633753,2023-05-09 00:45:00,27531.0,-1.0311926605504587,0.7558751952344577,5
1678,2023-05-09 14:00:00,27810.6,27397.4,1.4968845094913676,2023-05-09 19:00:00,27470.0,-0.264988648557887,1.361485256643611,19
1679,2023-05-10 12:30:00,27844.0,27384.0,1.6658216846527123,2023-05-10 14:45:00,28029.4,-2.3568507157464267,0.9186782449856222,8
1680,2023-05-11 13:45:00,27714.8,27251.3,1.686494039053162,2023-05-11 17:45:00,26726.1,1.9272475074583624,1.3200579209087855,15
1681,2023-05-12 02:45:00,27078.9,26711.1,1.3675404350251084,2023-05-12 06:00:00,26102.7,2.2777047744196155,1.8971217536883185,12
1682,2023-05-12 19:00:00,26597.9,26102.7,1.8792954918919353,2023-05-12 22:45:00,26620.3,-1.982936631076473,1.335447008486005,14
1683,2023-05-14 15:00:00,27036.5,26534.3,1.8749019988501223,2023-05-14 19:15:00,26807.6,-1.029987600954234,2.0195765379966932,16
1684,2023-05-15 01:30:00,27198.6,26700.2,1.8493918231945714,2023-05-15 07:45:00,27374.0,-2.5235766024224513,1.0009498063856215,24
1685,2023-05-15 17:00:00,27577.1,27133.5,1.621623597620931,2023-05-15 19:15:00,27301.8,-0.6202664602797253,0.39814224703133394,8
1686,2023-05-16 01:15:00,27648.0,27064.2,2.1340761292728105,2023-05-16 06:00:00,26974.3,0.3321731290782711,1.1073503297583283,18
1687,2023-05-17 11:30:00,27273.0,26650.0,2.3107022977208245,2023-05-17 14:30:00,26501.4,0.5575984990619083,4.0141275555253655,11
1688,2023-05-17 16:45:00,26945.0,26501.4,1.6599808406178844,2023-05-17 21:00:00,27255.0,-2.843623355747238,1.1381397908640642,16
1689,2023-05-18 14:45:00,27565.2,27131.7,1.585098972702292,2023-05-18 17:45:00,26341.3,2.9131974774894367,2.686655556103916,11
1690,2023-05-19 15:15:00,27049.0,26675.0,1.3923013923013923,2023-05-19 19:15:00,26763.4,-0.33139643861293894,0.5387955192538955,15
1691,2023-05-22 00:30:00,27282.1,26602.7,2.5216758714887972,2023-05-22 02:00:00,26528.0,0.2807985655591377,1.4022919179734619,5
1692,2023-05-22 13:30:00,26900.0,26510.0,1.4604006740310804,2023-05-22 17:15:00,26763.3,-0.9554884949075794,2.441402966001956,14
1693,2023-05-23 03:00:00,27180.1,26753.3,1.5826927284391465,2023-05-23 07:30:00,27186.4,-1.6188657100245658,0.6992466821646063,17
1694,2023-05-24 03:30:00,27495.6,26868.0,2.308897865483517,2023-05-24 06:45:00,26580.0,1.0719071013845467,0.9796839729119693,12
1695,2023-05-24 13:45:00,26922.9,26580.0,1.2817996781482928,2023-05-24 19:00:00,26190.4,1.4657637321294152,1.154621540717201,20
1696,2023-05-25 01:15:00,26492.8,26050.0,1.6854830728472758,2023-05-25 07:45:00,26116.5,-0.2552783109404991,1.506710317232401,25
1697,2023-05-25 19:00:00,26510.0,25934.4,2.1950866060055927,2023-05-25 22:30:00,26409.7,-1.8327009685976898,0.4892141902407098,13
1698,2023-05-26 14:15:00,26680.0,26244.8,1.644597617751983,2023-05-26 15:45:00,26731.6,-1.8548436261659424,0.34154334196233266,5
1701,2023-05-28 18:15:00,27440.0,26929.4,1.8782624049557235,2023-05-28 19:45:00,27465.0,-1.9889043201853682,3.5827416712179136,5
1702,2023-05-29 03:45:00,28449.0,28025.6,1.4994351442949627,2023-05-29 07:30:00,27822.0,0.7264786480931669,0.5136223132772678,14
1703,2023-05-29 17:00:00,28199.0,27528.8,2.4052627234522115,2023-05-29 18:45:00,27602.1,-0.26626660079625436,1.1879530905257263,6
1704,2023-05-30 14:45:00,28036.7,27510.0,1.8964222897129828,2023-05-30 16:15:00,27529.0,-0.06906579425663395,1.2023684114933344,5
1705,2023-05-31 04:45:00,27898.8,27529.0,1.334348467736404,2023-05-31 09:30:00,27036.6,1.7886592320825365,0.6505995576366905,18
1706,2023-06-01 02:45:00,27343.4,26817.0,1.943855658377713,2023-06-01 07:00:00,26752.1,0.24201066487676273,1.5766986516946444,16
1707,2023-06-01 19:30:00,27173.9,26584.6,2.1923974813285447,2023-06-02 00:30:00,26480.7,0.3908277724697675,2.7767392855929005,19
1708,2023-06-02 00:30:00,27041.0,26639.0,1.4977645305514158,2023-06-02 07:45:00,27028.1,-1.4606404144299656,0.8764952031404408,28
1709,2023-06-02 13:45:00,27265.0,26849.0,1.5374949181357873,2023-06-02 18:30:00,26998.0,-0.5549554918246489,1.0941551226016797,18
1710,2023-06-03 19:45:00,27324.9,26828.5,1.833310558524493,2023-06-04 01:00:00,26946.4,-0.43945803902566843,1.0962503339963698,20
1711,2023-06-04 23:45:00,27450.0,26905.9,2.001990584278794,2023-06-05 01:15:00,26932.1,-0.0973764118650448,0.5094292684194724,5
1712,2023-06-05 15:15:00,27168.0,26542.0,2.331037050828524,2023-06-05 19:00:00,25372.4,4.406600859015894,1.9016726837035518,14
1714,2023-06-07 09:45:00,27114.5,26622.1,1.8326429286557075,2023-06-07 16:00:00,26211.0,1.5442057538661433,1.286482774407694,24
1715,2023-06-07 21:45:00,26548.2,26211.0,1.2782604740026413,2023-06-08 03:15:00,26190.3,0.07897447636488775,1.5353012374810606,21
1716,2023-06-08 15:30:00,26679.8,26115.4,2.1380731581658856,2023-06-09 00:15:00,26413.0,-1.1395575024698015,1.0032938325824403,34
1717,2023-06-10 04:15:00,26770.0,26241.6,1.9935259452648155,2023-06-10 05:45:00,25450.0,3.016584354612518,1.1709233791748528,5
1718,2023-06-10 17:00:00,25797.4,25450.0,1.355776097909363,2023-06-11 01:00:00,25705.5,-1.0039292730844795,0.5605804205325652,31
1719,2023-06-11 17:30:00,26024.3,25549.3,1.8420277040966697,2023-06-11 22:30:00,25733.0,-0.7190020861628331,1.095869117475615,19
1720,2023-06-11 19:15:00,26072.7,25687.2,1.489570111225099,2023-06-11 22:30:00,25733.0,-0.1782989193061107,1.095869117475615,12
1721,2023-06-11 20:00:00,26098.0,25712.8,1.486948667073277,2023-06-11 22:30:00,25733.0,-0.07856009458324542,1.095869117475615,9
1722,2023-06-11 22:30:00,26196.8,25820.0,1.4487627074329803,2023-06-12 02:15:00,25603.8,0.8373353989155721,1.9184652278177488,14
1723,2023-06-12 02:15:00,26109.1,25733.0,1.4509443097405335,2023-06-12 06:00:00,25730.3,0.0104923638907268,1.4173950556347992,14
1724,2023-06-13 12:45:00,26420.0,25603.8,3.137794624767897,2023-06-13 15:45:00,25708.1,-0.40736140729110243,1.2980344716256773,11
1725,2023-06-14 20:00:00,26098.4,25708.1,1.5067607346568594,2023-06-14 22:30:00,24928.5,3.0325072642474495,1.0786850392121525,9
1726,2023-06-15 18:45:00,25208.5,24780.0,1.714394310691459,2023-06-15 20:30:00,25207.1,-1.7235673930589126,2.153758266520153,6
1727,2023-06-16 14:45:00,25750.0,25422.8,1.2788043648188128,2023-06-16 21:45:00,26269.1,-3.3289016158723634,2.351431910495604,27
1728,2023-06-17 05:30:00,26500.0,26148.0,1.3371827989667224,2023-06-17 12:00:00,26385.5,-0.908291265106318,0.7712569403649732,25
1729,2023-06-18 23:00:00,26772.3,26282.0,1.8482950486576932,2023-06-19 00:45:00,26250.0,0.12175633513431246,0.8377142857142913,6
1730,2023-06-19 17:30:00,26631.3,26232.0,1.5106888900238888,2023-06-19 19:00:00,26362.2,-0.49634034766697444,3.049062673069771,5
1731,2023-06-20 00:15:00,26848.5,26557.8,1.0886356104055168,2023-06-20 02:15:00,26855.6,-1.1213278208285298,0.6259402135867461,7
1732,2023-06-20 00:45:00,26963.6,26597.0,1.3689167036963683,2023-06-20 02:15:00,26855.6,-0.9722901079069013,0.6259402135867461,5
1734,2023-06-21 10:30:00,29078.0,28666.0,1.4269880853422001,2023-06-21 13:00:00,28863.0,-0.6872252843089374,6.711014101098292,9
1735,2023-06-21 13:45:00,29217.0,28785.0,1.489603806765284,2023-06-21 19:15:00,29888.0,-3.831856869897516,2.0396145610278325,21
1736,2023-06-22 00:30:00,30189.4,29749.9,1.4664835925678144,2023-06-22 04:15:00,30186.1,-1.4662234158770182,0.5429651395841181,14
1737,2023-06-22 02:15:00,30243.4,29810.8,1.4406985689593805,2023-06-22 04:15:00,30186.1,-1.2589397131241002,0.5429651395841181,7
1738,2023-06-22 06:45:00,30497.6,30044.5,1.4968096580726422,2023-06-22 11:00:00,29817.0,0.7572101382948626,1.7875708488446187,16
1740,2023-06-23 15:00:00,30339.8,29785.3,1.844487576735839,2023-06-23 19:30:00,30580.0,-2.6680946641464103,1.1726618705035923,17
1741,2023-06-24 15:30:00,30797.9,30352.9,1.4554184082628518,2023-06-24 21:15:00,30400.1,-0.15550408692413933,2.1118351584369788,22
1742,2023-06-25 04:15:00,30888.0,30248.1,2.0933621869893617,2023-06-25 07:15:00,30656.0,-1.3485144521474126,0.33076722338205067,11
1743,2023-06-26 01:00:00,31042.1,30260.0,2.551625474494344,2023-06-26 05:15:00,30155.0,0.34699272967614014,1.6401923395788376,16
1744,2023-06-26 07:00:00,30474.4,29927.0,1.8125407689225794,2023-06-26 10:00:00,30115.0,-0.6281952751695793,1.775195085505557,11
1745,2023-06-26 13:45:00,30565.0,30115.0,1.4831905075807514,2023-06-26 17:15:00,29917.0,0.6574796612983563,1.9152989938830765,13
1746,2023-06-26 16:30:00,30649.6,30216.1,1.424447595279443,2023-06-26 22:00:00,30089.8,0.4179890852889661,1.3300188103609885,21
1747,2023-06-27 10:00:00,30490.0,29917.0,1.8971311271872466,2023-06-27 13:30:00,30520.0,-2.0155764281177926,1.5629095674967235,13
1748,2023-06-27 11:45:00,30696.8,30253.0,1.4562804143737937,2023-06-27 13:30:00,30520.0,-0.8825571017750306,1.5629095674967235,6
1749,2023-06-28 14:30:00,30815.6,29978.0,2.7555532161280087,2023-06-28 17:15:00,30041.1,-0.2104876909733756,0.6754080243399925,10
1750,2023-06-28 19:15:00,30490.0,30041.1,1.4832045014876698,2023-06-29 00:45:00,30027.8,0.04427267976205689,2.3631434870353547,21
1751,2023-06-29 10:15:00,30554.0,29817.0,2.441569627801428,2023-06-29 14:45:00,30380.4,-1.8895261092665305,0.9068346697212676,17
1752,2023-06-29 13:15:00,30737.4,30302.6,1.4246395806028929,2023-06-29 14:45:00,30380.4,-0.2567436457597794,0.9068346697212676,5
1753,2023-06-30 03:30:00,30830.0,30220.0,1.9983619983619985,2023-06-30 06:30:00,30591.7,-1.2299801455989434,1.712882906147746,11
1754,2023-06-30 13:30:00,31115.7,30591.7,1.6983376385976399,2023-06-30 16:00:00,29912.7,2.2195562848746553,2.6791296004706955,9
1755,2023-07-02 15:15:00,30714.1,30260.0,1.4894848796456153,2023-07-02 18:00:00,30350.2,-0.2980832782551247,1.4490843552925492,10
1756,2023-07-03 15:30:00,30942.9,30350.2,1.9339860441061087,2023-07-03 21:15:00,30824.3,-1.5620984375720706,1.6055514642668332,22
1757,2023-07-04 01:30:00,31257.3,30824.3,1.3949382747867323,2023-07-04 06:00:00,30863.9,-0.1284700706909879,0.6787865435022794,17
1758,2023-07-04 19:15:00,31319.2,30677.2,2.0710879986579864,2023-07-05 00:45:00,30738.0,-0.19819279464879216,0.4265079055241022,21
1759,2023-07-05 10:45:00,31058.3,30424.8,2.0607288832215684,2023-07-05 13:30:00,30176.6,0.8157818621650782,1.3639707587998722,10
1760,2023-07-06 08:30:00,30840.0,30176.6,2.1744902206940453,2023-07-06 14:30:00,29854.5,1.0673833367576153,2.0784136394848347,23
1761,2023-07-06 23:15:00,30475.0,29936.5,1.7827731474967516,2023-07-07 05:00:00,30050.0,-0.3791358375227565,1.254242928452584,22
1762,2023-07-07 12:30:00,30288.0,29860.0,1.4231562146704795,2023-07-07 18:45:00,30090.4,-0.7716008037508421,0.9527955759976506,24
1763,2023-07-10 19:45:00,30621.4,29927.5,2.2920317297258954,2023-07-10 21:45:00,30157.1,-0.7671873694762293,1.626482652509691,7
1764,2023-07-11 15:15:00,30647.6,30170.0,1.5705979847938707,2023-07-11 18:30:00,30390.0,-0.7292011932383162,0.9101678183612982,12
1765,2023-07-12 13:30:00,30962.2,30360.4,1.9627347829348372,2023-07-12 16:00:00,30408.0,-0.15678317808724043,0.3811496974480448,9
1766,2023-07-12 19:15:00,30845.6,30408.0,1.4288139799130126,2023-07-13 01:30:00,30277.0,0.43080768218889764,1.1774614393764242,24
1767,2023-07-13 15:30:00,30810.0,30185.0,2.049348307238298,2023-07-13 21:00:00,31011.2,-2.7371210866324356,2.01185378185945,21
1768,2023-07-14 07:30:00,31635.1,31070.5,1.8007961011456666,2023-07-14 10:30:00,31084.0,-0.04344957435509567,0.8927422468150817,11
1769,2023-07-14 17:15:00,31519.6,31031.8,1.5596773213709023,2023-07-14 19:00:00,29873.0,3.734233914887307,1.7105747665115658,6
1770,2023-07-17 18:30:00,30445.4,29873.0,1.8979283270113314,2023-07-17 23:00:00,30060.3,-0.6269875807585421,0.5465680648563032,17
1771,2023-07-18 16:45:00,30290.4,29660.0,2.1030718727481434,2023-07-18 19:45:00,29652.2,0.02629804450438055,1.8133561759329855,11
1772,2023-07-20 09:30:00,30315.0,29652.2,2.2105417628303448,2023-07-20 11:00:00,30240.3,-1.9833267008855955,0.24801341256535156,5
1773,2023-07-20 14:30:00,30407.0,29964.7,1.4652560719674923,2023-07-20 16:45:00,29632.1,1.1099727345843682,1.0492000229480916,8
1774,2023-07-23 19:00:00,30278.0,29488.1,2.6433044819722267,2023-07-23 21:30:00,29900.0,-1.3968346553355473,0.6153846153846154,9
1775,2023-07-24 09:45:00,30330.0,29636.6,2.3126206921853214,2023-07-24 12:00:00,29131.1,1.705661243192539,0.3875583139668652,8
1776,2023-07-24 15:00:00,29371.9,28992.5,1.3001075998382625,2023-07-24 18:00:00,28983.7,0.030352677416570745,0.738001014363238,11
1777,2023-07-26 20:30:00,29561.3,28851.0,2.4320220227589027,2023-07-26 23:45:00,29272.0,-1.4592215174517347,0.9585952446023455,12
1778,2023-07-31 00:30:00,29665.1,29000.4,2.2660677911208364,2023-07-31 05:45:00,29343.0,-1.1813630156825372,0.40111781344784353,20
1779,2023-08-01 02:00:00,29520.0,29100.0,1.4329580348004094,2023-08-01 04:00:00,28795.0,1.0481099656357387,0.6695606876193758,7
1780,2023-08-01 16:00:00,28997.9,28555.6,1.5370046999748161,2023-08-01 20:30:00,29170.2,-2.152292369972973,2.9818102035639082,17
1781,2023-08-01 23:45:00,29487.4,28910.7,1.975064257227549,2023-08-02 04:15:00,29575.0,-2.297765187283598,0.463229078613694,17
1782,2023-08-02 16:45:00,29896.0,29160.0,2.4925494445949608,2023-08-02 18:30:00,29012.4,0.5061728395061679,0.919606788821329,6
1783,2023-08-04 20:45:00,29433.0,28922.2,1.7506580390436475,2023-08-04 23:30:00,29035.1,-0.3903575799904496,0.363697731366526,10
1784,2023-08-07 16:15:00,29212.7,28732.6,1.6570800392784306,2023-08-07 23:15:00,29150.8,-1.4554895832608283,0.6147344155220464,27
1785,2023-08-07 18:00:00,29075.0,28677.1,1.3779585504250114,2023-08-07 23:15:00,29150.8,-1.651840667292023,0.6147344155220464,20
1787,2023-08-08 16:30:00,29673.4,29252.1,1.429941196935123,2023-08-08 22:30:00,29662.0,-1.4012669175888277,0.6985368484930238,23
1788,2023-08-09 15:30:00,30129.0,29625.0,1.6869163570639623,2023-08-09 17:30:00,29434.0,0.6447257383966245,0.7311272677855566,7
1789,2023-08-14 18:00:00,29787.8,29080.0,2.404710215092119,2023-08-15 01:30:00,29366.0,-0.9834938101788171,0.27923448886467345,29
1790,2023-08-15 19:00:00,29655.0,29230.0,1.4434915513288613,2023-08-15 23:00:00,29167.6,0.213479302086902,0.3123328624912649,15
1791,2023-08-16 23:00:00,29416.1,28818.9,2.0510002575770487,2023-08-17 00:45:00,28302.6,1.7915326400383185,1.4744228445443277,6
1792,2023-08-17 15:30:00,28719.9,28264.1,1.5997472974870242,2023-08-17 21:30:00,24200.9,14.375833654706845,11.56361953481069,23
1793,2023-08-18 13:45:00,26606.5,26217.7,1.4720525819605381,2023-08-18 17:00:00,25572.9,2.459407194376315,2.9245803174454124,12
1794,2023-08-19 16:45:00,26320.8,25785.7,2.0538704384289814,2023-08-19 20:30:00,26018.0,-0.900886925699125,0.6687677761549696,14
1795,2023-08-21 15:15:00,26307.0,25865.7,1.6916893317769612,2023-08-21 18:45:00,26010.1,-0.558268285799332,1.0365204286027436,13
1796,2023-08-22 21:15:00,26279.7,25705.8,2.2079233632455257,2023-08-23 04:00:00,25966.3,-1.0133899742470571,0.7894848322633566,26
1797,2023-08-23 16:00:00,26184.2,25801.0,1.4742657525603469,2023-08-23 18:45:00,26416.6,-2.385954032789421,1.54145499420819,10
1798,2023-08-24 14:30:00,26573.6,26186.9,1.465869353019767,2023-08-24 17:30:00,25834.0,1.3476203750730382,1.4000929008283685,11
1799,2023-08-25 14:30:00,26301.3,25834.0,1.7926433721490016,2023-08-25 17:45:00,25817.8,0.06270805914686353,1.1511437845207597,12
1800,2023-08-28 12:15:00,26170.0,25755.0,1.5984593163216179,2023-08-28 14:00:00,26061.4,-1.1896719083673128,0.4819388060503217,6
1801,2023-08-29 14:15:00,26243.5,25893.3,1.3433889306593452,2023-08-29 20:45:00,27545.1,-6.37925640995933,0.8375355326355712,25
1802,2023-08-30 01:00:00,27923.3,27520.3,1.4537295558008498,2023-08-30 03:15:00,27270.9,0.9062401209289065,0.8180881452390589,8
1803,2023-08-30 02:15:00,27844.4,27422.2,1.5278667404906423,2023-08-30 06:45:00,27362.0,0.21953016169381276,0.48242087566698344,17
1804,2023-08-30 14:45:00,27629.7,27133.0,1.8140084400513516,2023-08-30 16:30:00,27052.0,0.29852946596395535,1.0871654591157716,6
1805,2023-08-31 11:30:00,27371.1,26969.5,1.4780845261185873,2023-08-31 17:00:00,26101.1,3.219933628728754,1.1141292895701826,21
1806,2023-09-01 14:45:00,26145.0,25780.0,1.4058738565238325,2023-09-01 17:30:00,25305.4,1.840961986035681,2.442561666679833,10
1807,2023-09-06 17:00:00,26133.0,25518.4,2.379799966699832,2023-09-07 01:30:00,25711.6,-0.7571007586682437,0.47410507319653955,33
1808,2023-09-07 21:00:00,26017.8,25567.1,1.7474105794525172,2023-09-07 23:30:00,26124.1,-2.1785810670744827,1.1950650931515372,9
1809,2023-09-08 10:00:00,26450.0,26017.0,1.6505613052013646,2023-09-08 12:00:00,25770.3,0.9482261598185829,0.6891654346282433,7
1810,2023-09-10 22:00:00,25947.9,25543.1,1.5723136082033868,2023-09-11 00:45:00,25646.0,-0.40284851877807104,0.9514154254074709,10
1811,2023-09-11 14:00:00,26020.0,25550.1,1.822373817386437,2023-09-11 17:15:00,25040.0,1.9964696811362717,3.622603833865809,12
1812,2023-09-11 20:00:00,25236.9,24915.0,1.2837001190383672,2023-09-11 23:15:00,25070.0,-0.6221151916516154,3.6609493418428367,12
1813,2023-09-12 03:15:00,25431.0,24853.4,2.297332771197423,2023-09-12 05:15:00,25596.2,-2.988725888610811,3.2203999031106147,7
1814,2023-09-12 10:15:00,25885.1,25596.2,1.1223492802240729,2023-09-12 13:15:00,26005.3,-1.598284120299101,2.225315608741298,11
1815,2023-09-13 11:45:00,26220.0,25740.5,1.8456327402546164,2023-09-13 14:00:00,26050.0,-1.202385346049999,1.3320537428023032,8
1816,2023-09-13 16:30:00,26384.8,25897.9,1.8625663938549382,2023-09-13 19:00:00,26032.3,-0.518960996837573,1.9652508614298476,9
1817,2023-09-14 00:45:00,26397.0,26032.3,1.3912068251912604,2023-09-14 05:45:00,26145.1,-0.43330785216826506,2.4933926433633893,19
1818,2023-09-14 01:15:00,26543.9,26158.1,1.4640810595423432,2023-09-14 05:45:00,26145.1,0.04969779915207909,2.4933926433633893,17
1819,2023-09-14 13:15:00,26583.0,26105.5,1.8125397382730577,2023-09-14 16:30:00,26516.0,-1.5724655723889602,1.3093980992608265,12
1820,2023-09-14 21:45:00,26863.2,26400.0,1.7392871626188466,2023-09-15 01:00:00,26429.6,-0.11212121212120661,0.9606653146472194,12
1821,2023-09-15 14:45:00,26713.2,26255.5,1.7281904218906665,2023-09-15 17:30:00,26302.0,-0.17710574927158118,2.238993232453811,10
1822,2023-09-15 22:30:00,26554.7,26204.8,1.3263961940503661,2023-09-16 00:00:00,26560.0,-1.3554768592013706,0.7733433734939813,5
1823,2023-09-18 10:15:00,26965.0,26350.3,2.3059046840212876,2023-09-18 14:00:00,27121.0,-2.924824385301119,0.8296154271597654,14
1824,2023-09-18 17:15:00,27400.0,27041.3,1.3177495761489924,2023-09-18 21:00:00,26716.8,1.20001627140707,0.5730476703796944,14
1825,2023-09-19 09:15:00,27145.0,26615.1,1.9713504997200582,2023-09-19 14:00:00,26868.0,-0.9502124733703855,2.243188923626622,18
1826,2023-09-20 02:00:00,27368.4,26973.0,1.4552440680586125,2023-09-20 06:00:00,26925.1,0.17758499239981262,1.1398286357339489,15
1827,2023-09-20 06:00:00,27383.1,26987.1,1.456680313848395,2023-09-20 10:15:00,26930.5,0.20972983388359087,1.3501420322682407,16
1828,2023-09-20 19:15:00,27294.1,26925.1,1.3611414406704638,2023-09-20 22:30:00,27036.6,-0.41411173960356695,0.4190615683924862,12
1829,2023-09-21 09:30:00,27244.1,26804.5,1.6266841324289567,2023-09-21 11:00:00,26606.5,0.7386819377343357,0.6066186834044367,5
1830,2023-09-24 19:15:00,26732.9,26363.0,1.3933279217416088,2023-09-25 00:15:00,25971.3,1.4857944846944608,1.3426359096387195,19
1831,2023-09-24 23:15:00,26680.1,26301.3,1.4299357887862507,2023-09-25 06:00:00,26025.0,1.0505184154395382,1.244956772334294,26
1832,2023-09-25 16:15:00,26349.0,25971.3,1.4437990607852047,2023-09-25 19:30:00,26254.9,-1.0919746027345654,0.6935848165485244,12
1833,2023-09-27 11:30:00,26573.5,26028.3,2.072932865415255,2023-09-27 14:30:00,26151.0,-0.4714099653069956,1.5066345455240717,11
1834,2023-09-28 14:30:00,26670.0,26087.5,2.2082168412074115,2023-09-28 18:45:00,26836.6,-2.8714901772879675,1.2087969414903583,16
1835,2023-09-29 14:00:00,27238.9,26836.6,1.4879196678717825,2023-09-29 18:15:00,26731.1,0.39311984379541376,0.923643247004431,16
1836,2023-10-01 22:15:00,27279.6,26715.0,2.0913202431354194,2023-10-02 01:15:00,27810.1,-4.099195208684255,2.398049629451176,11
1837,2023-10-02 03:30:00,28044.3,27805.9,0.8537122517018662,2023-10-02 05:30:00,27900.0,-0.3384173862381672,2.479211469534053,7
1838,2023-10-02 07:30:00,28241.2,27829.5,1.4685031576206495,2023-10-02 09:15:00,28224.2,-1.418279164196269,1.3020741066177253,6
1839,2023-10-02 14:15:00,28591.7,28079.9,1.8061956959041183,2023-10-02 16:00:00,27834.0,0.8757153693567336,0.9937486527268755,6
1841,2023-10-05 13:15:00,27899.3,27438.8,1.6643144596579933,2023-10-05 17:15:00,27336.6,0.3724652681604178,0.8720908964538439,15
1842,2023-10-06 12:45:00,27788.0,27336.6,1.6377443101628004,2023-10-06 17:00:00,27773.8,-1.5993210567517568,1.8405835715674512,16
1843,2023-10-06 21:30:00,28043.1,27773.8,0.9649407258375128,2023-10-07 00:15:00,27817.5,-0.15734253145050633,0.7308349060842968,10
1844,2023-10-09 09:45:00,28162.5,27650.3,1.8354212653728201,2023-10-09 13:00:00,27339.8,1.122953458009497,1.4572162195773248,12
1845,2023-10-09 18:00:00,27748.3,27250.0,1.812056009003912,2023-10-09 20:45:00,27541.5,-1.0697247706422017,0.5573407403373092,10
1846,2023-10-11 02:30:00,27738.2,27282.3,1.6572004979962067,2023-10-11 04:00:00,26942.9,1.2440300121324002,1.46272301793793,5
1847,2023-10-11 15:15:00,27337.0,26942.9,1.452102896283886,2023-10-11 17:45:00,26523.0,1.558481084070391,1.5420578365946538,9
1848,2023-10-13 20:45:00,26968.0,26523.0,1.6638312987231496,2023-10-13 22:45:00,26740.0,-0.8181578252837161,0.8930441286462202,7
1849,2023-10-16 05:15:00,27283.1,26728.8,2.052510650430736,2023-10-16 09:15:00,27620.0,-3.334231241207988,10.882693700217231,15
1850,2023-10-16 13:15:00,27972.9,27620.0,1.269586583898309,2023-10-16 21:00:00,28210.8,-2.139029688631424,1.216200887603337,30
1851,2023-10-17 04:00:00,28633.3,28210.8,1.486521908166371,2023-10-17 06:30:00,28103.6,0.37999631346860324,1.7663217523733665,9
1852,2023-10-17 07:45:00,28411.9,28026.0,1.3675207617576184,2023-10-17 13:45:00,28111.4,-0.3047170484550113,1.7267016228291645,23
1853,2023-10-17 10:15:00,28500.0,28098.3,1.4194772634513784,2023-10-17 13:45:00,28111.4,-0.04662203763217769,1.7267016228291645,13
1854,2023-10-17 12:45:00,28600.0,28191.3,1.4393049639645534,2023-10-17 17:15:00,28336.5,-0.5150525162018096,0.7403878390062261,17
1855,2023-10-18 04:45:00,28596.8,28258.6,1.1896847089282663,2023-10-18 08:00:00,28450.6,-0.6794391795771907,0.4695858786809494,12
1856,2023-10-18 14:30:00,28589.8,28201.1,1.3688812820363854,2023-10-18 20:30:00,28173.4,0.09822311895634245,0.8220520065025824,23
1857,2023-10-19 15:00:00,28750.0,28074.0,2.379276362100521,2023-10-19 17:30:00,28436.1,-1.2898055139987123,3.4248719057817407,9
1858,2023-10-19 16:15:00,28799.0,28385.5,1.4461960846033453,2023-10-19 22:00:00,28580.0,-0.6852089975515668,2.9041287613715885,22
1859,2023-10-20 02:45:00,28978.6,28474.3,1.7555249604458585,2023-10-20 05:30:00,29108.3,-2.2265692220704283,3.9566034430042314,10
1860,2023-10-20 08:15:00,29410.0,28990.5,1.4366315356889068,2023-10-20 12:45:00,29350.5,-1.2417861023438714,1.2725507231563347,17
1861,2023-10-21 17:45:00,30075.0,29302.0,2.6037017700456406,2023-10-21 20:15:00,29894.3,-2.0213637294382614,1.4273624068802437,9
1862,2023-10-21 23:30:00,30276.4,29892.1,1.2774125996160879,2023-10-22 02:30:00,29825.1,0.22413948835980074,1.6626935031232133,11
1863,2023-10-22 05:45:00,30166.6,29822.2,1.1482143333422166,2023-10-22 07:30:00,29605.9,0.7252986030540981,1.272719289060624,6
1864,2023-10-23 00:45:00,30048.1,29605.9,1.482549368022252,2023-10-23 07:45:00,30400.2,-2.6829111764884677,3.042085249439146,27
1865,2023-10-23 14:45:00,30774.9,30330.0,1.456184364920003,2023-10-23 18:30:00,30577.0,-0.8143752060666007,20.167119076429994,14
1867,2023-10-25 23:00:00,34870.1,34378.0,1.4212664318587758,2023-10-26 00:45:00,34430.8,-0.1535865960788961,1.2032831069855932,6
1868,2023-10-26 10:30:00,34845.1,34312.8,1.539375834141857,2023-10-26 14:30:00,33855.4,1.3330302394441766,1.311755288668864,15
1869,2023-10-27 01:45:00,34299.5,33751.0,1.6120381187500459,2023-10-27 05:15:00,33979.7,-0.6776095523095526,0.8728740983587431,13
1870,2023-10-27 17:00:00,34276.3,33779.5,1.4599784294652414,2023-10-27 18:30:00,33401.7,1.1184298169007916,2.545978198714441,5
1871,2023-10-28 11:15:00,34252.1,33401.7,2.5139755638264267,2023-10-28 12:45:00,33920.1,-1.5520168135154844,0.9961645160244263,5
1872,2023-10-30 02:00:00,34795.0,33920.1,2.5464563101851017,2023-10-30 07:30:00,34126.0,-0.6070147198858536,2.3067455898728157,21
1873,2023-10-30 09:15:00,34624.5,34126.0,1.450171271481662,2023-10-30 13:00:00,34480.0,-1.0373322393482975,1.1354408352668215,14
1875,2023-10-31 11:30:00,34638.6,34041.4,1.739079790331966,2023-10-31 14:00:00,34135.5,-0.27642811400235756,1.8324032165926967,9
1876,2023-11-01 12:45:00,34761.0,34135.5,1.8157671289543011,2023-11-01 14:45:00,34058.0,0.22703636976168506,4.967408538375721,7
1877,2023-11-02 02:15:00,35688.0,35185.0,1.4194404074894529,2023-11-02 06:15:00,35067.3,0.33451755009236067,1.2712698154690998,15
1878,2023-11-02 13:30:00,35574.6,35067.3,1.4362580847910253,2023-11-02 16:30:00,34295.7,2.2003404881470936,2.391845041798252,11
1879,2023-11-03 00:45:00,35116.0,34606.4,1.4617970695214124,2023-11-03 04:45:00,34301.0,0.8824957233344163,1.5037462464651261,15
1880,2023-11-03 14:15:00,34795.7,34131.7,1.9266648676723626,2023-11-03 17:45:00,34329.5,-0.5795199184336055,1.3699587818057442,13
1881,2023-11-04 23:00:00,35192.0,34329.5,2.481246808541243,2023-11-05 02:15:00,34951.9,-1.8130179583157386,1.1055192993800094,12
1882,2023-11-05 17:00:00,35338.3,34755.3,1.663489961993677,2023-11-05 19:45:00,34977.0,-0.6378883220688558,1.3494582153986907,10
1883,2023-11-05 21:30:00,35324.6,34805.0,1.4818279300038741,2023-11-06 02:30:00,34844.3,-0.11291481109036894,1.3390999388709157,19
1884,2023-11-06 10:30:00,35330.9,34750.0,1.6577983444847355,2023-11-06 13:45:00,34917.1,-0.48086330935251376,0.9542602335245607,12
1885,2023-11-07 18:00:00,35310.9,34526.6,2.246071236799722,2023-11-07 22:15:00,35206.8,-1.9700752463318265,0.8611972687094455,16
1886,2023-11-08 18:45:00,35738.3,35075.0,1.8733768938885855,2023-11-08 21:30:00,35401.0,-0.9294369208838203,4.281517471257866,10
1887,2023-11-09 12:45:00,37049.0,36372.1,1.8438841150568472,2023-11-09 16:30:00,35610.6,2.0936377058239697,3.4719999101391203,14
1888,2023-11-09 13:45:00,37154.3,36605.2,1.4888929561615951,2023-11-09 16:30:00,35610.6,2.7171003026892318,3.4719999101391203,10
1889,2023-11-10 11:00:00,36955.0,36360.0,1.6231330559912704,2023-11-10 14:00:00,36860.0,-1.3751375137513753,2.0189907759088364,11
1890,2023-11-10 16:00:00,37295.5,36767.0,1.4271729957805908,2023-11-10 18:15:00,37177.0,-1.1151304158620503,1.1490975603195446,8
1891,2023-11-11 01:15:00,37604.2,36956.5,1.73737639265725,2023-11-11 04:15:00,36946.5,0.027058839446376146,0.8214580542135249,11
1892,2023-11-11 22:00:00,37450.0,36927.0,1.40634873684069,2023-11-12 00:45:00,36748.8,0.48257372654154707,1.2354144897248345,10
1893,2023-11-13 03:45:00,37473.0,36748.8,1.9514482268012823,2023-11-13 06:30:00,36776.3,-0.0748323754789272,0.8529949994969507,10
1894,2023-11-13 21:00:00,37358.6,36535.3,2.2283300786668336,2023-11-14 00:45:00,36209.7,0.891192901112091,1.5921148200620276,14
1895,2023-11-14 12:30:00,36786.2,36209.7,1.5795407687281067,2023-11-14 15:30:00,35700.0,1.4076338660635055,2.150140056022405,11
1896,2023-11-14 15:30:00,36719.6,36211.5,1.393369906665328,2023-11-14 18:45:00,34542.9,4.607928420529386,3.317903244950478,12
1897,2023-11-15 11:15:00,35999.0,35226.0,2.1705861705861706,2023-11-15 17:00:00,36258.2,-2.930221995117235,4.850488992834737,22
1898,2023-11-16 13:15:00,37807.9,37030.1,2.0786231593575533,2023-11-16 15:45:00,36241.0,2.130969130518142,1.161667724400541,9
1899,2023-11-17 14:45:00,36640.0,36125.7,1.413578100671066,2023-11-17 16:30:00,35918.2,0.5743833337485502,2.842291651586108,6
1900,2023-11-19 19:45:00,36936.7,36203.3,2.005468963631376,2023-11-20 00:30:00,37151.2,-2.618269605256963,0.6414328473912092,18
1901,2023-11-19 21:30:00,37055.0,36524.3,1.442525275451104,2023-11-20 00:30:00,37151.2,-1.7163915530208493,0.6414328473912092,11
1902,2023-11-19 23:00:00,37128.0,36602.9,1.4243688873999871,2023-11-20 00:30:00,37151.2,-1.497968740181777,0.6414328473912092,5
1903,2023-11-20 14:00:00,37534.7,36997.4,1.4417948776433123,2023-11-20 17:15:00,36782.0,0.5822030737295092,2.8946223696373146,12
1904,2023-11-21 14:00:00,37708.8,37010.1,1.8702095453760812,2023-11-21 17:45:00,36554.7,1.230474924412529,1.7636582983857192,14
1905,2023-11-22 18:15:00,36802.9,35984.3,2.24929657961839,2023-11-22 23:15:00,37263.3,-3.554327859649903,0.8045449544189475,19
1906,2023-11-23 11:15:00,37775.6,37263.3,1.3654251328310933,2023-11-23 15:45:00,36867.3,1.0627078117074977,1.675468504609768,17
1907,2023-11-23 15:30:00,37560.6,37005.0,1.4902314203868767,2023-11-23 22:30:00,37180.0,-0.47290906634238616,1.0890263582571316,27
1908,2023-11-24 10:30:00,37846.0,36867.3,2.6198816007323917,2023-11-24 14:30:00,37608.0,-2.0090974929002043,2.200861518825774,15
1909,2023-11-26 16:30:00,38115.0,37238.5,2.3263683836848985,2023-11-26 18:30:00,37180.0,0.15709547914121139,1.5857988165680434,7
1910,2023-11-26 22:00:00,37679.2,37124.4,1.4833510686651328,2023-11-27 03:30:00,37189.6,-0.1756257340185891,0.7762922967711521,21
1911,2023-11-27 11:30:00,37769.6,36951.7,2.1892017403337514,2023-11-27 16:00:00,36714.5,0.6419190456731276,1.7903008348200382,17
1912,2023-11-28 00:30:00,37298.2,36714.5,1.577296869321068,2023-11-28 02:00:00,37135.5,-1.146685914284547,0.38103701310067184,5
1913,2023-11-28 16:00:00,37588.0,36880.0,1.9014878874147285,2023-11-28 18:45:00,37881.6,-2.7158351409978265,1.4476685250887014,10
1914,2023-11-28 16:30:00,37697.0,37142.3,1.4823762381529413,2023-11-28 18:45:00,37881.6,-1.9904529337170709,1.4476685250887014,8
1915,2023-11-28 22:45:00,38430.0,37881.6,1.4372651077948868,2023-11-29 02:30:00,37834.0,0.12565467139719164,2.0248982396785924,14
1916,2023-11-29 09:45:00,38390.3,37635.8,1.9848446783407274,2023-11-29 15:15:00,37566.0,0.18546171464404346,1.009689612947886,21
1917,2023-11-29 15:00:00,38304.6,37758.7,1.4353834240691674,2023-11-29 21:00:00,37581.8,0.46850129903835197,1.4985977254947795,23
1918,2023-12-01 04:15:00,38162.5,37429.0,1.9406943902422893,2023-12-01 06:00:00,38080.0,-1.7392930615298299,2.082983193277303,6
1919,2023-12-01 09:15:00,38475.3,37839.6,1.6659918312151478,2023-12-01 14:15:00,38209.0,-0.9762259643336648,2.1528959145750965,19
1920,2023-12-01 13:45:00,38873.2,38303.5,1.4763523187697767,2023-12-01 19:15:00,38629.0,-0.8497917944835329,0.7869735173056512,21
1921,2023-12-01 16:15:00,38696.5,38209.0,1.2677896899441523,2023-12-01 19:15:00,38629.0,-1.0992174618545367,0.7869735173056512,11
1922,2023-12-02 19:00:00,39031.6,38465.8,1.4601780188754607,2023-12-02 22:45:00,39290.3,-2.1434625043545172,0.7083173200509938,14
1923,2023-12-03 22:15:00,39886.8,39201.0,1.734275071502818,2023-12-04 04:30:00,40722.5,-3.881278538812785,3.6215851187918298,24
1924,2023-12-04 10:30:00,41869.5,41271.5,1.4385201044009575,2023-12-04 15:30:00,41113.7,0.38234617108659225,3.321520563705057,19
1925,2023-12-05 13:00:00,42117.0,41380.0,1.7653328862114805,2023-12-05 20:15:00,43444.0,-4.987916868052199,2.5573151643495073,28
1926,2023-12-05 14:30:00,42189.9,41590.0,1.4320857389421604,2023-12-05 20:15:00,43444.0,-4.457802356335658,2.5573151643495073,22
1927,2023-12-06 10:00:00,44200.0,43452.1,1.7065192961720286,2023-12-06 11:30:00,43379.4,0.1673106708306321,2.168310303969162,5
1928,2023-12-07 09:00:00,44320.0,43550.2,1.752129846068412,2023-12-07 12:15:00,42942.9,1.3944826889428652,2.397835264968125,12
1929,2023-12-07 15:00:00,43570.2,42942.9,1.450185000884249,2023-12-07 17:30:00,43253.6,-0.7235189053370804,0.7268759132187875,9
1930,2023-12-08 11:30:00,43732.5,43005.0,1.67747514051016,2023-12-08 13:30:00,43500.0,-1.151028950122079,2.9356321839080457,7
1931,2023-12-08 20:45:00,44306.3,43450.6,1.9501600443953795,2023-12-09 01:00:00,44067.0,-1.4186225276520958,0.7922027821272122,16
1932,2023-12-09 08:30:00,44697.7,44067.0,1.4210603990099604,2023-12-09 12:15:00,43765.2,0.6848662264279459,0.946414045862933,14
1933,2023-12-09 23:30:00,44389.8,43746.0,1.460927341670474,2023-12-10 03:15:00,43749.4,-0.007772139167012882,0.744238778131811,14
1934,2023-12-11 01:00:00,44114.6,43326.6,1.8023540390571036,2023-12-11 05:45:00,41555.0,4.088943051151022,2.322223559138491,18
1935,2023-12-11 14:15:00,42520.0,41922.0,1.4163567892754791,2023-12-11 16:15:00,41389.5,1.2702161156433376,1.3839258749199745,7
1936,2023-12-12 07:45:00,41975.0,41412.4,1.349364532291446,2023-12-12 11:45:00,41580.5,-0.40591706831769847,1.260927598273236,15
1937,2023-12-12 14:45:00,42168.1,41572.1,1.4234501470022762,2023-12-12 18:00:00,40683.9,2.1365290663690244,2.224221375040253,12
1938,2023-12-13 01:15:00,41588.8,41045.4,1.3151939511727624,2023-12-13 04:15:00,40639.0,0.9901231319465797,2.192475208543517,11
1939,2023-12-13 15:00:00,41530.0,40822.0,1.7194482222653973,2023-12-13 16:30:00,41753.3,-2.2813678898633163,4.422883939712542,5
1940,2023-12-14 12:00:00,43350.0,42697.6,1.5163700091577252,2023-12-14 13:30:00,41190.0,3.530877613730042,5.5474629764505945,5
1941,2023-12-15 03:15:00,43475.0,42828.0,1.49936850399175,2023-12-15 06:15:00,42533.8,0.6869337816381738,1.261114689964203,11
1942,2023-12-15 13:30:00,43074.4,42443.1,1.4764229543660723,2023-12-15 15:45:00,41671.6,1.8177277343078144,1.4813446087983253,8
1943,2023-12-16 00:30:00,42288.9,41671.6,1.4704533679527942,2023-12-16 06:30:00,42164.0,-1.1816200961806158,1.4687885399867255,23
1944,2023-12-16 03:30:00,42239.0,41619.8,1.4767680911245977,2023-12-16 06:30:00,42164.0,-1.307550733064544,1.4687885399867255,11
1946,2023-12-18 10:15:00,41348.3,40810.0,1.3103971236016394,2023-12-18 12:45:00,40922.1,-0.27468757657436543,4.614865806007024,9
1947,2023-12-18 20:00:00,41776.9,41165.0,1.4754906747976633,2023-12-19 04:30:00,42878.5,-4.162516701081016,1.0142612264888031,33
1948,2023-12-19 14:00:00,43313.4,42843.7,1.0903338204280422,2023-12-19 17:45:00,41836.4,2.351104129661994,1.7283991930471994,14
1949,2023-12-20 04:45:00,42752.4,42048.0,1.6613129183352944,2023-12-20 10:15:00,42705.1,-1.5627378234398748,3.863472980978856,21
1950,2023-12-20 13:15:00,43261.1,42430.9,1.9376371189842625,2023-12-20 16:45:00,43510.0,-2.5431937573796417,1.8108480809009457,13
1951,2023-12-21 13:45:00,44262.8,43242.0,2.333129154057841,2023-12-21 17:45:00,43394.1,-0.3517413625641703,2.138309124973214,15
1952,2023-12-21 14:45:00,44290.0,43638.8,1.4811984241795568,2023-12-21 17:45:00,43394.1,0.5607395253765097,2.138309124973214,11
1953,2023-12-21 21:30:00,43990.3,43388.7,1.3769898945971133,2023-12-22 00:15:00,43759.3,-0.8541394418362519,1.6330242942643014,10
1954,2023-12-22 07:00:00,44473.9,43592.0,2.0028183439901293,2023-12-22 09:15:00,43500.6,0.20967149935768367,1.2569941564024472,8
1955,2023-12-23 04:00:00,44107.7,43414.1,1.5849765429870013,2023-12-23 07:45:00,43566.0,-0.3498863272531308,0.7661938208694921,14
1956,2023-12-24 22:00:00,43987.0,43262.9,1.6598299826131573,2023-12-25 00:30:00,42742.7,1.2024159268102792,1.4416496852094145,9
1957,2023-12-25 12:45:00,43358.9,42742.7,1.4313322865080425,2023-12-25 16:45:00,43461.0,-1.6805208842679638,0.7114424426497252,15
1958,2023-12-26 05:30:00,43874.5,43043.2,1.9128439891989848,2023-12-26 09:45:00,42100.0,2.1912868931677876,1.8282660332541496,16
1960,2023-12-27 10:15:00,42800.0,42034.7,1.8042145489994141,2023-12-27 13:00:00,42729.4,-1.6526821887631038,2.2949070195228543,10
1961,2023-12-27 20:30:00,43377.0,42661.6,1.6629745253874457,2023-12-28 02:00:00,43334.9,-1.5782342903219826,0.7654338650833326,21
1962,2023-12-28 00:30:00,43710.0,43071.8,1.4708153092007703,2023-12-28 02:00:00,43334.9,-0.6108405035313095,0.7654338650833326,5
1963,2023-12-28 05:00:00,43849.5,43272.9,1.3236549957301418,2023-12-28 07:15:00,42818.8,1.0493865675746217,0.9934888413500474,8
1964,2023-12-28 06:15:00,43767.1,43168.6,1.3768796938426908,2023-12-28 09:15:00,42908.3,0.6029845767525368,0.7828322259329643,11
1965,2023-12-28 14:45:00,43462.4,42615.0,1.968925641341401,2023-12-28 16:15:00,42302.2,0.7340138448903036,1.1888270586399796,5
1966,2023-12-29 01:00:00,42883.0,42302.2,1.3636171541535453,2023-12-29 05:30:00,42550.0,-0.5857851364704505,1.4571092831962398,17
1967,2023-12-29 11:15:00,42863.3,42266.2,1.4028039633734624,2023-12-29 13:30:00,42744.8,-1.132346887110755,0.9947408807620974,8
1968,2023-12-29 15:45:00,43170.0,42365.4,1.88132632804663,2023-12-29 17:45:00,41700.0,1.5706213088983025,1.4796163069544364,7
1969,2023-12-29 22:15:00,42320.6,41700.0,1.4772567679830864,2023-12-30 03:15:00,41856.9,-0.37625899280575886,0.8196975886890776,19
1970,2023-12-30 09:30:00,42250.0,41583.4,1.5902969460859242,2023-12-30 13:15:00,41906.8,-0.7777141840253597,1.7830041902507396,14
1971,2023-12-30 14:00:00,42168.4,41554.4,1.4667450204723205,2023-12-30 17:15:00,42279.4,-1.7447009221646805,0.8860106813247078,12
1972,2023-12-30 15:00:00,42296.7,41705.3,1.4080617128163477,2023-12-30 17:15:00,42279.4,-1.376563650183546,0.8860106813247078,8
1973,2023-12-30 15:45:00,42363.1,41749.0,1.4601941932254658,2023-12-30 17:15:00,42279.4,-1.270449591606988,0.8860106813247078,5
1974,2023-12-31 07:30:00,42654.0,42012.5,1.5153573136954994,2023-12-31 12:45:00,42376.3,-0.8659327581077131,0.9439238442242479,20
1975,2023-12-31 09:30:00,42835.2,42092.4,1.7492546592627027,2023-12-31 12:45:00,42376.3,-0.6744685501420719,0.9439238442242479,12
1976,2023-12-31 22:45:00,42945.9,42350.7,1.3956007625157494,2024-01-01 04:15:00,42250.5,0.23659585319722484,1.3479130424492018,21
1977,2024-01-01 01:30:00,42724.7,42096.0,1.4824211542701182,2024-01-01 04:15:00,42250.5,-0.367018244013683,1.3479130424492018,10
1978,2024-01-01 18:15:00,43220.2,42211.2,2.362129146894467,2024-01-01 22:15:00,43421.8,-2.86795921461604,5.769452210640731,15
1979,2024-01-02 08:15:00,45792.8,44929.4,1.9033929953197815,2024-01-02 11:30:00,45242.3,-0.6964259482655042,1.3748195825588,12
1980,2024-01-02 14:45:00,45906.8,45242.3,1.4580506006093312,2024-01-02 19:15:00,44795.7,0.9871293015607204,1.518672551160051,17
1981,2024-01-02 20:45:00,45455.0,44795.7,1.4610412994026705,2024-01-02 23:30:00,44831.8,-0.08058809216064448,1.6416918348136813,10
1982,2024-01-03 11:00:00,45567.8,44819.0,1.6568791018157583,2024-01-03 14:15:00,42051.4,6.175059684508799,3.7194956648292288,12
1983,2024-01-04 02:45:00,43062.0,42454.9,1.4198363130562464,2024-01-04 08:15:00,42750.0,-0.6950905549182745,3.8362573099415203,21
1984,2024-01-04 05:30:00,43270.0,42637.0,1.4736866611568322,2024-01-04 08:15:00,42750.0,-0.26502802730023217,3.8362573099415203,10
1985,2024-01-04 12:15:00,43317.1,42677.4,1.4877695666583262,2024-01-04 20:00:00,43910.1,-2.8884140083510172,2.198583013930739,30
1986,2024-01-07 00:30:00,44353.0,43400.7,2.1703928153456844,2024-01-07 02:30:00,43840.8,-1.014038944072344,0.7794109596540142,7
1987,2024-01-07 16:45:00,44509.6,43714.2,1.8031415559066863,2024-01-07 23:30:00,43577.0,0.3138568245558585,1.9895816600500265,26
1988,2024-01-07 23:30:00,44280.0,43639.6,1.4567855176775177,2024-01-08 02:45:00,43136.9,1.1519353981246325,4.8084122873919934,12
1989,2024-01-08 11:30:00,44224.0,43640.1,1.3290980047596264,2024-01-08 15:30:00,44465.0,-1.8902339820486238,6.416957157314748,15
1990,2024-01-09 00:30:00,47249.9,46550.0,1.492325684782183,2024-01-09 05:30:00,46624.0,-0.158968850698174,0.9780370624571035,19
1991,2024-01-09 12:45:00,47009.3,46324.0,1.468500524464479,2024-01-09 15:00:00,46430.0,-0.2288230722735515,3.561059659702782,8
1992,2024-01-09 21:00:00,47080.0,46430.0,1.3902256443161158,2024-01-10 01:30:00,45633.3,1.7159164333405066,1.3010235946118232,17
1993,2024-01-10 08:45:00,46290.0,45633.3,1.4287998798998667,2024-01-10 13:00:00,44301.0,2.919578465725693,7.3208279722805285,16
1994,2024-01-11 05:30:00,46764.7,46171.0,1.2776575632399543,2024-01-11 10:00:00,46198.2,-0.05891143791556841,6.182491958561166,17
1995,2024-01-12 07:45:00,46550.0,45862.0,1.4889841146171492,2024-01-12 09:15:00,45530.2,0.7234747721425209,1.6687824784428862,5
1996,2024-01-13 05:45:00,43073.7,42449.0,1.4608986853782613,2024-01-13 11:45:00,42506.0,-0.13427878159673962,1.7715146097021597,23
1997,2024-01-13 11:00:00,43267.6,42634.6,1.4737690070801448,2024-01-13 14:30:00,42651.1,-0.038700961191145224,1.425285631554641,13
1998,2024-01-13 15:30:00,43107.2,42506.0,1.4044563221559225,2024-01-13 18:00:00,42730.0,-0.5269844257281325,0.8059911069506235,9
1999,2024-01-14 20:00:00,43259.0,42576.7,1.5897814079689523,2024-01-14 21:30:00,41920.0,1.5423929050396041,2.2929389312977033,5
2000,2024-01-15 14:15:00,42985.3,42257.3,1.7080661547160692,2024-01-15 19:45:00,42817.8,-1.3263980424684019,0.7088173610040683,21
2001,2024-01-16 14:30:00,43185.0,42328.5,2.0031924783806065,2024-01-16 18:30:00,42820.2,-1.1616286898897836,1.7741626615475976,15
2002,2024-01-16 21:15:00,43456.2,42820.2,1.4743313351043854,2024-01-17 04:30:00,42743.1,0.18005520758893828,0.41386796933306536,28
2003,2024-01-17 02:00:00,43579.9,42938.1,1.4836219052682746,2024-01-17 04:30:00,42743.1,0.45414212552488353,0.41386796933306536,9
2004,2024-01-17 14:45:00,43490.0,42306.0,2.7600354328873142,2024-01-17 17:00:00,42195.7,0.2607195196898854,1.632867804065343,8
2005,2024-01-17 20:30:00,42779.6,42195.7,1.3742817030360623,2024-01-17 22:15:00,42442.3,-0.5844197394521381,1.1521524516814592,6
2006,2024-01-18 16:30:00,42931.3,42272.3,1.5468829955541783,2024-01-18 20:30:00,40669.0,3.79279102390928,1.820305392313563,15
2007,2024-01-19 03:30:00,41380.4,40770.0,1.486054845746342,2024-01-19 08:00:00,41140.3,-0.9082658817758226,0.9256130849799239,17
2008,2024-01-19 06:30:00,41349.0,40743.7,1.4746743620321976,2024-01-19 08:00:00,41140.3,-0.9734020228894427,0.9256130849799239,5
2009,2024-01-19 14:45:00,41570.0,40912.0,1.595499624160423,2024-01-19 17:00:00,40269.0,1.5716660148611654,4.792768630956815,8
2010,2024-01-22 03:15:00,41969.9,41213.6,1.8183894642567404,2024-01-22 05:00:00,40669.3,1.3206805520507687,1.602928990663705,6
2011,2024-01-23 08:00:00,40180.0,39653.9,1.3179864694071028,2024-01-23 11:45:00,38641.3,2.5535949805693727,2.6409566965914704,14
2012,2024-01-24 07:15:00,39990.1,39561.0,1.0788034357790113,2024-01-24 14:15:00,39752.0,-0.48279871590708023,1.1896256792111126,27
2013,2024-01-24 10:30:00,40198.7,39584.3,1.540177732098302,2024-01-24 14:15:00,39752.0,-0.4236528118471138,1.1896256792111126,14
2014,2024-01-24 18:15:00,40298.4,39752.0,1.3651399618240545,2024-01-24 21:00:00,39488.0,0.6641175286778024,1.7673723662884964,10
2015,2024-01-24 23:15:00,40037.0,39488.0,1.3806978937441057,2024-01-25 02:45:00,39911.0,-1.071211507293355,1.0355541078900627,13
2016,2024-01-25 13:45:00,40324.3,39634.0,1.7266500163210143,2024-01-25 17:15:00,39537.0,0.24473936519150225,1.730783822748319,13
2017,2024-01-26 10:30:00,40426.5,39537.0,2.2247650490536306,2024-01-26 13:45:00,40880.6,-3.3983357361458846,3.3206459787772196,12
2018,2024-01-28 04:30:00,42451.0,41365.0,2.5913906652667746,2024-01-28 06:45:00,42267.1,-2.1808292034328502,0.9837438575156633,8
2019,2024-01-28 19:00:00,42839.9,41910.5,2.1932639845947666,2024-01-28 22:30:00,41587.4,0.7709285262642979,2.1581055800554974,13
2020,2024-01-29 01:15:00,42220.0,41587.4,1.509651892314995,2024-01-29 05:45:00,42101.6,-1.2364321885955771,1.2852243145153595,17
2021,2024-01-29 15:45:00,42484.9,41767.9,1.7020205856659956,2024-01-29 18:45:00,42860.0,-2.6146873556008288,2.169855342977135,11
2022,2024-01-30 02:30:00,43569.9,42834.0,1.7033953328495623,2024-01-30 06:30:00,43230.9,-0.9266003641966695,1.5264544573441716,15
2023,2024-01-30 12:15:00,43790.0,43172.1,1.421078837792559,2024-01-30 14:00:00,43083.7,0.20476187167175436,1.528420261026792,6
2024,2024-01-30 23:15:00,43742.2,43083.7,1.5168285039371894,2024-01-31 02:15:00,42631.0,1.0507454095168174,1.0295324998240751,11
2025,2024-01-31 10:45:00,43224.7,42563.3,1.5419405977525857,2024-01-31 13:15:00,42488.9,0.1747984766218819,2.9348841697478636,9
2026,2024-01-31 15:15:00,42967.3,42333.3,1.486507715068827,2024-01-31 21:15:00,42255.0,0.18496077555967266,1.000118329191808,23
2027,2024-02-01 14:45:00,42530.0,41843.5,1.6272881888270605,2024-02-01 16:30:00,42333.0,-1.169835219329167,2.592540098740935,6
2028,2024-02-02 13:45:00,43430.5,42733.3,1.6183130270484753,2024-02-02 18:00:00,42742.0,-0.020358830233090094,1.4875298301436595,16
2029,2024-02-04 22:30:00,43377.8,42515.0,2.009015889573987,2024-02-05 01:00:00,42229.6,0.6712924850052956,2.4556235436755265,9
2030,2024-02-05 07:30:00,42929.0,42154.0,1.8217505259570066,2024-02-05 09:30:00,42934.0,-1.850358210371495,1.4764522290026587,7
2031,2024-02-05 15:15:00,43567.9,42567.7,2.3223847050464714,2024-02-05 18:15:00,42547.0,0.048628420140146386,0.9471878158272029,11
2032,2024-02-06 16:15:00,43269.9,42286.3,2.2993073558666666,2024-02-06 18:30:00,42968.3,-1.6128154981637075,0.7838336634216285,8
2033,2024-02-07 17:30:00,43527.0,42774.2,1.744587560775523,2024-02-07 19:30:00,43407.9,-1.4815005306937463,3.1913545690991634,7
2034,2024-02-08 02:00:00,44718.7,44078.0,1.44307164568052,2024-02-08 04:45:00,44450.3,-0.8446390489586708,1.8800772998157425,10
2035,2024-02-08 14:45:00,45177.0,44131.0,2.3424553231513414,2024-02-08 16:45:00,44861.7,-1.6557521923364464,3.388859539428963,7
2036,2024-02-08 20:15:00,45493.7,44832.0,1.465142257408461,2024-02-08 22:30:00,45180.1,-0.7764543183440368,2.8913171949597345,8
2037,2024-02-09 02:15:00,45628.2,44952.4,1.4921517411012857,2024-02-09 04:15:00,45824.4,-1.9398296865128446,4.199945880360678,7
2038,2024-02-09 08:45:00,46486.4,45824.4,1.4342850457367935,2024-02-09 14:15:00,46603.2,-1.699531254091697,3.4907474164864283,21
2039,2024-02-09 11:00:00,46799.3,46061.4,1.589262195955881,2024-02-09 14:15:00,46603.2,-1.1762560408498126,3.4907474164864283,12
2040,2024-02-10 20:30:00,47672.8,46840.0,1.7623009793382545,2024-02-10 22:15:00,47574.5,-1.5681041844577284,2.1629234148545966,6
2041,2024-02-11 03:30:00,48197.9,47555.7,1.3413594893560228,2024-02-11 05:45:00,48111.0,-1.1676833691860344,0.777369000852196,8
2042,2024-02-12 00:15:00,48603.5,47906.4,1.4446186349794137,2024-02-12 02:45:00,48002.5,-0.20059950236293803,0.8187073589917191,9
2043,2024-02-12 06:45:00,48689.1,48002.5,1.4201854142448744,2024-02-12 10:00:00,47725.2,0.5776782459246975,5.6867231567389975,12
2044,2024-02-12 14:30:00,48425.6,47712.8,1.482862206984921,2024-02-12 19:45:00,49528.0,-3.8044298385338884,1.8222015829429818,20
2045,2024-02-13 13:30:00,50430.5,49556.9,1.74742017494204,2024-02-13 17:00:00,48300.1,2.5360746939376817,3.1012358152467625,13
2046,2024-02-14 08:45:00,49945.0,49080.3,1.7464223789273994,2024-02-14 11:00:00,51019.1,-3.950261102723487,2.115482240964664,8
2047,2024-02-15 00:15:00,51932.3,51196.3,1.4273441121085713,2024-02-15 05:45:00,51850.0,-1.2768500848694087,1.9855351976856315,21
2048,2024-02-15 07:30:00,52461.3,51733.5,1.39699869859149,2024-02-15 12:15:00,52102.1,-0.7124977045821346,1.4920703772016894,18
2049,2024-02-15 11:30:00,52419.3,51659.1,1.4608218419960421,2024-02-15 14:00:00,52100.4,-0.8542541391545786,1.495381993228456,9
2050,2024-02-15 15:30:00,52879.5,51806.2,2.050518838771681,2024-02-15 21:45:00,51322.5,0.9336720315328997,2.0698524039164163,24
2051,2024-02-16 01:15:00,52096.3,51322.5,1.4964397188905747,2024-02-16 09:00:00,51586.2,-0.5138097325734271,2.013716846753595,30
2052,2024-02-16 03:30:00,52325.0,51550.0,1.4921780986762936,2024-02-16 09:00:00,51586.2,-0.07022308438408746,2.013716846753595,21
2053,2024-02-16 11:00:00,52384.8,51586.2,1.5361975935597538,2024-02-16 15:00:00,51600.6,-0.027914442234553923,1.328279128537268,15
2055,2024-02-17 19:15:00,51380.0,50652.3,1.4264110482660826,2024-02-18 02:45:00,51176.0,-1.0339115894046216,1.8282007190870693,29
2056,2024-02-17 20:45:00,51499.9,50766.6,1.4340962094136456,2024-02-18 02:45:00,51176.0,-0.8064357274270908,1.8282007190870693,23
2057,2024-02-18 22:15:00,52366.0,51176.0,2.2985841494272856,2024-02-19 01:30:00,51930.1,-1.4735422854463003,1.2114361420447843,12
2058,2024-02-19 16:45:00,52559.2,51737.1,1.576470114471939,2024-02-19 20:00:00,51788.3,-0.0989618668228493,0.6997719562140371,12
2059,2024-02-20 01:15:00,52412.6,51430.4,1.8917018961316547,2024-02-20 04:00:00,51538.8,-0.21077028372324821,3.0679798520726074,10
2060,2024-02-20 11:00:00,52166.7,51324.9,1.6267986967058112,2024-02-20 15:30:00,51350.0,-0.048904138147368124,2.346640701071081,17
2061,2024-02-21 09:15:00,52555.0,51424.7,2.174078209496667,2024-02-21 12:00:00,50430.0,1.9342844975274474,2.041046995835818,10
2062,2024-02-21 19:00:00,51459.3,50708.9,1.4689502213017385,2024-02-21 20:45:00,50868.5,-0.3147376496039128,2.2683979279908026,6
2063,2024-02-22 13:15:00,52074.9,51161.3,1.7699217909996658,2024-02-22 19:30:00,51470.4,-0.6041676032469826,1.2615017563492719,24
2064,2024-02-22 22:15:00,52119.7,51067.0,2.040379234920774,2024-02-23 03:15:00,50969.1,0.19170893140384485,0.7796880855263316,19
2065,2024-02-23 16:15:00,51770.2,50655.0,2.1775891089302184,2024-02-23 20:30:00,50975.0,-0.6317244102260389,0.31701814615007073,16
2067,2024-02-27 01:30:00,54992.2,54250.0,1.3588155493023704,2024-02-27 03:45:00,55607.5,-2.5023041474654377,3.3993615969068975,8
2068,2024-02-27 09:30:00,56527.0,55700.0,1.4737986402559098,2024-02-27 11:45:00,56370.8,-1.204308797127474,2.3561844075301344,8
2069,2024-02-28 07:30:00,57505.6,56620.6,1.5509146891774195,2024-02-28 11:45:00,58524.1,-3.361850633868239,10.205368386698812,16
2070,2024-03-01 06:15:00,61717.4,60827.0,1.453187579358994,2024-03-01 08:00:00,61366.0,-0.8861196508129613,2.276993775054595,6
2071,2024-03-01 14:30:00,62763.3,61861.7,1.4469007021063285,2024-03-01 22:30:00,62333.7,-0.7629922876351604,0.7196749110032067,31
2072,2024-03-03 12:00:00,62866.0,61317.7,2.4935639701506767,2024-03-03 20:00:00,62626.0,-2.1336416727959513,2.8965605339635294,31
2073,2024-03-04 00:15:00,63378.7,62151.8,1.9547440661831097,2024-03-04 03:45:00,63410.1,-2.0245592243506954,3.764857648860348,13
2074,2024-03-04 07:45:00,64223.1,63180.0,1.6374797787494944,2024-03-04 10:30:00,64802.1,-2.567426400759732,4.757407553150286,10
2075,2024-03-07 08:00:00,66550.0,65693.0,1.2960988483322369,2024-03-07 09:30:00,66565.0,-1.3273864795335881,2.396604822354094,5
2076,2024-03-07 14:30:00,67418.6,66400.0,1.5223593730617504,2024-03-07 19:15:00,67270.9,-1.31159638554216,1.059745001181802,18
2077,2024-03-07 23:15:00,67983.8,67016.8,1.4325862255427013,2024-03-08 05:45:00,66806.0,0.31454799393585325,5.26000658623477,25
2078,2024-03-08 14:30:00,68140.0,66790.0,2.001037575038909,2024-03-08 16:00:00,66135.1,0.98053600838448,5.052233987700915,5
2079,2024-03-10 01:15:00,69056.4,67779.5,1.8663230921125147,2024-03-10 06:15:00,69127.5,-1.9888019238855408,1.3042566272467626,19
2080,2024-03-10 14:30:00,70029.1,68771.0,1.812822901424431,2024-03-10 19:00:00,69172.0,-0.5830946183711158,0.5169721852772882,17
2081,2024-03-10 22:15:00,69849.8,68845.1,1.4487915561422906,2024-03-11 00:45:00,66923.0,2.7919198316220117,7.557939721769795,9
2082,2024-03-11 19:45:00,72919.6,71845.4,1.484060373709131,2024-03-12 01:00:00,71956.0,-0.15394165806023186,0.8652509867141112,20
2083,2024-03-12 03:15:00,72850.0,71801.7,1.4494126235640548,2024-03-12 06:30:00,71474.3,0.45597806180075706,2.681663199219855,12
2084,2024-03-12 14:00:00,72460.0,71425.1,1.4385089213546005,2024-03-12 17:15:00,68671.3,3.8555073776585584,5.283138662002903,12
2085,2024-03-13 07:00:00,72865.7,71382.2,2.056875698017094,2024-03-13 09:45:00,73152.4,-2.4798899445519993,0.5230177000344566,10
2087,2024-03-14 04:00:00,73490.9,72353.3,1.5600208990141413,2024-03-14 07:45:00,73150.0,-1.10112462043887,0.6333561175666479,14
2088,2024-03-14 11:00:00,73949.0,72902.3,1.4255236419425599,2024-03-14 16:30:00,69880.0,4.1456853898985395,3.7850601030337723,21
2089,2024-03-14 12:15:00,73613.3,72666.6,1.294367852316001,2024-03-14 16:30:00,69880.0,3.834774160343274,3.7850601030337723,16
2090,2024-03-16 10:15:00,69511.0,68631.0,1.2740513384777983,2024-03-16 14:00:00,67544.2,1.5835409654529335,1.5204858448245742,14
2091,2024-03-17 06:30:00,66619.1,65779.9,1.2676832906593125,2024-03-17 12:45:00,66458.2,-1.0311660552843696,3.7795185545199885,24
2092,2024-03-18 00:00:00,68970.0,67784.0,1.734501367418869,2024-03-18 04:15:00,67752.8,0.04602856131239981,1.8998476815718275,16
2093,2024-03-21 03:15:00,68287.7,67370.0,1.3529641148272409,2024-03-21 05:15:00,66073.5,1.924447083271486,2.5297585264894398,7
2095,2024-03-22 09:30:00,66666.6,65784.1,1.3325712887889605,2024-03-22 14:45:00,62556.8,4.905896713643575,2.9483605299503717,20
2096,2024-03-23 14:30:00,64990.0,63989.9,1.550784269486949,2024-03-23 20:00:00,64689.3,-1.0929849866932149,0.8095620141197958,21
2097,2024-03-24 08:00:00,64825.0,63780.6,1.6241905484675652,2024-03-24 13:45:00,65272.3,-2.3387989451337936,3.7175034432676646,22
2099,2024-03-25 13:45:00,67504.9,66729.5,1.1552925330615613,2024-03-25 21:15:00,69600.0,-4.301695651848133,2.9454022988505746,29
2100,2024-03-26 07:15:00,70958.1,69712.0,1.7716629191278117,2024-03-26 12:00:00,70571.8,-1.2333601101675506,0.9085782139608132,18
2101,2024-03-26 13:30:00,71367.5,70522.3,1.191347087669441,2024-03-26 16:30:00,69465.5,1.4985330881153944,1.9635646471989694,11
2102,2024-03-27 00:30:00,70464.0,69431.2,1.4765338624913547,2024-03-27 04:45:00,70100.0,-0.9632557121294216,2.5649072753209703,16
2103,2024-03-27 07:45:00,70829.5,69702.3,1.604192076099498,2024-03-27 14:00:00,68400.0,1.8683745012718416,2.80643274853802,24
2104,2024-03-27 08:45:00,70685.9,69678.0,1.436124245621551,2024-03-27 14:00:00,68400.0,1.834151382071816,2.80643274853802,20
2105,2024-03-27 13:00:00,70487.0,69468.0,1.4561823443249615,2024-03-27 16:00:00,68402.7,1.533511832786323,2.4873287165565228,11
2106,2024-03-27 22:30:00,69482.5,68456.0,1.4883444433570032,2024-03-28 02:45:00,68955.0,-0.7289353745471544,3.087520846929157,16
2107,2024-03-28 13:30:00,71229.7,70080.8,1.626064588264841,2024-03-28 17:15:00,70528.9,-0.639404801315041,0.9018997885973067,14
2108,2024-03-29 13:30:00,71500.0,69633.0,2.6457313314391393,2024-03-29 15:30:00,69000.5,0.9083336923585082,1.8104216636111292,7
2109,2024-03-29 15:30:00,70740.0,69818.0,1.3119139429986197,2024-03-29 21:30:00,69313.7,0.7223065685066931,1.5672226414114425,23
2110,2024-04-01 05:30:00,71514.2,69000.5,3.5778463036251678,2024-04-01 08:30:00,69195.8,-0.28304142723603876,1.3948823483506183,11
2111,2024-04-01 14:30:00,70161.0,68850.2,1.8858912087659163,2024-04-01 16:00:00,68043.8,1.1712384277750743,2.8533091920204336,5
2112,2024-04-02 02:15:00,69985.3,69113.1,1.2540762510568013,2024-04-02 05:15:00,66120.0,4.3307274597724685,1.5691167574107685,11
2113,2024-04-03 11:00:00,66687.8,65733.5,1.441308913294165,2024-04-03 13:30:00,65657.4,0.1157704975393153,1.9687042130818553,9
2114,2024-04-04 04:15:00,66439.5,65460.4,1.4846106782491855,2024-04-04 11:00:00,66115.0,-0.9999938894354428,4.841261438402787,26
2115,2024-04-04 13:15:00,67030.0,65557.7,2.2208696583468948,2024-04-04 20:15:00,67263.2,-2.6015250687562252,2.248926604740775,27
2116,2024-04-06 23:00:00,69099.4,67308.9,2.6252068239249375,2024-04-07 04:30:00,69020.0,-2.542160100670203,0.8048391770501304,21
2117,2024-04-07 16:30:00,70200.0,68788.3,2.0313940094238108,2024-04-07 19:45:00,68855.0,-0.09696416396392568,1.4588628276813593,12
2118,2024-04-08 07:15:00,69949.7,68855.0,1.5773241107829876,2024-04-08 14:45:00,71305.0,-3.558202018735023,1.232872870065221,29
2119,2024-04-09 01:00:00,72360.4,71305.0,1.4692472926675375,2024-04-09 04:15:00,70959.2,0.4849589790337325,0.6212020428640724,12
2120,2024-04-09 06:30:00,71923.2,70876.0,1.4666748833326755,2024-04-09 08:00:00,69608.0,1.7890400135447824,2.0476094701758463,5
2121,2024-04-09 13:45:00,71033.3,70030.4,1.421910810506188,2024-04-09 17:00:00,68200.3,2.6132936553268173,2.1230111891003327,12
2122,2024-04-10 02:45:00,69648.2,68623.8,1.48171719509372,2024-04-10 08:00:00,68800.3,-0.25719939729365027,1.680370579779436,20
2123,2024-04-10 07:15:00,69525.0,68505.5,1.4772097471211074,2024-04-10 10:15:00,68650.6,-0.21180781105167587,2.210759993357665,11
2124,2024-04-10 12:30:00,69559.9,68650.6,1.3158189862564542,2024-04-10 18:30:00,69080.5,-0.626214483194603,3.168043080174579,23
2125,2024-04-11 11:30:00,71341.7,70305.9,1.4625027180128758,2024-04-11 16:30:00,69600.6,1.0031874991999086,1.7369103139915374,19
2126,2024-04-11 20:15:00,70617.3,69580.0,1.4797717217093382,2024-04-11 23:15:00,69742.6,-0.23368784133372494,2.205968805292604,11
2127,2024-04-11 23:15:00,70800.0,69973.7,1.173940871057595,2024-04-12 01:30:00,70143.1,-0.24209095703101127,1.622397641393095,8
2128,2024-04-12 02:15:00,70740.7,69742.6,1.420951814201391,2024-04-12 09:45:00,70534.6,-1.1356043508558613,0.6582585000836303,29
2129,2024-04-12 04:45:00,71049.1,70024.5,1.4525751097299648,2024-04-12 09:45:00,70534.6,-0.7284593249505613,0.6582585000836303,19
2130,2024-04-12 13:30:00,71281.1,70010.0,1.7992640725424403,2024-04-12 18:30:00,64669.0,7.628910155692044,4.775703969444392,19
2131,2024-04-13 01:00:00,67458.5,66641.8,1.2180435092240616,2024-04-13 07:15:00,67111.1,-0.7042126713264091,1.2306458991135507,24
2132,2024-04-13 17:15:00,67937.6,66992.6,1.4007242263036739,2024-04-13 20:00:00,59765.9,10.787310837316365,9.757068830219241,10
2133,2024-04-15 04:00:00,65845.0,64904.2,1.4390910231190752,2024-04-15 08:00:00,66006.0,-1.6975788931995202,1.2557949277338336,15
2134,2024-04-15 11:30:00,66834.9,66006.0,1.2479590246678458,2024-04-15 15:00:00,63755.9,3.4089325212859416,1.7345845639383985,13
2135,2024-04-17 07:00:00,64479.9,63487.7,1.5507050222087533,2024-04-17 10:00:00,62720.3,1.2087380705238875,0.66724808395368,11
2136,2024-04-19 00:45:00,63800.0,62868.7,1.4704500796171476,2024-04-19 02:30:00,59521.7,5.323793875171588,9.928983883188822,6
2137,2024-04-20 09:45:00,64257.3,63391.1,1.3571654638836121,2024-04-20 14:30:00,63704.5,-0.4943911684763342,2.6724956635716475,18
2138,2024-04-20 15:30:00,64130.0,63228.0,1.4164795301433755,2024-04-20 20:15:00,64581.3,-2.1403492123742693,1.7232542547145908,18
2139,2024-04-21 03:00:00,65407.0,64515.5,1.3723565972021783,2024-04-21 07:30:00,64867.0,-0.544830312095543,0.8774877826938152,17
2140,2024-04-21 16:00:00,65694.2,64695.9,1.5312512222937102,2024-04-21 20:00:00,64300.0,0.6119398601766132,3.2503888024883363,15
2141,2024-04-22 01:15:00,65149.9,64200.0,1.4687293921371434,2024-04-22 09:30:00,65753.0,-2.4190031152647973,1.5906498562803129,32
2142,2024-04-22 17:15:00,66455.0,65489.3,1.463799497212077,2024-04-22 19:15:00,66070.0,-0.8867097373158624,1.708642349023754,7
2143,2024-04-22 22:45:00,66798.9,65841.1,1.4442098914354469,2024-04-23 00:15:00,66658.1,-1.240866267422628,0.7314939969785986,5
2144,2024-04-23 04:30:00,67198.9,66261.9,1.4041576253102035,2024-04-23 08:00:00,65915.0,0.5235286039186836,1.8129409087461124,13
2145,2024-04-23 14:00:00,67106.9,65750.0,2.042648895164638,2024-04-23 15:45:00,66290.0,-0.8212927756653993,0.9162769648514016,6
2146,2024-04-24 14:15:00,67110.0,65762.5,2.0282601742271726,2024-04-24 16:30:00,64321.0,2.1919787112716214,1.2366101273301122,8
2147,2024-04-25 00:30:00,64477.8,63562.6,1.4295487986604298,2024-04-25 02:00:00,63813.6,-0.39488630106383316,0.9881906051374605,5
2148,2024-04-25 10:15:00,64710.0,63515.9,1.8624942386834462,2024-04-25 13:15:00,62745.2,1.2133969604461314,4.027559080216505,11
2149,2024-04-25 12:30:00,64230.0,63286.1,1.4804405090808164,2024-04-25 20:00:00,64441.5,-1.8256773604314398,1.28923131832748,29
2150,2024-04-26 00:15:00,65272.3,64350.0,1.4230576066001033,2024-04-26 05:00:00,63914.5,0.6767676767676768,1.3823154370291562,18
2151,2024-04-26 14:00:00,64707.3,63633.2,1.6738286043766477,2024-04-26 16:00:00,63273.0,0.5660567125337043,1.370252714427955,7
2152,2024-04-27 00:30:00,64140.0,63273.0,1.3609286336559063,2024-04-27 05:00:00,62746.3,0.8324245728825835,1.0252397352513145,17
2153,2024-04-28 03:00:00,64029.8,62443.6,2.5083535352097823,2024-04-28 06:15:00,63781.2,-2.142093024745528,0.42222473079842165,12
2154,2024-04-28 22:30:00,64336.8,63309.8,1.6091302079334662,2024-04-29 03:45:00,61832.2,2.3339198670664034,1.3908610723862325,20
2155,2024-04-29 13:45:00,62750.5,61832.2,1.4742014742014788,2024-04-29 16:45:00,62697.4,-1.399270930033226,3.20252514458335,11
2156,2024-04-29 22:15:00,63199.9,62520.0,1.0816107871546214,2024-04-30 00:00:00,63653.3,-1.812699936020478,1.6527030020438847,6
2157,2024-04-30 08:00:00,63876.5,63039.0,1.319775756310301,2024-04-30 12:00:00,60703.0,3.7056425387458556,1.402896067739648,15
2158,2024-05-01 07:00:00,60407.6,59480.5,1.5466088794467483,2024-05-01 15:15:00,56636.5,4.7813989458730175,4.976825898493016,32
2159,2024-05-02 11:15:00,58264.2,56887.3,2.3914582094023857,2024-05-02 13:45:00,58194.1,-2.2971735343389397,2.383231289769928,9
2160,2024-05-02 20:30:00,59549.0,58902.0,1.092434846476602,2024-05-03 00:30:00,58780.0,0.20712369698821773,2.0415107179312693,15
2161,2024-05-03 07:45:00,59980.0,59112.0,1.4576965707184362,2024-05-03 10:45:00,58816.1,0.5005751793206141,7.376891701421895,11
2162,2024-05-03 12:30:00,59818.4,58816.1,1.6897276930403937,2024-05-03 19:15:00,61548.4,-4.645496726236529,3.414548550409106,26
2163,2024-05-03 20:15:00,62190.0,61304.2,1.4345612992351104,2024-05-04 00:15:00,62725.5,-2.318438214673714,1.4738822329036834,15
2164,2024-05-04 10:30:00,63444.0,62512.8,1.4786021874166335,2024-05-04 13:30:00,63420.2,-1.4515427240501053,1.20387510603877,11
2165,2024-05-05 01:15:00,64284.3,63266.0,1.5967034181809103,2024-05-05 03:30:00,62978.0,0.4552208137072045,2.0340436342849886,8
2166,2024-05-05 07:45:00,63899.5,62866.1,1.6304107739008082,2024-05-05 10:45:00,63538.0,-1.0687795171006338,1.7186565519846393,11
2167,2024-05-05 15:45:00,64464.5,63067.8,2.190347072859185,2024-05-05 18:30:00,63779.5,-1.1284680930680902,1.0807547879804684,10
2168,2024-05-05 20:15:00,64630.0,63723.4,1.41266222788021,2024-05-06 03:00:00,63680.0,0.06810684928927435,2.920854271356784,26
2169,2024-05-06 08:15:00,64599.9,63536.1,1.6604233002434958,2024-05-06 10:45:00,63800.0,-0.41535442055776395,0.8778996865203739,9
2170,2024-05-07 01:30:00,63873.3,62811.0,1.6770823219609738,2024-05-07 03:30:00,62803.5,0.011940583655729092,2.539985828815268,7
2171,2024-05-07 11:45:00,64398.7,63480.0,1.4368303712815302,2024-05-07 14:30:00,63020.2,0.7243226212980511,2.039187435139853,10
2172,2024-05-07 23:00:00,63648.1,62713.2,1.479725200674576,2024-05-08 00:30:00,62075.5,1.0168513167881676,1.5287834975151227,5
2173,2024-05-08 04:15:00,62987.2,62075.5,1.457988672881678,2024-05-08 06:15:00,62091.0,-0.024969593478908748,1.175210578022575,7
2174,2024-05-08 07:45:00,63024.5,62091.0,1.4922211876226368,2024-05-08 09:30:00,62051.0,0.06442157478539562,1.2404312581586068,6
2175,2024-05-08 14:30:00,62788.7,61742.2,1.6807073585752612,2024-05-08 23:15:00,60850.0,1.4450408310685352,1.541495480690222,34
2176,2024-05-08 20:15:00,62767.4,61851.1,1.4705681740672578,2024-05-08 23:15:00,60850.0,1.6185645849467487,1.541495480690222,11
2177,2024-05-09 03:00:00,61750.4,60850.0,1.4688369695368064,2024-05-09 07:45:00,61100.1,-0.41101068200492774,2.5420580326382516,18
2178,2024-05-09 10:45:00,61788.0,60890.1,1.4638309527128337,2024-05-09 13:45:00,60855.1,0.05748060850614468,4.190938803814309,11
2179,2024-05-10 14:00:00,63447.8,62555.4,1.4164719626168247,2024-05-10 16:00:00,60172.7,3.8089437522580054,1.8387075866630571,7
2180,2024-05-11 15:15:00,61233.0,60111.0,1.8492879746835444,2024-05-11 17:30:00,61000.5,-1.479762439486949,0.4860615896591012,8
2181,2024-05-12 21:15:00,61854.2,60566.6,2.1035641002182612,2024-05-13 03:15:00,60707.8,-0.23313179210984994,4.215273819838637,23
2182,2024-05-13 00:30:00,61711.3,60805.4,1.4788188059260516,2024-05-13 03:15:00,60707.8,0.1605120597841615,4.215273819838637,10
2183,2024-05-13 03:00:00,61779.0,60908.0,1.4198733362132907,2024-05-13 05:45:00,60769.9,0.2267354042161925,4.108777536247388,10
2184,2024-05-13 07:00:00,61589.3,60707.8,1.4415713864024575,2024-05-13 10:30:00,62336.6,-2.6830160210055305,1.765736341090153,13
2185,2024-05-13 16:15:00,63266.8,62336.6,1.4811700957139766,2024-05-13 18:15:00,62530.0,-0.3102511205295147,1.034543419158806,7
2186,2024-05-14 06:00:00,63437.3,62374.7,1.6891870409817915,2024-05-14 08:30:00,61689.0,1.0993239246040416,0.9718102092755596,9
2187,2024-05-14 12:30:00,62109.1,61368.2,1.200058634259093,2024-05-14 14:15:00,61073.7,0.47989023631131433,1.9890722193022576,6
2188,2024-05-15 09:45:00,62444.0,61123.6,2.1371297977787083,2024-05-15 11:30:00,62187.5,-1.7405715631932699,6.7531256281407135,6
2189,2024-05-16 13:00:00,66770.0,65618.7,1.739272309494697,2024-05-16 15:00:00,65330.0,0.43996604626424646,0.9038726465636002,7
2190,2024-05-17 06:45:00,65868.0,64644.4,1.8750708744916171,2024-05-17 08:30:00,66041.1,-2.160589316321297,2.1239803698000137,6
2191,2024-05-17 11:00:00,66517.9,65522.4,1.5078729751446986,2024-05-17 13:30:00,65771.7,-0.38048056847733847,2.542278822046573,9
2192,2024-05-17 14:45:00,66554.9,65644.2,1.3777703479070542,2024-05-17 18:00:00,66161.0,-0.7872744279007178,1.3891869832680972,12
2193,2024-05-19 13:00:00,67737.7,66161.0,2.3550639401278683,2024-05-19 17:00:00,66502.9,-0.516769698160539,0.4368230558366628,15
2194,2024-05-19 19:00:00,67586.3,66477.5,1.6541378060296712,2024-05-19 21:30:00,65945.6,0.8001203414689092,2.022727824145954,9
2195,2024-05-20 04:30:00,66809.8,65822.0,1.4895371999776872,2024-05-20 06:45:00,66250.1,-0.6503904469630303,2.9968256651687986,8
2196,2024-05-20 06:45:00,67279.5,66313.4,1.4463343486068585,2024-05-20 14:30:00,66708.9,-0.5964103785961812,8.024116722056581,30
2197,2024-05-20 10:15:00,67202.8,66250.1,1.4277696475685382,2024-05-20 14:30:00,66708.9,-0.6925272565626139,8.024116722056581,16
2198,2024-05-20 16:00:00,67474.4,66576.5,1.3396403903293366,2024-05-20 21:15:00,68861.5,-3.432141972017153,4.64729928915286,20
2199,2024-05-21 14:15:00,71587.6,70534.5,1.4819651553136435,2024-05-21 19:30:00,69155.0,1.955780504575775,1.805943171137292,20
2200,2024-05-21 22:45:00,70165.9,69155.0,1.4511821270175462,2024-05-22 01:00:00,70001.7,-1.224351095365479,0.5674147913550629,8
2201,2024-05-22 04:45:00,70403.9,69357.1,1.4979858472678191,2024-05-22 07:30:00,69617.5,-0.3754482237579053,1.5735985923079687,10
2202,2024-05-22 15:30:00,70336.5,69232.4,1.5821576296725215,2024-05-22 18:30:00,69251.7,-0.02787712111670679,1.1004783998082441,11
2203,2024-05-23 12:45:00,70159.4,68812.4,1.9385227794415847,2024-05-23 14:45:00,67631.7,1.715824473496052,1.1892352254933751,7
2204,2024-05-24 06:45:00,68170.3,67050.3,1.6565523300443867,2024-05-24 08:15:00,66628.2,0.6295273846649543,3.915759393169859,5
2207,2024-05-27 01:30:00,69636.3,68121.0,2.1999560095907844,2024-05-27 05:30:00,68311.7,-0.2799430425272634,3.315098292093457,15
2208,2024-05-27 05:30:00,69349.0,68335.1,1.4727917021645842,2024-05-27 07:15:00,68357.9,-0.033364991051433826,3.4816751246015456,6
2209,2024-05-27 14:30:00,69319.3,68277.0,1.5150116681916637,2024-05-27 19:45:00,69090.0,-1.1907377301287403,1.2220292372268098,20
2210,2024-05-28 01:45:00,70055.1,69090.0,1.3871850320277261,2024-05-28 04:30:00,67430.0,2.4026631929367492,2.2171140441939787,10
2211,2024-05-28 10:00:00,68537.9,67430.0,1.6296493510600578,2024-05-28 14:00:00,67522.1,-0.13658608927777818,1.7537961645150209,15
2212,2024-05-28 13:30:00,68925.0,67950.0,1.4246575342465753,2024-05-28 17:00:00,67652.7,0.4375275938189888,1.9496635019740527,13
2213,2024-05-28 18:30:00,68508.2,67522.1,1.449824046554321,2024-05-28 20:45:00,68150.0,-0.9299177602592249,1.231107850330154,8
2214,2024-05-29 07:45:00,68989.0,67877.4,1.6243577678670673,2024-05-29 12:30:00,67569.0,0.4543485755199731,1.1194482676967161,18
2215,2024-05-29 16:00:00,68603.2,67309.4,1.903870575649356,2024-05-29 20:00:00,67173.8,0.20145774587203463,1.9083333085220637,15
2216,2024-05-30 08:00:00,68455.7,67124.7,1.9634106404760572,2024-05-30 12:00:00,67760.1,-0.9465964093694403,2.6562829747889896,15
2217,2024-05-30 11:15:00,68070.1,67137.0,1.380252960088643,2024-05-30 15:00:00,68180.2,-1.5538376752014493,2.0237546971114826,14
2218,2024-05-30 13:45:00,68398.9,67394.8,1.4788609486301518,2024-05-30 20:00:00,68023.8,-0.9333064272020986,1.0530137981118415,24
2219,2024-05-31 12:30:00,68746.1,67876.0,1.273732434210872,2024-05-31 16:15:00,66660.0,1.7915021509812012,2.1189618961896186,14
2220,2024-06-02 14:15:00,68342.4,67169.6,1.7309168191746684,2024-06-02 19:15:00,67279.7,-0.16391343703102484,2.296680871050253,19
2221,2024-06-02 18:15:00,68498.6,67482.2,1.4949169294488762,2024-06-03 00:30:00,67621.5,-0.2064248053560834,2.593553825336621,24
2223,2024-06-03 06:30:00,69125.0,67828.1,1.8939330325490902,2024-06-03 11:00:00,68868.9,-1.5344672783108892,2.1420408921879277,17
2224,2024-06-03 08:30:00,69333.0,68266.4,1.5502974576924111,2024-06-03 11:00:00,68868.9,-0.8825718069211209,2.1420408921879277,9
2225,2024-06-03 13:30:00,69856.4,68413.8,2.0866390588861394,2024-06-03 17:00:00,68821.0,-0.595201552903065,1.0560730009735442,13
2226,2024-06-04 13:45:00,69759.2,68604.9,1.6684963802026727,2024-06-04 17:30:00,70377.7,-2.58407198319654,1.426872432602937,14
2227,2024-06-05 15:15:00,71420.0,70101.0,1.8640343129288233,2024-06-05 16:45:00,71268.1,-1.6648835251993634,0.7299198379078397,5
2228,2024-06-06 19:30:00,71819.6,70707.6,1.5604039088679211,2024-06-06 22:15:00,70700.0,0.010748490968447268,1.1012729844413096,10
2229,2024-06-07 12:30:00,72029.1,70144.1,2.6516952562086242,2024-06-07 18:00:00,68336.7,2.5766956878768257,1.8470309511580119,21
2230,2024-06-11 01:45:00,70180.6,68820.0,1.957689391268823,2024-06-11 04:15:00,67601.4,1.770706190061037,0.7274997263370329,9
2231,2024-06-11 09:45:00,68175.6,67108.0,1.5783140011058336,2024-06-11 13:45:00,66550.0,0.831495499791381,1.499323816679193,15
2232,2024-06-11 13:45:00,67648.6,66700.1,1.4119972876551838,2024-06-11 15:30:00,65931.6,1.1521721856488971,2.4513283463468154,6
2233,2024-06-11 15:30:00,67525.4,66550.0,1.4550021853374955,2024-06-11 17:15:00,66142.0,0.6130728775356874,2.1617126787820187,6
2234,2024-06-12 12:30:00,68030.0,66630.3,2.0788606590063994,2024-06-12 16:30:00,69266.9,-3.9570585754528964,0.849034676014093,15
2235,2024-06-12 18:00:00,70000.0,69004.3,1.432617552118887,2024-06-12 19:45:00,67228.0,2.5741874057124017,2.1302136014755844,6
2236,2024-06-13 03:30:00,68660.1,67372.8,1.8926303857375717,2024-06-13 06:30:00,67268.4,0.15495867768596336,1.8308745265236066,11
2237,2024-06-13 12:30:00,67942.8,66937.7,1.4903562783352757,2024-06-13 16:00:00,66225.9,1.0633768414510851,1.2276163857342823,13
2239,2024-06-14 21:15:00,65964.1,65030.0,1.4261711023626344,2024-06-15 02:00:00,66012.8,-1.5113024757804134,0.5582250715012845,18
2240,2024-06-17 10:15:00,66949.6,65553.9,2.1066613334742277,2024-06-17 14:00:00,65058.0,0.756476731361512,3.4306311291462914,14
2241,2024-06-17 13:45:00,66426.9,65302.2,1.7075953604784324,2024-06-17 16:15:00,65084.3,0.3336794166199518,3.388835709994563,9
2242,2024-06-17 17:00:00,66034.3,65058.0,1.489484889654088,2024-06-17 20:00:00,66105.2,-1.6096406283623799,0.9200486497280049,11
2243,2024-06-18 00:45:00,67087.1,65961.0,1.6927712609199317,2024-06-18 06:45:00,65370.0,0.8959839905398644,0.6271990209576258,23
2244,2024-06-18 13:30:00,65828.0,64818.0,1.5461629135220367,2024-06-18 18:00:00,64276.8,0.8349532537258125,2.1548988126353383,17
2245,2024-06-18 20:45:00,64909.0,64026.6,1.3687453271245513,2024-06-19 00:15:00,64847.7,-1.2824357376465385,1.3143102993629734,13
2246,2024-06-20 11:00:00,66283.2,64585.2,2.594973270858359,2024-06-20 14:15:00,64616.1,-0.047843778450792844,0.9017876349702386,12
2247,2024-06-20 13:15:00,66458.0,65548.9,1.3773522444660178,2024-06-20 16:15:00,64514.2,1.5785161917286135,1.0611617287356983,11
2248,2024-06-21 08:45:00,65467.8,64067.1,2.1626604104376574,2024-06-21 13:45:00,63333.0,1.1458299189443546,1.747903936336507,19
2249,2024-06-21 14:45:00,64345.9,63333.0,1.5866364763480911,2024-06-21 17:15:00,63433.1,-0.15805346343927895,1.587341624483119,9
2250,2024-06-21 20:00:00,64339.8,63404.7,1.4640160633138894,2024-06-22 00:30:00,63904.1,-0.7876387712582844,0.930769700222682,17
2251,2024-06-23 23:30:00,64498.9,63501.3,1.5587475644569282,2024-06-24 06:00:00,62111.0,2.1894039964536205,1.3535444607235385,25
2252,2024-06-24 05:30:00,63537.6,62450.0,1.7265191177544432,2024-06-24 09:30:00,60348.5,3.365092073658927,2.195249260545006,15
2253,2024-06-24 09:15:00,63043.7,62111.0,1.4904753876602272,2024-06-24 11:30:00,60790.0,2.126837436202927,1.4530350386576787,8
2254,2024-06-24 15:45:00,61673.3,60790.0,1.4425546265697606,2024-06-24 18:15:00,59651.0,1.8736634314854415,3.1918995490436037,9
2255,2024-06-25 03:00:00,60696.5,59754.6,1.5639541689532126,2024-06-25 05:45:00,60901.1,-1.9186807375499124,1.9731991704583407,10
2256,2024-06-25 09:45:00,61388.1,60581.0,1.3234499557674828,2024-06-25 12:00:00,60933.0,-0.581040260147571,2.409695895491774,8
2257,2024-06-25 14:15:00,61588.8,60776.7,1.327334910575294,2024-06-25 18:00:00,61110.7,-0.5495527068761549,2.220887667789772,14
2258,2024-06-26 05:15:00,62467.9,61589.3,1.4164433825686835,2024-06-26 10:45:00,61120.0,0.7619830067885215,1.3416230366492148,21
2259,2024-06-26 17:00:00,62225.4,61110.1,1.808562822545014,2024-06-26 20:15:00,60666.0,0.7267211148402614,1.0038571852437939,12
2260,2024-06-27 12:30:00,61506.6,60564.8,1.543031373442093,2024-06-27 15:30:00,61502.8,-1.5487543919900668,1.162873885416594,11
2261,2024-06-28 14:30:00,62380.0,60973.0,2.281257853477418,2024-06-28 16:45:00,60568.1,0.6640644219572621,0.7886990016196718,8
2262,2024-06-28 19:15:00,61378.9,60568.1,1.329758009627138,2024-06-29 02:45:00,60640.8,-0.1200301809038163,0.9203374625664544,29
2263,2024-06-30 07:00:00,61198.9,60011.5,1.9592378211770634,2024-06-30 12:30:00,61280.5,-2.1145947026819862,2.7064074216104634,21
2264,2024-06-30 22:15:00,62392.3,60879.3,2.454742211506949,2024-07-01 00:00:00,62556.3,-2.754630884389275,1.9721434931413735,6
2265,2024-07-01 17:30:00,63790.0,62464.4,2.0998872118516245,2024-07-01 19:45:00,63034.8,-0.9131601360134757,0.5634982581050421,8
2266,2024-07-01 22:15:00,63845.0,62905.0,1.4832347140039448,2024-07-02 00:15:00,62738.1,0.26532072172323573,0.8302769768290743,7
2267,2024-07-02 14:15:00,63704.3,62302.1,2.225601239302138,2024-07-02 16:00:00,61779.6,0.8386555188348386,0.9310516740153778,6
2268,2024-07-03 01:45:00,62692.0,61779.6,1.4660372325896052,2024-07-03 03:15:00,60555.1,1.9820458533237508,1.0151085540276614,5
2269,2024-07-03 10:00:00,61353.0,60277.9,1.7678073581630962,2024-07-03 13:00:00,59722.0,0.9222285447900498,1.69133652590335,11
2270,2024-07-03 19:45:00,60732.1,59750.0,1.6302836686943514,2024-07-04 02:00:00,57770.2,3.313472803347285,2.3314788593427087,24
2271,2024-07-04 07:45:00,59117.1,58350.0,1.3060678266510342,2024-07-04 09:15:00,56930.0,2.4335904027420736,2.7510978394519534,5
2272,2024-07-04 22:00:00,58691.8,57903.9,1.351507817183655,2024-07-05 00:30:00,56650.0,2.1654845355839614,1.5417475728155365,9
2273,2024-07-06 04:30:00,56977.8,56141.8,1.4780816056633863,2024-07-06 09:15:00,56410.0,-0.4777189188804012,2.9602907285942233,18
2274,2024-07-06 13:45:00,56875.5,56002.0,1.5476955106199197,2024-07-06 19:00:00,57691.1,-3.016142280632832,1.3840956404020726,20
2275,2024-07-06 15:30:00,57299.9,56480.7,1.4399642821359782,2024-07-06 19:00:00,57691.1,-2.143032929832671,1.3840956404020726,13
2276,2024-07-07 05:00:00,58489.6,57555.8,1.6093701258300557,2024-07-07 07:30:00,57057.0,0.8666372459422037,1.4722119985277882,9
2277,2024-07-07 13:15:00,57897.9,57057.0,1.4630085363912309,2024-07-07 17:30:00,56752.7,0.5333263228000121,1.0991547538707462,16
2278,2024-07-07 18:00:00,57343.4,56520.6,1.4452329094358234,2024-07-07 21:30:00,56150.0,0.6556901377550814,1.0951024042742679,13
2279,2024-07-07 21:15:00,57376.5,56578.6,1.4003761130480363,2024-07-08 01:15:00,54228.3,4.1540441085498685,7.3155529492903115,15
2280,2024-07-09 01:00:00,56954.4,56110.0,1.4936620191678398,2024-07-09 07:45:00,56974.9,-1.5414364640884004,2.068279189608058,26
2281,2024-07-09 14:00:00,57888.8,56900.0,1.7228161632493812,2024-07-09 17:45:00,57337.0,-0.7680140597539543,1.7069257198667476,14
2283,2024-07-10 12:30:00,59150.0,58275.0,1.4903129657228018,2024-07-10 17:15:00,57416.1,1.4738738738738764,1.6834999242372761,18
2284,2024-07-10 20:15:00,58276.9,57322.0,1.6520918451646192,2024-07-11 00:30:00,57343.8,-0.038030773525004204,2.0028320411273755,16
2285,2024-07-11 01:45:00,58088.8,57127.0,1.6695626815072289,2024-07-11 03:15:00,57016.1,0.1941288707616389,4.63974210793092,5
2286,2024-07-11 11:30:00,58539.2,57461.6,1.8579182212536443,2024-07-11 16:00:00,57162.0,0.5213916772244395,1.4206990658129501,17
2287,2024-07-11 12:30:00,58880.1,58005.7,1.496161210343774,2024-07-11 16:00:00,57162.0,1.4545122289705963,1.4206990658129501,13
2288,2024-07-11 22:45:00,57974.1,57162.0,1.410678318963381,2024-07-12 01:15:00,56513.3,1.1348448269829556,1.56901118851668,9
2289,2024-07-12 01:15:00,57907.1,56958.0,1.6525472053739534,2024-07-12 04:30:00,56680.8,0.4866743916570053,2.309600429069453,12
2290,2024-07-12 13:15:00,57478.4,56657.2,1.4389901135141083,2024-07-12 20:15:00,57118.0,-0.8133123415911887,1.8922231170559245,27
2291,2024-07-12 19:45:00,58514.2,57662.7,1.4658679995765078,2024-07-13 02:00:00,57738.4,-0.1312807065919639,1.9290454879248395,24
2292,2024-07-13 09:45:00,58387.2,57118.0,2.1976499759318147,2024-07-13 14:15:00,58442.9,-2.3195840190482886,2.441699504986919,17
2293,2024-07-13 22:45:00,58994.7,58168.8,1.4098247321051254,2024-07-14 02:45:00,59255.6,-1.8683555445530864,1.8975421732291993,15
2294,2024-07-14 04:15:00,59869.9,59111.0,1.275666934776929,2024-07-14 06:45:00,59770.0,-1.1148517196460896,1.0205788857286264,9
2295,2024-07-14 21:15:00,60500.0,59426.0,1.791104514450578,2024-07-15 00:00:00,60601.9,-1.9787635041900877,4.506624379763668,10
2296,2024-07-15 08:45:00,63088.4,62186.0,1.4406774249168248,2024-07-15 11:15:00,62275.0,-0.14311903000675394,2.4118827780008028,9
2297,2024-07-15 11:15:00,63333.0,62400.3,1.4836165120934501,2024-07-15 13:30:00,62460.5,-0.09647389515755067,3.8212950584769625,8
2298,2024-07-15 14:45:00,63043.0,62275.0,1.225681865334589,2024-07-15 18:00:00,62921.3,-1.0378161380971545,3.3349597036297634,12
2299,2024-07-15 22:00:00,63777.0,62921.3,1.3507679266414736,2024-07-16 00:30:00,64422.6,-2.3859964749615723,0.9268486524915147,9
2300,2024-07-16 05:15:00,65019.7,64079.2,1.4570224843124149,2024-07-16 08:30:00,62350.3,2.6980673916028826,4.592439811837303,12
2301,2024-07-17 08:15:00,66119.2,65030.0,1.6610089882362942,2024-07-17 11:30:00,64528.3,0.7714900815008413,1.3274795709789324,12
2302,2024-07-17 11:30:00,65675.8,64700.2,1.49659446523901,2024-07-17 13:30:00,64501.8,0.3066451108342697,1.3691090791264717,7
2303,2024-07-17 13:30:00,65499.0,64528.3,1.4930710704598145,2024-07-17 16:30:00,63800.0,1.128652079785153,2.0891849529780586,11
2304,2024-07-17 16:00:00,65412.6,64501.8,1.4021540337329745,2024-07-17 21:00:00,64001.3,0.7759473379037484,1.7680890856904445,19
2305,2024-07-18 02:00:00,64732.2,63800.0,1.450531462155004,2024-07-18 05:15:00,64366.2,-0.8874608150470173,1.1196870407139219,12
2306,2024-07-18 14:30:00,65132.9,64183.5,1.4683365760259355,2024-07-18 16:00:00,63265.4,1.430429939158816,1.3152528870441007,5
2307,2024-07-19 03:30:00,64119.4,63200.0,1.444241804469706,2024-07-19 05:30:00,64062.7,-1.3650316455696156,2.8394057696600363,7
2308,2024-07-19 08:00:00,64476.4,63555.0,1.4393344132767454,2024-07-19 11:45:00,63921.5,-0.5766658799465031,5.392395359933659,14
2309,2024-07-19 12:45:00,64295.0,63361.9,1.461887293205457,2024-07-19 15:30:00,65240.0,-2.9640840947004405,3.262415695892082,10
2310,2024-07-19 13:30:00,64433.8,63484.0,1.4850161588144932,2024-07-19 15:30:00,65240.0,-2.7660512885136415,3.262415695892082,7
2311,2024-07-20 00:30:00,67368.4,66366.6,1.4981867125284904,2024-07-20 04:00:00,66448.5,-0.12340544792108406,0.4442538206280008,13
2312,2024-07-20 17:15:00,67208.9,66202.0,1.5094718647426775,2024-07-20 21:00:00,66754.0,-0.8338116673212289,0.9647361955837852,14
2313,2024-07-21 16:45:00,67599.9,66556.0,1.5562491101770317,2024-07-21 23:45:00,67853.7,-1.949786645832077,0.9051827682204465,27
2314,2024-07-22 06:30:00,68467.9,67460.0,1.4829920862457144,2024-07-22 09:00:00,66925.0,0.7930625555884968,1.516623085543519,9
2315,2024-07-22 09:00:00,68077.1,67012.0,1.5768851817060088,2024-07-22 15:00:00,66543.0,0.6998746493165403,2.564957997084596,23
2316,2024-07-22 13:30:00,67921.6,66925.0,1.4781240313066932,2024-07-22 15:00:00,66543.0,0.5707881957415016,2.564957997084596,5
2317,2024-07-22 14:15:00,67940.0,66936.5,1.488027936667989,2024-07-22 23:00:00,67132.1,-0.29221725067789,0.8754381287044455,34
2318,2024-07-22 23:00:00,68249.8,67279.1,1.4324620062584392,2024-07-23 01:30:00,67176.0,0.1532422401607718,0.7591997141836371,9
2319,2024-07-23 05:15:00,68145.4,66724.2,2.107517186971708,2024-07-23 07:30:00,66230.0,0.7406608097212063,1.6868488600332132,8
2320,2024-07-23 13:30:00,67186.1,66230.0,1.4332603036665077,2024-07-23 17:00:00,65639.1,0.8921938698474923,0.7986093654544274,13
2321,2024-07-24 15:45:00,67105.2,65371.6,2.6172129761588425,2024-07-24 21:30:00,64903.0,0.7168250432909682,1.289616812782152,22
2322,2024-07-25 14:00:00,64537.2,63624.6,1.4241373014423935,2024-07-25 18:45:00,64330.0,-1.1086906636741158,4.876418467278097,18
2323,2024-07-25 21:00:00,65274.0,64330.0,1.4567451621863523,2024-07-25 23:00:00,65580.0,-1.943105860407275,2.8774016468435497,7
2324,2024-07-26 14:30:00,68012.8,66470.2,2.2941189592736713,2024-07-26 17:30:00,67270.4,-1.2038477392876765,1.400616021311025,11
2325,2024-07-27 13:15:00,68890.0,66857.6,2.994380747799584,2024-07-27 15:45:00,68571.0,-2.562760254630729,0.9493809336308352,9
2326,2024-07-27 19:00:00,69400.0,68380.1,1.4804750468318635,2024-07-28 00:00:00,67226.1,1.6876254933818464,1.620501561149604,19
2327,2024-07-29 00:00:00,68337.9,67026.9,1.9369880500691465,2024-07-29 04:15:00,69280.0,-3.3614862092682283,1.2368648960738946,16
2328,2024-07-29 13:45:00,70136.9,69230.0,1.3014568021531572,2024-07-29 17:00:00,66360.9,4.144301603351157,1.765045380638302,12
2329,2024-07-30 00:15:00,67532.2,66562.1,1.4468922243525508,2024-07-30 02:15:00,65882.9,1.020400498181415,1.633200724315414,7
2330,2024-07-30 07:15:00,66850.8,65882.9,1.458408829106713,2024-07-30 09:45:00,66362.2,-0.7275028876992405,0.8474703973045028,9
2331,2024-07-30 14:45:00,66958.9,65980.0,1.4727066344012087,2024-07-30 20:00:00,65265.0,1.0836617156714154,1.9428483873439057,20
2332,2024-07-31 06:00:00,66416.9,65477.0,1.4252364969115239,2024-07-31 08:00:00,66001.1,-0.8004337400919496,1.2589184119658523,7
2333,2024-07-31 19:15:00,66832.0,65552.5,1.9330057521839792,2024-07-31 21:00:00,64502.4,1.6019221234888044,0.9433757503596766,6
2334,2024-08-01 01:30:00,65169.0,64315.0,1.3190818942880973,2024-08-01 04:45:00,63513.5,1.2462100598616186,2.242830264431971,12
2335,2024-08-01 08:30:00,64462.1,63513.5,1.4824700958620214,2024-08-01 10:15:00,64274.4,-1.1980130208538367,1.0324483775811186,6
2336,2024-08-01 14:45:00,64938.0,63892.5,1.6230628616670744,2024-08-01 17:45:00,62217.7,2.6212779277693046,5.4913633901606875,11
2337,2024-08-02 10:45:00,64625.0,63756.6,1.3528418402637161,2024-08-02 12:30:00,63938.6,-0.28546064250603076,2.4263903182115363,6
2338,2024-08-03 15:45:00,62154.0,61171.4,1.5935079067248088,2024-08-03 19:15:00,59873.5,2.121743167558698,2.0284433012935605,13
2339,2024-08-04 12:00:00,61088.0,60076.0,1.6704631738800304,2024-08-04 17:30:00,57150.0,4.870497369998002,4.2159230096238,21
2340,2024-08-04 14:30:00,61056.8,60180.0,1.4464255077666235,2024-08-04 17:30:00,57150.0,5.0348953140578265,4.2159230096238,11
2341,2024-08-06 07:45:00,56032.5,55221.1,1.4586494279735693,2024-08-06 11:00:00,54837.1,0.6953863649945402,4.046530542278859,12
2342,2024-08-07 08:45:00,57285.6,56436.4,1.4934665236277889,2024-08-07 12:00:00,56790.3,-0.6270775598727087,1.1929854218061886,12
2343,2024-08-08 12:30:00,57665.0,56660.0,1.7581456374371311,2024-08-08 19:45:00,59181.0,-4.449346981997882,6.018992582078705,28
2344,2024-08-08 21:30:00,59885.0,59050.0,1.4041283053768865,2024-08-09 01:00:00,60745.3,-2.870956816257414,1.3189497788306206,13
2345,2024-08-09 10:15:00,61363.4,60544.2,1.3439687107284606,2024-08-09 14:30:00,59488.0,1.7445106219918622,3.3147861753631007,16
2346,2024-08-11 09:15:00,61400.0,60223.0,1.9354891755671213,2024-08-11 13:00:00,60134.3,0.14728592066153642,1.0145624044846262,14
2347,2024-08-11 19:15:00,60757.0,59908.3,1.4067010151219896,2024-08-12 00:30:00,58024.1,3.145140155871564,1.7489284624836972,20
2348,2024-08-11 20:00:00,60400.0,59508.8,1.4864630452477168,2024-08-12 00:30:00,58024.1,2.4949251203183467,1.7489284624836972,17
2349,2024-08-12 07:15:00,58805.9,58001.2,1.3778272039970247,2024-08-12 10:00:00,58077.5,-0.1315490024344374,4.5008824415651505,10
2351,2024-08-13 13:45:00,59245.0,58380.0,1.4707757704569608,2024-08-13 19:15:00,60208.2,-3.131551901336069,1.7834779980135644,21
2352,2024-08-14 03:45:00,61167.7,60357.4,1.3335516695727805,2024-08-14 06:00:00,60611.7,-0.42132364879864875,2.2084845005172364,8
2353,2024-08-14 12:15:00,61454.8,60400.0,1.7312407882168004,2024-08-14 14:00:00,58769.0,2.700331125827814,1.7844441797546275,6
2354,2024-08-14 22:00:00,59446.0,58700.0,1.2628442774194641,2024-08-14 23:45:00,58631.4,0.11686541737648815,0.7264025760940408,6
2355,2024-08-15 01:45:00,59235.1,58399.1,1.4213553541402075,2024-08-15 04:30:00,58133.3,0.4551440005068496,2.7756896649596676,10
2356,2024-08-15 07:15:00,58612.0,57787.6,1.4164997130574355,2024-08-15 10:45:00,58271.2,-0.8368577341851859,2.6814275319540357,13
2357,2024-08-15 11:15:00,58542.9,57690.0,1.4675707136275555,2024-08-15 13:00:00,58446.5,-1.311319119431444,2.3734526447263686,6
2358,2024-08-16 12:30:00,58669.5,57747.8,1.5834416362516517,2024-08-16 15:30:00,57601.2,0.25386248480462603,3.8174551919057267,11
2359,2024-08-16 23:00:00,59800.1,58920.1,1.4824772869317941,2024-08-17 03:45:00,58960.3,-0.06822799010864605,0.8441273195692646,18
2360,2024-08-18 02:45:00,59731.1,58671.2,1.7903368431187596,2024-08-18 08:00:00,59402.7,-1.24677865801279,1.4260294565735325,20
2361,2024-08-18 17:15:00,60249.8,59222.0,1.7205733905407015,2024-08-19 00:15:00,58140.7,1.8258417479990594,1.030775343262126,27
2362,2024-08-18 23:00:00,60200.0,59230.0,1.6243824834631164,2024-08-19 05:30:00,58322.2,1.5326692554448806,1.0706043324840309,25
2363,2024-08-19 10:00:00,58808.9,57925.6,1.5133486672748895,2024-08-19 13:45:00,58020.0,-0.16296766887179667,2.7231988969320926,14
2364,2024-08-20 00:15:00,59600.0,58532.5,1.8072926586671745,2024-08-20 08:30:00,60651.5,-3.620210993892282,0.4921560060344756,32
2365,2024-08-20 14:15:00,61455.8,60122.0,2.194150576832288,2024-08-20 16:00:00,58400.0,2.8641761751106087,2.2996575342465753,6
2366,2024-08-21 09:15:00,59989.7,58728.4,2.1248655428279184,2024-08-21 13:30:00,58805.0,-0.130430932904691,5.152623076269025,16
2367,2024-08-21 13:45:00,59610.2,58805.0,1.3599605456056267,2024-08-21 20:45:00,60861.7,-3.4974917098886102,1.0224821192967055,27
2368,2024-08-22 02:30:00,61573.0,60620.0,1.5598274860262045,2024-08-22 09:15:00,60771.6,-0.2500824810293608,1.011327659630483,26
2369,2024-08-22 13:45:00,61386.2,60312.6,1.764355934487437,2024-08-22 15:45:00,60066.5,0.4080407742329108,1.4355755704094677,7
2371,2024-08-25 00:00:00,64551.1,63520.0,1.610199334588363,2024-08-25 01:30:00,64006.8,-0.7663727959697779,0.3727728928801292,5
2372,2024-08-26 00:15:00,64992.6,63750.0,1.9303633762251167,2024-08-26 02:15:00,63729.4,0.0323137254901938,0.7199189071291988,7
2373,2024-08-26 14:30:00,64447.6,63177.0,1.9911521759911466,2024-08-26 18:00:00,63150.0,0.0427370720357092,0.870942201108472,13
2374,2024-08-26 21:15:00,63962.4,63034.8,1.46081960862129,2024-08-27 00:45:00,62620.0,0.6580492045663711,0.9313318428617009,13
2375,2024-08-27 12:30:00,63700.0,62200.0,2.3828435266084194,2024-08-27 15:30:00,61410.0,1.270096463022508,1.2864354339684092,11
2376,2024-08-27 14:00:00,62931.8,62013.0,1.470729474135783,2024-08-27 15:30:00,61410.0,0.9723767597116734,1.2864354339684092,5
2377,2024-08-27 15:30:00,62658.1,61636.0,1.6446476542329822,2024-08-27 17:00:00,61489.8,0.23719903952235233,1.1549883070037583,5
2378,2024-08-27 21:15:00,62260.7,61410.0,1.3757502787644884,2024-08-28 01:30:00,58868.8,4.138088259241162,2.3375710053542766,16
2379,2024-08-28 07:30:00,59748.8,58851.0,1.5139991804370714,2024-08-28 16:15:00,57800.0,1.78586600057773,3.458477508650519,34
2380,2024-08-29 06:30:00,59566.7,58801.4,1.2930848767531042,2024-08-29 08:15:00,59333.0,-0.9040601074124059,3.0601857313805088,6
2381,2024-08-29 11:45:00,60175.4,58898.3,2.1450580606800633,2024-08-29 18:45:00,58868.0,0.05144460875781289,1.3817354080315307,27
2382,2024-08-30 07:15:00,59449.5,58618.2,1.4081751401949947,2024-08-30 11:45:00,59288.7,-1.1438426973192628,1.0681630732331844,17
2383,2024-08-30 13:45:00,59922.0,58868.1,1.774390290099935,2024-08-30 16:15:00,57665.7,2.042532373220813,3.0728838807124514,9
2384,2024-09-01 02:15:00,59437.7,58488.0,1.6106751963312442,2024-09-01 05:30:00,57719.8,1.3134318150731725,1.3692008634818478,12
2385,2024-09-01 05:00:00,59100.0,58227.6,1.487118120544529,2024-09-01 11:00:00,57800.0,0.7343596507498137,1.7141868512110778,23
2386,2024-09-01 14:00:00,58584.2,57671.0,1.5710265003199806,2024-09-01 17:15:00,57831.2,-0.2777825943715162,1.6593119285091888,12
2387,2024-09-02 08:30:00,58143.9,57072.2,1.8603302837016777,2024-09-02 14:00:00,58062.9,-1.7358714049922805,2.3426318699203743,21
2388,2024-09-02 20:45:00,58800.0,57873.5,1.5881926915709221,2024-09-03 00:15:00,59000.9,-1.9480418498967602,1.3628605665337283,13
2389,2024-09-03 02:00:00,59423.1,58568.6,1.4484069642186697,2024-09-03 06:45:00,58823.4,-0.4350453997534565,0.8644519017941839,18
2390,2024-09-03 06:00:00,59805.0,58963.7,1.416703222313628,2024-09-03 08:30:00,58680.1,0.48097388732389346,1.1107683865569467,9
2391,2024-09-03 13:45:00,59633.0,58467.5,1.9737427021900837,2024-09-03 18:00:00,57550.0,1.5692478727498183,1.1711555169417898,16
2392,2024-09-03 23:45:00,58371.0,57540.0,1.433858736444341,2024-09-04 05:45:00,56130.0,2.450469238790407,3.5631569570639585,23
2393,2024-09-04 00:45:00,58221.5,57356.7,1.4964759790341136,2024-09-04 05:45:00,56130.0,2.1387213699532874,3.5631569570639585,19
2394,2024-09-04 14:30:00,56897.9,56130.0,1.3587795579675488,2024-09-04 18:30:00,57594.2,-2.608587208266519,1.3609009240513854,15
2395,2024-09-05 03:00:00,58448.3,57594.2,1.4720468793761008,2024-09-05 06:15:00,56491.0,1.9154706550312306,1.466251261262861,12
2396,2024-09-05 12:15:00,57269.8,56485.2,1.3794558480945995,2024-09-05 15:30:00,55761.7,1.2808664924617423,1.6543613268605515,12
2397,2024-09-05 14:00:00,57125.9,56294.3,1.4664054551129313,2024-09-05 15:30:00,55761.7,0.9460993386541902,1.6543613268605515,5
2398,2024-09-06 01:30:00,56312.2,55509.8,1.4351379871581516,2024-09-06 07:30:00,55205.0,0.549092232362579,3.2471696404311174,23
2399,2024-09-06 07:15:00,56844.7,56024.0,1.454256140099066,2024-09-06 12:30:00,55612.2,0.7350421248036608,2.491179992879263,20
2400,2024-09-07 17:45:00,54827.5,53346.0,2.7391181758933567,2024-09-07 23:00:00,53782.5,-0.8182431672477786,1.7055733742388377,20
2401,2024-09-08 15:30:00,54699.8,53782.5,1.691151459731224,2024-09-08 20:30:00,54159.9,-0.7017152419467326,2.2450189162092276,19
2402,2024-09-08 22:15:00,54630.8,53834.1,1.4690466685536139,2024-09-09 00:45:00,54663.2,-1.5401019056694523,1.5902837740929967,9
2403,2024-09-09 09:00:00,55375.8,54560.3,1.4835891031244512,2024-09-09 12:15:00,54927.6,-0.6732001107031956,5.866995827234393,12
2405,2024-09-10 07:15:00,57397.0,56350.0,1.8409276728177448,2024-09-10 09:00:00,56861.5,-0.9077196095829637,1.983064111921069,6
2406,2024-09-10 13:30:00,57497.1,56552.8,1.6559418289713461,2024-09-10 16:00:00,56521.4,0.05552333394633237,2.6862391943582353,9
2407,2024-09-11 01:30:00,58039.7,57284.7,1.3093499727724576,2024-09-11 05:15:00,56037.8,2.176671956037117,1.982768773934734,14
2408,2024-09-11 13:00:00,56921.1,56037.8,1.5639316600993738,2024-09-11 14:45:00,55530.1,0.9059955958299655,4.40715936041895,6
2409,2024-09-12 01:45:00,57977.4,57182.5,1.3805152661647007,2024-09-12 06:30:00,57801.2,-1.08197438027368,1.348933932167506,18
2410,2024-09-12 13:45:00,58466.0,57531.8,1.6107202033141959,2024-09-12 18:45:00,57942.4,-0.7136922536753562,0.8518804882089774,19
2411,2024-09-13 14:45:00,58446.0,57579.0,1.4945054945054945,2024-09-13 20:00:00,59584.6,-3.48321436634884,1.7447461256767665,20
2412,2024-09-13 21:00:00,59971.2,59283.0,1.1541731863531801,2024-09-14 02:45:00,60251.3,-1.633351888399715,0.24912325543183056,22
2413,2024-09-15 23:00:00,60624.2,59357.7,2.1111517653912797,2024-09-16 02:45:00,58065.0,2.177813493447349,1.884095410316025,14
2414,2024-09-16 13:30:00,59159.0,58065.0,1.8665119770695422,2024-09-16 15:00:00,57529.8,0.9217256522862258,1.5108691495537914,5
2415,2024-09-17 05:30:00,58399.0,57450.0,1.6383395627066268,2024-09-17 13:45:00,58838.5,-2.4168842471714536,4.234472326792831,32
2416,2024-09-17 14:00:00,59420.0,57955.7,2.4950649921576664,2024-09-17 17:00:00,60655.7,-4.6587307201880055,0.665065278283824,11
2417,2024-09-18 03:45:00,60725.0,59688.0,1.722405388122545,2024-09-18 06:00:00,60166.2,-0.801166063530353,0.6083149675399145,8
2418,2024-09-18 09:45:00,60747.0,59815.3,1.5455909517320043,2024-09-18 13:45:00,59266.1,0.9181597350510727,4.236485950653076,15
2419,2024-09-18 13:45:00,60250.0,59353.1,1.4997939016630863,2024-09-18 16:00:00,59126.2,0.38228837246917424,5.83835930602677,8
2420,2024-09-18 16:00:00,60146.0,59266.1,1.4737199998995099,2024-09-18 20:00:00,59447.4,-0.30590843669484397,5.266504506504903,15
2421,2024-09-19 10:15:00,62517.9,61523.6,1.6031731315729059,2024-09-19 13:45:00,62658.0,-1.8438452886372085,1.9119665485652269,13
2422,2024-09-19 12:00:00,62723.9,61820.0,1.4515363658918687,2024-09-19 13:45:00,62658.0,-1.3555483662245227,1.9119665485652269,6
2423,2024-09-20 03:45:00,63518.2,62562.5,1.5160131566528376,2024-09-20 05:45:00,63561.1,-1.5961638361638337,0.5473473555366435,7
2424,2024-09-20 08:30:00,64131.7,63202.5,1.4594665062489058,2024-09-20 10:30:00,63306.8,-0.16502511767731168,0.5989877864621131,7
2425,2024-09-20 13:15:00,64000.0,62835.8,1.8357593045496574,2024-09-20 18:00:00,62310.0,0.8367841262465073,1.5716578398330974,18
2426,2024-09-22 22:00:00,63544.0,62434.1,1.7620522932160452,2024-09-23 00:15:00,62537.1,-0.16497394853133143,3.5772365523825034,8
2427,2024-09-24 08:45:00,63990.0,62634.0,2.1417740712661106,2024-09-24 11:00:00,63335.4,-1.1198390650445467,2.104668163459929,8
2428,2024-09-24 14:15:00,63935.0,63029.3,1.4267002614120616,2024-09-24 21:30:00,63938.6,-1.4426623808292265,1.4668760341953084,28
2429,2024-09-25 06:15:00,64876.5,63837.4,1.6145886341723754,2024-09-25 10:00:00,63377.4,0.7205807254054832,0.970377453161537,14
2430,2024-09-25 07:15:00,64612.0,63689.9,1.4373910285038625,2024-09-25 10:00:00,63377.4,0.4906586444632508,0.970377453161537,10
2431,2024-09-25 17:30:00,64460.1,63124.6,2.0935112125513484,2024-09-25 19:45:00,63118.2,0.010138678106477436,0.9371306532822545,8
2432,2024-09-26 05:30:00,63852.9,62650.0,1.9017745838237725,2024-09-26 09:00:00,63552.8,-1.4410215482841227,3.614632242796536,13
2433,2024-09-26 12:15:00,64497.2,62922.5,2.471674317236655,2024-09-26 21:00:00,64588.0,-2.646906909293178,1.4120270019198613,34
2434,2024-09-27 14:15:00,66233.5,64588.0,2.5156415421012603,2024-09-27 18:30:00,65483.6,-1.386635288288844,1.277113658992474,16
2435,2024-09-30 00:15:00,66400.0,65310.0,1.6551514691367397,2024-09-30 03:00:00,64170.0,1.7455213596692696,0.8087891538101917,10
2436,2024-09-30 01:45:00,66002.5,65065.0,1.43056058900948,2024-09-30 06:45:00,64303.1,1.170982863290558,0.5747778878467734,19
2437,2024-09-30 09:15:00,64794.3,63980.7,1.2635993011065902,2024-09-30 14:00:00,63436.0,0.8513504853807431,0.8944447947537699,18
2438,2024-09-30 18:15:00,64174.9,63225.1,1.4910518053375241,2024-09-30 23:30:00,62800.0,0.6723595534052118,2.0646496815286604,20
2439,2024-09-30 23:30:00,63969.9,63018.4,1.498563253465083,2024-10-01 02:15:00,63132.4,-0.18089954679903011,1.527266506579818,10
2440,2024-10-01 04:00:00,63747.0,62800.0,1.496677123914435,2024-10-01 10:00:00,63690.0,-1.4171974522292994,0.423300361124193,23
2441,2024-10-01 13:30:00,64096.6,62929.9,1.836939536238497,2024-10-01 15:00:00,61750.0,1.8749433893904193,1.69813765182186,5
2442,2024-10-02 11:00:00,61921.7,60946.2,1.587884223625536,2024-10-02 13:30:00,60502.8,0.7275269007747722,3.1626635461499304,9
2443,2024-10-03 03:45:00,61364.0,60327.2,1.7039851690179784,2024-10-03 06:00:00,61076.6,-1.2422257290243897,0.5262244460235205,8
2444,2024-10-03 08:00:00,61460.0,60720.4,1.2106688143106399,2024-10-03 13:15:00,59840.2,1.4495951937075586,2.0969181252736506,20
2445,2024-10-04 14:15:00,61988.0,60302.9,2.75588780522508,2024-10-04 20:30:00,62130.7,-3.031031675093562,0.544497325798684,24
2446,2024-10-07 00:30:00,62973.3,61558.4,2.272353143818002,2024-10-07 03:30:00,63309.7,-2.8449407392004917,0.6095432453478716,11
2447,2024-10-07 11:00:00,63949.0,62854.8,1.7258157878549334,2024-10-07 13:00:00,62788.0,0.1062766884947576,2.6692998662164746,7
2448,2024-10-07 14:00:00,63541.8,62633.0,1.4405412174221839,2024-10-07 16:00:00,63403.0,-1.2293838711222518,0.7800892702238041,7
2449,2024-10-08 14:30:00,63189.7,61944.2,1.9906675968702325,2024-10-08 19:15:00,61836.0,0.1746733350337838,1.1443172262112662,18
2450,2024-10-09 18:00:00,62663.7,61620.0,1.6795444615826487,2024-10-09 20:45:00,60266.0,2.1973385264524503,1.4575382471045057,10
2451,2024-10-10 16:45:00,61288.0,60266.0,1.6815571680076344,2024-10-11 01:30:00,60064.4,0.33451697474529346,1.9960242672864483,34
2452,2024-10-11 01:45:00,60337.9,59495.9,1.4052796456425483,2024-10-11 04:30:00,60542.7,-1.7594489704332492,2.288962996364554,10
2454,2024-10-14 03:30:00,63467.4,62012.1,2.3195820831291214,2024-10-14 05:30:00,63761.8,-2.8215461176125376,3.9553463045271617,7
2455,2024-10-14 13:45:00,65151.8,64201.0,1.4700880073720908,2024-10-14 17:15:00,65543.9,-2.091711967103307,2.6792729758223204,13
2456,2024-10-14 22:45:00,66283.8,65543.9,1.1225258424443554,2024-10-15 03:45:00,65310.1,0.35670748917900164,3.785478815680876,19
2457,2024-10-15 13:30:00,66022.4,65210.2,1.237802192443032,2024-10-15 15:00:00,64762.1,0.6871624377781368,4.067039209661209,5
2458,2024-10-16 10:15:00,67628.6,66660.3,1.4421147242996297,2024-10-16 13:30:00,67085.3,-0.6375608870647147,1.8509271032551053,12
2459,2024-10-17 15:30:00,68327.0,66650.1,2.4847177780527128,2024-10-17 18:15:00,66675.7,-0.03840954477186271,2.436119905752775,10
2460,2024-10-18 01:45:00,67773.4,66675.7,1.6328856050356562,2024-10-18 03:45:00,67476.4,-1.2008872797735863,1.3687748605438432,7
2461,2024-10-18 14:30:00,68510.0,67455.6,1.55098054213712,2024-10-18 18:00:00,68540.0,-1.6075759462520445,0.7436533411146733,13
2462,2024-10-21 00:15:00,69428.0,67980.0,2.107591988821612,2024-10-21 03:00:00,68600.0,-0.9120329508679023,0.8823615160349897,10
2463,2024-10-21 09:30:00,69555.0,68234.6,1.9165452254741928,2024-10-21 15:00:00,66853.3,2.024339557936887,1.6313330830340331,21
2464,2024-10-21 13:15:00,69115.5,68058.0,1.5418429944559264,2024-10-21 15:00:00,66853.3,1.7701078491874536,1.6313330830340331,6
2465,2024-10-21 19:45:00,67687.8,66853.3,1.24051312201253,2024-10-22 00:30:00,66560.9,0.4373755670999169,1.855894376428208,18
2466,2024-10-22 00:30:00,67943.9,66933.0,1.4989964923570962,2024-10-22 02:45:00,67256.8,-0.4837673494389956,0.8020006898930578,8
2467,2024-10-22 09:30:00,67796.2,66804.0,1.474292014424937,2024-10-22 13:45:00,66613.1,0.2857613316567783,1.8523383538673235,16
2468,2024-10-22 14:45:00,67714.3,66613.1,1.6395761400875724,2024-10-22 16:45:00,66907.0,-0.44120450782202625,1.4049352085730942,7
2469,2024-10-23 09:00:00,67847.0,66374.0,2.194887536227565,2024-10-23 12:30:00,66060.1,0.47292614577996533,1.2803492577213602,13
2470,2024-10-23 15:30:00,67027.2,66060.1,1.4533317604309222,2024-10-23 18:15:00,65240.2,1.2411425353579675,3.673961759773895,10
2471,2024-10-24 00:45:00,66815.4,65870.0,1.4250249085430564,2024-10-24 04:00:00,67194.2,-2.010323364202212,1.1646838566423976,12
2472,2024-10-24 13:15:00,67720.0,66721.5,1.485404432411123,2024-10-24 16:15:00,67331.4,-0.9140981542681057,2.2512527587425826,11
2473,2024-10-24 21:00:00,68319.9,67144.0,1.7361082915817339,2024-10-25 02:15:00,67802.9,-0.9813237221494014,0.7108840477324717,20
2474,2024-10-25 01:00:00,68847.2,67855.0,1.4516225781296819,2024-10-25 05:15:00,67560.1,0.4346031979957176,1.768647470918477,16
2475,2024-10-25 12:00:00,68656.3,67215.1,2.121417752374667,2024-10-25 13:30:00,67714.0,-0.7422439303073181,1.5373482588534129,5
2476,2024-10-25 14:15:00,68487.3,67295.1,1.756044966063344,2024-10-25 16:00:00,67303.0,-0.011739339119778673,0.7940210688973659,6
2477,2024-10-28 07:15:00,68450.0,66227.0,3.301231836170987,2024-10-28 09:30:00,68200.0,-2.97914747761487,2.553519061583578,8
2478,2024-10-28 13:45:00,69221.3,67862.7,1.982142336085912,2024-10-28 15:30:00,68365.2,-0.7404656755478342,3.049358445524912,6
2479,2024-10-28 19:00:00,69280.0,68301.4,1.4225760168162351,2024-10-28 23:15:00,69715.7,-2.070674978843776,2.767382383021332,16
2480,2024-10-29 02:00:00,70449.9,69410.7,1.4860511108918413,2024-10-29 03:45:00,70875.7,-2.1106255951892146,1.3824202089009392,6
2481,2024-10-29 14:00:00,71855.5,70826.5,1.4423683435892403,2024-10-29 17:45:00,72479.7,-2.3341545890309376,1.6585333548566092,14
2482,2024-10-30 13:30:00,73030.1,71668.4,1.882120408988361,2024-10-30 15:15:00,71702.1,-0.04702211853482378,1.87177223540174,6
2483,2024-10-30 20:45:00,72559.5,71455.1,1.533733385365087,2024-10-31 01:30:00,72056.5,-0.8416474121511188,0.9435651190385242,18
2484,2024-10-31 13:45:00,73044.2,71739.7,1.8019959401563295,2024-10-31 18:30:00,70067.0,2.33162391256166,1.0602708835828483,18
2485,2024-10-31 20:45:00,71100.6,70067.0,1.4643586772035593,2024-11-01 02:00:00,68855.0,1.7297729316225898,2.0479268027013373,20
2486,2024-11-01 01:30:00,70696.4,69719.3,1.3917247145440164,2024-11-01 07:00:00,69086.3,0.9079264995489054,3.710865974874898,21
2487,2024-11-01 10:30:00,70053.0,68855.0,1.7248826561465143,2024-11-01 12:30:00,69901.2,-1.51942487836758,2.5018168500683866,7
2488,2024-11-01 12:30:00,70280.0,69246.6,1.4812946061897792,2024-11-01 15:45:00,69018.0,0.33012451152837224,2.201889362195365,12
2489,2024-11-02 02:15:00,69758.9,68800.0,1.3841045216149872,2024-11-02 05:00:00,69435.5,-0.9236918604651163,0.5883157750718292,10
2490,2024-11-03 02:15:00,69919.0,68617.4,1.8790729367877408,2024-11-03 06:00:00,68380.0,0.34597638499854877,0.5644925416788534,14
2491,2024-11-03 14:45:00,68766.0,67655.2,1.6284858951541297,2024-11-03 18:45:00,67644.0,0.01655452943749644,2.7393412571698894,15
2492,2024-11-04 00:30:00,69339.7,68398.0,1.367381624638711,2024-11-04 03:45:00,68983.2,-0.8555805725313562,0.582460657087527,12
2493,2024-11-04 14:45:00,69497.0,68233.9,1.8341563149591062,2024-11-04 17:15:00,67213.2,1.4958840107336633,1.4549225449762975,9
2494,2024-11-05 04:15:00,68372.0,67449.5,1.3584005477777819,2024-11-05 10:15:00,68620.0,-1.7353723897137858,2.7980180705333724,23
2495,2024-11-05 07:30:00,68812.6,67820.0,1.4529475396062224,2024-11-05 10:15:00,68620.0,-1.1795930404010617,2.7980180705333724,10
2496,2024-11-05 14:30:00,69472.6,68000.0,2.1423905563726966,2024-11-05 18:00:00,69693.9,-2.491029411764697,8.171590340044116,13
2497,2024-11-07 04:00:00,76195.8,75026.5,1.5464650385558254,2024-11-07 06:00:00,74476.3,0.7333408862201983,2.402777796426514,7
2498,2024-11-07 15:30:00,75519.7,74476.3,1.391237099655983,2024-11-07 19:30:00,75942.7,-1.9689485111370923,1.2473878331952946,15
2499,2024-11-07 22:00:00,76890.0,75771.7,1.4650694968024105,2024-11-08 03:00:00,75610.0,0.21340421291853964,1.0104483533924085,19
2500,2024-11-08 18:30:00,76659.8,75500.0,1.5244499532728133,2024-11-08 21:15:00,76373.6,-1.1570860927152395,0.5988980485403256,10
2501,2024-11-10 02:15:00,77220.3,75703.7,1.9834689126625067,2024-11-10 06:45:00,78673.4,-3.922793733991862,1.9681366255939223,17
2502,2024-11-10 04:30:00,77542.2,76390.5,1.496368218058927,2024-11-10 06:45:00,78673.4,-2.9884606070126445,1.9681366255939223,8
2503,2024-11-10 11:00:00,79853.7,78673.4,1.4890829391315468,2024-11-10 12:30:00,79320.5,-0.8225143441112317,2.9998550185639274,5
2504,2024-11-10 17:30:00,80221.8,79159.8,1.3326506949359274,2024-11-10 21:00:00,78529.9,0.795732177190959,4.347261361596041,13
2505,2024-11-11 09:45:00,81663.5,80490.5,1.446772820898652,2024-11-11 13:15:00,81463.7,-1.2090867866394135,10.267517925161764,13
2506,2024-11-11 14:30:00,82555.0,81374.9,1.439761751821975,2024-11-11 22:15:00,86459.6,-6.248486941305012,4.183919425951536,30
2507,2024-11-13 13:15:00,88174.0,86974.8,1.3693499470164765,2024-11-13 21:15:00,87968.8,-1.1428597708761616,3.0433517337965243,31
2508,2024-11-14 07:45:00,90646.0,89162.0,1.6506495817761166,2024-11-14 11:00:00,90527.5,-1.531482021488975,1.5047361299052742,12
2509,2024-11-14 14:30:00,91755.8,90400.1,1.4885051760607226,2024-11-14 16:00:00,87514.1,3.1924743446080255,2.507481651528147,5
2510,2024-11-16 15:15:00,91948.0,90551.9,1.529973441081344,2024-11-16 20:15:00,90737.8,-0.2052966309928436,0.4485451487693111,19
2511,2024-11-16 18:30:00,91415.8,90125.0,1.4220494786846847,2024-11-16 20:15:00,90737.8,-0.6799445214979227,0.4485451487693111,6
2512,2024-11-17 02:00:00,91491.9,90031.1,1.6094930119048148,2024-11-17 07:00:00,90431.9,-0.44517949908419235,1.2936806591479433,19
2513,2024-11-17 14:30:00,91601.8,89821.0,1.9631490639544786,2024-11-17 16:00:00,90135.4,-0.35002950312287123,1.060626568473652,5
2514,2024-11-17 21:15:00,91328.7,89521.0,1.9991186051179481,2024-11-18 03:00:00,90372.0,-0.9506149395113995,2.292745540654185,22
2515,2024-11-18 06:45:00,91549.8,89892.0,1.8273628237815136,2024-11-18 13:45:00,89424.0,0.5206247496996396,3.7278582930756907,27
2516,2024-11-19 04:15:00,91665.3,90303.7,1.4965186377899597,2024-11-19 09:30:00,91242.0,-1.0390493412783783,3.0008110300081103,20
2517,2024-11-19 12:30:00,92533.1,90670.7,2.0331456006916984,2024-11-19 14:00:00,91020.0,-0.38524021541689096,3.2520325203252036,5
2518,2024-11-20 07:45:00,92884.0,91228.0,1.7989050143390979,2024-11-20 14:30:00,93863.7,-2.889134914719162,1.1728708755354933,26
2519,2024-11-20 08:45:00,93246.0,91901.1,1.4527907809520042,2024-11-20 14:30:00,93863.7,-2.135556592902578,1.1728708755354933,22
2520,2024-11-20 13:15:00,94043.0,92366.3,1.7989445805547226,2024-11-20 16:30:00,93333.0,-1.0465938334652325,1.7860778074207408,12
2521,2024-11-21 00:15:00,94650.0,93247.1,1.4932641323362565,2024-11-21 02:30:00,94032.0,-0.84174199519341,4.698400544495491,8
2522,2024-11-21 03:15:00,95000.0,93732.0,1.3437043002776423,2024-11-21 08:30:00,96779.3,-3.251077540221059,1.8812907305591142,20
2523,2024-11-21 11:00:00,97969.1,96632.0,1.3741957265400924,2024-11-21 15:30:00,95666.1,0.9995653613709684,3.6009620962911564,17
2524,2024-11-21 14:30:00,98450.0,97080.0,1.4013194906152509,2024-11-21 21:00:00,97533.3,-0.4669344870210166,1.9432337468331358,25
2525,2024-11-22 03:15:00,99095.8,97533.3,1.5892866315311414,2024-11-22 05:00:00,98565.1,-1.0578950983920392,1.0215583406296895,6
2526,2024-11-22 13:15:00,99572.0,98083.0,1.50666565480256,2024-11-22 14:45:00,97210.0,0.8900624980883537,2.5511778623598396,5
2527,2024-11-23 17:00:00,99690.0,97607.9,2.1106154703116515,2024-11-23 20:15:00,97185.9,0.43234205428044253,1.5098898091184099,12
2528,2024-11-24 12:15:00,98653.3,97185.9,1.498576383073469,2024-11-24 16:00:00,95800.3,1.425721220876682,2.790596689154412,14
2529,2024-11-24 22:00:00,97244.9,95800.3,1.4966443092084043,2024-11-25 01:15:00,96938.6,-1.1882008720223245,2.105765917807755,12
2530,2024-11-25 06:00:00,98328.6,96938.6,1.4236902050113895,2024-11-25 07:45:00,97811.9,-0.9008795258029189,1.1941287307577095,6
2531,2024-11-25 13:00:00,98979.9,97012.5,2.007628867241785,2024-11-25 15:00:00,94650.0,2.435253189022033,2.0416270470153135,7
2532,2024-11-26 07:15:00,95063.1,93833.4,1.3019828318682576,2024-11-26 11:45:00,91500.2,2.486534645446075,3.5515769364438516,17
2534,2024-11-27 23:30:00,97276.0,95840.0,1.4871890469976594,2024-11-28 03:30:00,94840.6,1.0427796327211958,1.2001189364048699,15
2535,2024-11-28 03:15:00,96749.8,95438.2,1.3649135221762085,2024-11-28 06:15:00,95110.8,0.3430492192853535,1.2503311926721226,11
2536,2024-11-28 14:00:00,96195.1,94707.0,1.5590189945527113,2024-11-28 16:45:00,94854.9,-0.15616585891221785,2.2107450432186426,10
2537,2024-11-28 16:45:00,96300.0,94900.0,1.4644351464435146,2024-11-28 20:45:00,94770.4,0.13656480505796187,2.301879067725788,15
2538,2024-11-29 02:00:00,96097.6,94770.4,1.3906993314751677,2024-11-29 07:45:00,95669.8,-0.9490304989743726,3.204250453121048,22
2539,2024-11-29 11:30:00,97085.6,95548.1,1.5962938987311148,2024-11-29 13:15:00,96833.2,-1.344977032510318,1.964305630713439,6
2540,2024-11-29 14:45:00,97691.4,96170.5,1.5690550850889156,2024-11-29 18:00:00,96910.5,-0.7694667283626476,0.8278772682010752,12
2541,2024-12-02 03:45:00,98270.7,95750.0,2.5983825437182704,2024-12-02 08:30:00,94915.0,0.8720626631853787,2.6708107253858717,18
2542,2024-12-02 14:30:00,96176.5,94761.0,1.482684124386252,2024-12-02 17:45:00,94455.0,0.3229176559977206,2.0567465989095304,12
2543,2024-12-03 10:45:00,96397.7,95147.4,1.3054888900838528,2024-12-03 14:30:00,93605.4,1.6206433386513979,2.9139344524995416,14
2544,2024-12-03 13:45:00,95809.0,94369.8,1.513523063559132,2024-12-03 16:45:00,94914.7,-0.5774092983136492,1.9197237098152402,11
2546,2024-12-04 13:45:00,97066.6,95545.4,1.5795485224181376,2024-12-04 16:45:00,94638.0,0.9497055849889102,8.250174348570345,11
2547,2024-12-04 16:15:00,96863.8,95249.0,1.6810956896156872,2024-12-04 21:45:00,97508.5,-2.3722033827126796,7.3740238030530705,21
2548,2024-12-05 15:15:00,103697.4,102212.9,1.441889988019055,2024-12-05 17:15:00,100647.1,1.531900572236957,0.9913847492873499,7
2550,2024-12-07 05:45:00,100496.8,99076.4,1.4234376158722801,2024-12-07 07:45:00,99144.2,-0.06843203830579524,0.7602058415923444,7
2551,2024-12-08 12:45:00,100540.2,98729.1,1.8177411171715778,2024-12-08 15:00:00,99406.1,-0.685714748741759,2.070999667022443,8
2552,2024-12-08 23:45:00,100799.9,99181.3,1.6187521627032853,2024-12-09 03:45:00,98245.5,0.943524636196544,1.5985464983129,15
2553,2024-12-09 07:45:00,99618.7,98245.5,1.3880226943529927,2024-12-09 12:00:00,98008.2,0.24153778035635515,2.5424403264216697,16
2554,2024-12-09 11:15:00,99816.0,98333.0,1.496853378013515,2024-12-09 16:00:00,97500.0,0.8471215156661547,0.9537435897435838,18
2555,2024-12-09 14:30:00,99399.5,98008.2,1.4095701434138617,2024-12-09 16:00:00,97500.0,0.5185280415312158,0.9537435897435838,5
2556,2024-12-10 15:15:00,98299.0,96382.0,1.9693755425542296,2024-12-10 18:00:00,94190.8,2.273453549417938,3.6193556058553393,10
2557,2024-12-11 01:45:00,97185.7,95757.0,1.4809578180464946,2024-12-11 07:45:00,97212.0,-1.519471161377236,3.9984775542114144,23
2558,2024-12-11 14:45:00,98993.1,97030.0,2.002927206028275,2024-12-11 18:00:00,99605.2,-2.6540245284963384,2.3651375630991183,12
2559,2024-12-12 01:45:00,101961.0,100522.7,1.4206575640409602,2024-12-12 06:00:00,100426.6,0.09560029724628494,2.0745499698287047,16
2560,2024-12-12 14:45:00,101867.5,100158.1,1.692260782791878,2024-12-12 19:45:00,99300.0,0.856745485387608,1.1723061430010129,19
2561,2024-12-13 15:45:00,101350.0,99168.0,2.176363219262111,2024-12-13 19:30:00,101184.2,-2.0331155211358474,1.5454982101948753,14
2562,2024-12-14 01:15:00,102192.7,100756.7,1.4151310622253626,2024-12-14 04:30:00,101565.8,-0.8030235210164741,0.4563544027615595,12
2563,2024-12-15 04:15:00,102748.0,100577.1,2.1353979415232,2024-12-15 07:30:00,101470.1,-0.8878760672160958,2.05469394432448,12
2564,2024-12-15 12:30:00,102985.0,101432.3,1.519147352009832,2024-12-15 16:00:00,102566.1,-1.1177898953292027,4.057578478659125,13
2565,2024-12-15 23:15:00,103924.8,101900.0,1.967498571600704,2024-12-16 03:45:00,104150.0,-2.2080471050049066,1.2375420067210698,17
2566,2024-12-16 11:45:00,105688.1,104077.9,1.5352344993945746,2024-12-16 19:15:00,105812.0,-1.6661558313532516,1.193248402827662,29
2567,2024-12-17 03:30:00,106794.8,105476.5,1.2420897219737224,2024-12-17 06:30:00,106364.4,-0.8417988841116213,1.9341057722320736,11
2568,2024-12-17 14:45:00,107998.9,105668.1,2.181712665034833,2024-12-17 20:15:00,106150.0,-0.45605059615910015,0.713989637305694,21
2569,2024-12-17 22:15:00,107669.9,106119.0,1.450870461469229,2024-12-18 06:45:00,103057.1,2.885345696812064,2.1852933956030114,33
2570,2024-12-18 10:45:00,104490.0,103057.1,1.3807950099037705,2024-12-18 16:15:00,103369.0,-0.3026477554675943,1.547078911472489,21
2571,2024-12-18 12:15:00,105255.8,103669.1,1.5189189991236056,2024-12-18 16:15:00,103369.0,0.28947873570813853,1.547078911472489,15
2572,2024-12-18 15:00:00,105309.2,103750.0,1.4916349053282487,2024-12-18 20:30:00,100221.4,3.401060240963861,1.6032504036064181,21
2573,2024-12-19 10:45:00,102450.0,100385.6,2.0355401122879755,2024-12-19 15:30:00,99362.6,1.0190704642896988,1.815975024808121,18
2574,2024-12-19 14:45:00,102742.4,101063.4,1.6476469266330989,2024-12-19 20:00:00,95640.5,5.365839661044448,2.8246401890412534,20
2575,2024-12-20 21:00:00,97698.0,96267.5,1.4750045755559624,2024-12-21 02:00:00,97122.6,-0.8882540836731045,2.430124399470357,19
2576,2024-12-21 05:45:00,97886.2,96400.0,1.5299079399360296,2024-12-21 13:30:00,96326.7,0.07603734439834327,1.7360710997054847,30
2577,2024-12-21 21:45:00,97999.0,96326.7,1.721131070156961,2024-12-22 03:00:00,96508.4,-0.18862890558899775,0.8378545287249668,20
2578,2024-12-22 05:00:00,97773.3,96026.3,1.8028932980253827,2024-12-22 07:45:00,96032.0,-0.005935873817898939,1.3380956347884039,10
2579,2024-12-22 14:15:00,97317.0,95839.1,1.5302648997365282,2024-12-22 15:45:00,95056.0,0.8170986580633643,1.4529330079111322,5
2580,2024-12-22 19:45:00,96437.1,95056.0,1.4424540623134785,2024-12-22 22:00:00,94200.0,0.9005217976771587,2.4097664543524417,8
2581,2024-12-24 13:30:00,94848.9,93508.6,1.4231448177003714,2024-12-24 20:00:00,97198.6,-3.946161101759624,1.920192266143745,25
2582,2024-12-25 10:15:00,99065.0,97688.1,1.399622166054811,2024-12-25 12:00:00,97562.6,0.1284701002476248,2.0780504004608265,6
2583,2024-12-25 21:00:00,99410.5,97562.6,1.8762968141334977,2024-12-26 01:15:00,98516.8,-0.9780387156553814,0.7204862520910169,16
2584,2024-12-26 00:00:00,99590.0,98159.9,1.446372412830556,2024-12-26 02:45:00,98418.3,-0.26324395196002515,0.712977159735534,10
2585,2024-12-26 08:00:00,99378.0,97650.7,1.7533486238299323,2024-12-26 10:00:00,95137.5,2.5736630664193876,1.5110760741032778,7
2586,2024-12-27 07:30:00,96575.1,95137.5,1.4997449306931374,2024-12-27 10:30:00,96121.0,-1.0337669163053476,0.909998855609073,11
2587,2024-12-27 14:30:00,97291.7,96033.2,1.3019533438268944,2024-12-27 17:15:00,93380.1,2.7626904029023205,1.5141341677723563,10
2588,2024-12-29 16:30:00,95699.9,93676.8,2.1365880807934565,2024-12-29 19:30:00,93233.0,0.4737565758010552,1.0853453176450336,11
2589,2024-12-29 19:30:00,94810.9,93450.1,1.445652578069795,2024-12-29 23:00:00,92926.7,0.5600850079347253,1.4185374063643679,13
2590,2024-12-30 13:45:00,94544.9,92926.7,1.7263414831899841,2024-12-30 15:15:00,91463.7,1.574359145433982,3.8663426036777464,5
2591,2024-12-31 08:15:00,93000.0,91831.4,1.2645037585605108,2024-12-31 10:15:00,93608.7,-1.93539464714684,2.898662196996656,7
2592,2025-01-01 14:00:00,94457.9,92840.0,1.7276221463241117,2025-01-01 17:15:00,93687.7,-0.9130762602326552,1.9511632797048064,12
2593,2025-01-01 21:15:00,94893.8,93155.5,1.8487705085847201,2025-01-02 00:15:00,94339.9,-1.271422513968573,2.6075923336785394,11
2594,2025-01-02 04:30:00,95515.7,93856.0,1.7528490265440895,2025-01-02 06:15:00,95334.7,-1.5754986362086572,2.1663675450806505,6
2595,2025-01-02 10:00:00,96774.0,94685.8,2.1813456401813824,2025-01-02 14:00:00,95889.7,-1.271468372237436,2.038905117025088,15
2596,2025-01-02 14:30:00,97000.0,95431.5,1.6301904833668086,2025-01-02 16:00:00,96003.0,-0.5988588673551186,1.9184817141131036,5
2597,2025-01-03 16:15:00,97844.8,96062.1,1.838717446362143,2025-01-03 21:00:00,98131.4,-2.1541273821829714,0.3693007538871439,18
2598,2025-01-06 04:15:00,99282.2,97216.0,2.1030218088511723,2025-01-06 10:45:00,98679.2,-1.5051020408163236,3.8432618018792204,25
2599,2025-01-06 14:45:00,99877.7,98606.8,1.2806037751058588,2025-01-06 17:30:00,101210.0,-2.639980204204981,1.4742614366169409,10
2600,2025-01-07 11:45:00,102702.1,100556.0,2.1116993615506647,2025-01-07 15:45:00,97088.0,3.448824535582163,1.2790458141067929,15
2601,2025-01-07 14:30:00,101895.4,100441.0,1.437605888016189,2025-01-07 17:45:00,96500.0,3.9236964984418714,1.0509844559585462,12
2602,2025-01-08 06:30:00,97549.9,95830.1,1.7786741131450907,2025-01-08 09:45:00,95363.6,0.4867990328717178,0.7070832057514485,12
2603,2025-01-08 11:30:00,96623.5,95202.3,1.481761056124877,2025-01-08 17:30:00,92378.5,2.966104810493027,3.2238020751581873,23
2604,2025-01-09 07:30:00,94834.7,93643.0,1.2645527826368816,2025-01-09 10:30:00,92980.1,0.7079012846662261,1.8131836812393127,11
2605,2025-01-09 13:30:00,93827.2,92619.8,1.2951669911556571,2025-01-09 17:45:00,92262.6,0.38566267687902267,1.5447212630036407,16
2606,2025-01-10 07:30:00,94314.3,92843.5,1.571721830455373,2025-01-10 11:30:00,94566.8,-1.8561342474163542,1.3818803216350801,15
2607,2025-01-10 10:45:00,94994.0,93599.8,1.4785215632751418,2025-01-10 13:30:00,92700.0,0.9613268404419698,3.4235167206041055,10
2608,2025-01-10 13:30:00,95233.0,94014.3,1.28794439867834,2025-01-10 15:00:00,92161.2,1.9710831224611636,4.028159355563956,5
2609,2025-01-12 15:15:00,95767.1,93660.0,2.2247080803116406,2025-01-12 22:30:00,93740.0,-0.08541533205210335,2.362705355237895,28
2610,2025-01-12 22:15:00,95439.9,93872.1,1.6563133874239226,2025-01-13 02:45:00,93868.4,0.003941533213821403,1.0864145974577206,17
2611,2025-01-13 00:15:00,95080.3,93740.0,1.4196566788634517,2025-01-13 02:45:00,93868.4,-0.13697461062512714,1.0864145974577206,9
2612,2025-01-13 06:45:00,95266.2,93787.4,1.564424057515967,2025-01-13 12:30:00,90250.0,3.7717220010363803,4.930747922437673,22
2613,2025-01-14 09:15:00,95849.7,94092.8,1.8499282677652384,2025-01-14 13:15:00,95712.1,-1.7209605835940718,1.6046038066242285,15
2614,2025-01-15 13:30:00,97691.7,95669.0,2.0921521281211715,2025-01-15 17:45:00,98555.9,-3.0175919054239038,2.3440504322927516,16
2615,2025-01-15 20:00:00,99942.5,98455.5,1.4990070464420004,2025-01-16 03:30:00,99129.8,-0.6848779397799035,0.7686891328339208,29
2616,2025-01-16 00:00:00,100700.0,99249.4,1.4509670946749587,2025-01-16 03:30:00,99129.8,0.12050450682824408,0.7686891328339208,13
2617,2025-01-16 03:30:00,100866.1,99400.1,1.4640513476562695,2025-01-16 06:00:00,99293.1,0.10764576695596886,0.6029623407870205,9
2618,2025-01-16 14:45:00,100526.8,98149.0,2.393648345696862,2025-01-16 18:45:00,99210.6,-1.0816208010270159,2.962788250449039,15
2620,2025-01-17 12:45:00,102777.0,100758.4,1.9835370161652526,2025-01-17 14:30:00,102228.4,-1.458935433671039,3.5092009656807783,6
2621,2025-01-17 14:45:00,103212.2,101610.3,1.5641836224047596,2025-01-17 17:45:00,103980.0,-2.3321454616313475,1.7655318330448193,11
2622,2025-01-18 03:30:00,105499.9,104026.0,1.406890508524239,2025-01-18 05:45:00,102778.3,1.1994116855401507,2.1256432534883305,8
2623,2025-01-18 11:45:00,103750.2,102244.0,1.462371270647423,2025-01-18 16:45:00,103107.3,-0.844352724854273,2.253768646836842,19
2624,2025-01-18 13:45:00,103999.9,102755.3,1.203935862314458,2025-01-18 16:45:00,103107.3,-0.34256140559173104,2.253768646836842,11
2625,2025-01-19 02:30:00,105279.7,103107.3,2.0849669125233286,2025-01-19 05:15:00,104227.7,-1.086634990926922,1.412580340926647,10
2626,2025-01-19 09:00:00,105618.8,103970.9,1.5725009387388873,2025-01-19 11:45:00,104186.0,-0.2068848110384789,2.1984719636035552,10
2627,2025-01-19 19:45:00,105700.0,104186.0,1.4426879353553834,2025-01-20 00:30:00,99500.1,4.4976292400130475,10.504110046120548,18
2628,2025-01-21 23:00:00,107265.6,105701.7,1.468676177046907,2025-01-22 01:30:00,105423.6,0.2630988905570973,0.7344655276427559,9
2629,2025-01-22 13:45:00,106826.8,104258.7,2.433232031570151,2025-01-22 16:30:00,103310.0,0.9099480427053063,1.4712999709611847,10
2630,2025-01-23 00:15:00,104830.0,103310.0,1.4605553954069377,2025-01-23 02:15:00,102071.4,1.198915884231929,0.8899652596123976,7
2631,2025-01-23 01:45:00,104487.3,103008.8,1.4250870257320498,2025-01-23 04:30:00,101527.8,1.437741241524996,3.5692687126087663,10
2632,2025-01-23 10:30:00,102979.8,101527.8,1.4199961272832893,2025-01-23 13:15:00,101277.8,0.24623797619962215,5.526581343591584,10
2633,2025-01-23 14:30:00,102696.6,101205.1,1.4629598478090178,2025-01-23 17:00:00,104143.0,-2.9029169478613173,2.167212390655157,9
2634,2025-01-24 14:45:00,106200.0,104342.1,1.764872678670911,2025-01-24 20:45:00,104681.1,-0.3248928284939636,0.7059536057607343,23
2635,2025-01-26 23:00:00,105891.0,104036.9,1.7664159933005625,2025-01-27 07:15:00,97694.2,6.0965868840767055,4.684208479111347,32
2636,2025-01-28 15:30:00,103329.9,101767.0,1.5240600906205741,2025-01-28 19:00:00,101739.8,0.026727721166976616,0.860233654872525,13
2638,2025-01-29 19:15:00,102974.0,101104.6,1.8320392241028642,2025-01-29 22:15:00,103333.4,-2.204449649175199,2.1762566604795768,11
2639,2025-01-30 03:30:00,104777.0,103235.0,1.4826067726861911,2025-01-30 07:30:00,104777.0,-1.493679469172277,1.569142082708997,15
2640,2025-01-30 14:45:00,105582.2,104261.2,1.2590341178231004,2025-01-30 18:15:00,104711.0,-0.4314164809152426,1.0295002435274232,13
2641,2025-01-31 15:30:00,106171.0,103863.0,2.1977394136187476,2025-01-31 21:30:00,101468.4,2.3055371017590534,1.2482703974833602,23
2642,2025-02-01 22:15:00,102975.1,100918.1,2.017723004004057,2025-02-02 04:00:00,98958.0,1.942268037150923,1.49164291921826,22
2643,2025-02-02 03:00:00,101667.7,100215.1,1.4390527573423704,2025-02-02 08:15:00,99263.8,0.9492581457285407,0.7998887812072477,20
2644,2025-02-02 11:15:00,100434.1,98958.0,1.4806002845649409,2025-02-02 12:45:00,98100.0,0.86703449948463,1.289092762487264,5
2645,2025-02-02 12:30:00,100057.8,98580.0,1.4879343206580047,2025-02-02 18:30:00,96625.0,1.983160884560763,2.091280724450191,23
2646,2025-02-02 17:15:00,99552.6,98000.0,1.5718345392568924,2025-02-02 22:30:00,95994.3,2.0466326530612213,2.0747065190328917,20
2647,2025-02-03 13:15:00,95885.5,94469.9,1.487323185998407,2025-02-03 17:00:00,97979.5,-3.71504574472928,4.57064998290459,14
2648,2025-02-04 04:00:00,102148.7,100500.0,1.6271508280092564,2025-02-04 05:30:00,98170.6,2.317810945273626,2.251692461897961,5
2649,2025-02-05 12:15:00,98450.4,97094.2,1.387100436422174,2025-02-05 16:15:00,97260.4,-0.17117397331663178,1.0338226040608511,15
2650,2025-02-05 23:30:00,97715.0,96227.8,1.5336480653058502,2025-02-06 03:15:00,97027.6,-0.8311527438016904,2.1348564738280595,14
2651,2025-02-06 04:15:00,97515.3,96100.1,1.461867186184567,2025-02-06 08:30:00,97816.5,-1.786054332929928,1.311128490592078,16
2652,2025-02-06 06:30:00,98230.0,96363.1,1.9187730705764943,2025-02-06 08:30:00,97816.5,-1.5082536780157487,1.311128490592078,7
2653,2025-02-06 15:00:00,99099.0,97027.6,2.112309090148908,2025-02-06 19:45:00,95631.8,1.4385597500092786,2.302058520283002,18
2654,2025-02-07 01:45:00,97050.0,95631.8,1.4720643049836541,2025-02-07 06:30:00,96532.6,-0.9419460890624278,3.7162575130059627,18
2655,2025-02-07 13:30:00,97999.9,96458.3,1.5855335491123452,2025-02-07 15:15:00,97500.0,-1.0799485373472237,1.7418461538461567,6
2656,2025-02-09 21:30:00,97275.0,95556.5,1.7823851393574182,2025-02-10 01:45:00,95202.8,0.37014750435605853,2.872289470477759,16
2657,2025-02-10 15:30:00,98343.4,96570.2,1.8194728330911718,2025-02-10 17:00:00,96826.4,-0.2652992330967494,1.3669825584757938,5
2658,2025-02-11 13:45:00,98459.0,96812.1,1.686783144049472,2025-02-11 19:30:00,94821.9,2.055734768691116,1.7170084126135479,22
2659,2025-02-12 13:30:00,96600.0,95050.0,1.6175319593008088,2025-02-12 19:00:00,96301.0,-1.316149395055234,1.8567823802452785,21
2660,2025-02-13 05:00:00,98089.1,96709.0,1.416954272141264,2025-02-13 06:45:00,95788.0,0.9523415607647686,0.6801478264500772,6
2661,2025-02-13 21:30:00,96907.5,95156.1,1.8237708758973528,2025-02-14 01:30:00,96330.7,-1.2343927504384808,0.9198521343663089,15
2662,2025-02-14 00:30:00,96847.9,95432.0,1.4727488416625911,2025-02-14 05:45:00,96512.6,-1.1323245871405878,1.0955046284112004,20
2663,2025-02-14 16:45:00,97569.9,95553.2,2.0885124565626767,2025-02-14 21:00:00,96639.0,-1.136330337445531,1.3390039218121048,16
2664,2025-02-17 15:45:00,97976.4,95730.3,2.319073114146275,2025-02-17 19:00:00,95160.0,0.5957361462358343,1.271542664985288,12
2665,2025-02-18 13:15:00,96480.7,94988.0,1.5592104610309643,2025-02-18 19:00:00,93318.1,1.7580115382995685,2.7918485267059534,22
2666,2025-02-18 15:45:00,96730.9,95107.2,1.6927815694588275,2025-02-18 19:00:00,93318.1,1.8811404394199296,2.7918485267059534,12
2667,2025-02-19 10:00:00,96011.0,94674.6,1.4016789941138652,2025-02-19 15:00:00,95500.0,-0.8718283467793834,1.5438743455497321,19
2668,2025-02-19 23:00:00,96676.5,95082.8,1.6621879616790396,2025-02-20 06:00:00,96750.0,-1.7534191252255897,1.2919896640826873,27
2669,2025-02-20 18:00:00,98000.0,95769.4,2.302324309204659,2025-02-20 21:45:00,97954.0,-2.281104402867728,0.6268248361475796,14
2670,2025-02-21 15:15:00,99454.2,97300.3,2.1894289584228,2025-02-21 20:45:00,94832.2,2.5365800516545227,1.9062090724458538,21
2671,2025-02-22 01:00:00,96259.7,94832.2,1.4940455351587378,2025-02-22 02:30:00,96117.5,-1.3553413292109673,0.7095482092230863,5
2672,2025-02-24 04:30:00,97056.0,95220.0,1.909754727579105,2025-02-24 08:30:00,95354.9,-0.1416719176643501,0.8750467988535553,15
2674,2025-02-25 07:00:00,92520.9,91190.5,1.4483586756183822,2025-02-25 10:15:00,86833.0,4.778458282386872,3.0941001692904737,12
2675,2025-02-26 12:45:00,89389.9,88073.5,1.4835735143133675,2025-02-26 14:15:00,85350.0,3.0923035873446607,3.6557703573520763,5
2676,2025-02-27 10:45:00,86668.0,85630.4,1.2044220956201634,2025-02-27 15:00:00,84614.3,1.1866112969225782,1.7759409461521245,16
2677,2025-02-27 13:45:00,87043.6,85814.3,1.4223243484966586,2025-02-27 17:30:00,84300.0,1.764624310866607,0.7797153024911067,14
2678,2025-03-01 02:15:00,84852.6,83573.6,1.518766082711597,2025-03-01 07:45:00,84665.9,-1.306991681583644,0.9549299068456132,21
2680,2025-03-03 06:30:00,93446.3,92411.0,1.114080533828914,2025-03-03 08:45:00,91094.6,1.4245057406585733,2.856810392712624,8
2681,2025-03-04 13:15:00,84350.0,83114.4,1.4756569157385162,2025-03-04 15:15:00,81413.7,2.0462158181975654,9.25188266839611,7
2682,2025-03-05 09:00:00,87899.9,86580.4,1.5124916681138216,2025-03-05 16:15:00,87553.2,-1.1235799326406473,4.953331231753954,28
2683,2025-03-06 01:45:00,90975.0,89631.6,1.4876532751294738,2025-03-06 10:00:00,90570.4,-1.0473984621494967,1.1831680107408225,32
2684,2025-03-06 12:30:00,91800.0,90551.0,1.3698855503945686,2025-03-06 14:30:00,89065.3,1.6407328466830815,2.651874523523745,7
2685,2025-03-09 10:45:00,86620.0,84970.7,1.9223652563921039,2025-03-09 14:15:00,82940.0,2.3898826301301477,1.0042199180130145,13
2686,2025-03-10 08:30:00,82739.3,81672.5,1.2977170738353365,2025-03-10 14:45:00,79120.0,3.125286969298111,2.4675176946410553,24
2687,2025-03-12 02:30:00,83738.0,82518.8,1.4666467777558538,2025-03-12 06:45:00,81245.1,1.5435270508053887,3.993717774979656,16
2688,2025-03-13 01:45:00,83990.0,82815.3,1.4084684359549693,2025-03-13 06:15:00,82811.1,0.0050715266381901524,1.240051152562874,17
2689,2025-03-13 05:30:00,84343.2,83183.2,1.384856356968215,2025-03-13 08:30:00,82357.7,0.9923878860154455,1.7974032786248317,11
2690,2025-03-13 12:30:00,83530.0,82357.7,1.4133657890247473,2025-03-13 17:45:00,79888.0,2.998748143767975,2.917083917484471,20
2691,2025-03-13 22:30:00,81021.8,79888.0,1.409236727657362,2025-03-14 00:00:00,80766.6,-1.09978970558783,2.6413146028184773,5
2692,2025-03-14 10:15:00,82899.9,81144.5,2.140152300230906,2025-03-14 14:15:00,82585.4,-1.7757210901539773,3.2869005901769563,15
2693,2025-03-16 11:00:00,84943.1,83591.8,1.6035847768029088,2025-03-16 13:45:00,82450.1,1.3658038228630047,3.2576067221264666,10
2694,2025-03-17 14:00:00,83999.9,82642.9,1.6286332202771439,2025-03-17 16:45:00,83079.0,-0.5276920340404389,1.98545962276869,10
2695,2025-03-18 01:30:00,84728.5,83144.1,1.8876219228152709,2025-03-18 06:45:00,82200.1,1.1353782168548339,1.4856429615049094,20
2696,2025-03-18 06:45:00,84099.6,82285.8,2.18023937196413,2025-03-18 14:15:00,81093.6,1.448852657445145,2.3280505489952277,29
2697,2025-03-18 13:30:00,83421.3,82200.1,1.4746886573836435,2025-03-18 18:30:00,81175.3,1.2467138117836876,2.508891251402817,19
2698,2025-03-18 19:45:00,82160.9,81093.6,1.3075290420784582,2025-03-19 02:00:00,82475.5,-1.7040802233468413,1.9090517790131614,24
2699,2025-03-19 00:30:00,82981.5,81558.7,1.7294253927003889,2025-03-19 02:00:00,82475.5,-1.1240983487966372,1.9090517790131614,5
2700,2025-03-19 15:30:00,84465.4,82152.5,2.776292343139596,2025-03-19 18:00:00,83505.9,-1.6474239980523955,4.663263314328695,9
2701,2025-03-19 18:00:00,84850.0,83588.9,1.49739757265098,2025-03-20 02:15:00,85584.0,-2.3868001612654384,0.8269068984856949,32
2702,2025-03-20 10:15:00,86340.0,85366.0,1.134497338473903,2025-03-20 13:15:00,85028.7,0.3951221797905523,1.716244044657866,11
2703,2025-03-24 00:15:00,86088.0,83136.3,3.488506083346183,2025-03-24 02:00:00,85488.4,-2.829209382664361,2.80693053092584,6
2704,2025-03-24 04:00:00,86611.2,85329.1,1.4913315842766255,2025-03-24 07:30:00,86718.1,-1.6278151298912094,2.3315778366915256,13
2705,2025-03-24 14:15:00,88320.0,86058.8,2.59343452300394,2025-03-24 16:30:00,87636.3,-1.833049031592353,0.9811002974794724,8
2706,2025-03-24 23:15:00,88740.0,87250.0,1.693278027160634,2025-03-25 01:30:00,86763.1,0.5580515759312255,0.8256966383174346,8
2707,2025-03-25 03:45:00,87717.8,86425.2,1.4845270840631042,2025-03-25 07:30:00,86302.0,0.14255101521315205,2.311070427104818,14
2708,2025-03-25 13:30:00,87694.1,86261.0,1.6476665530358185,2025-03-25 18:30:00,87520.0,-1.459524002735883,1.1197440585009142,19
2709,2025-03-25 15:00:00,88178.8,86813.6,1.5602963328693096,2025-03-25 18:30:00,87520.0,-0.8136973930351858,1.1197440585009142,13
2710,2025-03-25 22:30:00,88500.0,87011.0,1.696759747252309,2025-03-26 03:45:00,86980.2,0.03539782326372862,1.4989618326929612,20
2711,2025-03-26 13:45:00,88284.0,86980.2,1.4878109733761975,2025-03-26 16:45:00,86298.5,0.7837415871658114,1.6563439688986417,11
2712,2025-03-26 20:15:00,87242.6,85800.1,1.6672185535708817,2025-03-26 23:15:00,86518.6,-0.8374116114083783,1.3977341288462692,11
2713,2025-03-27 13:15:00,87727.9,86073.7,1.903549794708446,2025-03-27 17:30:00,86728.3,-0.7605110504137801,1.1202802314815248,16
2714,2025-03-28 04:30:00,87699.9,86317.0,1.5893858584999438,2025-03-28 09:15:00,84943.3,1.5914593880695542,0.7712203316800633,18
2715,2025-03-28 10:45:00,86210.0,84943.3,1.4801934873589901,2025-03-28 17:00:00,83545.0,1.6461569070191564,1.231432162307742,24
2716,2025-03-28 14:00:00,85993.3,84750.0,1.4563382574894628,2025-03-28 17:00:00,83545.0,1.4218289085545723,1.231432162307742,11
2717,2025-03-29 11:15:00,84629.2,82767.1,2.2247803565550632,2025-03-29 17:15:00,81602.9,1.4065975490261367,2.2635224973622337,23
2718,2025-03-29 17:15:00,83070.7,81807.9,1.5317936954826195,2025-03-29 19:30:00,82168.0,-0.4401775378661546,1.560218089767306,8
2719,2025-03-30 17:00:00,83496.8,81602.9,2.294250080405971,2025-03-30 20:00:00,82356.6,-0.9236191360846387,0.4462301746308128,11
2720,2025-03-30 22:00:00,83111.5,81985.8,1.3636806901142504,2025-03-31 00:45:00,81212.3,0.9434560619034027,1.3142097933441153,10
2721,2025-03-31 00:30:00,82724.1,81510.0,1.4784992885156076,2025-03-31 04:15:00,81355.0,0.19016071647650595,2.6980517485096183,14
2722,2025-03-31 12:30:00,82405.4,81212.3,1.4583996719181254,2025-03-31 17:45:00,82526.0,-1.617612110480798,1.2105275913045586,20
2723,2025-03-31 22:15:00,83525.0,82293.0,1.4859665416299799,2025-04-01 04:15:00,82851.3,-0.6784295140534466,1.955189598714799,23
2724,2025-04-01 08:30:00,84000.0,82213.1,2.150131367503517,2025-04-01 14:15:00,82509.7,-0.36076975567153075,3.6908387741077755,22
2725,2025-04-01 14:00:00,84471.2,83255.5,1.4496201260741397,2025-04-01 18:15:00,84671.4,-1.7006684243082968,1.0435637062809944,16
2726,2025-04-02 06:00:00,85555.0,84060.0,1.7628157886979336,2025-04-02 12:00:00,84403.5,-0.4086366880799429,4.924677294188045,23
2727,2025-04-02 09:00:00,85133.9,83867.2,1.499043497350014,2025-04-02 12:00:00,84403.5,-0.6394633420455231,4.924677294188045,11
2729,2025-04-03 12:15:00,83888.0,82655.0,1.4806986784193872,2025-04-03 15:00:00,81146.0,1.8256608795596152,2.7652626130677964,10
2730,2025-04-03 21:45:00,82569.1,81501.0,1.302004448098716,2025-04-04 01:45:00,82561.0,-1.300597538680507,2.63441576531292,15
2731,2025-04-03 23:45:00,82930.0,81758.6,1.4225635532756902,2025-04-04 01:45:00,82561.0,-0.9814258071933646,2.63441576531292,7
2732,2025-04-04 07:45:00,83695.0,82301.3,1.6791940543253039,2025-04-04 11:30:00,81605.0,0.846037668906813,3.6701182525580545,14
2733,2025-04-05 13:30:00,84600.0,82660.0,2.319741719478656,2025-04-05 19:45:00,82748.4,-0.10694410839583134,1.2397822797782299,24
2734,2025-04-05 15:30:00,83721.5,82478.0,1.4963943934849382,2025-04-05 19:45:00,82748.4,-0.327845001091193,1.2397822797782299,16
2735,2025-04-06 17:00:00,83774.3,81867.5,2.302317410218922,2025-04-06 18:45:00,78643.0,3.9386814059303146,1.527154355759572,6
2736,2025-04-08 08:00:00,80368.5,79188.9,1.4785901500024516,2025-04-08 10:00:00,78777.2,0.5198960965488814,1.9965167586560615,7
2737,2025-04-08 11:45:00,79840.6,78777.2,1.3408331221338448,2025-04-08 17:15:00,76503.6,2.886114256409204,1.905923381383348,21
2738,2025-04-09 00:00:00,77316.4,76200.9,1.4532564082354238,2025-04-09 04:00:00,74936.6,1.6591667552482825,4.488327466151378,15
2739,2025-04-10 13:30:00,82600.0,81255.5,1.6410800980131885,2025-04-10 16:00:00,78422.0,3.487148562251171,2.5676468337966463,9
2740,2025-04-11 01:45:00,80027.5,78928.2,1.3831526645474215,2025-04-11 05:00:00,80481.6,-1.9681178590161803,3.542921611896376,12
2741,2025-04-11 08:00:00,81404.0,80118.0,1.5923527445177745,2025-04-11 14:15:00,81315.7,-1.4949199930103063,3.65525968539901,24
2742,2025-04-12 13:45:00,84479.5,82753.3,2.0644275524896996,2025-04-12 19:45:00,84777.1,-2.4455822305575765,1.5592654148348954,23
2743,2025-04-12 20:30:00,85386.4,84256.8,1.3317362558593462,2025-04-13 00:30:00,84967.1,-0.8430180116026278,1.3321626841447973,15
2744,2025-04-13 02:15:00,86099.0,84661.9,1.6831722015988506,2025-04-13 05:45:00,84358.4,0.3584847493382502,0.6519801229041803,13
2745,2025-04-13 13:45:00,85396.8,83712.1,1.9924439222299912,2025-04-13 15:45:00,83619.8,0.11025885146830972,1.847648523435837,7
2746,2025-04-13 17:15:00,84668.7,83413.0,1.494154330899791,2025-04-13 19:30:00,82953.1,0.551352906621263,3.113446031552765,8
2747,2025-04-14 14:30:00,85246.0,84021.3,1.4470603595614715,2025-04-14 22:15:00,84381.7,-0.4289388524100367,1.8923534368233907,30
2748,2025-04-15 05:00:00,85507.8,84012.8,1.7637974381874533,2025-04-15 06:45:00,85326.0,-1.5630951474061061,1.3102688512294025,6
2749,2025-04-15 05:30:00,85717.2,84484.0,1.4491084669203238,2025-04-15 11:15:00,85327.3,-0.9981771696415923,1.3087253434715467,22
2750,2025-04-15 14:15:00,86444.0,84620.2,2.1322988679104133,2025-04-15 15:45:00,84560.7,0.07031418030210282,0.6429700794813632,5
2751,2025-04-15 20:45:00,85104.4,83860.0,1.4729730049643526,2025-04-16 01:00:00,83055.0,0.9599332220367278,1.2497742459815786,16
2752,2025-04-16 14:45:00,84986.6,83055.0,2.298954544588966,2025-04-16 18:00:00,83224.4,-0.20396123050989606,1.6964976617434415,12
2753,2025-04-17 16:30:00,85018.5,83550.0,1.7423184046841491,2025-04-17 19:30:00,84452.8,-1.0805505685218466,0.7809095731580243,11
2754,2025-04-21 00:15:00,85644.6,83882.7,2.0786032692079788,2025-04-21 04:30:00,87033.0,-3.755601572195462,1.6199602449645472,16
2755,2025-04-21 14:15:00,87771.9,86488.9,1.4725055778465381,2025-04-21 17:00:00,86350.0,0.16059864329410384,2.8860451650260637,10
2756,2025-04-22 01:15:00,87794.6,86350.0,1.6590810165804806,2025-04-22 03:00:00,87800.0,-1.679212507237985,2.1230068337129837,6
2757,2025-04-22 13:00:00,89193.0,87718.7,1.6667071765180064,2025-04-22 19:30:00,90865.5,-3.5873764659075014,3.449604085158833,25
2758,2025-04-22 21:45:00,91888.0,90340.0,1.6989705204469125,2025-04-23 01:45:00,92561.0,-2.4584901483285364,2.102397337971716,15
2759,2025-04-23 07:45:00,93920.0,92502.9,1.5203067863443878,2025-04-23 10:00:00,93299.2,-0.8608378764341473,1.5259509191933018,8
2760,2025-04-23 13:30:00,94507.0,93111.0,1.488130136767261,2025-04-23 15:15:00,91911.8,1.2879251645884988,2.477701448562647,6
2761,2025-04-24 04:00:00,94189.1,92579.2,1.723954225636801,2025-04-24 08:45:00,91631.5,1.023664062770036,2.09895068835499,18
2762,2025-04-24 08:15:00,93599.8,92056.0,1.6630775876649189,2025-04-24 11:15:00,92235.3,-0.19477274702355404,1.5057141896865982,11
2763,2025-04-25 02:45:00,94400.0,91631.5,2.976377656472157,2025-04-25 05:00:00,92951.1,-1.4401161172740877,2.983719396542907,8
2764,2025-04-25 12:00:00,94619.6,92775.6,1.9680333327641262,2025-04-25 13:30:00,93888.8,-1.1998844523775616,1.9551852830156493,5
2765,2025-04-27 05:15:00,95724.5,93839.8,1.9884545771540287,2025-04-27 13:00:00,93538.4,0.3211856802763952,1.0459875302549635,30
2767,2025-04-28 05:00:00,94140.5,92750.0,1.4880371126408245,2025-04-28 10:15:00,94280.5,-1.650134770889488,1.3622116980711843,20
2768,2025-04-28 13:45:00,95564.8,93317.5,2.3795771228961136,2025-04-28 16:15:00,93381.9,-0.06901170734320378,2.2039602963743574,9
2769,2025-04-28 19:30:00,94786.8,93381.9,1.493234528378002,2025-04-28 21:30:00,94250.8,-0.9304801037460244,1.2617399534009228,7
2770,2025-04-29 22:15:00,95444.3,93739.5,1.8022684817621835,2025-04-30 01:45:00,94225.2,-0.5181380314595203,1.021276686067,13
2771,2025-04-30 04:00:00,95076.8,93682.0,1.4778648730549282,2025-04-30 07:45:00,94453.2,-0.8232104353024029,0.7774220460503223,14
2772,2025-04-30 13:30:00,95187.5,93834.4,1.431685958082112,2025-04-30 16:15:00,93465.7,0.3929262615842347,1.542170015310439,10
2773,2025-05-01 10:15:00,95773.0,93212.5,2.7097316989927798,2025-05-01 13:45:00,95772.0,-2.745876357784632,1.6822244497347931,13
2774,2025-05-01 15:00:00,96888.0,95268.6,1.6855002638472936,2025-05-01 20:00:00,96236.3,-1.0157596521834025,1.0809850337138927,19
2775,2025-05-04 23:30:00,97868.0,94352.9,3.65735463729491,2025-05-05 02:00:00,93460.2,0.9461288418267982,1.4256335852052624,9
2776,2025-05-06 16:00:00,95149.0,93333.5,1.926438794052498,2025-05-06 21:15:00,94401.9,-1.1447122415852766,3.493679682294536,20
2777,2025-05-06 22:30:00,95606.9,94012.1,1.6821099151456218,2025-05-07 03:15:00,96157.1,-2.2816211955695063,1.0325810574570096,18
2778,2025-05-07 18:00:00,97522.2,96134.7,1.4329466184783501,2025-05-07 19:30:00,95724.2,0.4270050252406259,3.832782096899226,5
2779,2025-05-07 21:30:00,97109.9,95724.2,1.4371939402833807,2025-05-08 00:30:00,96832.1,-1.157387578062819,3.1145663473166376,11
2780,2025-05-08 00:45:00,97369.6,96012.2,1.403854964634737,2025-05-08 06:00:00,98698.0,-2.7973528364103757,2.8389633021945735,20
2781,2025-05-08 15:15:00,99876.2,97979.9,1.9168476483666697,2025-05-08 19:45:00,100904.0,-2.984387614194346,3.319789106477447,17
2782,2025-05-08 20:30:00,101814.5,100377.0,1.4219193190613848,2025-05-09 00:30:00,102510.7,-2.1256861631648656,1.7748391143558757,15
2783,2025-05-09 07:30:00,103782.7,102314.2,1.4250578247416628,2025-05-09 09:30:00,102378.3,-0.06265015022353282,1.3252808456479575,7
2784,2025-05-10 23:15:00,104079.9,102264.1,1.7599736362578882,2025-05-11 02:45:00,103342.3,-1.0543289385033427,1.463776207806481,13
2785,2025-05-11 12:00:00,104731.0,103250.0,1.4241685538582851,2025-05-11 14:15:00,103750.0,-0.48426150121065376,1.0236144578313253,8
2786,2025-05-12 01:00:00,104855.0,103331.0,1.4640753941187208,2025-05-12 02:45:00,103666.0,-0.32420086905188183,2.099145332124328,6
2787,2025-05-12 07:00:00,105133.7,103666.0,1.4058449317695352,2025-05-12 11:45:00,103580.0,0.08295873285358749,0.9982622127823905,18
2788,2025-05-12 14:15:00,104721.2,103580.0,1.0957210040076553,2025-05-12 15:45:00,102303.5,1.2323807684881252,0.7768062676252495,5
2789,2025-05-13 03:15:00,103098.2,101639.0,1.4254370969222956,2025-05-13 05:45:00,102228.0,-0.579501962829229,1.6681339750361963,9
2790,2025-05-13 08:15:00,102909.2,101380.0,1.4970933363095034,2025-05-13 12:30:00,103271.7,-1.865949891497334,1.625033770142253,16
2792,2025-05-14 15:00:00,104949.9,102803.4,2.066393169205977,2025-05-14 17:15:00,102550.0,0.24648990208494484,1.242320819112628,8
2793,2025-05-15 15:30:00,103900.0,101333.0,2.5015470221650515,2025-05-15 19:15:00,102500.0,-1.1516485251596222,1.8861463414634176,14
2794,2025-05-16 02:00:00,104078.3,102500.0,1.5280404572987607,2025-05-16 04:45:00,103758.0,-1.2273170731707317,0.3805007806626987,10
2795,2025-05-18 14:30:00,104918.8,102539.7,2.293567147164378,2025-05-18 18:00:00,103900.1,-1.3267056564433177,3.112797774015614,13
2796,2025-05-19 14:15:00,103547.0,102000.0,1.5052518402117279,2025-05-19 19:00:00,104573.1,-2.522647058823535,2.171973480751731,18
2797,2025-05-20 00:15:00,106067.5,104239.0,1.7388906191677385,2025-05-20 03:45:00,105471.6,-1.1824748894367807,0.8611796919739422,13
2798,2025-05-20 07:00:00,106844.4,105333.7,1.4239923912976855,2025-05-20 08:30:00,104807.7,0.49936535031048945,1.4890127347513646,5
2799,2025-05-20 17:00:00,106498.4,104125.4,2.2533066063759177,2025-05-20 19:00:00,105157.1,-0.9908245250438525,2.488752542624313,7
2800,2025-05-21 04:30:00,107292.4,105711.0,1.484858927134491,2025-05-21 09:45:00,106001.8,-0.27508963116421464,3.6142782481052182,20
2801,2025-05-21 13:45:00,107416.2,106001.8,1.3254739525250863,2025-05-21 17:45:00,106078.5,-0.07235726185781476,5.473776495708367,15
2802,2025-05-23 11:45:00,111968.0,110112.4,1.671106500168413,2025-05-23 16:15:00,107977.1,1.9392003080488558,1.6791523387829375,17
2803,2025-05-23 22:45:00,109547.4,107981.5,1.439716745682982,2025-05-24 02:00:00,107184.1,0.7384598287669593,2.1182246247344465,12
2804,2025-05-24 04:15:00,108357.9,106755.0,1.4902871933761241,2025-05-24 07:45:00,107506.1,-0.70357360310993,1.8123622752569335,13
2805,2025-05-24 10:45:00,108983.0,107031.2,1.8071034219046735,2025-05-24 13:45:00,108469.5,-1.343813766453149,0.6501366743646805,11
2806,2025-05-24 23:45:00,109454.5,107574.5,1.732487363439909,2025-05-25 01:15:00,107118.1,0.42426411463682767,1.0564040997739796,5
2807,2025-05-25 22:45:00,108720.8,106538.4,2.0276949835361355,2025-05-26 02:45:00,109157.8,-2.4586440194333767,0.96328434614842,15
2808,2025-05-27 01:15:00,110452.2,108260.0,2.0046435452617617,2025-05-27 02:45:00,107820.1,0.4063365970810957,1.9099407253378435,5
2809,2025-05-27 07:30:00,109310.6,107820.1,1.3729058120293445,2025-05-27 09:30:00,109351.5,-1.4203288626146646,1.2331792430830852,7
2810,2025-05-27 14:30:00,110700.0,108213.8,2.271396321291757,2025-05-27 19:15:00,109500.0,-1.1885729916147452,0.47022831050227776,18
2811,2025-05-27 21:30:00,110459.6,108949.0,1.376974284508452,2025-05-28 00:00:00,108606.2,0.31464263095577094,0.5631354379400125,9
2812,2025-05-28 15:00:00,110014.9,107434.2,2.373612951260775,2025-05-28 20:00:00,106718.0,0.6666406042023836,1.6116306527483595,19
2813,2025-05-29 08:45:00,108458.0,106718.0,1.617280737628732,2025-05-29 14:30:00,106339.4,0.35476676849266836,1.3500170209724767,22
2814,2025-05-29 14:00:00,108850.0,107370.0,1.368976042919249,2025-05-29 19:15:00,105600.0,1.648505169041632,0.790246212121212,20
2815,2025-05-30 00:45:00,107120.0,105250.0,1.7610773649762208,2025-05-30 04:30:00,105855.8,-0.5755819477434707,0.3991278701781102,14
2816,2025-05-30 07:45:00,106278.3,104859.0,1.344433219521139,2025-05-30 09:30:00,104555.1,0.28981775527135883,1.3786988869983385,6
2817,2025-05-30 16:30:00,106085.0,104555.1,1.4526198952621026,2025-05-30 20:00:00,104350.5,0.19568629363847945,0.4978414094805488,13
2818,2025-05-31 01:45:00,104950.0,103400.3,1.4875908506011244,2025-05-31 05:45:00,103467.8,-0.06528027481545023,1.2875503296677777,15
2819,2025-05-31 02:45:00,104780.4,103233.3,1.4874981792064572,2025-05-31 05:45:00,103467.8,-0.22715538493877457,1.2875503296677777,11
2820,2025-06-02 10:15:00,105894.0,103036.8,2.7350682618359734,2025-06-02 12:15:00,103801.0,-0.7416767601478278,1.869924181847959,7
2821,2025-06-02 22:15:00,105168.4,103606.4,1.4963491762415773,2025-06-03 04:45:00,105061.8,-1.4047394755536422,1.552609987645364,25
2822,2025-06-03 14:45:00,106478.8,104813.9,1.575918145775986,2025-06-03 18:00:00,105546.1,-0.6985714680972769,0.7793750787570467,12
2823,2025-06-04 14:00:00,106773.7,104671.0,1.9888888205757789,2025-06-04 20:15:00,104355.1,0.3018027916041637,0.8225759929318205,24
2824,2025-06-05 13:45:00,105866.7,104135.3,1.6489366767935487,2025-06-05 20:45:00,100350.0,3.6349825659502613,2.8038863976083674,27
2825,2025-06-06 04:30:00,102570.9,100421.3,2.1179138902874013,2025-06-06 12:30:00,103463.9,-3.0298353038648087,1.7943456606603851,31
2826,2025-06-06 06:00:00,102900.0,101428.6,1.4402291211313483,2025-06-06 12:30:00,103463.9,-2.0066332375680904,1.7943456606603851,25
2827,2025-06-06 15:00:00,104868.4,101993.9,2.7791434205266015,2025-06-06 17:00:00,104374.3,-2.333865064479355,0.5338478916744803,7
2828,2025-06-09 09:45:00,106618.0,103811.0,2.6678832290226158,2025-06-09 13:45:00,106835.4,-2.9133714153606016,3.580648361872571,15
2829,2025-06-09 18:00:00,108401.6,106534.7,1.7371658486723822,2025-06-10 02:00:00,109342.2,-2.63529159982616,0.42966027755066466,31
2830,2025-06-09 21:00:00,108733.4,106973.2,1.63203165781668,2025-06-10 02:00:00,109342.2,-2.214573369778599,0.42966027755066466,19
2831,2025-06-10 19:15:00,110660.8,108279.2,2.1755732164063266,2025-06-10 23:00:00,109515.2,-1.1414934724305315,0.6722354522477219,14
2832,2025-06-11 18:00:00,110375.5,108774.7,1.4609158467571581,2025-06-11 20:00:00,108420.0,0.3260868565944076,0.7010699133001345,7
2833,2025-06-11 22:15:00,109917.5,108280.0,1.5009337870507224,2025-06-12 01:30:00,108206.7,0.06769486516439131,0.493592356111041,12
2834,2025-06-12 17:15:00,109240.1,106554.3,2.4892212216813805,2025-06-12 20:45:00,105699.0,0.8026893330442816,0.6386058524678568,13
2835,2025-06-12 19:45:00,108400.0,106837.6,1.4517909510234217,2025-06-13 01:00:00,102626.9,3.9412154522377993,2.726965347291993,20
2836,2025-06-13 08:00:00,104923.5,103583.7,1.285135477336037,2025-06-13 10:00:00,104359.4,-0.7488629967842403,1.4971339428935093,7
2837,2025-06-13 15:15:00,105462.0,104057.2,1.340974955994489,2025-06-13 18:30:00,104590.9,-0.51289098688029,1.508639852989131,12
2838,2025-06-16 05:15:00,106445.5,104250.0,2.084050205153883,2025-06-16 11:15:00,106534.3,-2.1911750599520414,2.1960063566381907,23
2839,2025-06-16 18:15:00,107990.0,105447.5,2.3824304538799415,2025-06-17 00:15:00,106072.3,-0.5925223452428962,1.5579939343259184,23
2840,2025-06-16 19:00:00,108244.4,106522.0,1.603975295949454,2025-06-17 00:15:00,106072.3,0.42216631306208774,1.5579939343259184,20
2841,2025-06-16 23:30:00,108955.5,107253.9,1.5740296212838165,2025-06-17 02:30:00,106520.7,0.6836115050361778,1.13048449737938,11
2842,2025-06-17 15:00:00,107724.9,104732.0,2.8174184975870347,2025-06-17 17:00:00,103303.4,1.3640530114960143,1.9198787261600327,7
2843,2025-06-18 17:30:00,105500.0,103767.1,1.6561609541107933,2025-06-18 19:00:00,103422.3,0.3322825828224966,1.7110429762246546,5
2844,2025-06-18 21:45:00,104944.0,103422.3,1.4606008745176136,2025-06-18 23:30:00,104580.4,-1.1197778428830063,0.584717595266417,6
2845,2025-06-19 00:45:00,105149.9,103586.6,1.4978693232855667,2025-06-19 04:30:00,104750.0,-1.1231182411624612,0.41957040572792365,14
2846,2025-06-20 07:45:00,105491.7,103727.8,1.6861717000566334,2025-06-20 09:15:00,105689.9,-1.8915854766031779,0.4044851967879618,5
2847,2025-06-20 14:45:00,106499.9,104738.4,1.6677846773052045,2025-06-20 17:30:00,102260.0,2.366276360914425,1.5030314883629963,10
2848,2025-06-21 21:15:00,103949.9,102121.6,1.7744326605085985,2025-06-21 23:45:00,100800.0,1.2941434525115214,2.5267857142857144,9
2849,2025-06-22 13:15:00,103347.0,101827.0,1.4816692173472272,2025-06-22 16:15:00,98596.0,3.1730287644730772,2.9998174368128496,11
2850,2025-06-23 06:15:00,101932.6,100244.6,1.669822314286675,2025-06-23 13:30:00,100738.1,-0.492295844364684,5.247964772017734,28
2851,2025-06-23 13:30:00,102151.4,100771.0,1.3605200805825224,2025-06-23 16:30:00,99581.0,1.1808952972581397,6.470913125997935,11
2852,2025-06-25 13:30:00,107846.9,104567.0,3.0882159783328627,2025-06-25 15:30:00,106672.8,-2.013828454483731,1.1898065861212952,7
2853,2025-06-27 01:00:00,108239.6,106457.7,1.6599184060535546,2025-06-27 06:00:00,107130.0,-0.631518434082272,0.521702604312512,19
2854,2025-07-01 19:00:00,108766.4,105550.0,3.0015435123023666,2025-07-01 23:00:00,105310.4,0.22700142112743327,2.322942463422419,15
2855,2025-07-02 06:00:00,106646.0,105058.6,1.4996367580109211,2025-07-02 12:30:00,107134.7,-1.9761352235799747,2.4326385382140403,25
2856,2025-07-02 08:15:00,107381.1,105483.4,1.7830121979005533,2025-07-02 12:30:00,107134.7,-1.565459588902143,2.4326385382140403,16
2857,2025-07-02 16:00:00,108740.0,106160.0,2.401116798510935,2025-07-02 17:45:00,108809.1,-2.495384325546351,0.769420939976525,6
2858,2025-07-03 13:45:00,110256.4,108393.8,1.7037258598437057,2025-07-03 16:00:00,108955.0,-0.5177417896595535,0.9391950805378394,8
2859,2025-07-04 16:00:00,110485.7,107452.3,2.783727482127939,2025-07-04 19:15:00,107220.3,0.21590975716666835,1.127491715654586,12
2860,2025-07-09 19:15:00,109746.0,107220.3,2.3281956690969956,2025-07-10 01:00:00,110832.8,-3.3692313862207066,0.6242736807154508,22
2861,2025-07-10 16:15:00,111999.0,110450.9,1.3918639657738716,2025-07-10 18:45:00,112960.0,-2.271688143781541,4.370308073654389,9
2862,2025-07-11 03:45:00,116778.1,115200.0,1.3605594666048266,2025-07-11 07:00:00,117436.6,-1.9414930555555605,1.2034578657760768,12
2863,2025-07-14 02:45:00,119924.7,116600.8,2.8106060445913816,2025-07-14 11:15:00,121350.0,-4.0730423804982445,0.6180469715698393,33
2864,2025-07-14 03:30:00,120000.0,118232.0,1.484267436784311,2025-07-14 11:15:00,121350.0,-2.637187901752487,0.6180469715698393,30
2865,2025-07-14 11:15:00,123250.0,121659.2,1.2990937049322793,2025-07-14 16:15:00,119232.4,1.9947525546773304,1.0932431117716326,19
2866,2025-07-14 15:15:00,122958.0,120439.7,2.0692882471773584,2025-07-14 20:15:00,119501.6,0.7788959952573705,0.800993459501795,19
2867,2025-07-15 01:45:00,120760.3,118757.0,1.6727810475485512,2025-07-15 04:00:00,116302.4,2.066909740057433,1.8985850678919831,8
2868,2025-07-15 13:00:00,117800.0,116114.6,1.4410387380693588,2025-07-15 14:45:00,115750.0,0.31400013435003504,2.113347732181423,6
2869,2025-07-15 22:30:00,117758.1,116047.2,1.46352542051015,2025-07-16 00:00:00,117412.0,-1.176073184014783,1.6034136204135914,5
2870,2025-07-17 01:30:00,120114.6,116860.4,2.746450047473372,2025-07-17 03:30:00,117716.1,-0.7322412040349098,1.2999920996363183,7
2871,2025-07-17 12:15:00,119265.9,117662.2,1.3537440261412617,2025-07-17 16:30:00,118364.0,-0.596453236468469,2.2642019532966104,16
2872,2025-07-17 17:45:00,119145.3,117449.9,1.4331651698766574,2025-07-17 20:00:00,118423.5,-0.8289491945076206,2.212820935034009,8
2873,2025-07-17 21:00:00,119944.5,118167.5,1.4925749227254401,2025-07-18 00:00:00,119028.2,-0.7283728605581037,1.5699640925427731,11
2874,2025-07-18 08:30:00,120896.9,119075.4,1.5180918797711238,2025-07-18 14:30:00,117311.7,1.4811623559526124,0.9357975376710105,23
2875,2025-07-18 14:15:00,120151.8,118444.0,1.4315423825566107,2025-07-18 17:00:00,117351.8,0.9221235351727374,0.8279378756866032,10
2876,2025-07-20 22:00:00,118931.0,116822.1,1.7890750959372277,2025-07-21 00:15:00,116550.0,0.2329182577611649,2.7456027456027456,8
2877,2025-07-21 03:00:00,118202.1,116455.6,1.4885511960613267,2025-07-21 05:15:00,118200.0,-1.4979099330560266,1.311336717428088,8
2878,2025-07-21 07:15:00,119460.0,117716.8,1.4699582758515986,2025-07-21 12:00:00,117809.4,-0.0786633683552316,1.2652640621206845,18
2879,2025-07-21 12:00:00,119750.0,118108.9,1.3798937100945188,2025-07-21 20:00:00,116652.0,1.2335226219192579,1.1452868360593904,31
2880,2025-07-21 17:30:00,119548.0,117543.2,1.6911635691244573,2025-07-21 20:00:00,116652.0,0.7581893295401156,1.1452868360593904,9
2881,2025-07-22 01:45:00,118239.3,116123.0,1.8060071948432004,2025-07-22 03:15:00,116714.3,-0.5092014501864427,2.414357109625808,5
2882,2025-07-22 07:15:00,118316.0,116562.6,1.4930266103425294,2025-07-22 14:00:00,117601.2,-0.8910233642694924,2.3127315027397706,26
2883,2025-07-22 10:30:00,118703.0,116952.0,1.4860707390040524,2025-07-22 14:00:00,117601.2,-0.5550995280114894,2.3127315027397706,13
2884,2025-07-22 12:00:00,119250.0,117291.8,1.6556904530192948,2025-07-22 14:00:00,117601.2,-0.2637865562639453,2.3127315027397706,7
2885,2025-07-22 14:00:00,119649.9,117892.6,1.4795668143595258,2025-07-22 17:00:00,118451.8,-0.4743300258031438,1.5780258299156258,11
2886,2025-07-24 00:15:00,120321.0,117300.0,2.542704558940498,2025-07-24 07:00:00,117050.1,0.2130434782608646,2.086969596779489,26
2887,2025-07-24 05:15:00,119279.7,117591.1,1.4257561506103678,2025-07-24 07:00:00,117050.1,0.46006883173981705,2.086969596779489,6
2888,2025-07-24 09:00:00,118800.3,117050.1,1.4841611462181084,2025-07-24 10:30:00,117944.8,-0.7643735460285784,1.312563165141652,5
2889,2025-07-25 02:30:00,119492.9,117100.0,2.022799500745791,2025-07-25 04:15:00,115090.0,1.7164816396242528,1.4797984186289042,6
2890,2025-07-25 10:30:00,116398.0,114710.0,1.4607888952351282,2025-07-25 14:45:00,114905.0,-0.16999389765495598,2.3826639397763394,16
2892,2025-07-25 19:00:00,116615.3,114905.0,1.4774514373037724,2025-07-26 01:45:00,117150.0,-1.9537879117531873,0.9407597097737993,26
2893,2025-07-29 15:30:00,119844.9,115854.6,3.3859214805292233,2025-07-29 20:30:00,117055.6,-1.036644207480756,1.050611845994543,19
2894,2025-07-30 18:45:00,118769.0,116912.6,1.5753457206672004,2025-07-31 02:00:00,117930.4,-0.8705648492976704,0.8221798620203153,28
2895,2025-07-31 19:15:00,118900.0,116606.0,1.948145694801831,2025-08-01 00:45:00,114240.0,2.029055108656501,1.540528711484589,21
2896,2025-08-01 00:45:00,116946.1,115226.4,1.4813985291109082,2025-08-01 04:00:00,115200.1,0.022824630466619072,0.6509542960466129,12
2897,2025-08-01 08:30:00,115999.9,114300.0,1.4762490127003913,2025-08-01 11:00:00,114537.7,-0.20796150481189596,1.2330437925678646,9
2898,2025-08-01 12:30:00,115692.6,114013.0,1.462393602942206,2025-08-01 14:00:00,113849.5,0.1434046994640962,1.6932002336417789,5
2899,2025-08-01 13:45:00,115950.0,114492.0,1.265394329158747,2025-08-01 20:00:00,113140.0,1.1808685322991999,0.8091744741028815,24
2900,2025-08-03 03:30:00,114340.0,111870.0,2.1838115025860927,2025-08-03 06:30:00,113416.6,-1.3824975417895824,0.7057167998335289,11
2901,2025-08-05 14:15:00,115682.8,112553.1,2.742513338173352,2025-08-05 22:00:00,113207.5,-0.5814144612631675,1.0521387717244934,30
2902,2025-08-06 15:00:00,115150.1,112577.7,2.2591883819191234,2025-08-06 21:30:00,114747.5,-1.9273799340366726,0.37255713632105275,25
2903,2025-08-07 10:30:00,115830.0,113963.8,1.6242387740661386,2025-08-07 12:45:00,115955.9,-1.7480112105773862,1.383370746982263,8
2904,2025-08-07 19:45:00,117080.0,115420.2,1.427783718035514,2025-08-07 21:30:00,116931.9,-1.3097360773937294,0.5449325633125022,6
2905,2025-08-10 03:15:00,117939.5,115854.2,1.7838804039629834,2025-08-10 07:45:00,117431.0,-1.3610210074386624,1.4313937546303737,17
2906,2025-08-11 01:45:00,119795.0,117431.0,1.993036176473068,2025-08-11 08:00:00,121177.8,-3.1906396096431124,0.529222349308209,24
2907,2025-08-11 11:15:00,122421.0,120803.5,1.3300469319497008,2025-08-11 13:00:00,119340.6,1.2109748475830537,1.1960724179365565,6
2908,2025-08-11 19:45:00,120935.1,119118.1,1.513831100772662,2025-08-11 21:45:00,117855.3,1.0601243639715567,1.2063097713891502,7
2909,2025-08-11 21:45:00,120136.0,118380.0,1.4724379077294605,2025-08-12 05:30:00,118403.0,-0.019428957594188206,1.2745454084778305,30
2910,2025-08-12 16:00:00,119912.1,117855.3,1.7300942013076668,2025-08-12 17:45:00,119120.2,-1.0732652668144702,0.9736383921450795,6
2911,2025-08-13 13:45:00,120792.3,118408.4,1.9932215917428406,2025-08-13 15:15:00,120318.1,-1.6128078751169779,3.5348796232653203,5
2912,2025-08-13 22:30:00,123128.7,121401.3,1.412832781253829,2025-08-14 02:15:00,123307.7,-1.5703291480404196,0.5046724575999738,14
2913,2025-08-14 05:45:00,124571.2,122586.8,1.6057744438780004,2025-08-14 12:30:00,117224.6,4.374206684569625,2.149634121165689,26
2914,2025-08-14 12:30:00,123077.1,120436.6,2.168666485704911,2025-08-14 16:30:00,117325.2,2.583433939516732,1.3197505736193151,15
2915,2025-08-15 14:45:00,119208.0,117117.0,1.7695969533481435,2025-08-15 20:00:00,116780.1,0.28766105689182114,0.922331801394237,20
2916,2025-08-18 01:45:00,118585.7,116280.0,1.9634199459520885,2025-08-18 03:45:00,114936.8,1.1551427588579266,0.6621029992134808,7
2917,2025-08-18 17:15:00,116431.8,114577.7,1.6052153699306788,2025-08-18 20:30:00,115924.7,-1.1756214341883282,0.8803990866484932,12
2918,2025-08-19 03:30:00,116945.3,115206.6,1.4978985741663084,2025-08-19 07:30:00,114551.5,0.568630616648704,1.1238613200176288,15
2919,2025-08-19 14:15:00,116000.0,114292.4,1.4829842409041774,2025-08-19 17:00:00,113031.0,1.1036604358644968,0.4552733320947402,10
2920,2025-08-20 15:00:00,114409.0,112286.8,1.8722887675907514,2025-08-20 18:30:00,113194.3,-0.8081982922302533,1.404134307116166,13
2921,2025-08-21 17:00:00,114783.7,112258.7,2.2242541481238747,2025-08-21 19:30:00,111945.2,0.279265660478876,1.3888045222126515,9
2922,2025-08-22 14:00:00,113694.1,111618.8,1.8421492954908507,2025-08-22 16:45:00,116042.1,-3.962862886897192,1.1482039708002476,10
2923,2025-08-24 19:30:00,117374.5,114250.1,2.6978136173791505,2025-08-25 00:30:00,112133.4,1.852689844472794,1.352407043753244,19
2924,2025-08-25 06:45:00,113677.4,112016.9,1.4714594032724797,2025-08-25 11:00:00,110906.9,0.9909219055338971,1.8380281118668,16
2925,2025-08-25 14:30:00,112605.9,110552.0,1.8407593905481225,2025-08-25 21:30:00,109222.6,1.2025110355307855,1.231430125267115,27
2926,2025-08-25 19:30:00,112945.4,111300.0,1.4674994448046597,2025-08-25 21:30:00,109222.6,1.8664869721473445,1.231430125267115,7
2927,2025-08-26 05:45:00,110296.0,108669.0,1.4860822505879934,2025-08-26 07:15:00,109706.1,-0.9543660105457912,0.9908291334757137,5
2928,2025-08-26 19:15:00,110973.0,109277.8,1.5393360659756943,2025-08-27 01:30:00,111058.5,-1.6295166996407293,0.5776235047294894,24
2929,2025-08-27 14:30:00,112342.4,110312.1,1.823722403993621,2025-08-27 20:15:00,110823.9,-0.4639563565556166,2.074823210516873,22
2930,2025-08-27 20:15:00,112589.9,110928.1,1.486949596900463,2025-08-27 22:00:00,110937.0,-0.008023215037483,2.1709618972930533,6
2931,2025-08-28 04:30:00,112454.5,110781.5,1.4988621906860902,2025-08-28 10:00:00,112772.9,-1.7975925583242638,0.5853356613158001,21
2932,2025-08-29 07:15:00,113433.0,110488.0,2.6303919685960673,2025-08-29 09:00:00,109346.7,1.0329628556947388,1.9607358978368805,6
2933,2025-08-29 12:30:00,110599.4,109346.7,1.1390972606470378,2025-08-29 14:45:00,108063.3,1.173697971680896,0.670625457486489,8
2934,2025-09-01 00:15:00,109484.6,107300.0,2.0154568175045697,2025-09-01 05:15:00,107202.0,0.0913327120223672,2.4913714296375096,19
2935,2025-09-01 07:30:00,108890.9,107202.0,1.5631240082390436,2025-09-01 10:30:00,108150.0,-0.8843118598533608,1.2403143781784505,11
2936,2025-09-01 21:30:00,109511.7,108053.2,1.3407493580076566,2025-09-02 05:00:00,110013.3,-1.8140138376281367,1.5604476913245917,29
2937,2025-09-02 12:30:00,110767.0,108952.9,1.6512842032059962,2025-09-02 16:15:00,110423.6,-1.34984933856741,1.2207535345705085,14
2938,2025-09-04 06:45:00,112557.0,110142.0,2.168846739320787,2025-09-04 11:00:00,110480.3,-0.30714895316954743,0.5440788991340458,16
2940,2025-09-04 22:45:00,110908.8,109276.7,1.4824772748432624,2025-09-05 00:45:00,110402.2,-1.029954235440858,2.3400801795616393,7
2941,2025-09-05 07:15:00,112541.3,110202.7,2.099809646948969,2025-09-05 09:30:00,112102.5,-1.7239142053688365,1.1301264467786125,8
2942,2025-09-05 14:15:00,113369.4,111307.9,1.8350763517275666,2025-09-05 17:30:00,110155.0,1.0357755379447409,1.3668921065770934,12
2943,2025-09-09 06:15:00,112871.4,109888.0,2.6785850563432962,2025-09-09 12:00:00,112333.7,-2.2256297320908534,0.5041229835748336,22
2944,2025-09-09 15:00:00,113238.1,111452.7,1.5892061446218617,2025-09-09 20:15:00,111021.6,0.3868008581218681,0.6705001549248022,20
2945,2025-09-09 15:30:00,112900.0,111237.0,1.4839138562575567,2025-09-09 20:15:00,111021.6,0.1936406051943096,0.6705001549248022,18
2946,2025-09-10 13:00:00,113510.0,110706.4,2.5007983358933656,2025-09-10 19:15:00,113100.0,-2.162115288727667,1.1447391688770974,24
2947,2025-09-12 00:30:00,115835.1,112864.4,2.5979068603123414,2025-09-12 03:30:00,115001.0,-1.8930681419473332,0.5384301006078183,11
2948,2025-09-15 05:45:00,116600.0,114700.8,1.6421906020212615,2025-09-15 09:00:00,114526.9,0.15161184577614867,0.841810963188566,12
2949,2025-09-15 08:45:00,116761.3,115049.8,1.4766333449951274,2025-09-15 13:30:00,114316.3,0.6375500000869189,1.0968689504471314,18
2950,2025-09-16 17:00:00,116047.9,114316.3,1.5033585947816468,2025-09-16 18:30:00,116167.5,-1.6193666170091203,0.7596789119159834,5
2951,2025-09-17 22:45:00,117239.5,114710.0,2.1810782088342506,2025-09-18 00:15:00,115980.1,-1.107226920059285,1.6243303808153242,5
2952,2025-09-18 03:15:00,117573.3,115271.4,1.977197677250123,2025-09-18 06:30:00,116859.0,-1.3772713786767627,0.8052439264412669,12
2953,2025-09-22 06:00:00,117884.0,113472.4,3.8136831313073736,2025-09-22 09:45:00,112111.2,1.1995868598883932,1.1318226903288957,14
2954,2025-09-24 05:45:00,113380.1,110904.2,2.207822839137656,2025-09-24 08:15:00,112330.3,-1.2858845742541813,1.3973967843048556,9
2955,2025-09-25 04:15:00,113900.0,111306.1,2.303578810698284,2025-09-25 07:00:00,111373.6,-0.06064357658744668,0.741109203617369,10
2956,2025-09-25 13:30:00,112999.3,110762.6,1.9991785911721314,2025-09-25 15:15:00,110790.1,-0.024827875113079684,0.7540384926089914,6
2957,2025-09-25 17:15:00,112093.5,110077.2,1.8150908288086618,2025-09-25 20:45:00,108994.8,0.9833098952371555,0.7057217408536893,13
2958,2025-09-28 22:15:00,111497.0,108550.0,2.6785186801001606,2025-09-29 03:00:00,111534.8,-2.749700598802398,0.849510646004655,18
2959,2025-09-29 14:00:00,113453.9,110781.5,2.38356655550372,2025-09-29 17:00:00,113409.4,-2.372146973998361,1.2488382797193205,11
2960,2025-09-30 19:45:00,114825.7,112603.9,1.9538353846640921,2025-09-30 23:00:00,113716.8,-0.9883316652442844,2.519680469376559,12
2963,2025-10-02 00:00:00,118644.0,116643.6,1.7003871007226852,2025-10-02 05:45:00,118202.7,-1.3366357005442144,1.4124888856176772,22
2964,2025-10-02 16:00:00,119872.3,117898.4,1.6603391418707254,2025-10-02 22:45:00,120002.0,-1.7842481322901802,0.5172413793103424,26
2965,2025-10-03 15:30:00,121461.0,119160.0,1.9125512735796126,2025-10-03 18:00:00,121420.5,-1.897029204431017,1.2357056674943638,9
2966,2025-10-05 02:30:00,123092.9,121420.5,1.3679413888972909,2025-10-05 10:00:00,122461.7,-0.8575158231105926,0.8584724856832813,29
2967,2025-10-06 00:15:00,123975.7,122104.0,1.521214468320627,2025-10-06 05:00:00,123251.9,-0.9401002424162961,1.645816413377806,18
2968,2025-10-06 18:45:00,125780.0,122588.5,2.5699716348892876,2025-10-06 21:15:00,124403.3,-1.4803998743764732,0.6530373390416445,9
2969,2025-10-07 12:45:00,126150.0,123200.1,2.3660708377498096,2025-10-07 16:15:00,120661.4,2.0606314442926683,1.3331521099539752,13
2970,2025-10-07 14:00:00,125114.2,123316.9,1.4469202929906948,2025-10-07 16:15:00,120661.4,2.1533950334463485,1.3331521099539752,8
2971,2025-10-08 08:45:00,122800.0,120545.0,1.8533357989685428,2025-10-08 13:45:00,121615.6,-0.8881330623418688,2.094221465009418,19
2972,2025-10-08 17:00:00,123349.0,121482.7,1.5245574817313303,2025-10-08 19:15:00,123099.4,-1.3308067733101068,0.4878983975551513,8
2973,2025-10-09 02:30:00,124162.5,121886.5,1.8500380005608639,2025-10-09 05:30:00,121775.5,0.0910683299627112,1.608205262963399,11
2974,2025-10-09 12:00:00,123210.7,121080.0,1.7443971465143755,2025-10-09 17:00:00,119574.0,1.2438057482656095,1.9031729305701885,19
2975,2025-10-10 14:45:00,122490.0,120054.3,2.0084578363622625,2025-10-10 19:15:00,115900.0,3.460350857903468,1.2389991371872304,17
2976,2025-10-11 20:15:00,112496.7,110702.0,1.608163488407412,2025-10-12 00:45:00,109503.2,1.0829072645480686,2.3918935702335613,17
2977,2025-10-12 14:45:00,112267.0,110460.0,1.6226142317725285,2025-10-12 21:30:00,114203.9,-3.389371718269051,1.5294574003164618,26
2978,2025-10-13 00:15:00,115749.0,114032.2,1.4942910908290172,2025-10-13 04:45:00,114320.9,-0.2531741034549865,1.066209240829987,17
2979,2025-10-13 02:00:00,115870.0,114203.9,1.44831725806361,2025-10-13 04:45:00,114320.9,-0.10244834020554465,1.066209240829987,10
2980,2025-10-13 11:15:00,115950.6,114111.0,1.5992238600444453,2025-10-13 14:45:00,113707.1,0.353953606576048,1.8892399858935784,13
2982,2025-10-14 02:00:00,115855.3,114079.9,1.544261165754533,2025-10-14 06:45:00,111200.0,2.5244587346237104,1.82221223021583,18
2983,2025-10-15 03:15:00,113590.0,111935.3,1.4674185113599203,2025-10-15 06:15:00,111820.3,0.10273792092396232,1.4753135164187514,11
2984,2025-10-15 08:30:00,113120.5,111683.0,1.2788946791308855,2025-10-15 13:45:00,110625.2,0.9471450444561866,1.423545448957383,20
2985,2025-10-15 11:15:00,113470.0,111820.3,1.4645104560649058,2025-10-15 13:45:00,110625.2,1.0687683721113304,1.423545448957383,9
2986,2025-10-16 09:30:00,111832.0,110072.8,1.585544792181149,2025-10-16 11:30:00,110953.8,-0.8003793852795603,0.908936872824545,7
2987,2025-10-17 01:00:00,108888.7,107362.1,1.411879169926762,2025-10-17 08:15:00,104409.4,2.750225638283912,3.0410097175158617,28
2988,2025-10-17 06:30:00,109199.3,107487.0,1.5804414030790161,2025-10-17 08:15:00,104409.4,2.863229971996619,3.0410097175158617,6
2989,2025-10-19 09:45:00,107584.5,106010.0,1.4742888978882884,2025-10-19 13:00:00,107322.6,-1.238185076879545,1.9678054761997885,12
2990,2025-10-19 17:00:00,108936.3,106899.1,1.8877348201453485,2025-10-19 19:30:00,108688.2,-1.673634296266284,1.908946877397917,9
2992,2025-10-20 17:30:00,111692.3,110019.7,1.508804214476443,2025-10-20 22:00:00,110366.0,-0.3147618108393342,0.4210535853433096,17
2993,2025-10-21 01:45:00,111303.8,109785.0,1.373927580230209,2025-10-21 05:45:00,107412.1,2.1614063852074454,5.710622918646963,15
2994,2025-10-21 03:45:00,110973.5,109201.7,1.6094455688015752,2025-10-21 05:45:00,107412.1,1.6388023263374025,5.710622918646963,7
2995,2025-10-21 12:15:00,109023.1,107412.1,1.4886672777810632,2025-10-21 18:30:00,111250.8,-3.5738059306167527,0.8286681983410404,24
2996,2025-10-22 11:00:00,109377.5,107523.1,1.7099076719935251,2025-10-22 14:15:00,107441.7,0.07570466253298941,1.5688508279373892,12
2998,2025-10-23 01:00:00,108226.7,106625.8,1.4902316705646843,2025-10-23 09:00:00,109081.2,-2.302819767823542,2.008778781311534,31
2999,2025-10-23 06:15:00,109080.0,107114.1,1.8186435244995067,2025-10-23 09:00:00,109081.2,-1.8364529039594144,2.008778781311534,10
3000,2025-10-23 16:45:00,110281.7,108564.2,1.5695976026966922,2025-10-23 20:45:00,109230.5,-0.6137382304663995,2.06856143659509,15
3001,2025-10-24 13:45:00,112162.2,109230.5,2.6484161401889015,2025-10-24 16:00:00,109734.6,-0.4615011375028091,1.3509868355104042,8
3002,2025-10-26 11:30:00,112750.7,109603.4,2.8308900083245625,2025-10-26 13:15:00,113225.3,-3.3045507712352067,2.082308459328434,6
3003,2025-10-26 22:00:00,114050.0,112356.5,1.4959817849752546,2025-10-27 00:00:00,114275.9,-1.7083123806811304,1.8353826134819407,7
3004,2025-10-27 22:45:00,116373.3,114049.3,2.0171632470078893,2025-10-28 00:45:00,113710.4,0.2971521964624147,0.7980800348956648,7
3005,2025-10-28 14:00:00,115488.0,113341.6,1.8759810793708456,2025-10-28 21:00:00,112112.0,1.0848620453566966,1.1036285143428026,27
3006,2025-10-29 15:30:00,113650.8,111920.7,1.5339703818966544,2025-10-29 18:30:00,109056.2,2.559401433336282,2.491192614450167,11
3008,2025-10-31 14:45:00,110684.2,108776.0,1.738994131965611,2025-10-31 16:45:00,108494.5,0.2587887033904538,1.5725221094156898,7
3009,2025-11-03 02:30:00,111200.0,108560.3,2.4023447365151918,2025-11-03 04:15:00,107410.3,1.059319106524208,0.8208709965431594,6
3010,2025-11-03 15:15:00,108420.7,106700.5,1.5992844963676263,2025-11-03 19:00:00,106375.6,0.3044971673047401,0.9065988816984292,14
3011,2025-11-04 05:15:00,107340.0,105750.0,1.4923271856961846,2025-11-04 10:30:00,103550.1,2.080283687943257,1.2200857362764441,20
3012,2025-11-04 14:30:00,104943.1,103510.5,1.3745025271811144,2025-11-04 18:30:00,99900.1,3.4879553282034133,2.3369345976630562,15
3013,2025-11-05 12:15:00,102312.3,100856.7,1.4328957665785684,2025-11-05 14:30:00,102108.0,-1.2406711700858772,2.342617620558624,8
3014,2025-11-06 14:45:00,104500.0,102132.1,2.2918994677012856,2025-11-06 16:30:00,100234.5,1.8579858829888014,2.052985748419958,6
3016,2025-11-07 09:15:00,102494.8,101166.7,1.3042229385524569,2025-11-07 12:45:00,99201.8,1.9422398872356164,4.8847903969484445,13
3017,2025-11-08 00:30:00,104047.6,102714.9,1.2891119037543186,2025-11-08 07:15:00,101832.8,0.8587848501045041,0.7861906969070784,26
3018,2025-11-09 14:00:00,103957.8,101237.3,2.651622772668548,2025-11-09 17:15:00,103271.4,-2.0092396774706467,3.256855237752184,12
3019,2025-11-09 18:45:00,104158.1,102626.4,1.4814456596118293,2025-11-09 22:00:00,104050.0,-1.3871674345002905,2.4841902931283064,12
3020,2025-11-10 00:15:00,105442.9,104050.0,1.329782536782864,2025-11-10 02:00:00,105550.0,-1.4416146083613646,0.9700615821885308,6
3021,2025-11-10 14:45:00,106634.8,105420.6,1.1451724407866972,2025-11-10 19:00:00,105352.4,0.06469323832345067,2.0204570565074986,16
3022,2025-11-10 20:00:00,106033.8,104602.1,1.3594073944659926,2025-11-10 21:45:00,105200.4,-0.5719770444379112,2.167862479610349,6
3023,2025-11-11 01:15:00,106299.9,104728.8,1.4889917816865585,2025-11-11 07:45:00,104686.0,0.04086745957177291,0.769539384444917,25
3024,2025-11-11 14:45:00,106234.0,104015.0,2.110830491464882,2025-11-11 17:30:00,102804.0,1.1642551555064173,0.7133963659001539,10
3025,2025-11-12 09:00:00,104240.1,102420.5,1.7609549183540605,2025-11-12 16:00:00,101300.0,1.0940192637216182,1.2682132280355352,27
3026,2025-11-12 14:45:00,105316.9,103963.2,1.2936729292464952,2025-11-12 19:15:00,100741.8,3.0985964264278074,1.8293300298386508,17
3027,2025-11-13 03:15:00,102584.7,100741.8,1.812749444858387,2025-11-13 09:00:00,102482.7,-1.7280810944414275,0.9360604277600052,22
3028,2025-11-13 13:30:00,103947.9,102380.0,1.5198138497023372,2025-11-13 20:15:00,97931.0,4.345575307677281,2.5752825969304918,26
3029,2025-11-13 14:30:00,103246.0,102051.0,1.16416703605021,2025-11-13 20:15:00,97931.0,4.037197087730644,2.5752825969304918,22
3030,2025-11-16 13:30:00,96777.0,94760.9,2.105170830420513,2025-11-16 17:45:00,93652.0,1.170208387636667,2.0093537778157464,16
3031,2025-11-16 15:45:00,96483.5,95070.0,1.4758279018655363,2025-11-16 17:45:00,93652.0,1.4915325549595035,2.0093537778157464,7
3032,2025-11-17 13:15:00,95989.0,94525.6,1.5362602131280165,2025-11-17 20:00:00,91227.7,3.4888961297257133,1.2521416192669583,26
3033,2025-11-18 02:15:00,92430.0,91042.1,1.5129275786345653,2025-11-18 04:45:00,89243.1,1.976008901376396,3.55086275577607,9
3034,2025-11-18 14:30:00,91885.1,90700.0,1.2981344041764697,2025-11-18 17:30:00,92777.0,-2.2899669239250278,1.0395895534453583,11
3035,2025-11-19 00:15:00,93800.0,92401.9,1.5017032586670769,2025-11-19 05:45:00,89972.2,2.6294913849174066,2.6388151006644245,21
3036,2025-11-19 04:15:00,93000.0,91620.0,1.4949626259343516,2025-11-19 05:45:00,89972.2,1.7985156079458664,2.6388151006644245,5
3037,2025-11-19 15:00:00,91975.2,90758.5,1.3316646026430778,2025-11-19 20:00:00,88571.6,2.409581471707878,5.1691512855136335,19
3038,2025-11-20 06:45:00,93150.0,91767.8,1.4949345060345702,2025-11-20 09:45:00,91387.0,0.41496036736197545,1.21789751277534,11
3039,2025-11-20 14:00:00,92666.8,91387.0,1.3906803336850453,2025-11-20 19:00:00,86050.2,5.839780275093835,2.5110923623652277,19
3040,2025-11-22 10:45:00,84769.9,83513.2,1.4935546112473532,2025-11-22 15:45:00,83972.3,-0.5497334553100658,2.5862099763850663,19
3041,2025-11-22 14:15:00,84696.6,83457.5,1.4737672170943268,2025-11-22 15:45:00,83972.3,-0.6168409070485013,2.5862099763850663,5
3042,2025-11-22 16:30:00,84725.6,83543.3,1.4052507623215018,2025-11-22 21:00:00,84182.7,-0.7653516200580945,3.1684657298946255,17
3043,2025-11-23 01:15:00,85332.2,83660.8,1.9780700975779992,2025-11-23 07:15:00,85371.5,-2.044804735312114,2.434653250792126,23
3044,2025-11-23 07:15:00,86850.0,85561.6,1.4945630108414911,2025-11-23 11:00:00,85800.6,-0.27933091480290223,2.1880965867371485,14
3045,2025-11-23 12:15:00,86615.6,85371.5,1.4467364122076665,2025-11-23 15:00:00,86400.1,-1.2048517362351674,1.9476829309225203,10
3046,2025-11-23 14:00:00,86914.1,85600.0,1.5234696758120128,2025-11-23 17:00:00,86450.0,-0.9929906542056074,1.8888374783111557,11
