H_num,datetime,prev_H,curr_H,change_pct,pattern
2,2020-03-25 16:45:00,6745.5,6695.5,-0.7412348973389667,LH (Lower High)
3,2020-03-26 00:15:00,6695.5,6767.0,1.067881412889254,HH (Higher High)
4,2020-03-26 04:00:00,6767.0,6751.0,-0.2364415546032215,LH (Lower High)
5,2020-03-26 13:30:00,6751.0,6675.5,-1.1183528366167974,LH (Lower High)
6,2020-03-26 17:00:00,6675.5,6675.0,-0.007490075649764063,LH (Lower High)
7,2020-03-27 00:15:00,6675.0,6838.0,2.4419475655430714,HH (Higher High)
8,2020-03-27 07:45:00,6838.0,6720.0,-1.7256507750804329,LH (Lower High)
9,2020-03-27 11:30:00,6720.0,6686.5,-0.4985119047619047,LH (Lower High)
10,2020-03-27 19:15:00,6686.5,6680.0,-0.09721079787631795,LH (Lower High)
11,2020-03-28 11:00:00,6680.0,6300.0,-5.688622754491018,LH (Lower High)
12,2020-03-28 15:00:00,6300.0,6268.0,-0.5079365079365079,LH (Lower High)
13,2020-03-28 20:30:00,6268.0,6288.5,0.32705807275047866,HH (Higher High)
14,2020-03-29 10:45:00,6288.5,6204.5,-1.3357716466565952,LH (Lower High)
15,2020-03-29 16:15:00,6204.5,6153.5,-0.821984043839149,LH (Lower High)
16,2020-03-30 07:15:00,6153.5,6321.5,2.7301535711383766,HH (Higher High)
17,2020-03-30 11:30:00,6321.5,6386.0,1.0203274539270744,HH (Higher High)
18,2020-03-30 15:30:00,6386.0,6430.5,0.696836830566865,HH (Higher High)
19,2020-03-30 22:30:00,6430.5,6577.5,2.285980872404945,HH (Higher High)
20,2020-03-31 08:30:00,6577.5,6497.5,-1.2162675788673507,LH (Lower High)
21,2020-03-31 15:15:00,6497.5,6494.5,-0.0461716044632551,LH (Lower High)
22,2020-03-31 20:00:00,6494.5,6490.0,-0.06928939872199553,LH (Lower High)
23,2020-04-01 03:45:00,6490.0,6372.0,-1.8181818181818181,LH (Lower High)
24,2020-04-01 12:00:00,6372.0,6333.0,-0.6120527306967984,LH (Lower High)
25,2020-04-02 00:00:00,6333.0,6739.5,6.418758882046423,HH (Higher High)
26,2020-04-02 04:00:00,6739.5,6628.5,-1.6470064544847542,LH (Lower High)
27,2020-04-02 07:15:00,6628.5,6673.0,0.671343441200875,HH (Higher High)
28,2020-04-02 17:00:00,6673.0,7230.5,8.354563164993255,HH (Higher High)
29,2020-04-03 10:45:00,7230.5,7044.0,-2.5793513588271906,LH (Lower High)
30,2020-04-03 20:00:00,7044.0,6810.0,-3.321976149914821,LH (Lower High)
31,2020-04-04 01:00:00,6810.0,6801.5,-0.1248164464023495,LH (Lower High)
32,2020-04-04 05:30:00,6801.5,6764.5,-0.5439976475777402,LH (Lower High)
33,2020-04-04 11:00:00,6764.5,6899.0,1.9883213836942863,HH (Higher High)
34,2020-04-04 17:00:00,6899.0,6801.5,-1.4132482968546167,LH (Lower High)
35,2020-04-04 20:30:00,6801.5,7012.0,3.09490553554363,HH (Higher High)
36,2020-04-05 00:00:00,7012.0,6889.0,-1.7541357672561324,LH (Lower High)
37,2020-04-05 09:15:00,6889.0,6820.0,-1.0015967484395414,LH (Lower High)
38,2020-04-05 17:45:00,6820.0,6848.0,0.41055718475073316,HH (Higher High)
39,2020-04-06 01:00:00,6848.0,6884.5,0.5330023364485981,HH (Higher High)
40,2020-04-06 12:30:00,6884.5,7158.0,3.9726922797588786,HH (Higher High)
41,2020-04-06 19:45:00,7158.0,7298.0,1.9558535903883765,HH (Higher High)
42,2020-04-07 00:30:00,7298.0,7448.0,2.0553576322280076,HH (Higher High)
43,2020-04-07 12:15:00,7448.0,7458.5,0.14097744360902253,HH (Higher High)
44,2020-04-07 16:45:00,7458.5,7379.0,-1.0658979687604746,LH (Lower High)
45,2020-04-08 06:00:00,7379.0,7417.0,0.5149749288521479,HH (Higher High)
46,2020-04-08 12:00:00,7417.0,7338.5,-1.0583793986787111,LH (Lower High)
47,2020-04-08 17:15:00,7338.5,7346.5,0.10901410369966613,HH (Higher High)
48,2020-04-09 08:00:00,7346.5,7344.0,-0.03402981011365957,LH (Lower High)
49,2020-04-09 14:00:00,7344.0,7342.5,-0.02042483660130719,LH (Lower High)
50,2020-04-09 22:00:00,7342.5,7310.0,-0.44262853251617296,LH (Lower High)
51,2020-04-10 19:00:00,7310.0,6943.0,-5.020519835841313,LH (Lower High)
52,2020-04-11 04:15:00,6943.0,6938.0,-0.07201497911565605,LH (Lower High)
53,2020-04-11 11:15:00,6938.0,6886.5,-0.7422888440472759,LH (Lower High)
54,2020-04-12 00:00:00,6886.5,6906.0,0.2831627096493139,HH (Higher High)
55,2020-04-12 05:45:00,6906.0,6838.0,-0.9846510280915146,LH (Lower High)
56,2020-04-12 17:00:00,6838.0,7170.0,4.855220824802574,HH (Higher High)
57,2020-04-13 06:30:00,7170.0,6728.0,-6.164574616457462,LH (Lower High)
58,2020-04-13 11:30:00,6728.0,6825.5,1.449167657550535,HH (Higher High)
59,2020-04-13 15:45:00,6825.5,6796.5,-0.42487729836642,LH (Lower High)
60,2020-04-14 04:00:00,6796.5,6912.0,1.6994041050540718,HH (Higher High)
61,2020-04-14 17:00:00,6912.0,6967.0,0.7957175925925927,HH (Higher High)
62,2020-04-15 04:00:00,6967.0,6924.5,-0.6100186593942873,LH (Lower High)
63,2020-04-15 18:30:00,6924.5,6763.5,-2.3250776229330636,LH (Lower High)
64,2020-04-16 08:30:00,6763.5,7155.0,5.788423153692615,HH (Higher High)
65,2020-04-16 13:00:00,7155.0,7079.5,-1.055206149545772,LH (Lower High)
66,2020-04-16 15:45:00,7079.5,7060.5,-0.26838053534854156,LH (Lower High)
67,2020-04-16 23:00:00,7060.5,7188.0,1.8058211174845975,HH (Higher High)
68,2020-04-17 09:45:00,7188.0,7119.5,-0.952977184195882,LH (Lower High)
69,2020-04-17 19:45:00,7119.5,7083.0,-0.5126764519980336,LH (Lower High)
70,2020-04-17 23:15:00,7083.0,7138.5,0.7835662854722576,HH (Higher High)
71,2020-04-18 02:30:00,7138.5,7099.5,-0.5463332632906073,LH (Lower High)
72,2020-04-18 05:15:00,7099.5,7112.5,0.1831114867244172,HH (Higher High)
73,2020-04-18 14:00:00,7112.5,7260.0,2.0738137082601056,HH (Higher High)
74,2020-04-18 22:45:00,7260.0,7289.0,0.39944903581267216,HH (Higher High)
75,2020-04-19 02:45:00,7289.0,7238.0,-0.6996844560296337,LH (Lower High)
76,2020-04-19 17:30:00,7238.0,7161.0,-1.0638297872340425,LH (Lower High)
77,2020-04-19 21:45:00,7161.0,7195.0,0.47479402318111996,HH (Higher High)
78,2020-04-20 04:00:00,7195.0,7211.0,0.22237665045170257,HH (Higher High)
79,2020-04-20 07:30:00,7211.0,7180.0,-0.42989876577451114,LH (Lower High)
80,2020-04-20 15:00:00,7180.0,7093.5,-1.2047353760445683,LH (Lower High)
81,2020-04-21 00:30:00,7093.5,6909.0,-2.6009727215056038,LH (Lower High)
82,2020-04-21 06:00:00,6909.0,6894.0,-0.21710811984368217,LH (Lower High)
83,2020-04-21 14:30:00,6894.0,6872.5,-0.3118653901943719,LH (Lower High)
84,2020-04-21 17:45:00,6872.5,6937.0,0.9385230993088396,HH (Higher High)
85,2020-04-21 21:45:00,6937.0,6906.5,-0.439671327663255,LH (Lower High)
86,2020-04-22 02:45:00,6906.5,6879.0,-0.39817563165134295,LH (Lower High)
87,2020-04-22 09:00:00,6879.0,6968.0,1.2937927024276783,HH (Higher High)
88,2020-04-22 16:30:00,6968.0,7159.5,2.7482778415614235,HH (Higher High)
89,2020-04-23 02:00:00,7159.5,7180.0,0.28633284447237933,HH (Higher High)
90,2020-04-23 14:15:00,7180.0,7743.5,7.848189415041783,HH (Higher High)
91,2020-04-23 21:45:00,7743.5,7611.0,-1.7111125460063281,LH (Lower High)
92,2020-04-24 03:30:00,7611.0,7548.0,-0.8277493102089082,LH (Lower High)
93,2020-04-24 09:15:00,7548.0,7608.5,0.8015368309485956,HH (Higher High)
94,2020-04-24 18:00:00,7608.5,7544.5,-0.8411644870868108,LH (Lower High)
95,2020-04-24 21:15:00,7544.5,7542.0,-0.03313672211544834,LH (Lower High)
96,2020-04-25 07:00:00,7542.0,7586.0,0.5833996287456908,HH (Higher High)
97,2020-04-25 11:15:00,7586.0,7598.0,0.15818613234906406,HH (Higher High)
98,2020-04-25 15:45:00,7598.0,7702.5,1.3753619373519348,HH (Higher High)
99,2020-04-26 13:15:00,7702.5,7698.5,-0.0519311911716975,LH (Lower High)
100,2020-04-26 20:00:00,7698.5,7656.5,-0.5455608235370527,LH (Lower High)
101,2020-04-27 01:15:00,7656.5,7791.5,1.7632077319924246,HH (Higher High)
102,2020-04-27 08:15:00,7791.5,7736.0,-0.7123147019187576,LH (Lower High)
103,2020-04-27 12:00:00,7736.0,7722.5,-0.17450879007238881,LH (Lower High)
104,2020-04-28 00:00:00,7722.5,7778.0,0.7186791842020072,HH (Higher High)
105,2020-04-28 12:45:00,7778.0,7760.0,-0.23142195937258936,LH (Lower High)
106,2020-04-28 19:00:00,7760.0,7739.0,-0.2706185567010309,LH (Lower High)
107,2020-04-28 23:00:00,7739.0,7765.5,0.3424215014859801,HH (Higher High)
108,2020-04-29 02:00:00,7765.5,7849.5,1.0817075526366622,HH (Higher High)
109,2020-04-29 13:15:00,7849.5,8388.0,6.860309573858207,HH (Higher High)
110,2020-04-29 17:45:00,8388.0,8951.5,6.717930376728661,HH (Higher High)
111,2020-04-29 21:00:00,8951.5,8931.0,-0.2290118974473552,LH (Lower High)
112,2020-04-30 06:00:00,8931.0,9458.0,5.900794983764416,HH (Higher High)
113,2020-04-30 20:00:00,9458.0,8881.0,-6.100655529710298,LH (Lower High)
114,2020-05-01 05:30:00,8881.0,8834.0,-0.5292196824681905,LH (Lower High)
115,2020-05-01 11:30:00,8834.0,9060.5,2.563957437174553,HH (Higher High)
116,2020-05-01 18:30:00,9060.5,8780.5,-3.0903371778599418,LH (Lower High)
117,2020-05-02 03:45:00,8780.5,8858.0,0.8826376630032459,HH (Higher High)
118,2020-05-02 16:30:00,8858.0,9010.0,1.7159629713253557,HH (Higher High)
119,2020-05-03 01:00:00,9010.0,9191.0,2.0088790233074363,HH (Higher High)
120,2020-05-03 10:00:00,9191.0,9138.5,-0.5712109672505713,LH (Lower High)
121,2020-05-03 22:15:00,9138.5,8956.5,-1.9915741095365762,LH (Lower High)
122,2020-05-04 08:15:00,8956.5,8715.0,-2.6963657678780772,LH (Lower High)
123,2020-05-04 16:00:00,8715.0,8883.5,1.9334480780263914,HH (Higher High)
124,2020-05-04 22:00:00,8883.5,8953.0,0.782349299262678,HH (Higher High)
125,2020-05-05 05:00:00,8953.0,9105.5,1.7033396626828994,HH (Higher High)
126,2020-05-05 13:30:00,9105.5,8951.0,-1.6967766734391303,LH (Lower High)
127,2020-05-05 17:15:00,8951.0,8930.0,-0.2346106580270361,LH (Lower High)
128,2020-05-05 23:45:00,8930.0,9041.5,1.2486002239641656,HH (Higher High)
129,2020-05-06 03:45:00,9041.5,9069.0,0.3041530719460267,HH (Higher High)
130,2020-05-06 12:00:00,9069.0,9380.0,3.429264527511302,HH (Higher High)
131,2020-05-06 16:00:00,9380.0,9316.5,-0.6769722814498934,LH (Lower High)
132,2020-05-06 23:00:00,9316.5,9393.5,0.8264906348950786,HH (Higher High)
133,2020-05-07 02:45:00,9393.5,9371.0,-0.2395273327300793,LH (Lower High)
134,2020-05-07 13:15:00,9371.0,9595.5,2.3956888272329526,HH (Higher High)
135,2020-05-07 19:45:00,9595.5,9952.5,3.720493981553853,HH (Higher High)
136,2020-05-07 23:45:00,9952.5,10059.5,1.075106757096207,HH (Higher High)
137,2020-05-08 10:45:00,10059.5,9957.0,-1.018937322928575,LH (Lower High)
138,2020-05-08 15:15:00,9957.0,10005.0,0.4820729135281711,HH (Higher High)
139,2020-05-08 22:00:00,10005.0,9999.5,-0.05497251374312844,LH (Lower High)
140,2020-05-09 17:45:00,9999.5,9795.0,-2.045102255112756,LH (Lower High)
141,2020-05-10 08:00:00,9795.0,8898.5,-9.152628892291986,LH (Lower High)
142,2020-05-10 20:00:00,8898.5,8778.0,-1.3541608136202732,LH (Lower High)
143,2020-05-10 23:00:00,8778.0,8834.0,0.6379585326953748,HH (Higher High)
144,2020-05-11 06:15:00,8834.0,8725.5,-1.2282091917591125,LH (Lower High)
145,2020-05-11 12:30:00,8725.5,9158.5,4.962466334307489,HH (Higher High)
146,2020-05-11 20:00:00,9158.5,8802.0,-3.89255882513512,LH (Lower High)
147,2020-05-12 05:30:00,8802.0,8777.0,-0.28402635764598955,LH (Lower High)
148,2020-05-12 09:00:00,8777.0,8830.5,0.6095476814401276,HH (Higher High)
149,2020-05-12 17:00:00,8830.5,8973.0,1.6137251571258706,HH (Higher High)
150,2020-05-13 02:00:00,8973.0,8970.0,-0.033433634236041454,LH (Lower High)
151,2020-05-13 15:30:00,8970.0,9180.0,2.341137123745819,HH (Higher High)
152,2020-05-13 21:15:00,9180.0,9400.5,2.401960784313726,HH (Higher High)
153,2020-05-14 00:15:00,9400.5,9383.0,-0.18616031062177543,LH (Lower High)
154,2020-05-14 10:00:00,9383.0,9940.0,5.9362677182137915,HH (Higher High)
155,2020-05-14 16:00:00,9940.0,9781.0,-1.5995975855130784,LH (Lower High)
156,2020-05-14 20:30:00,9781.0,9873.5,0.9457110724874757,HH (Higher High)
157,2020-05-14 23:30:00,9873.5,9845.5,-0.28358738036157394,LH (Lower High)
158,2020-05-15 07:45:00,9845.5,9715.0,-1.3254786450662739,LH (Lower High)
159,2020-05-15 11:30:00,9715.0,9650.0,-0.6690684508492023,LH (Lower High)
160,2020-05-15 14:30:00,9650.0,9612.0,-0.39378238341968913,LH (Lower High)
161,2020-05-15 18:15:00,9612.0,9530.0,-0.8531002913025385,LH (Lower High)
162,2020-05-15 22:30:00,9530.0,9484.5,-0.4774396642182582,LH (Lower High)
163,2020-05-16 05:15:00,9484.5,9583.0,1.0385365596499552,HH (Higher High)
164,2020-05-16 13:00:00,9583.0,9520.0,-0.6574141709276844,LH (Lower High)
165,2020-05-17 03:45:00,9520.0,9574.0,0.5672268907563025,HH (Higher High)
166,2020-05-17 07:00:00,9574.0,9563.0,-0.1148945059536244,LH (Lower High)
167,2020-05-17 15:00:00,9563.0,9886.0,3.377601171180592,HH (Higher High)
168,2020-05-17 21:15:00,9886.0,9790.0,-0.9710702002832288,LH (Lower High)
169,2020-05-18 01:30:00,9790.0,9957.5,1.7109295199182841,HH (Higher High)
170,2020-05-18 14:30:00,9957.5,9729.0,-2.294752698970625,LH (Lower High)
171,2020-05-18 23:00:00,9729.0,9754.0,0.2569637167231987,HH (Higher High)
172,2020-05-19 11:15:00,9754.0,9896.0,1.455812999794956,HH (Higher High)
173,2020-05-20 00:15:00,9896.0,9800.0,-0.9700889248181084,LH (Lower High)
174,2020-05-20 06:30:00,9800.0,9848.5,0.4948979591836735,HH (Higher High)
175,2020-05-20 10:00:00,9848.5,9805.0,-0.4416916281667259,LH (Lower High)
176,2020-05-20 14:00:00,9805.0,9797.0,-0.0815910249872514,LH (Lower High)
177,2020-05-20 20:45:00,9797.0,9600.0,-2.0108196386648975,LH (Lower High)
178,2020-05-21 00:30:00,9600.0,9573.0,-0.28125,LH (Lower High)
179,2020-05-21 06:15:00,9573.0,9529.5,-0.4544030084612974,LH (Lower High)
180,2020-05-21 22:30:00,9529.5,9161.0,-3.8669395036465715,LH (Lower High)
181,2020-05-22 07:00:00,9161.0,9112.0,-0.5348761052286868,LH (Lower High)
182,2020-05-22 12:30:00,9112.0,9199.0,0.9547848990342407,HH (Higher High)
183,2020-05-22 17:00:00,9199.0,9264.5,0.7120339167300793,HH (Higher High)
184,2020-05-23 03:00:00,9264.5,9308.5,0.474931188947056,HH (Higher High)
185,2020-05-23 07:45:00,9308.5,9262.5,-0.49417199333942097,LH (Lower High)
186,2020-05-23 14:45:00,9262.5,9214.5,-0.5182186234817814,LH (Lower High)
187,2020-05-23 20:45:00,9214.5,9243.0,0.30929513267133324,HH (Higher High)
188,2020-05-24 02:30:00,9243.0,9227.0,-0.173103970572325,LH (Lower High)
189,2020-05-24 06:15:00,9227.0,9291.5,0.6990354394711173,HH (Higher High)
190,2020-05-24 09:00:00,9291.5,9295.0,0.03766883710918582,HH (Higher High)
191,2020-05-24 21:30:00,9295.0,9077.0,-2.3453469607315762,LH (Lower High)
192,2020-05-25 08:00:00,9077.0,8876.5,-2.2088795857662222,LH (Lower High)
193,2020-05-25 14:00:00,8876.5,8856.0,-0.23094688221709006,LH (Lower High)
194,2020-05-25 19:45:00,8856.0,8974.0,1.3324299909665764,HH (Higher High)
195,2020-05-25 23:00:00,8974.0,8934.5,-0.44016046356139965,LH (Lower High)
196,2020-05-26 08:00:00,8934.5,9011.0,0.8562314623090268,HH (Higher High)
197,2020-05-26 21:00:00,9011.0,8881.5,-1.4371323937409832,LH (Lower High)
198,2020-05-27 12:00:00,8881.5,9185.0,3.4172155604346113,HH (Higher High)
199,2020-05-27 15:15:00,9185.0,9222.0,0.4028307022318998,HH (Higher High)
200,2020-05-28 00:45:00,9222.0,9278.0,0.6072435480373021,HH (Higher High)
201,2020-05-28 16:00:00,9278.0,9533.0,2.74843716318172,HH (Higher High)
202,2020-05-28 23:30:00,9533.0,9614.5,0.8549249973775307,HH (Higher High)
203,2020-05-29 08:15:00,9614.5,9586.5,-0.2912267928649436,LH (Lower High)
204,2020-05-29 14:00:00,9586.5,9478.0,-1.1317999269806498,LH (Lower High)
205,2020-05-29 17:15:00,9478.0,9452.5,-0.26904410213125135,LH (Lower High)
206,2020-05-29 23:15:00,9452.5,9447.5,-0.052896059243586355,LH (Lower High)
207,2020-05-30 06:00:00,9447.5,9599.0,1.6035988356708122,HH (Higher High)
208,2020-05-30 11:30:00,9599.0,9579.0,-0.20835503698301908,LH (Lower High)
209,2020-05-30 14:30:00,9579.0,9569.0,-0.10439503079653409,LH (Lower High)
210,2020-05-30 23:00:00,9569.0,9735.0,1.7347685233566728,HH (Higher High)
211,2020-05-31 12:00:00,9735.0,9633.5,-1.0426296866974833,LH (Lower High)
212,2020-06-01 04:15:00,9633.5,9610.0,-0.24394041625577412,LH (Lower High)
213,2020-06-01 07:30:00,9610.0,9574.0,-0.37460978147762747,LH (Lower High)
214,2020-06-01 12:30:00,9574.0,9587.5,0.1410068936703572,HH (Higher High)
215,2020-06-01 16:15:00,9587.5,9605.5,0.1877444589308996,HH (Higher High)
216,2020-06-01 23:30:00,9605.5,10352.0,7.771589193691114,HH (Higher High)
217,2020-06-02 08:00:00,10352.0,10159.0,-1.8643740340030912,LH (Lower High)
218,2020-06-02 13:30:00,10159.0,10188.5,0.29038291170390784,HH (Higher High)
219,2020-06-02 18:15:00,10188.5,9536.0,-6.4042793345438485,LH (Lower High)
220,2020-06-02 22:15:00,9536.0,9549.5,0.14156879194630873,HH (Higher High)
221,2020-06-03 12:00:00,9549.5,9642.0,0.9686371014189226,HH (Higher High)
222,2020-06-03 19:00:00,9642.0,9622.0,-0.20742584526031943,LH (Lower High)
223,2020-06-03 23:30:00,9622.0,9693.5,0.7430887549366036,HH (Higher High)
224,2020-06-04 03:45:00,9693.5,9685.0,-0.087687625728581,LH (Lower High)
225,2020-06-04 07:30:00,9685.0,9660.5,-0.25296850800206505,LH (Lower High)
226,2020-06-04 18:00:00,9660.5,9876.0,2.2307333988923967,HH (Higher High)
227,2020-06-04 23:15:00,9876.0,9860.0,-0.16200891049007696,LH (Lower High)
228,2020-06-05 08:30:00,9860.0,9851.5,-0.08620689655172414,LH (Lower High)
229,2020-06-05 18:45:00,9851.5,9753.5,-0.9947723696898949,LH (Lower High)
230,2020-06-06 03:45:00,9753.5,9644.0,-1.1226739119290512,LH (Lower High)
231,2020-06-06 12:00:00,9644.0,9730.0,0.891746163417669,HH (Higher High)
232,2020-06-06 20:45:00,9730.0,9715.5,-0.14902363823227133,LH (Lower High)
233,2020-06-06 23:45:00,9715.5,9701.0,-0.14924605012608716,LH (Lower High)
234,2020-06-07 04:00:00,9701.0,9710.0,0.09277394083084219,HH (Higher High)
235,2020-06-07 08:45:00,9710.0,9678.0,-0.329557157569516,LH (Lower High)
236,2020-06-07 19:45:00,9678.0,9807.5,1.3380863814837778,HH (Higher High)
237,2020-06-07 23:00:00,9807.5,9776.0,-0.3211827682895743,LH (Lower High)
238,2020-06-08 05:45:00,9776.0,9751.0,-0.25572831423895254,LH (Lower High)
239,2020-06-08 09:15:00,9751.0,9799.0,0.49225720438929343,HH (Higher High)
240,2020-06-08 17:00:00,9799.0,9739.5,-0.6072048168180426,LH (Lower High)
241,2020-06-09 00:00:00,9739.5,9873.5,1.3758406489039479,HH (Higher High)
242,2020-06-09 12:00:00,9873.5,9748.0,-1.2710791512634831,LH (Lower High)
243,2020-06-09 22:00:00,9748.0,9832.0,0.8617152236356176,HH (Higher High)
244,2020-06-10 01:30:00,9832.0,9810.0,-0.22375915378356387,LH (Lower High)
245,2020-06-10 07:00:00,9810.0,9780.0,-0.3058103975535168,LH (Lower High)
246,2020-06-10 12:45:00,9780.0,9770.0,-0.10224948875255625,LH (Lower High)
247,2020-06-10 18:45:00,9770.0,9995.0,2.3029682702149437,HH (Higher High)
248,2020-06-10 22:30:00,9995.0,9908.0,-0.8704352176088044,LH (Lower High)
249,2020-06-11 01:30:00,9908.0,9968.0,0.6055712555510698,HH (Higher High)
250,2020-06-11 21:00:00,9968.0,9372.0,-5.979133226324238,LH (Lower High)
251,2020-06-12 03:30:00,9372.0,9396.0,0.2560819462227913,HH (Higher High)
252,2020-06-12 08:00:00,9396.0,9492.5,1.027032779906343,HH (Higher High)
253,2020-06-12 14:00:00,9492.5,9550.0,0.6057413747695549,HH (Higher High)
254,2020-06-13 09:15:00,9550.0,9464.0,-0.9005235602094241,LH (Lower High)
255,2020-06-13 15:00:00,9464.0,9461.5,-0.02641589180050719,LH (Lower High)
256,2020-06-13 19:30:00,9461.5,9494.0,0.34349733128996457,HH (Higher High)
257,2020-06-14 00:00:00,9494.0,9477.5,-0.17379397514219508,LH (Lower High)
258,2020-06-14 11:30:00,9477.5,9440.5,-0.39039831179108414,LH (Lower High)
259,2020-06-14 15:45:00,9440.5,9437.5,-0.03177797786134209,LH (Lower High)
260,2020-06-14 22:30:00,9437.5,9411.0,-0.280794701986755,LH (Lower High)
261,2020-06-15 08:30:00,9411.0,9167.5,-2.5873977260652428,LH (Lower High)
262,2020-06-15 21:00:00,9167.5,9487.0,3.4851377147532046,HH (Higher High)
263,2020-06-16 03:00:00,9487.0,9580.0,0.9802888162749025,HH (Higher High)
264,2020-06-16 09:15:00,9580.0,9543.0,-0.38622129436325675,LH (Lower High)
265,2020-06-16 13:00:00,9543.0,9584.5,0.43487372943518804,HH (Higher High)
266,2020-06-16 18:30:00,9584.5,9509.5,-0.7825134331472691,LH (Lower High)
267,2020-06-16 23:30:00,9509.5,9531.0,0.22608969977391027,HH (Higher High)
268,2020-06-17 07:45:00,9531.0,9529.5,-0.015738117721120555,LH (Lower High)
269,2020-06-17 13:15:00,9529.5,9564.0,0.36203368487328824,HH (Higher High)
270,2020-06-17 23:45:00,9564.0,9469.5,-0.9880803011292346,LH (Lower High)
271,2020-06-18 09:45:00,9469.5,9485.5,0.16896351444110036,HH (Higher High)
272,2020-06-18 19:30:00,9485.5,9410.0,-0.7959517157767118,LH (Lower High)
273,2020-06-18 23:30:00,9410.0,9412.0,0.021253985122210415,HH (Higher High)
274,2020-06-19 06:00:00,9412.0,9328.5,-0.8871653208669783,LH (Lower High)
275,2020-06-19 09:15:00,9328.5,9439.5,1.189901913490915,HH (Higher High)
276,2020-06-19 12:30:00,9439.5,9419.0,-0.21717251973091797,LH (Lower High)
277,2020-06-19 22:00:00,9419.0,9355.0,-0.6794776515553668,LH (Lower High)
278,2020-06-20 03:15:00,9355.0,9346.5,-0.09086050240513095,LH (Lower High)
279,2020-06-20 11:15:00,9346.5,9380.0,0.35842293906810035,HH (Higher High)
280,2020-06-20 22:30:00,9380.0,9392.0,0.1279317697228145,HH (Higher High)
281,2020-06-21 02:00:00,9392.0,9402.5,0.11179727427597956,HH (Higher High)
282,2020-06-21 06:00:00,9402.5,9415.5,0.13826110077107154,HH (Higher High)
283,2020-06-21 15:45:00,9415.5,9388.5,-0.2867611916520631,LH (Lower High)
284,2020-06-22 05:00:00,9388.5,9449.5,0.6497310539489801,HH (Higher High)
285,2020-06-22 13:00:00,9449.5,9501.5,0.550293666331552,HH (Higher High)
286,2020-06-22 16:45:00,9501.5,9625.0,1.2997947692469611,HH (Higher High)
287,2020-06-22 21:00:00,9625.0,9782.0,1.6311688311688313,HH (Higher High)
288,2020-06-23 07:45:00,9782.0,9669.0,-1.1551829891637702,LH (Lower High)
289,2020-06-23 15:45:00,9669.0,9688.5,0.20167545764815392,HH (Higher High)
290,2020-06-23 22:30:00,9688.5,9650.0,-0.3973783351395985,LH (Lower High)
291,2020-06-24 06:00:00,9650.0,9670.0,0.20725388601036268,HH (Higher High)
292,2020-06-24 23:15:00,9670.0,9322.0,-3.59875904860393,LH (Lower High)
293,2020-06-25 08:45:00,9322.0,9331.0,0.09654580562111136,HH (Higher High)
294,2020-06-25 17:15:00,9331.0,9293.0,-0.40724466830993467,LH (Lower High)
295,2020-06-25 21:15:00,9293.0,9337.0,0.47347465834499086,HH (Higher High)
296,2020-06-26 10:00:00,9337.0,9252.0,-0.9103566456035128,LH (Lower High)
297,2020-06-26 13:00:00,9252.0,9233.5,-0.199956766104626,LH (Lower High)
298,2020-06-27 03:15:00,9233.5,9185.0,-0.5252612768722585,LH (Lower High)
299,2020-06-27 11:30:00,9185.0,9184.0,-0.010887316276537834,LH (Lower High)
300,2020-06-28 10:00:00,9184.0,9083.0,-1.0997386759581882,LH (Lower High)
301,2020-06-28 16:15:00,9083.0,9190.0,1.178024881647033,HH (Higher High)
302,2020-06-29 01:00:00,9190.0,9146.5,-0.4733405875952122,LH (Lower High)
303,2020-06-29 05:30:00,9146.5,9129.5,-0.18586344503361943,LH (Lower High)
304,2020-06-29 09:45:00,9129.5,9135.0,0.06024426310312723,HH (Higher High)
305,2020-06-29 18:00:00,9135.0,9179.0,0.48166392993979196,HH (Higher High)
306,2020-06-29 22:00:00,9179.0,9234.0,0.5991938119620873,HH (Higher High)
307,2020-06-30 01:30:00,9234.0,9205.0,-0.31405674680528484,LH (Lower High)
308,2020-06-30 09:30:00,9205.0,9171.5,-0.3639326453014666,LH (Lower High)
309,2020-06-30 15:15:00,9171.5,9185.0,0.14719511530284032,HH (Higher High)
310,2020-06-30 21:45:00,9185.0,9168.0,-0.18508437670114317,LH (Lower High)
311,2020-07-01 04:45:00,9168.0,9159.5,-0.09271378708551484,LH (Lower High)
312,2020-07-01 08:45:00,9159.5,9191.0,0.3439052350019106,HH (Higher High)
313,2020-07-01 16:30:00,9191.0,9289.0,1.0662604722010662,HH (Higher High)
314,2020-07-02 02:15:00,9289.0,9260.0,-0.3121972225212617,LH (Lower High)
315,2020-07-02 09:00:00,9260.0,9219.0,-0.4427645788336933,LH (Lower High)
316,2020-07-02 13:45:00,9219.0,9255.0,0.390497884803124,HH (Higher High)
317,2020-07-02 21:45:00,9255.0,9150.0,-1.1345218800648298,LH (Lower High)
318,2020-07-03 08:15:00,9150.0,9124.5,-0.27868852459016397,LH (Lower High)
319,2020-07-03 13:15:00,9124.5,9119.5,-0.054797523151953534,LH (Lower High)
320,2020-07-03 16:15:00,9119.5,9110.0,-0.10417237787159384,LH (Lower High)
321,2020-07-03 22:15:00,9110.0,9100.0,-0.10976948408342481,LH (Lower High)
322,2020-07-04 02:15:00,9100.0,9093.0,-0.07692307692307693,LH (Lower High)
323,2020-07-04 13:45:00,9093.0,9080.0,-0.14296711756296052,LH (Lower High)
324,2020-07-04 17:45:00,9080.0,9185.5,1.1618942731277533,HH (Higher High)
325,2020-07-05 00:15:00,9185.5,9143.5,-0.45724239290185614,LH (Lower High)
326,2020-07-05 15:00:00,9143.5,9065.0,-0.8585333843714114,LH (Lower High)
327,2020-07-05 22:45:00,9065.0,9095.0,0.3309431880860452,HH (Higher High)
328,2020-07-06 07:00:00,9095.0,9242.0,1.616272677295217,HH (Higher High)
329,2020-07-06 16:15:00,9242.0,9349.0,1.157758061025752,HH (Higher High)
330,2020-07-07 12:00:00,9349.0,9286.5,-0.6685206974007916,LH (Lower High)
331,2020-07-07 18:00:00,9286.5,9278.0,-0.09153071663166963,LH (Lower High)
332,2020-07-08 03:15:00,9278.0,9319.5,0.4472946755766329,HH (Higher High)
333,2020-07-08 08:15:00,9319.5,9298.0,-0.23069907183861796,LH (Lower High)
334,2020-07-08 14:00:00,9298.0,9466.5,1.8122176812217683,HH (Higher High)
335,2020-07-08 22:30:00,9466.5,9462.5,-0.04225426503987746,LH (Lower High)
336,2020-07-09 06:30:00,9462.5,9413.5,-0.5178335535006605,LH (Lower High)
337,2020-07-09 12:45:00,9413.5,9425.5,0.12747649652095394,HH (Higher High)
338,2020-07-10 11:15:00,9425.5,9197.0,-2.424274574293141,LH (Lower High)
339,2020-07-10 16:00:00,9197.0,9245.0,0.521909318255953,HH (Higher High)
340,2020-07-10 20:30:00,9245.0,9250.5,0.059491617090319096,HH (Higher High)
341,2020-07-10 23:30:00,9250.5,9300.0,0.5351062104751094,HH (Higher High)
342,2020-07-11 16:00:00,9300.0,9253.5,-0.5,LH (Lower High)
343,2020-07-12 01:30:00,9253.5,9289.5,0.38904198411411894,HH (Higher High)
344,2020-07-12 13:15:00,9289.5,9335.0,0.4898003121804187,HH (Higher High)
345,2020-07-12 16:45:00,9335.0,9220.0,-1.2319228709159078,LH (Lower High)
346,2020-07-12 22:00:00,9220.0,9317.5,1.0574837310195226,HH (Higher High)
347,2020-07-13 12:00:00,9317.5,9335.5,0.1931848671854038,HH (Higher High)
348,2020-07-14 08:30:00,9335.5,9202.0,-1.4300251727277595,LH (Lower High)
349,2020-07-14 12:00:00,9202.0,9248.0,0.49989132797217994,HH (Higher High)
350,2020-07-14 20:00:00,9248.0,9271.5,0.25410899653979235,HH (Higher High)
351,2020-07-15 00:15:00,9271.5,9265.0,-0.07010731812543818,LH (Lower High)
352,2020-07-15 10:00:00,9265.0,9243.0,-0.23745277927684835,LH (Lower High)
353,2020-07-15 15:00:00,9243.0,9239.0,-0.04327599264308125,LH (Lower High)
354,2020-07-15 21:45:00,9239.0,9234.0,-0.054118411083450585,LH (Lower High)
355,2020-07-16 02:00:00,9234.0,9219.5,-0.15702837340264242,LH (Lower High)
356,2020-07-16 18:30:00,9219.5,9148.0,-0.775530126362601,LH (Lower High)
357,2020-07-16 23:00:00,9148.0,9141.0,-0.0765194578049847,LH (Lower High)
358,2020-07-17 06:30:00,9141.0,9125.0,-0.17503555409692592,LH (Lower High)
359,2020-07-17 12:15:00,9125.0,9180.0,0.6027397260273972,HH (Higher High)
360,2020-07-17 20:00:00,9180.0,9168.0,-0.130718954248366,LH (Lower High)
361,2020-07-18 00:15:00,9168.0,9160.0,-0.08726003490401396,LH (Lower High)
362,2020-07-18 05:15:00,9160.0,9141.5,-0.2019650655021834,LH (Lower High)
363,2020-07-18 09:00:00,9141.5,9214.0,0.7930864737734509,HH (Higher High)
364,2020-07-19 16:30:00,9214.0,9168.0,-0.4992402865205123,LH (Lower High)
365,2020-07-19 23:30:00,9168.0,9224.5,0.6162739965095986,HH (Higher High)
366,2020-07-20 09:15:00,9224.5,9189.0,-0.3848447070301913,LH (Lower High)
367,2020-07-20 17:30:00,9189.0,9197.0,0.08706061595385788,HH (Higher High)
368,2020-07-21 07:30:00,9197.0,9365.5,1.8321191692943353,HH (Higher High)
369,2020-07-21 13:15:00,9365.5,9437.0,0.7634402861566387,HH (Higher High)
370,2020-07-21 19:00:00,9437.0,9379.0,-0.6146020981244039,LH (Lower High)
371,2020-07-22 07:30:00,9379.0,9350.0,-0.3092014073995095,LH (Lower High)
372,2020-07-22 11:45:00,9350.0,9351.0,0.0106951871657754,HH (Higher High)
373,2020-07-22 19:15:00,9351.0,9375.0,0.25665704202759065,HH (Higher High)
374,2020-07-22 22:30:00,9375.0,9537.0,1.728,HH (Higher High)
375,2020-07-23 08:30:00,9537.0,9529.0,-0.08388382090804236,LH (Lower High)
376,2020-07-23 17:00:00,9529.0,9662.0,1.395739322069472,HH (Higher High)
377,2020-07-24 10:30:00,9662.0,9555.0,-1.1074311736700477,LH (Lower High)
378,2020-07-24 21:00:00,9555.0,9630.0,0.7849293563579277,HH (Higher High)
379,2020-07-25 05:00:00,9630.0,9615.5,-0.15057113187954307,LH (Lower High)
380,2020-07-25 13:30:00,9615.5,9600.0,-0.1611980656232125,LH (Lower High)
381,2020-07-25 18:00:00,9600.0,9707.0,1.1145833333333335,HH (Higher High)
382,2020-07-25 20:45:00,9707.0,9730.0,0.23694241269187183,HH (Higher High)
383,2020-07-26 10:00:00,9730.0,10138.0,4.193216855087359,HH (Higher High)
384,2020-07-26 16:00:00,10138.0,9981.0,-1.5486289208916946,LH (Lower High)
385,2020-07-27 03:45:00,9981.0,10323.0,3.4265103697024344,HH (Higher High)
386,2020-07-27 17:00:00,10323.0,10944.5,6.020536665697955,HH (Higher High)
387,2020-07-27 22:15:00,10944.5,11393.0,4.097948741376947,HH (Higher High)
388,2020-07-28 15:00:00,11393.0,11185.0,-1.8256824365838673,LH (Lower High)
389,2020-07-29 03:15:00,11185.0,11001.0,-1.6450603486812696,LH (Lower High)
390,2020-07-29 09:00:00,11001.0,11147.0,1.3271520770839014,HH (Higher High)
391,2020-07-29 14:45:00,11147.0,11294.0,1.3187404682874315,HH (Higher High)
392,2020-07-29 21:45:00,11294.0,11345.0,0.45156720382503984,HH (Higher High)
393,2020-07-30 13:30:00,11345.0,11035.0,-2.732481269281622,LH (Lower High)
394,2020-07-30 20:45:00,11035.0,11170.0,1.2233801540552787,HH (Higher High)
395,2020-07-31 08:15:00,11170.0,11189.5,0.17457475380483437,HH (Higher High)
396,2020-07-31 16:15:00,11189.5,11443.5,2.2699852540327985,HH (Higher High)
397,2020-07-31 21:30:00,11443.5,11422.5,-0.18351028968410013,LH (Lower High)
398,2020-08-01 06:15:00,11422.5,11748.0,2.8496388706500326,HH (Higher High)
399,2020-08-01 10:00:00,11748.0,11732.0,-0.1361933946203609,LH (Lower High)
400,2020-08-01 21:00:00,11732.0,11865.5,1.1379133992499149,HH (Higher High)
401,2020-08-02 04:00:00,11865.5,12113.5,2.0900931271332857,HH (Higher High)
402,2020-08-02 17:45:00,12113.5,11282.0,-6.864242374210591,LH (Lower High)
403,2020-08-03 02:45:00,11282.0,11207.0,-0.6647757489806773,LH (Lower High)
404,2020-08-03 16:15:00,11207.0,11471.5,2.360132060319443,HH (Higher High)
405,2020-08-04 00:45:00,11471.5,11418.0,-0.46637318572113495,LH (Lower High)
406,2020-08-04 08:15:00,11418.0,11312.0,-0.92835873182694,LH (Lower High)
407,2020-08-04 15:00:00,11312.0,11236.5,-0.6674328147100425,LH (Lower High)
408,2020-08-04 18:00:00,11236.5,11266.0,0.26253726694255325,HH (Higher High)
409,2020-08-05 16:00:00,11266.0,11720.0,4.0298242499556185,HH (Higher High)
410,2020-08-06 00:00:00,11720.0,11798.0,0.6655290102389079,HH (Higher High)
411,2020-08-06 09:45:00,11798.0,11755.0,-0.36446855399220207,LH (Lower High)
412,2020-08-06 14:00:00,11755.0,11883.0,1.0888983411314335,HH (Higher High)
413,2020-08-06 19:30:00,11883.0,11901.0,0.15147689977278464,HH (Higher High)
414,2020-08-07 02:45:00,11901.0,11916.5,0.1302411562053609,HH (Higher High)
415,2020-08-07 09:15:00,11916.5,11847.0,-0.583224940208954,LH (Lower High)
416,2020-08-08 01:30:00,11847.0,11658.0,-1.5953405925550772,LH (Lower High)
417,2020-08-08 06:15:00,11658.0,11618.5,-0.33882312575055756,LH (Lower High)
418,2020-08-08 12:00:00,11618.5,11810.0,1.6482334208374576,HH (Higher High)
419,2020-08-09 00:45:00,11810.0,11799.5,-0.08890770533446231,LH (Lower High)
420,2020-08-09 03:30:00,11799.5,11777.5,-0.18644857832959025,LH (Lower High)
421,2020-08-09 08:00:00,11777.5,11720.0,-0.48821906177032476,LH (Lower High)
422,2020-08-10 03:15:00,11720.0,12063.0,2.926621160409556,HH (Higher High)
423,2020-08-10 14:30:00,12063.0,11965.0,-0.8124015584846224,LH (Lower High)
424,2020-08-11 01:45:00,11965.0,11934.5,-0.2549101546176348,LH (Lower High)
425,2020-08-11 23:45:00,11934.5,11426.5,-4.2565670953957015,LH (Lower High)
426,2020-08-12 10:30:00,11426.5,11542.0,1.0108082089878792,HH (Higher High)
427,2020-08-12 15:00:00,11542.0,11613.5,0.6194766938138971,HH (Higher High)
428,2020-08-12 19:45:00,11613.5,11596.5,-0.14638136651310973,LH (Lower High)
429,2020-08-13 11:15:00,11596.5,11617.0,0.17677747596257493,HH (Higher High)
430,2020-08-14 00:00:00,11617.0,11835.0,1.8765602134802446,HH (Higher High)
431,2020-08-14 11:45:00,11835.0,11782.5,-0.4435994930291508,LH (Lower High)
432,2020-08-14 16:30:00,11782.5,11861.0,0.6662423085083811,HH (Higher High)
433,2020-08-15 00:30:00,11861.0,11981.0,1.0117190793356379,HH (Higher High)
434,2020-08-15 08:00:00,11981.0,11937.5,-0.36307486854185794,LH (Lower High)
435,2020-08-15 16:00:00,11937.5,11911.0,-0.22198952879581152,LH (Lower High)
436,2020-08-15 21:30:00,11911.0,11981.5,0.5918898497187474,HH (Higher High)
437,2020-08-16 04:00:00,11981.5,11936.0,-0.3797521178483495,LH (Lower High)
438,2020-08-16 16:00:00,11936.0,11900.0,-0.30160857908847183,LH (Lower High)
439,2020-08-17 00:00:00,11900.0,11935.5,0.29831932773109243,HH (Higher High)
440,2020-08-17 03:45:00,11935.5,11881.0,-0.45662100456621,LH (Lower High)
441,2020-08-17 16:00:00,11881.0,12499.5,5.205790758353674,HH (Higher High)
442,2020-08-17 23:00:00,12499.5,12424.5,-0.6000240009600384,LH (Lower High)
443,2020-08-18 10:45:00,12424.5,12310.0,-0.9215662602116784,LH (Lower High)
444,2020-08-18 17:00:00,12310.0,12056.5,-2.059301380991064,LH (Lower High)
445,2020-08-18 21:15:00,12056.5,12090.0,0.2778584166217393,HH (Higher High)
446,2020-08-19 13:15:00,12090.0,11922.5,-1.3854425144747726,LH (Lower High)
447,2020-08-20 00:15:00,11922.5,11820.0,-0.8597190186621932,LH (Lower High)
448,2020-08-20 06:15:00,11820.0,11790.0,-0.25380710659898476,LH (Lower High)
449,2020-08-20 12:00:00,11790.0,11853.5,0.5385920271416456,HH (Higher High)
450,2020-08-20 16:30:00,11853.5,11892.5,0.32901674610874426,HH (Higher High)
451,2020-08-20 21:15:00,11892.5,11883.0,-0.07988227874710951,LH (Lower High)
452,2020-08-21 00:00:00,11883.0,11881.0,-0.016830766641420518,LH (Lower High)
453,2020-08-21 03:45:00,11881.0,11874.5,-0.05470919956232641,LH (Lower High)
454,2020-08-21 17:00:00,11874.5,11767.5,-0.9010905722346203,LH (Lower High)
455,2020-08-22 08:15:00,11767.5,11623.0,-1.227958359889526,LH (Lower High)
456,2020-08-22 15:00:00,11623.0,11637.0,0.12045083025036567,HH (Higher High)
457,2020-08-23 00:00:00,11637.0,11686.0,0.42107072269485263,HH (Higher High)
458,2020-08-23 07:45:00,11686.0,11617.0,-0.5904501112442239,LH (Lower High)
459,2020-08-23 13:30:00,11617.0,11674.0,0.4906602393044676,HH (Higher High)
460,2020-08-23 20:00:00,11674.0,11722.5,0.4154531437382217,HH (Higher High)
461,2020-08-24 08:15:00,11722.5,11810.0,0.7464278097675411,HH (Higher High)
462,2020-08-24 11:15:00,11810.0,11826.0,0.1354784081287045,HH (Higher High)
463,2020-08-24 23:30:00,11826.0,11789.0,-0.3128699475731439,LH (Lower High)
464,2020-08-25 11:00:00,11789.0,11661.0,-1.0857579099160235,LH (Lower High)
465,2020-08-25 22:30:00,11661.0,11389.0,-2.3325615298859446,LH (Lower High)
466,2020-08-26 02:45:00,11389.0,11398.5,0.08341382035297217,HH (Higher High)
467,2020-08-26 10:15:00,11398.5,11445.0,0.40794841426503486,HH (Higher High)
468,2020-08-26 16:15:00,11445.0,11541.5,0.8431629532546965,HH (Higher High)
469,2020-08-27 09:30:00,11541.5,11453.5,-0.7624658839838843,LH (Lower High)
470,2020-08-27 13:15:00,11453.5,11585.0,1.1481206618064348,HH (Higher High)
471,2020-08-28 06:30:00,11585.0,11440.0,-1.251618472162279,LH (Lower High)
472,2020-08-28 12:00:00,11440.0,11480.0,0.34965034965034963,HH (Higher High)
473,2020-08-28 16:15:00,11480.0,11533.5,0.46602787456445993,HH (Higher High)
474,2020-08-29 00:00:00,11533.5,11542.0,0.07369835696015954,HH (Higher High)
475,2020-08-29 07:45:00,11542.0,11575.0,0.28591232022179863,HH (Higher High)
476,2020-08-29 19:30:00,11575.0,11543.0,-0.27645788336933047,LH (Lower High)
477,2020-08-30 08:00:00,11543.0,11611.0,0.5891016200294551,HH (Higher High)
478,2020-08-30 13:00:00,11611.0,11657.0,0.3961760399621049,HH (Higher High)
479,2020-08-31 00:00:00,11657.0,11726.0,0.5919190186154242,HH (Higher High)
480,2020-08-31 13:15:00,11726.0,11775.0,0.4178748081187106,HH (Higher High)
481,2020-09-01 16:00:00,11775.0,12066.0,2.4713375796178343,HH (Higher High)
482,2020-09-01 22:15:00,12066.0,12057.0,-0.07458975634012929,LH (Lower High)
483,2020-09-02 19:15:00,12057.0,11409.0,-5.374471261507837,LH (Lower High)
484,2020-09-03 00:30:00,11409.0,11442.0,0.28924533263213253,HH (Higher High)
485,2020-09-03 08:00:00,11442.0,11465.0,0.20101380877468972,HH (Higher High)
486,2020-09-03 21:00:00,11465.0,10791.0,-5.878761447884867,LH (Lower High)
487,2020-09-04 04:15:00,10791.0,10327.0,-4.299879529237327,LH (Lower High)
488,2020-09-04 13:30:00,10327.0,10496.0,1.6364868790549048,HH (Higher High)
489,2020-09-04 21:00:00,10496.0,10624.5,1.2242759146341464,HH (Higher High)
490,2020-09-05 06:30:00,10624.5,10491.0,-1.2565297190456022,LH (Lower High)
491,2020-09-05 14:00:00,10491.0,10342.5,-1.4154989991421218,LH (Lower High)
492,2020-09-06 04:00:00,10342.5,10217.0,-1.213439690597051,LH (Lower High)
493,2020-09-06 09:00:00,10217.0,10279.0,0.60683175100323,HH (Higher High)
494,2020-09-06 22:00:00,10279.0,10348.5,0.6761358108765444,HH (Higher High)
495,2020-09-07 00:45:00,10348.5,10307.5,-0.3961926849301831,LH (Lower High)
496,2020-09-07 16:15:00,10307.5,10237.0,-0.6839679844773223,LH (Lower High)
497,2020-09-07 19:15:00,10237.0,10222.0,-0.14652730292077756,LH (Lower High)
498,2020-09-08 00:15:00,10222.0,10440.5,2.137546468401487,HH (Higher High)
499,2020-09-08 08:00:00,10440.5,10340.0,-0.9625975767444087,LH (Lower High)
500,2020-09-08 18:00:00,10340.0,10167.5,-1.6682785299806577,LH (Lower High)
501,2020-09-08 22:30:00,10167.5,10220.0,0.5163511187607573,HH (Higher High)
502,2020-09-09 11:15:00,10220.0,10278.5,0.5724070450097848,HH (Higher High)
503,2020-09-09 15:15:00,10278.5,10274.0,-0.04378070730164907,LH (Lower High)
504,2020-09-09 19:00:00,10274.0,10337.5,0.618065018493284,HH (Higher High)
505,2020-09-10 04:45:00,10337.5,10417.0,0.7690447400241839,HH (Higher High)
506,2020-09-10 14:00:00,10417.0,10485.5,0.6575789574733608,HH (Higher High)
507,2020-09-11 00:15:00,10485.5,10371.5,-1.087215678794526,LH (Lower High)
508,2020-09-11 09:00:00,10371.5,10335.0,-0.351925950923203,LH (Lower High)
509,2020-09-11 16:30:00,10335.0,10340.0,0.04837929366231253,HH (Higher High)
510,2020-09-11 23:45:00,10340.0,10393.0,0.5125725338491296,HH (Higher High)
511,2020-09-12 05:00:00,10393.0,10370.5,-0.21649186952756666,LH (Lower High)
512,2020-09-12 10:15:00,10370.5,10353.0,-0.16874789065136686,LH (Lower High)
513,2020-09-12 18:30:00,10353.0,10481.0,1.2363566116101614,HH (Higher High)
514,2020-09-13 04:00:00,10481.0,10572.5,0.8730083007346626,HH (Higher High)
515,2020-09-13 08:00:00,10572.5,10553.5,-0.17971151572475763,LH (Lower High)
516,2020-09-14 02:00:00,10553.5,10370.0,-1.7387596531956224,LH (Lower High)
517,2020-09-14 08:15:00,10370.0,10445.0,0.7232401157184185,HH (Higher High)
518,2020-09-14 16:00:00,10445.0,10740.0,2.824317855433222,HH (Higher High)
519,2020-09-14 22:00:00,10740.0,10730.0,-0.0931098696461825,LH (Lower High)
520,2020-09-15 02:45:00,10730.0,10828.0,0.9133271202236719,HH (Higher High)
521,2020-09-15 12:30:00,10828.0,10919.5,0.8450314000738826,HH (Higher High)
522,2020-09-15 21:30:00,10919.5,10872.5,-0.4304226383991941,LH (Lower High)
523,2020-09-16 07:45:00,10872.5,10943.0,0.648424925270177,HH (Higher High)
524,2020-09-16 16:30:00,10943.0,11090.5,1.3478936306314537,HH (Higher High)
525,2020-09-17 00:45:00,11090.5,11035.0,-0.500428294486272,LH (Lower High)
526,2020-09-17 05:45:00,11035.0,10923.0,-1.01495242410512,LH (Lower High)
527,2020-09-17 15:15:00,10923.0,10864.0,-0.5401446489059782,LH (Lower High)
528,2020-09-17 21:30:00,10864.0,10962.5,0.9066642120765833,HH (Higher High)
529,2020-09-18 00:15:00,10962.5,10949.0,-0.12314709236031927,LH (Lower High)
530,2020-09-18 03:45:00,10949.0,10928.0,-0.19179833774773952,LH (Lower High)
531,2020-09-18 09:45:00,10928.0,11031.5,0.9471083455344069,HH (Higher High)
532,2020-09-19 03:00:00,11031.5,10965.0,-0.6028191995648824,LH (Lower High)
533,2020-09-19 12:00:00,10965.0,11168.0,1.851345189238486,HH (Higher High)
534,2020-09-19 16:15:00,11168.0,11100.5,-0.6044054441260746,LH (Lower High)
535,2020-09-19 20:45:00,11100.5,11074.5,-0.23422368361785506,LH (Lower High)
536,2020-09-19 23:45:00,11074.5,11075.0,0.004514876518127229,HH (Higher High)
537,2020-09-20 07:30:00,11075.0,10984.0,-0.8216704288939052,LH (Lower High)
538,2020-09-20 18:00:00,10984.0,10888.0,-0.8739985433357611,LH (Lower High)
539,2020-09-21 04:30:00,10888.0,10977.0,0.8174136664217487,HH (Higher High)
540,2020-09-21 20:15:00,10977.0,10530.0,-4.072150860890954,LH (Lower High)
541,2020-09-22 06:00:00,10530.0,10495.0,-0.33238366571699907,LH (Lower High)
542,2020-09-22 13:00:00,10495.0,10516.5,0.20485945688423057,HH (Higher High)
543,2020-09-22 21:00:00,10516.5,10572.0,0.5277421195264584,HH (Higher High)
544,2020-09-23 13:30:00,10572.0,10523.5,-0.4587589860007567,LH (Lower High)
545,2020-09-24 02:30:00,10523.5,10336.0,-1.781726611868675,LH (Lower High)
546,2020-09-24 07:45:00,10336.0,10348.0,0.11609907120743033,HH (Higher High)
547,2020-09-24 11:00:00,10348.0,10432.5,0.8165829145728644,HH (Higher High)
548,2020-09-24 16:00:00,10432.5,10727.5,2.827701893122454,HH (Higher High)
549,2020-09-24 22:45:00,10727.5,10787.5,0.559310184106269,HH (Higher High)
550,2020-09-25 07:15:00,10787.5,10695.5,-0.8528389339513326,LH (Lower High)
551,2020-09-25 12:00:00,10695.5,10680.5,-0.14024589780748914,LH (Lower High)
552,2020-09-25 20:30:00,10680.5,10750.0,0.6507185993165114,HH (Higher High)
553,2020-09-26 05:45:00,10750.0,10830.0,0.7441860465116279,HH (Higher High)
554,2020-09-26 10:45:00,10830.0,10726.5,-0.9556786703601108,LH (Lower High)
555,2020-09-26 18:00:00,10726.5,10773.0,0.43350580338414213,HH (Higher High)
556,2020-09-26 21:45:00,10773.0,10750.0,-0.2134967047247749,LH (Lower High)
557,2020-09-27 01:00:00,10750.0,10795.5,0.4232558139534884,HH (Higher High)
558,2020-09-27 10:30:00,10795.5,10674.5,-1.1208373859478487,LH (Lower High)
559,2020-09-27 16:00:00,10674.5,10769.5,0.8899714272331256,HH (Higher High)
560,2020-09-28 00:45:00,10769.5,10951.5,1.6899577510562238,HH (Higher High)
561,2020-09-28 05:30:00,10951.5,10911.0,-0.3698123544719901,LH (Lower High)
562,2020-09-28 12:30:00,10911.0,10935.0,0.21996150673632117,HH (Higher High)
563,2020-09-28 17:30:00,10935.0,10910.5,-0.2240512117055327,LH (Lower High)
564,2020-09-29 11:00:00,10910.5,10787.0,-1.131937124788048,LH (Lower High)
565,2020-09-29 23:15:00,10787.0,10855.0,0.6303884305182164,HH (Higher High)
566,2020-09-30 17:00:00,10855.0,10788.0,-0.6172270842929526,LH (Lower High)
567,2020-10-01 02:00:00,10788.0,10841.5,0.4959213941416389,HH (Higher High)
568,2020-10-01 08:00:00,10841.5,10909.5,0.6272194806991652,HH (Higher High)
569,2020-10-01 12:00:00,10909.5,10887.0,-0.2062422659150282,LH (Lower High)
570,2020-10-01 22:30:00,10887.0,10627.5,-2.3835767429043817,LH (Lower High)
571,2020-10-02 13:45:00,10627.5,10595.0,-0.3058103975535168,LH (Lower High)
572,2020-10-02 22:30:00,10595.0,10582.0,-0.1226993865030675,LH (Lower High)
573,2020-10-03 05:00:00,10582.0,10555.5,-0.25042525042525043,LH (Lower High)
574,2020-10-03 08:15:00,10555.5,10554.0,-0.014210601108426887,LH (Lower High)
575,2020-10-03 11:15:00,10554.0,10556.5,0.023687701345461436,HH (Higher High)
576,2020-10-03 16:45:00,10556.5,10601.0,0.4215412305214797,HH (Higher High)
577,2020-10-03 19:30:00,10601.0,10583.5,-0.16507876615413639,LH (Lower High)
578,2020-10-04 06:30:00,10583.5,10627.5,0.41574148438607267,HH (Higher High)
579,2020-10-04 13:15:00,10627.5,10610.0,-0.16466713714420136,LH (Lower High)
580,2020-10-04 19:30:00,10610.0,10681.0,0.6691800188501413,HH (Higher High)
581,2020-10-05 00:00:00,10681.0,10729.0,0.44939612395843087,HH (Higher High)
582,2020-10-05 08:00:00,10729.0,10679.5,-0.461366390157517,LH (Lower High)
583,2020-10-05 14:00:00,10679.5,10756.0,0.7163256706774662,HH (Higher High)
584,2020-10-06 02:45:00,10756.0,10781.5,0.23707698029007065,HH (Higher High)
585,2020-10-06 15:45:00,10781.5,10749.0,-0.3014422853962807,LH (Lower High)
586,2020-10-06 23:45:00,10749.0,10617.5,-1.223369615778212,LH (Lower High)
587,2020-10-07 07:00:00,10617.5,10623.0,0.051801271485754655,HH (Higher High)
588,2020-10-08 00:00:00,10623.0,10659.0,0.33888731996611127,HH (Higher High)
589,2020-10-08 03:15:00,10659.0,10641.0,-0.16887137630171686,LH (Lower High)
590,2020-10-08 14:45:00,10641.0,10945.0,2.856874353914106,HH (Higher High)
591,2020-10-09 00:00:00,10945.0,10924.5,-0.18730013704888077,LH (Lower High)
592,2020-10-09 07:30:00,10924.5,10894.0,-0.27918897890063615,LH (Lower High)
593,2020-10-09 11:15:00,10894.0,11092.0,1.8175142280154215,HH (Higher High)
594,2020-10-09 16:00:00,11092.0,11085.0,-0.06310854670032456,LH (Lower High)
595,2020-10-09 23:00:00,11085.0,11080.5,-0.04059539918809201,LH (Lower High)
596,2020-10-10 03:00:00,11080.5,11490.0,3.6956816028157577,HH (Higher High)
597,2020-10-10 08:45:00,11490.0,11395.0,-0.8268059181897303,LH (Lower High)
598,2020-10-10 15:45:00,11395.0,11414.0,0.16673979815708645,HH (Higher High)
599,2020-10-10 21:45:00,11414.0,11374.0,-0.35044681969511127,LH (Lower High)
600,2020-10-11 01:45:00,11374.0,11405.0,0.27255143309301916,HH (Higher High)
601,2020-10-11 06:15:00,11405.0,11369.0,-0.3156510302498904,LH (Lower High)
602,2020-10-11 11:00:00,11369.0,11409.0,0.3518339343829712,HH (Higher High)
603,2020-10-11 14:30:00,11409.0,11447.0,0.3330703830309405,HH (Higher High)
604,2020-10-12 15:30:00,11447.0,11601.5,1.349698610989779,HH (Higher High)
605,2020-10-12 21:30:00,11601.5,11729.0,1.0989958195060985,HH (Higher High)
606,2020-10-13 05:45:00,11729.0,11526.0,-1.7307528348537813,LH (Lower High)
607,2020-10-13 10:30:00,11526.0,11560.0,0.2949852507374631,HH (Higher High)
608,2020-10-13 21:15:00,11560.0,11462.0,-0.8477508650519031,LH (Lower High)
609,2020-10-14 13:45:00,11462.0,11549.5,0.7633920781713488,HH (Higher High)
610,2020-10-14 23:45:00,11549.5,11428.0,-1.051993592796225,LH (Lower High)
611,2020-10-15 06:30:00,11428.0,11419.0,-0.07875393769688485,LH (Lower High)
612,2020-10-15 20:00:00,11419.0,11612.0,1.6901655136176548,HH (Higher High)
613,2020-10-16 01:15:00,11612.0,11533.5,-0.6760248019290389,LH (Lower High)
614,2020-10-16 11:45:00,11533.5,11407.0,-1.0968049594659035,LH (Lower High)
615,2020-10-16 19:00:00,11407.0,11366.5,-0.35504514771631457,LH (Lower High)
616,2020-10-17 06:30:00,11366.5,11376.0,0.08357893810759688,HH (Higher High)
617,2020-10-17 11:30:00,11376.0,11353.0,-0.20218002812939523,LH (Lower High)
618,2020-10-17 15:00:00,11353.0,11411.0,0.5108781819783317,HH (Higher High)
619,2020-10-17 21:15:00,11411.0,11362.0,-0.4294102182104987,LH (Lower High)
620,2020-10-18 08:00:00,11362.0,11470.0,0.9505368773103327,HH (Higher High)
621,2020-10-18 14:15:00,11470.0,11483.0,0.1133391455972101,HH (Higher High)
622,2020-10-18 18:15:00,11483.0,11463.5,-0.16981625010885656,LH (Lower High)
623,2020-10-19 00:00:00,11463.5,11520.5,0.49723033977406556,HH (Higher High)
624,2020-10-19 15:45:00,11520.5,11815.5,2.5606527494466387,HH (Higher High)
625,2020-10-19 22:30:00,11815.5,11758.5,-0.48241716389488387,LH (Lower High)
626,2020-10-20 07:15:00,11758.5,11834.5,0.6463409448484075,HH (Higher High)
627,2020-10-20 17:45:00,11834.5,12058.5,1.8927711352401875,HH (Higher High)
628,2020-10-21 16:15:00,12058.5,12910.5,7.065555417340465,HH (Higher High)
629,2020-10-21 23:00:00,12910.5,13239.5,2.54831338832733,HH (Higher High)
630,2020-10-22 11:00:00,13239.5,13030.0,-1.5823860417689488,LH (Lower High)
631,2020-10-22 22:15:00,13030.0,13195.5,1.2701458173445894,HH (Higher High)
632,2020-10-23 03:00:00,13195.5,13002.0,-1.466409003069228,LH (Lower High)
633,2020-10-23 06:00:00,13002.0,12996.0,-0.046146746654360866,LH (Lower High)
634,2020-10-23 10:45:00,12996.0,13032.0,0.2770083102493075,HH (Higher High)
635,2020-10-24 03:00:00,13032.0,13008.0,-0.1841620626151013,LH (Lower High)
636,2020-10-24 15:00:00,13008.0,13162.0,1.1838868388683885,HH (Higher High)
637,2020-10-25 03:45:00,13162.0,13360.0,1.5043306488375627,HH (Higher High)
638,2020-10-25 13:15:00,13360.0,13018.0,-2.559880239520958,LH (Lower High)
639,2020-10-25 17:00:00,13018.0,13038.0,0.15363343063450607,HH (Higher High)
640,2020-10-26 05:30:00,13038.0,13144.0,0.8130081300813009,HH (Higher High)
641,2020-10-26 13:30:00,13144.0,13243.0,0.7531953743152769,HH (Higher High)
642,2020-10-27 00:30:00,13243.0,13120.5,-0.9250169901079816,LH (Lower High)
643,2020-10-27 05:00:00,13120.5,13132.0,0.08764909873861514,HH (Higher High)
644,2020-10-27 11:30:00,13132.0,13495.5,2.7680475175144688,HH (Higher High)
645,2020-10-27 18:00:00,13495.5,13742.0,1.8265347708495423,HH (Higher High)
646,2020-10-27 23:00:00,13742.0,13777.0,0.2546936399359627,HH (Higher High)
647,2020-10-28 02:45:00,13777.0,13858.0,0.5879364157654061,HH (Higher High)
648,2020-10-28 19:30:00,13858.0,13242.0,-4.445085870977053,LH (Lower High)
649,2020-10-29 00:15:00,13242.0,13290.0,0.3624830086089715,HH (Higher High)
650,2020-10-29 06:45:00,13290.0,13315.0,0.18811136192626035,HH (Higher High)
651,2020-10-29 17:45:00,13315.0,13622.0,2.3056702966579046,HH (Higher High)
652,2020-10-30 01:00:00,13622.0,13651.5,0.2165614447217736,HH (Higher High)
653,2020-10-30 11:45:00,13651.5,13362.0,-2.120646082848039,LH (Lower High)
654,2020-10-30 16:00:00,13362.0,13560.0,1.4818140996856757,HH (Higher High)
655,2020-10-30 20:45:00,13560.0,13655.0,0.7005899705014749,HH (Higher High)
656,2020-10-31 02:00:00,13655.0,13723.0,0.49798608568290004,HH (Higher High)
657,2020-10-31 10:00:00,13723.0,14120.0,2.892953435837645,HH (Higher High)
658,2020-11-01 00:00:00,14120.0,13875.0,-1.7351274787535411,LH (Lower High)
659,2020-11-01 08:00:00,13875.0,13793.5,-0.5873873873873874,LH (Lower High)
660,2020-11-01 15:00:00,13793.5,13841.5,0.34798999528763547,HH (Higher High)
661,2020-11-01 21:15:00,13841.5,13844.5,0.021673951522595093,HH (Higher High)
662,2020-11-02 00:30:00,13844.5,13818.5,-0.1878002094694644,LH (Lower High)
663,2020-11-02 06:30:00,13818.5,13741.0,-0.560842349024858,LH (Lower High)
664,2020-11-02 16:15:00,13741.0,13539.0,-1.4700531256822646,LH (Lower High)
665,2020-11-02 20:15:00,13539.0,13691.5,1.126375655513701,HH (Higher High)
666,2020-11-03 02:00:00,13691.5,13625.5,-0.48205090749735235,LH (Lower High)
667,2020-11-03 09:45:00,13625.5,13585.5,-0.29356720854280577,LH (Lower High)
668,2020-11-03 15:00:00,13585.5,13777.0,1.4095911081667956,HH (Higher High)
669,2020-11-03 18:15:00,13777.0,13756.0,-0.15242795964288308,LH (Lower High)
670,2020-11-03 23:30:00,13756.0,14058.5,2.199040418726374,HH (Higher High)
671,2020-11-04 03:45:00,14058.5,13944.5,-0.8108973219048974,LH (Lower High)
672,2020-11-04 17:15:00,13944.5,14249.0,2.183656638818172,HH (Higher High)
673,2020-11-04 22:30:00,14249.0,14234.0,-0.10527054530142467,LH (Lower High)
674,2020-11-05 08:00:00,14234.0,14549.5,2.216523816214697,HH (Higher High)
675,2020-11-05 16:00:00,14549.5,15308.5,5.216674112512457,HH (Higher High)
676,2020-11-06 01:00:00,15308.5,15976.0,4.360322696541137,HH (Higher High)
677,2020-11-06 07:15:00,15976.0,15781.0,-1.2205808713069604,LH (Lower High)
678,2020-11-06 13:45:00,15781.0,15720.0,-0.3865407768835942,LH (Lower High)
679,2020-11-07 01:30:00,15720.0,15757.5,0.2385496183206107,HH (Higher High)
680,2020-11-07 11:00:00,15757.5,15582.0,-1.113755354593051,LH (Lower High)
681,2020-11-08 02:00:00,15582.0,15120.5,-2.9617507380310615,LH (Lower High)
682,2020-11-08 05:45:00,15120.5,15077.0,-0.2876888991766145,LH (Lower High)
683,2020-11-08 18:00:00,15077.0,15650.0,3.8004908138223783,HH (Higher High)
684,2020-11-09 01:00:00,15650.0,15594.0,-0.35782747603833864,LH (Lower High)
685,2020-11-09 11:45:00,15594.0,15848.0,1.6288316018981661,HH (Higher High)
686,2020-11-09 20:30:00,15848.0,15477.5,-2.3378344270570417,LH (Lower High)
687,2020-11-10 02:00:00,15477.5,15428.0,-0.3198190922306574,LH (Lower High)
688,2020-11-10 05:15:00,15428.0,15446.5,0.11991184858698471,HH (Higher High)
689,2020-11-10 08:45:00,15446.5,15476.0,0.19098177580681708,HH (Higher High)
690,2020-11-11 00:45:00,15476.0,15506.0,0.19384853967433446,HH (Higher High)
691,2020-11-11 13:15:00,15506.0,15707.5,1.2994969689152587,HH (Higher High)
692,2020-11-11 18:00:00,15707.5,15989.0,1.7921375139264684,HH (Higher High)
693,2020-11-11 22:15:00,15989.0,15878.5,-0.6911001313402965,LH (Lower High)
694,2020-11-12 10:00:00,15878.5,16166.0,1.810624429259691,HH (Higher High)
695,2020-11-12 17:00:00,16166.0,16197.5,0.1948533960163306,HH (Higher High)
696,2020-11-13 02:00:00,16197.5,16464.5,1.6484025312548234,HH (Higher High)
697,2020-11-13 09:45:00,16464.5,16355.5,-0.6620304291050442,LH (Lower High)
698,2020-11-14 06:15:00,16355.5,16197.0,-0.9690929656690409,LH (Lower High)
699,2020-11-14 14:30:00,16197.0,16038.0,-0.9816632709761066,LH (Lower High)
700,2020-11-14 23:15:00,16038.0,16125.0,0.5424616535727647,HH (Higher High)
701,2020-11-15 08:30:00,16125.0,16149.5,0.15193798449612403,HH (Higher High)
702,2020-11-15 14:15:00,16149.5,16094.0,-0.3436638905229264,LH (Lower High)
703,2020-11-16 01:00:00,16094.0,16023.0,-0.44115819560084507,LH (Lower High)
704,2020-11-16 07:15:00,16023.0,16280.0,1.6039443300255882,HH (Higher High)
705,2020-11-16 11:00:00,16280.0,16379.5,0.6111793611793612,HH (Higher High)
706,2020-11-16 21:00:00,16379.5,16872.0,3.006807289599805,HH (Higher High)
707,2020-11-17 00:45:00,16872.0,16820.0,-0.3082029397818872,LH (Lower High)
708,2020-11-17 08:00:00,16820.0,16787.5,-0.19322235434007135,LH (Lower High)
709,2020-11-17 17:45:00,16787.5,17893.0,6.585256887565152,HH (Higher High)
710,2020-11-18 00:15:00,17893.0,17832.0,-0.3409154417928799,LH (Lower High)
711,2020-11-18 04:45:00,17832.0,18504.5,3.771310004486317,HH (Higher High)
712,2020-11-18 08:30:00,18504.5,18266.5,-1.2861736334405145,LH (Lower High)
713,2020-11-19 02:15:00,18266.5,18075.5,-1.0456299783757153,LH (Lower High)
714,2020-11-19 15:15:00,18075.5,18195.0,0.6611158750795275,HH (Higher High)
715,2020-11-19 21:15:00,18195.0,18127.0,-0.37372904644133004,LH (Lower High)
716,2020-11-20 07:15:00,18127.0,18439.0,1.7211893859987866,HH (Higher High)
717,2020-11-20 16:00:00,18439.0,18825.0,2.0933890124193284,HH (Higher High)
718,2020-11-21 02:15:00,18825.0,18981.5,0.8313413014608233,HH (Higher High)
719,2020-11-21 08:45:00,18981.5,18806.0,-0.9245844638200353,LH (Lower High)
720,2020-11-21 16:30:00,18806.0,18950.0,0.7657130702967139,HH (Higher High)
721,2020-11-22 00:15:00,18950.0,18775.0,-0.9234828496042217,LH (Lower High)
722,2020-11-22 20:15:00,18775.0,18710.0,-0.34620505992010653,LH (Lower High)
723,2020-11-23 10:30:00,18710.0,18804.0,0.5024051309460181,HH (Higher High)
724,2020-11-23 14:00:00,18804.0,18714.0,-0.4786215698787492,LH (Lower High)
725,2020-11-23 20:00:00,18714.0,18494.0,-1.175590467030031,LH (Lower High)
726,2020-11-24 01:15:00,18494.0,18540.0,0.24872931761652428,HH (Higher High)
727,2020-11-24 16:15:00,18540.0,19400.5,4.641316073354909,HH (Higher High)
728,2020-11-25 00:00:00,19400.5,19224.0,-0.9097703667431252,LH (Lower High)
729,2020-11-25 13:45:00,19224.0,19531.0,1.5969621306699957,HH (Higher High)
730,2020-11-25 19:15:00,19531.0,19124.0,-2.0838666734934206,LH (Lower High)
731,2020-11-26 11:15:00,19124.0,17417.0,-8.925956912779753,LH (Lower High)
732,2020-11-26 21:15:00,17417.0,17283.0,-0.7693632657748177,LH (Lower High)
733,2020-11-27 01:15:00,17283.0,17455.0,0.9951975930104727,HH (Higher High)
734,2020-11-27 05:45:00,17455.0,17337.5,-0.6731595531366371,LH (Lower High)
735,2020-11-27 13:00:00,17337.5,17068.0,-1.5544340302811825,LH (Lower High)
736,2020-11-27 20:45:00,17068.0,17122.5,0.3193109913288024,HH (Higher High)
737,2020-11-28 01:15:00,17122.5,17189.5,0.3912979997079865,HH (Higher High)
738,2020-11-28 07:15:00,17189.5,17056.5,-0.7737281479973239,LH (Lower High)
739,2020-11-28 10:45:00,17056.5,17245.5,1.1080819628880485,HH (Higher High)
740,2020-11-28 16:45:00,17245.5,17764.0,3.0065814270389377,HH (Higher High)
741,2020-11-28 20:00:00,17764.0,17860.0,0.5404188245890565,HH (Higher High)
742,2020-11-29 03:45:00,17860.0,17880.0,0.11198208286674133,HH (Higher High)
743,2020-11-29 14:00:00,17880.0,18178.5,1.6694630872483223,HH (Higher High)
744,2020-11-29 21:00:00,18178.5,18324.5,0.8031465742498005,HH (Higher High)
745,2020-11-30 07:00:00,18324.5,18660.5,1.8336107397200467,HH (Higher High)
746,2020-11-30 15:00:00,18660.5,19930.5,6.805819779748667,HH (Higher High)
747,2020-11-30 23:45:00,19930.5,19770.0,-0.8052984119816362,LH (Lower High)
748,2020-12-01 11:00:00,19770.0,19948.0,0.900354071825999,HH (Higher High)
749,2020-12-01 15:00:00,19948.0,19470.5,-2.3937236815720873,LH (Lower High)
750,2020-12-01 21:30:00,19470.5,19218.0,-1.2968336714516833,LH (Lower High)
751,2020-12-02 01:45:00,19218.0,18962.5,-1.3294827765636383,LH (Lower High)
752,2020-12-02 13:30:00,18962.5,19256.5,1.5504284772577455,HH (Higher High)
753,2020-12-03 00:00:00,19256.5,19299.0,0.22070469711525978,HH (Higher High)
754,2020-12-03 03:45:00,19299.0,19179.0,-0.621793875330328,LH (Lower High)
755,2020-12-03 08:15:00,19179.0,19473.5,1.5355336566035767,HH (Higher High)
756,2020-12-03 11:15:00,19473.5,19465.0,-0.043649061545176775,LH (Lower High)
757,2020-12-03 16:00:00,19465.0,19620.0,0.7963010531723606,HH (Higher High)
758,2020-12-03 23:00:00,19620.0,19542.5,-0.3950050968399592,LH (Lower High)
759,2020-12-04 08:30:00,19542.5,19446.5,-0.49123704746066266,LH (Lower High)
760,2020-12-04 14:15:00,19446.5,19139.0,-1.5812614095081376,LH (Lower High)
761,2020-12-04 18:45:00,19139.0,19073.5,-0.34223313652750925,LH (Lower High)
762,2020-12-05 08:30:00,19073.5,19183.0,0.5740949484887409,HH (Higher High)
763,2020-12-05 16:15:00,19183.0,19148.5,-0.17984673930042225,LH (Lower High)
764,2020-12-05 19:00:00,19148.5,19174.5,0.13578087056427396,HH (Higher High)
765,2020-12-06 01:15:00,19174.5,19342.0,0.873556024928942,HH (Higher High)
766,2020-12-06 07:15:00,19342.0,19259.5,-0.4265329335125633,LH (Lower High)
767,2020-12-06 11:45:00,19259.5,19095.0,-0.85412393883538,LH (Lower High)
768,2020-12-06 16:00:00,19095.0,19204.0,0.5708300602251898,HH (Higher High)
769,2020-12-07 00:00:00,19204.0,19431.0,1.182045407206832,HH (Higher High)
770,2020-12-07 07:45:00,19431.0,19399.0,-0.1646852966908548,LH (Lower High)
771,2020-12-07 15:15:00,19399.0,19262.0,-0.7062219702046497,LH (Lower High)
772,2020-12-08 01:00:00,19262.0,19235.0,-0.14017236008721834,LH (Lower High)
773,2020-12-08 14:00:00,19235.0,18967.0,-1.3932934754354043,LH (Lower High)
774,2020-12-08 17:45:00,18967.0,18931.0,-0.18980334264775664,LH (Lower High)
775,2020-12-09 14:00:00,18931.0,18504.0,-2.255559664043104,LH (Lower High)
776,2020-12-09 23:15:00,18504.0,18632.0,0.6917423259835711,HH (Higher High)
777,2020-12-10 04:30:00,18632.0,18482.0,-0.8050665521683126,LH (Lower High)
778,2020-12-10 09:30:00,18482.0,18468.0,-0.0757493777729683,LH (Lower High)
779,2020-12-10 20:15:00,18468.0,18425.5,-0.23012778860732078,LH (Lower High)
780,2020-12-11 04:15:00,18425.5,18034.0,-2.1247727334400697,LH (Lower High)
781,2020-12-11 08:15:00,18034.0,17983.0,-0.28279915714761006,LH (Lower High)
782,2020-12-11 15:45:00,17983.0,18116.0,0.7395873880887505,HH (Higher High)
783,2020-12-12 04:45:00,18116.0,18384.0,1.4793552660631486,HH (Higher High)
784,2020-12-12 12:00:00,18384.0,18499.0,0.6255439512619669,HH (Higher High)
785,2020-12-12 19:15:00,18499.0,18830.0,1.789285907346343,HH (Higher High)
786,2020-12-12 22:30:00,18830.0,18940.0,0.5841741901221456,HH (Higher High)
787,2020-12-13 13:15:00,18940.0,19422.5,2.547518479408659,HH (Higher High)
788,2020-12-13 16:15:00,19422.5,19395.5,-0.13901403011970653,LH (Lower High)
789,2020-12-14 03:00:00,19395.5,19339.5,-0.28872676651800677,LH (Lower High)
790,2020-12-14 09:00:00,19339.5,19258.5,-0.41883192430000776,LH (Lower High)
791,2020-12-14 15:00:00,19258.5,19306.5,0.2492405950619207,HH (Higher High)
792,2020-12-14 18:45:00,19306.5,19231.5,-0.3884702043353275,LH (Lower High)
793,2020-12-15 02:45:00,19231.5,19585.5,1.8407300522580141,HH (Higher High)
794,2020-12-15 07:45:00,19585.5,19227.5,-1.8278828725332517,LH (Lower High)
795,2020-12-15 20:00:00,19227.5,19533.0,1.588870107918346,HH (Higher High)
796,2020-12-16 02:15:00,19533.0,19472.0,-0.3122920186351303,LH (Lower High)
797,2020-12-16 16:30:00,19472.0,20887.5,7.269412489728841,HH (Higher High)
798,2020-12-17 03:00:00,20887.5,22210.0,6.331538001196887,HH (Higher High)
799,2020-12-17 09:15:00,22210.0,23893.0,7.577667717244485,HH (Higher High)
800,2020-12-17 17:00:00,23893.0,23729.0,-0.6863935043736659,LH (Lower High)
801,2020-12-18 02:30:00,23729.0,23266.5,-1.949091828564204,LH (Lower High)
802,2020-12-18 08:30:00,23266.5,23309.0,0.18266606494315862,HH (Higher High)
803,2020-12-18 18:15:00,23309.0,22824.0,-2.0807413445450256,LH (Lower High)
804,2020-12-19 03:00:00,22824.0,23240.5,1.8248335085874516,HH (Higher High)
805,2020-12-19 16:15:00,23240.5,24278.0,4.464189668896969,HH (Higher High)
806,2020-12-19 21:30:00,24278.0,24093.0,-0.76200675508691,LH (Lower High)
807,2020-12-20 08:30:00,24093.0,23795.5,-1.2347984891877308,LH (Lower High)
808,2020-12-20 15:45:00,23795.5,23931.0,0.5694353974490975,HH (Higher High)
809,2020-12-20 20:30:00,23931.0,24344.0,1.7257949939409136,HH (Higher High)
810,2020-12-21 04:15:00,24344.0,24124.5,-0.9016595465001643,LH (Lower High)
811,2020-12-21 08:00:00,24124.5,24082.5,-0.1740968724740409,LH (Lower High)
812,2020-12-21 16:45:00,24082.5,23300.0,-3.2492473788020346,LH (Lower High)
813,2020-12-21 22:15:00,23300.0,23238.5,-0.26394849785407726,LH (Lower High)
814,2020-12-22 04:00:00,23238.5,23070.0,-0.7250898293779718,LH (Lower High)
815,2020-12-22 14:00:00,23070.0,23641.5,2.477243172951886,HH (Higher High)
816,2020-12-22 18:30:00,23641.5,23530.0,-0.4716282807774464,LH (Lower High)
817,2020-12-23 01:00:00,23530.0,24064.0,2.2694432639184017,HH (Higher High)
818,2020-12-23 13:15:00,24064.0,24192.0,0.5319148936170213,HH (Higher High)
819,2020-12-23 18:45:00,24192.0,23677.5,-2.126736111111111,LH (Lower High)
820,2020-12-24 08:45:00,23677.5,23487.0,-0.8045612923661705,LH (Lower High)
821,2020-12-24 14:00:00,23487.0,23423.0,-0.2724911653254992,LH (Lower High)
822,2020-12-24 17:30:00,23423.0,23464.5,0.1771762797250566,HH (Higher High)
823,2020-12-25 00:00:00,23464.5,23812.5,1.4830914786166336,HH (Higher High)
824,2020-12-25 11:30:00,23812.5,24698.5,3.720734908136483,HH (Higher High)
825,2020-12-25 19:45:00,24698.5,24527.0,-0.694374152276454,LH (Lower High)
826,2020-12-25 23:00:00,24527.0,24809.0,1.1497533330615242,HH (Higher High)
827,2020-12-26 03:15:00,24809.0,25064.5,1.0298681929944777,HH (Higher High)
828,2020-12-26 08:30:00,25064.5,25009.0,-0.22142871391809135,LH (Lower High)
829,2020-12-26 17:15:00,25009.0,26044.0,4.138510136350914,HH (Higher High)
830,2020-12-26 21:45:00,26044.0,26919.0,3.359698970972201,HH (Higher High)
831,2020-12-27 01:00:00,26919.0,27023.5,0.38820164196292584,HH (Higher High)
832,2020-12-27 08:15:00,27023.5,27979.5,3.537661664847262,HH (Higher High)
833,2020-12-27 11:15:00,27979.5,28468.0,1.7459211208206007,HH (Higher High)
834,2020-12-27 14:15:00,28468.0,27820.5,-2.2744836307432905,LH (Lower High)
835,2020-12-27 19:15:00,27820.5,27304.5,-1.8547473985011054,LH (Lower High)
836,2020-12-28 01:30:00,27304.5,27373.0,0.2508743979930048,HH (Higher High)
837,2020-12-28 07:00:00,27373.0,27221.5,-0.5534650933401527,LH (Lower High)
838,2020-12-28 13:30:00,27221.5,27514.0,1.0745183035468289,HH (Higher High)
839,2020-12-28 23:45:00,27514.0,27154.0,-1.308424801919023,LH (Lower High)
840,2020-12-29 12:00:00,27154.0,27108.0,-0.1694041393533181,LH (Lower High)
841,2020-12-30 03:00:00,27108.0,28280.0,4.323446952929025,HH (Higher High)
842,2020-12-30 07:00:00,28280.0,28633.0,1.2482319660537482,HH (Higher High)
843,2020-12-30 15:00:00,28633.0,28336.0,-1.0372646945831734,LH (Lower High)
844,2020-12-30 20:45:00,28336.0,29034.0,2.463297571993224,HH (Higher High)
845,2020-12-31 00:15:00,29034.0,29357.0,1.1124888062271818,HH (Higher High)
846,2020-12-31 04:15:00,29357.0,29205.0,-0.5177640767108356,LH (Lower High)
847,2020-12-31 07:15:00,29205.0,29339.0,0.45882554357130634,HH (Higher High)
848,2020-12-31 15:45:00,29339.0,28789.0,-1.8746378540509219,LH (Lower High)
849,2020-12-31 21:30:00,28789.0,29152.0,1.2608982597519884,HH (Higher High)
850,2021-01-01 01:30:00,29152.0,29505.5,1.2126097694840834,HH (Higher High)
851,2021-01-01 12:30:00,29505.5,29673.5,0.5693853688295403,HH (Higher High)
852,2021-01-02 02:15:00,29673.5,29468.0,-0.6925371122381924,LH (Lower High)
853,2021-01-02 18:45:00,29468.0,33450.0,13.512963214334192,HH (Higher High)
854,2021-01-03 07:45:00,33450.0,34820.0,4.095665171898355,HH (Higher High)
855,2021-01-03 12:00:00,34820.0,34650.0,-0.48822515795519816,LH (Lower High)
856,2021-01-03 21:00:00,34650.0,33915.0,-2.1212121212121215,LH (Lower High)
857,2021-01-04 04:00:00,33915.0,33616.5,-0.880141530296329,LH (Lower High)
858,2021-01-04 15:00:00,33616.5,32139.5,-4.393675724718516,LH (Lower High)
859,2021-01-04 19:30:00,32139.5,31887.0,-0.7856376110393751,LH (Lower High)
860,2021-01-05 00:30:00,31887.0,32847.5,3.012199328880108,HH (Higher High)
861,2021-01-05 19:30:00,32847.5,34222.0,4.184488926097877,HH (Higher High)
862,2021-01-05 22:30:00,34222.0,34496.5,0.8021155981532347,HH (Higher High)
863,2021-01-06 04:15:00,34496.5,35867.0,3.972866812575189,HH (Higher High)
864,2021-01-06 11:15:00,35867.0,35338.0,-1.4748933560097024,LH (Lower High)
865,2021-01-07 00:30:00,35338.0,37395.5,5.822344218688098,HH (Higher High)
866,2021-01-07 03:30:00,37395.5,37739.5,0.9198967790242142,HH (Higher High)
867,2021-01-07 18:15:00,37739.5,40560.5,7.47492680083202,HH (Higher High)
868,2021-01-07 22:30:00,40560.5,40100.0,-1.1353410337643766,LH (Lower High)
869,2021-01-08 12:15:00,40100.0,41880.0,4.438902743142145,HH (Higher High)
870,2021-01-08 15:00:00,41880.0,42100.0,0.5253104106972302,HH (Higher High)
871,2021-01-09 00:15:00,42100.0,41040.5,-2.516627078384798,LH (Lower High)
872,2021-01-09 14:00:00,41040.5,41475.5,1.0599286071076133,HH (Higher High)
873,2021-01-09 19:15:00,41475.5,40917.0,-1.3465781003242878,LH (Lower High)
874,2021-01-10 01:45:00,40917.0,41363.5,1.0912334726397341,HH (Higher High)
875,2021-01-10 08:00:00,41363.5,41150.5,-0.5149467525717117,LH (Lower High)
876,2021-01-10 22:15:00,41150.5,39002.0,-5.2210787232232905,LH (Lower High)
877,2021-01-11 10:00:00,39002.0,36350.0,-6.799651299933336,LH (Lower High)
878,2021-01-11 23:45:00,36350.0,35562.0,-2.1678129298486932,LH (Lower High)
879,2021-01-12 07:30:00,35562.0,36672.0,3.121309262696136,HH (Higher High)
880,2021-01-12 18:15:00,36672.0,35527.5,-3.1209096858638743,LH (Lower High)
881,2021-01-12 22:00:00,35527.5,35049.0,-1.346843994089086,LH (Lower High)
882,2021-01-13 03:15:00,35049.0,34395.0,-1.865959085851237,LH (Lower High)
883,2021-01-13 07:45:00,34395.0,35203.0,2.3491786596889086,HH (Higher High)
884,2021-01-13 11:30:00,35203.0,35278.0,0.2130500241456694,HH (Higher High)
885,2021-01-13 14:15:00,35278.0,35140.0,-0.3911786382447984,LH (Lower High)
886,2021-01-14 00:00:00,35140.0,38226.5,8.783437677859988,HH (Higher High)
887,2021-01-14 08:15:00,38226.5,38777.5,1.4414084470197377,HH (Higher High)
888,2021-01-14 15:30:00,38777.5,40076.0,3.3485913222874086,HH (Higher High)
889,2021-01-14 20:00:00,40076.0,40007.5,-0.17092524204012374,LH (Lower High)
890,2021-01-15 00:30:00,40007.5,39763.0,-0.6111354121102294,LH (Lower High)
891,2021-01-15 10:00:00,39763.0,38794.0,-2.4369388627618638,LH (Lower High)
892,2021-01-16 01:15:00,38794.0,37626.5,-3.009486002990153,LH (Lower High)
893,2021-01-16 10:00:00,37626.5,37992.5,0.9727186956001754,HH (Higher High)
894,2021-01-16 15:30:00,37992.5,37761.0,-0.6093307889715075,LH (Lower High)
895,2021-01-17 02:00:00,37761.0,36733.5,-2.721061412568523,LH (Lower High)
896,2021-01-17 12:15:00,36733.5,35516.5,-3.3130521186383004,LH (Lower High)
897,2021-01-17 16:30:00,35516.5,36139.0,1.7527064885334984,HH (Higher High)
898,2021-01-17 21:30:00,36139.0,36841.5,1.943883339328703,HH (Higher High)
899,2021-01-18 09:00:00,36841.5,36649.5,-0.5211514189161679,LH (Lower High)
900,2021-01-18 12:15:00,36649.5,37489.0,2.2906178801893615,HH (Higher High)
901,2021-01-19 01:45:00,37489.0,37368.0,-0.32276134332737605,LH (Lower High)
902,2021-01-19 08:30:00,37368.0,37630.5,0.7024727039177906,HH (Higher High)
903,2021-01-19 16:00:00,37630.5,37920.0,0.769322756806314,HH (Higher High)
904,2021-01-19 22:45:00,37920.0,36789.5,-2.981276371308017,LH (Lower High)
905,2021-01-20 08:15:00,36789.5,35919.0,-2.3661642588238494,LH (Lower High)
906,2021-01-20 14:15:00,35919.0,35118.5,-2.2286255185277986,LH (Lower High)
907,2021-01-20 20:00:00,35118.5,35289.5,0.4869228469325284,HH (Higher High)
908,2021-01-20 23:30:00,35289.5,35648.0,1.015882911347568,HH (Higher High)
909,2021-01-21 04:30:00,35648.0,34920.0,-2.0421903052064634,LH (Lower High)
910,2021-01-21 07:30:00,34920.0,34980.0,0.1718213058419244,HH (Higher High)
911,2021-01-21 19:30:00,34980.0,32729.5,-6.4336763865065745,LH (Lower High)
912,2021-01-22 06:15:00,32729.5,32030.0,-2.1372156617119114,LH (Lower High)
913,2021-01-22 15:15:00,32030.0,32660.0,1.966906025600999,HH (Higher High)
914,2021-01-22 20:15:00,32660.0,33777.0,3.4200857317819966,HH (Higher High)
915,2021-01-23 06:00:00,33777.0,33445.0,-0.9829173698078574,LH (Lower High)
916,2021-01-23 22:00:00,33445.0,32530.0,-2.735834952907759,LH (Lower High)
917,2021-01-24 06:00:00,32530.0,33065.0,1.6446357208730402,HH (Higher High)
918,2021-01-24 12:00:00,33065.0,32925.0,-0.42340843792529864,LH (Lower High)
919,2021-01-25 04:00:00,32925.0,33785.0,2.611996962794229,HH (Higher High)
920,2021-01-25 06:45:00,33785.0,33582.0,-0.6008583690987125,LH (Lower High)
921,2021-01-25 14:00:00,33582.0,34820.0,3.6864987195521413,HH (Higher High)
922,2021-01-26 01:45:00,34820.0,32837.5,-5.693566915565767,LH (Lower High)
923,2021-01-26 10:15:00,32837.5,32444.0,-1.1983250856490293,LH (Lower High)
924,2021-01-26 19:00:00,32444.0,32386.5,-0.1772284551843176,LH (Lower High)
925,2021-01-26 23:00:00,32386.5,32895.0,1.5700986522162013,HH (Higher High)
926,2021-01-27 16:30:00,32895.0,30948.5,-5.917312661498708,LH (Lower High)
927,2021-01-27 21:00:00,30948.5,31683.5,2.3749131621887973,HH (Higher High)
928,2021-01-28 06:00:00,31683.5,31841.5,0.49868227941988735,HH (Higher High)
929,2021-01-29 00:30:00,31841.5,34344.5,7.86081057739114,HH (Higher High)
930,2021-01-29 09:30:00,34344.5,38276.0,11.447247739812779,HH (Higher High)
931,2021-01-29 13:45:00,38276.0,38632.0,0.9300867384261678,HH (Higher High)
932,2021-01-29 22:15:00,38632.0,35300.0,-8.624974114723544,LH (Lower High)
933,2021-01-30 09:00:00,35300.0,34430.0,-2.4645892351274785,LH (Lower High)
934,2021-01-30 15:45:00,34430.0,34490.0,0.17426662794074935,HH (Higher High)
935,2021-01-30 22:00:00,34490.0,34780.0,0.8408234270803132,HH (Higher High)
936,2021-01-31 12:30:00,34780.0,34208.0,-1.6446233467510063,LH (Lower High)
937,2021-02-01 09:00:00,34208.0,34680.5,1.381255846585594,HH (Higher High)
938,2021-02-01 19:30:00,34680.5,34073.0,-1.7517048485460127,LH (Lower High)
939,2021-02-02 00:15:00,34073.0,34184.0,0.32577113843805944,HH (Higher High)
940,2021-02-02 09:15:00,34184.0,35683.0,4.385092440908027,HH (Higher High)
941,2021-02-02 20:00:00,35683.0,36023.5,0.9542359106577362,HH (Higher High)
942,2021-02-03 01:00:00,36023.5,36357.0,0.9257845573028717,HH (Higher High)
943,2021-02-03 04:30:00,36357.0,36848.0,1.350496465604973,HH (Higher High)
944,2021-02-03 16:45:00,36848.0,37212.5,0.9891988710377768,HH (Higher High)
945,2021-02-04 01:45:00,37212.5,38320.0,2.9761504870675175,HH (Higher High)
946,2021-02-04 08:15:00,38320.0,38779.5,1.1991127348643005,HH (Higher High)
947,2021-02-04 11:30:00,38779.5,37938.5,-2.1686715919493547,LH (Lower High)
948,2021-02-04 20:00:00,37938.5,37810.0,-0.33870606376108703,LH (Lower High)
949,2021-02-05 08:00:00,37810.0,37818.5,0.0224808251785242,HH (Higher High)
950,2021-02-05 13:45:00,37818.5,38356.0,1.4212620807276861,HH (Higher High)
951,2021-02-06 03:15:00,38356.0,39697.5,3.497497132130566,HH (Higher High)
952,2021-02-06 16:00:00,39697.5,40950.0,3.1551105233327035,HH (Higher High)
953,2021-02-06 22:15:00,40950.0,40569.0,-0.9304029304029303,LH (Lower High)
954,2021-02-07 09:45:00,40569.0,39727.0,-2.07547634893638,LH (Lower High)
955,2021-02-08 00:00:00,39727.0,39124.0,-1.517859390339064,LH (Lower High)
956,2021-02-08 13:15:00,39124.0,44924.0,14.82466005520908,HH (Higher High)
957,2021-02-09 00:00:00,44924.0,47630.0,6.023506366307542,HH (Higher High)
958,2021-02-09 07:00:00,47630.0,48223.0,1.2450136468612218,HH (Higher High)
959,2021-02-09 20:30:00,48223.0,47537.0,-1.4225577006822472,LH (Lower High)
960,2021-02-10 10:15:00,47537.0,47444.0,-0.19563708269348087,LH (Lower High)
961,2021-02-10 20:00:00,47444.0,45259.5,-4.604375685018127,LH (Lower High)
962,2021-02-10 23:30:00,45259.5,45335.0,0.16681580662623316,HH (Higher High)
963,2021-02-11 04:00:00,45335.0,45700.0,0.8051174589169516,HH (Higher High)
964,2021-02-11 13:15:00,45700.0,48625.5,6.401531728665208,HH (Higher High)
965,2021-02-11 20:15:00,48625.5,48758.0,0.2724907713031229,HH (Higher High)
966,2021-02-12 00:00:00,48758.0,49179.5,0.8644735222937775,HH (Higher High)
967,2021-02-12 13:15:00,49179.5,48222.0,-1.9469494403155787,LH (Lower High)
968,2021-02-12 16:30:00,48222.0,48010.0,-0.4396333623657252,LH (Lower High)
969,2021-02-12 21:30:00,48010.0,48169.0,0.3311810039575089,HH (Higher High)
970,2021-02-13 03:00:00,48169.0,48206.5,0.0778508999564035,HH (Higher High)
971,2021-02-13 16:15:00,48206.5,47389.0,-1.6958294005995043,LH (Lower High)
972,2021-02-14 01:00:00,47389.0,47734.0,0.7280170503703391,HH (Higher High)
973,2021-02-14 06:00:00,47734.0,49474.0,3.6452004860267313,HH (Higher High)
974,2021-02-14 12:15:00,49474.0,49834.0,0.7276549298621499,HH (Higher High)
975,2021-02-14 22:15:00,49834.0,49394.0,-0.8829313320223141,LH (Lower High)
976,2021-02-15 17:15:00,49394.0,48784.0,-1.234967809855448,LH (Lower High)
977,2021-02-15 20:15:00,48784.0,48795.0,0.022548376516890786,HH (Higher High)
978,2021-02-16 04:15:00,48795.0,50223.0,2.926529357516139,HH (Higher High)
979,2021-02-16 08:00:00,50223.0,49441.0,-1.5570555323258268,LH (Lower High)
980,2021-02-16 12:30:00,49441.0,50844.5,2.8387370805606684,HH (Higher High)
981,2021-02-16 19:45:00,50844.5,48877.0,-3.8696417508285066,LH (Lower High)
982,2021-02-17 02:15:00,48877.0,50300.0,2.911389815250527,HH (Higher High)
983,2021-02-17 09:45:00,50300.0,51748.0,2.878727634194831,HH (Higher High)
984,2021-02-17 15:00:00,51748.0,51675.0,-0.14106825384555927,LH (Lower High)
985,2021-02-17 21:30:00,51675.0,52690.0,1.9641993226898888,HH (Higher High)
986,2021-02-18 00:15:00,52690.0,52589.5,-0.19073828050863542,LH (Lower High)
987,2021-02-18 14:30:00,52589.5,52313.5,-0.5248195932648152,LH (Lower High)
988,2021-02-18 18:30:00,52313.5,52241.0,-0.13858755388188518,LH (Lower High)
989,2021-02-18 21:30:00,52241.0,52216.5,-0.046898030282728126,LH (Lower High)
990,2021-02-19 09:15:00,52216.5,53011.0,1.5215497017226356,HH (Higher High)
991,2021-02-19 21:00:00,53011.0,56550.0,6.675972911282564,HH (Higher High)
992,2021-02-20 01:00:00,56550.0,56690.0,0.2475685234305924,HH (Higher High)
993,2021-02-20 12:45:00,56690.0,57667.0,1.723408008467102,HH (Higher High)
994,2021-02-20 17:00:00,57667.0,57540.5,-0.21936289385610488,LH (Lower High)
995,2021-02-21 05:15:00,57540.5,56937.0,-1.0488264787410606,LH (Lower High)
996,2021-02-21 10:15:00,56937.0,57899.5,1.6904648998015348,HH (Higher High)
997,2021-02-21 19:00:00,57899.5,58399.0,0.862701750446895,HH (Higher High)
998,2021-02-22 08:00:00,58399.0,56676.0,-2.9503929861812703,LH (Lower High)
999,2021-02-22 16:30:00,56676.0,53835.0,-5.0127037899640055,LH (Lower High)
1000,2021-02-22 22:00:00,53835.0,54938.0,2.0488529766880283,HH (Higher High)
1001,2021-02-23 13:15:00,54938.0,49581.0,-9.750992027376315,LH (Lower High)
1002,2021-02-24 04:15:00,49581.0,51302.0,3.471087715052137,HH (Higher High)
1003,2021-02-24 09:30:00,51302.0,51382.0,0.1559393395968968,HH (Higher High)
1004,2021-02-24 12:30:00,51382.0,51300.0,-0.1595889611147873,LH (Lower High)
1005,2021-02-24 16:00:00,51300.0,50120.0,-2.3001949317738792,LH (Lower High)
1006,2021-02-25 01:00:00,50120.0,50920.0,1.596169193934557,HH (Higher High)
1007,2021-02-25 06:45:00,50920.0,50580.0,-0.6677140612725845,LH (Lower High)
1008,2021-02-25 13:00:00,50580.0,52037.0,2.8805852115460655,HH (Higher High)
1009,2021-02-26 02:30:00,52037.0,47792.5,-8.156696196936796,LH (Lower High)
1010,2021-02-26 17:00:00,47792.5,48423.0,1.3192446513574307,HH (Higher High)
1011,2021-02-27 02:30:00,48423.0,48043.5,-0.7837184808871818,LH (Lower High)
1012,2021-02-27 06:30:00,48043.5,48373.5,0.6868775172499922,HH (Higher High)
1013,2021-02-27 12:30:00,48373.5,47862.0,-1.0573971285931345,LH (Lower High)
1014,2021-02-27 20:00:00,47862.0,47592.5,-0.5630771802264845,LH (Lower High)
1015,2021-03-01 02:15:00,47592.5,46781.5,-1.7040500078793925,LH (Lower High)
1016,2021-03-01 16:00:00,46781.5,49419.0,5.637912422645703,HH (Higher High)
1017,2021-03-02 09:45:00,49419.0,49286.0,-0.2691272587466359,LH (Lower High)
1018,2021-03-02 14:15:00,49286.0,49660.0,0.7588361806598223,HH (Higher High)
1019,2021-03-03 13:00:00,49660.0,52622.0,5.964559001208216,HH (Higher High)
1020,2021-03-03 18:00:00,52622.0,51636.5,-1.872790847934324,LH (Lower High)
1021,2021-03-03 22:00:00,51636.5,51340.0,-0.574206230089181,LH (Lower High)
1022,2021-03-04 02:00:00,51340.0,51800.0,0.8959875340864824,HH (Higher High)
1023,2021-03-04 08:15:00,51800.0,50756.5,-2.0144787644787643,LH (Lower High)
1024,2021-03-04 14:30:00,50756.5,50598.0,-0.31227527508791975,LH (Lower High)
1025,2021-03-04 23:30:00,50598.0,48710.0,-3.7313727815328672,LH (Lower High)
1026,2021-03-05 07:00:00,48710.0,47500.0,-2.484089509340998,LH (Lower High)
1027,2021-03-05 14:30:00,47500.0,48718.0,2.5642105263157893,HH (Higher High)
1028,2021-03-05 20:00:00,48718.0,49463.0,1.529208916622193,HH (Higher High)
1029,2021-03-05 22:45:00,49463.0,49400.0,-0.12736793158522533,LH (Lower High)
1030,2021-03-06 07:15:00,49400.0,49117.5,-0.5718623481781376,LH (Lower High)
1031,2021-03-07 03:00:00,49117.5,49890.0,1.572759199877844,HH (Higher High)
1032,2021-03-07 09:30:00,49890.0,51182.0,2.589697334135097,HH (Higher High)
1033,2021-03-07 14:00:00,51182.0,51298.0,0.22664217889101634,HH (Higher High)
1034,2021-03-07 16:45:00,51298.0,51374.5,0.14912862099886937,HH (Higher High)
1035,2021-03-08 01:00:00,51374.5,51866.5,0.9576735540005256,HH (Higher High)
1036,2021-03-08 06:00:00,51866.5,50958.5,-1.75064829899839,LH (Lower High)
1037,2021-03-08 14:45:00,50958.5,51283.0,0.6367926842430606,HH (Higher High)
1038,2021-03-08 20:45:00,51283.0,52017.5,1.432248503402687,HH (Higher High)
1039,2021-03-09 06:00:00,52017.5,54421.5,4.621521603306579,HH (Higher High)
1040,2021-03-09 10:00:00,54421.5,54392.5,-0.053287763108330354,LH (Lower High)
1041,2021-03-09 13:45:00,54392.5,54800.0,0.7491841706117571,HH (Higher High)
1042,2021-03-10 01:00:00,54800.0,55852.5,1.9206204379562042,HH (Higher High)
1043,2021-03-10 09:30:00,55852.5,55500.0,-0.6311266281724184,LH (Lower High)
1044,2021-03-10 19:15:00,55500.0,57425.0,3.4684684684684686,HH (Higher High)
1045,2021-03-10 22:00:00,57425.0,57249.5,-0.30561602089682194,LH (Lower High)
1046,2021-03-11 14:15:00,57249.5,57280.0,0.05327557445916558,HH (Higher High)
1047,2021-03-11 23:00:00,57280.0,58188.0,1.585195530726257,HH (Higher High)
1048,2021-03-12 06:00:00,58188.0,57451.0,-1.2665841754313603,LH (Lower High)
1049,2021-03-12 17:30:00,57451.0,57737.0,0.4978155297557919,HH (Higher High)
1050,2021-03-12 23:30:00,57737.0,57484.0,-0.43819387914162494,LH (Lower High)
1051,2021-03-13 12:15:00,57484.0,60548.5,5.33104863962146,HH (Higher High)
1052,2021-03-13 20:30:00,60548.5,61939.5,2.297331890963443,HH (Higher High)
1053,2021-03-14 00:15:00,61939.5,61775.5,-0.26477449769533173,LH (Lower High)
1054,2021-03-14 04:00:00,61775.5,61600.0,-0.28409320847261454,LH (Lower High)
1055,2021-03-14 09:30:00,61600.0,61175.0,-0.689935064935065,LH (Lower High)
1056,2021-03-14 23:15:00,61175.0,60743.0,-0.7061708214139764,LH (Lower High)
1057,2021-03-15 04:00:00,60743.0,60704.0,-0.06420492896300808,LH (Lower High)
1058,2021-03-15 14:00:00,60704.0,57280.0,-5.6404849762783345,LH (Lower High)
1059,2021-03-15 20:30:00,57280.0,56953.5,-0.5700069832402235,LH (Lower High)
1060,2021-03-16 09:30:00,56953.5,56378.0,-1.0104734564161992,LH (Lower High)
1061,2021-03-16 16:00:00,56378.0,56076.0,-0.535669942176026,LH (Lower High)
1062,2021-03-17 00:00:00,56076.0,57199.0,2.0026392752692774,HH (Higher High)
1063,2021-03-17 07:00:00,57199.0,56300.0,-1.5717057990524312,LH (Lower High)
1064,2021-03-17 12:45:00,56300.0,55411.5,-1.5781527531083483,LH (Lower High)
1065,2021-03-18 00:00:00,55411.5,59555.0,7.477689649260533,HH (Higher High)
1066,2021-03-18 10:00:00,59555.0,58679.5,-1.4700696834858533,LH (Lower High)
1067,2021-03-18 16:30:00,58679.5,60206.0,2.601419575831423,HH (Higher High)
1068,2021-03-19 09:00:00,60206.0,58858.0,-2.2389795037039497,LH (Lower High)
1069,2021-03-19 12:00:00,58858.0,59240.0,0.6490196744707601,HH (Higher High)
1070,2021-03-19 16:00:00,59240.0,59183.0,-0.0962187711006077,LH (Lower High)
1071,2021-03-19 20:15:00,59183.0,59477.0,0.4967642735244918,HH (Higher High)
1072,2021-03-20 02:00:00,59477.0,58925.0,-0.9280898498579283,LH (Lower High)
1073,2021-03-20 13:15:00,58925.0,59900.0,1.6546457361052185,HH (Higher High)
1074,2021-03-20 18:30:00,59900.0,59533.0,-0.6126878130217028,LH (Lower High)
1075,2021-03-21 15:15:00,59533.0,57509.0,-3.399795071640939,LH (Lower High)
1076,2021-03-21 22:00:00,57509.0,58086.5,1.0041906484202472,HH (Higher High)
1077,2021-03-22 06:45:00,58086.5,57896.5,-0.32709837914145284,LH (Lower High)
1078,2021-03-22 10:15:00,57896.5,58402.5,0.8739733835378649,HH (Higher High)
1079,2021-03-23 01:45:00,58402.5,55341.5,-5.241213989127178,LH (Lower High)
1080,2021-03-23 13:30:00,55341.5,55429.5,0.15901267584001155,HH (Higher High)
1081,2021-03-23 18:30:00,55429.5,55833.0,0.7279517224582578,HH (Higher High)
1082,2021-03-24 03:30:00,55833.0,54798.0,-1.85374241040245,LH (Lower High)
1083,2021-03-24 09:15:00,54798.0,56632.5,3.347749917880215,HH (Higher High)
1084,2021-03-24 13:30:00,56632.5,57150.0,0.9137862534763607,HH (Higher High)
1085,2021-03-25 06:00:00,57150.0,53261.0,-6.804899387576553,LH (Lower High)
1086,2021-03-25 11:00:00,53261.0,53123.5,-0.25816263307110265,LH (Lower High)
1087,2021-03-25 22:15:00,53123.5,52673.5,-0.8470827411597505,LH (Lower High)
1088,2021-03-26 08:00:00,52673.5,53760.0,2.0627070538316232,HH (Higher High)
1089,2021-03-26 16:30:00,53760.0,54000.0,0.4464285714285714,HH (Higher High)
1090,2021-03-27 00:15:00,54000.0,55500.0,2.7777777777777777,HH (Higher High)
1091,2021-03-27 05:45:00,55500.0,55300.0,-0.36036036036036034,LH (Lower High)
1092,2021-03-27 17:00:00,55300.0,56244.5,1.7079566003616635,HH (Higher High)
1093,2021-03-27 21:45:00,56244.5,56665.5,0.7485176328352106,HH (Higher High)
1094,2021-03-28 04:30:00,56665.5,56440.0,-0.39794936954584365,LH (Lower High)
1095,2021-03-28 09:00:00,56440.0,56511.0,0.12579730687455706,HH (Higher High)
1096,2021-03-28 16:00:00,56511.0,56494.5,-0.029197855284811808,LH (Lower High)
1097,2021-03-29 00:15:00,56494.5,55882.0,-1.0841763357494978,LH (Lower High)
1098,2021-03-29 12:00:00,55882.0,58450.0,4.59539744461544,HH (Higher High)
1099,2021-03-29 17:00:00,58450.0,58360.5,-0.15312232677502138,LH (Lower High)
1100,2021-03-29 22:00:00,58360.5,57958.5,-0.6888220628678644,LH (Lower High)
1101,2021-03-30 10:15:00,57958.5,59442.0,2.559590051502368,HH (Higher High)
1102,2021-03-30 18:00:00,59442.0,59183.5,-0.43487769590525216,LH (Lower High)
1103,2021-03-31 01:45:00,59183.5,59050.0,-0.2255696266695954,LH (Lower High)
1104,2021-03-31 06:45:00,59050.0,59855.0,1.363251481795089,HH (Higher High)
1105,2021-03-31 16:00:00,59855.0,59667.0,-0.3140923899423607,LH (Lower High)
1106,2021-03-31 19:15:00,59667.0,59600.0,-0.11228987547555601,LH (Lower High)
1107,2021-04-01 01:15:00,59600.0,59356.0,-0.4093959731543624,LH (Lower High)
1108,2021-04-01 08:15:00,59356.0,59496.0,0.2358649504683604,HH (Higher High)
1109,2021-04-01 15:15:00,59496.0,59229.0,-0.44876966518757566,LH (Lower High)
1110,2021-04-01 20:15:00,59229.0,59067.5,-0.27267048236505764,LH (Lower High)
1111,2021-04-01 23:00:00,59067.5,59075.0,0.012697337791509715,HH (Higher High)
1112,2021-04-02 02:30:00,59075.0,60300.0,2.073635209479475,HH (Higher High)
1113,2021-04-02 07:30:00,60300.0,59825.5,-0.786898839137645,LH (Lower High)
1114,2021-04-02 10:30:00,59825.5,59767.0,-0.09778438959975261,LH (Lower High)
1115,2021-04-02 15:00:00,59767.0,59697.0,-0.11712148844680176,LH (Lower High)
1116,2021-04-03 00:15:00,59697.0,59461.5,-0.3944921855369617,LH (Lower High)
1117,2021-04-03 05:15:00,59461.5,59548.0,0.14547228038310503,HH (Higher High)
1118,2021-04-03 08:00:00,59548.0,59863.0,0.5289850204876738,HH (Higher High)
1119,2021-04-03 14:00:00,59863.0,59522.5,-0.568798757162187,LH (Lower High)
1120,2021-04-04 04:00:00,59522.5,57728.0,-3.014826326179176,LH (Lower High)
1121,2021-04-04 15:15:00,57728.0,58428.0,1.2125831485587582,HH (Higher High)
1122,2021-04-05 00:00:00,58428.0,58398.0,-0.051345245430273155,LH (Lower High)
1123,2021-04-05 15:00:00,58398.0,59252.5,1.463235042295969,HH (Higher High)
1124,2021-04-05 19:15:00,59252.5,59118.0,-0.22699464157630478,LH (Lower High)
1125,2021-04-06 01:00:00,59118.0,59552.0,0.7341249703981867,HH (Higher High)
1126,2021-04-06 05:30:00,59552.0,59047.5,-0.8471587855991402,LH (Lower High)
1127,2021-04-06 12:15:00,59047.5,59136.0,0.149879334434142,HH (Higher High)
1128,2021-04-06 20:00:00,59136.0,58321.5,-1.3773336038961037,LH (Lower High)
1129,2021-04-07 00:15:00,58321.5,58221.0,-0.1723206707646408,LH (Lower High)
1130,2021-04-07 06:00:00,58221.0,58620.0,0.685319729994332,HH (Higher High)
1131,2021-04-07 14:30:00,58620.0,56899.0,-2.935858068918458,LH (Lower High)
1132,2021-04-07 22:30:00,56899.0,56525.0,-0.6573050492978787,LH (Lower High)
1133,2021-04-08 07:00:00,56525.0,57291.0,1.3551525873507297,HH (Higher High)
1134,2021-04-08 18:30:00,57291.0,58108.5,1.4269256951353615,HH (Higher High)
1135,2021-04-09 00:30:00,58108.5,58352.0,0.4190436855193302,HH (Higher High)
1136,2021-04-09 05:00:00,58352.0,58259.0,-0.15937757060597751,LH (Lower High)
1137,2021-04-09 11:30:00,58259.0,58861.0,1.0333167407610842,HH (Higher High)
1138,2021-04-09 20:00:00,58861.0,58590.5,-0.45955726202409064,LH (Lower High)
1139,2021-04-10 04:15:00,58590.5,61671.5,5.258531673223475,HH (Higher High)
1140,2021-04-10 10:15:00,61671.5,61076.5,-0.964789246248267,LH (Lower High)
1141,2021-04-10 16:00:00,61076.5,60661.0,-0.6802943849107267,LH (Lower High)
1142,2021-04-11 03:00:00,60661.0,60719.5,0.09643757933433342,HH (Higher High)
1143,2021-04-11 08:15:00,60719.5,60200.0,-0.8555735801513518,LH (Lower High)
1144,2021-04-11 19:15:00,60200.0,60272.5,0.12043189368770764,HH (Higher High)
1145,2021-04-12 00:00:00,60272.5,60418.5,0.24223319092455098,HH (Higher High)
1146,2021-04-12 04:00:00,60418.5,60623.0,0.33847248773140676,HH (Higher High)
1147,2021-04-12 07:30:00,60623.0,61324.0,1.1563268066575392,HH (Higher High)
1148,2021-04-12 13:15:00,61324.0,60610.0,-1.1643076120279172,LH (Lower High)
1149,2021-04-12 19:15:00,60610.0,60274.5,-0.5535390199637024,LH (Lower High)
1150,2021-04-13 03:00:00,60274.5,61090.0,1.3529767978166554,HH (Higher High)
1151,2021-04-13 09:45:00,61090.0,63378.0,3.7452938287772137,HH (Higher High)
1152,2021-04-13 16:00:00,63378.0,63761.5,0.6050995613619868,HH (Higher High)
1153,2021-04-14 00:00:00,63761.5,63934.5,0.2713236043694079,HH (Higher High)
1154,2021-04-14 06:00:00,63934.5,64943.5,1.578177666205257,HH (Higher High)
1155,2021-04-14 11:30:00,64943.5,64900.0,-0.06698129912924311,LH (Lower High)
1156,2021-04-14 17:30:00,64900.0,63860.5,-1.6016949152542375,LH (Lower High)
1157,2021-04-15 00:00:00,63860.5,63379.0,-0.7539872064891443,LH (Lower High)
1158,2021-04-15 04:15:00,63379.0,63437.0,0.09151296170655895,HH (Higher High)
1159,2021-04-15 13:45:00,63437.0,63104.5,-0.524142062203446,LH (Lower High)
1160,2021-04-15 21:30:00,63104.5,63846.0,1.1750350608910616,HH (Higher High)
1161,2021-04-16 00:45:00,63846.0,63565.0,-0.44012154246154805,LH (Lower High)
1162,2021-04-17 09:00:00,63565.0,62490.0,-1.6911822543852748,LH (Lower High)
1163,2021-04-17 14:00:00,62490.0,61330.0,-1.8562970075212033,LH (Lower High)
1164,2021-04-17 21:30:00,61330.0,61022.5,-0.5013859448883091,LH (Lower High)
1165,2021-04-18 08:00:00,61022.5,56442.0,-7.506247695522143,LH (Lower High)
1166,2021-04-18 16:15:00,56442.0,55947.0,-0.8770064845327947,LH (Lower High)
1167,2021-04-19 03:45:00,55947.0,57221.0,2.2771551647094572,HH (Higher High)
1168,2021-04-19 08:00:00,57221.0,57436.0,0.3757361807727932,HH (Higher High)
1169,2021-04-19 11:45:00,57436.0,57310.5,-0.2185040740998677,LH (Lower High)
1170,2021-04-19 21:45:00,57310.5,56539.0,-1.34617565716579,LH (Lower High)
1171,2021-04-20 05:00:00,56539.0,55412.0,-1.9933143493871486,LH (Lower High)
1172,2021-04-20 14:00:00,55412.0,56428.5,1.8344401934599002,HH (Higher High)
1173,2021-04-20 22:00:00,56428.5,57005.5,1.0225329399151137,HH (Higher High)
1174,2021-04-21 06:15:00,57005.5,55837.0,-2.0498022120672568,LH (Lower High)
1175,2021-04-21 14:30:00,55837.0,56316.0,0.8578541110733027,HH (Higher High)
1176,2021-04-22 01:15:00,56316.0,54632.0,-2.990269195255345,LH (Lower High)
1177,2021-04-22 06:15:00,54632.0,54823.0,0.3496119490408552,HH (Higher High)
1178,2021-04-22 12:30:00,54823.0,55444.0,1.1327362603286941,HH (Higher High)
1179,2021-04-22 16:15:00,55444.0,55147.5,-0.5347738258422914,LH (Lower High)
1180,2021-04-23 12:00:00,55147.5,50240.5,-8.897955483022804,LH (Lower High)
1181,2021-04-23 20:30:00,50240.5,51225.5,1.9605696599357094,HH (Higher High)
1182,2021-04-24 00:00:00,51225.5,51138.0,-0.17081336443763362,LH (Lower High)
1183,2021-04-24 04:45:00,51138.0,50597.0,-1.0579217020610896,LH (Lower High)
1184,2021-04-24 12:45:00,50597.0,49763.5,-1.6473308694191355,LH (Lower High)
1185,2021-04-25 02:15:00,49763.5,50457.5,1.3945964411667187,HH (Higher High)
1186,2021-04-25 08:45:00,50457.5,50269.0,-0.3735817271961552,LH (Lower High)
1187,2021-04-25 15:15:00,50269.0,50505.0,0.4694742286498637,HH (Higher High)
1188,2021-04-26 06:45:00,50505.0,52999.0,4.938124938124938,HH (Higher High)
1189,2021-04-26 12:30:00,52999.0,53849.0,1.603803845355573,HH (Higher High)
1190,2021-04-26 17:15:00,53849.0,54327.5,0.8885958885030363,HH (Higher High)
1191,2021-04-26 22:15:00,54327.5,54246.0,-0.15001610602365284,LH (Lower High)
1192,2021-04-27 08:15:00,54246.0,54950.0,1.2977915422335289,HH (Higher High)
1193,2021-04-27 11:45:00,54950.0,55184.0,0.42584167424931757,HH (Higher High)
1194,2021-04-27 15:45:00,55184.0,55279.0,0.17215134821687447,HH (Higher High)
1195,2021-04-27 21:45:00,55279.0,55400.0,0.21888963259103822,HH (Higher High)
1196,2021-04-28 01:15:00,55400.0,55677.0,0.5,HH (Higher High)
1197,2021-04-28 12:00:00,55677.0,55255.0,-0.7579431363040394,LH (Lower High)
1198,2021-04-28 20:00:00,55255.0,56457.0,2.175368744909963,HH (Higher High)
1199,2021-04-29 00:00:00,56457.0,55178.0,-2.2654409550631454,LH (Lower High)
1200,2021-04-29 06:30:00,55178.0,54487.5,-1.2514045452897895,LH (Lower High)
1201,2021-04-29 09:30:00,54487.5,54727.5,0.440467997247075,HH (Higher High)
1202,2021-04-30 00:30:00,54727.5,53790.0,-1.7130327531862408,LH (Lower High)
1203,2021-04-30 09:00:00,53790.0,54783.5,1.846997583193902,HH (Higher High)
1204,2021-04-30 16:00:00,54783.5,57303.0,4.5990124763843125,HH (Higher High)
1205,2021-05-01 01:45:00,57303.0,58427.0,1.9615028881559429,HH (Higher High)
1206,2021-05-01 05:15:00,58427.0,58438.5,0.01968268095229945,HH (Higher High)
1207,2021-05-01 12:00:00,58438.5,58077.5,-0.6177434396844546,LH (Lower High)
1208,2021-05-01 19:15:00,58077.5,58034.5,-0.07403899961258663,LH (Lower High)
1209,2021-05-01 23:30:00,58034.5,57968.0,-0.11458701289750062,LH (Lower High)
1210,2021-05-02 02:45:00,57968.0,57733.0,-0.405396080596191,LH (Lower High)
1211,2021-05-02 12:00:00,57733.0,57300.0,-0.7500043302790432,LH (Lower High)
1212,2021-05-02 14:45:00,57300.0,57000.0,-0.5235602094240838,LH (Lower High)
1213,2021-05-02 21:00:00,57000.0,57160.0,0.2807017543859649,HH (Higher High)
1214,2021-05-03 01:30:00,57160.0,58359.5,2.098495451364591,HH (Higher High)
1215,2021-05-03 08:30:00,58359.5,58996.0,1.0906536210899682,HH (Higher High)
1216,2021-05-03 11:30:00,58996.0,58959.0,-0.06271611634687096,LH (Lower High)
1217,2021-05-03 17:30:00,58959.0,58190.0,-1.304296205837955,LH (Lower High)
1218,2021-05-03 23:30:00,58190.0,57478.5,-1.222718680185599,LH (Lower High)
1219,2021-05-04 10:15:00,57478.5,56635.5,-1.4666353506093581,LH (Lower High)
1220,2021-05-04 20:45:00,56635.5,54850.5,-3.1517334533993697,LH (Lower High)
1221,2021-05-05 02:15:00,54850.5,55434.0,1.0638006946153638,HH (Higher High)
1222,2021-05-05 16:00:00,55434.0,57865.0,4.385395244795612,HH (Higher High)
1223,2021-05-05 22:30:00,57865.0,57650.0,-0.3715544802557677,LH (Lower High)
1224,2021-05-06 04:30:00,57650.0,57627.5,-0.03902862098872507,LH (Lower High)
1225,2021-05-06 10:15:00,57627.5,58396.0,1.333564704351221,HH (Higher High)
1226,2021-05-07 00:15:00,58396.0,57083.5,-2.2475854510582916,LH (Lower High)
1227,2021-05-07 13:00:00,57083.5,57653.0,0.997661320696874,HH (Higher High)
1228,2021-05-07 17:00:00,57653.0,58735.0,1.8767453558357763,HH (Higher High)
1229,2021-05-08 04:15:00,58735.0,58619.0,-0.19749723333617095,LH (Lower High)
1230,2021-05-08 08:15:00,58619.0,59396.0,1.3255087940770058,HH (Higher High)
1231,2021-05-08 13:30:00,59396.0,59455.0,0.09933328843693177,HH (Higher High)
1232,2021-05-08 20:30:00,59455.0,59526.0,0.11941804726263561,HH (Higher High)
1233,2021-05-09 01:45:00,59526.0,59274.0,-0.42334442092530994,LH (Lower High)
1234,2021-05-09 16:15:00,59274.0,57909.5,-2.3020211222458413,LH (Lower High)
1235,2021-05-10 04:00:00,57909.5,59586.0,2.895034493476891,HH (Higher High)
1236,2021-05-10 16:00:00,59586.0,58680.0,-1.5204913905951063,LH (Lower High)
1237,2021-05-11 00:15:00,58680.0,56400.0,-3.885480572597137,LH (Lower High)
1238,2021-05-11 10:15:00,56400.0,56201.0,-0.3528368794326241,LH (Lower High)
1239,2021-05-11 21:00:00,56201.0,56843.0,1.1423284283197808,HH (Higher High)
1240,2021-05-12 04:15:00,56843.0,57929.5,1.9114050982530832,HH (Higher High)
1241,2021-05-12 13:45:00,57929.5,56906.0,-1.7668027516205043,LH (Lower High)
1242,2021-05-13 07:00:00,56906.0,51318.5,-9.818824025586053,LH (Lower High)
1243,2021-05-13 14:00:00,51318.5,50866.0,-0.8817482973976246,LH (Lower High)
1244,2021-05-14 01:15:00,50866.0,50380.0,-0.9554515786576494,LH (Lower High)
1245,2021-05-14 11:00:00,50380.0,50959.0,1.149265581579992,HH (Higher High)
1246,2021-05-14 15:15:00,50959.0,51471.0,1.004729292176063,HH (Higher High)
1247,2021-05-15 01:45:00,51471.0,50688.0,-1.5212449728973596,LH (Lower High)
1248,2021-05-15 15:00:00,50688.0,49575.0,-2.195785984848485,LH (Lower High)
1249,2021-05-15 21:30:00,49575.0,48758.0,-1.648008068582955,LH (Lower High)
1250,2021-05-16 06:15:00,48758.0,49493.5,1.5084704048566389,HH (Higher High)
1251,2021-05-16 10:45:00,49493.5,49798.0,0.6152323032317375,HH (Higher High)
1252,2021-05-16 14:15:00,49798.0,49301.0,-0.9980320494798988,LH (Lower High)
1253,2021-05-17 00:00:00,49301.0,46629.0,-5.419768361696517,LH (Lower High)
1254,2021-05-17 12:00:00,46629.0,45788.0,-1.803598618885243,LH (Lower High)
1255,2021-05-17 20:45:00,45788.0,44939.0,-1.8541976063597447,LH (Lower High)
1256,2021-05-18 01:15:00,44939.0,45290.0,0.7810587685529273,HH (Higher High)
1257,2021-05-18 06:00:00,45290.0,45815.0,1.1591962905718702,HH (Higher High)
1258,2021-05-18 11:45:00,45815.0,45662.5,-0.33286041689403034,LH (Lower High)
1259,2021-05-18 17:30:00,45662.5,43840.0,-3.9912400766493294,LH (Lower High)
1260,2021-05-19 00:00:00,43840.0,43598.5,-0.550866788321168,LH (Lower High)
1261,2021-05-19 08:45:00,43598.5,40790.0,-6.441735380804385,LH (Lower High)
1262,2021-05-19 17:00:00,40790.0,40555.0,-0.576121598430988,LH (Lower High)
1263,2021-05-19 20:00:00,40555.0,40192.0,-0.895080754530884,LH (Lower High)
1264,2021-05-20 07:15:00,40192.0,40765.5,1.4269008757961783,HH (Higher High)
1265,2021-05-20 13:15:00,40765.5,42400.0,4.0095178521053345,HH (Higher High)
1266,2021-05-21 00:30:00,42400.0,42215.0,-0.4363207547169811,LH (Lower High)
1267,2021-05-21 06:45:00,42215.0,40763.5,-3.43835129693237,LH (Lower High)
1268,2021-05-21 14:00:00,40763.5,41686.5,2.2642805450954895,HH (Higher High)
1269,2021-05-22 02:15:00,41686.5,38086.0,-8.63708874575702,LH (Lower High)
1270,2021-05-22 10:45:00,38086.0,38799.5,1.8733917975108965,HH (Higher High)
1271,2021-05-22 13:30:00,38799.5,38799.0,-0.0012886764004690781,LH (Lower High)
1272,2021-05-22 21:45:00,38799.0,38328.5,-1.2126601201061884,LH (Lower High)
1273,2021-05-23 00:45:00,38328.5,38230.0,-0.2569889246905045,LH (Lower High)
1274,2021-05-24 00:15:00,38230.0,35675.5,-6.6819251896416425,LH (Lower High)
1275,2021-05-24 03:15:00,35675.5,35889.0,0.5984499166094379,HH (Higher High)
1276,2021-05-24 07:45:00,35889.0,36875.5,2.7487530998356045,HH (Higher High)
1277,2021-05-24 12:30:00,36875.5,38601.0,4.679258586324253,HH (Higher High)
1278,2021-05-24 20:00:00,38601.0,39882.5,3.319862179736276,HH (Higher High)
1279,2021-05-25 00:30:00,39882.5,39800.0,-0.20685764433022005,LH (Lower High)
1280,2021-05-25 06:45:00,39800.0,39184.0,-1.5477386934673367,LH (Lower High)
1281,2021-05-25 15:30:00,39184.0,38480.0,-1.796651694569212,LH (Lower High)
1282,2021-05-25 22:45:00,38480.0,38728.5,0.6457900207900208,HH (Higher High)
1283,2021-05-26 08:00:00,38728.5,40871.0,5.5321016822236855,HH (Higher High)
1284,2021-05-26 23:45:00,40871.0,39428.0,-3.5306207335274395,LH (Lower High)
1285,2021-05-27 13:15:00,39428.0,40376.5,2.405650806533428,HH (Higher High)
1286,2021-05-27 21:30:00,40376.5,39150.0,-3.0376580436640124,LH (Lower High)
1287,2021-05-28 13:00:00,39150.0,37238.5,-4.882503192848021,LH (Lower High)
1288,2021-05-28 19:00:00,37238.5,36562.0,-1.8166682331458035,LH (Lower High)
1289,2021-05-29 05:15:00,36562.0,37312.0,2.051310103386029,HH (Higher High)
1290,2021-05-29 23:30:00,37312.0,35081.0,-5.979309605488851,LH (Lower High)
1291,2021-05-30 07:30:00,35081.0,36182.0,3.1384510133690604,HH (Higher High)
1292,2021-05-30 12:00:00,36182.0,36446.5,0.7310264772538831,HH (Higher High)
1293,2021-05-30 20:15:00,36446.5,36310.0,-0.3745215589974346,LH (Lower High)
1294,2021-05-31 12:00:00,36310.0,37200.0,2.4511153952079314,HH (Higher High)
1295,2021-05-31 16:15:00,37200.0,37396.0,0.5268817204301075,HH (Higher High)
1296,2021-06-01 00:45:00,37396.0,37864.0,1.2514707455342817,HH (Higher High)
1297,2021-06-01 06:00:00,37864.0,37433.0,-1.1382843862243819,LH (Lower High)
1298,2021-06-01 13:30:00,37433.0,37387.0,-0.12288622338578259,LH (Lower High)
1299,2021-06-02 00:00:00,37387.0,36858.0,-1.414930323374435,LH (Lower High)
1300,2021-06-02 09:00:00,36858.0,37499.0,1.7391068424765317,HH (Higher High)
1301,2021-06-02 15:15:00,37499.0,38198.0,1.864049707992213,HH (Higher High)
1302,2021-06-03 00:00:00,38198.0,37860.0,-0.8848630818367453,LH (Lower High)
1303,2021-06-03 10:15:00,37860.0,39440.0,4.173269941891178,HH (Higher High)
1304,2021-06-03 17:15:00,39440.0,38968.5,-1.1954868154158214,LH (Lower High)
1305,2021-06-04 00:00:00,38968.5,39265.5,0.7621540474999038,HH (Higher High)
1306,2021-06-04 10:00:00,39265.5,37044.5,-5.6563650023557575,LH (Lower High)
1307,2021-06-04 12:45:00,37044.5,37100.0,0.14981981130802144,HH (Higher High)
1308,2021-06-04 17:15:00,37100.0,37220.5,0.3247978436657682,HH (Higher High)
1309,2021-06-04 21:15:00,37220.5,37232.5,0.032240297685415295,HH (Higher High)
1310,2021-06-05 01:45:00,37232.5,37800.0,1.524206002820117,HH (Higher High)
1311,2021-06-05 07:15:00,37800.0,37867.0,0.17724867724867724,HH (Higher High)
1312,2021-06-05 15:45:00,37867.0,36420.0,-3.821269178968495,LH (Lower High)
1313,2021-06-06 01:45:00,36420.0,36243.0,-0.485996705107084,LH (Lower High)
1314,2021-06-06 06:00:00,36243.0,36447.0,0.5628673123085838,HH (Higher High)
1315,2021-06-06 09:00:00,36447.0,36370.0,-0.21126567344363048,LH (Lower High)
1316,2021-06-06 15:00:00,36370.0,36435.0,0.17871872422326093,HH (Higher High)
1317,2021-06-07 01:45:00,36435.0,36763.0,0.9002332921641278,HH (Higher High)
1318,2021-06-07 12:30:00,36763.0,36784.0,0.05712265049098278,HH (Higher High)
1319,2021-06-08 08:15:00,36784.0,33324.5,-9.404904306220095,LH (Lower High)
1320,2021-06-08 11:45:00,33324.5,33200.0,-0.37359900373599003,LH (Lower High)
1321,2021-06-08 20:45:00,33200.0,33831.5,1.9021084337349399,HH (Higher High)
1322,2021-06-09 07:00:00,33831.5,34458.5,1.8533023956963186,HH (Higher High)
1323,2021-06-09 12:00:00,34458.5,35327.0,2.520423117663276,HH (Higher High)
1324,2021-06-09 17:15:00,35327.0,37018.5,4.788122399297987,HH (Higher High)
1325,2021-06-10 00:00:00,37018.5,37699.0,1.838270054162108,HH (Higher High)
1326,2021-06-10 03:15:00,37699.0,37431.0,-0.7108941881747526,LH (Lower High)
1327,2021-06-10 10:00:00,37431.0,38440.5,2.6969624108359382,HH (Higher High)
1328,2021-06-10 14:00:00,38440.5,38175.0,-0.6906778007570141,LH (Lower High)
1329,2021-06-11 00:00:00,38175.0,37240.0,-2.4492468893254746,LH (Lower High)
1330,2021-06-11 05:15:00,37240.0,37350.0,0.2953813104189044,HH (Higher High)
1331,2021-06-11 10:30:00,37350.0,37656.5,0.8206157965194109,HH (Higher High)
1332,2021-06-11 22:30:00,37656.5,37459.0,-0.5244778457902355,LH (Lower High)
1333,2021-06-12 07:00:00,37459.0,35550.0,-5.09623855415254,LH (Lower High)
1334,2021-06-12 12:30:00,35550.0,36180.0,1.7721518987341773,HH (Higher High)
1335,2021-06-12 20:45:00,36180.0,36072.0,-0.2985074626865672,LH (Lower High)
1336,2021-06-13 01:00:00,36072.0,35875.0,-0.546129962297627,LH (Lower High)
1337,2021-06-13 12:00:00,35875.0,36100.5,0.6285714285714286,HH (Higher High)
1338,2021-06-13 20:45:00,36100.5,39372.0,9.062201354551876,HH (Higher High)
1339,2021-06-14 01:30:00,39372.0,39815.0,1.1251650919435132,HH (Higher High)
1340,2021-06-14 06:45:00,39815.0,39732.0,-0.20846414667838753,LH (Lower High)
1341,2021-06-14 14:15:00,39732.0,40995.0,3.1787979462398064,HH (Higher High)
1342,2021-06-15 00:15:00,40995.0,40832.0,-0.3976094645688499,LH (Lower High)
1343,2021-06-15 03:45:00,40832.0,40576.0,-0.6269592476489028,LH (Lower High)
1344,2021-06-15 12:45:00,40576.0,40434.0,-0.34996056782334384,LH (Lower High)
1345,2021-06-15 18:00:00,40434.0,41300.0,2.141761883563338,HH (Higher High)
1346,2021-06-15 23:15:00,41300.0,40341.0,-2.3220338983050848,LH (Lower High)
1347,2021-06-16 06:15:00,40341.0,40471.5,0.323492228749907,HH (Higher High)
1348,2021-06-16 18:00:00,40471.5,39691.0,-1.9285175988040966,LH (Lower High)
1349,2021-06-17 09:45:00,39691.0,39532.5,-0.3993348618074626,LH (Lower High)
1350,2021-06-17 15:45:00,39532.5,39167.5,-0.9232909631316005,LH (Lower High)
1351,2021-06-18 00:15:00,39167.5,38223.0,-2.4114380545094787,LH (Lower High)
1352,2021-06-18 04:30:00,38223.0,38100.0,-0.32179577741150617,LH (Lower High)
1353,2021-06-18 11:00:00,38100.0,38006.0,-0.24671916010498687,LH (Lower High)
1354,2021-06-19 01:15:00,38006.0,36270.0,-4.567699836867863,LH (Lower High)
1355,2021-06-19 08:30:00,36270.0,35911.0,-0.9897987317342156,LH (Lower High)
1356,2021-06-19 12:15:00,35911.0,36425.0,1.43131630976581,HH (Higher High)
1357,2021-06-19 15:00:00,36425.0,36318.5,-0.2923816060398078,LH (Lower High)
1358,2021-06-19 20:45:00,36318.5,36155.5,-0.4488070817902722,LH (Lower High)
1359,2021-06-20 05:15:00,36155.5,35889.0,-0.7370939414473593,LH (Lower High)
1360,2021-06-20 20:30:00,35889.0,36149.0,0.7244559614366519,HH (Higher High)
1361,2021-06-21 09:00:00,36149.0,33529.0,-7.24778002157736,LH (Lower High)
1362,2021-06-21 14:00:00,33529.0,33189.0,-1.0140475409347132,LH (Lower High)
1363,2021-06-21 18:45:00,33189.0,32898.0,-0.8767965289704421,LH (Lower High)
1364,2021-06-22 03:30:00,32898.0,33232.0,1.0152592862788012,HH (Higher High)
1365,2021-06-23 01:00:00,33232.0,34372.0,3.4304285026480503,HH (Higher High)
1366,2021-06-23 06:00:00,34372.0,34355.5,-0.04800418945653439,LH (Lower High)
1367,2021-06-23 13:00:00,34355.5,34794.5,1.27781577913289,HH (Higher High)
1368,2021-06-23 21:15:00,34794.5,33737.0,-3.039273448389832,LH (Lower High)
1369,2021-06-24 00:00:00,33737.0,33836.5,0.2949284168716839,HH (Higher High)
1370,2021-06-24 12:00:00,33836.5,34225.0,1.1481683980317114,HH (Higher High)
1371,2021-06-24 18:00:00,34225.0,35300.0,3.1409788166544925,HH (Higher High)
1372,2021-06-25 02:15:00,35300.0,35466.0,0.4702549575070821,HH (Higher High)
1373,2021-06-25 19:15:00,35466.0,32482.0,-8.413691986691479,LH (Lower High)
1374,2021-06-26 00:30:00,32482.0,32182.0,-0.9235884489871313,LH (Lower High)
1375,2021-06-26 05:00:00,32182.0,32700.0,1.6095954260145422,HH (Higher High)
1376,2021-06-26 12:15:00,32700.0,31975.0,-2.217125382262997,LH (Lower High)
1377,2021-06-26 18:00:00,31975.0,31888.0,-0.2720875684128225,LH (Lower High)
1378,2021-06-27 04:00:00,31888.0,33297.0,4.418590065228299,HH (Higher High)
1379,2021-06-27 07:45:00,33297.0,33400.0,0.3093371775235006,HH (Higher High)
1380,2021-06-27 12:30:00,33400.0,33549.0,0.4461077844311377,HH (Higher High)
1381,2021-06-27 16:00:00,33549.0,33372.0,-0.5275865152463561,LH (Lower High)
1382,2021-06-28 00:30:00,33372.0,34976.0,4.8064245475248715,HH (Higher High)
1383,2021-06-28 07:45:00,34976.0,35223.0,0.7061985361390668,HH (Higher High)
1384,2021-06-28 16:00:00,35223.0,34981.0,-0.6870510745819493,LH (Lower High)
1385,2021-06-28 21:45:00,34981.0,34794.0,-0.5345759126382893,LH (Lower High)
1386,2021-06-29 00:30:00,34794.0,35142.5,1.0016094728976261,HH (Higher High)
1387,2021-06-29 07:00:00,35142.5,35400.0,0.7327310236892651,HH (Higher High)
1388,2021-06-29 17:30:00,35400.0,36573.0,3.313559322033898,HH (Higher High)
1389,2021-06-30 08:30:00,36573.0,35320.0,-3.4260246630027615,LH (Lower High)
1390,2021-06-30 12:00:00,35320.0,34986.5,-0.9442242355605889,LH (Lower High)
1391,2021-06-30 20:00:00,34986.5,35050.5,0.18292770068454975,HH (Higher High)
1392,2021-06-30 23:45:00,35050.5,35173.5,0.3509222407668935,HH (Higher High)
1393,2021-07-01 06:00:00,35173.5,34450.0,-2.0569462805805507,LH (Lower High)
1394,2021-07-01 12:30:00,34450.0,33800.5,-1.8853410740203191,LH (Lower High)
1395,2021-07-01 18:45:00,33800.5,33623.0,-0.5251401606485111,LH (Lower High)
1396,2021-07-02 00:00:00,33623.0,33924.0,0.8952205335633348,HH (Higher High)
1397,2021-07-02 08:15:00,33924.0,33570.0,-1.0435090201627166,LH (Lower High)
1398,2021-07-02 16:15:00,33570.0,33751.5,0.5406613047363718,HH (Higher High)
1399,2021-07-03 00:00:00,33751.5,33863.5,0.33183710353613916,HH (Higher High)
1400,2021-07-03 09:00:00,33863.5,34746.0,2.6060507626205207,HH (Higher High)
1401,2021-07-03 12:00:00,34746.0,34780.0,0.09785299027226155,HH (Higher High)
1402,2021-07-03 17:30:00,34780.0,34900.0,0.3450258769407705,HH (Higher High)
1403,2021-07-03 21:45:00,34900.0,34865.5,-0.09885386819484242,LH (Lower High)
1404,2021-07-04 07:45:00,34865.5,35662.5,2.2859273493854957,HH (Higher High)
1405,2021-07-04 10:45:00,35662.5,35596.5,-0.18506834910620398,LH (Lower High)
1406,2021-07-04 16:15:00,35596.5,35650.0,0.15029567513660053,HH (Higher High)
1407,2021-07-04 21:45:00,35650.0,35940.0,0.8134642356241234,HH (Higher High)
1408,2021-07-05 10:45:00,35940.0,34539.0,-3.8981636060100167,LH (Lower High)
1409,2021-07-05 15:00:00,34539.0,33722.0,-2.3654419641564606,LH (Lower High)
1410,2021-07-05 19:15:00,33722.0,34240.0,1.5360891999288298,HH (Higher High)
1411,2021-07-06 08:45:00,34240.0,35061.5,2.3992406542056073,HH (Higher High)
1412,2021-07-06 13:00:00,35061.5,34466.0,-1.6984441624003537,LH (Lower High)
1413,2021-07-06 19:45:00,34466.0,34155.0,-0.902338536528753,LH (Lower High)
1414,2021-07-07 00:00:00,34155.0,34366.0,0.6177719221197482,HH (Higher High)
1415,2021-07-07 08:00:00,34366.0,34914.0,1.5945993132747482,HH (Higher High)
1416,2021-07-07 12:30:00,34914.0,35036.0,0.34943002806896944,HH (Higher High)
1417,2021-07-07 18:00:00,35036.0,34767.0,-0.7677817102408951,LH (Lower High)
1418,2021-07-08 06:15:00,34767.0,33478.0,-3.70753875801766,LH (Lower High)
1419,2021-07-08 12:30:00,33478.0,32945.0,-1.5920903279765815,LH (Lower High)
1420,2021-07-08 17:00:00,32945.0,32976.0,0.09409622097435119,HH (Higher High)
1421,2021-07-08 19:45:00,32976.0,33163.0,0.5670790878214459,HH (Higher High)
1422,2021-07-09 05:15:00,33163.0,33267.5,0.3151102131893978,HH (Higher High)
1423,2021-07-09 09:30:00,33267.5,33038.0,-0.6898624783948297,LH (Lower High)
1424,2021-07-09 16:00:00,33038.0,33658.0,1.8766269144621344,HH (Higher High)
1425,2021-07-10 00:30:00,33658.0,34230.5,1.7009329134232574,HH (Higher High)
1426,2021-07-10 04:30:00,34230.5,33891.5,-0.9903448678809833,LH (Lower High)
1427,2021-07-10 08:45:00,33891.5,33910.5,0.05606125429680008,HH (Higher High)
1428,2021-07-10 12:15:00,33910.5,33917.5,0.020642573834063194,HH (Higher High)
1429,2021-07-10 16:30:00,33917.5,34150.5,0.6869610083290337,HH (Higher High)
1430,2021-07-11 00:15:00,34150.5,33785.0,-1.0702625144580606,LH (Lower High)
1431,2021-07-11 05:30:00,33785.0,33619.0,-0.4913423116767796,LH (Lower High)
1432,2021-07-11 09:15:00,33619.0,33832.0,0.6335703025075107,HH (Higher High)
1433,2021-07-11 16:30:00,33832.0,34059.5,0.6724402932135257,HH (Higher High)
1434,2021-07-11 22:00:00,34059.5,34540.0,1.4107664528252029,HH (Higher High)
1435,2021-07-12 04:15:00,34540.0,34620.0,0.23161551823972204,HH (Higher High)
1436,2021-07-12 07:15:00,34620.0,34457.0,-0.47082611207394565,LH (Lower High)
1437,2021-07-12 19:00:00,34457.0,33376.5,-3.135792436950402,LH (Lower High)
1438,2021-07-12 23:45:00,33376.5,33283.0,-0.2801372222971252,LH (Lower High)
1439,2021-07-13 03:30:00,33283.0,33190.0,-0.279421927109936,LH (Lower High)
1440,2021-07-13 07:15:00,33190.0,33306.0,0.3495028623079241,HH (Higher High)
1441,2021-07-13 10:00:00,33306.0,33312.0,0.01801477211313277,HH (Higher High)
1442,2021-07-13 17:00:00,33312.0,32925.5,-1.1602425552353506,LH (Lower High)
1443,2021-07-14 00:00:00,32925.5,32797.0,-0.3902750148061533,LH (Lower High)
1444,2021-07-14 10:15:00,32797.0,32676.0,-0.36893618318748667,LH (Lower High)
1445,2021-07-14 14:00:00,32676.0,32925.0,0.762027175908924,HH (Higher High)
1446,2021-07-14 18:30:00,32925.0,33082.5,0.47835990888382685,HH (Higher High)
1447,2021-07-15 01:00:00,33082.5,33145.5,0.1904330083881206,HH (Higher High)
1448,2021-07-15 09:15:00,33145.5,32605.0,-1.6306889321325668,LH (Lower High)
1449,2021-07-16 02:00:00,32605.0,32028.0,-1.7696672289526145,LH (Lower High)
1450,2021-07-16 16:30:00,32028.0,32200.0,0.5370300986636694,HH (Higher High)
1451,2021-07-17 08:45:00,32200.0,31914.0,-0.8881987577639752,LH (Lower High)
1452,2021-07-17 16:30:00,31914.0,31832.0,-0.25694052766810804,LH (Lower High)
1453,2021-07-17 19:45:00,31832.0,31888.5,0.17749434531289268,HH (Higher High)
1454,2021-07-18 01:30:00,31888.5,32380.0,1.5413079950452357,HH (Higher High)
1455,2021-07-18 17:45:00,32380.0,31754.5,-1.9317479925880172,LH (Lower High)
1456,2021-07-18 22:00:00,31754.5,31888.5,0.4219874348517533,HH (Higher High)
1457,2021-07-19 05:45:00,31888.5,31849.0,-0.12386910641767408,LH (Lower High)
1458,2021-07-20 00:15:00,31849.0,31032.0,-2.5652296775408963,LH (Lower High)
1459,2021-07-20 07:45:00,31032.0,29842.5,-3.833139984532096,LH (Lower High)
1460,2021-07-20 15:30:00,29842.5,29947.0,0.35017173494177767,HH (Higher High)
1461,2021-07-20 20:15:00,29947.0,29940.5,-0.021705012188199153,LH (Lower High)
1462,2021-07-20 23:45:00,29940.5,29860.0,-0.2688665853943655,LH (Lower High)
1463,2021-07-21 18:00:00,29860.0,32840.0,9.979906229068987,HH (Higher High)
1464,2021-07-22 00:30:00,32840.0,32344.0,-1.510353227771011,LH (Lower High)
1465,2021-07-22 07:00:00,32344.0,32261.0,-0.25661637397971804,LH (Lower High)
1466,2021-07-22 15:45:00,32261.0,32540.0,0.8648213012615851,HH (Higher High)
1467,2021-07-23 01:45:00,32540.0,32735.0,0.5992624462200369,HH (Higher High)
1468,2021-07-23 05:30:00,32735.0,32874.0,0.424621964258439,HH (Higher High)
1469,2021-07-23 13:45:00,32874.0,32569.0,-0.9277848755855692,LH (Lower High)
1470,2021-07-24 00:00:00,32569.0,33775.5,3.704442875126654,HH (Higher High)
1471,2021-07-24 07:00:00,33775.5,33870.0,0.2797886041657414,HH (Higher High)
1472,2021-07-24 11:15:00,33870.0,34010.0,0.41334514319456744,HH (Higher High)
1473,2021-07-24 17:00:00,34010.0,34437.5,1.2569832402234637,HH (Higher High)
1474,2021-07-25 00:15:00,34437.5,34360.5,-0.2235934664246824,LH (Lower High)
1475,2021-07-25 08:15:00,34360.5,34760.0,1.1626722544782526,HH (Higher High)
1476,2021-07-25 19:30:00,34760.0,34562.0,-0.569620253164557,LH (Lower High)
1477,2021-07-26 01:00:00,34562.0,39952.5,15.596608992535154,HH (Higher High)
1478,2021-07-26 06:30:00,39952.5,39299.0,-1.6356923847068394,LH (Lower High)
1479,2021-07-26 12:30:00,39299.0,38877.0,-1.0738186722308456,LH (Lower High)
1480,2021-07-26 19:15:00,38877.0,40555.0,4.316176659721687,HH (Higher High)
1481,2021-07-27 13:30:00,40555.0,38745.0,-4.4630748366415975,LH (Lower High)
1482,2021-07-28 03:30:00,38745.0,40333.0,4.09859336688605,HH (Higher High)
1483,2021-07-28 11:30:00,40333.0,40874.0,1.3413333994495822,HH (Higher High)
1484,2021-07-28 19:00:00,40874.0,40653.0,-0.5406860106669276,LH (Lower High)
1485,2021-07-29 00:00:00,40653.0,40278.0,-0.9224411482547413,LH (Lower High)
1486,2021-07-29 05:30:00,40278.0,40240.0,-0.09434430706589206,LH (Lower High)
1487,2021-07-29 09:45:00,40240.0,40602.0,0.8996023856858847,HH (Higher High)
1488,2021-07-29 15:00:00,40602.0,40179.0,-1.0418205999704448,LH (Lower High)
1489,2021-07-29 23:30:00,40179.0,40378.5,0.4965280370342716,HH (Higher High)
1490,2021-07-30 07:30:00,40378.5,39880.0,-1.2345679012345678,LH (Lower High)
1491,2021-07-30 16:15:00,39880.0,39208.0,-1.6850551654964894,LH (Lower High)
1492,2021-07-30 20:45:00,39208.0,42000.0,7.120995715160171,HH (Higher High)
1493,2021-07-31 00:00:00,42000.0,42421.5,1.0035714285714286,HH (Higher High)
1494,2021-07-31 09:15:00,42421.5,41985.0,-1.0289593720165482,LH (Lower High)
1495,2021-07-31 15:45:00,41985.0,41686.0,-0.7121591044420627,LH (Lower High)
1496,2021-07-31 20:30:00,41686.0,42091.0,0.9715492011706569,HH (Higher High)
1497,2021-08-01 03:45:00,42091.0,42600.0,1.2092846451735524,HH (Higher High)
1498,2021-08-01 09:30:00,42600.0,41946.0,-1.535211267605634,LH (Lower High)
1499,2021-08-01 19:30:00,41946.0,41500.0,-1.063271825680637,LH (Lower High)
1500,2021-08-02 07:00:00,41500.0,40450.0,-2.5301204819277108,LH (Lower High)
1501,2021-08-02 16:15:00,40450.0,40000.0,-1.1124845488257107,LH (Lower High)
1502,2021-08-03 00:45:00,40000.0,39780.0,-0.5499999999999999,LH (Lower High)
1503,2021-08-03 10:30:00,39780.0,38800.0,-2.463549522373052,LH (Lower High)
1504,2021-08-03 14:30:00,38800.0,38688.5,-0.28737113402061853,LH (Lower High)
1505,2021-08-03 23:00:00,38688.5,38700.0,0.029724595163937606,HH (Higher High)
1506,2021-08-04 21:00:00,38700.0,39952.0,3.235142118863049,HH (Higher High)
1507,2021-08-05 19:15:00,39952.0,41346.5,3.4904385262314777,HH (Higher High)
1508,2021-08-06 06:15:00,41346.5,41240.0,-0.25757923887148854,LH (Lower High)
1509,2021-08-06 12:15:00,41240.0,41041.5,-0.48132880698351116,LH (Lower High)
1510,2021-08-06 17:45:00,41041.5,43481.5,5.945201807926124,HH (Higher High)
1511,2021-08-07 04:00:00,43481.5,43929.0,1.0291733265871692,HH (Higher High)
1512,2021-08-07 12:15:00,43929.0,44577.0,1.4751075599262446,HH (Higher High)
1513,2021-08-07 16:45:00,44577.0,43827.5,-1.6813603427776658,LH (Lower High)
1514,2021-08-08 00:00:00,43827.5,44839.0,2.307911699275569,HH (Higher High)
1515,2021-08-08 06:30:00,44839.0,45319.5,1.0716117665425189,HH (Higher High)
1516,2021-08-08 13:00:00,45319.5,45189.5,-0.2868522379990953,LH (Lower High)
1517,2021-08-08 22:15:00,45189.5,44651.0,-1.191648502417597,LH (Lower High)
1518,2021-08-09 05:00:00,44651.0,43726.5,-2.0705023403731158,LH (Lower High)
1519,2021-08-09 14:00:00,43726.5,46386.0,6.082124112380365,HH (Higher High)
1520,2021-08-09 18:30:00,46386.0,46465.0,0.17031000732979779,HH (Higher High)
1521,2021-08-10 00:00:00,46465.0,46737.5,0.5864629290864091,HH (Higher High)
1522,2021-08-10 08:45:00,46737.5,46264.0,-1.013105108317732,LH (Lower High)
1523,2021-08-10 13:30:00,46264.0,46120.0,-0.311257132975964,LH (Lower High)
1524,2021-08-10 21:15:00,46120.0,45981.5,-0.3003035559410234,LH (Lower High)
1525,2021-08-11 02:00:00,45981.5,45988.0,0.01413611996128878,HH (Higher High)
1526,2021-08-11 08:00:00,45988.0,46586.0,1.3003392189266765,HH (Higher High)
1527,2021-08-11 15:30:00,46586.0,46728.5,0.3058858884643455,HH (Higher High)
1528,2021-08-11 20:15:00,46728.5,46645.0,-0.17869180478722835,LH (Lower High)
1529,2021-08-12 10:15:00,46645.0,45633.0,-2.1695787329831706,LH (Lower High)
1530,2021-08-12 21:00:00,45633.0,44560.0,-2.3513685271623603,LH (Lower High)
1531,2021-08-13 13:15:00,44560.0,46635.0,4.656642728904847,HH (Higher High)
1532,2021-08-13 20:15:00,46635.0,47956.0,2.832636431864479,HH (Higher High)
1533,2021-08-13 23:45:00,47956.0,47850.0,-0.22103594962048545,LH (Lower High)
1534,2021-08-14 09:30:00,47850.0,48280.5,0.8996865203761756,HH (Higher High)
1535,2021-08-14 16:00:00,48280.5,47015.0,-2.6211410403786206,LH (Lower High)
1536,2021-08-14 19:30:00,47015.0,47450.0,0.9252366266085292,HH (Higher High)
1537,2021-08-15 01:30:00,47450.0,47382.0,-0.14330874604847207,LH (Lower High)
1538,2021-08-15 14:00:00,47382.0,46540.5,-1.7759908826136508,LH (Lower High)
1539,2021-08-16 02:45:00,46540.5,48341.0,3.868673520911894,HH (Higher High)
1540,2021-08-16 06:00:00,48341.0,47744.0,-1.2349765209656398,LH (Lower High)
1541,2021-08-16 12:00:00,47744.0,47720.0,-0.05026809651474531,LH (Lower High)
1542,2021-08-16 18:15:00,47720.0,46691.0,-2.156328583403185,LH (Lower High)
1543,2021-08-17 03:30:00,46691.0,46630.0,-0.1306461630721124,LH (Lower High)
1544,2021-08-17 11:30:00,46630.0,47300.0,1.4368432339695476,HH (Higher High)
1545,2021-08-17 18:00:00,47300.0,46223.0,-2.276955602536998,LH (Lower High)
1546,2021-08-18 06:15:00,46223.0,45490.0,-1.5857906237154662,LH (Lower High)
1547,2021-08-18 10:00:00,45490.0,45585.0,0.2088371070564959,HH (Higher High)
1548,2021-08-18 18:00:00,45585.0,46000.0,0.9103871887682352,HH (Higher High)
1549,2021-08-19 01:45:00,46000.0,45200.0,-1.7391304347826086,LH (Lower High)
1550,2021-08-19 08:00:00,45200.0,45000.0,-0.4424778761061947,LH (Lower High)
1551,2021-08-19 20:00:00,45000.0,46898.0,4.217777777777778,HH (Higher High)
1552,2021-08-20 00:15:00,46898.0,47420.0,1.113053861571922,HH (Higher High)
1553,2021-08-20 10:30:00,47420.0,47355.0,-0.13707296499367355,LH (Lower High)
1554,2021-08-20 16:30:00,47355.0,49137.0,3.7630662020905925,HH (Higher High)
1555,2021-08-20 21:45:00,49137.0,49479.5,0.6970307507580845,HH (Higher High)
1556,2021-08-21 08:00:00,49479.5,49100.5,-0.7659737871239605,LH (Lower High)
1557,2021-08-21 13:00:00,49100.5,49449.0,0.7097687396258694,HH (Higher High)
1558,2021-08-21 17:45:00,49449.0,49800.0,0.7098222410968877,HH (Higher High)
1559,2021-08-21 23:00:00,49800.0,49369.5,-0.8644578313253012,LH (Lower High)
1560,2021-08-22 06:30:00,49369.5,49250.0,-0.24205227924123193,LH (Lower High)
1561,2021-08-22 10:15:00,49250.0,49443.5,0.39289340101522846,HH (Higher High)
1562,2021-08-23 03:30:00,49443.5,50428.5,1.9921728842011588,HH (Higher High)
1563,2021-08-23 10:15:00,50428.5,50490.0,0.1219548469615396,HH (Higher High)
1564,2021-08-23 23:15:00,50490.0,49747.5,-1.4705882352941175,LH (Lower High)
1565,2021-08-24 07:00:00,49747.5,49840.0,0.18593899190914115,HH (Higher High)
1566,2021-08-24 10:15:00,49840.0,49820.0,-0.04012841091492777,LH (Lower High)
1567,2021-08-24 19:45:00,49820.0,48478.0,-2.693697310317142,LH (Lower High)
1568,2021-08-25 02:45:00,48478.0,48322.0,-0.32179545360782214,LH (Lower High)
1569,2021-08-25 06:00:00,48322.0,48608.0,0.5918629195811432,HH (Higher High)
1570,2021-08-25 19:00:00,48608.0,49157.0,1.1294437129690587,HH (Higher High)
1571,2021-08-25 22:00:00,49157.0,49230.0,0.14850377362328865,HH (Higher High)
1572,2021-08-26 00:45:00,49230.0,49338.5,0.22039406865732278,HH (Higher High)
1573,2021-08-26 12:15:00,49338.5,47443.0,-3.8418273761869535,LH (Lower High)
1574,2021-08-27 01:30:00,47443.0,47655.0,0.44685201188794976,HH (Higher High)
1575,2021-08-27 08:00:00,47655.0,47539.0,-0.24341622075333122,LH (Lower High)
1576,2021-08-27 15:00:00,47539.0,48411.0,1.8342834304465805,HH (Higher High)
1577,2021-08-27 20:30:00,48411.0,49144.0,1.5141186920328025,HH (Higher High)
1578,2021-08-28 00:45:00,49144.0,49275.5,0.2675809864886863,HH (Higher High)
1579,2021-08-28 12:45:00,49275.5,48963.0,-0.6341894044707816,LH (Lower High)
1580,2021-08-28 16:30:00,48963.0,49180.0,0.44319179788820134,HH (Higher High)
1581,2021-08-29 00:45:00,49180.0,49710.5,1.0786905246034972,HH (Higher High)
1582,2021-08-29 10:00:00,49710.5,48670.0,-2.0931191599360295,LH (Lower High)
1583,2021-08-29 22:30:00,48670.0,49365.0,1.4279843846311895,HH (Higher High)
1584,2021-08-31 04:30:00,49365.0,47310.0,-4.162868429048921,LH (Lower High)
1585,2021-08-31 08:30:00,47310.0,47950.0,1.3527795392094695,HH (Higher High)
1586,2021-08-31 14:00:00,47950.0,48233.0,0.5901981230448384,HH (Higher High)
1587,2021-08-31 23:30:00,48233.0,47403.0,-1.720813550888396,LH (Lower High)
1588,2021-09-01 12:15:00,47403.0,47817.5,0.8744172309769424,HH (Higher High)
1589,2021-09-01 17:45:00,47817.5,49096.0,2.673707324724212,HH (Higher High)
1590,2021-09-02 02:15:00,49096.0,49871.0,1.5785400032589214,HH (Higher High)
1591,2021-09-02 07:15:00,49871.0,50300.0,0.8602193659641877,HH (Higher High)
1592,2021-09-02 14:00:00,50300.0,50400.0,0.19880715705765406,HH (Higher High)
1593,2021-09-02 21:45:00,50400.0,49885.0,-1.0218253968253967,LH (Lower High)
1594,2021-09-03 04:45:00,49885.0,49749.0,-0.2726270421970532,LH (Lower High)
1595,2021-09-03 14:30:00,49749.0,51037.5,2.5900018090815897,HH (Higher High)
1596,2021-09-04 10:00:00,51037.5,50552.0,-0.9512613274553025,LH (Lower High)
1597,2021-09-04 22:00:00,50552.0,50279.0,-0.5400379806931477,LH (Lower High)
1598,2021-09-05 02:30:00,50279.0,50281.0,0.003977803854491935,HH (Higher High)
1599,2021-09-05 11:15:00,50281.0,50394.5,0.22573138959050137,HH (Higher High)
1600,2021-09-05 14:30:00,50394.5,50418.0,0.046632072944468146,HH (Higher High)
1601,2021-09-05 21:00:00,50418.0,51859.5,2.859097941211472,HH (Higher High)
1602,2021-09-06 07:45:00,51859.5,52001.0,0.2728526113826782,HH (Higher High)
1603,2021-09-06 11:15:00,52001.0,52286.0,0.548066383338782,HH (Higher High)
1604,2021-09-06 16:00:00,52286.0,51734.0,-1.0557319358910606,LH (Lower High)
1605,2021-09-06 23:30:00,51734.0,52753.5,1.9706575946186262,HH (Higher High)
1606,2021-09-07 03:15:00,52753.5,52858.0,0.1980911219160814,HH (Higher High)
1607,2021-09-08 02:15:00,52858.0,47330.0,-10.458208785803473,LH (Lower High)
1608,2021-09-08 13:30:00,47330.0,46891.0,-0.9275301077540672,LH (Lower High)
1609,2021-09-08 16:45:00,46891.0,46541.0,-0.7464118914077328,LH (Lower High)
1610,2021-09-08 22:45:00,46541.0,46751.0,0.4512150576910681,HH (Higher High)
1611,2021-09-09 08:15:00,46751.0,46520.5,-0.4930375820838057,LH (Lower High)
1612,2021-09-09 13:15:00,46520.5,47208.5,1.4789178964112595,HH (Higher High)
1613,2021-09-09 16:45:00,47208.5,47428.0,0.4649586409227152,HH (Higher High)
1614,2021-09-10 01:30:00,47428.0,47043.0,-0.8117567681538331,LH (Lower High)
1615,2021-09-10 12:00:00,47043.0,46478.0,-1.2010288459494505,LH (Lower High)
1616,2021-09-10 18:15:00,46478.0,45850.0,-1.3511769008993502,LH (Lower High)
1617,2021-09-11 01:45:00,45850.0,45499.0,-0.7655398037077427,LH (Lower High)
1618,2021-09-11 04:30:00,45499.0,45466.5,-0.0714301413217873,LH (Lower High)
1619,2021-09-11 12:15:00,45466.5,45780.5,0.6906183673693819,HH (Higher High)
1620,2021-09-11 16:30:00,45780.5,45971.5,0.41720819999781567,HH (Higher High)
1621,2021-09-12 04:30:00,45971.5,45491.5,-1.044125164504095,LH (Lower High)
1622,2021-09-12 09:00:00,45491.5,46178.5,1.5101722299770286,HH (Higher High)
1623,2021-09-12 13:30:00,46178.5,46248.5,0.1515856946414457,HH (Higher High)
1624,2021-09-12 16:30:00,46248.5,46096.0,-0.3297404240137518,LH (Lower High)
1625,2021-09-12 20:00:00,46096.0,46183.5,0.18982124262408887,HH (Higher High)
1626,2021-09-12 23:00:00,46183.5,46460.0,0.5986986694382193,HH (Higher High)
1627,2021-09-13 13:45:00,46460.0,46900.0,0.9470512268618166,HH (Higher High)
1628,2021-09-13 21:00:00,46900.0,45518.0,-2.946695095948827,LH (Lower High)
1629,2021-09-14 00:15:00,45518.0,45365.0,-0.33613076145700604,LH (Lower High)
1630,2021-09-14 09:00:00,45365.0,46190.0,1.8185826077372422,HH (Higher High)
1631,2021-09-14 15:15:00,46190.0,46871.5,1.4754275817276465,HH (Higher High)
1632,2021-09-15 01:00:00,46871.5,47400.0,1.1275508571306658,HH (Higher High)
1633,2021-09-15 10:30:00,47400.0,47666.5,0.5622362869198312,HH (Higher High)
1634,2021-09-15 16:15:00,47666.5,48369.5,1.4748303315745859,HH (Higher High)
1635,2021-09-15 23:15:00,48369.5,48447.0,0.160224935134744,HH (Higher High)
1636,2021-09-16 04:45:00,48447.0,48435.0,-0.024769335562573536,LH (Lower High)
1637,2021-09-16 15:15:00,48435.0,48222.0,-0.4397646330133168,LH (Lower High)
1638,2021-09-17 01:30:00,48222.0,48064.0,-0.32765127949898387,LH (Lower High)
1639,2021-09-17 05:00:00,48064.0,48108.0,0.09154460719041278,HH (Higher High)
1640,2021-09-17 20:00:00,48108.0,47570.0,-1.1183171198137525,LH (Lower High)
1641,2021-09-18 05:45:00,47570.0,48800.0,2.585663233130124,HH (Higher High)
1642,2021-09-18 09:15:00,48800.0,48730.0,-0.14344262295081966,LH (Lower High)
1643,2021-09-18 12:15:00,48730.0,48648.5,-0.16724810178534785,LH (Lower High)
1644,2021-09-18 15:30:00,48648.5,48528.5,-0.24666742037267336,LH (Lower High)
1645,2021-09-18 23:15:00,48528.5,48350.5,-0.36679477008355915,LH (Lower High)
1646,2021-09-19 09:00:00,48350.5,48300.5,-0.10341154693333057,LH (Lower High)
1647,2021-09-19 15:30:00,48300.5,47744.0,-1.152161985900767,LH (Lower High)
1648,2021-09-19 18:30:00,47744.0,47787.0,0.09006367292225201,HH (Higher High)
1649,2021-09-20 10:15:00,47787.0,45277.0,-5.252474522359638,LH (Lower High)
1650,2021-09-20 17:30:00,45277.0,44254.5,-2.2583210018331603,LH (Lower High)
1651,2021-09-21 02:45:00,44254.5,43060.0,-2.6991605373464846,LH (Lower High)
1652,2021-09-21 10:45:00,43060.0,43600.0,1.2540640966093821,HH (Higher High)
1653,2021-09-21 15:30:00,43600.0,43322.0,-0.6376146788990826,LH (Lower High)
1654,2021-09-22 03:15:00,43322.0,42370.0,-2.197497807118785,LH (Lower High)
1655,2021-09-22 07:45:00,42370.0,42700.0,0.7788529620014162,HH (Higher High)
1656,2021-09-22 18:15:00,42700.0,43970.0,2.9742388758782203,HH (Higher High)
1657,2021-09-22 21:30:00,43970.0,43899.0,-0.1614737320900614,LH (Lower High)
1658,2021-09-23 06:45:00,43899.0,44400.0,1.1412560650584296,HH (Higher High)
1659,2021-09-23 14:15:00,44400.0,44188.0,-0.4774774774774775,LH (Lower High)
1660,2021-09-23 17:45:00,44188.0,44908.0,1.6294016475061104,HH (Higher High)
1661,2021-09-23 22:45:00,44908.0,45006.0,0.2182239244678008,HH (Higher High)
1662,2021-09-24 07:45:00,45006.0,45080.0,0.1644225214415856,HH (Higher High)
1663,2021-09-24 14:30:00,45080.0,42703.0,-5.2728482697426795,LH (Lower High)
1664,2021-09-24 21:30:00,42703.0,43185.0,1.1287263189939816,HH (Higher High)
1665,2021-09-25 04:00:00,43185.0,42883.5,-0.6981590830149358,LH (Lower High)
1666,2021-09-25 10:00:00,42883.5,42950.0,0.15507129781850829,HH (Higher High)
1667,2021-09-25 18:00:00,42950.0,42800.0,-0.3492433061699651,LH (Lower High)
1668,2021-09-26 09:45:00,42800.0,43913.0,2.600467289719626,HH (Higher High)
1669,2021-09-26 16:00:00,43913.0,43500.0,-0.9404959806890899,LH (Lower High)
1670,2021-09-26 22:00:00,43500.0,43984.0,1.1126436781609195,HH (Higher High)
1671,2021-09-27 01:30:00,43984.0,44343.5,0.8173426700618406,HH (Higher High)
1672,2021-09-27 05:15:00,44343.5,44179.0,-0.37096756007081083,LH (Lower High)
1673,2021-09-27 09:15:00,44179.0,44100.0,-0.17881799044795038,LH (Lower High)
1674,2021-09-27 14:30:00,44100.0,44085.0,-0.03401360544217687,LH (Lower High)
1675,2021-09-27 22:30:00,44085.0,43395.0,-1.5651582170806397,LH (Lower High)
1676,2021-09-28 04:15:00,43395.0,42730.0,-1.532434612282521,LH (Lower High)
1677,2021-09-28 13:00:00,42730.0,42590.5,-0.3264685232857477,LH (Lower High)
1678,2021-09-28 20:15:00,42590.5,41988.0,-1.4146347190101078,LH (Lower High)
1679,2021-09-29 04:00:00,41988.0,42434.5,1.0633990663999238,HH (Higher High)
1680,2021-09-29 06:45:00,42434.5,42490.0,0.13078980546489294,HH (Higher High)
1681,2021-09-29 12:15:00,42490.0,42550.0,0.14120969639915276,HH (Higher High)
1682,2021-09-30 04:00:00,42550.0,43794.0,2.9236192714453586,HH (Higher High)
1683,2021-09-30 12:45:00,43794.0,43773.0,-0.047951774215645976,LH (Lower High)
1684,2021-09-30 19:00:00,43773.0,44100.0,0.7470358440134329,HH (Higher High)
1685,2021-10-01 00:30:00,44100.0,43990.0,-0.2494331065759637,LH (Lower High)
1686,2021-10-01 10:30:00,43990.0,47949.5,9.00090929756763,HH (Higher High)
1687,2021-10-01 22:00:00,47949.5,48440.0,1.0229512299398325,HH (Higher High)
1688,2021-10-02 06:30:00,48440.0,47889.0,-1.1374896779521058,LH (Lower High)
1689,2021-10-02 09:30:00,47889.0,47866.0,-0.04802773079412809,LH (Lower High)
1690,2021-10-02 13:45:00,47866.0,48315.0,0.9380353486817365,HH (Higher High)
1691,2021-10-02 22:00:00,48315.0,48261.0,-0.11176653213287799,LH (Lower High)
1692,2021-10-03 05:30:00,48261.0,48055.0,-0.4268456932098381,LH (Lower High)
1693,2021-10-03 13:30:00,48055.0,48133.5,0.16335448964727917,HH (Higher High)
1694,2021-10-03 17:45:00,48133.5,49357.0,2.541888705371519,HH (Higher High)
1695,2021-10-04 01:15:00,49357.0,48336.0,-2.0686022246084645,LH (Lower High)
1696,2021-10-04 05:00:00,48336.0,47830.0,-1.04683879510096,LH (Lower High)
1697,2021-10-04 08:00:00,47830.0,47960.5,0.27284131298348313,HH (Higher High)
1698,2021-10-04 17:45:00,47960.5,49500.0,3.2099331741745813,HH (Higher High)
1699,2021-10-05 00:30:00,49500.0,49790.0,0.5858585858585859,HH (Higher High)
1700,2021-10-05 10:15:00,49790.0,50350.0,1.1247238401285398,HH (Higher High)
1701,2021-10-05 14:00:00,50350.0,50320.0,-0.05958291956305859,LH (Lower High)
1702,2021-10-05 21:30:00,50320.0,51908.0,3.1558028616852147,HH (Higher High)
1703,2021-10-06 02:30:00,51908.0,51557.5,-0.675233104723742,LH (Lower High)
1704,2021-10-06 05:15:00,51557.5,51800.0,0.47034863986810843,HH (Higher High)
1705,2021-10-06 13:00:00,51800.0,56413.0,8.905405405405405,HH (Higher High)
1706,2021-10-06 23:00:00,56413.0,55800.0,-1.0866289685001684,LH (Lower High)
1707,2021-10-07 04:30:00,55800.0,55260.5,-0.9668458781362008,LH (Lower High)
1708,2021-10-07 13:30:00,55260.5,54747.0,-0.9292351679771265,LH (Lower High)
1709,2021-10-07 22:00:00,54747.0,54648.0,-0.18083182640144665,LH (Lower High)
1710,2021-10-08 02:00:00,54648.0,54436.5,-0.3870223978919631,LH (Lower High)
1711,2021-10-08 08:30:00,54436.5,56250.0,3.3314044804496983,HH (Higher High)
1712,2021-10-08 20:00:00,56250.0,54778.0,-2.6168888888888886,LH (Lower High)
1713,2021-10-09 06:15:00,54778.0,55239.0,0.8415787359889007,HH (Higher High)
1714,2021-10-09 13:45:00,55239.0,55550.0,0.5630080196962292,HH (Higher High)
1715,2021-10-09 18:00:00,55550.0,55167.5,-0.6885688568856885,LH (Lower High)
1716,2021-10-09 23:45:00,55167.5,55218.5,0.09244573344813523,HH (Higher High)
1717,2021-10-10 05:00:00,55218.5,56145.0,1.6778796961163376,HH (Higher High)
1718,2021-10-10 08:30:00,56145.0,55950.0,-0.3473149879775581,LH (Lower High)
1719,2021-10-10 15:45:00,55950.0,55582.0,-0.6577301161751564,LH (Lower High)
1720,2021-10-10 20:15:00,55582.0,56666.0,1.9502716706847543,HH (Higher High)
1721,2021-10-11 03:45:00,56666.0,56799.5,0.23559100695302299,HH (Higher High)
1722,2021-10-11 07:30:00,56799.5,57100.0,0.5290539529397266,HH (Higher High)
1723,2021-10-11 16:15:00,57100.0,57800.0,1.2259194395796849,HH (Higher High)
1724,2021-10-11 19:45:00,57800.0,57881.0,0.14013840830449825,HH (Higher High)
1725,2021-10-11 23:45:00,57881.0,57540.0,-0.5891397868039598,LH (Lower High)
1726,2021-10-12 05:45:00,57540.0,57833.5,0.5100799443865137,HH (Higher High)
1727,2021-10-12 13:15:00,57833.5,57470.0,-0.6285284480448183,LH (Lower High)
1728,2021-10-13 01:00:00,57470.0,56696.0,-1.3467896293718462,LH (Lower High)
1729,2021-10-13 17:00:00,56696.0,57240.0,0.9595033159305771,HH (Higher High)
1730,2021-10-13 22:00:00,57240.0,57799.5,0.9774633123689728,HH (Higher High)
1731,2021-10-14 02:15:00,57799.5,58653.0,1.4766563724599695,HH (Higher High)
1732,2021-10-14 11:15:00,58653.0,58200.0,-0.7723390107922868,LH (Lower High)
1733,2021-10-14 15:15:00,58200.0,57859.0,-0.5859106529209621,LH (Lower High)
1734,2021-10-14 18:45:00,57859.0,58135.0,0.4770217252285729,HH (Higher High)
1735,2021-10-15 05:15:00,58135.0,60371.5,3.8470800722456353,HH (Higher High)
1736,2021-10-15 20:15:00,60371.5,63801.0,5.680660576596573,HH (Higher High)
1737,2021-10-16 05:15:00,63801.0,62419.5,-2.165326562279588,LH (Lower High)
1738,2021-10-16 11:45:00,62419.5,61843.5,-0.922788551654531,LH (Lower High)
1739,2021-10-16 21:00:00,61843.5,61410.0,-0.7009629144534187,LH (Lower High)
1740,2021-10-17 01:30:00,61410.0,61500.0,0.14655593551538837,HH (Higher High)
1741,2021-10-17 10:30:00,61500.0,61492.5,-0.012195121951219513,LH (Lower High)
1742,2021-10-17 17:45:00,61492.5,61104.5,-0.6309712566573159,LH (Lower High)
1743,2021-10-18 01:00:00,61104.5,62620.0,2.4801774010097457,HH (Higher High)
1744,2021-10-18 07:30:00,62620.0,62769.0,0.23794314915362505,HH (Higher High)
1745,2021-10-18 16:15:00,62769.0,62400.0,-0.5878698083448837,LH (Lower High)
1746,2021-10-19 03:15:00,62400.0,63050.0,1.0416666666666665,HH (Higher High)
1747,2021-10-19 13:30:00,63050.0,63319.5,0.42743854084060273,HH (Higher High)
1748,2021-10-19 20:30:00,63319.5,64391.0,1.6922117199283,HH (Higher High)
1749,2021-10-19 23:45:00,64391.0,64480.0,0.13821807395443464,HH (Higher High)
1750,2021-10-20 08:30:00,64480.0,64288.0,-0.2977667493796526,LH (Lower High)
1751,2021-10-20 14:45:00,64288.0,67210.0,4.545171727227476,HH (Higher High)
1752,2021-10-20 19:00:00,67210.0,66790.0,-0.6249070078857313,LH (Lower High)
1753,2021-10-20 23:00:00,66790.0,66272.0,-0.7755652043719119,LH (Lower High)
1754,2021-10-21 09:30:00,66272.0,66726.0,0.685055528730082,HH (Higher High)
1755,2021-10-21 19:30:00,66726.0,63550.0,-4.759763810208914,LH (Lower High)
1756,2021-10-22 03:30:00,63550.0,63396.5,-0.24154209284028327,LH (Lower High)
1757,2021-10-22 09:00:00,63396.5,63774.0,0.5954587398357953,HH (Higher High)
1758,2021-10-22 13:00:00,63774.0,63700.0,-0.1160347477028256,LH (Lower High)
1759,2021-10-22 20:00:00,63700.0,61271.0,-3.8131868131868134,LH (Lower High)
1760,2021-10-23 04:15:00,61271.0,61555.0,0.4635145501134305,HH (Higher High)
1761,2021-10-23 08:15:00,61555.0,61150.5,-0.6571358947282918,LH (Lower High)
1762,2021-10-23 11:30:00,61150.5,61809.0,1.0768513748865505,HH (Higher High)
1763,2021-10-23 16:00:00,61809.0,61670.0,-0.2248863434127716,LH (Lower High)
1764,2021-10-24 00:00:00,61670.0,61521.0,-0.2416085616993676,LH (Lower High)
1765,2021-10-24 03:15:00,61521.0,61311.5,-0.340534126558411,LH (Lower High)
1766,2021-10-24 09:15:00,61311.5,61333.0,0.035066830855549125,HH (Higher High)
1767,2021-10-24 21:00:00,61333.0,61343.0,0.016304436437154547,HH (Higher High)
1768,2021-10-25 03:00:00,61343.0,62300.0,1.5600802047503382,HH (Higher High)
1769,2021-10-25 08:00:00,62300.0,62969.0,1.073836276083467,HH (Higher High)
1770,2021-10-25 16:45:00,62969.0,63750.5,1.2410868840222966,HH (Higher High)
1771,2021-10-25 21:00:00,63750.5,63539.0,-0.3317621038266366,LH (Lower High)
1772,2021-10-26 00:15:00,63539.0,63301.5,-0.37378617856749397,LH (Lower High)
1773,2021-10-26 08:15:00,63301.5,63161.0,-0.22195366618484552,LH (Lower High)
1774,2021-10-26 11:00:00,63161.0,63117.5,-0.0688716138123209,LH (Lower High)
1775,2021-10-26 15:45:00,63117.5,62808.5,-0.48956311640987055,LH (Lower High)
1776,2021-10-27 04:30:00,62808.5,61520.0,-2.051473924707643,LH (Lower High)
1777,2021-10-27 14:45:00,61520.0,59479.0,-3.3176202860858255,LH (Lower High)
1778,2021-10-27 20:00:00,59479.0,59684.0,0.3446594596412179,HH (Higher High)
1779,2021-10-28 04:00:00,59684.0,59237.0,-0.7489444407211313,LH (Lower High)
1780,2021-10-28 09:45:00,59237.0,61310.0,3.4995020004389152,HH (Higher High)
1781,2021-10-28 13:30:00,61310.0,61900.0,0.9623226227369108,HH (Higher High)
1782,2021-10-28 20:00:00,61900.0,62664.5,1.2350565428109854,HH (Higher High)
1783,2021-10-29 01:15:00,62664.5,62149.0,-0.8226348251402308,LH (Lower High)
1784,2021-10-29 16:15:00,62149.0,62988.5,1.3507860142560622,HH (Higher High)
1785,2021-10-29 20:00:00,62988.5,62715.5,-0.43341244830405556,LH (Lower High)
1786,2021-10-30 13:30:00,62715.5,62277.5,-0.698391944575105,LH (Lower High)
1787,2021-10-30 20:30:00,62277.5,61958.0,-0.5130263738910522,LH (Lower High)
1788,2021-10-31 17:15:00,61958.0,60991.0,-1.5607346912424545,LH (Lower High)
1789,2021-11-01 01:00:00,60991.0,61771.0,1.2788772113918445,HH (Higher High)
1790,2021-11-01 07:15:00,61771.0,62450.0,1.0992213174466983,HH (Higher High)
1791,2021-11-01 11:00:00,62450.0,62536.5,0.13851080864691753,HH (Higher High)
1792,2021-11-01 19:45:00,62536.5,61471.0,-1.7038049778929105,LH (Lower High)
1793,2021-11-02 01:15:00,61471.0,61616.5,0.23669697906329815,HH (Higher High)
1794,2021-11-02 06:00:00,61616.5,61850.0,0.3789569352365032,HH (Higher High)
1795,2021-11-02 10:15:00,61850.0,63652.0,2.9135004042037185,HH (Higher High)
1796,2021-11-02 15:45:00,63652.0,64258.5,0.9528373028341608,HH (Higher High)
1797,2021-11-03 00:45:00,64258.5,63600.0,-1.0247671514274377,LH (Lower High)
1798,2021-11-03 07:45:00,63600.0,63546.0,-0.08490566037735849,LH (Lower High)
1799,2021-11-03 19:00:00,63546.0,63448.5,-0.15343215938060617,LH (Lower High)
1800,2021-11-04 04:30:00,63448.5,62899.0,-0.8660567231691844,LH (Lower High)
1801,2021-11-04 14:00:00,62899.0,62392.5,-0.8052592251069175,LH (Lower High)
1802,2021-11-04 20:15:00,62392.5,61580.0,-1.3022398525463799,LH (Lower High)
1803,2021-11-05 03:15:00,61580.0,62321.0,1.2033127638843781,HH (Higher High)
1804,2021-11-05 06:15:00,62321.0,62643.5,0.5174820686445981,HH (Higher High)
1805,2021-11-05 13:30:00,62643.5,61961.0,-1.0894985114177846,LH (Lower High)
1806,2021-11-05 18:45:00,61961.0,61468.5,-0.7948548280369909,LH (Lower High)
1807,2021-11-05 22:15:00,61468.5,61400.0,-0.11143919243189601,LH (Lower High)
1808,2021-11-06 06:00:00,61400.0,61600.0,0.32573289902280134,HH (Higher High)
1809,2021-11-07 01:00:00,61600.0,62343.5,1.2069805194805194,HH (Higher High)
1810,2021-11-07 04:00:00,62343.5,62299.5,-0.07057672411718945,LH (Lower High)
1811,2021-11-07 10:00:00,62299.5,62370.5,0.11396560165009349,HH (Higher High)
1812,2021-11-07 13:15:00,62370.5,62200.0,-0.2733664152123199,LH (Lower High)
1813,2021-11-08 01:00:00,62200.0,65690.5,5.611736334405144,HH (Higher High)
1814,2021-11-08 07:00:00,65690.5,66434.5,1.1325838591577169,HH (Higher High)
1815,2021-11-08 15:45:00,66434.5,66700.0,0.3996417524027425,HH (Higher High)
1816,2021-11-08 23:15:00,66700.0,68000.0,1.9490254872563717,HH (Higher High)
1817,2021-11-09 09:45:00,68000.0,68250.0,0.3676470588235294,HH (Higher High)
1818,2021-11-09 13:45:00,68250.0,68165.5,-0.1238095238095238,LH (Lower High)
1819,2021-11-09 21:45:00,68165.5,67822.0,-0.5039206049981295,LH (Lower High)
1820,2021-11-10 10:15:00,67822.0,67180.5,-0.9458582760756097,LH (Lower High)
1821,2021-11-10 14:15:00,67180.5,69138.5,2.9145362121448932,HH (Higher High)
1822,2021-11-11 09:15:00,69138.5,65594.0,-5.126666039905407,LH (Lower High)
1823,2021-11-11 14:30:00,65594.0,65495.0,-0.15092843857669908,LH (Lower High)
1824,2021-11-11 22:30:00,65495.0,65330.5,-0.2511642110084739,LH (Lower High)
1825,2021-11-12 02:15:00,65330.5,65465.0,0.20587627524663057,HH (Higher High)
1826,2021-11-12 08:45:00,65465.0,64956.5,-0.7767509356144505,LH (Lower High)
1827,2021-11-12 20:00:00,64956.5,64595.5,-0.5557565447645733,LH (Lower High)
1828,2021-11-13 00:00:00,64595.5,64444.5,-0.23376241379043433,LH (Lower High)
1829,2021-11-13 07:45:00,64444.5,64200.0,-0.379396224658427,LH (Lower High)
1830,2021-11-13 16:00:00,64200.0,65142.5,1.4680685358255452,HH (Higher High)
1831,2021-11-14 00:15:00,65142.5,65375.0,0.35690985147944887,HH (Higher High)
1832,2021-11-14 06:00:00,65375.0,65200.0,-0.26768642447418733,LH (Lower High)
1833,2021-11-14 13:30:00,65200.0,64800.0,-0.6134969325153374,LH (Lower High)
1834,2021-11-14 18:00:00,64800.0,64450.0,-0.5401234567901234,LH (Lower High)
1835,2021-11-15 00:00:00,64450.0,66200.0,2.7152831652443754,HH (Higher High)
1836,2021-11-15 05:15:00,66200.0,65915.0,-0.4305135951661631,LH (Lower High)
1837,2021-11-15 09:00:00,65915.0,66383.0,0.7100053098687704,HH (Higher High)
1838,2021-11-16 09:00:00,66383.0,61370.0,-7.551632194989681,LH (Lower High)
1839,2021-11-16 14:45:00,61370.0,61428.0,0.0945087176144696,HH (Higher High)
1840,2021-11-16 22:30:00,61428.0,61159.5,-0.4370970892752491,LH (Lower High)
1841,2021-11-17 07:45:00,61159.5,60155.0,-1.6424267693489973,LH (Lower High)
1842,2021-11-17 11:45:00,60155.0,60930.5,1.2891696450835342,HH (Higher High)
1843,2021-11-18 01:30:00,60930.5,61097.0,0.2732621593454838,HH (Higher High)
1844,2021-11-18 11:00:00,61097.0,59975.0,-1.836424047007218,LH (Lower High)
1845,2021-11-18 20:45:00,59975.0,58470.0,-2.5093789078782827,LH (Lower High)
1846,2021-11-19 09:15:00,58470.0,57509.0,-1.6435779031982214,LH (Lower High)
1847,2021-11-19 16:45:00,57509.0,58307.5,1.3884783251317185,HH (Higher High)
1848,2021-11-20 02:15:00,58307.5,58968.0,1.1327873772670753,HH (Higher High)
1849,2021-11-20 06:30:00,58968.0,58844.0,-0.21028354361687696,LH (Lower High)
1850,2021-11-20 12:15:00,58844.0,58839.0,-0.008497043029025899,LH (Lower High)
1851,2021-11-20 18:45:00,58839.0,59686.0,1.4395214058702561,HH (Higher High)
1852,2021-11-20 23:45:00,59686.0,59863.5,0.2973896726200449,HH (Higher High)
1853,2021-11-21 06:45:00,59863.5,59272.5,-0.987245984614999,LH (Lower High)
1854,2021-11-21 11:00:00,59272.5,59363.5,0.1535281960436965,HH (Higher High)
1855,2021-11-21 17:00:00,59363.5,60047.5,1.1522231674345347,HH (Higher High)
1856,2021-11-21 20:45:00,60047.5,59693.5,-0.5895332861484658,LH (Lower High)
1857,2021-11-22 09:00:00,59693.5,57865.0,-3.063147578882123,LH (Lower High)
1858,2021-11-22 13:30:00,57865.0,59692.0,3.157349001987384,HH (Higher High)
1859,2021-11-23 03:00:00,59692.0,57293.0,-4.018964015278429,LH (Lower High)
1860,2021-11-23 10:15:00,57293.0,57748.5,0.7950360427975494,HH (Higher High)
1861,2021-11-23 15:00:00,57748.5,57740.0,-0.014718997030225894,LH (Lower High)
1862,2021-11-23 19:45:00,57740.0,57902.0,0.2805680637339799,HH (Higher High)
1863,2021-11-24 08:30:00,57902.0,57472.0,-0.7426341059030777,LH (Lower High)
1864,2021-11-24 13:00:00,57472.0,56921.0,-0.9587277282850779,LH (Lower High)
1865,2021-11-24 15:45:00,56921.0,57193.0,0.47785527309780224,HH (Higher High)
1866,2021-11-24 21:00:00,57193.0,57495.0,0.528036647841519,HH (Higher High)
1867,2021-11-25 00:45:00,57495.0,58330.0,1.4523002000173928,HH (Higher High)
1868,2021-11-25 16:00:00,58330.0,59440.5,1.9038230756043204,HH (Higher High)
1869,2021-11-25 23:00:00,59440.5,59337.0,-0.17412370353546824,LH (Lower High)
1870,2021-11-26 14:30:00,59337.0,54881.5,-7.508805635606788,LH (Lower High)
1871,2021-11-27 00:30:00,54881.5,54650.0,-0.4218179167843445,LH (Lower High)
1872,2021-11-27 03:30:00,54650.0,54611.5,-0.07044830741079598,LH (Lower High)
1873,2021-11-27 08:30:00,54611.5,55298.5,1.2579767997582927,HH (Higher High)
1874,2021-11-27 14:15:00,55298.5,55218.5,-0.14466938524553108,LH (Lower High)
1875,2021-11-27 20:00:00,55218.5,55075.0,-0.25987667176761414,LH (Lower High)
1876,2021-11-28 10:45:00,55075.0,54975.0,-0.18157058556513844,LH (Lower High)
1877,2021-11-29 01:00:00,54975.0,58250.0,5.95725329695316,HH (Higher High)
1878,2021-11-29 07:30:00,58250.0,57674.5,-0.9879828326180259,LH (Lower High)
1879,2021-11-29 13:30:00,57674.5,57522.5,-0.26354801515401083,LH (Lower High)
1880,2021-11-29 18:15:00,57522.5,58871.5,2.3451692815854663,HH (Higher High)
1881,2021-11-29 21:45:00,58871.5,58444.0,-0.726157818299177,LH (Lower High)
1882,2021-11-30 08:45:00,58444.0,57480.0,-1.6494422010813772,LH (Lower High)
1883,2021-11-30 15:30:00,57480.0,59200.0,2.992345163535143,HH (Higher High)
1884,2021-11-30 18:45:00,59200.0,58414.0,-1.3277027027027026,LH (Lower High)
1885,2021-12-01 00:45:00,58414.0,57697.5,-1.226589516211867,LH (Lower High)
1886,2021-12-01 08:30:00,57697.5,57842.0,0.2504441266952641,HH (Higher High)
1887,2021-12-01 16:15:00,57842.0,59073.0,2.128211334324539,HH (Higher High)
1888,2021-12-02 01:30:00,59073.0,57390.5,-2.8481709071826384,LH (Lower High)
1889,2021-12-02 08:30:00,57390.5,57200.0,-0.3319364703217431,LH (Lower High)
1890,2021-12-02 15:00:00,57200.0,57375.0,0.30594405594405594,HH (Higher High)
1891,2021-12-02 20:30:00,57375.0,57200.0,-0.30501089324618735,LH (Lower High)
1892,2021-12-03 05:45:00,57200.0,57066.5,-0.23339160839160839,LH (Lower High)
1893,2021-12-03 10:00:00,57066.5,57371.0,0.5335880069743194,HH (Higher High)
1894,2021-12-03 13:30:00,57371.0,57690.0,0.5560300500252741,HH (Higher High)
1895,2021-12-04 15:00:00,57690.0,48522.0,-15.891835673426938,LH (Lower High)
1896,2021-12-05 00:00:00,48522.0,49716.0,2.4607394583900084,HH (Higher High)
1897,2021-12-05 07:00:00,49716.0,49631.5,-0.16996540349183362,LH (Lower High)
1898,2021-12-05 12:15:00,49631.5,49622.0,-0.019141069683567897,LH (Lower High)
1899,2021-12-05 18:00:00,49622.0,49351.0,-0.5461287332231671,LH (Lower High)
1900,2021-12-05 23:00:00,49351.0,49481.5,0.26443233166501184,HH (Higher High)
1901,2021-12-06 04:15:00,49481.5,49230.0,-0.5082707678627366,LH (Lower High)
1902,2021-12-06 08:00:00,49230.0,49445.5,0.43774121470647975,HH (Higher High)
1903,2021-12-06 11:45:00,49445.5,48900.0,-1.1032348747611005,LH (Lower High)
1904,2021-12-06 22:00:00,48900.0,50900.0,4.08997955010225,HH (Higher High)
1905,2021-12-07 01:15:00,50900.0,51515.5,1.2092337917485265,HH (Higher High)
1906,2021-12-07 09:00:00,51515.5,51487.0,-0.05532315516689151,LH (Lower High)
1907,2021-12-07 12:00:00,51487.0,51506.0,0.036902519082486845,HH (Higher High)
1908,2021-12-07 15:45:00,51506.0,51923.5,0.8105851745427717,HH (Higher High)
1909,2021-12-08 01:00:00,51923.5,50788.5,-2.185908114822768,LH (Lower High)
1910,2021-12-08 06:45:00,50788.5,50662.0,-0.24907213247093335,LH (Lower High)
1911,2021-12-08 15:15:00,50662.0,51232.5,1.1260905609727212,HH (Higher High)
1912,2021-12-08 19:30:00,51232.5,50833.0,-0.7797784609378813,LH (Lower High)
1913,2021-12-09 07:30:00,50833.0,50388.5,-0.8744319634882851,LH (Lower High)
1914,2021-12-09 12:15:00,50388.5,49669.0,-1.427905176776447,LH (Lower High)
1915,2021-12-10 02:15:00,49669.0,48800.0,-1.749582234391673,LH (Lower High)
1916,2021-12-10 13:30:00,48800.0,50149.5,2.7653688524590168,HH (Higher High)
1917,2021-12-10 21:00:00,50149.5,48550.0,-3.1894635041226733,LH (Lower High)
1918,2021-12-11 00:30:00,48550.0,48475.0,-0.15447991761071062,LH (Lower High)
1919,2021-12-11 03:15:00,48475.0,48684.0,0.43115007735946365,HH (Higher High)
1920,2021-12-11 06:00:00,48684.0,48970.0,0.587461999835675,HH (Higher High)
1921,2021-12-11 13:00:00,48970.0,48901.0,-0.14090259342454564,LH (Lower High)
1922,2021-12-11 16:15:00,48901.0,49249.0,0.7116418887139322,HH (Higher High)
1923,2021-12-12 00:15:00,49249.0,49684.0,0.8832666653130014,HH (Higher High)
1924,2021-12-12 14:00:00,49684.0,49900.0,0.43474760486273245,HH (Higher High)
1925,2021-12-12 17:00:00,49900.0,50790.0,1.783567134268537,HH (Higher High)
1926,2021-12-13 05:45:00,50790.0,49295.0,-2.9434928135459737,LH (Lower High)
1927,2021-12-13 12:15:00,49295.0,48976.5,-0.6461101531595497,LH (Lower High)
1928,2021-12-13 22:00:00,48976.5,47297.5,-3.4281747368635975,LH (Lower High)
1929,2021-12-14 04:15:00,47297.5,47150.0,-0.31185580633225857,LH (Lower High)
1930,2021-12-14 08:45:00,47150.0,47485.0,0.7104984093319194,HH (Higher High)
1931,2021-12-14 12:15:00,47485.0,47920.0,0.9160787617142255,HH (Higher High)
1932,2021-12-14 21:00:00,47920.0,48826.5,1.89169449081803,HH (Higher High)
1933,2021-12-15 00:15:00,48826.5,48747.0,-0.16282141869681424,LH (Lower High)
1934,2021-12-15 04:15:00,48747.0,48417.5,-0.6759390321455679,LH (Lower High)
1935,2021-12-15 08:30:00,48417.5,48773.0,0.7342386533794599,HH (Higher High)
1936,2021-12-15 20:15:00,48773.0,49504.5,1.4998052201012855,HH (Higher High)
1937,2021-12-16 00:45:00,49504.5,49286.5,-0.44036400731246655,LH (Lower High)
1938,2021-12-16 07:15:00,49286.5,49083.5,-0.4118774918081016,LH (Lower High)
1939,2021-12-16 11:30:00,49083.5,49450.0,0.7466867684659815,HH (Higher High)
1940,2021-12-16 20:15:00,49450.0,48426.5,-2.0697674418604652,LH (Lower High)
1941,2021-12-17 01:15:00,48426.5,47982.5,-0.9168533757343604,LH (Lower High)
1942,2021-12-17 05:00:00,47982.5,47952.5,-0.06252279476892617,LH (Lower High)
1943,2021-12-17 12:15:00,47952.5,47342.5,-1.2720921745477296,LH (Lower High)
1944,2021-12-17 16:30:00,47342.5,47450.0,0.22706870148386754,HH (Higher High)
1945,2021-12-17 21:30:00,47450.0,47185.0,-0.5584826132771339,LH (Lower High)
1946,2021-12-18 05:30:00,47185.0,46907.0,-0.5891702871675321,LH (Lower High)
1947,2021-12-18 11:00:00,46907.0,47321.5,0.8836634191058904,HH (Higher High)
1948,2021-12-18 15:15:00,47321.5,47202.5,-0.25147131853385885,LH (Lower High)
1949,2021-12-18 22:00:00,47202.5,47098.5,-0.22032731317197185,LH (Lower High)
1950,2021-12-19 04:30:00,47098.5,48136.5,2.2038918436892896,HH (Higher High)
1951,2021-12-19 14:00:00,48136.5,48390.0,0.5266274033218037,HH (Higher High)
1952,2021-12-19 22:45:00,48390.0,47650.0,-1.5292415788386031,LH (Lower High)
1953,2021-12-20 05:00:00,47650.0,47046.0,-1.2675760755508918,LH (Lower High)
1954,2021-12-20 21:15:00,47046.0,47499.0,0.9628873868129064,HH (Higher High)
1955,2021-12-21 04:30:00,47499.0,48828.5,2.7990062948693657,HH (Higher High)
1956,2021-12-21 08:00:00,48828.5,49318.0,1.002488300889849,HH (Higher High)
1957,2021-12-21 12:30:00,49318.0,49299.0,-0.03852548765156738,LH (Lower High)
1958,2021-12-21 17:15:00,49299.0,48863.5,-0.8833850585204568,LH (Lower High)
1959,2021-12-22 02:30:00,48863.5,49586.0,1.4786087775128676,HH (Higher High)
1960,2021-12-22 08:30:00,49586.0,49500.0,-0.17343605049812447,LH (Lower High)
1961,2021-12-22 16:00:00,49500.0,49251.5,-0.502020202020202,LH (Lower High)
1962,2021-12-22 20:45:00,49251.5,49100.0,-0.30760484452250186,LH (Lower High)
1963,2021-12-23 02:15:00,49100.0,48750.5,-0.7118126272912423,LH (Lower High)
1964,2021-12-23 13:00:00,48750.5,48850.0,0.2041004707644024,HH (Higher High)
1965,2021-12-23 19:45:00,48850.0,51431.5,5.284544524053224,HH (Higher High)
1966,2021-12-24 02:00:00,51431.5,51555.0,0.2401252150919184,HH (Higher High)
1967,2021-12-24 11:15:00,51555.0,51450.0,-0.20366598778004072,LH (Lower High)
1968,2021-12-24 18:45:00,51450.0,51980.0,1.0301263362487851,HH (Higher High)
1969,2021-12-25 02:30:00,51980.0,51069.0,-1.7525971527510582,LH (Lower High)
1970,2021-12-25 07:30:00,51069.0,51040.5,-0.05580684955648241,LH (Lower High)
1971,2021-12-25 12:30:00,51040.5,50888.0,-0.2987823395146991,LH (Lower High)
1972,2021-12-25 18:30:00,50888.0,51149.0,0.5128910548655872,HH (Higher High)
1973,2021-12-25 21:30:00,51149.0,51081.5,-0.13196738939177696,LH (Lower High)
1974,2021-12-26 09:45:00,51081.5,50173.5,-1.7775515597623404,LH (Lower High)
1975,2021-12-26 22:30:00,50173.5,51294.0,2.2332506203473943,HH (Higher High)
1976,2021-12-27 03:45:00,51294.0,51090.0,-0.39770733419113347,LH (Lower High)
1977,2021-12-27 14:15:00,51090.0,51812.0,1.4131924055588176,HH (Higher High)
1978,2021-12-27 17:45:00,51812.0,52119.0,0.5925268277619083,HH (Higher High)
1979,2021-12-28 09:00:00,52119.0,49409.5,-5.1986799439743665,LH (Lower High)
1980,2021-12-28 12:30:00,49409.5,49345.5,-0.12952974630384845,LH (Lower High)
1981,2021-12-29 03:00:00,49345.5,48137.0,-2.4490581714644697,LH (Lower High)
1982,2021-12-29 09:45:00,48137.0,48118.0,-0.039470677441469135,LH (Lower High)
1983,2021-12-29 15:00:00,48118.0,48040.0,-0.1621015004779916,LH (Lower High)
1984,2021-12-30 04:15:00,48040.0,46924.5,-2.322023313905079,LH (Lower High)
1985,2021-12-30 08:00:00,46924.5,47234.0,0.6595701605770973,HH (Higher High)
1986,2021-12-30 12:15:00,47234.0,47685.0,0.9548206800186306,HH (Higher High)
1987,2021-12-30 18:45:00,47685.0,47920.5,0.4938659955960994,HH (Higher High)
1988,2021-12-31 00:00:00,47920.5,47400.0,-1.0861739756471656,LH (Lower High)
1989,2021-12-31 08:45:00,47400.0,48554.0,2.4345991561181437,HH (Higher High)
1990,2021-12-31 14:30:00,48554.0,48136.5,-0.85986736417185,LH (Lower High)
1991,2022-01-01 01:15:00,48136.5,46929.5,-2.5074527645341895,LH (Lower High)
1992,2022-01-01 05:30:00,46929.5,47552.0,1.3264577717640291,HH (Higher High)
1993,2022-01-01 08:15:00,47552.0,47351.5,-0.42164367429340516,LH (Lower High)
1994,2022-01-01 17:45:00,47351.5,47915.5,1.1910921512518082,HH (Higher High)
1995,2022-01-01 23:45:00,47915.5,47845.0,-0.1471340171760704,LH (Lower High)
1996,2022-01-02 09:15:00,47845.0,47552.0,-0.612394189570488,LH (Lower High)
1997,2022-01-02 12:30:00,47552.0,47436.5,-0.24289199192462987,LH (Lower High)
1998,2022-01-02 17:00:00,47436.5,48000.0,1.1879038293297355,HH (Higher High)
1999,2022-01-02 23:30:00,48000.0,47477.5,-1.0885416666666667,LH (Lower High)
2000,2022-01-03 05:30:00,47477.5,47199.0,-0.5865936496235059,LH (Lower High)
2001,2022-01-03 12:15:00,47199.0,47576.5,0.7998050806161148,HH (Higher High)
2002,2022-01-04 00:15:00,47576.5,46608.0,-2.035668870135466,LH (Lower High)
2003,2022-01-04 08:00:00,46608.0,46700.0,0.197391005835908,HH (Higher High)
2004,2022-01-04 15:00:00,46700.0,47475.0,1.6595289079229123,HH (Higher High)
2005,2022-01-05 03:15:00,47475.0,46566.5,-1.913638757240653,LH (Lower High)
2006,2022-01-05 10:00:00,46566.5,47060.0,1.0597747307613843,HH (Higher High)
2007,2022-01-05 14:30:00,47060.0,46826.5,-0.4961750956226094,LH (Lower High)
2008,2022-01-06 01:15:00,46826.5,43795.0,-6.473898326802131,LH (Lower High)
2009,2022-01-06 14:30:00,43795.0,43220.0,-1.3129352665829432,LH (Lower High)
2010,2022-01-06 20:00:00,43220.0,43549.0,0.7612216566404442,HH (Higher High)
2011,2022-01-07 08:15:00,43549.0,43260.0,-0.6636202897885141,LH (Lower High)
2012,2022-01-07 13:30:00,43260.0,42774.0,-1.1234396671289875,LH (Lower High)
2013,2022-01-07 16:45:00,42774.0,42404.5,-0.8638425211577125,LH (Lower High)
2014,2022-01-07 20:45:00,42404.5,42043.0,-0.8525038616184604,LH (Lower High)
2015,2022-01-08 01:00:00,42043.0,42242.0,0.47332492923911235,HH (Higher High)
2016,2022-01-08 04:30:00,42242.0,41973.5,-0.6356233132900904,LH (Lower High)
2017,2022-01-08 13:45:00,41973.5,42100.0,0.30138063301845214,HH (Higher High)
2018,2022-01-09 02:45:00,42100.0,42136.0,0.0855106888361045,HH (Higher High)
2019,2022-01-09 08:00:00,42136.0,41943.0,-0.45804063033985193,LH (Lower High)
2020,2022-01-09 11:00:00,41943.0,42000.0,0.13589871969100922,HH (Higher High)
2021,2022-01-09 20:00:00,42000.0,42771.0,1.8357142857142856,HH (Higher High)
2022,2022-01-10 17:00:00,42771.0,42121.5,-1.5185522901031072,LH (Lower High)
2023,2022-01-10 21:00:00,42121.5,41972.0,-0.3549256318032359,LH (Lower High)
2024,2022-01-11 04:45:00,41972.0,42380.0,0.972076622510245,HH (Higher High)
2025,2022-01-11 08:15:00,42380.0,42700.0,0.7550731477111845,HH (Higher High)
2026,2022-01-11 17:00:00,42700.0,43100.0,0.936768149882904,HH (Higher High)
2027,2022-01-11 19:45:00,43100.0,43163.0,0.14617169373549885,HH (Higher High)
2028,2022-01-12 00:00:00,43163.0,42938.5,-0.5201214002733823,LH (Lower High)
2029,2022-01-12 06:30:00,42938.5,42830.0,-0.25268698254480243,LH (Lower High)
2030,2022-01-12 13:45:00,42830.0,44209.0,3.2197058136819985,HH (Higher High)
2031,2022-01-12 18:00:00,44209.0,43857.5,-0.795086973240743,LH (Lower High)
2032,2022-01-12 21:15:00,43857.5,44450.0,1.35096619734367,HH (Higher High)
2033,2022-01-13 10:00:00,44450.0,43995.0,-1.0236220472440944,LH (Lower High)
2034,2022-01-13 14:30:00,43995.0,44366.5,0.8444141379702239,HH (Higher High)
2035,2022-01-14 06:15:00,44366.5,42936.0,-3.224279580313975,LH (Lower High)
2036,2022-01-14 15:15:00,42936.0,43300.0,0.8477734302217254,HH (Higher High)
2037,2022-01-14 19:30:00,43300.0,43704.5,0.9341801385681293,HH (Higher High)
2038,2022-01-15 10:15:00,43704.5,43289.0,-0.9507030168518116,LH (Lower High)
2039,2022-01-15 20:15:00,43289.0,43779.5,1.1330823072836056,HH (Higher High)
2040,2022-01-16 08:00:00,43779.5,43295.0,-1.1066823513288182,LH (Lower High)
2041,2022-01-16 16:15:00,43295.0,43455.0,0.36955768564499364,HH (Higher High)
2042,2022-01-16 22:45:00,43455.0,43227.5,-0.5235300885973997,LH (Lower High)
2043,2022-01-17 07:00:00,43227.5,42929.0,-0.6905326470418136,LH (Lower High)
2044,2022-01-17 09:45:00,42929.0,42879.0,-0.11647138298120152,LH (Lower High)
2045,2022-01-18 01:00:00,42879.0,42395.5,-1.1275915949532405,LH (Lower High)
2046,2022-01-18 06:45:00,42395.5,42304.0,-0.21582479272564303,LH (Lower High)
2047,2022-01-18 15:30:00,42304.0,41890.0,-0.9786308623298033,LH (Lower High)
2048,2022-01-18 22:30:00,41890.0,42650.0,1.814275483408928,HH (Higher High)
2049,2022-01-19 02:15:00,42650.0,42484.5,-0.388042203985932,LH (Lower High)
2050,2022-01-19 14:45:00,42484.5,42546.0,0.14475867669385306,HH (Higher High)
2051,2022-01-20 03:00:00,42546.0,42048.5,-1.169322615522023,LH (Lower High)
2052,2022-01-20 16:00:00,42048.5,43482.0,3.409158471764748,HH (Higher High)
2053,2022-01-20 19:00:00,43482.0,43380.5,-0.23342992502644772,LH (Lower High)
2054,2022-01-21 08:00:00,43380.5,39273.0,-9.46854001221747,LH (Lower High)
2055,2022-01-21 16:15:00,39273.0,39034.0,-0.6085605886996155,LH (Lower High)
2056,2022-01-22 10:30:00,39034.0,35901.0,-8.026336014756366,LH (Lower High)
2057,2022-01-22 13:15:00,35901.0,36189.0,0.8022060666833792,HH (Higher High)
2058,2022-01-22 21:45:00,36189.0,35738.0,-1.2462350437978391,LH (Lower High)
2059,2022-01-23 01:30:00,35738.0,35498.0,-0.6715540880855112,LH (Lower High)
2060,2022-01-23 09:30:00,35498.0,36143.0,1.8170037748605556,HH (Higher High)
2061,2022-01-23 14:00:00,36143.0,36028.5,-0.31679716680961734,LH (Lower High)
2062,2022-01-23 23:00:00,36028.5,36613.0,1.6223267690855852,HH (Higher High)
2063,2022-01-24 08:45:00,36613.0,35572.5,-2.841886761532789,LH (Lower High)
2064,2022-01-24 20:45:00,35572.5,37550.0,5.559069505938576,HH (Higher High)
2065,2022-01-25 03:45:00,37550.0,36488.0,-2.8282290279627165,LH (Lower High)
2066,2022-01-25 10:15:00,36488.0,36767.0,0.7646349484762114,HH (Higher High)
2067,2022-01-25 18:15:00,36767.0,37500.0,1.9936355971387387,HH (Higher High)
2068,2022-01-26 05:45:00,37500.0,37967.0,1.2453333333333334,HH (Higher High)
2069,2022-01-26 11:00:00,37967.0,38200.0,0.6136908367793084,HH (Higher High)
2070,2022-01-26 14:15:00,38200.0,38469.0,0.7041884816753927,HH (Higher High)
2071,2022-01-26 19:00:00,38469.0,38888.0,1.0891886973927059,HH (Higher High)
2072,2022-01-27 00:15:00,38888.0,37049.0,-4.728965233491051,LH (Lower High)
2073,2022-01-27 14:30:00,37049.0,37223.0,0.46964830359793786,HH (Higher High)
2074,2022-01-28 00:00:00,37223.0,37430.0,0.5561077828224484,HH (Higher High)
2075,2022-01-28 03:15:00,37430.0,37432.5,0.00667913438418381,HH (Higher High)
2076,2022-01-28 06:30:00,37432.5,37497.5,0.17364589594603622,HH (Higher High)
2077,2022-01-28 16:15:00,37497.5,37342.5,-0.4133608907260484,LH (Lower High)
2078,2022-01-28 21:45:00,37342.5,37964.0,1.664323491999732,HH (Higher High)
2079,2022-01-29 04:45:00,37964.0,37885.5,-0.20677483932146243,LH (Lower High)
2080,2022-01-29 07:45:00,37885.5,37900.0,0.03827321798577293,HH (Higher High)
2081,2022-01-29 14:00:00,37900.0,38150.0,0.6596306068601583,HH (Higher High)
2082,2022-01-29 21:00:00,38150.0,38769.0,1.6225425950196593,HH (Higher High)
2083,2022-01-30 05:00:00,38769.0,38358.0,-1.060125357889035,LH (Lower High)
2084,2022-01-30 08:00:00,38358.0,38341.0,-0.044319307575994574,LH (Lower High)
2085,2022-01-30 11:15:00,38341.0,38230.0,-0.28950731592811874,LH (Lower High)
2086,2022-01-30 16:00:00,38230.0,38058.0,-0.44990844886215015,LH (Lower High)
2087,2022-01-30 23:00:00,38058.0,38200.0,0.37311471963844656,HH (Higher High)
2088,2022-01-31 19:15:00,38200.0,38771.0,1.4947643979057592,HH (Higher High)
2089,2022-01-31 22:30:00,38771.0,38700.0,-0.1831265636687215,LH (Lower High)
2090,2022-02-01 03:45:00,38700.0,38631.0,-0.17829457364341086,LH (Lower High)
2091,2022-02-01 09:00:00,38631.0,39097.0,1.2062851078149672,HH (Higher High)
2092,2022-02-01 16:45:00,39097.0,39250.0,0.3913343734813413,HH (Higher High)
2093,2022-02-01 23:30:00,39250.0,38857.5,-1.0,LH (Lower High)
2094,2022-02-02 03:15:00,38857.5,38715.0,-0.3667245705462266,LH (Lower High)
2095,2022-02-02 12:45:00,38715.0,38707.5,-0.019372336303758234,LH (Lower High)
2096,2022-02-02 19:30:00,38707.5,37641.0,-2.7552799844991283,LH (Lower High)
2097,2022-02-03 08:00:00,37641.0,37066.0,-1.5275895964506787,LH (Lower High)
2098,2022-02-03 16:00:00,37066.0,37190.0,0.334538390978255,HH (Higher High)
2099,2022-02-03 23:45:00,37190.0,37425.0,0.6318902930895401,HH (Higher High)
2100,2022-02-04 07:00:00,37425.0,38160.0,1.963927855711423,HH (Higher High)
2101,2022-02-04 10:00:00,38160.0,38338.0,0.46645702306079667,HH (Higher High)
2102,2022-02-04 19:45:00,38338.0,41010.5,6.970890500286922,HH (Higher High)
2103,2022-02-05 00:30:00,41010.5,41918.0,2.2128479291888663,HH (Higher High)
2104,2022-02-05 06:30:00,41918.0,41696.0,-0.529605420105921,LH (Lower High)
2105,2022-02-05 10:00:00,41696.0,41636.0,-0.14389869531849578,LH (Lower High)
2106,2022-02-05 15:30:00,41636.0,41847.0,0.5067729849168988,HH (Higher High)
2107,2022-02-05 21:15:00,41847.0,41730.0,-0.27958993476234856,LH (Lower High)
2108,2022-02-06 01:45:00,41730.0,41606.0,-0.2971483345315121,LH (Lower High)
2109,2022-02-06 07:45:00,41606.0,41682.0,0.18266596164014806,HH (Higher High)
2110,2022-02-06 14:30:00,41682.0,42240.0,1.3387073556931048,HH (Higher High)
2111,2022-02-06 17:30:00,42240.0,41699.5,-1.279592803030303,LH (Lower High)
2112,2022-02-06 23:45:00,41699.5,42638.5,2.2518255614575713,HH (Higher High)
2113,2022-02-07 05:15:00,42638.5,42990.0,0.8243723395522826,HH (Higher High)
2114,2022-02-07 18:00:00,42990.0,44500.0,3.5124447545940916,HH (Higher High)
2115,2022-02-08 06:15:00,44500.0,45500.0,2.247191011235955,HH (Higher High)
2116,2022-02-08 21:00:00,45500.0,44360.0,-2.5054945054945055,LH (Lower High)
2117,2022-02-09 07:45:00,44360.0,44000.0,-0.8115419296663661,LH (Lower High)
2118,2022-02-09 13:00:00,44000.0,44448.0,1.0181818181818183,HH (Higher High)
2119,2022-02-09 20:30:00,44448.0,44808.0,0.8099352051835854,HH (Higher High)
2120,2022-02-10 11:30:00,44808.0,45153.0,0.7699517943224424,HH (Higher High)
2121,2022-02-10 17:15:00,45153.0,45924.5,1.708635085154918,HH (Higher High)
2122,2022-02-11 09:15:00,45924.5,43582.0,-5.100763209180284,LH (Lower High)
2123,2022-02-11 14:45:00,43582.0,43876.0,0.6745904272406039,HH (Higher High)
2124,2022-02-12 01:00:00,43876.0,42483.5,-3.1737168383626586,LH (Lower High)
2125,2022-02-12 09:45:00,42483.5,42437.0,-0.1094542587122059,LH (Lower High)
2126,2022-02-12 18:15:00,42437.0,42975.0,1.267761623111907,HH (Higher High)
2127,2022-02-13 00:30:00,42975.0,42467.5,-1.1809191390343223,LH (Lower High)
2128,2022-02-13 11:15:00,42467.5,42600.0,0.312003296638606,HH (Higher High)
2129,2022-02-13 15:30:00,42600.0,42750.0,0.35211267605633806,HH (Higher High)
2130,2022-02-13 21:00:00,42750.0,42508.0,-0.5660818713450293,LH (Lower High)
2131,2022-02-14 08:00:00,42508.0,42399.0,-0.25642232050437563,LH (Lower High)
2132,2022-02-14 14:30:00,42399.0,42790.0,0.9221915611217246,HH (Higher High)
2133,2022-02-14 17:45:00,42790.0,42845.0,0.12853470437017994,HH (Higher High)
2134,2022-02-15 04:00:00,42845.0,43790.5,2.206791924378574,HH (Higher High)
2135,2022-02-15 14:30:00,43790.5,44480.0,1.5745424235850243,HH (Higher High)
2136,2022-02-15 23:30:00,44480.0,44800.0,0.7194244604316548,HH (Higher High)
2137,2022-02-16 08:15:00,44800.0,44314.0,-1.0848214285714286,LH (Lower High)
2138,2022-02-16 20:00:00,44314.0,44396.0,0.18504310150291103,HH (Higher High)
2139,2022-02-16 23:30:00,44396.0,44157.0,-0.5383367870979368,LH (Lower High)
2140,2022-02-17 08:00:00,44157.0,43990.0,-0.37819598251692826,LH (Lower High)
2141,2022-02-17 12:00:00,43990.0,43348.0,-1.4594225960445555,LH (Lower High)
2142,2022-02-18 01:30:00,43348.0,40921.5,-5.597720771431208,LH (Lower High)
2143,2022-02-18 08:45:00,40921.5,40924.0,0.006109257969527021,HH (Higher High)
2144,2022-02-18 15:00:00,40924.0,40782.0,-0.34698465448147786,LH (Lower High)
2145,2022-02-19 01:00:00,40782.0,40330.0,-1.1083321073022412,LH (Lower High)
2146,2022-02-19 06:30:00,40330.0,40450.0,0.29754525167369206,HH (Higher High)
2147,2022-02-19 16:15:00,40450.0,40347.5,-0.2533992583436341,LH (Lower High)
2148,2022-02-20 12:15:00,40347.5,38599.0,-4.333601834066547,LH (Lower High)
2149,2022-02-20 16:15:00,38599.0,38476.0,-0.31866110520997953,LH (Lower High)
2150,2022-02-21 01:30:00,38476.0,39390.0,2.3755068094396505,HH (Higher High)
2151,2022-02-21 05:15:00,39390.0,39480.0,0.2284843869002285,HH (Higher High)
2152,2022-02-21 15:00:00,39480.0,39368.0,-0.28368794326241137,LH (Lower High)
2153,2022-02-22 05:45:00,39368.0,37250.0,-5.3800040642145905,LH (Lower High)
2154,2022-02-22 10:45:00,37250.0,37824.0,1.5409395973154363,HH (Higher High)
2155,2022-02-22 14:45:00,37824.0,38375.5,1.4580689509306262,HH (Higher High)
2156,2022-02-22 20:00:00,38375.5,38260.0,-0.3009732772211437,LH (Lower High)
2157,2022-02-22 23:30:00,38260.0,38455.0,0.5096706743335077,HH (Higher High)
2158,2022-02-23 09:00:00,38455.0,38983.0,1.3730334156806656,HH (Higher High)
2159,2022-02-23 13:15:00,38983.0,39240.0,0.659261729471821,HH (Higher High)
2160,2022-02-24 08:00:00,39240.0,35851.5,-8.635321100917432,LH (Lower High)
2161,2022-02-24 20:00:00,35851.5,40000.0,11.571342900575987,HH (Higher High)
2162,2022-02-25 03:45:00,40000.0,39000.0,-2.5,LH (Lower High)
2163,2022-02-25 07:00:00,39000.0,38818.0,-0.46666666666666673,LH (Lower High)
2164,2022-02-25 13:30:00,38818.0,39676.5,2.21160286465042,HH (Higher High)
2165,2022-02-26 00:30:00,39676.5,40300.0,1.5714591760866001,HH (Higher High)
2166,2022-02-26 08:15:00,40300.0,39550.0,-1.8610421836228286,LH (Lower High)
2167,2022-02-26 14:30:00,39550.0,39404.0,-0.36915297092288246,LH (Lower High)
2168,2022-02-26 21:15:00,39404.0,39647.0,0.6166886610496396,HH (Higher High)
2169,2022-02-27 12:45:00,39647.0,39892.5,0.6192145685676091,HH (Higher High)
2170,2022-02-28 01:30:00,39892.5,38482.5,-3.5344989659710473,LH (Lower High)
2171,2022-02-28 08:00:00,38482.5,38700.0,0.565191970376145,HH (Higher High)
2172,2022-02-28 22:30:00,38700.0,44347.5,14.593023255813954,HH (Higher High)
2173,2022-03-01 08:15:00,44347.5,43700.0,-1.4600597553413384,LH (Lower High)
2174,2022-03-01 13:00:00,43700.0,44900.0,2.745995423340961,HH (Higher High)
2175,2022-03-02 00:00:00,44900.0,44747.0,-0.34075723830734966,LH (Lower High)
2176,2022-03-02 03:45:00,44747.0,44515.0,-0.5184705119896306,LH (Lower High)
2177,2022-03-02 10:30:00,44515.0,44308.5,-0.4638885768841964,LH (Lower High)
2178,2022-03-02 15:00:00,44308.5,45372.0,2.400216662717086,HH (Higher High)
2179,2022-03-02 22:00:00,45372.0,44391.5,-2.161024420347351,LH (Lower High)
2180,2022-03-03 07:00:00,44391.5,43680.0,-1.6027843168174085,LH (Lower High)
2181,2022-03-03 14:00:00,43680.0,44065.0,0.8814102564102564,HH (Higher High)
2182,2022-03-03 22:30:00,44065.0,42696.0,-3.1067740837399294,LH (Lower High)
2183,2022-03-04 09:00:00,42696.0,41826.0,-2.0376616076447442,LH (Lower High)
2184,2022-03-04 11:45:00,41826.0,41900.0,0.17692344474728638,HH (Higher High)
2185,2022-03-05 03:30:00,41900.0,39086.0,-6.71599045346062,LH (Lower High)
2186,2022-03-05 12:30:00,39086.0,39449.0,0.9287212812771837,HH (Higher High)
2187,2022-03-05 16:45:00,39449.0,39575.0,0.31939973129863874,HH (Higher High)
2188,2022-03-05 20:45:00,39575.0,39550.0,-0.06317119393556538,LH (Lower High)
2189,2022-03-06 00:45:00,39550.0,39748.0,0.5006321112515802,HH (Higher High)
2190,2022-03-06 05:00:00,39748.0,39621.0,-0.31951293146825,LH (Lower High)
2191,2022-03-06 16:30:00,39621.0,39351.0,-0.6814568032104187,LH (Lower High)
2192,2022-03-06 21:00:00,39351.0,39266.0,-0.21600467586592462,LH (Lower High)
2193,2022-03-07 05:15:00,39266.0,38225.0,-2.6511485763765092,LH (Lower High)
2194,2022-03-07 09:00:00,38225.0,38360.5,0.3544800523217789,HH (Higher High)
2195,2022-03-07 16:00:00,38360.5,39536.0,3.0643500475749796,HH (Higher High)
2196,2022-03-07 23:30:00,39536.0,38517.5,-2.5761331444759206,LH (Lower High)
2197,2022-03-08 02:45:00,38517.5,38930.0,1.0709417797105212,HH (Higher High)
2198,2022-03-08 08:30:00,38930.0,39145.0,0.5522733110711534,HH (Higher High)
2199,2022-03-08 12:00:00,39145.0,39186.0,0.10473879167198875,HH (Higher High)
2200,2022-03-08 14:45:00,39186.0,39145.0,-0.1046292043076609,LH (Lower High)
2201,2022-03-08 18:00:00,39145.0,39330.0,0.4726018648614127,HH (Higher High)
2202,2022-03-09 04:15:00,39330.0,41878.0,6.478515128400712,HH (Higher High)
2203,2022-03-09 08:45:00,41878.0,42435.0,1.3300539662830126,HH (Higher High)
2204,2022-03-09 12:30:00,42435.0,42537.0,0.240367621067515,HH (Higher High)
2205,2022-03-09 15:45:00,42537.0,42698.0,0.3784940169734584,HH (Higher High)
2206,2022-03-09 23:30:00,42698.0,42128.5,-1.3337861258138555,LH (Lower High)
2207,2022-03-10 13:30:00,42128.5,40371.0,-4.171760209834198,LH (Lower High)
2208,2022-03-10 20:45:00,40371.0,39650.0,-1.7859354487131853,LH (Lower High)
2209,2022-03-11 07:30:00,39650.0,39300.0,-0.8827238335435058,LH (Lower High)
2210,2022-03-11 12:30:00,39300.0,40250.0,2.4173027989821882,HH (Higher High)
2211,2022-03-12 01:00:00,40250.0,39283.0,-2.4024844720496894,LH (Lower High)
2212,2022-03-12 06:00:00,39283.0,39241.5,-0.10564366265305603,LH (Lower High)
2213,2022-03-12 10:30:00,39241.5,39260.0,0.047143967483404055,HH (Higher High)
2214,2022-03-12 17:00:00,39260.0,39447.0,0.4763117677024962,HH (Higher High)
2215,2022-03-12 20:45:00,39447.0,39195.0,-0.6388318503308237,LH (Lower High)
2216,2022-03-13 01:15:00,39195.0,39250.0,0.14032402092103585,HH (Higher High)
2217,2022-03-13 04:00:00,39250.0,39305.5,0.14140127388535031,HH (Higher High)
2218,2022-03-13 15:00:00,39305.5,39047.0,-0.65766877409014,LH (Lower High)
2219,2022-03-13 19:15:00,39047.0,39045.0,-0.005122032422465234,LH (Lower High)
2220,2022-03-14 04:15:00,39045.0,38912.0,-0.34063260340632606,LH (Lower High)
2221,2022-03-14 09:45:00,38912.0,39272.0,0.9251644736842104,HH (Higher High)
2222,2022-03-14 14:00:00,39272.0,39155.0,-0.2979221837441434,LH (Lower High)
2223,2022-03-14 22:45:00,39155.0,39922.0,1.9588813689184013,HH (Higher High)
2224,2022-03-15 06:15:00,39922.0,38964.0,-2.3996793747808227,LH (Lower High)
2225,2022-03-15 22:00:00,38964.0,39950.0,2.530541012216405,HH (Higher High)
2226,2022-03-16 02:15:00,39950.0,41737.0,4.473091364205257,HH (Higher High)
2227,2022-03-16 09:00:00,41737.0,40685.5,-2.519347341687232,LH (Lower High)
2228,2022-03-16 14:15:00,40685.5,41293.0,1.4931609541482838,HH (Higher High)
2229,2022-03-16 20:00:00,41293.0,41462.0,0.4092703363766255,HH (Higher High)
2230,2022-03-17 02:00:00,41462.0,41351.5,-0.2665090926631615,LH (Lower High)
2231,2022-03-17 05:00:00,41351.5,41446.5,0.2297377362368959,HH (Higher High)
2232,2022-03-17 12:15:00,41446.5,41180.5,-0.6417912248320123,LH (Lower High)
2233,2022-03-17 22:00:00,41180.5,41046.0,-0.32661089593375503,LH (Lower High)
2234,2022-03-18 05:00:00,41046.0,40870.5,-0.42756906884958334,LH (Lower High)
2235,2022-03-18 20:00:00,40870.5,42335.0,3.5832691060789568,HH (Higher High)
2236,2022-03-19 00:30:00,42335.0,41994.5,-0.8042990433447502,LH (Lower High)
2237,2022-03-19 04:45:00,41994.5,41935.0,-0.14168522068366096,LH (Lower High)
2238,2022-03-19 16:30:00,41935.0,42133.0,0.4721592941457017,HH (Higher High)
2239,2022-03-19 20:30:00,42133.0,42397.0,0.6265872356585099,HH (Higher High)
2240,2022-03-20 20:15:00,42397.0,41664.0,-1.7288959124466354,LH (Lower High)
2241,2022-03-21 13:30:00,41664.0,41537.0,-0.3048195084485407,LH (Lower High)
2242,2022-03-21 22:00:00,41537.0,41340.0,-0.4742759467462744,LH (Lower High)
2243,2022-03-22 04:15:00,41340.0,43453.0,5.111272375423319,HH (Higher High)
2244,2022-03-22 14:30:00,43453.0,43204.5,-0.5718822635951488,LH (Lower High)
2245,2022-03-22 21:45:00,43204.5,42869.0,-0.7765394808411161,LH (Lower High)
2246,2022-03-23 08:15:00,42869.0,42343.0,-1.2269938650306749,LH (Lower High)
2247,2022-03-23 16:15:00,42343.0,42733.0,0.9210495241244127,HH (Higher High)
2248,2022-03-24 00:30:00,42733.0,43250.0,1.2098378302482857,HH (Higher High)
2249,2022-03-24 06:15:00,43250.0,43500.0,0.5780346820809248,HH (Higher High)
2250,2022-03-24 09:30:00,43500.0,43200.0,-0.6896551724137931,LH (Lower High)
2251,2022-03-24 17:15:00,43200.0,44199.0,2.3125,HH (Higher High)
2252,2022-03-24 22:15:00,44199.0,44077.5,-0.2748930971288943,LH (Lower High)
2253,2022-03-25 01:30:00,44077.5,44388.0,0.7044410413476264,HH (Higher High)
2254,2022-03-25 14:00:00,44388.0,45055.5,1.5037848067045148,HH (Higher High)
2255,2022-03-25 20:45:00,45055.5,44592.0,-1.0287312314811732,LH (Lower High)
2256,2022-03-26 08:15:00,44592.0,44529.0,-0.14128094725511303,LH (Lower High)
2257,2022-03-26 17:15:00,44529.0,44440.0,-0.19986974780480138,LH (Lower High)
2258,2022-03-26 20:30:00,44440.0,44750.0,0.6975697569756976,HH (Higher High)
2259,2022-03-27 02:00:00,44750.0,44917.0,0.37318435754189944,HH (Higher High)
2260,2022-03-27 07:45:00,44917.0,44727.0,-0.42300242669813215,LH (Lower High)
2261,2022-03-27 16:30:00,44727.0,44999.5,0.6092516824289579,HH (Higher High)
2262,2022-03-28 00:30:00,44999.5,47800.0,6.223402482249803,HH (Higher High)
2263,2022-03-28 05:00:00,47800.0,47438.5,-0.7562761506276151,LH (Lower High)
2264,2022-03-28 15:00:00,47438.5,47914.5,1.00340440781222,HH (Higher High)
2265,2022-03-28 19:30:00,47914.5,48185.0,0.5645472664850932,HH (Higher High)
2266,2022-03-29 06:15:00,48185.0,47720.0,-0.9650306111860537,LH (Lower High)
2267,2022-03-29 12:15:00,47720.0,48068.5,0.7303017602682313,HH (Higher High)
2268,2022-03-29 15:15:00,48068.5,47971.0,-0.2028355367860449,LH (Lower High)
2269,2022-03-29 19:15:00,47971.0,47857.0,-0.23764357632736444,LH (Lower High)
2270,2022-03-29 23:45:00,47857.0,47500.0,-0.7459723760369433,LH (Lower High)
2271,2022-03-30 06:00:00,47500.0,47570.0,0.1473684210526316,HH (Higher High)
2272,2022-03-30 11:30:00,47570.0,47436.5,-0.28063905822997687,LH (Lower High)
2273,2022-03-30 17:45:00,47436.5,47676.0,0.5048854784817598,HH (Higher High)
2274,2022-03-30 21:30:00,47676.0,47270.5,-0.8505327628156725,LH (Lower High)
2275,2022-03-31 01:45:00,47270.5,47395.0,0.26337779376143683,HH (Higher High)
2276,2022-03-31 13:00:00,47395.0,47589.5,0.4103808418609558,HH (Higher High)
2277,2022-04-01 15:15:00,47589.5,46697.0,-1.8754136941972495,LH (Lower High)
2278,2022-04-01 21:15:00,46697.0,46426.0,-0.5803370666209821,LH (Lower High)
2279,2022-04-02 00:45:00,46426.0,47230.0,1.7317882221169172,HH (Higher High)
2280,2022-04-02 06:45:00,47230.0,46649.0,-1.2301503281812407,LH (Lower High)
2281,2022-04-02 13:15:00,46649.0,46947.5,0.639885099359043,HH (Higher High)
2282,2022-04-03 06:00:00,46947.5,46580.0,-0.7827892859044677,LH (Lower High)
2283,2022-04-03 15:00:00,46580.0,46730.0,0.32202662086732503,HH (Higher High)
2284,2022-04-03 18:45:00,46730.0,46798.5,0.146586775090948,HH (Higher High)
2285,2022-04-03 22:15:00,46798.5,47493.0,1.4840219237796084,HH (Higher High)
2286,2022-04-04 06:45:00,47493.0,46300.0,-2.511949129345377,LH (Lower High)
2287,2022-04-04 14:00:00,46300.0,46380.0,0.17278617710583152,HH (Higher High)
2288,2022-04-04 23:30:00,46380.0,46880.0,1.0780508840017249,HH (Higher High)
2289,2022-04-05 04:30:00,46880.0,46866.5,-0.028796928327645053,LH (Lower High)
2290,2022-04-05 12:15:00,46866.5,47190.0,0.6902585002080377,HH (Higher High)
2291,2022-04-05 17:30:00,47190.0,46188.5,-2.122271667726213,LH (Lower High)
2292,2022-04-05 22:45:00,46188.5,46043.0,-0.3150134773807333,LH (Lower High)
2293,2022-04-06 07:00:00,46043.0,45495.0,-1.1901917772516994,LH (Lower High)
2294,2022-04-06 10:15:00,45495.0,45434.0,-0.1340806682052973,LH (Lower High)
2295,2022-04-06 18:00:00,45434.0,44284.0,-2.5311440771228595,LH (Lower High)
2296,2022-04-07 12:00:00,44284.0,43883.0,-0.9055189233131604,LH (Lower High)
2297,2022-04-07 18:15:00,43883.0,43830.5,-0.11963630563088211,LH (Lower High)
2298,2022-04-07 23:15:00,43830.5,43731.5,-0.2258701132772841,LH (Lower High)
2299,2022-04-08 02:45:00,43731.5,43673.5,-0.13262751106182044,LH (Lower High)
2300,2022-04-08 08:45:00,43673.5,43982.0,0.7063780095481241,HH (Higher High)
2301,2022-04-08 15:00:00,43982.0,43942.5,-0.08980946750943568,LH (Lower High)
2302,2022-04-09 05:45:00,43942.5,42614.0,-3.0232690447744215,LH (Lower High)
2303,2022-04-09 11:15:00,42614.0,42518.0,-0.2252780776270709,LH (Lower High)
2304,2022-04-09 20:00:00,42518.0,42631.0,0.2657697916176678,HH (Higher High)
2305,2022-04-09 23:30:00,42631.0,42778.0,0.34481949754873215,HH (Higher High)
2306,2022-04-10 02:45:00,42778.0,42878.0,0.23376501940249658,HH (Higher High)
2307,2022-04-10 12:00:00,42878.0,42823.0,-0.12827090815802974,LH (Lower High)
2308,2022-04-10 20:00:00,42823.0,43403.0,1.3544123485043085,HH (Higher High)
2309,2022-04-11 01:15:00,43403.0,42400.0,-2.310900168191139,LH (Lower High)
2310,2022-04-12 08:00:00,42400.0,40398.0,-4.721698113207547,LH (Lower High)
2311,2022-04-12 12:30:00,40398.0,40713.0,0.7797415713649191,HH (Higher High)
2312,2022-04-12 23:15:00,40713.0,40278.0,-1.0684547933092625,LH (Lower High)
2313,2022-04-13 03:15:00,40278.0,40239.5,-0.09558567952728537,LH (Lower High)
2314,2022-04-13 07:15:00,40239.5,40200.0,-0.09816225350712608,LH (Lower High)
2315,2022-04-13 15:15:00,40200.0,41400.0,2.9850746268656714,HH (Higher High)
2316,2022-04-13 19:00:00,41400.0,41553.0,0.3695652173913043,HH (Higher High)
2317,2022-04-13 22:30:00,41553.0,41391.5,-0.3886602652034751,LH (Lower High)
2318,2022-04-14 01:45:00,41391.5,41463.0,0.1727407801118587,HH (Higher High)
2319,2022-04-14 07:45:00,41463.0,41340.0,-0.29665002532378265,LH (Lower High)
2320,2022-04-14 13:00:00,41340.0,41290.5,-0.11973875181422351,LH (Lower High)
2321,2022-04-15 00:15:00,41290.5,40187.0,-2.672527578983059,LH (Lower High)
2322,2022-04-15 04:15:00,40187.0,40240.0,0.13188344489511533,HH (Higher High)
2323,2022-04-15 07:45:00,40240.0,40445.5,0.510685884691849,HH (Higher High)
2324,2022-04-15 10:45:00,40445.5,40387.0,-0.1446390822217552,LH (Lower High)
2325,2022-04-15 14:45:00,40387.0,40849.0,1.1439324535122688,HH (Higher High)
2326,2022-04-16 01:15:00,40849.0,40695.0,-0.3769982129305491,LH (Lower High)
2327,2022-04-16 10:15:00,40695.0,40475.0,-0.5406069541712741,LH (Lower High)
2328,2022-04-16 15:00:00,40475.0,40551.5,0.18900555898702903,HH (Higher High)
2329,2022-04-16 22:00:00,40551.5,40675.0,0.30455100304551,HH (Higher High)
2330,2022-04-17 05:45:00,40675.0,40400.0,-0.6760909649661955,LH (Lower High)
2331,2022-04-17 09:00:00,40400.0,40499.0,0.24504950495049505,HH (Higher High)
2332,2022-04-17 13:45:00,40499.0,40562.0,0.15555939652830933,HH (Higher High)
2333,2022-04-17 19:45:00,40562.0,40444.0,-0.2909126768896997,LH (Lower High)
2334,2022-04-18 03:00:00,40444.0,39854.0,-1.458807239639996,LH (Lower High)
2335,2022-04-18 13:30:00,39854.0,39670.0,-0.4616851508004215,LH (Lower High)
2336,2022-04-18 18:15:00,39670.0,41255.0,3.99546256617091,HH (Higher High)
2337,2022-04-18 21:15:00,41255.0,41092.0,-0.3951036238031754,LH (Lower High)
2338,2022-04-19 00:30:00,41092.0,41300.0,0.5061812518251728,HH (Higher High)
2339,2022-04-19 04:45:00,41300.0,40864.5,-1.0544794188861986,LH (Lower High)
2340,2022-04-19 08:30:00,40864.5,40833.0,-0.07708402158352605,LH (Lower High)
2341,2022-04-19 15:00:00,40833.0,41769.5,2.2934881101070212,HH (Higher High)
2342,2022-04-19 19:15:00,41769.5,41525.0,-0.5853553430134428,LH (Lower High)
2343,2022-04-20 00:00:00,41525.0,41517.5,-0.01806140878988561,LH (Lower High)
2344,2022-04-20 07:00:00,41517.5,41600.0,0.19871138676461733,HH (Higher High)
2345,2022-04-20 11:45:00,41600.0,42169.0,1.3677884615384617,HH (Higher High)
2346,2022-04-20 21:15:00,42169.0,41649.0,-1.2331333443999146,LH (Lower High)
2347,2022-04-21 01:30:00,41649.0,41748.0,0.23770078513289636,HH (Higher High)
2348,2022-04-21 04:15:00,41748.0,41715.0,-0.07904570278815751,LH (Lower High)
2349,2022-04-21 13:30:00,41715.0,42950.0,2.960565743737265,HH (Higher High)
2350,2022-04-22 06:15:00,42950.0,40767.0,-5.082654249126891,LH (Lower High)
2351,2022-04-22 13:30:00,40767.0,40627.5,-0.3421885348443594,LH (Lower High)
2352,2022-04-22 19:30:00,40627.5,39756.5,-2.143868069657252,LH (Lower High)
2353,2022-04-23 00:00:00,39756.5,39834.5,0.1961943330021506,HH (Higher High)
2354,2022-04-23 08:45:00,39834.5,39649.5,-0.4644215441388746,LH (Lower High)
2355,2022-04-23 16:00:00,39649.5,40048.0,1.005056810300256,HH (Higher High)
2356,2022-04-23 21:45:00,40048.0,39931.0,-0.2921494206951658,LH (Lower High)
2357,2022-04-24 03:45:00,39931.0,39794.0,-0.34309183341263677,LH (Lower High)
2358,2022-04-24 07:30:00,39794.0,39775.5,-0.046489420515655626,LH (Lower High)
2359,2022-04-24 14:45:00,39775.5,39914.5,0.3494613518371862,HH (Higher High)
2360,2022-04-24 22:00:00,39914.5,39757.5,-0.3933407658870836,LH (Lower High)
2361,2022-04-25 03:15:00,39757.5,39323.0,-1.0928755580708043,LH (Lower High)
2362,2022-04-25 18:45:00,39323.0,40400.0,2.7388551229560307,HH (Higher High)
2363,2022-04-26 00:30:00,40400.0,40803.0,0.9975247524752475,HH (Higher High)
2364,2022-04-26 08:15:00,40803.0,40787.0,-0.039212802980173024,LH (Lower High)
2365,2022-04-26 12:30:00,40787.0,40611.5,-0.4302841591683625,LH (Lower High)
2366,2022-04-27 08:15:00,40611.5,39195.5,-3.4866971178114574,LH (Lower High)
2367,2022-04-27 13:45:00,39195.5,39479.0,0.7232973172940771,HH (Higher High)
2368,2022-04-27 21:30:00,39479.0,39390.0,-0.2254363079105347,LH (Lower High)
2369,2022-04-28 01:00:00,39390.0,39685.0,0.7489210459507489,HH (Higher High)
2370,2022-04-28 09:30:00,39685.0,39896.5,0.5329469572886482,HH (Higher High)
2371,2022-04-28 15:00:00,39896.5,40326.0,1.0765355356986201,HH (Higher High)
2372,2022-04-28 18:00:00,40326.0,40350.0,0.059514953131974406,HH (Higher High)
2373,2022-04-29 01:15:00,40350.0,39909.0,-1.0929368029739777,LH (Lower High)
2374,2022-04-29 13:45:00,39909.0,39374.0,-1.3405497506828032,LH (Lower High)
2375,2022-04-30 00:15:00,39374.0,38770.0,-1.534007212881597,LH (Lower High)
2376,2022-04-30 05:45:00,38770.0,38766.5,-0.009027598658756771,LH (Lower High)
2377,2022-04-30 13:15:00,38766.5,38623.5,-0.3688751886293578,LH (Lower High)
2378,2022-04-30 19:45:00,38623.5,38478.0,-0.3767136587828654,LH (Lower High)
2379,2022-05-01 01:45:00,38478.0,38059.0,-1.0889339362752741,LH (Lower High)
2380,2022-05-01 05:15:00,38059.0,38153.0,0.2469849444283875,HH (Higher High)
2381,2022-05-01 10:45:00,38153.0,38073.0,-0.2096820695620266,LH (Lower High)
2382,2022-05-01 16:15:00,38073.0,38663.0,1.5496546108791007,HH (Higher High)
2383,2022-05-02 00:30:00,38663.0,38799.0,0.3517574942451439,HH (Higher High)
2384,2022-05-02 06:00:00,38799.0,39140.0,0.8788886311502873,HH (Higher High)
2385,2022-05-02 09:30:00,39140.0,39059.5,-0.20567194685743484,LH (Lower High)
2386,2022-05-02 13:30:00,39059.5,39255.5,0.5017985381277282,HH (Higher High)
2387,2022-05-02 22:15:00,39255.5,38922.0,-0.8495624816904638,LH (Lower High)
2388,2022-05-03 08:15:00,38922.0,38630.0,-0.7502183854889266,LH (Lower High)
2389,2022-05-03 12:00:00,38630.0,38585.0,-0.11648977478643542,LH (Lower High)
2390,2022-05-03 21:15:00,38585.0,38042.0,-1.4072826227808735,LH (Lower High)
2391,2022-05-04 12:00:00,38042.0,39183.0,2.9993165448714576,HH (Higher High)
2392,2022-05-04 19:00:00,39183.0,40058.5,2.234387361866115,HH (Higher High)
2393,2022-05-05 05:15:00,40058.5,39840.0,-0.5454522760462823,LH (Lower High)
2394,2022-05-05 21:15:00,39840.0,36590.0,-8.157630522088354,LH (Lower High)
2395,2022-05-06 00:00:00,36590.0,36666.0,0.20770702377698827,HH (Higher High)
2396,2022-05-06 06:00:00,36666.0,36526.0,-0.3818251240931653,LH (Lower High)
2397,2022-05-06 15:15:00,36526.0,36423.0,-0.28199091058424136,LH (Lower High)
2398,2022-05-06 23:15:00,36423.0,36100.0,-0.8868022952529996,LH (Lower High)
2399,2022-05-07 10:30:00,36100.0,36135.0,0.09695290858725762,HH (Higher High)
2400,2022-05-07 15:15:00,36135.0,36070.0,-0.17988100179881003,LH (Lower High)
2401,2022-05-07 18:15:00,36070.0,35983.5,-0.23981147768228445,LH (Lower High)
2402,2022-05-08 06:45:00,35983.5,34958.5,-2.848527797462726,LH (Lower High)
2403,2022-05-08 11:15:00,34958.5,34863.0,-0.27318105753965416,LH (Lower High)
2404,2022-05-08 19:15:00,34863.0,34773.0,-0.25815334308579296,LH (Lower High)
2405,2022-05-09 09:00:00,34773.0,33780.5,-2.8542259799269547,LH (Lower High)
2406,2022-05-09 13:30:00,33780.5,33450.0,-0.9783750980595314,LH (Lower High)
2407,2022-05-10 01:00:00,33450.0,31499.0,-5.8325859491778775,LH (Lower High)
2408,2022-05-10 06:30:00,31499.0,32665.5,3.7032921680053335,HH (Higher High)
2409,2022-05-10 13:30:00,32665.5,32385.5,-0.8571734704810886,LH (Lower High)
2410,2022-05-10 17:30:00,32385.5,31795.0,-1.823346868197187,LH (Lower High)
2411,2022-05-11 05:00:00,31795.0,31947.0,0.4780625884573046,HH (Higher High)
2412,2022-05-11 10:00:00,31947.0,32230.0,0.8858421761041726,HH (Higher High)
2413,2022-05-11 14:45:00,32230.0,32060.0,-0.5274588892336333,LH (Lower High)
2414,2022-05-12 00:30:00,32060.0,30233.0,-5.698689956331878,LH (Lower High)
2415,2022-05-12 07:45:00,30233.0,28561.0,-5.5303807098203945,LH (Lower High)
2416,2022-05-12 11:15:00,28561.0,29266.0,2.4684009663527187,HH (Higher High)
2417,2022-05-12 16:45:00,29266.0,29955.0,2.3542677509738263,HH (Higher High)
2418,2022-05-13 05:15:00,29955.0,31049.0,3.652144883992656,HH (Higher High)
2419,2022-05-13 09:15:00,31049.0,30749.0,-0.9662146929047634,LH (Lower High)
2420,2022-05-13 14:15:00,30749.0,31000.0,0.816286708510846,HH (Higher High)
2421,2022-05-14 01:45:00,31000.0,29788.5,-3.9080645161290324,LH (Lower High)
2422,2022-05-14 06:30:00,29788.5,29600.0,-0.6327945348036994,LH (Lower High)
2423,2022-05-14 18:15:00,29600.0,29915.0,1.0641891891891893,HH (Higher High)
2424,2022-05-14 22:45:00,29915.0,30321.0,1.3571786729065687,HH (Higher High)
2425,2022-05-15 07:00:00,30321.0,30029.0,-0.963028923848158,LH (Lower High)
2426,2022-05-15 12:15:00,30029.0,30550.0,1.7349895101401978,HH (Higher High)
2427,2022-05-15 22:00:00,30550.0,31518.0,3.1685761047463172,HH (Higher High)
2428,2022-05-16 12:30:00,31518.0,30310.5,-3.8311441081286883,LH (Lower High)
2429,2022-05-16 21:00:00,30310.5,30250.0,-0.19960079840319359,LH (Lower High)
2430,2022-05-17 03:30:00,30250.0,30530.0,0.9256198347107438,HH (Higher High)
2431,2022-05-17 08:30:00,30530.0,30785.0,0.8352440222731738,HH (Higher High)
2432,2022-05-17 13:30:00,30785.0,30741.0,-0.14292675004060418,LH (Lower High)
2433,2022-05-17 21:45:00,30741.0,30650.0,-0.2960215998178329,LH (Lower High)
2434,2022-05-18 00:30:00,30650.0,30692.5,0.13866231647634583,HH (Higher High)
2435,2022-05-18 06:00:00,30692.5,30070.0,-2.0281827808096438,LH (Lower High)
2436,2022-05-18 10:15:00,30070.0,30020.0,-0.16627868307283006,LH (Lower High)
2437,2022-05-18 19:00:00,30020.0,29536.5,-1.6105929380413058,LH (Lower High)
2438,2022-05-18 22:15:00,29536.5,29403.0,-0.4519831395053578,LH (Lower High)
2439,2022-05-19 02:45:00,29403.0,29322.0,-0.27548209366391185,LH (Lower High)
2440,2022-05-19 06:45:00,29322.0,29424.0,0.3478616738285247,HH (Higher High)
2441,2022-05-19 15:45:00,29424.0,30551.0,3.830206634040239,HH (Higher High)
2442,2022-05-19 21:15:00,30551.0,30475.0,-0.2487643612320382,LH (Lower High)
2443,2022-05-20 01:30:00,30475.0,30767.0,0.9581624282198523,HH (Higher High)
2444,2022-05-20 11:45:00,30767.0,30524.5,-0.7881821432053824,LH (Lower High)
2445,2022-05-20 19:45:00,30524.5,29353.0,-3.837900702714213,LH (Lower High)
2446,2022-05-20 23:15:00,29353.0,29366.0,0.04428848839982284,HH (Higher High)
2447,2022-05-21 07:30:00,29366.0,29540.0,0.5925219641762582,HH (Higher High)
2448,2022-05-21 16:00:00,29540.0,29653.5,0.3842247799593771,HH (Higher High)
2449,2022-05-21 19:00:00,29653.5,29583.5,-0.23605982430404504,LH (Lower High)
2450,2022-05-22 01:15:00,29583.5,29540.0,-0.14704142511873172,LH (Lower High)
2451,2022-05-22 10:45:00,29540.0,30314.0,2.6201760324983074,HH (Higher High)
2452,2022-05-22 17:15:00,30314.0,30169.0,-0.4783268456818632,LH (Lower High)
2453,2022-05-22 22:15:00,30169.0,30499.0,1.093838045676025,HH (Higher High)
2454,2022-05-23 06:30:00,30499.0,30654.5,0.5098527820584281,HH (Higher High)
2455,2022-05-23 12:15:00,30654.5,30600.0,-0.17778792673180122,LH (Lower High)
2456,2022-05-24 04:45:00,30600.0,29422.0,-3.8496732026143796,LH (Lower High)
2457,2022-05-24 11:15:00,29422.0,29431.0,0.030589354904493236,HH (Higher High)
2458,2022-05-24 15:45:00,29431.0,29657.5,0.7695966837688152,HH (Higher High)
2459,2022-05-24 23:00:00,29657.5,29847.0,0.6389614768608278,HH (Higher High)
2460,2022-05-25 03:15:00,29847.0,30213.0,1.2262538948638053,HH (Higher High)
2461,2022-05-25 08:45:00,30213.0,29937.5,-0.9118591334855857,LH (Lower High)
2462,2022-05-25 14:15:00,29937.5,29908.0,-0.09853862212943633,LH (Lower High)
2463,2022-05-25 18:30:00,29908.0,30053.5,0.48649190851945967,HH (Higher High)
2464,2022-05-25 22:00:00,30053.5,29869.0,-0.6139052023890728,LH (Lower High)
2465,2022-05-26 02:45:00,29869.0,29878.0,0.030131574542167465,HH (Higher High)
2466,2022-05-26 16:15:00,29878.0,29800.0,-0.2610616507128991,LH (Lower High)
2467,2022-05-26 21:00:00,29800.0,29686.0,-0.3825503355704698,LH (Lower High)
2468,2022-05-27 03:30:00,29686.0,29144.5,-1.8240921646567405,LH (Lower High)
2469,2022-05-27 07:15:00,29144.5,29250.0,0.3619893976565047,HH (Higher High)
2470,2022-05-27 13:45:00,29250.0,29362.0,0.38290598290598293,HH (Higher High)
2471,2022-05-27 19:45:00,29362.0,29053.0,-1.0523806280226142,LH (Lower High)
2472,2022-05-28 05:45:00,29053.0,28930.0,-0.4233641964685231,LH (Lower High)
2473,2022-05-28 13:15:00,28930.0,29260.0,1.1406844106463878,HH (Higher High)
2474,2022-05-28 19:45:00,29260.0,29069.0,-0.6527682843472317,LH (Lower High)
2475,2022-05-28 23:45:00,29069.0,29154.5,0.2941277649729953,HH (Higher High)
2476,2022-05-29 08:15:00,29154.5,29192.0,0.12862508360630434,HH (Higher High)
2477,2022-05-29 12:00:00,29192.0,29500.0,1.0550835845437105,HH (Higher High)
2478,2022-05-29 17:30:00,29500.0,29360.0,-0.47457627118644063,LH (Lower High)
2479,2022-05-29 22:30:00,29360.0,29592.0,0.7901907356948229,HH (Higher High)
2480,2022-05-30 06:15:00,29592.0,31046.0,4.913490132468235,HH (Higher High)
2481,2022-05-30 12:15:00,31046.0,30981.5,-0.20775623268698062,LH (Lower High)
2482,2022-05-30 21:15:00,30981.5,32333.0,4.362280715911108,HH (Higher High)
2483,2022-05-31 03:45:00,32333.0,31837.5,-1.5324900256703677,LH (Lower High)
2484,2022-05-31 16:30:00,31837.5,32450.0,1.9238319591676483,HH (Higher High)
2485,2022-06-01 00:30:00,32450.0,31982.5,-1.4406779661016949,LH (Lower High)
2486,2022-06-01 09:30:00,31982.5,31694.0,-0.9020558117720628,LH (Lower High)
2487,2022-06-01 13:30:00,31694.0,31894.5,0.6326118508234997,HH (Higher High)
2488,2022-06-01 23:00:00,31894.5,30064.0,-5.739234037216448,LH (Lower High)
2489,2022-06-02 02:30:00,30064.0,29887.0,-0.5887440127727515,LH (Lower High)
2490,2022-06-02 07:15:00,29887.0,30100.0,0.712684444741861,HH (Higher High)
2491,2022-06-02 16:15:00,30100.0,30405.0,1.0132890365448506,HH (Higher High)
2492,2022-06-02 22:00:00,30405.0,30711.0,1.0064134188455844,HH (Higher High)
2493,2022-06-03 01:30:00,30711.0,30698.0,-0.042330109732669076,LH (Lower High)
2494,2022-06-03 05:30:00,30698.0,30541.0,-0.511433969639716,LH (Lower High)
2495,2022-06-03 17:00:00,30541.0,29687.0,-2.7962411184964475,LH (Lower High)
2496,2022-06-03 22:00:00,29687.0,29865.0,0.5995890457102435,HH (Higher High)
2497,2022-06-04 04:00:00,29865.0,29728.5,-0.4570567553992968,LH (Lower High)
2498,2022-06-04 08:30:00,29728.5,29782.0,0.17996198933683166,HH (Higher High)
2499,2022-06-04 14:30:00,29782.0,30000.0,0.7319857632126788,HH (Higher High)
2500,2022-06-04 22:00:00,30000.0,29952.0,-0.16,LH (Lower High)
2501,2022-06-05 05:45:00,29952.0,29816.5,-0.4523904914529915,LH (Lower High)
2502,2022-06-05 16:00:00,29816.5,30196.5,1.2744621266748277,HH (Higher High)
2503,2022-06-06 04:00:00,30196.5,31374.0,3.8994585465202922,HH (Higher High)
2504,2022-06-06 11:00:00,31374.0,31600.0,0.7203416841971059,HH (Higher High)
2505,2022-06-06 14:30:00,31600.0,31750.0,0.4746835443037975,HH (Higher High)
2506,2022-06-06 21:15:00,31750.0,31598.0,-0.47874015748031495,LH (Lower High)
2507,2022-06-07 08:30:00,31598.0,29725.5,-5.926007975188303,LH (Lower High)
2508,2022-06-07 14:45:00,29725.5,30030.0,1.0243730130695867,HH (Higher High)
2509,2022-06-07 20:00:00,30030.0,31598.0,5.221445221445221,HH (Higher High)
2510,2022-06-08 06:00:00,31598.0,30696.0,-2.854611051332363,LH (Lower High)
2511,2022-06-08 13:45:00,30696.0,30900.0,0.6645817044566067,HH (Higher High)
2512,2022-06-08 21:45:00,30900.0,30545.0,-1.1488673139158576,LH (Lower High)
2513,2022-06-09 05:00:00,30545.0,30463.5,-0.2668194467179571,LH (Lower High)
2514,2022-06-09 09:30:00,30463.5,30694.5,0.7582845044069132,HH (Higher High)
2515,2022-06-09 17:00:00,30694.5,30446.5,-0.807962338529704,LH (Lower High)
2516,2022-06-09 21:00:00,30446.5,30249.5,-0.6470366051927151,LH (Lower High)
2517,2022-06-10 03:00:00,30249.5,30376.0,0.4181887303922379,HH (Higher High)
2518,2022-06-10 06:15:00,30376.0,30230.0,-0.480642612588886,LH (Lower High)
2519,2022-06-10 12:15:00,30230.0,30175.0,-0.18193847171683758,LH (Lower High)
2520,2022-06-10 21:45:00,30175.0,29420.0,-2.5020712510356256,LH (Lower High)
2521,2022-06-11 05:00:00,29420.0,29427.0,0.02379333786539769,HH (Higher High)
2522,2022-06-11 18:30:00,29427.0,28786.0,-2.178271655282564,LH (Lower High)
2523,2022-06-11 22:30:00,28786.0,28678.0,-0.3751823803237685,LH (Lower High)
2524,2022-06-12 08:30:00,28678.0,27697.0,-3.420740637422414,LH (Lower High)
2525,2022-06-12 15:30:00,27697.0,28321.0,2.252951583203957,HH (Higher High)
2526,2022-06-13 04:15:00,28321.0,26248.5,-7.317891317396985,LH (Lower High)
2527,2022-06-13 12:15:00,26248.5,24368.0,-7.1642189077471095,LH (Lower High)
2528,2022-06-13 16:00:00,24368.0,24206.0,-0.664806303348654,LH (Lower High)
2529,2022-06-14 05:15:00,24206.0,23450.0,-3.1231925968768075,LH (Lower High)
2530,2022-06-14 15:45:00,23450.0,22799.0,-2.7761194029850746,LH (Lower High)
2531,2022-06-14 23:30:00,22799.0,22327.5,-2.068073161103557,LH (Lower High)
2532,2022-06-15 07:00:00,22327.5,21448.5,-3.93684917702385,LH (Lower High)
2533,2022-06-15 13:45:00,21448.5,21796.0,1.6201599179429798,HH (Higher High)
2534,2022-06-15 18:45:00,21796.0,22481.0,3.142778491466324,HH (Higher High)
2535,2022-06-15 22:15:00,22481.0,22794.5,1.3945109203327253,HH (Higher High)
2536,2022-06-16 01:15:00,22794.5,22976.5,0.7984382197459913,HH (Higher High)
2537,2022-06-16 12:30:00,22976.5,21504.5,-6.40654581855374,LH (Lower High)
2538,2022-06-16 17:15:00,21504.5,21463.5,-0.19065776930409914,LH (Lower High)
2539,2022-06-17 02:00:00,21463.5,21040.0,-1.9731171523749622,LH (Lower High)
2540,2022-06-17 08:30:00,21040.0,21355.0,1.497148288973384,HH (Higher High)
2541,2022-06-17 20:30:00,21355.0,20719.5,-2.975883867946617,LH (Lower High)
2542,2022-06-18 00:30:00,20719.5,20769.5,0.24131856463717755,HH (Higher High)
2543,2022-06-18 05:00:00,20769.5,20532.5,-1.141096319121789,LH (Lower High)
2544,2022-06-18 10:15:00,20532.5,19548.0,-4.794837452818703,LH (Lower High)
2545,2022-06-18 22:30:00,19548.0,19490.0,-0.29670554532432986,LH (Lower High)
2546,2022-06-19 10:45:00,19490.0,20088.5,3.0708055413032325,HH (Higher High)
2547,2022-06-19 15:45:00,20088.5,19929.0,-0.7939866092540508,LH (Lower High)
2548,2022-06-20 09:30:00,19929.0,21051.5,5.632495358522756,HH (Higher High)
2549,2022-06-20 15:00:00,21051.5,21125.0,0.34914376647744816,HH (Higher High)
2550,2022-06-20 23:30:00,21125.0,20784.0,-1.6142011834319527,LH (Lower High)
2551,2022-06-21 08:45:00,20784.0,21495.5,3.423306389530408,HH (Higher High)
2552,2022-06-21 14:45:00,21495.5,21722.0,1.0537089158195903,HH (Higher High)
2553,2022-06-22 05:30:00,21722.0,20587.5,-5.222815578675997,LH (Lower High)
2554,2022-06-22 14:30:00,20587.5,20885.5,1.4474802671523983,HH (Higher High)
2555,2022-06-23 01:30:00,20885.5,20599.0,-1.3717651001891265,LH (Lower High)
2556,2022-06-23 06:30:00,20599.0,20646.5,0.23059371814165736,HH (Higher High)
2557,2022-06-23 12:30:00,20646.5,20816.5,0.8233841086867023,HH (Higher High)
2558,2022-06-23 22:30:00,20816.5,21240.0,2.034443830615137,HH (Higher High)
2559,2022-06-24 02:30:00,21240.0,21372.0,0.6214689265536724,HH (Higher High)
2560,2022-06-24 12:15:00,21372.0,21472.0,0.46790192775594236,HH (Higher High)
2561,2022-06-24 22:15:00,21472.0,21556.5,0.39353576751117736,HH (Higher High)
2562,2022-06-25 07:30:00,21556.5,21630.0,0.34096444227959083,HH (Higher High)
2563,2022-06-25 23:45:00,21630.0,21580.0,-0.2311604253351826,LH (Lower High)
2564,2022-06-26 06:30:00,21580.0,21510.0,-0.3243744207599629,LH (Lower High)
2565,2022-06-26 12:00:00,21510.0,21880.0,1.7201301720130173,HH (Higher High)
2566,2022-06-26 21:45:00,21880.0,21419.5,-2.1046617915904937,LH (Lower High)
2567,2022-06-27 04:15:00,21419.5,21318.0,-0.47386727047783567,LH (Lower High)
2568,2022-06-27 08:30:00,21318.0,21580.0,1.2290083497513837,HH (Higher High)
2569,2022-06-27 20:00:00,21580.0,20958.0,-2.8822984244670993,LH (Lower High)
2570,2022-06-28 09:00:00,20958.0,21197.5,1.1427617139039985,HH (Higher High)
2571,2022-06-28 22:15:00,21197.5,20454.0,-3.507489090694657,LH (Lower High)
2572,2022-06-29 09:30:00,20454.0,20233.0,-1.0804732570646327,LH (Lower High)
2573,2022-06-29 12:15:00,20233.0,20178.0,-0.2718331438738694,LH (Lower High)
2574,2022-06-29 20:00:00,20178.0,20433.0,1.263752601843592,HH (Higher High)
2575,2022-06-30 12:45:00,20433.0,19312.0,-5.486223266284932,LH (Lower High)
2576,2022-06-30 16:30:00,19312.0,19283.0,-0.15016570008285005,LH (Lower High)
2577,2022-07-01 00:30:00,19283.0,21017.5,8.99496966239693,HH (Higher High)
2578,2022-07-01 08:00:00,21017.5,19886.5,-5.381229927441418,LH (Lower High)
2579,2022-07-01 13:45:00,19886.5,19670.0,-1.088678249063435,LH (Lower High)
2580,2022-07-01 20:15:00,19670.0,19693.5,0.11947127605490594,HH (Higher High)
2581,2022-07-02 05:15:00,19693.5,19291.0,-2.043821565491152,LH (Lower High)
2582,2022-07-02 12:30:00,19291.0,19450.0,0.8242185475092012,HH (Higher High)
2583,2022-07-02 21:45:00,19450.0,19370.0,-0.4113110539845758,LH (Lower High)
2584,2022-07-03 05:00:00,19370.0,19389.5,0.10067114093959732,HH (Higher High)
2585,2022-07-03 11:15:00,19389.5,19141.5,-1.2790427808865623,LH (Lower High)
2586,2022-07-03 20:00:00,19141.5,19638.5,2.596452733589322,HH (Higher High)
2587,2022-07-04 06:30:00,19638.5,19183.0,-2.3194235812307458,LH (Lower High)
2588,2022-07-04 12:00:00,19183.0,19886.0,3.66470312255643,HH (Higher High)
2589,2022-07-04 15:00:00,19886.0,20187.0,1.5136276777632507,HH (Higher High)
2590,2022-07-05 00:45:00,20187.0,20480.0,1.4514291375637787,HH (Higher High)
2591,2022-07-05 05:15:00,20480.0,20439.0,-0.20019531249999997,LH (Lower High)
2592,2022-07-05 20:00:00,20439.0,20750.0,1.5216008610988796,HH (Higher High)
2593,2022-07-06 04:15:00,20750.0,20317.5,-2.0843373493975905,LH (Lower High)
2594,2022-07-06 08:00:00,20317.5,20303.0,-0.07136704811123416,LH (Lower High)
2595,2022-07-06 13:30:00,20303.0,20373.5,0.3472393242377974,HH (Higher High)
2596,2022-07-06 19:00:00,20373.5,20474.0,0.49328784941222664,HH (Higher High)
2597,2022-07-06 23:00:00,20474.0,20666.0,0.9377747386929765,HH (Higher High)
2598,2022-07-07 09:45:00,20666.0,20606.0,-0.29033194619181263,LH (Lower High)
2599,2022-07-07 20:00:00,20606.0,21818.0,5.881782005241192,HH (Higher High)
2600,2022-07-08 01:15:00,21818.0,22600.0,3.584196534971125,HH (Higher High)
2601,2022-07-08 04:15:00,22600.0,22250.0,-1.5486725663716814,LH (Lower High)
2602,2022-07-08 15:30:00,22250.0,22120.0,-0.5842696629213483,LH (Lower High)
2603,2022-07-08 20:30:00,22120.0,22050.0,-0.31645569620253167,LH (Lower High)
2604,2022-07-09 07:00:00,22050.0,21723.5,-1.4807256235827664,LH (Lower High)
2605,2022-07-09 11:00:00,21723.5,21774.0,0.23246714387644718,HH (Higher High)
2606,2022-07-09 17:30:00,21774.0,21980.0,0.9460824836961513,HH (Higher High)
2607,2022-07-09 21:45:00,21980.0,21745.0,-1.0691537761601457,LH (Lower High)
2608,2022-07-10 08:15:00,21745.0,21414.0,-1.5221890089675787,LH (Lower High)
2609,2022-07-10 21:15:00,21414.0,21162.0,-1.1768002241524236,LH (Lower High)
2610,2022-07-11 09:15:00,21162.0,20623.0,-2.5470182402419432,LH (Lower High)
2611,2022-07-11 13:30:00,20623.0,20748.5,0.6085438587984289,HH (Higher High)
2612,2022-07-11 18:30:00,20748.5,20698.0,-0.24339108851242258,LH (Lower High)
2613,2022-07-12 05:15:00,20698.0,20046.5,-3.147647115663349,LH (Lower High)
2614,2022-07-12 13:30:00,20046.5,20005.0,-0.20701868156536052,LH (Lower High)
2615,2022-07-12 16:30:00,20005.0,19994.0,-0.05498625343664083,LH (Lower High)
2616,2022-07-13 03:00:00,19994.0,19575.0,-2.095628688606582,LH (Lower High)
2617,2022-07-13 08:30:00,19575.0,19920.0,1.7624521072796935,HH (Higher High)
2618,2022-07-13 12:15:00,19920.0,20193.0,1.3704819277108433,HH (Higher High)
2619,2022-07-13 17:00:00,20193.0,20073.0,-0.5942653394740751,LH (Lower High)
2620,2022-07-14 01:15:00,20073.0,20422.0,1.7386539132167589,HH (Higher High)
2621,2022-07-14 19:30:00,20422.0,20899.0,2.3357163842914503,HH (Higher High)
2622,2022-07-15 02:15:00,20899.0,20827.0,-0.34451409158332935,LH (Lower High)
2623,2022-07-15 09:15:00,20827.0,21033.0,0.9891006866087291,HH (Higher High)
2624,2022-07-15 13:00:00,21033.0,21094.5,0.29239766081871343,HH (Higher High)
2625,2022-07-15 20:15:00,21094.5,21195.5,0.4787977908933609,HH (Higher High)
2626,2022-07-16 03:30:00,21195.5,20770.5,-2.0051426010238025,LH (Lower High)
2627,2022-07-16 17:15:00,20770.5,21576.0,3.8780963385570884,HH (Higher High)
2628,2022-07-17 00:00:00,21576.0,21341.5,-1.0868557656655544,LH (Lower High)
2629,2022-07-17 07:00:00,21341.5,21669.0,1.5345687978820608,HH (Higher High)
2630,2022-07-17 12:00:00,21669.0,21490.0,-0.8260648853200424,LH (Lower High)
2631,2022-07-17 17:15:00,21490.0,21350.0,-0.6514657980456027,LH (Lower High)
2632,2022-07-18 08:15:00,21350.0,22522.0,5.489461358313817,HH (Higher High)
2633,2022-07-18 15:45:00,22522.0,22779.5,1.1433265251753841,HH (Higher High)
2634,2022-07-19 00:00:00,22779.5,22954.5,0.7682345968963322,HH (Higher High)
2635,2022-07-19 06:15:00,22954.5,22127.0,-3.6049576335794726,LH (Lower High)
2636,2022-07-19 19:00:00,22127.0,23728.5,7.237763817959958,HH (Higher High)
2637,2022-07-19 21:45:00,23728.5,23807.5,0.3329329708999726,HH (Higher High)
2638,2022-07-20 07:00:00,23807.5,23848.0,0.17011445972907696,HH (Higher High)
2639,2022-07-20 15:30:00,23848.0,24277.0,1.7988929889298892,HH (Higher High)
2640,2022-07-20 19:00:00,24277.0,23941.5,-1.3819664703217038,LH (Lower High)
2641,2022-07-20 21:45:00,23941.5,23800.0,-0.5910239542217488,LH (Lower High)
2642,2022-07-21 07:15:00,23800.0,23081.0,-3.021008403361345,LH (Lower High)
2643,2022-07-21 10:00:00,23081.0,23060.0,-0.09098392617304277,LH (Lower High)
2644,2022-07-21 17:00:00,23060.0,23200.0,0.6071118820468344,HH (Higher High)
2645,2022-07-21 20:00:00,23200.0,23295.0,0.40948275862068967,HH (Higher High)
2646,2022-07-22 00:30:00,23295.0,23345.0,0.21463833440652502,HH (Higher High)
2647,2022-07-22 13:45:00,23345.0,23765.0,1.7991004497751124,HH (Higher High)
2648,2022-07-23 05:00:00,23765.0,22987.5,-3.2716179255207236,LH (Lower High)
2649,2022-07-24 00:00:00,22987.5,22671.0,-1.3768352365415986,LH (Lower High)
2650,2022-07-24 07:00:00,22671.0,22828.0,0.6925146663137929,HH (Higher High)
2651,2022-07-24 15:00:00,22828.0,22900.0,0.31540213772560016,HH (Higher High)
2652,2022-07-24 22:30:00,22900.0,22990.0,0.39301310043668125,HH (Higher High)
2653,2022-07-25 09:00:00,22990.0,22099.0,-3.8755980861244015,LH (Lower High)
2654,2022-07-25 17:00:00,22099.0,21993.5,-0.4773971672926377,LH (Lower High)
2655,2022-07-25 20:30:00,21993.5,22248.0,1.157160070020688,HH (Higher High)
2656,2022-07-26 04:15:00,22248.0,21247.0,-4.499280834232291,LH (Lower High)
2657,2022-07-26 12:00:00,21247.0,21189.0,-0.27297971478326355,LH (Lower High)
2658,2022-07-26 17:00:00,21189.0,21066.0,-0.5804898768228798,LH (Lower High)
2659,2022-07-26 23:45:00,21066.0,21290.0,1.063324788759138,HH (Higher High)
2660,2022-07-27 07:15:00,21290.0,21448.0,0.742132456552372,HH (Higher High)
2661,2022-07-27 19:15:00,21448.0,23105.0,7.725662066393137,HH (Higher High)
2662,2022-07-28 00:00:00,23105.0,23056.5,-0.20991127461588402,LH (Lower High)
2663,2022-07-28 02:45:00,23056.5,23452.0,1.7153514193394486,HH (Higher High)
2664,2022-07-28 06:00:00,23452.0,23272.0,-0.7675251577690602,LH (Lower High)
2665,2022-07-28 17:30:00,23272.0,24097.0,3.5450326572705393,HH (Higher High)
2666,2022-07-28 20:30:00,24097.0,24198.0,0.4191393119475454,HH (Higher High)
2667,2022-07-29 06:30:00,24198.0,24475.0,1.1447227043557318,HH (Higher High)
2668,2022-07-29 10:15:00,24475.0,24120.0,-1.4504596527068436,LH (Lower High)
2669,2022-07-29 14:15:00,24120.0,24221.0,0.4187396351575456,HH (Higher High)
2670,2022-07-29 18:00:00,24221.0,24052.0,-0.6977416291647743,LH (Lower High)
2671,2022-07-29 23:15:00,24052.0,24122.0,0.2910360884749709,HH (Higher High)
2672,2022-07-30 13:00:00,24122.0,24695.0,2.375424923306525,HH (Higher High)
2673,2022-07-30 15:45:00,24695.0,24595.5,-0.4029155699534319,LH (Lower High)
2674,2022-07-31 02:00:00,24595.5,23878.5,-2.915167408672318,LH (Lower High)
2675,2022-07-31 05:00:00,23878.5,23827.0,-0.21567518897753207,LH (Lower High)
2676,2022-07-31 11:00:00,23827.0,23852.0,0.10492298652788852,HH (Higher High)
2677,2022-07-31 18:00:00,23852.0,24182.5,1.3856280395773939,HH (Higher High)
2678,2022-08-01 08:15:00,24182.5,23377.5,-3.328853509769462,LH (Lower High)
2679,2022-08-01 14:00:00,23377.5,23490.0,0.4812319538017324,HH (Higher High)
2680,2022-08-02 00:15:00,23490.0,23429.5,-0.25755640698169435,LH (Lower High)
2681,2022-08-02 06:00:00,23429.5,22930.5,-2.1297936362278325,LH (Lower High)
2682,2022-08-02 11:30:00,22930.5,22962.0,0.13737162294760252,HH (Higher High)
2683,2022-08-02 16:30:00,22962.0,23467.5,2.201463287170107,HH (Higher High)
2684,2022-08-02 21:45:00,23467.5,23146.5,-1.3678491530840524,LH (Lower High)
2685,2022-08-03 12:15:00,23146.5,23655.0,2.196876417600933,HH (Higher High)
2686,2022-08-03 17:15:00,23655.0,23572.0,-0.3508771929824561,LH (Lower High)
2687,2022-08-04 01:45:00,23572.0,23201.0,-1.5739012387578484,LH (Lower High)
2688,2022-08-04 06:00:00,23201.0,23172.0,-0.12499461230119392,LH (Lower High)
2689,2022-08-04 13:45:00,23172.0,23124.5,-0.2049887795615398,LH (Lower High)
2690,2022-08-05 06:00:00,23124.5,23427.0,1.3081363921382083,HH (Higher High)
2691,2022-08-05 12:00:00,23427.0,23494.0,0.2859947923336321,HH (Higher High)
2692,2022-08-06 00:45:00,23494.0,23333.0,-0.6852813484293863,LH (Lower High)
2693,2022-08-06 08:15:00,23333.0,23243.5,-0.38357690824154633,LH (Lower High)
2694,2022-08-06 13:00:00,23243.5,23227.0,-0.07098758792780778,LH (Lower High)
2695,2022-08-06 17:30:00,23227.0,23257.5,0.13131269643087787,HH (Higher High)
2696,2022-08-06 22:00:00,23257.5,23205.0,-0.2257336343115124,LH (Lower High)
2697,2022-08-07 07:45:00,23205.0,23015.5,-0.8166343460461108,LH (Lower High)
2698,2022-08-07 13:15:00,23015.5,23187.0,0.7451500076035715,HH (Higher High)
2699,2022-08-07 17:00:00,23187.0,23288.5,0.43774528830810366,HH (Higher High)
2700,2022-08-07 21:00:00,23288.5,23388.5,0.4293964832428022,HH (Higher High)
2701,2022-08-08 00:15:00,23388.5,23330.5,-0.24798512089274644,LH (Lower High)
2702,2022-08-08 09:00:00,23330.5,24178.0,3.6325839566233045,HH (Higher High)
2703,2022-08-08 12:00:00,24178.0,24236.5,0.24195549673256678,HH (Higher High)
2704,2022-08-08 20:45:00,24236.5,24087.5,-0.6147752356982238,LH (Lower High)
2705,2022-08-09 05:30:00,24087.5,23910.0,-0.7368967306694343,LH (Lower High)
2706,2022-08-09 22:30:00,23910.0,23249.0,-2.764533667921372,LH (Lower High)
2707,2022-08-10 04:45:00,23249.0,22989.0,-1.1183276700073121,LH (Lower High)
2708,2022-08-10 13:15:00,22989.0,24170.0,5.137239549349689,HH (Higher High)
2709,2022-08-10 21:30:00,24170.0,24223.0,0.2192800992966487,HH (Higher High)
2710,2022-08-11 01:45:00,24223.0,24480.0,1.060975106303926,HH (Higher High)
2711,2022-08-11 07:30:00,24480.0,24738.5,1.0559640522875817,HH (Higher High)
2712,2022-08-11 12:30:00,24738.5,24950.0,0.8549427006487862,HH (Higher High)
2713,2022-08-11 21:30:00,24950.0,24325.5,-2.503006012024048,LH (Lower High)
2714,2022-08-12 02:45:00,24325.5,24084.5,-0.9907298924996403,LH (Lower High)
2715,2022-08-12 09:45:00,24084.5,24129.5,0.1868421598953684,HH (Higher High)
2716,2022-08-13 06:15:00,24129.5,24867.0,3.0564247083445575,HH (Higher High)
2717,2022-08-13 15:00:00,24867.0,24585.0,-1.13403305585716,LH (Lower High)
2718,2022-08-13 18:00:00,24585.0,24575.0,-0.04067520846044336,LH (Lower High)
2719,2022-08-13 21:30:00,24575.0,24534.0,-0.16683621566632756,LH (Lower High)
2720,2022-08-14 01:00:00,24534.0,24625.0,0.3709138338632102,HH (Higher High)
2721,2022-08-14 07:45:00,24625.0,25031.0,1.6487309644670052,HH (Higher High)
2722,2022-08-14 16:15:00,25031.0,24539.0,-1.965562702249211,LH (Lower High)
2723,2022-08-14 21:30:00,24539.0,24422.5,-0.4747544724723909,LH (Lower High)
2724,2022-08-15 03:15:00,24422.5,25199.0,3.1794451837444977,HH (Higher High)
2725,2022-08-15 11:00:00,25199.0,24295.0,-3.587443946188341,LH (Lower High)
2726,2022-08-15 16:00:00,24295.0,24267.5,-0.11319201481786376,LH (Lower High)
2727,2022-08-16 01:30:00,24267.5,24227.0,-0.1668898732873184,LH (Lower High)
2728,2022-08-16 11:15:00,24227.0,24134.5,-0.38180542370082965,LH (Lower High)
2729,2022-08-16 18:15:00,24134.5,24045.0,-0.3708384263191697,LH (Lower High)
2730,2022-08-17 06:30:00,24045.0,24436.5,1.6281971303805365,HH (Higher High)
2731,2022-08-17 18:30:00,24436.5,23618.5,-3.3474515581200253,LH (Lower High)
2732,2022-08-18 02:15:00,23618.5,23501.0,-0.4974913732878887,LH (Lower High)
2733,2022-08-18 12:15:00,23501.0,23581.0,0.3404110463384537,HH (Higher High)
2734,2022-08-18 20:30:00,23581.0,23440.0,-0.597939018701497,LH (Lower High)
2735,2022-08-19 16:30:00,23440.0,21645.0,-7.657849829351536,LH (Lower High)
2736,2022-08-20 07:00:00,21645.0,21365.0,-1.2936012936012935,LH (Lower High)
2737,2022-08-20 16:00:00,21365.0,21343.0,-0.10297215071378422,LH (Lower High)
2738,2022-08-21 02:45:00,21343.0,21307.0,-0.1686735697886895,LH (Lower High)
2739,2022-08-21 12:00:00,21307.0,21565.0,1.2108696672455062,HH (Higher High)
2740,2022-08-21 20:45:00,21565.0,21780.0,0.9969858567122653,HH (Higher High)
2741,2022-08-22 10:30:00,21780.0,21330.0,-2.066115702479339,LH (Lower High)
2742,2022-08-22 16:00:00,21330.0,21538.0,0.9751523675574308,HH (Higher High)
2743,2022-08-23 00:15:00,21538.0,21455.0,-0.3853654006871576,LH (Lower High)
2744,2022-08-23 09:45:00,21455.0,21565.0,0.5127010020974132,HH (Higher High)
2745,2022-08-23 14:00:00,21565.0,21678.5,0.5263157894736842,HH (Higher High)
2746,2022-08-23 20:15:00,21678.5,21650.0,-0.1314666605161796,LH (Lower High)
2747,2022-08-23 23:15:00,21650.0,21585.5,-0.2979214780600462,LH (Lower High)
2748,2022-08-24 05:30:00,21585.5,21487.0,-0.45632484769868664,LH (Lower High)
2749,2022-08-24 16:00:00,21487.0,21880.0,1.8290128915158004,HH (Higher High)
2750,2022-08-24 19:30:00,21880.0,21800.0,-0.3656307129798903,LH (Lower High)
2751,2022-08-25 01:30:00,21800.0,21636.5,-0.75,LH (Lower High)
2752,2022-08-25 08:00:00,21636.5,21810.0,0.8018857024010353,HH (Higher High)
2753,2022-08-25 12:00:00,21810.0,21768.5,-0.1902796882164145,LH (Lower High)
2754,2022-08-25 21:00:00,21768.5,21667.5,-0.46397317224429796,LH (Lower High)
2755,2022-08-26 08:45:00,21667.5,21464.5,-0.936887042806046,LH (Lower High)
2756,2022-08-26 13:00:00,21464.5,21869.0,1.8845069766358407,HH (Higher High)
2757,2022-08-26 20:00:00,21869.0,20739.0,-5.167131556083954,LH (Lower High)
2758,2022-08-27 07:45:00,20739.0,20262.5,-2.29760354886928,LH (Lower High)
2759,2022-08-27 11:45:00,20262.5,20239.5,-0.11351017890191241,LH (Lower High)
2760,2022-08-27 22:30:00,20239.5,20093.5,-0.7213616937177302,LH (Lower High)
2761,2022-08-28 02:30:00,20093.5,20174.0,0.40062706845497303,HH (Higher High)
2762,2022-08-28 08:00:00,20174.0,20096.5,-0.3841578269059185,LH (Lower High)
2763,2022-08-28 12:00:00,20096.5,20039.0,-0.28611947354016865,LH (Lower High)
2764,2022-08-28 16:15:00,20039.0,20135.5,0.48156095613553573,HH (Higher High)
2765,2022-08-29 03:30:00,20135.5,19942.0,-0.960989297509374,LH (Lower High)
2766,2022-08-29 08:00:00,19942.0,19900.0,-0.21061077123658611,LH (Lower High)
2767,2022-08-29 16:00:00,19900.0,20430.0,2.6633165829145726,HH (Higher High)
2768,2022-08-29 23:45:00,20430.0,20334.5,-0.46744982868330887,LH (Lower High)
2769,2022-08-30 04:30:00,20334.5,20543.0,1.0253510044505643,HH (Higher High)
2770,2022-08-30 07:30:00,20543.0,20569.0,0.12656379301952003,HH (Higher High)
2771,2022-08-30 10:15:00,20569.0,20497.0,-0.3500413243230104,LH (Lower High)
2772,2022-08-30 19:15:00,20497.0,20079.0,-2.0393228277308872,LH (Lower High)
2773,2022-08-31 03:15:00,20079.0,20452.0,1.8576622341750086,HH (Higher High)
2774,2022-08-31 06:00:00,20452.0,20499.5,0.23225112458439273,HH (Higher High)
2775,2022-08-31 13:45:00,20499.5,20425.0,-0.36342349813410085,LH (Lower High)
2776,2022-08-31 19:45:00,20425.0,20318.0,-0.5238678090575276,LH (Lower High)
2777,2022-09-01 02:15:00,20318.0,20197.5,-0.5930701840732355,LH (Lower High)
2778,2022-09-01 11:45:00,20197.5,20120.0,-0.3837108553038743,LH (Lower High)
2779,2022-09-01 21:15:00,20120.0,20175.5,0.275844930417495,HH (Higher High)
2780,2022-09-02 04:15:00,20175.5,20290.0,0.567520011895616,HH (Higher High)
2781,2022-09-02 14:30:00,20290.0,20428.0,0.6801379990142927,HH (Higher High)
2782,2022-09-02 21:45:00,20428.0,20020.0,-1.9972586645780301,LH (Lower High)
2783,2022-09-03 00:30:00,20020.0,20043.0,0.11488511488511488,HH (Higher High)
2784,2022-09-03 05:45:00,20043.0,19950.0,-0.46400239485107025,LH (Lower High)
2785,2022-09-03 10:45:00,19950.0,19871.5,-0.39348370927318294,LH (Lower High)
2786,2022-09-03 13:45:00,19871.5,19898.5,0.13587298392169692,HH (Higher High)
2787,2022-09-04 00:00:00,19898.5,19849.0,-0.24876246953287937,LH (Lower High)
2788,2022-09-04 09:00:00,19849.0,19820.0,-0.14610307824071742,LH (Lower High)
2789,2022-09-04 12:00:00,19820.0,19931.5,0.5625630676084763,HH (Higher High)
2790,2022-09-04 17:00:00,19931.5,19943.5,0.060206206256428266,HH (Higher High)
2791,2022-09-04 20:15:00,19943.5,19918.5,-0.12535412540426705,LH (Lower High)
2792,2022-09-05 00:00:00,19918.5,20044.5,0.632577754348972,HH (Higher High)
2793,2022-09-05 09:00:00,20044.5,19794.5,-1.2472249245428921,LH (Lower High)
2794,2022-09-05 15:15:00,19794.5,19938.5,0.7274748036070626,HH (Higher High)
2795,2022-09-06 01:00:00,19938.5,20164.5,1.1334854678135267,HH (Higher High)
2796,2022-09-06 08:45:00,20164.5,20020.0,-0.716605916338119,LH (Lower High)
2797,2022-09-06 21:30:00,20020.0,19070.0,-4.745254745254746,LH (Lower High)
2798,2022-09-07 08:00:00,19070.0,18846.5,-1.1719979024646041,LH (Lower High)
2799,2022-09-07 21:00:00,18846.5,19447.5,3.188921019818004,HH (Higher High)
2800,2022-09-08 04:45:00,19447.5,19372.0,-0.38822470754595706,LH (Lower High)
2801,2022-09-08 11:00:00,19372.0,19398.0,0.13421432996076813,HH (Higher High)
2802,2022-09-08 20:00:00,19398.0,19440.0,0.21651716671821836,HH (Higher High)
2803,2022-09-09 12:30:00,19440.0,21245.5,9.287551440329219,HH (Higher High)
2804,2022-09-09 17:00:00,21245.5,21421.5,0.8284107222705984,HH (Higher High)
2805,2022-09-09 23:15:00,21421.5,21666.0,1.1413766542959176,HH (Higher High)
2806,2022-09-10 05:30:00,21666.0,21656.5,-0.04384750300009231,LH (Lower High)
2807,2022-09-11 08:15:00,21656.5,21727.5,0.32784614319026617,HH (Higher High)
2808,2022-09-11 17:30:00,21727.5,21879.5,0.699574272235646,HH (Higher High)
2809,2022-09-12 01:45:00,21879.5,22391.0,2.3378047944422864,HH (Higher High)
2810,2022-09-12 08:45:00,22391.0,22332.5,-0.26126568710642667,LH (Lower High)
2811,2022-09-12 14:15:00,22332.5,22483.0,0.6739057427515952,HH (Higher High)
2812,2022-09-12 20:00:00,22483.0,22488.0,0.022239025041142196,HH (Higher High)
2813,2022-09-13 00:00:00,22488.0,22436.5,-0.2290110281038776,LH (Lower High)
2814,2022-09-13 06:30:00,22436.5,22659.0,0.9916876518173513,HH (Higher High)
2815,2022-09-13 12:15:00,22659.0,22794.0,0.5957897524162584,HH (Higher High)
2816,2022-09-14 02:15:00,22794.0,20518.0,-9.985083793980872,LH (Lower High)
2817,2022-09-14 08:45:00,20518.0,20408.5,-0.5336777463690419,LH (Lower High)
2818,2022-09-14 13:00:00,20408.5,20375.0,-0.1641472915696891,LH (Lower High)
2819,2022-09-14 22:45:00,20375.0,20377.5,0.012269938650306749,HH (Higher High)
2820,2022-09-15 07:15:00,20377.5,20319.0,-0.28708133971291866,LH (Lower High)
2821,2022-09-15 21:15:00,20319.0,19895.5,-2.084256114966288,LH (Lower High)
2822,2022-09-16 01:00:00,19895.5,19799.5,-0.48252117312960213,LH (Lower High)
2823,2022-09-16 04:45:00,19799.5,19849.0,0.2500063132907397,HH (Higher High)
2824,2022-09-16 11:45:00,19849.0,19878.5,0.1486220968310746,HH (Higher High)
2825,2022-09-17 00:30:00,19878.5,20079.5,1.0111426918530069,HH (Higher High)
2826,2022-09-17 09:15:00,20079.5,19907.0,-0.8590851365820862,LH (Lower High)
2827,2022-09-17 16:15:00,19907.0,20176.5,1.3537951474355754,HH (Higher High)
2828,2022-09-17 23:00:00,20176.5,20135.0,-0.20568483136321958,LH (Lower High)
2829,2022-09-18 08:15:00,20135.0,20092.0,-0.21355848025825674,LH (Lower High)
2830,2022-09-18 20:30:00,20092.0,19745.0,-1.7270555444953217,LH (Lower High)
2831,2022-09-19 14:45:00,19745.0,19424.5,-1.6231957457584199,LH (Lower High)
2832,2022-09-19 21:15:00,19424.5,19675.0,1.2896084841308657,HH (Higher High)
2833,2022-09-20 07:15:00,19675.0,19582.5,-0.4701397712833545,LH (Lower High)
2834,2022-09-20 11:30:00,19582.5,19333.0,-1.2740967700753223,LH (Lower High)
2835,2022-09-20 16:00:00,19333.0,19313.5,-0.1008638079966896,LH (Lower High)
2836,2022-09-21 02:30:00,19313.5,19050.0,-1.3643306495456546,LH (Lower High)
2837,2022-09-21 05:30:00,19050.0,19128.0,0.40944881889763785,HH (Higher High)
2838,2022-09-21 14:15:00,19128.0,19481.5,1.8480761187787538,HH (Higher High)
2839,2022-09-21 18:00:00,19481.5,20045.0,2.8924877447835127,HH (Higher High)
2840,2022-09-22 08:45:00,20045.0,19285.0,-3.7914691943127963,LH (Lower High)
2841,2022-09-22 12:45:00,19285.0,19314.5,0.15296862846772102,HH (Higher High)
2842,2022-09-22 19:45:00,19314.5,19479.0,0.8516917341893396,HH (Higher High)
2843,2022-09-22 23:00:00,19479.0,19518.5,0.20278248370039528,HH (Higher High)
2844,2022-09-23 04:45:00,19518.5,19486.5,-0.1639470246176704,LH (Lower High)
2845,2022-09-23 23:15:00,19486.5,19394.5,-0.47212172529700047,LH (Lower High)
2846,2022-09-24 13:00:00,19394.5,19213.0,-0.9358323235968959,LH (Lower High)
2847,2022-09-24 16:00:00,19213.0,19186.0,-0.14052984958101286,LH (Lower High)
2848,2022-09-25 07:15:00,19186.0,19119.5,-0.34660690086521423,LH (Lower High)
2849,2022-09-25 11:45:00,19119.5,19185.0,0.3425821804963519,HH (Higher High)
2850,2022-09-25 16:15:00,19185.0,19110.0,-0.3909304143862392,LH (Lower High)
2851,2022-09-26 00:30:00,19110.0,18933.0,-0.9262166405023549,LH (Lower High)
2852,2022-09-26 03:15:00,18933.0,18946.0,0.06866318068980087,HH (Higher High)
2853,2022-09-26 09:00:00,18946.0,19318.5,1.9661142193602872,HH (Higher High)
2854,2022-09-26 14:15:00,19318.5,19268.0,-0.2614074591712607,LH (Lower High)
2855,2022-09-26 19:45:00,19268.0,19255.0,-0.06746937928171061,LH (Lower High)
2856,2022-09-27 06:15:00,19255.0,20360.5,5.741365878992469,HH (Higher High)
2857,2022-09-27 12:15:00,20360.5,20383.5,0.11296382701800053,HH (Higher High)
2858,2022-09-28 00:15:00,20383.5,19222.0,-5.698236318591017,LH (Lower High)
2859,2022-09-28 06:00:00,19222.0,18870.0,-1.8312350431796898,LH (Lower High)
2860,2022-09-28 10:30:00,18870.0,19141.0,1.4361420243773186,HH (Higher High)
2861,2022-09-28 16:00:00,19141.0,19652.0,2.669661982132595,HH (Higher High)
2862,2022-09-28 21:15:00,19652.0,19791.0,0.7073071443110116,HH (Higher High)
2863,2022-09-29 01:30:00,19791.0,19592.0,-1.0055075539386589,LH (Lower High)
2864,2022-09-29 04:45:00,19592.0,19627.5,0.18119640669661086,HH (Higher High)
2865,2022-09-29 11:15:00,19627.5,19534.0,-0.4763724366322762,LH (Lower High)
2866,2022-09-29 16:45:00,19534.0,19638.5,0.5349646769734822,HH (Higher High)
2867,2022-09-29 20:45:00,19638.5,19529.0,-0.5575782264429565,LH (Lower High)
2868,2022-09-30 00:30:00,19529.0,19695.0,0.8500179220646218,HH (Higher High)
2869,2022-09-30 07:30:00,19695.0,19626.0,-0.3503427265803503,LH (Lower High)
2870,2022-09-30 15:00:00,19626.0,20165.0,2.7463568735351065,HH (Higher High)
2871,2022-10-01 00:15:00,20165.0,19473.5,-3.429209025539301,LH (Lower High)
2872,2022-10-01 10:30:00,19473.5,19366.0,-0.5520322489537063,LH (Lower High)
2873,2022-10-01 13:15:00,19366.0,19395.5,0.15232882371165962,HH (Higher High)
2874,2022-10-01 19:00:00,19395.5,19321.5,-0.38153179861308034,LH (Lower High)
2875,2022-10-01 23:00:00,19321.5,19336.0,0.07504593328675309,HH (Higher High)
2876,2022-10-02 02:30:00,19336.0,19339.0,0.015515101365328922,HH (Higher High)
2877,2022-10-02 05:30:00,19339.0,19385.5,0.2404467656031853,HH (Higher High)
2878,2022-10-02 16:15:00,19385.5,19225.0,-0.8279384075726703,LH (Lower High)
2879,2022-10-02 19:00:00,19225.0,19332.0,0.5565669700910273,HH (Higher High)
2880,2022-10-03 01:45:00,19332.0,19247.0,-0.43968549555141734,LH (Lower High)
2881,2022-10-03 06:00:00,19247.0,19300.0,0.2753675897542474,HH (Higher High)
2882,2022-10-03 14:15:00,19300.0,19484.5,0.955958549222798,HH (Higher High)
2883,2022-10-03 18:45:00,19484.5,19649.5,0.8468269650234802,HH (Higher High)
2884,2022-10-03 23:15:00,19649.5,19720.0,0.35878775541362373,HH (Higher High)
2885,2022-10-04 08:00:00,19720.0,20150.0,2.18052738336714,HH (Higher High)
2886,2022-10-04 14:00:00,20150.0,20300.0,0.7444168734491315,HH (Higher High)
2887,2022-10-04 20:45:00,20300.0,20451.0,0.7438423645320197,HH (Higher High)
2888,2022-10-05 06:45:00,20451.0,20286.5,-0.8043616449073395,LH (Lower High)
2889,2022-10-05 19:00:00,20286.5,20338.5,0.25632809996795897,HH (Higher High)
2890,2022-10-06 04:15:00,20338.5,20435.0,0.47446960198638044,HH (Higher High)
2891,2022-10-06 12:30:00,20435.0,20316.0,-0.5823342304869097,LH (Lower High)
2892,2022-10-06 17:15:00,20316.0,20270.0,-0.22642252411892105,LH (Lower High)
2893,2022-10-07 02:30:00,20270.0,20042.0,-1.1248149975333004,LH (Lower High)
2894,2022-10-07 08:30:00,20042.0,20025.0,-0.08482187406446463,LH (Lower High)
2895,2022-10-07 12:15:00,20025.0,20078.0,0.264669163545568,HH (Higher High)
2896,2022-10-07 21:15:00,20078.0,19636.5,-2.198924195637016,LH (Lower High)
2897,2022-10-08 00:15:00,19636.5,19614.0,-0.11458253762126652,LH (Lower High)
2898,2022-10-08 06:45:00,19614.0,19533.5,-0.4104211277658815,LH (Lower High)
2899,2022-10-08 11:30:00,19533.5,19539.5,0.030716461463639388,HH (Higher High)
2900,2022-10-08 16:45:00,19539.5,19521.5,-0.09212108805240667,LH (Lower High)
2901,2022-10-09 00:00:00,19521.5,19444.5,-0.3944369029019287,LH (Lower High)
2902,2022-10-09 06:45:00,19444.5,19429.0,-0.0797140579598344,LH (Lower High)
2903,2022-10-09 11:15:00,19429.0,19552.0,0.6330742704205053,HH (Higher High)
2904,2022-10-09 16:00:00,19552.0,19547.0,-0.025572831423895256,LH (Lower High)
2905,2022-10-09 19:00:00,19547.0,19525.0,-0.11254924029262803,LH (Lower High)
2906,2022-10-10 01:45:00,19525.0,19522.5,-0.012804097311139564,LH (Lower High)
2907,2022-10-10 13:00:00,19522.5,19434.5,-0.4507619413497247,LH (Lower High)
2908,2022-10-10 17:45:00,19434.5,19358.0,-0.3936298849983277,LH (Lower High)
2909,2022-10-11 03:15:00,19358.0,19090.0,-1.3844405413782415,LH (Lower High)
2910,2022-10-11 08:00:00,19090.0,19143.5,0.28025144054478784,HH (Higher High)
2911,2022-10-11 12:15:00,19143.5,19258.0,0.598114242432157,HH (Higher High)
2912,2022-10-11 15:45:00,19258.0,19186.0,-0.37387059923148824,LH (Lower High)
2913,2022-10-12 00:45:00,19186.0,19123.0,-0.328364432398624,LH (Lower High)
2914,2022-10-12 06:45:00,19123.0,19189.5,0.3477487841865816,HH (Higher High)
2915,2022-10-12 09:30:00,19189.5,19186.0,-0.01823914119700878,LH (Lower High)
2916,2022-10-12 12:30:00,19186.0,19185.0,-0.005212133847597206,LH (Lower High)
2917,2022-10-12 22:00:00,19185.0,19227.5,0.2215272348188689,HH (Higher High)
2918,2022-10-13 12:15:00,19227.5,19195.0,-0.16902873488493045,LH (Lower High)
2919,2022-10-13 18:45:00,19195.0,19522.0,1.703568637666059,HH (Higher High)
2920,2022-10-14 01:45:00,19522.0,19944.0,2.161663763958611,HH (Higher High)
2921,2022-10-14 10:00:00,19944.0,19733.5,-1.0554552747693542,LH (Lower High)
2922,2022-10-14 12:45:00,19733.5,19835.0,0.5143537639040211,HH (Higher High)
2923,2022-10-15 00:00:00,19835.0,19216.5,-3.1182253592135116,LH (Lower High)
2924,2022-10-15 03:45:00,19216.5,19205.0,-0.059844404548174746,LH (Lower High)
2925,2022-10-15 12:15:00,19205.0,19190.0,-0.07810466024472794,LH (Lower High)
2926,2022-10-16 01:30:00,19190.0,19155.0,-0.18238665971860343,LH (Lower High)
2927,2022-10-16 08:15:00,19155.0,19184.0,0.15139650221874185,HH (Higher High)
2928,2022-10-16 15:45:00,19184.0,19165.5,-0.09643452877397832,LH (Lower High)
2929,2022-10-16 20:00:00,19165.5,19411.0,1.2809475359369702,HH (Higher High)
2930,2022-10-17 06:00:00,19411.0,19312.0,-0.5100200917005822,LH (Lower High)
2931,2022-10-17 13:30:00,19312.0,19668.0,1.8434134217067109,HH (Higher High)
2932,2022-10-17 22:15:00,19668.0,19616.5,-0.26184665446410416,LH (Lower High)
2933,2022-10-18 01:00:00,19616.5,19614.0,-0.01274437335916193,LH (Lower High)
2934,2022-10-18 06:30:00,19614.0,19694.0,0.40787192821454066,HH (Higher High)
2935,2022-10-18 13:30:00,19694.0,19661.0,-0.16756372499238348,LH (Lower High)
2936,2022-10-18 20:45:00,19661.0,19426.0,-1.1952596510859061,LH (Lower High)
2937,2022-10-19 09:45:00,19426.0,19275.0,-0.7773087614537219,LH (Lower High)
2938,2022-10-19 15:45:00,19275.0,19296.5,0.11154345006485084,HH (Higher High)
2939,2022-10-19 20:00:00,19296.5,19243.0,-0.2772523514627005,LH (Lower High)
2940,2022-10-20 04:45:00,19243.0,19198.0,-0.23385127059190355,LH (Lower High)
2941,2022-10-20 14:15:00,19198.0,19345.0,0.765704760912595,HH (Higher High)
2942,2022-10-21 02:30:00,19345.0,19125.0,-1.1372447660894287,LH (Lower High)
2943,2022-10-21 07:15:00,19125.0,19077.0,-0.25098039215686274,LH (Lower High)
2944,2022-10-21 16:00:00,19077.0,19215.0,0.7233841799025004,HH (Higher High)
2945,2022-10-21 19:45:00,19215.0,19247.0,0.16653655997918293,HH (Higher High)
2946,2022-10-22 08:00:00,19247.0,19167.5,-0.41305138463137114,LH (Lower High)
2947,2022-10-22 13:15:00,19167.5,19239.5,0.37563584191991656,HH (Higher High)
2948,2022-10-22 20:45:00,19239.5,19215.0,-0.12734218664726213,LH (Lower High)
2949,2022-10-23 04:30:00,19215.0,19212.0,-0.0156128024980484,LH (Lower High)
2950,2022-10-23 14:15:00,19212.0,19199.5,-0.06506350197793045,LH (Lower High)
2951,2022-10-23 18:00:00,19199.5,19522.5,1.6823354774863928,HH (Higher High)
2952,2022-10-23 22:30:00,19522.5,19683.5,0.8246894608784736,HH (Higher High)
2953,2022-10-24 10:30:00,19683.5,19439.0,-1.242157136688089,LH (Lower High)
2954,2022-10-24 19:15:00,19439.0,19412.0,-0.1388960337465919,LH (Lower High)
2955,2022-10-25 04:00:00,19412.0,19365.0,-0.24211827735421387,LH (Lower High)
2956,2022-10-25 19:30:00,19365.0,20400.0,5.344694035631294,HH (Higher High)
2957,2022-10-26 03:15:00,20400.0,20299.5,-0.49264705882352944,LH (Lower High)
2958,2022-10-26 08:30:00,20299.5,20800.0,2.4655779699007363,HH (Higher High)
2959,2022-10-26 14:30:00,20800.0,21009.0,1.0048076923076923,HH (Higher High)
2960,2022-10-26 23:00:00,21009.0,20901.0,-0.5140654005426246,LH (Lower High)
2961,2022-10-27 05:30:00,20901.0,20861.5,-0.18898617291038705,LH (Lower High)
2962,2022-10-27 12:30:00,20861.5,20822.5,-0.18694724732162118,LH (Lower High)
2963,2022-10-27 19:15:00,20822.5,20665.0,-0.756393324528755,LH (Lower High)
2964,2022-10-28 06:00:00,20665.0,20295.0,-1.7904669731429952,LH (Lower High)
2965,2022-10-28 13:30:00,20295.0,20577.0,1.3895048041389504,HH (Higher High)
2966,2022-10-28 16:45:00,20577.0,20738.0,0.7824269815813772,HH (Higher High)
2967,2022-10-28 20:30:00,20738.0,20723.5,-0.06991995370816859,LH (Lower High)
2968,2022-10-29 03:15:00,20723.5,20820.0,0.4656549328057519,HH (Higher High)
2969,2022-10-29 10:15:00,20820.0,21100.0,1.344860710854947,HH (Higher High)
2970,2022-10-29 16:00:00,21100.0,20968.0,-0.6255924170616114,LH (Lower High)
2971,2022-10-29 21:00:00,20968.0,20895.0,-0.3481495612361694,LH (Lower High)
2972,2022-10-30 07:00:00,20895.0,20920.0,0.11964584828906438,HH (Higher High)
2973,2022-10-30 20:15:00,20920.0,20724.5,-0.9345124282982792,LH (Lower High)
2974,2022-10-31 05:00:00,20724.5,20578.5,-0.7044802045887717,LH (Lower High)
2975,2022-10-31 10:00:00,20578.5,20832.0,1.2318682119688025,HH (Higher High)
2976,2022-11-01 02:45:00,20832.0,20579.0,-1.2144777265745008,LH (Lower High)
2977,2022-11-01 06:15:00,20579.0,20648.5,0.3377229214247534,HH (Higher High)
2978,2022-11-01 09:45:00,20648.5,20689.0,0.19614015545923433,HH (Higher High)
2979,2022-11-01 19:00:00,20689.0,20489.0,-0.9666972787471603,LH (Lower High)
2980,2022-11-02 05:00:00,20489.0,20550.0,0.2977207281956171,HH (Higher High)
2981,2022-11-02 09:00:00,20550.0,20525.0,-0.12165450121654502,LH (Lower High)
2982,2022-11-02 18:30:00,20525.0,20789.0,1.2862362971985384,HH (Higher High)
2983,2022-11-03 04:15:00,20789.0,20382.0,-1.9577661263168022,LH (Lower High)
2984,2022-11-03 10:00:00,20382.0,20326.0,-0.27475223236188795,LH (Lower High)
2985,2022-11-03 14:45:00,20326.0,20334.5,0.04181836072025977,HH (Higher High)
2986,2022-11-04 06:30:00,20334.5,20679.0,1.6941650888883424,HH (Higher High)
2987,2022-11-04 14:30:00,20679.0,21293.5,2.9716137143962476,HH (Higher High)
2988,2022-11-05 00:45:00,21293.5,21470.0,0.8288914457463545,HH (Higher High)
2989,2022-11-05 11:15:00,21470.0,21414.0,-0.2608290638099674,LH (Lower High)
2990,2022-11-05 15:30:00,21414.0,21346.0,-0.31754926683478096,LH (Lower High)
2991,2022-11-05 20:30:00,21346.0,21372.5,0.12414503888316313,HH (Higher High)
2992,2022-11-06 08:45:00,21372.5,21300.5,-0.3368815066089601,LH (Lower High)
2993,2022-11-06 15:00:00,21300.5,21278.0,-0.10563132320837539,LH (Lower High)
2994,2022-11-07 02:00:00,21278.0,21062.5,-1.0127831563116834,LH (Lower High)
2995,2022-11-07 10:15:00,21062.5,20799.0,-1.2510385756676556,LH (Lower High)
2996,2022-11-07 13:00:00,20799.0,20794.0,-0.024039617289292756,LH (Lower High)
2997,2022-11-07 16:00:00,20794.0,20793.0,-0.004809079542175627,LH (Lower High)
2998,2022-11-07 19:30:00,20793.0,20879.0,0.4136007310152455,HH (Higher High)
2999,2022-11-08 02:15:00,20879.0,20669.0,-1.0057952967096127,LH (Lower High)
3000,2022-11-08 16:30:00,20669.0,20672.0,0.014514490299482317,HH (Higher High)
3001,2022-11-08 22:00:00,20672.0,18728.0,-9.404024767801857,LH (Lower High)
3002,2022-11-09 05:45:00,18728.0,18499.5,-1.2200982486117042,LH (Lower High)
3003,2022-11-09 12:45:00,18499.5,18048.5,-2.43790372712776,LH (Lower High)
3004,2022-11-10 08:45:00,18048.5,16943.0,-6.125162755907693,LH (Lower High)
3005,2022-11-10 16:30:00,16943.0,17950.0,5.943457475063449,HH (Higher High)
3006,2022-11-10 20:45:00,17950.0,18191.0,1.3426183844011141,HH (Higher High)
3007,2022-11-11 08:45:00,18191.0,17532.0,-3.6226705513715576,LH (Lower High)
3008,2022-11-11 13:15:00,17532.0,17529.0,-0.017111567419575632,LH (Lower High)
3009,2022-11-11 18:00:00,17529.0,17036.5,-2.809629756403674,LH (Lower High)
3010,2022-11-11 23:45:00,17036.5,17133.5,0.5693657734863381,HH (Higher High)
3011,2022-11-12 10:15:00,17133.5,16960.0,-1.012636063851519,LH (Lower High)
3012,2022-11-12 15:00:00,16960.0,16989.5,0.17393867924528303,HH (Higher High)
3013,2022-11-13 03:00:00,16989.5,16943.5,-0.2707554666117308,LH (Lower High)
3014,2022-11-13 11:30:00,16943.5,16729.0,-1.2659722017292767,LH (Lower High)
3015,2022-11-13 20:00:00,16729.0,16581.0,-0.8846912547073944,LH (Lower High)
3016,2022-11-14 08:00:00,16581.0,16936.0,2.141004764489476,HH (Higher High)
3017,2022-11-14 13:15:00,16936.0,17213.0,1.6355692017005197,HH (Higher High)
3018,2022-11-14 18:15:00,17213.0,16666.0,-3.1778307093475866,LH (Lower High)
3019,2022-11-15 03:45:00,16666.0,16870.0,1.2240489619584782,HH (Higher High)
3020,2022-11-15 08:15:00,16870.0,16997.5,0.7557794902193242,HH (Higher High)
3021,2022-11-15 13:30:00,16997.5,17160.0,0.9560229445506693,HH (Higher High)
3022,2022-11-16 02:30:00,17160.0,17011.0,-0.8682983682983684,LH (Lower High)
3023,2022-11-16 17:30:00,17011.0,16634.5,-2.213273764035036,LH (Lower High)
3024,2022-11-16 23:00:00,16634.5,16758.0,0.7424328954882925,HH (Higher High)
3025,2022-11-17 08:00:00,16758.0,16631.5,-0.7548633488483112,LH (Lower High)
3026,2022-11-17 11:45:00,16631.5,16606.0,-0.1533235126116105,LH (Lower High)
3027,2022-11-17 15:15:00,16606.0,16698.0,0.554016620498615,HH (Higher High)
3028,2022-11-17 18:00:00,16698.0,16739.5,0.24853275841418132,HH (Higher High)
3029,2022-11-18 01:00:00,16739.5,16997.0,1.5382777263359122,HH (Higher High)
3030,2022-11-18 10:30:00,16997.0,16848.0,-0.8766252868153204,LH (Lower High)
3031,2022-11-18 13:15:00,16848.0,16812.5,-0.21070750237416905,LH (Lower High)
3032,2022-11-18 20:00:00,16812.5,16683.0,-0.7702602230483272,LH (Lower High)
3033,2022-11-18 23:45:00,16683.0,16718.0,0.20979440148654319,HH (Higher High)
3034,2022-11-19 08:45:00,16718.0,16655.0,-0.3768393348486661,LH (Lower High)
3035,2022-11-19 11:45:00,16655.0,16680.0,0.15010507355148606,HH (Higher High)
3036,2022-11-19 15:00:00,16680.0,16664.0,-0.09592326139088729,LH (Lower High)
3037,2022-11-19 22:30:00,16664.0,16799.0,0.8101296207393184,HH (Higher High)
3038,2022-11-20 07:45:00,16799.0,16730.5,-0.4077623668075481,LH (Lower High)
3039,2022-11-20 15:15:00,16730.5,16619.0,-0.6664475060518215,LH (Lower High)
3040,2022-11-20 19:45:00,16619.0,16604.5,-0.08724953366628557,LH (Lower High)
3041,2022-11-21 04:15:00,16604.5,16789.0,1.1111445692432773,HH (Higher High)
3042,2022-11-21 09:45:00,16789.0,16231.0,-3.323604741199595,LH (Lower High)
3043,2022-11-21 13:15:00,16231.0,16286.0,0.3388577413591276,HH (Higher High)
3044,2022-11-22 00:15:00,16286.0,16300.0,0.08596340415080438,HH (Higher High)
3045,2022-11-22 15:45:00,16300.0,16296.0,-0.024539877300613498,LH (Lower High)
3046,2022-11-22 19:15:00,16296.0,16237.0,-0.36205203730976926,LH (Lower High)
3047,2022-11-22 22:45:00,16237.0,16270.0,0.203239514688674,HH (Higher High)
3048,2022-11-23 03:45:00,16270.0,16578.0,1.8930547019053474,HH (Higher High)
3049,2022-11-23 07:30:00,16578.0,16640.5,0.37700567016527925,HH (Higher High)
3050,2022-11-23 10:45:00,16640.5,16674.5,0.20432078363029957,HH (Higher High)
3051,2022-11-23 19:00:00,16674.5,16710.5,0.21589852769198478,HH (Higher High)
3052,2022-11-24 02:00:00,16710.5,16810.0,0.5954340085574937,HH (Higher High)
3053,2022-11-24 16:15:00,16810.0,16664.0,-0.8685306365258775,LH (Lower High)
3054,2022-11-24 22:45:00,16664.0,16636.5,-0.16502640422467596,LH (Lower High)
3055,2022-11-25 11:15:00,16636.5,16594.5,-0.2524569470742043,LH (Lower High)
3056,2022-11-25 20:15:00,16594.5,16646.0,0.31034378860465817,HH (Higher High)
3057,2022-11-26 01:15:00,16646.0,16685.0,0.2342905202451039,HH (Higher High)
3058,2022-11-26 05:30:00,16685.0,16640.0,-0.26970332634102484,LH (Lower High)
3059,2022-11-26 10:15:00,16640.0,16620.0,-0.1201923076923077,LH (Lower High)
3060,2022-11-26 14:30:00,16620.0,16675.5,0.33393501805054154,HH (Higher High)
3061,2022-11-26 21:15:00,16675.5,16535.5,-0.8395550358310095,LH (Lower High)
3062,2022-11-27 04:30:00,16535.5,16588.5,0.3205225121707841,HH (Higher High)
3063,2022-11-27 10:30:00,16588.5,16583.0,-0.03315549929167797,LH (Lower High)
3064,2022-11-27 15:45:00,16583.0,16574.0,-0.054272447687390694,LH (Lower High)
3065,2022-11-27 21:45:00,16574.0,16580.0,0.03620127911186195,HH (Higher High)
3066,2022-11-28 04:15:00,16580.0,16237.0,-2.06875753920386,LH (Lower High)
3067,2022-11-28 08:30:00,16237.0,16262.0,0.15396932930960153,HH (Higher High)
3068,2022-11-28 16:45:00,16262.0,16380.0,0.7256180051654163,HH (Higher High)
3069,2022-11-28 20:45:00,16380.0,16265.0,-0.7020757020757021,LH (Lower High)
3070,2022-11-29 05:00:00,16265.0,16525.0,1.5985244389794036,HH (Higher High)
3071,2022-11-29 08:45:00,16525.0,16547.0,0.13313161875945537,HH (Higher High)
3072,2022-11-29 20:00:00,16547.0,16516.0,-0.18734513809149694,LH (Lower High)
3073,2022-11-30 02:15:00,16516.0,17125.0,3.6873334947929277,HH (Higher High)
3074,2022-11-30 08:15:00,17125.0,16924.5,-1.1708029197080292,LH (Lower High)
3075,2022-11-30 19:15:00,16924.5,17142.0,1.2851192058849596,HH (Higher High)
3076,2022-11-30 22:45:00,17142.0,17270.0,0.74670400186676,HH (Higher High)
3077,2022-12-01 08:45:00,17270.0,17124.0,-0.8453966415749855,LH (Lower High)
3078,2022-12-01 13:30:00,17124.0,17390.0,1.5533753795842093,HH (Higher High)
3079,2022-12-02 01:00:00,17390.0,17041.5,-2.0040253018976424,LH (Lower High)
3080,2022-12-02 13:00:00,17041.5,17100.0,0.3432796408766834,HH (Higher High)
3081,2022-12-03 00:00:00,17100.0,17150.0,0.29239766081871343,HH (Higher High)
3082,2022-12-03 09:45:00,17150.0,16977.0,-1.008746355685131,LH (Lower High)
3083,2022-12-03 17:30:00,16977.0,16980.0,0.017670966601873124,HH (Higher High)
3084,2022-12-04 01:15:00,16980.0,17044.5,0.37985865724381623,HH (Higher High)
3085,2022-12-04 05:00:00,17044.5,17067.0,0.1320073924139752,HH (Higher High)
3086,2022-12-04 08:15:00,17067.0,17039.0,-0.16405929571688052,LH (Lower High)
3087,2022-12-04 18:00:00,17039.0,17146.5,0.6309055695756793,HH (Higher High)
3088,2022-12-05 04:45:00,17146.5,17425.5,1.6271542297261834,HH (Higher High)
3089,2022-12-05 08:30:00,17425.5,17369.5,-0.3213681099538034,LH (Lower High)
3090,2022-12-05 18:15:00,17369.5,17137.5,-1.335674602032298,LH (Lower High)
3091,2022-12-06 01:00:00,17137.5,17093.0,-0.25966447848285923,LH (Lower High)
3092,2022-12-06 08:45:00,17093.0,17038.5,-0.3188439712162874,LH (Lower High)
3093,2022-12-06 13:15:00,17038.5,17027.0,-0.06749420430202188,LH (Lower High)
3094,2022-12-07 00:30:00,17027.0,17135.0,0.6342867210900335,HH (Higher High)
3095,2022-12-07 14:30:00,17135.0,16885.0,-1.4590020426028596,LH (Lower High)
3096,2022-12-08 00:15:00,16885.0,16878.5,-0.03849570624814924,LH (Lower High)
3097,2022-12-08 09:00:00,16878.5,16835.5,-0.25476197529401307,LH (Lower High)
3098,2022-12-08 12:00:00,16835.5,16877.0,0.246502925366042,HH (Higher High)
3099,2022-12-08 20:00:00,16877.0,17286.0,2.42341648397227,HH (Higher High)
3100,2022-12-09 01:15:00,17286.0,17280.0,-0.03471017007983339,LH (Lower High)
3101,2022-12-09 12:30:00,17280.0,17348.0,0.3935185185185185,HH (Higher High)
3102,2022-12-10 00:15:00,17348.0,17157.5,-1.098109292137422,LH (Lower High)
3103,2022-12-10 07:15:00,17157.5,17172.0,0.08451114672883578,HH (Higher High)
3104,2022-12-10 16:00:00,17172.0,17219.5,0.2766130910784999,HH (Higher High)
3105,2022-12-11 06:00:00,17219.5,17185.0,-0.20035424954266962,LH (Lower High)
3106,2022-12-11 19:00:00,17185.0,17261.5,0.4451556590049462,HH (Higher High)
3107,2022-12-12 10:45:00,17261.5,16998.0,-1.5265185528488254,LH (Lower High)
3108,2022-12-12 14:15:00,16998.0,17049.0,0.3000352982703848,HH (Higher High)
3109,2022-12-12 23:45:00,17049.0,17234.5,1.0880403542729777,HH (Higher High)
3110,2022-12-13 06:30:00,17234.5,17193.5,-0.2378949200731092,LH (Lower High)
3111,2022-12-13 09:45:00,17193.5,17514.0,1.8640765405531161,HH (Higher High)
3112,2022-12-13 13:30:00,17514.0,18000.0,2.774922918807811,HH (Higher High)
3113,2022-12-13 19:45:00,18000.0,17780.0,-1.2222222222222223,LH (Lower High)
3114,2022-12-14 01:00:00,17780.0,17828.5,0.2727784026996625,HH (Higher High)
3115,2022-12-14 08:30:00,17828.5,17878.0,0.27764534313038114,HH (Higher High)
3116,2022-12-14 19:00:00,17878.0,18379.0,2.8023268822015885,HH (Higher High)
3117,2022-12-15 06:45:00,18379.0,17735.0,-3.50399912944121,LH (Lower High)
3118,2022-12-15 11:30:00,17735.0,17716.0,-0.10713278827177897,LH (Lower High)
3119,2022-12-15 19:30:00,17716.0,17467.5,-1.4026868367577332,LH (Lower High)
3120,2022-12-16 00:45:00,17467.5,17418.0,-0.28338342636324604,LH (Lower High)
3121,2022-12-16 07:45:00,17418.0,17530.0,0.6430129750832472,HH (Higher High)
3122,2022-12-16 14:45:00,17530.0,17078.0,-2.57843696520251,LH (Lower High)
3123,2022-12-16 20:15:00,17078.0,16954.0,-0.7260803372760276,LH (Lower High)
3124,2022-12-17 06:30:00,16954.0,16763.0,-1.1265777987495575,LH (Lower High)
3125,2022-12-17 10:45:00,16763.0,16745.0,-0.10737934737218874,LH (Lower High)
3126,2022-12-17 23:00:00,16745.0,16792.5,0.2836667661988653,HH (Higher High)
3127,2022-12-18 08:00:00,16792.5,16755.0,-0.2233139794551139,LH (Lower High)
3128,2022-12-18 12:45:00,16755.0,16728.0,-0.16114592658907786,LH (Lower High)
3129,2022-12-18 18:15:00,16728.0,16786.0,0.34672405547584884,HH (Higher High)
3130,2022-12-18 22:30:00,16786.0,16900.0,0.6791373763850828,HH (Higher High)
3131,2022-12-19 10:15:00,16900.0,16775.0,-0.7396449704142012,LH (Lower High)
3132,2022-12-19 14:30:00,16775.0,16760.0,-0.08941877794336811,LH (Lower High)
3133,2022-12-19 21:15:00,16760.0,16644.5,-0.6891408114558473,LH (Lower High)
3134,2022-12-20 02:30:00,16644.5,16990.0,2.0757607618132115,HH (Higher High)
3135,2022-12-20 09:30:00,16990.0,16856.0,-0.7886992348440258,LH (Lower High)
3136,2022-12-20 15:30:00,16856.0,17054.0,1.174655908875178,HH (Higher High)
3137,2022-12-20 20:15:00,17054.0,16922.5,-0.7710800985106133,LH (Lower High)
3138,2022-12-20 23:30:00,16922.5,16918.5,-0.023637169448958488,LH (Lower High)
3139,2022-12-21 08:45:00,16918.5,16894.0,-0.14481189230723762,LH (Lower High)
3140,2022-12-21 11:45:00,16894.0,16891.0,-0.017757783828578195,LH (Lower High)
3141,2022-12-21 14:45:00,16891.0,16918.5,0.1628085962938843,HH (Higher High)
3142,2022-12-22 00:45:00,16918.5,16855.0,-0.37532878210243226,LH (Lower High)
3143,2022-12-22 04:15:00,16855.0,16850.0,-0.02966478789676654,LH (Lower High)
3144,2022-12-22 09:30:00,16850.0,16862.5,0.0741839762611276,HH (Higher High)
3145,2022-12-22 22:00:00,16862.5,16890.0,0.16308376575240918,HH (Higher High)
3146,2022-12-23 03:00:00,16890.0,16903.5,0.07992895204262877,HH (Higher High)
3147,2022-12-23 10:30:00,16903.5,16888.5,-0.08873901854645487,LH (Lower High)
3148,2022-12-23 13:30:00,16888.5,16990.0,0.6010006809367321,HH (Higher High)
3149,2022-12-23 19:30:00,16990.0,16862.0,-0.7533843437316068,LH (Lower High)
3150,2022-12-24 07:15:00,16862.0,16852.0,-0.05930494603249911,LH (Lower High)
3151,2022-12-24 19:00:00,16852.0,16859.0,0.04153809636838358,HH (Higher High)
3152,2022-12-25 05:15:00,16859.0,16834.5,-0.1453229728928169,LH (Lower High)
3153,2022-12-25 15:00:00,16834.5,16853.5,0.1128634649083727,HH (Higher High)
3154,2022-12-25 21:45:00,16853.5,16844.5,-0.053401370635179635,LH (Lower High)
3155,2022-12-26 04:00:00,16844.5,16912.0,0.4007242720175725,HH (Higher High)
3156,2022-12-26 19:15:00,16912.0,16854.5,-0.3399952696310312,LH (Lower High)
3157,2022-12-27 00:00:00,16854.5,16961.0,0.6318787267495327,HH (Higher High)
3158,2022-12-27 05:00:00,16961.0,16888.5,-0.4274512116030894,LH (Lower High)
3159,2022-12-27 15:15:00,16888.5,16839.5,-0.2901382597625603,LH (Lower High)
3160,2022-12-28 01:30:00,16839.5,16749.5,-0.5344576739214347,LH (Lower High)
3161,2022-12-28 11:45:00,16749.5,16680.5,-0.41195259559986863,LH (Lower High)
3162,2022-12-28 15:00:00,16680.5,16778.0,0.5845148526722821,HH (Higher High)
3163,2022-12-29 00:45:00,16778.0,16591.5,-1.1115746811300513,LH (Lower High)
3164,2022-12-29 09:15:00,16591.5,16636.0,0.2682096254106018,HH (Higher High)
3165,2022-12-29 14:30:00,16636.0,16665.0,0.17432075018033183,HH (Higher High)
3166,2022-12-29 23:30:00,16665.0,16653.5,-0.06900690069006901,LH (Lower High)
3167,2022-12-30 21:00:00,16653.5,16725.0,0.42933917795058096,HH (Higher High)
3168,2022-12-30 23:45:00,16725.0,16637.5,-0.523168908819133,LH (Lower High)
3169,2022-12-31 08:30:00,16637.5,16595.0,-0.2554470323065364,LH (Lower High)
3170,2022-12-31 14:15:00,16595.0,16650.5,0.33443808376016876,HH (Higher High)
3171,2023-01-01 02:30:00,16650.5,16577.5,-0.4384252725143389,LH (Lower High)
3172,2023-01-01 06:15:00,16577.5,16560.0,-0.10556477152767305,LH (Lower High)
3173,2023-01-01 12:30:00,16560.0,16582.0,0.13285024154589373,HH (Higher High)
3174,2023-01-01 19:15:00,16582.0,16631.0,0.2955011458207695,HH (Higher High)
3175,2023-01-02 00:00:00,16631.0,16627.0,-0.02405147014611268,LH (Lower High)
3176,2023-01-02 03:45:00,16627.0,16709.5,0.4961809105671498,HH (Higher High)
3177,2023-01-02 07:15:00,16709.5,16774.0,0.386007959543972,HH (Higher High)
3178,2023-01-02 15:30:00,16774.0,16749.5,-0.14605937760820317,LH (Lower High)
3179,2023-01-02 21:45:00,16749.5,16799.0,0.29553120988686227,HH (Higher High)
3180,2023-01-03 06:30:00,16799.0,16774.0,-0.14881838204655037,LH (Lower High)
3181,2023-01-03 09:45:00,16774.0,16750.0,-0.14307857398354595,LH (Lower High)
3182,2023-01-03 14:30:00,16750.0,16770.0,0.11940298507462686,HH (Higher High)
3183,2023-01-04 04:00:00,16770.0,16898.5,0.7662492546213476,HH (Higher High)
3184,2023-01-04 08:15:00,16898.5,16903.0,0.026629582507323137,HH (Higher High)
3185,2023-01-04 19:00:00,16903.0,16988.0,0.5028693131396793,HH (Higher High)
3186,2023-01-05 00:15:00,16988.0,16873.5,-0.6740051801271486,LH (Lower High)
3187,2023-01-05 05:15:00,16873.5,16841.5,-0.1896464870951492,LH (Lower High)
3188,2023-01-05 11:45:00,16841.5,16832.5,-0.053439420479173466,LH (Lower High)
3189,2023-01-05 19:45:00,16832.5,16864.0,0.18713797712758057,HH (Higher High)
3190,2023-01-06 00:45:00,16864.0,16860.0,-0.023719165085388995,LH (Lower High)
3191,2023-01-06 20:15:00,16860.0,17031.5,1.0172004744958483,HH (Higher High)
3192,2023-01-07 01:00:00,17031.5,16974.0,-0.337609723160027,LH (Lower High)
3193,2023-01-07 08:00:00,16974.0,16941.5,-0.1914693059974078,LH (Lower High)
3194,2023-01-07 14:45:00,16941.5,16937.5,-0.023610660213086207,LH (Lower High)
3195,2023-01-07 20:00:00,16937.5,16949.0,0.06789667896678966,HH (Higher High)
3196,2023-01-08 00:00:00,16949.0,16946.0,-0.017700159301433715,LH (Lower High)
3197,2023-01-08 09:30:00,16946.0,16962.0,0.09441756166646997,HH (Higher High)
3198,2023-01-08 15:45:00,16962.0,17010.5,0.2859332625869591,HH (Higher High)
3199,2023-01-09 05:15:00,17010.5,17249.0,1.402075188853943,HH (Higher High)
3200,2023-01-09 10:30:00,17249.0,17271.0,0.12754362571743288,HH (Higher High)
3201,2023-01-09 18:15:00,17271.0,17385.0,0.6600660066006601,HH (Higher High)
3202,2023-01-10 01:00:00,17385.0,17230.0,-0.8915731952832903,LH (Lower High)
3203,2023-01-10 15:15:00,17230.0,17362.5,0.7690075449796866,HH (Higher High)
3204,2023-01-10 21:30:00,17362.5,17480.5,0.6796256299496041,HH (Higher High)
3205,2023-01-11 01:00:00,17480.5,17495.0,0.08294957238065273,HH (Higher High)
3206,2023-01-11 09:15:00,17495.0,17461.5,-0.19148328093741068,LH (Lower High)
3207,2023-01-11 14:45:00,17461.5,17431.0,-0.17466998825988603,LH (Lower High)
3208,2023-01-12 02:45:00,17431.0,18377.0,5.427112615455224,HH (Higher High)
3209,2023-01-12 21:00:00,18377.0,19133.5,4.116558741905643,HH (Higher High)
3210,2023-01-13 03:45:00,19133.5,18865.5,-1.4006846630255834,LH (Lower High)
3211,2023-01-13 10:45:00,18865.5,19036.0,0.9037661339482124,HH (Higher High)
3212,2023-01-13 17:15:00,19036.0,19398.0,1.9016600126076908,HH (Higher High)
3213,2023-01-14 00:30:00,19398.0,21550.0,11.093927208990618,HH (Higher High)
3214,2023-01-14 08:30:00,21550.0,21039.0,-2.37122969837587,LH (Lower High)
3215,2023-01-14 14:30:00,21039.0,21243.5,0.9720043728314084,HH (Higher High)
3216,2023-01-14 17:15:00,21243.5,20934.5,-1.4545625720808717,LH (Lower High)
3217,2023-01-14 23:00:00,20934.5,21093.0,0.7571234087272206,HH (Higher High)
3218,2023-01-15 06:30:00,21093.0,20795.5,-1.4104205186554781,LH (Lower High)
3219,2023-01-15 10:00:00,20795.5,20773.0,-0.10819648481642664,LH (Lower High)
3220,2023-01-15 17:15:00,20773.0,21066.0,1.4104847638761855,HH (Higher High)
3221,2023-01-16 02:15:00,21066.0,21450.0,1.8228424950156652,HH (Higher High)
3222,2023-01-16 06:45:00,21450.0,21300.0,-0.6993006993006993,LH (Lower High)
3223,2023-01-16 20:30:00,21300.0,21488.0,0.8826291079812207,HH (Higher High)
3224,2023-01-17 00:00:00,21488.0,21297.0,-0.8888682055100522,LH (Lower High)
3225,2023-01-17 04:30:00,21297.0,21230.0,-0.31459830023007934,LH (Lower High)
3226,2023-01-17 09:00:00,21230.0,21244.0,0.06594441827602449,HH (Higher High)
3227,2023-01-17 14:15:00,21244.0,21626.5,1.8005083788363772,HH (Higher High)
3228,2023-01-17 18:45:00,21626.5,21413.0,-0.9872147596698496,LH (Lower High)
3229,2023-01-18 03:15:00,21413.0,21369.5,-0.2031476206043058,LH (Lower High)
3230,2023-01-18 14:15:00,21369.5,21673.0,1.4202484849902899,HH (Higher High)
3231,2023-01-19 04:30:00,21673.0,20871.0,-3.7004567895538227,LH (Lower High)
3232,2023-01-19 15:15:00,20871.0,20945.0,0.35455895740501175,HH (Higher High)
3233,2023-01-19 20:15:00,20945.0,21173.5,1.0909524946287896,HH (Higher High)
3234,2023-01-20 02:30:00,21173.5,21213.0,0.18655394715091977,HH (Higher High)
3235,2023-01-21 00:00:00,21213.0,22794.0,7.452976948097864,HH (Higher High)
3236,2023-01-21 04:30:00,22794.0,22635.5,-0.6953584276564009,LH (Lower High)
3237,2023-01-21 10:15:00,22635.5,23347.0,3.143292615581719,HH (Higher High)
3238,2023-01-21 17:45:00,23347.0,23381.0,0.1456289887351694,HH (Higher High)
3239,2023-01-22 06:30:00,23381.0,22978.5,-1.721483255634917,LH (Lower High)
3240,2023-01-22 15:00:00,22978.5,23083.0,0.4547729399221011,HH (Higher High)
3241,2023-01-23 01:00:00,23083.0,22829.5,-1.0982108044881513,LH (Lower High)
3242,2023-01-23 06:45:00,22829.5,22791.5,-0.16645130204340874,LH (Lower High)
3243,2023-01-23 14:45:00,22791.5,23160.0,1.6168308360573023,HH (Higher High)
3244,2023-01-23 18:15:00,23160.0,23187.0,0.116580310880829,HH (Higher High)
3245,2023-01-24 02:15:00,23187.0,23145.5,-0.17897960063828872,LH (Lower High)
3246,2023-01-24 05:30:00,23145.5,23165.5,0.08640988529087727,HH (Higher High)
3247,2023-01-24 12:30:00,23165.5,23030.0,-0.5849215428115084,LH (Lower High)
3248,2023-01-24 19:30:00,23030.0,23086.5,0.24533217542336083,HH (Higher High)
3249,2023-01-25 07:15:00,23086.5,22769.0,-1.3752625993546013,LH (Lower High)
3250,2023-01-25 12:00:00,22769.0,22752.0,-0.0746629188809346,LH (Lower High)
3251,2023-01-25 22:00:00,22752.0,23875.0,4.935829817158932,HH (Higher High)
3252,2023-01-26 14:30:00,23875.0,23241.5,-2.6534031413612564,LH (Lower High)
3253,2023-01-26 20:30:00,23241.5,23179.0,-0.2689155175010219,LH (Lower High)
3254,2023-01-27 05:45:00,23179.0,23099.5,-0.3429828724276285,LH (Lower High)
3255,2023-01-27 20:00:00,23099.5,23515.5,1.8009047814887769,HH (Higher High)
3256,2023-01-28 00:30:00,23515.5,23193.0,-1.3714358614530842,LH (Lower High)
3257,2023-01-28 09:45:00,23193.0,23019.0,-0.7502263614021472,LH (Lower High)
3258,2023-01-28 16:15:00,23019.0,23058.5,0.17159737608062905,HH (Higher High)
3259,2023-01-28 19:45:00,23058.5,23046.5,-0.0520415465012902,LH (Lower High)
3260,2023-01-29 01:15:00,23046.5,23514.0,2.0285075824962577,HH (Higher High)
3261,2023-01-29 06:00:00,23514.0,23267.5,-1.0483116441269031,LH (Lower High)
3262,2023-01-29 13:00:00,23267.5,23664.5,1.7062426130869237,HH (Higher High)
3263,2023-01-29 19:45:00,23664.5,23966.0,1.274060301295189,HH (Higher High)
3264,2023-01-29 23:15:00,23966.0,23883.5,-0.34423767003254613,LH (Lower High)
3265,2023-01-30 04:00:00,23883.5,23764.0,-0.5003454267590597,LH (Lower High)
3266,2023-01-30 15:00:00,23764.0,23300.5,-1.950429220669921,LH (Lower High)
3267,2023-01-31 02:30:00,23300.5,22914.0,-1.6587626874959764,LH (Lower High)
3268,2023-01-31 08:00:00,22914.0,22994.0,0.3491315353059265,HH (Higher High)
3269,2023-01-31 16:30:00,22994.0,23224.5,1.0024354179351136,HH (Higher High)
3270,2023-01-31 22:45:00,23224.5,23375.0,0.648022562380245,HH (Higher High)
3271,2023-02-01 01:45:00,23375.0,23179.5,-0.8363636363636363,LH (Lower High)
3272,2023-02-01 05:30:00,23179.5,23164.5,-0.0647123535883,LH (Lower High)
3273,2023-02-01 13:15:00,23164.5,23142.0,-0.09713138638865505,LH (Lower High)
3274,2023-02-02 00:45:00,23142.0,24280.0,4.9174660789905795,HH (Higher High)
3275,2023-02-02 11:30:00,24280.0,23855.0,-1.7504118616144975,LH (Lower High)
3276,2023-02-02 14:15:00,23855.0,23949.5,0.3961433661706142,HH (Higher High)
3277,2023-02-02 18:15:00,23949.5,24159.5,0.8768450280799182,HH (Higher High)
3278,2023-02-03 16:30:00,24159.5,23723.0,-1.8067426892112832,LH (Lower High)
3279,2023-02-03 23:30:00,23723.0,23475.0,-1.0453989798929308,LH (Lower High)
3280,2023-02-04 07:00:00,23475.0,23371.5,-0.4408945686900958,LH (Lower High)
3281,2023-02-04 13:15:00,23371.5,23587.5,0.9242025543931711,HH (Higher High)
3282,2023-02-04 18:00:00,23587.5,23471.5,-0.49178590355060947,LH (Lower High)
3283,2023-02-04 22:30:00,23471.5,23450.0,-0.09160045161152887,LH (Lower High)
3284,2023-02-05 06:30:00,23450.0,23434.5,-0.06609808102345416,LH (Lower High)
3285,2023-02-06 00:30:00,23434.5,23098.0,-1.4359171307260663,LH (Lower High)
3286,2023-02-06 08:00:00,23098.0,22934.0,-0.7100181833925016,LH (Lower High)
3287,2023-02-06 12:00:00,22934.0,22937.0,0.013081015086770733,HH (Higher High)
3288,2023-02-06 16:15:00,22937.0,23165.0,0.9940271177573352,HH (Higher High)
3289,2023-02-06 19:15:00,23165.0,23126.0,-0.16835743578674725,LH (Lower High)
3290,2023-02-07 06:15:00,23126.0,22984.0,-0.6140275015134481,LH (Lower High)
3291,2023-02-07 10:15:00,22984.0,23062.0,0.3393665158371041,HH (Higher High)
3292,2023-02-07 17:45:00,23062.0,23363.0,1.3051773480183853,HH (Higher High)
3293,2023-02-08 01:00:00,23363.0,23462.5,0.4258870864186962,HH (Higher High)
3294,2023-02-08 18:00:00,23462.5,23041.0,-1.7964837506659563,LH (Lower High)
3295,2023-02-09 00:00:00,23041.0,23011.0,-0.13020268217525283,LH (Lower High)
3296,2023-02-09 08:15:00,23011.0,22760.0,-1.0907826691582287,LH (Lower High)
3297,2023-02-09 14:30:00,22760.0,22847.5,0.3844463971880492,HH (Higher High)
3298,2023-02-10 02:45:00,22847.5,21939.5,-3.9741766057555536,LH (Lower High)
3299,2023-02-10 07:45:00,21939.5,21931.3,-0.0373755099250244,LH (Lower High)
3300,2023-02-10 15:15:00,21931.3,21900.0,-0.14271839790618554,LH (Lower High)
3301,2023-02-10 19:30:00,21900.0,21794.0,-0.4840182648401826,LH (Lower High)
3302,2023-02-11 03:00:00,21794.0,21715.0,-0.36248508763879966,LH (Lower High)
3303,2023-02-11 07:45:00,21715.0,21706.0,-0.04144600506562284,LH (Lower High)
3304,2023-02-11 12:15:00,21706.0,21776.0,0.3224914770109647,HH (Higher High)
3305,2023-02-11 23:30:00,21776.0,21890.0,0.5235121234386481,HH (Higher High)
3306,2023-02-12 09:45:00,21890.0,21946.2,0.2567382366377375,HH (Higher High)
3307,2023-02-12 16:30:00,21946.2,22079.0,0.6051161476702084,HH (Higher High)
3308,2023-02-13 00:45:00,22079.0,21867.1,-0.9597354952670023,LH (Lower High)
3309,2023-02-13 04:15:00,21867.1,21861.0,-0.02789578865052314,LH (Lower High)
3310,2023-02-13 07:15:00,21861.0,21887.0,0.11893326014363477,HH (Higher High)
3311,2023-02-13 18:45:00,21887.0,21673.0,-0.9777493489285878,LH (Lower High)
3312,2023-02-13 23:30:00,21673.0,21843.0,0.7843861025238776,HH (Higher High)
3313,2023-02-14 09:45:00,21843.0,21878.9,0.1643547131804306,HH (Higher High)
3314,2023-02-14 15:00:00,21878.9,22310.7,1.9735909940627694,HH (Higher High)
3315,2023-02-14 21:15:00,22310.7,22286.5,-0.1084681341239886,LH (Lower High)
3316,2023-02-15 12:15:00,22286.5,22914.1,2.8160545621788913,HH (Higher High)
3317,2023-02-16 00:15:00,22914.1,24939.9,8.840844720063206,HH (Higher High)
3318,2023-02-16 10:00:00,24939.9,24673.3,-1.0689698034074,LH (Lower High)
3319,2023-02-16 16:00:00,24673.3,25296.1,2.5241860634775213,HH (Higher High)
3320,2023-02-17 03:30:00,25296.1,23915.5,-5.457758310569608,LH (Lower High)
3321,2023-02-17 09:00:00,23915.5,23869.3,-0.19318015512952155,LH (Lower High)
3322,2023-02-17 20:15:00,23869.3,25043.9,4.920965424205997,HH (Higher High)
3323,2023-02-18 00:15:00,25043.9,24794.9,-0.994254089818279,LH (Lower High)
3324,2023-02-18 06:00:00,24794.9,24678.8,-0.4682414528794316,LH (Lower High)
3325,2023-02-18 14:45:00,24678.8,24741.0,0.2520381866217188,HH (Higher High)
3326,2023-02-18 18:00:00,24741.0,24886.6,0.5884968271290512,HH (Higher High)
3327,2023-02-19 01:00:00,24886.6,24774.1,-0.45205050107286654,LH (Lower High)
3328,2023-02-19 05:15:00,24774.1,24855.5,0.32856894902338113,HH (Higher High)
3329,2023-02-19 11:15:00,24855.5,24722.5,-0.5350928365955221,LH (Lower High)
3330,2023-02-19 16:15:00,24722.5,25197.5,1.9213267266659926,HH (Higher High)
3331,2023-02-19 21:00:00,25197.5,24583.9,-2.4351622184740496,LH (Lower High)
3332,2023-02-20 04:15:00,24583.9,24550.9,-0.13423419392366548,LH (Lower High)
3333,2023-02-20 10:00:00,24550.9,24988.0,1.7803827965573504,HH (Higher High)
3334,2023-02-20 15:00:00,24988.0,25149.6,0.6467104210020752,HH (Higher High)
3335,2023-02-21 02:30:00,25149.6,25113.3,-0.1443362916308779,LH (Lower High)
3336,2023-02-21 08:15:00,25113.3,25295.0,0.7235210028152442,HH (Higher High)
3337,2023-02-21 14:30:00,25295.0,24789.0,-2.000395335046452,LH (Lower High)
3338,2023-02-21 18:00:00,24789.0,24759.0,-0.12102142079148008,LH (Lower High)
3339,2023-02-22 00:00:00,24759.0,24476.0,-1.1430187002706087,LH (Lower High)
3340,2023-02-22 12:15:00,24476.0,24234.3,-0.9874979571825492,LH (Lower High)
3341,2023-02-22 19:00:00,24234.3,23981.7,-1.0423243089340257,LH (Lower High)
3342,2023-02-23 03:00:00,23981.7,24602.9,2.5903084435215216,HH (Higher High)
3343,2023-02-23 08:15:00,24602.9,24500.0,-0.41824337781319054,LH (Lower High)
3344,2023-02-23 20:00:00,24500.0,24079.6,-1.715918367346945,LH (Lower High)
3345,2023-02-24 01:00:00,24079.6,24130.0,0.20930580242197322,HH (Higher High)
3346,2023-02-24 08:30:00,24130.0,23970.0,-0.6630750103605471,LH (Lower High)
3347,2023-02-24 12:15:00,23970.0,24030.0,0.2503128911138924,HH (Higher High)
3348,2023-02-24 20:15:00,24030.0,23326.7,-2.926758218893047,LH (Lower High)
3349,2023-02-25 02:00:00,23326.7,23212.8,-0.488281668645807,LH (Lower High)
3350,2023-02-25 08:15:00,23212.8,23150.0,-0.2705403915081303,LH (Lower High)
3351,2023-02-25 13:30:00,23150.0,23085.8,-0.27732181425486274,LH (Lower High)
3352,2023-02-25 16:30:00,23085.8,23078.0,-0.03378700326607383,LH (Lower High)
3353,2023-02-25 23:15:00,23078.0,23188.0,0.47664442326024786,HH (Higher High)
3354,2023-02-26 02:45:00,23188.0,23248.7,0.2617733310332962,HH (Higher High)
3355,2023-02-26 09:45:00,23248.7,23288.0,0.16904170985904277,HH (Higher High)
3356,2023-02-26 14:15:00,23288.0,23320.0,0.13740982480247338,HH (Higher High)
3357,2023-02-26 20:30:00,23320.0,23685.7,1.5681818181818215,HH (Higher High)
3358,2023-02-27 02:00:00,23685.7,23637.2,-0.2047649003407119,LH (Lower High)
3359,2023-02-27 15:00:00,23637.2,23889.0,1.0652699981385243,HH (Higher High)
3360,2023-02-27 23:45:00,23889.0,23575.0,-1.3144124911046926,LH (Lower High)
3361,2023-02-28 03:00:00,23575.0,23516.4,-0.24856839872745934,LH (Lower High)
3362,2023-02-28 16:00:00,23516.4,23592.9,0.3253048936061642,HH (Higher High)
3363,2023-03-01 04:45:00,23592.9,23838.0,1.0388718639929746,HH (Higher High)
3364,2023-03-01 08:45:00,23838.0,24028.4,0.7987247252286327,HH (Higher High)
3365,2023-03-01 14:45:00,24028.4,23886.0,-0.5926320520717211,LH (Lower High)
3366,2023-03-02 00:15:00,23886.0,23788.2,-0.4094448630997206,LH (Lower High)
3367,2023-03-02 04:45:00,23788.2,23539.5,-1.0454763285998971,LH (Lower High)
3368,2023-03-02 08:30:00,23539.5,23476.8,-0.2663607978079429,LH (Lower High)
3369,2023-03-02 20:45:00,23476.8,23567.0,0.3842090915286612,HH (Higher High)
3370,2023-03-03 05:00:00,23567.0,22403.1,-4.938685449993641,LH (Lower High)
3371,2023-03-03 09:00:00,22403.1,22468.0,0.2896920515464443,HH (Higher High)
3372,2023-03-03 14:00:00,22468.0,22495.0,0.12017090973829446,HH (Higher High)
3373,2023-03-03 17:45:00,22495.0,22438.1,-0.2529450989108755,LH (Lower High)
3374,2023-03-04 00:30:00,22438.1,22377.8,-0.2687393317615987,LH (Lower High)
3375,2023-03-04 06:15:00,22377.8,22394.8,0.07596814700283316,HH (Higher High)
3376,2023-03-04 12:45:00,22394.8,22385.0,-0.043760158608245094,LH (Lower High)
3377,2023-03-05 01:15:00,22385.0,22672.9,1.2861291043109289,HH (Higher High)
3378,2023-03-05 10:15:00,22672.9,22440.4,-1.02545329446167,LH (Lower High)
3379,2023-03-05 13:30:00,22440.4,22488.6,0.21479118019285345,HH (Higher High)
3380,2023-03-05 21:15:00,22488.6,22569.2,0.3584038134877324,HH (Higher High)
3381,2023-03-06 01:15:00,22569.2,22498.9,-0.3114864505609382,LH (Lower High)
3382,2023-03-06 08:30:00,22498.9,22435.0,-0.2840138851232792,LH (Lower High)
3383,2023-03-06 15:45:00,22435.0,22594.7,0.7118341876532237,HH (Higher High)
3384,2023-03-07 03:00:00,22594.7,22541.2,-0.23678119204946294,LH (Lower High)
3385,2023-03-07 10:30:00,22541.2,22422.3,-0.5274785725693462,LH (Lower High)
3386,2023-03-07 15:30:00,22422.3,22485.7,0.28275422235899733,HH (Higher High)
3387,2023-03-08 00:00:00,22485.7,22280.0,-0.9148036307519922,LH (Lower High)
3388,2023-03-08 10:30:00,22280.0,22139.0,-0.632854578096948,LH (Lower High)
3389,2023-03-08 15:00:00,22139.0,22227.0,0.3974885947874791,HH (Higher High)
3390,2023-03-08 20:30:00,22227.0,22130.0,-0.43640617267287535,LH (Lower High)
3391,2023-03-09 03:30:00,22130.0,21805.7,-1.4654315408947098,LH (Lower High)
3392,2023-03-09 14:15:00,21805.7,21837.5,0.14583342887409836,HH (Higher High)
3393,2023-03-10 13:45:00,21837.5,20294.0,-7.068116771608472,LH (Lower High)
3394,2023-03-10 16:30:00,20294.0,20297.2,0.015768207351930262,HH (Higher High)
3395,2023-03-11 01:30:00,20297.2,20671.2,1.842618686321266,HH (Higher High)
3396,2023-03-11 14:30:00,20671.2,20198.4,-2.2872402182746976,LH (Lower High)
3397,2023-03-11 17:45:00,20198.4,20332.2,0.662428707224331,HH (Higher High)
3398,2023-03-11 20:30:00,20332.2,20459.9,0.6280677939426167,HH (Higher High)
3399,2023-03-11 23:45:00,20459.9,20526.8,0.3269810702887004,HH (Higher High)
3400,2023-03-12 11:30:00,20526.8,20486.6,-0.19584153399458626,LH (Lower High)
3401,2023-03-12 18:30:00,20486.6,21348.6,4.207628401003583,HH (Higher High)
3402,2023-03-13 00:45:00,21348.6,22588.0,5.805532915507347,HH (Higher High)
3403,2023-03-13 08:00:00,22588.0,22535.0,-0.23463786081105012,LH (Lower High)
3404,2023-03-13 15:00:00,22535.0,24560.0,8.986021743953849,HH (Higher High)
3405,2023-03-13 19:00:00,24560.0,24450.0,-0.4478827361563518,LH (Lower High)
3406,2023-03-14 02:00:00,24450.0,24510.8,0.2486707566462138,HH (Higher High)
3407,2023-03-14 05:00:00,24510.8,24850.9,1.3875516099025824,HH (Higher High)
3408,2023-03-14 13:00:00,24850.9,26500.0,6.635976966628969,HH (Higher High)
3409,2023-03-15 01:15:00,26500.0,25099.1,-5.286415094339628,LH (Lower High)
3410,2023-03-15 07:45:00,25099.1,24941.6,-0.6275125402902894,LH (Lower High)
3411,2023-03-15 12:30:00,24941.6,25211.0,1.0801231677197993,HH (Higher High)
3412,2023-03-15 18:30:00,25211.0,24526.0,-2.717067946531276,LH (Lower High)
3413,2023-03-15 22:00:00,24526.0,24647.0,0.4933539916822964,HH (Higher High)
3414,2023-03-16 02:15:00,24647.0,24443.3,-0.8264697529111078,LH (Lower High)
3415,2023-03-16 10:45:00,24443.3,25068.7,2.558574333252881,HH (Higher High)
3416,2023-03-16 14:45:00,25068.7,25031.0,-0.15038673724605076,LH (Lower High)
3417,2023-03-16 19:15:00,25031.0,25175.0,0.5752866445607446,HH (Higher High)
3418,2023-03-17 02:00:00,25175.0,25888.0,2.832174776564052,HH (Higher High)
3419,2023-03-17 06:45:00,25888.0,26219.2,1.2793572311495702,HH (Higher High)
3420,2023-03-17 11:45:00,26219.2,26976.5,2.888341368157683,HH (Higher High)
3421,2023-03-17 22:45:00,26976.5,27766.0,2.9266213185550387,HH (Higher High)
3422,2023-03-18 06:00:00,27766.0,27602.4,-0.5892098249657802,LH (Lower High)
3423,2023-03-18 12:45:00,27602.4,27640.0,0.1362200388371973,HH (Higher High)
3424,2023-03-18 20:45:00,27640.0,27448.9,-0.6913892908827733,LH (Lower High)
3425,2023-03-19 04:00:00,27448.9,27276.9,-0.6266189173336636,LH (Lower High)
3426,2023-03-19 12:15:00,27276.9,27380.0,0.3779755030813565,HH (Higher High)
3427,2023-03-19 20:00:00,27380.0,28417.1,3.7878013148283367,HH (Higher High)
3428,2023-03-19 23:15:00,28417.1,28298.9,-0.41594673629609324,LH (Lower High)
3429,2023-03-20 09:00:00,28298.9,28480.0,0.6399542031669023,HH (Higher High)
3430,2023-03-20 21:00:00,28480.0,28189.5,-1.0200140449438202,LH (Lower High)
3431,2023-03-21 04:30:00,28189.5,27949.7,-0.8506713492612472,LH (Lower High)
3432,2023-03-21 12:45:00,27949.7,28238.7,1.0340003649413054,HH (Higher High)
3433,2023-03-21 16:30:00,28238.7,28471.0,0.8226299369305218,HH (Higher High)
3434,2023-03-22 05:30:00,28471.0,28289.3,-0.6381932492711908,LH (Lower High)
3435,2023-03-22 14:45:00,28289.3,28736.0,1.579042252724531,HH (Higher High)
3436,2023-03-22 18:00:00,28736.0,28897.0,0.5602728285077951,HH (Higher High)
3437,2023-03-23 00:15:00,28897.0,27411.1,-5.142056268816837,LH (Lower High)
3438,2023-03-23 08:00:00,27411.1,27737.0,1.1889344097829035,HH (Higher High)
3439,2023-03-23 15:15:00,27737.0,28780.0,3.760320149980171,HH (Higher High)
3440,2023-03-23 19:45:00,28780.0,28441.3,-1.1768589298123724,LH (Lower High)
3441,2023-03-23 23:15:00,28441.3,28443.0,0.005977223263355499,HH (Higher High)
3442,2023-03-24 06:15:00,28443.0,28335.4,-0.37830046057025823,LH (Lower High)
3443,2023-03-24 14:00:00,28335.4,28249.1,-0.30456601989032417,LH (Lower High)
3444,2023-03-25 02:15:00,28249.1,27656.6,-2.0974119529471738,LH (Lower High)
3445,2023-03-25 07:15:00,27656.6,27568.2,-0.31963437298871816,LH (Lower High)
3446,2023-03-25 10:45:00,27568.2,27518.0,-0.1820938617682719,LH (Lower High)
3447,2023-03-25 15:45:00,27518.0,27787.5,0.979358965041064,HH (Higher High)
3448,2023-03-26 01:30:00,27787.5,27642.0,-0.5236167341430499,LH (Lower High)
3449,2023-03-26 08:30:00,27642.0,27766.4,0.4500397945155975,HH (Higher High)
3450,2023-03-26 13:45:00,27766.4,28196.7,1.5497147631669905,HH (Higher High)
3451,2023-03-26 18:00:00,28196.7,27939.9,-0.9107448744001931,LH (Lower High)
3452,2023-03-26 23:15:00,27939.9,28130.0,0.6803889777701371,HH (Higher High)
3453,2023-03-27 04:15:00,28130.0,27917.6,-0.7550657660860344,LH (Lower High)
3454,2023-03-27 11:00:00,27917.6,27986.9,0.2482305069203761,HH (Higher High)
3455,2023-03-27 22:00:00,27986.9,27235.7,-2.684112924260996,LH (Lower High)
3456,2023-03-28 01:30:00,27235.7,27174.1,-0.22617373520784184,LH (Lower High)
3457,2023-03-28 06:30:00,27174.1,27135.0,-0.14388701005736546,LH (Lower High)
3458,2023-03-28 12:00:00,27135.0,27196.0,0.2248019163442049,HH (Higher High)
3459,2023-03-28 15:30:00,27196.0,27082.4,-0.4177084865421332,LH (Lower High)
3460,2023-03-28 19:45:00,27082.4,27497.0,1.5308835258322695,HH (Higher High)
3461,2023-03-29 01:15:00,27497.0,27465.6,-0.11419427573917684,LH (Lower High)
3462,2023-03-29 08:30:00,27465.6,28644.5,4.292278340906448,HH (Higher High)
3463,2023-03-29 14:15:00,28644.5,28594.5,-0.17455357922114195,LH (Lower High)
3464,2023-03-29 21:15:00,28594.5,28530.0,-0.22556785395792897,LH (Lower High)
3465,2023-03-30 02:30:00,28530.0,29197.2,2.3385909568874896,HH (Higher High)
3466,2023-03-30 07:30:00,29197.2,28777.8,-1.4364391105996515,LH (Lower High)
3467,2023-03-30 11:30:00,28777.8,28688.7,-0.3096136605299868,LH (Lower High)
3468,2023-03-30 21:00:00,28688.7,28199.4,-1.7055495717826157,LH (Lower High)
3469,2023-03-31 01:00:00,28199.4,28370.0,0.6049774108668927,HH (Higher High)
3470,2023-03-31 14:45:00,28370.0,28675.1,1.0754317941487437,HH (Higher High)
3471,2023-03-31 22:30:00,28675.1,28633.4,-0.14542233505723465,LH (Lower High)
3472,2023-04-01 02:00:00,28633.4,28838.6,0.7166455957029101,HH (Higher High)
3473,2023-04-01 16:30:00,28838.6,28420.3,-1.4504865007316559,LH (Lower High)
3474,2023-04-01 20:30:00,28420.3,28576.0,0.5478478411557961,HH (Higher High)
3475,2023-04-01 23:15:00,28576.0,28543.7,-0.11303191489361447,LH (Lower High)
3476,2023-04-02 03:30:00,28543.7,28525.0,-0.0655135809302954,LH (Lower High)
3477,2023-04-02 06:45:00,28525.0,28484.2,-0.14303242769500182,LH (Lower High)
3478,2023-04-02 17:45:00,28484.2,28229.9,-0.8927756440412554,LH (Lower High)
3479,2023-04-02 23:45:00,28229.9,28188.1,-0.14806995419751012,LH (Lower High)
3480,2023-04-03 10:30:00,28188.1,28550.0,1.283875110418941,HH (Higher High)
3481,2023-04-03 13:45:00,28550.0,28366.5,-0.6427320490367776,LH (Lower High)
3482,2023-04-03 18:30:00,28366.5,28235.2,-0.4628699346059587,LH (Lower High)
3483,2023-04-03 23:00:00,28235.2,28019.4,-0.7642942143140452,LH (Lower High)
3484,2023-04-04 03:30:00,28019.4,27955.8,-0.2269855885565079,LH (Lower High)
3485,2023-04-04 06:45:00,27955.8,28138.0,0.6517431087645523,HH (Higher High)
3486,2023-04-04 11:00:00,28138.0,28438.4,1.067595422560244,HH (Higher High)
3487,2023-04-04 20:30:00,28438.4,28296.8,-0.4979183076403812,LH (Lower High)
3488,2023-04-05 02:30:00,28296.8,28797.1,1.7680444431879199,HH (Higher High)
3489,2023-04-05 05:30:00,28797.1,28617.2,-0.6247156831764235,LH (Lower High)
3490,2023-04-05 08:15:00,28617.2,28600.0,-0.06010371385041417,LH (Lower High)
3491,2023-04-05 12:45:00,28600.0,28750.0,0.5244755244755245,HH (Higher High)
3492,2023-04-05 19:45:00,28750.0,28298.0,-1.5721739130434782,LH (Lower High)
3493,2023-04-06 03:45:00,28298.0,28148.0,-0.5300727966640751,LH (Lower High)
3494,2023-04-06 12:30:00,28148.0,28087.9,-0.2135142816541088,LH (Lower High)
3495,2023-04-06 15:30:00,28087.9,28173.5,0.3047575646452691,HH (Higher High)
3496,2023-04-06 20:30:00,28173.5,28123.8,-0.176406907200031,LH (Lower High)
3497,2023-04-07 00:45:00,28123.8,28094.1,-0.10560450579224974,LH (Lower High)
3498,2023-04-07 12:30:00,28094.1,28000.0,-0.33494577153209587,LH (Lower High)
3499,2023-04-07 22:45:00,28000.0,27970.0,-0.10714285714285715,LH (Lower High)
3500,2023-04-08 05:45:00,27970.0,28164.2,0.6943153378619976,HH (Higher High)
3501,2023-04-08 14:15:00,28164.2,28036.4,-0.4537675488741,LH (Lower High)
3502,2023-04-09 00:45:00,28036.4,28074.7,0.13660812372486936,HH (Higher High)
3503,2023-04-09 05:15:00,28074.7,28059.0,-0.05592223603458177,LH (Lower High)
3504,2023-04-09 12:30:00,28059.0,27958.9,-0.3567482804091327,LH (Lower High)
3505,2023-04-09 22:00:00,27958.9,28524.4,2.022611762265325,HH (Higher High)
3506,2023-04-10 08:30:00,28524.4,28360.0,-0.576348669910678,LH (Lower High)
3507,2023-04-10 17:00:00,28360.0,29289.0,3.27574047954866,HH (Higher High)
3508,2023-04-11 02:00:00,29289.0,30467.8,4.024719177848336,HH (Higher High)
3509,2023-04-11 07:15:00,30467.8,30150.0,-1.0430684197743167,LH (Lower High)
3510,2023-04-11 14:00:00,30150.0,30272.1,0.4049751243781046,HH (Higher High)
3511,2023-04-11 19:15:00,30272.1,30560.5,0.9526924131461031,HH (Higher High)
3512,2023-04-12 00:15:00,30560.5,30344.0,-0.7084308175586133,LH (Lower High)
3513,2023-04-12 07:15:00,30344.0,30067.0,-0.9128658054310573,LH (Lower High)
3514,2023-04-12 12:30:00,30067.0,30480.0,1.373598962317491,HH (Higher High)
3515,2023-04-12 17:30:00,30480.0,30079.1,-1.315288713910766,LH (Lower High)
3516,2023-04-12 21:30:00,30079.1,29974.4,-0.348082223204807,LH (Lower High)
3517,2023-04-13 02:30:00,29974.4,30220.0,0.8193658588662276,HH (Higher High)
3518,2023-04-13 05:45:00,30220.0,30111.0,-0.36068828590337526,LH (Lower High)
3519,2023-04-13 09:15:00,30111.0,30370.8,0.8628076118362036,HH (Higher High)
3520,2023-04-13 15:00:00,30370.8,30600.0,0.7546722509779155,HH (Higher High)
3521,2023-04-13 18:15:00,30600.0,30552.0,-0.1568627450980392,LH (Lower High)
3522,2023-04-14 01:45:00,30552.0,30949.8,1.3020424194815372,HH (Higher High)
3523,2023-04-14 06:45:00,30949.8,31061.7,0.36155322489968095,HH (Higher High)
3524,2023-04-14 12:00:00,31061.7,30860.0,-0.649352739869359,LH (Lower High)
3525,2023-04-14 20:30:00,30860.0,30509.4,-1.1360985093972733,LH (Lower High)
3526,2023-04-15 00:15:00,30509.4,30583.0,0.24123712691825647,HH (Higher High)
3527,2023-04-15 07:45:00,30583.0,30460.0,-0.4021842199914985,LH (Lower High)
3528,2023-04-15 23:00:00,30460.0,30365.4,-0.3105712409717615,LH (Lower High)
3529,2023-04-16 07:30:00,30365.4,30390.0,0.08101325851132718,HH (Higher High)
3530,2023-04-16 19:00:00,30390.0,30565.4,0.5771635406383727,HH (Higher High)
3531,2023-04-17 06:00:00,30565.4,29998.9,-1.8534028672943916,LH (Lower High)
3532,2023-04-17 19:30:00,29998.9,29580.0,-1.3963845340995884,LH (Lower High)
3533,2023-04-17 22:30:00,29580.0,29535.3,-0.15111561866126005,LH (Lower High)
3534,2023-04-18 12:15:00,29535.3,30500.0,3.2662610503363796,HH (Higher High)
3535,2023-04-18 20:45:00,30500.0,30475.8,-0.07934426229508436,LH (Lower High)
3536,2023-04-19 00:15:00,30475.8,30416.2,-0.19556500567663046,LH (Lower High)
3537,2023-04-19 05:45:00,30416.2,30335.0,-0.26696299998027606,LH (Lower High)
3538,2023-04-19 14:30:00,30335.0,29494.6,-2.770397230921383,LH (Lower High)
3539,2023-04-20 06:15:00,29494.6,29082.8,-1.3961877767455713,LH (Lower High)
3540,2023-04-20 12:45:00,29082.8,28959.1,-0.4253373127759388,LH (Lower High)
3541,2023-04-21 00:45:00,28959.1,28368.0,-2.0411545938927613,LH (Lower High)
3542,2023-04-21 04:00:00,28368.0,28347.2,-0.07332205301748192,LH (Lower High)
3543,2023-04-21 13:30:00,28347.2,28299.9,-0.16685951346164443,LH (Lower High)
3544,2023-04-22 05:45:00,28299.9,27395.8,-3.1947109353743377,LH (Lower High)
3545,2023-04-22 17:30:00,27395.8,27774.6,1.3826936975740782,HH (Higher High)
3546,2023-04-22 22:30:00,27774.6,27880.4,0.3809235776572945,HH (Higher High)
3547,2023-04-23 08:00:00,27880.4,27756.7,-0.4436808654108288,LH (Lower High)
3548,2023-04-23 12:30:00,27756.7,27726.7,-0.10808201263118454,LH (Lower High)
3549,2023-04-23 16:45:00,27726.7,27678.3,-0.17456098273505846,LH (Lower High)
3550,2023-04-24 01:15:00,27678.3,27989.0,1.1225400403926566,HH (Higher High)
3551,2023-04-24 13:45:00,27989.0,27700.0,-1.0325485011968987,LH (Lower High)
3552,2023-04-24 18:15:00,27700.0,27569.9,-0.4696750902527023,LH (Lower High)
3553,2023-04-25 00:15:00,27569.9,27584.4,0.05259358938552552,HH (Higher High)
3554,2023-04-25 05:45:00,27584.4,27447.0,-0.49810762604951153,LH (Lower High)
3555,2023-04-25 12:15:00,27447.0,27464.0,0.061937552373665605,HH (Higher High)
3556,2023-04-26 00:00:00,27464.0,28485.0,3.717593941159336,HH (Higher High)
3557,2023-04-26 12:30:00,28485.0,30062.0,5.536247147621555,HH (Higher High)
3558,2023-04-26 16:00:00,30062.0,29893.7,-0.5598429911516175,LH (Lower High)
3559,2023-04-27 00:15:00,29893.7,29480.0,-1.3839036318689246,LH (Lower High)
3560,2023-04-27 05:30:00,29480.0,29277.3,-0.6875848032564474,LH (Lower High)
3561,2023-04-27 11:00:00,29277.3,29135.6,-0.483992717907733,LH (Lower High)
3562,2023-04-27 15:15:00,29135.6,29594.6,1.575392303573635,HH (Higher High)
3563,2023-04-27 18:45:00,29594.6,29883.5,0.9761916025220868,HH (Higher High)
3564,2023-04-28 01:00:00,29883.5,29593.8,-0.9694312915153871,LH (Lower High)
3565,2023-04-28 05:45:00,29593.8,29558.0,-0.1209712845258104,LH (Lower High)
3566,2023-04-28 12:30:00,29558.0,29471.9,-0.2912916976791344,LH (Lower High)
3567,2023-04-28 19:00:00,29471.9,29432.2,-0.13470458300958107,LH (Lower High)
3568,2023-04-28 22:45:00,29432.2,29422.2,-0.03397639320200325,LH (Lower High)
3569,2023-04-29 04:15:00,29422.2,29427.9,0.01937312641475052,HH (Higher High)
3570,2023-04-29 14:00:00,29427.9,29381.7,-0.15699387316118624,LH (Lower High)
3571,2023-04-29 19:30:00,29381.7,29298.0,-0.2848711953358748,LH (Lower High)
3572,2023-04-30 08:30:00,29298.0,29334.0,0.12287528158918698,HH (Higher High)
3573,2023-04-30 15:30:00,29334.0,29955.0,2.1169973409695233,HH (Higher High)
3574,2023-05-01 07:00:00,29955.0,28699.1,-4.192622266733438,LH (Lower High)
3575,2023-05-01 13:30:00,28699.1,28608.8,-0.3146440132268931,LH (Lower High)
3576,2023-05-01 22:30:00,28608.8,28167.2,-1.5435809960571523,LH (Lower High)
3577,2023-05-02 07:15:00,28167.2,28150.0,-0.06106393251725669,LH (Lower High)
3578,2023-05-02 15:30:00,28150.0,28768.6,2.197513321492002,HH (Higher High)
3579,2023-05-02 19:00:00,28768.6,28869.0,0.34899160890693837,HH (Higher High)
3580,2023-05-02 22:30:00,28869.0,28796.5,-0.25113443486092346,LH (Lower High)
3581,2023-05-03 08:30:00,28796.5,28757.6,-0.1350858611289617,LH (Lower High)
3582,2023-05-03 18:00:00,28757.6,28856.6,0.34425682254430134,HH (Higher High)
3583,2023-05-03 22:15:00,28856.6,29262.8,1.4076502429253646,HH (Higher High)
3584,2023-05-04 02:00:00,29262.8,29176.0,-0.296622332791118,LH (Lower High)
3585,2023-05-04 06:00:00,29176.0,29229.1,0.18199890320811127,HH (Higher High)
3586,2023-05-04 10:30:00,29229.1,29384.2,0.5306355652414962,HH (Higher High)
3587,2023-05-04 16:15:00,29384.2,28964.8,-1.4272976633701153,LH (Lower High)
3588,2023-05-04 20:30:00,28964.8,28911.8,-0.18298072142738772,LH (Lower High)
3589,2023-05-05 02:00:00,28911.8,29534.7,2.1544836364391062,HH (Higher High)
3590,2023-05-05 16:15:00,29534.7,29674.0,0.47164860316847396,HH (Higher High)
3591,2023-05-06 00:30:00,29674.0,29833.0,0.5358226056480421,HH (Higher High)
3592,2023-05-06 07:30:00,29833.0,29424.2,-1.3702946401635747,LH (Lower High)
3593,2023-05-06 18:30:00,29424.2,28953.0,-1.6014029268425334,LH (Lower High)
3594,2023-05-07 01:15:00,28953.0,29129.3,0.6089179014264473,HH (Higher High)
3595,2023-05-07 08:15:00,29129.3,28939.6,-0.6512343242027812,LH (Lower High)
3596,2023-05-07 14:45:00,28939.6,29081.7,0.4910226817233209,HH (Higher High)
3597,2023-05-07 21:30:00,29081.7,28944.7,-0.47108662836079046,LH (Lower High)
3598,2023-05-08 05:45:00,28944.7,28250.0,-2.4000939722989036,LH (Lower High)
3599,2023-05-08 11:00:00,28250.0,27963.0,-1.015929203539823,LH (Lower High)
3600,2023-05-08 15:00:00,27963.0,28076.0,0.4041054250259271,HH (Higher High)
3601,2023-05-09 01:30:00,28076.0,27739.1,-1.19995725886879,LH (Lower High)
3602,2023-05-09 08:00:00,27739.1,27659.3,-0.28768056642068157,LH (Lower High)
3603,2023-05-09 12:15:00,27659.3,27810.6,0.547013120360961,HH (Higher High)
3604,2023-05-09 17:00:00,27810.6,27750.0,-0.2179025263748303,LH (Lower High)
3605,2023-05-09 20:00:00,27750.0,27768.3,0.06594594594594332,HH (Higher High)
3606,2023-05-10 01:15:00,27768.3,27844.0,0.272613015560912,HH (Higher High)
3607,2023-05-10 13:00:00,27844.0,28293.0,1.6125556672891825,HH (Higher High)
3608,2023-05-10 16:30:00,28293.0,28286.9,-0.021560103205734794,LH (Lower High)
3609,2023-05-10 20:15:00,28286.9,27970.4,-1.1188924908703322,LH (Lower High)
3610,2023-05-11 07:30:00,27970.4,27544.9,-1.5212510368103422,LH (Lower High)
3611,2023-05-11 12:30:00,27544.9,27618.0,0.2653848806857115,HH (Higher High)
3612,2023-05-11 21:00:00,27618.0,27057.0,-2.0312839452530955,LH (Lower High)
3613,2023-05-12 01:15:00,27057.0,27078.9,0.08094023727686533,HH (Higher High)
3614,2023-05-12 09:45:00,27078.9,26440.5,-2.3575551444113363,LH (Lower High)
3615,2023-05-12 14:15:00,26440.5,26597.9,0.5952988786142527,HH (Higher High)
3616,2023-05-12 22:00:00,26597.9,26884.5,1.0775286770760042,HH (Higher High)
3617,2023-05-13 01:15:00,26884.5,26975.8,0.33960088526846055,HH (Higher High)
3618,2023-05-13 05:15:00,26975.8,26857.7,-0.43779980575181665,LH (Lower High)
3619,2023-05-13 12:30:00,26857.7,26896.5,0.14446508822423093,HH (Higher High)
3620,2023-05-13 18:45:00,26896.5,27036.5,0.5205138215009387,HH (Higher High)
3621,2023-05-14 06:15:00,27036.5,26885.0,-0.5603535960645794,LH (Lower High)
3622,2023-05-14 15:00:00,26885.0,27198.6,1.1664496931374317,HH (Higher High)
3623,2023-05-14 21:00:00,27198.6,26949.0,-0.9176942930886096,LH (Lower High)
3624,2023-05-15 06:30:00,26949.0,27534.9,2.1741066458866802,HH (Higher High)
3625,2023-05-15 17:15:00,27534.9,27648.0,0.4107514463462679,HH (Higher High)
3626,2023-05-16 08:15:00,27648.0,27273.0,-1.3563368055555556,LH (Lower High)
3627,2023-05-16 12:30:00,27273.0,27126.0,-0.5389946100538995,LH (Lower High)
3628,2023-05-16 16:45:00,27126.0,27147.5,0.0792597507925975,HH (Higher High)
3629,2023-05-17 01:30:00,27147.5,27226.5,0.29100285477484117,HH (Higher High)
3630,2023-05-17 10:30:00,27226.5,26897.0,-1.2102179861531963,LH (Lower High)
3631,2023-05-17 21:15:00,26897.0,27565.2,2.4842919284678615,HH (Higher High)
3632,2023-05-18 00:15:00,27565.2,27474.6,-0.32867528623047243,LH (Lower High)
3633,2023-05-18 07:45:00,27474.6,27443.6,-0.11283148799254585,LH (Lower High)
3634,2023-05-18 12:00:00,27443.6,27468.6,0.09109592036030259,HH (Higher High)
3635,2023-05-18 21:30:00,27468.6,27049.0,-1.527562380317885,LH (Lower High)
3636,2023-05-19 07:15:00,27049.0,26952.8,-0.3556508558541932,LH (Lower High)
3637,2023-05-19 12:00:00,26952.8,26983.8,0.11501587961176575,HH (Higher High)
3638,2023-05-19 15:15:00,26983.8,27172.9,0.7007908448773048,HH (Higher High)
3639,2023-05-19 22:00:00,27172.9,26907.6,-0.976340397970047,LH (Lower High)
3640,2023-05-20 05:00:00,26907.6,26864.6,-0.1598061514219031,LH (Lower High)
3641,2023-05-20 08:45:00,26864.6,26900.9,0.1351220565353771,HH (Higher High)
3642,2023-05-20 12:15:00,26900.9,26944.1,0.16058942265871062,HH (Higher High)
3643,2023-05-20 18:00:00,26944.1,27134.0,0.7047925148733915,HH (Higher High)
3644,2023-05-21 00:45:00,27134.0,27282.1,0.5458096852657129,HH (Higher High)
3645,2023-05-21 10:00:00,27282.1,27076.6,-0.7532411361295501,LH (Lower High)
3646,2023-05-21 15:00:00,27076.6,26967.7,-0.40219229888537633,LH (Lower High)
3647,2023-05-21 20:00:00,26967.7,26916.6,-0.1894859405881932,LH (Lower High)
3648,2023-05-22 06:15:00,26916.6,26900.0,-0.06167197937331812,LH (Lower High)
3649,2023-05-22 13:30:00,26900.0,27099.3,0.7408921933085475,HH (Higher High)
3650,2023-05-22 20:45:00,27099.3,26959.4,-0.5162494972194773,LH (Lower High)
3651,2023-05-23 05:15:00,26959.4,27495.6,1.9889166672848693,HH (Higher High)
3652,2023-05-23 12:30:00,27495.6,27376.5,-0.43316021472525984,LH (Lower High)
3653,2023-05-23 15:15:00,27376.5,27362.8,-0.05004292002264982,LH (Lower High)
3654,2023-05-23 23:15:00,27362.8,27243.0,-0.4378206908649673,LH (Lower High)
3655,2023-05-24 09:15:00,27243.0,26840.4,-1.4778108137870225,LH (Lower High)
3656,2023-05-24 20:30:00,26840.4,26492.8,-1.2950626667262863,LH (Lower High)
3657,2023-05-25 06:00:00,26492.8,26286.6,-0.7783246768933474,LH (Lower High)
3658,2023-05-25 12:00:00,26286.6,26510.0,0.8498626676709862,HH (Higher High)
3659,2023-05-25 19:00:00,26510.0,26627.4,0.44285175405507904,HH (Higher High)
3660,2023-05-25 23:15:00,26627.4,26538.9,-0.33236440658870187,LH (Lower High)
3661,2023-05-26 08:30:00,26538.9,26537.3,-0.006028885899574522,LH (Lower High)
3662,2023-05-26 14:30:00,26537.3,26929.9,1.4794270705761408,HH (Higher High)
3663,2023-05-27 03:30:00,26929.9,26772.3,-0.5852231163131024,LH (Lower High)
3664,2023-05-27 13:30:00,26772.3,26764.5,-0.02913459060297125,LH (Lower High)
3665,2023-05-27 18:30:00,26764.5,26843.0,0.29329895944254514,HH (Higher High)
3666,2023-05-28 04:00:00,26843.0,27274.5,1.607495436426629,HH (Higher High)
3667,2023-05-28 08:00:00,27274.5,27218.0,-0.2071532017085556,LH (Lower High)
3668,2023-05-28 11:15:00,27218.0,27347.0,0.47395106179734,HH (Higher High)
3669,2023-05-28 18:15:00,27347.0,27782.0,1.5906680805938493,HH (Higher High)
3670,2023-05-29 00:15:00,27782.0,28449.0,2.4008350730688934,HH (Higher High)
3671,2023-05-29 10:15:00,28449.0,27964.9,-1.7016415339730695,LH (Lower High)
3672,2023-05-29 13:15:00,27964.9,27937.1,-0.09941033223792294,LH (Lower High)
3673,2023-05-29 23:00:00,27937.1,27822.0,-0.41199695029190053,LH (Lower High)
3674,2023-05-30 03:15:00,27822.0,27930.0,0.38818201423334053,HH (Higher High)
3675,2023-05-30 11:45:00,27930.0,28036.7,0.3820264948084523,HH (Higher High)
3676,2023-05-30 19:30:00,28036.7,27860.0,-0.6302453569785342,LH (Lower High)
3677,2023-05-31 01:15:00,27860.0,27824.0,-0.12921751615218952,LH (Lower High)
3678,2023-05-31 13:45:00,27824.0,27212.5,-2.197742955721679,LH (Lower High)
3679,2023-06-01 00:00:00,27212.5,27343.4,0.48102893890675774,HH (Higher High)
3680,2023-06-01 06:00:00,27343.4,26872.9,-1.7207077393447778,LH (Lower High)
3681,2023-06-01 09:15:00,26872.9,26943.1,0.26122971469397455,HH (Higher High)
3682,2023-06-01 14:00:00,26943.1,26974.8,0.11765535517442585,HH (Higher High)
3683,2023-06-01 16:45:00,26974.8,27173.9,0.7380962972848815,HH (Higher High)
3684,2023-06-02 05:30:00,27173.9,27216.0,0.15492807436547032,HH (Higher High)
3685,2023-06-02 09:00:00,27216.0,27173.7,-0.15542328042327777,LH (Lower High)
3686,2023-06-02 12:30:00,27173.7,27265.0,0.33598663413520896,HH (Higher High)
3687,2023-06-02 19:30:00,27265.0,27293.4,0.10416284613974493,HH (Higher High)
3688,2023-06-02 22:30:00,27293.4,27291.9,-0.005495834157708457,LH (Lower High)
3689,2023-06-03 06:15:00,27291.9,27209.3,-0.30265390097428974,LH (Lower High)
3690,2023-06-03 10:30:00,27209.3,27172.8,-0.1341453106107103,LH (Lower High)
3691,2023-06-03 15:45:00,27172.8,27324.9,0.5597509273979943,HH (Higher High)
3692,2023-06-03 23:30:00,27324.9,27075.1,-0.9141844983879278,LH (Lower High)
3693,2023-06-04 02:45:00,27075.1,27095.2,0.07423795295309042,HH (Higher High)
3694,2023-06-04 09:30:00,27095.2,27241.8,0.5410552422569257,HH (Higher High)
3695,2023-06-04 13:45:00,27241.8,27285.0,0.15857982952668595,HH (Higher High)
3696,2023-06-04 22:15:00,27285.0,27450.0,0.6047278724573941,HH (Higher High)
3697,2023-06-05 14:00:00,27450.0,26812.2,-2.32349726775956,LH (Lower High)
3698,2023-06-05 23:30:00,26812.2,25854.9,-3.5703895987647387,LH (Lower High)
3699,2023-06-06 06:45:00,25854.9,25799.9,-0.21272563421247037,LH (Lower High)
3700,2023-06-06 10:45:00,25799.9,25780.0,-0.07713208190729985,LH (Lower High)
3701,2023-06-06 19:45:00,25780.0,27213.9,5.562063615205591,HH (Higher High)
3702,2023-06-07 00:45:00,27213.9,27397.0,0.6728179349523535,HH (Higher High)
3703,2023-06-07 11:30:00,27397.0,26979.0,-1.5257144942876957,LH (Lower High)
3704,2023-06-08 01:00:00,26979.0,26457.3,-1.933726231513402,LH (Lower High)
3705,2023-06-08 07:30:00,26457.3,26507.8,0.190873596323132,HH (Higher High)
3706,2023-06-08 15:45:00,26507.8,26810.5,1.1419280362761177,HH (Higher High)
3707,2023-06-08 21:00:00,26810.5,26638.7,-0.6407937188787948,LH (Lower High)
3708,2023-06-09 01:30:00,26638.7,26585.7,-0.19895865789246472,LH (Lower High)
3709,2023-06-09 09:45:00,26585.7,26678.0,0.347179122611025,HH (Higher High)
3710,2023-06-09 13:15:00,26678.0,26770.0,0.34485343728915213,HH (Higher High)
3711,2023-06-09 21:30:00,26770.0,26492.1,-1.0381023533806555,LH (Lower High)
3712,2023-06-10 01:00:00,26492.1,26527.7,0.13437968299984593,HH (Higher High)
3713,2023-06-10 08:30:00,26527.7,25748.0,-2.939191863599184,LH (Lower High)
3714,2023-06-10 11:45:00,25748.0,25723.0,-0.09709491999378593,LH (Lower High)
3715,2023-06-10 17:45:00,25723.0,26145.7,1.6432764452046833,HH (Higher High)
3716,2023-06-10 22:30:00,26145.7,25917.0,-0.8747136240376074,LH (Lower High)
3717,2023-06-11 05:45:00,25917.0,25819.5,-0.3762009491839333,LH (Lower High)
3718,2023-06-11 11:30:00,25819.5,25835.9,0.06351788377002442,HH (Higher High)
3719,2023-06-11 20:00:00,25835.9,26196.8,1.3968934699391071,HH (Higher High)
3720,2023-06-12 09:00:00,26196.8,26095.0,-0.3885970805594549,LH (Lower High)
3721,2023-06-12 17:45:00,26095.0,25964.7,-0.49932937344318556,LH (Lower High)
3722,2023-06-13 02:30:00,25964.7,26150.0,0.7136612400682436,HH (Higher High)
3723,2023-06-13 08:45:00,26150.0,26266.0,0.4435946462715106,HH (Higher High)
3724,2023-06-13 12:30:00,26266.0,26420.0,0.586309297190284,HH (Higher High)
3725,2023-06-13 18:15:00,26420.0,25963.0,-1.7297501892505678,LH (Lower High)
3726,2023-06-14 02:00:00,25963.0,26048.4,0.3289296306282073,HH (Higher High)
3727,2023-06-14 12:45:00,26048.4,26073.0,0.0944395817017496,HH (Higher High)
3728,2023-06-14 18:00:00,26073.0,26098.4,0.09741878571703086,HH (Higher High)
3729,2023-06-15 00:45:00,26098.4,25197.4,-3.4523189161021364,LH (Lower High)
3730,2023-06-15 13:45:00,25197.4,25103.0,-0.3746418281251298,LH (Lower High)
3731,2023-06-15 21:30:00,25103.0,25750.0,2.577381189499263,HH (Higher High)
3732,2023-06-16 06:30:00,25750.0,25623.2,-0.4924271844660166,LH (Lower High)
3733,2023-06-16 09:15:00,25623.2,25616.8,-0.024977364263641756,LH (Lower High)
3734,2023-06-16 18:00:00,25616.8,26500.0,3.4477374223166075,HH (Higher High)
3735,2023-06-17 05:30:00,26500.0,26886.8,1.459622641509431,HH (Higher High)
3736,2023-06-17 22:00:00,26886.8,26589.0,-1.1076067066367112,LH (Lower High)
3737,2023-06-18 07:15:00,26589.0,26666.5,0.29147391778555043,HH (Higher High)
3738,2023-06-18 20:00:00,26666.5,26698.0,0.11812573828586428,HH (Higher High)
3739,2023-06-19 02:00:00,26698.0,26469.7,-0.8551202337253699,LH (Lower High)
3740,2023-06-19 06:00:00,26469.7,26469.9,0.0007555809094954895,HH (Higher High)
3741,2023-06-19 12:45:00,26469.9,26577.1,0.4049883074737611,HH (Higher High)
3742,2023-06-19 18:15:00,26577.1,27063.8,1.831275797585142,HH (Higher High)
3743,2023-06-20 01:00:00,27063.8,27166.0,0.3776262017898474,HH (Higher High)
3744,2023-06-20 05:15:00,27166.0,27023.7,-0.5238165353750985,LH (Lower High)
3745,2023-06-20 12:00:00,27023.7,26968.8,-0.20315500838153713,LH (Lower High)
3746,2023-06-21 01:00:00,26968.8,29117.6,7.967725668179523,HH (Higher High)
3747,2023-06-21 06:00:00,29117.6,28996.6,-0.4155562271615793,LH (Lower High)
3748,2023-06-21 10:30:00,28996.6,29217.0,0.760089113896117,HH (Higher High)
3749,2023-06-21 16:30:00,29217.0,30800.0,5.418078515932505,HH (Higher High)
3750,2023-06-22 02:45:00,30800.0,30497.6,-0.9818181818181865,LH (Lower High)
3751,2023-06-22 10:15:00,30497.6,30236.8,-0.8551492576465011,LH (Lower High)
3752,2023-06-22 13:45:00,30236.8,30350.0,0.374378241083715,HH (Higher High)
3753,2023-06-22 20:00:00,30350.0,30262.0,-0.2899505766062603,LH (Lower High)
3754,2023-06-23 04:45:00,30262.0,30079.7,-0.6024056572599276,LH (Lower High)
3755,2023-06-23 12:00:00,30079.7,30225.0,0.4830500304191839,HH (Higher High)
3756,2023-06-23 15:45:00,30225.0,31444.0,4.033085194375517,HH (Higher High)
3757,2023-06-24 02:30:00,31444.0,30775.0,-2.1275919094262816,LH (Lower High)
3758,2023-06-24 12:30:00,30775.0,30797.9,0.07441104792851813,HH (Higher High)
3759,2023-06-24 18:15:00,30797.9,30687.5,-0.3584659993051521,LH (Lower High)
3760,2023-06-25 04:30:00,30687.5,31042.1,1.1555193482688344,HH (Higher High)
3761,2023-06-25 12:00:00,31042.1,30733.0,-0.9957444889359888,LH (Lower High)
3762,2023-06-25 22:30:00,30733.0,30564.7,-0.547619822340804,LH (Lower High)
3763,2023-06-26 03:45:00,30564.7,30317.0,-0.810412011241729,LH (Lower High)
3764,2023-06-26 07:15:00,30317.0,30565.0,0.818022891447043,HH (Higher High)
3765,2023-06-26 14:00:00,30565.0,30649.6,0.27678717487321625,HH (Higher High)
3766,2023-06-26 19:45:00,30649.6,30299.5,-1.1422661307162199,LH (Lower High)
3767,2023-06-27 03:00:00,30299.5,30490.0,0.6287232462581891,HH (Higher High)
3768,2023-06-27 14:00:00,30490.0,30997.0,1.6628402755001641,HH (Higher High)
3769,2023-06-27 17:45:00,30997.0,30770.0,-0.7323289350582314,LH (Lower High)
3770,2023-06-27 22:00:00,30770.0,30730.7,-0.12772180695482377,LH (Lower High)
3771,2023-06-28 11:45:00,30730.7,30369.0,-1.176998896868606,LH (Lower High)
3772,2023-06-28 14:30:00,30369.0,30490.0,0.39843261220323356,HH (Higher High)
3773,2023-06-29 01:30:00,30490.0,30237.4,-0.8284683502787752,LH (Lower High)
3774,2023-06-29 13:15:00,30237.4,30830.0,1.9598245880928868,HH (Higher High)
3775,2023-06-29 17:30:00,30830.0,30655.9,-0.5647096983457625,LH (Lower High)
3776,2023-06-30 04:45:00,30655.9,31291.9,2.0746414230213435,HH (Higher High)
3777,2023-06-30 08:45:00,31291.9,30891.9,-1.278286074031938,LH (Lower High)
3778,2023-06-30 12:30:00,30891.9,31115.7,0.7244617521097739,HH (Higher High)
3779,2023-06-30 17:15:00,31115.7,30714.1,-1.2906667695086473,LH (Lower High)
3780,2023-06-30 23:30:00,30714.1,30529.8,-0.6000501398380524,LH (Lower High)
3781,2023-07-01 15:00:00,30529.8,30650.0,0.3937136830244572,HH (Higher High)
3782,2023-07-01 19:30:00,30650.0,30620.0,-0.09787928221859706,LH (Lower High)
3783,2023-07-02 00:15:00,30620.0,30644.9,0.08131939908556975,HH (Higher High)
3784,2023-07-02 08:15:00,30644.9,30549.0,-0.3129395103263559,LH (Lower High)
3785,2023-07-02 16:15:00,30549.0,30699.8,0.493633179482141,HH (Higher High)
3786,2023-07-02 22:15:00,30699.8,30790.0,0.29381298900970276,HH (Higher High)
3787,2023-07-03 03:45:00,30790.0,30782.4,-0.024683338746341488,LH (Lower High)
3788,2023-07-03 07:30:00,30782.4,30747.0,-0.11500077966630753,LH (Lower High)
3789,2023-07-03 15:45:00,30747.0,31173.1,1.3858262594724642,HH (Higher High)
3790,2023-07-03 19:30:00,31173.1,31399.4,0.7259464089230873,HH (Higher High)
3791,2023-07-04 02:00:00,31399.4,31319.2,-0.2554188933546524,LH (Lower High)
3792,2023-07-04 11:30:00,31319.2,31073.4,-0.7848220899639814,LH (Lower High)
3793,2023-07-04 16:15:00,31073.4,31120.8,0.1525420456081337,HH (Higher High)
3794,2023-07-04 23:00:00,31120.8,30836.0,-0.9151435695740445,LH (Lower High)
3795,2023-07-05 03:45:00,30836.0,30869.1,0.10734206771305793,HH (Higher High)
3796,2023-07-05 18:00:00,30869.1,30588.2,-0.9099714601332654,LH (Lower High)
3797,2023-07-06 02:00:00,30588.2,30550.0,-0.12488475948241717,LH (Lower High)
3798,2023-07-06 09:00:00,30550.0,31543.1,3.2507364975450037,HH (Higher High)
3799,2023-07-07 05:30:00,31543.1,30288.0,-3.9790001616835333,LH (Lower High)
3800,2023-07-07 16:00:00,30288.0,30445.6,0.5203380876914901,HH (Higher High)
3801,2023-07-08 02:45:00,30445.6,30377.1,-0.22499146017815383,LH (Lower High)
3802,2023-07-08 08:15:00,30377.1,30296.5,-0.2653314503359391,LH (Lower High)
3803,2023-07-08 16:30:00,30296.5,30307.2,0.03531761094516108,HH (Higher High)
3804,2023-07-09 01:00:00,30307.2,30389.0,0.2699028613662736,HH (Higher High)
3805,2023-07-09 08:30:00,30389.0,30298.0,-0.29945045904768175,LH (Lower High)
3806,2023-07-09 14:30:00,30298.0,30451.0,0.5049838273153344,HH (Higher High)
3807,2023-07-10 03:00:00,30451.0,30240.2,-0.692259695904894,LH (Lower High)
3808,2023-07-10 20:00:00,30240.2,31035.5,2.62994292365791,HH (Higher High)
3809,2023-07-11 01:45:00,31035.5,30587.8,-1.4425416055807083,LH (Lower High)
3810,2023-07-11 06:45:00,30587.8,30647.6,0.19550278215497444,HH (Higher High)
3811,2023-07-11 15:15:00,30647.6,30811.2,0.5338101515290012,HH (Higher High)
3812,2023-07-11 23:15:00,30811.2,30635.0,-0.5718699693617929,LH (Lower High)
3813,2023-07-12 02:45:00,30635.0,30666.6,0.10314999183939463,HH (Higher High)
3814,2023-07-12 07:30:00,30666.6,30835.0,0.5491316285470234,HH (Higher High)
3815,2023-07-12 12:30:00,30835.0,30962.2,0.4125182422571777,HH (Higher High)
3816,2023-07-12 18:30:00,30962.2,30523.9,-1.415597082894624,LH (Lower High)
3817,2023-07-13 00:15:00,30523.9,30424.9,-0.32433601210854446,LH (Lower High)
3818,2023-07-13 10:45:00,30424.9,30633.5,0.6856226314630403,HH (Higher High)
3819,2023-07-13 19:30:00,30633.5,31843.9,3.9512298627319806,HH (Higher High)
3820,2023-07-14 00:30:00,31843.9,31513.8,-1.0366192583194966,LH (Lower High)
3821,2023-07-14 03:15:00,31513.8,31635.1,0.38491073751816435,HH (Higher High)
3822,2023-07-14 15:15:00,31635.1,31361.5,-0.8648621309874113,LH (Lower High)
3823,2023-07-15 01:30:00,31361.5,30384.0,-3.1168789758142945,LH (Lower High)
3824,2023-07-15 10:15:00,30384.0,30360.9,-0.07602685624012159,LH (Lower High)
3825,2023-07-15 18:30:00,30360.9,30338.0,-0.07542595904601462,LH (Lower High)
3826,2023-07-16 02:45:00,30338.0,30322.0,-0.052739139033555274,LH (Lower High)
3827,2023-07-16 10:15:00,30322.0,30339.0,0.05606490337049007,HH (Higher High)
3828,2023-07-16 14:15:00,30339.0,30445.4,0.35070371469066697,HH (Higher High)
3829,2023-07-16 22:15:00,30445.4,30345.5,-0.32812838721120907,LH (Lower High)
3830,2023-07-17 08:30:00,30345.5,30318.8,-0.08798668665865031,LH (Lower High)
3831,2023-07-17 13:45:00,30318.8,30299.1,-0.06497618639260369,LH (Lower High)
3832,2023-07-17 21:45:00,30299.1,30290.4,-0.028713724170015248,LH (Lower High)
3833,2023-07-18 01:45:00,30290.4,30224.6,-0.2172305416897859,LH (Lower High)
3834,2023-07-18 08:30:00,30224.6,30100.0,-0.41224697762749063,LH (Lower High)
3835,2023-07-18 11:15:00,30100.0,30059.4,-0.1348837209302277,LH (Lower High)
3836,2023-07-18 14:15:00,30059.4,30018.0,-0.13772729994611155,LH (Lower High)
3837,2023-07-18 19:00:00,30018.0,29930.3,-0.29215803851022965,LH (Lower High)
3838,2023-07-19 04:15:00,29930.3,30189.9,0.8673484729521662,HH (Higher High)
3839,2023-07-19 13:45:00,30189.9,30124.7,-0.21596626686408607,LH (Lower High)
3840,2023-07-19 19:15:00,30124.7,30100.0,-0.0819925177678142,LH (Lower High)
3841,2023-07-20 02:00:00,30100.0,30035.0,-0.2159468438538206,LH (Lower High)
3842,2023-07-20 10:00:00,30035.0,30407.0,1.2385550191443317,HH (Higher High)
3843,2023-07-20 21:15:00,30407.0,29888.8,-1.7042128457263155,LH (Lower High)
3844,2023-07-21 02:15:00,29888.8,29943.0,0.1813388292604612,HH (Higher High)
3845,2023-07-21 13:15:00,29943.0,29895.0,-0.1603045786995291,LH (Lower High)
3846,2023-07-21 18:30:00,29895.0,30050.0,0.5184813513965546,HH (Higher High)
3847,2023-07-22 00:45:00,30050.0,29992.3,-0.19201331114808895,LH (Lower High)
3848,2023-07-22 07:30:00,29992.3,29974.9,-0.058014890488551456,LH (Lower High)
3849,2023-07-22 16:00:00,29974.9,29898.9,-0.25354546637353254,LH (Lower High)
3850,2023-07-23 05:15:00,29898.9,29963.6,0.21639592092015789,HH (Higher High)
3851,2023-07-23 08:45:00,29963.6,29943.8,-0.06608017728176613,LH (Lower High)
3852,2023-07-24 00:15:00,29943.8,30084.0,0.4682104475717869,HH (Higher High)
3853,2023-07-24 07:45:00,30084.0,29862.3,-0.7369365775827706,LH (Lower High)
3854,2023-07-24 21:30:00,29862.3,29197.6,-2.2258834718022413,LH (Lower High)
3855,2023-07-25 09:30:00,29197.6,29270.0,0.2479655862125704,HH (Higher High)
3856,2023-07-25 13:30:00,29270.0,29324.0,0.18448923812777587,HH (Higher High)
3857,2023-07-25 18:30:00,29324.0,29367.0,0.14663756649843132,HH (Higher High)
3858,2023-07-26 03:00:00,29367.0,29416.5,0.1685565430585351,HH (Higher High)
3859,2023-07-26 06:30:00,29416.5,29314.9,-0.3453843931127039,LH (Lower High)
3860,2023-07-26 20:45:00,29314.9,29665.1,1.1946143428768206,HH (Higher High)
3861,2023-07-27 05:00:00,29665.1,29480.0,-0.6239655352585987,LH (Lower High)
3862,2023-07-27 09:45:00,29480.0,29552.6,0.246268656716413,HH (Higher High)
3863,2023-07-28 00:45:00,29552.6,29293.9,-0.8753882907087605,LH (Lower High)
3864,2023-07-28 15:00:00,29293.9,29545.8,0.8599059872533115,HH (Higher High)
3865,2023-07-28 21:15:00,29545.8,29359.9,-0.6291926432860095,LH (Lower High)
3866,2023-07-29 04:30:00,29359.9,29396.9,0.126022227596143,HH (Higher High)
3867,2023-07-29 12:30:00,29396.9,29319.6,-0.26295289639384734,LH (Lower High)
3868,2023-07-29 20:15:00,29319.6,29366.2,0.1589380482680602,HH (Higher High)
3869,2023-07-30 15:00:00,29366.2,29444.9,0.2679951781299614,HH (Higher High)
3870,2023-07-31 00:45:00,29444.9,29520.0,0.2550526576758574,HH (Higher High)
3871,2023-07-31 12:45:00,29520.0,29460.7,-0.20088075880758563,LH (Lower High)
3872,2023-07-31 21:15:00,29460.7,29287.0,-0.5895990251419713,LH (Lower High)
3873,2023-08-01 01:00:00,29287.0,29334.9,0.16355379519924013,HH (Higher High)
3874,2023-08-01 08:45:00,29334.9,28987.8,-1.1832322591861644,LH (Lower High)
3875,2023-08-01 19:00:00,28987.8,29346.0,1.2356922567424942,HH (Higher High)
3876,2023-08-02 01:30:00,29346.0,30040.0,2.3648878893205207,HH (Higher High)
3877,2023-08-02 12:00:00,30040.0,29600.0,-1.4647137150466045,LH (Lower High)
3878,2023-08-02 22:15:00,29600.0,29225.8,-1.2641891891891917,LH (Lower High)
3879,2023-08-03 01:45:00,29225.8,29279.2,0.18271527212258162,HH (Higher High)
3880,2023-08-03 10:30:00,29279.2,29190.3,-0.3036285144402902,LH (Lower High)
3881,2023-08-03 14:45:00,29190.3,29433.0,0.8314405812889925,HH (Higher High)
3882,2023-08-03 20:30:00,29433.0,29357.0,-0.2582135698026025,LH (Lower High)
3883,2023-08-04 08:15:00,29357.0,29249.0,-0.36788500187348844,LH (Lower High)
3884,2023-08-04 13:45:00,29249.0,29320.0,0.24274334165270608,HH (Higher High)
3885,2023-08-05 00:45:00,29320.0,29140.7,-0.611527967257842,LH (Lower High)
3886,2023-08-05 08:45:00,29140.7,29078.0,-0.21516298510331158,LH (Lower High)
3887,2023-08-05 14:00:00,29078.0,29076.9,-0.003782928674594349,LH (Lower High)
3888,2023-08-05 18:45:00,29076.9,29090.0,0.045052945809211244,HH (Higher High)
3889,2023-08-05 22:45:00,29090.0,29082.1,-0.027157098659338106,LH (Lower High)
3890,2023-08-06 08:45:00,29082.1,29128.8,0.1605798755935807,HH (Higher High)
3891,2023-08-06 21:15:00,29128.8,29195.0,0.2272664854027654,HH (Higher High)
3892,2023-08-07 02:45:00,29195.0,29212.7,0.06062681966090333,HH (Higher High)
3893,2023-08-07 12:45:00,29212.7,29140.9,-0.24578351196568368,LH (Lower High)
3894,2023-08-07 21:15:00,29140.9,29290.0,0.5116520080024932,HH (Higher High)
3895,2023-08-08 05:45:00,29290.0,29330.0,0.13656538067599863,HH (Higher High)
3896,2023-08-08 13:00:00,29330.0,29673.4,1.17081486532561,HH (Higher High)
3897,2023-08-08 21:15:00,29673.4,30265.8,1.996400816893237,HH (Higher High)
3898,2023-08-09 01:45:00,30265.8,29869.2,-1.3103899450865284,LH (Lower High)
3899,2023-08-09 13:00:00,29869.2,30129.0,0.8697922944035973,HH (Higher High)
3900,2023-08-10 01:45:00,30129.0,29649.2,-1.5924856450595746,LH (Lower High)
3901,2023-08-10 05:45:00,29649.2,29608.9,-0.1359227230414287,LH (Lower High)
3902,2023-08-10 14:00:00,29608.9,29732.3,0.4167665803187481,HH (Higher High)
3903,2023-08-10 20:15:00,29732.3,29478.0,-0.8552987828052296,LH (Lower High)
3904,2023-08-11 07:00:00,29478.0,29474.3,-0.012551733496169101,LH (Lower High)
3905,2023-08-11 14:00:00,29474.3,29573.0,0.33486800365064046,HH (Higher High)
3906,2023-08-11 21:00:00,29573.0,29446.5,-0.4277550468332601,LH (Lower High)
3907,2023-08-12 01:00:00,29446.5,29442.5,-0.013583957346373932,LH (Lower High)
3908,2023-08-12 04:15:00,29442.5,29411.9,-0.10393139169567306,LH (Lower High)
3909,2023-08-12 08:00:00,29411.9,29416.4,0.015299929620323746,HH (Higher High)
3910,2023-08-12 16:30:00,29416.4,29469.0,0.1788118192572801,HH (Higher High)
3911,2023-08-13 09:00:00,29469.0,29406.1,-0.21344463673691488,LH (Lower High)
3912,2023-08-13 19:45:00,29406.1,29463.8,0.19621779154665436,HH (Higher High)
3913,2023-08-14 08:30:00,29463.8,29485.5,0.0736496989526155,HH (Higher High)
3914,2023-08-14 16:45:00,29485.5,29680.0,0.6596462668091095,HH (Higher High)
3915,2023-08-14 22:15:00,29680.0,29460.0,-0.7412398921832885,LH (Lower High)
3916,2023-08-15 09:15:00,29460.0,29448.0,-0.04073319755600815,LH (Lower High)
3917,2023-08-15 15:00:00,29448.0,29496.1,0.16333876663949518,HH (Higher High)
3918,2023-08-16 00:45:00,29496.1,29258.7,-0.8048521668966332,LH (Lower High)
3919,2023-08-16 08:30:00,29258.7,29217.0,-0.14252171149094364,LH (Lower High)
3920,2023-08-16 12:45:00,29217.0,29207.6,-0.032173049936685676,LH (Lower High)
3921,2023-08-16 18:30:00,29207.6,29236.7,0.09963160273354259,HH (Higher High)
3922,2023-08-17 03:45:00,29236.7,28719.9,-1.7676413548724692,LH (Lower High)
3923,2023-08-18 06:00:00,28719.9,26606.5,-7.358660719570756,LH (Lower High)
3924,2023-08-18 09:15:00,26606.5,26604.5,-0.007516960141318851,LH (Lower High)
3925,2023-08-18 18:45:00,26604.5,26320.8,-1.0663609539739545,LH (Lower High)
3926,2023-08-19 00:30:00,26320.8,26147.5,-0.6584146378529501,LH (Lower High)
3927,2023-08-19 08:15:00,26147.5,25985.4,-0.6199445453676203,LH (Lower High)
3928,2023-08-19 16:45:00,25985.4,26263.3,1.0694466892947494,HH (Higher High)
3929,2023-08-19 19:45:00,26263.3,26147.0,-0.4428232552649487,LH (Lower High)
3930,2023-08-20 01:00:00,26147.0,26192.0,0.17210387424943588,HH (Higher High)
3931,2023-08-20 05:15:00,26192.0,26150.0,-0.16035430665852168,LH (Lower High)
3932,2023-08-20 13:00:00,26150.0,26211.2,0.2340344168260066,HH (Higher High)
3933,2023-08-20 20:45:00,26211.2,26307.0,0.3654926138444607,HH (Higher High)
3934,2023-08-21 05:30:00,26307.0,26174.6,-0.5032880982248127,LH (Lower High)
3935,2023-08-21 09:15:00,26174.6,26079.5,-0.3633293345456991,LH (Lower High)
3936,2023-08-21 14:00:00,26079.5,26192.3,0.4325236296708114,HH (Higher High)
3937,2023-08-21 21:30:00,26192.3,26279.7,0.33368585423961034,HH (Higher High)
3938,2023-08-22 07:30:00,26279.7,26100.2,-0.683036716553081,LH (Lower High)
3939,2023-08-22 16:45:00,26100.2,26044.0,-0.2153240205055928,LH (Lower High)
3940,2023-08-23 00:15:00,26044.0,26184.2,0.53831976654892,HH (Higher High)
3941,2023-08-23 06:45:00,26184.2,26171.3,-0.049266351463865446,LH (Lower High)
3942,2023-08-23 19:45:00,26171.3,26823.8,2.4931891040949434,HH (Higher High)
3943,2023-08-24 00:45:00,26823.8,26542.8,-1.0475771516339967,LH (Lower High)
3944,2023-08-24 09:00:00,26542.8,26573.6,0.11603900116038726,HH (Higher High)
3945,2023-08-24 19:30:00,26573.6,26127.8,-1.6776048408947202,LH (Lower High)
3946,2023-08-24 23:45:00,26127.8,26195.7,0.25987645343274773,HH (Higher High)
3947,2023-08-25 14:15:00,26195.7,26301.3,0.4031195959642176,HH (Higher High)
3948,2023-08-25 20:45:00,26301.3,26079.0,-0.8452053700767616,LH (Lower High)
3949,2023-08-26 02:15:00,26079.0,26115.0,0.13804210284136662,HH (Higher High)
3950,2023-08-26 07:00:00,26115.0,26070.8,-0.16925138809113816,LH (Lower High)
3951,2023-08-26 11:30:00,26070.8,26040.1,-0.11775626371266217,LH (Lower High)
3952,2023-08-26 21:30:00,26040.1,26038.2,-0.007296438953759077,LH (Lower High)
3953,2023-08-27 10:30:00,26038.2,26085.0,0.17973592644652575,HH (Higher High)
3954,2023-08-27 14:15:00,26085.0,26170.0,0.3258577726662833,HH (Higher High)
3955,2023-08-27 17:00:00,26170.0,26169.5,-0.001910584638899503,LH (Lower High)
3956,2023-08-28 12:15:00,26169.5,26243.5,0.28277192915416804,HH (Higher High)
3957,2023-08-28 17:00:00,26243.5,26187.0,-0.21529140549088346,LH (Lower High)
3958,2023-08-29 01:15:00,26187.0,26203.2,0.06186275632947924,HH (Higher High)
3959,2023-08-29 16:15:00,26203.2,28140.8,7.394516700250345,HH (Higher High)
3960,2023-08-29 23:45:00,28140.8,27775.8,-1.297049124403002,LH (Lower High)
3961,2023-08-30 05:00:00,27775.8,27464.2,-1.1218398749990948,LH (Lower High)
3962,2023-08-30 08:30:00,27464.2,27494.0,0.10850489000225484,HH (Higher High)
3963,2023-08-30 13:15:00,27494.0,27463.1,-0.11238815741616882,LH (Lower High)
3964,2023-08-30 21:00:00,27463.1,27346.1,-0.42602619514912743,LH (Lower High)
3965,2023-08-31 07:30:00,27346.1,27282.1,-0.23403702904618942,LH (Lower High)
3966,2023-08-31 11:30:00,27282.1,27627.5,1.2660315738158041,HH (Higher High)
3967,2023-09-01 12:15:00,27627.5,26145.0,-5.366030223509185,LH (Lower High)
3968,2023-09-01 20:30:00,26145.0,25923.5,-0.8471983170778352,LH (Lower High)
3969,2023-09-02 00:30:00,25923.5,25829.0,-0.36453410997743363,LH (Lower High)
3970,2023-09-02 05:30:00,25829.0,25838.0,0.034844554570444074,HH (Higher High)
3971,2023-09-02 10:45:00,25838.0,25846.5,0.032897283071445155,HH (Higher High)
3972,2023-09-02 15:30:00,25846.5,25975.0,0.4971659605749328,HH (Higher High)
3973,2023-09-02 21:15:00,25975.0,25895.1,-0.307603464870073,LH (Lower High)
3974,2023-09-03 01:00:00,25895.1,25895.1,0.0,같음
3975,2023-09-03 08:00:00,25895.1,25941.6,0.17957065236280226,HH (Higher High)
3976,2023-09-03 12:30:00,25941.6,26080.0,0.5335060289265176,HH (Higher High)
3977,2023-09-03 20:45:00,26080.0,26133.0,0.20322085889570551,HH (Higher High)
3978,2023-09-04 03:15:00,26133.0,26089.0,-0.16836949450885855,LH (Lower High)
3979,2023-09-04 07:15:00,26089.0,26004.1,-0.32542450841351317,LH (Lower High)
3980,2023-09-04 15:30:00,26004.1,25953.1,-0.19612291907814536,LH (Lower High)
3981,2023-09-04 18:45:00,25953.1,25936.6,-0.06357622018178946,LH (Lower High)
3982,2023-09-04 23:30:00,25936.6,25858.8,-0.2999622155563924,LH (Lower High)
3983,2023-09-05 08:00:00,25858.8,25794.1,-0.2502049592401841,LH (Lower High)
3984,2023-09-05 15:15:00,25794.1,25900.0,0.410559003803201,HH (Higher High)
3985,2023-09-06 03:00:00,25900.0,25856.9,-0.1664092664092608,LH (Lower High)
3986,2023-09-06 06:15:00,25856.9,25779.5,-0.2993398280536393,LH (Lower High)
3987,2023-09-06 13:45:00,25779.5,25777.2,-0.008921817723382039,LH (Lower High)
3988,2023-09-06 17:45:00,25777.2,26052.4,1.0676101360892598,HH (Higher High)
3989,2023-09-06 23:15:00,26052.4,25777.7,-1.0544134129677138,LH (Lower High)
3990,2023-09-07 04:00:00,25777.7,25833.5,0.21646617037206295,HH (Higher High)
3991,2023-09-07 16:45:00,25833.5,25971.8,0.5353513848297724,HH (Higher High)
3992,2023-09-07 21:15:00,25971.8,26450.0,1.8412277932218821,HH (Higher High)
3993,2023-09-08 00:45:00,26450.0,26436.3,-0.05179584120983262,LH (Lower High)
3994,2023-09-08 04:45:00,26436.3,26371.2,-0.24625231216168128,LH (Lower High)
3995,2023-09-08 13:30:00,26371.2,25947.9,-1.6051601747360729,LH (Lower High)
3996,2023-09-08 23:00:00,25947.9,25928.9,-0.07322365201037463,LH (Lower High)
3997,2023-09-09 08:45:00,25928.9,25892.3,-0.14115523604935873,LH (Lower High)
3998,2023-09-09 16:30:00,25892.3,25939.8,0.18345222324783816,HH (Higher High)
3999,2023-09-09 22:15:00,25939.8,25906.0,-0.13030169854817414,LH (Lower High)
4000,2023-09-10 03:30:00,25906.0,25864.0,-0.16212460433876322,LH (Lower High)
4001,2023-09-10 06:15:00,25864.0,25861.0,-0.011599133931333126,LH (Lower High)
4002,2023-09-10 13:45:00,25861.0,25822.1,-0.15041955067476684,LH (Lower High)
4003,2023-09-10 22:30:00,25822.1,26020.0,0.7663977755488572,HH (Higher High)
4004,2023-09-11 06:00:00,26020.0,25890.0,-0.49961568024596464,LH (Lower High)
4005,2023-09-11 13:30:00,25890.0,25746.4,-0.554654306682111,LH (Lower High)
4006,2023-09-11 21:15:00,25746.4,25210.0,-2.083398067302619,LH (Lower High)
4007,2023-09-12 04:00:00,25210.0,25987.8,3.0852836176120557,HH (Higher High)
4008,2023-09-12 10:15:00,25987.8,26346.0,1.3783390667928825,HH (Higher High)
4009,2023-09-12 16:30:00,26346.0,26584.0,0.9033629393456313,HH (Higher High)
4010,2023-09-12 19:15:00,26584.0,26264.0,-1.203731567860367,LH (Lower High)
4011,2023-09-13 16:30:00,26264.0,26397.0,0.5063965884861408,HH (Higher High)
4012,2023-09-14 01:00:00,26397.0,26543.9,0.5565026328749534,HH (Higher High)
4013,2023-09-14 07:45:00,26543.9,26388.4,-0.5858219779308994,LH (Lower High)
4014,2023-09-14 15:00:00,26388.4,26797.0,1.5484076336572072,HH (Higher High)
4015,2023-09-14 18:30:00,26797.0,26863.2,0.2470425793932184,HH (Higher High)
4016,2023-09-14 23:15:00,26863.2,26621.4,-0.9001161440185803,LH (Lower High)
4017,2023-09-15 04:15:00,26621.4,26646.5,0.09428504887045212,HH (Higher High)
4018,2023-09-15 09:00:00,26646.5,26683.5,0.13885500910063234,HH (Higher High)
4019,2023-09-15 23:00:00,26683.5,26890.9,0.7772593550321414,HH (Higher High)
4020,2023-09-16 02:15:00,26890.9,26765.4,-0.4667006310685027,LH (Lower High)
4021,2023-09-16 09:45:00,26765.4,26569.0,-0.7337831678211476,LH (Lower High)
4022,2023-09-16 12:45:00,26569.0,26564.9,-0.01543151793442939,LH (Lower High)
4023,2023-09-16 17:30:00,26564.9,26617.2,0.19687632929165652,HH (Higher High)
4024,2023-09-17 04:45:00,26617.2,26560.0,-0.214898636971585,LH (Lower High)
4025,2023-09-17 11:45:00,26560.0,26609.3,0.18561746987951533,HH (Higher High)
4026,2023-09-17 15:00:00,26609.3,26586.4,-0.08606013686943219,LH (Lower High)
4027,2023-09-18 02:30:00,26586.4,26743.0,0.5890229591069063,HH (Higher High)
4028,2023-09-18 12:45:00,26743.0,27400.0,2.456717645739072,HH (Higher High)
4029,2023-09-18 15:45:00,27400.0,27346.0,-0.1970802919708029,LH (Lower High)
4030,2023-09-18 22:45:00,27346.0,26869.9,-1.7410224530095757,LH (Lower High)
4031,2023-09-19 09:30:00,26869.9,27484.9,2.288806433965143,HH (Higher High)
4032,2023-09-19 15:30:00,27484.9,27470.7,-0.051664732271177,LH (Lower High)
4033,2023-09-20 02:00:00,27470.7,27383.1,-0.3188852122443264,LH (Lower High)
4034,2023-09-20 08:45:00,27383.1,27186.2,-0.719056644426664,LH (Lower High)
4035,2023-09-20 14:00:00,27186.2,27232.0,0.16846782558797946,HH (Higher High)
4036,2023-09-20 18:30:00,27232.0,27294.1,0.22804054054053519,HH (Higher High)
4037,2023-09-20 21:15:00,27294.1,27244.1,-0.1831897736140778,LH (Lower High)
4038,2023-09-21 00:45:00,27244.1,27149.9,-0.34576293582829715,LH (Lower High)
4039,2023-09-21 04:45:00,27149.9,27086.9,-0.2320450535729413,LH (Lower High)
4040,2023-09-21 17:45:00,27086.9,26690.7,-1.4626996813958066,LH (Lower High)
4041,2023-09-22 01:15:00,26690.7,26654.0,-0.13750107715421747,LH (Lower High)
4042,2023-09-22 08:00:00,26654.0,26732.9,0.2960156074135269,HH (Higher High)
4043,2023-09-22 15:30:00,26732.9,26687.1,-0.1713244728405931,LH (Lower High)
4044,2023-09-22 19:15:00,26687.1,26624.8,-0.23344612190908443,LH (Lower High)
4045,2023-09-23 00:00:00,26624.8,26603.5,-0.08000060094347854,LH (Lower High)
4046,2023-09-23 08:00:00,26603.5,26576.2,-0.10261807656886977,LH (Lower High)
4047,2023-09-23 12:45:00,26576.2,26578.0,0.006772977325574281,HH (Higher High)
4048,2023-09-23 18:15:00,26578.0,26620.0,0.15802543456994508,HH (Higher High)
4049,2023-09-24 09:00:00,26620.0,26601.0,-0.07137490608564988,LH (Lower High)
4050,2023-09-24 13:00:00,26601.0,26615.0,0.05262960039096275,HH (Higher High)
4051,2023-09-24 18:00:00,26615.0,26724.9,0.4129250422694024,HH (Higher High)
4052,2023-09-25 08:00:00,26724.9,26214.5,-1.9098294100258613,LH (Lower High)
4053,2023-09-25 16:15:00,26214.5,26419.0,0.7801026149650003,HH (Higher High)
4054,2023-09-25 20:15:00,26419.0,26437.0,0.0681327832241947,HH (Higher High)
4055,2023-09-26 03:30:00,26437.0,26382.5,-0.20615047093089234,LH (Lower High)
4056,2023-09-26 09:45:00,26382.5,26320.3,-0.23576234246186195,LH (Lower High)
4057,2023-09-26 16:30:00,26320.3,26285.0,-0.13411701234408147,LH (Lower High)
4058,2023-09-26 20:00:00,26285.0,26274.5,-0.03994673768308921,LH (Lower High)
4059,2023-09-27 04:00:00,26274.5,26279.9,0.020552246474724374,HH (Higher High)
4060,2023-09-27 12:00:00,26279.9,26838.7,2.126339902358834,HH (Higher High)
4061,2023-09-28 00:30:00,26838.7,26545.0,-1.0943152984309998,LH (Lower High)
4062,2023-09-28 07:45:00,26545.0,26498.3,-0.17592766999435194,LH (Lower High)
4063,2023-09-28 10:30:00,26498.3,26618.4,0.45323662272674925,HH (Higher High)
4064,2023-09-28 16:15:00,26618.4,27312.7,2.6083461064526765,HH (Higher High)
4065,2023-09-29 00:30:00,27312.7,27125.0,-0.6872260889622802,LH (Lower High)
4066,2023-09-29 07:30:00,27125.0,27238.9,0.4199078341013879,HH (Higher High)
4067,2023-09-29 14:30:00,27238.9,27106.6,-0.4857024329176395,LH (Lower High)
4068,2023-09-29 20:00:00,27106.6,26978.0,-0.4744232032051181,LH (Lower High)
4069,2023-09-30 00:45:00,26978.0,26930.2,-0.1771814070724267,LH (Lower High)
4070,2023-09-30 11:15:00,26930.2,26985.0,0.20348901976219735,HH (Higher High)
4071,2023-09-30 15:45:00,26985.0,27082.0,0.35945895868074856,HH (Higher High)
4072,2023-09-30 21:15:00,27082.0,27070.9,-0.04098663318809004,LH (Lower High)
4073,2023-10-01 10:00:00,27070.9,27279.6,0.7709385354753521,HH (Higher High)
4074,2023-10-01 14:15:00,27279.6,27215.8,-0.23387439698529042,LH (Lower High)
4075,2023-10-01 22:15:00,27215.8,28350.0,4.167432153381494,HH (Higher High)
4076,2023-10-02 03:30:00,28350.0,28241.2,-0.38377425044091457,LH (Lower High)
4077,2023-10-02 08:30:00,28241.2,28477.0,0.8349503562171554,HH (Higher High)
4078,2023-10-02 14:00:00,28477.0,28591.7,0.40278119183903055,HH (Higher High)
4079,2023-10-03 06:45:00,28591.7,27662.0,-3.2516429593203644,LH (Lower High)
4080,2023-10-03 13:45:00,27662.0,27571.0,-0.3289711517605379,LH (Lower High)
4081,2023-10-03 17:30:00,27571.0,27484.8,-0.31264734684995366,LH (Lower High)
4082,2023-10-03 23:30:00,27484.8,27460.8,-0.08732099196646874,LH (Lower High)
4083,2023-10-04 02:15:00,27460.8,27516.1,0.20137796422536589,HH (Higher High)
4084,2023-10-04 09:45:00,27516.1,27635.0,0.4321106552164059,HH (Higher High)
4085,2023-10-04 12:45:00,27635.0,27620.6,-0.0521078342681435,LH (Lower High)
4086,2023-10-04 19:00:00,27620.6,27825.0,0.7400273708753665,HH (Higher High)
4087,2023-10-05 00:45:00,27825.0,27899.3,0.26702605570529836,HH (Higher High)
4088,2023-10-05 14:15:00,27899.3,28115.0,0.773137677289397,HH (Higher High)
4089,2023-10-06 02:15:00,28115.0,27575.0,-1.9206829094789257,LH (Lower High)
4090,2023-10-06 10:30:00,27575.0,27788.0,0.772438803263826,HH (Higher High)
4091,2023-10-06 15:45:00,27788.0,28043.1,0.9180221678422288,HH (Higher High)
4092,2023-10-06 21:30:00,28043.1,28285.0,0.8626007823671473,HH (Higher High)
4093,2023-10-07 05:30:00,28285.0,27931.0,-1.251546756231218,LH (Lower High)
4094,2023-10-07 08:30:00,27931.0,28020.8,0.3215065697611946,HH (Higher High)
4095,2023-10-08 02:15:00,28020.8,28077.7,0.2030634385884823,HH (Higher High)
4096,2023-10-08 13:45:00,28077.7,27999.0,-0.28029361379315515,LH (Lower High)
4097,2023-10-08 21:30:00,27999.0,27979.8,-0.06857387763848968,LH (Lower High)
4098,2023-10-09 02:00:00,27979.8,27971.5,-0.029664257785971565,LH (Lower High)
4099,2023-10-09 14:15:00,27971.5,27570.1,-1.435032086230633,LH (Lower High)
4100,2023-10-09 18:30:00,27570.1,27738.2,0.6097184993888386,HH (Higher High)
4101,2023-10-10 02:45:00,27738.2,27695.0,-0.15574190106063382,LH (Lower High)
4102,2023-10-10 08:15:00,27695.0,27721.7,0.09640729373533391,HH (Higher High)
4103,2023-10-10 14:15:00,27721.7,27619.0,-0.3704679005977293,LH (Lower High)
4104,2023-10-10 22:00:00,27619.0,27460.0,-0.5756906477424961,LH (Lower High)
4105,2023-10-11 01:00:00,27460.0,27465.4,0.019664967225059924,HH (Higher High)
4106,2023-10-11 05:45:00,27465.4,27129.6,-1.222629198919378,LH (Lower High)
4107,2023-10-11 10:15:00,27129.6,27337.0,0.7644786506251529,HH (Higher High)
4108,2023-10-11 19:45:00,27337.0,26790.0,-2.0009510919266926,LH (Lower High)
4109,2023-10-12 00:00:00,26790.0,26879.5,0.334079880552445,HH (Higher High)
4110,2023-10-12 02:45:00,26879.5,26932.0,0.1953161331125951,HH (Higher High)
4111,2023-10-12 06:30:00,26932.0,26910.0,-0.08168721223822963,LH (Lower High)
4112,2023-10-12 11:45:00,26910.0,26858.2,-0.19249349684132022,LH (Lower High)
4113,2023-10-12 16:30:00,26858.2,26799.9,-0.21706592400086108,LH (Lower High)
4114,2023-10-13 01:00:00,26799.9,26868.8,0.2570905115317513,HH (Higher High)
4115,2023-10-13 07:30:00,26868.8,26944.4,0.28136723634848665,HH (Higher High)
4116,2023-10-13 13:00:00,26944.4,26968.0,0.08758777334065165,HH (Higher High)
4117,2023-10-13 21:00:00,26968.0,27120.1,0.5640017798872684,HH (Higher High)
4118,2023-10-14 03:30:00,27120.1,26978.8,-0.5210157779654178,LH (Lower High)
4119,2023-10-14 16:00:00,26978.8,26944.6,-0.12676620161015587,LH (Lower High)
4120,2023-10-15 01:45:00,26944.6,26895.3,-0.18296801585475114,LH (Lower High)
4121,2023-10-15 09:00:00,26895.3,26913.0,0.06581075503898721,HH (Higher High)
4122,2023-10-15 13:15:00,26913.0,26962.3,0.18318284843755536,HH (Higher High)
4123,2023-10-15 22:00:00,26962.3,27283.1,1.1898094747109826,HH (Higher High)
4124,2023-10-16 02:15:00,27283.1,27272.0,-0.04068452631848487,LH (Lower High)
4125,2023-10-16 05:30:00,27272.0,27972.9,2.570035200938697,HH (Higher High)
4126,2023-10-16 13:30:00,27972.9,30625.8,9.483821841854072,HH (Higher High)
4127,2023-10-16 19:00:00,30625.8,28799.9,-5.961966707808442,LH (Lower High)
4128,2023-10-17 10:15:00,28799.9,28600.0,-0.6940996322903948,LH (Lower High)
4129,2023-10-17 17:00:00,28600.0,28596.8,-0.011188811188813734,LH (Lower High)
4130,2023-10-17 21:15:00,28596.8,28546.3,-0.17659318525149667,LH (Lower High)
4131,2023-10-18 04:45:00,28546.3,28993.7,1.5672784213716016,HH (Higher High)
4132,2023-10-18 17:15:00,28993.7,28429.1,-1.9473195901178606,LH (Lower High)
4133,2023-10-19 01:00:00,28429.1,28405.0,-0.08477229317846342,LH (Lower High)
4134,2023-10-19 05:15:00,28405.0,28333.0,-0.25347650061608873,LH (Lower High)
4135,2023-10-19 16:15:00,28333.0,28922.1,2.0792009317756626,HH (Higher High)
4136,2023-10-19 20:30:00,28922.1,28877.2,-0.1552446053363961,LH (Lower High)
4137,2023-10-20 03:15:00,28877.2,29410.0,1.8450542296344494,HH (Higher High)
4138,2023-10-20 10:30:00,29410.0,30260.0,2.8901734104046244,HH (Higher High)
4139,2023-10-20 23:00:00,30260.0,29781.0,-1.5829477858559153,LH (Lower High)
4140,2023-10-21 06:30:00,29781.0,29720.0,-0.20482858198180046,LH (Lower High)
4141,2023-10-21 10:00:00,29720.0,29866.6,0.49327052489905293,HH (Higher High)
4142,2023-10-21 18:00:00,29866.6,30382.0,1.725673494806913,HH (Higher High)
4143,2023-10-22 01:00:00,30382.0,30071.5,-1.0219867026528866,LH (Lower High)
4144,2023-10-22 05:45:00,30071.5,30321.0,0.8296892406431339,HH (Higher High)
4145,2023-10-22 13:15:00,30321.0,29956.4,-1.202466937106291,LH (Lower High)
4146,2023-10-22 17:45:00,29956.4,29939.6,-0.05608150512078524,LH (Lower High)
4147,2023-10-23 06:00:00,29939.6,30980.0,3.4749963259362233,HH (Higher High)
4148,2023-10-23 11:45:00,30980.0,30774.9,-0.662040025823107,LH (Lower High)
4149,2023-10-23 22:30:00,30774.9,36743.5,19.394376586114003,HH (Higher High)
4150,2023-10-24 02:15:00,36743.5,35299.9,-3.9288581653897934,LH (Lower High)
4151,2023-10-24 11:15:00,35299.9,34911.8,-1.099436542313147,LH (Lower High)
4152,2023-10-24 21:45:00,34911.8,34351.5,-1.6049014946236024,LH (Lower High)
4153,2023-10-25 01:30:00,34351.5,34409.7,0.1694249159425268,HH (Higher High)
4154,2023-10-25 04:45:00,34409.7,34234.9,-0.507996291743304,LH (Lower High)
4155,2023-10-25 16:00:00,34234.9,35184.8,2.774653935019531,HH (Higher High)
4156,2023-10-25 20:00:00,35184.8,34870.1,-0.8944203178645447,LH (Lower High)
4157,2023-10-26 03:30:00,34870.1,34845.1,-0.07169466104198152,LH (Lower High)
4158,2023-10-26 13:15:00,34845.1,34397.9,-1.2833942218561494,LH (Lower High)
4159,2023-10-26 23:15:00,34397.9,34299.5,-0.2860639748356773,LH (Lower High)
4160,2023-10-27 06:45:00,34299.5,34276.3,-0.06763946996311052,LH (Lower High)
4161,2023-10-27 12:45:00,34276.3,34240.8,-0.10357010529141125,LH (Lower High)
4162,2023-10-27 20:30:00,34240.8,33889.9,-1.0248008224106955,LH (Lower High)
4163,2023-10-27 23:30:00,33889.9,33974.2,0.24874667673848444,HH (Higher High)
4164,2023-10-28 02:45:00,33974.2,34252.1,0.8179736388200501,HH (Higher High)
4165,2023-10-28 11:15:00,34252.1,34592.7,0.9943915847495439,HH (Higher High)
4166,2023-10-28 15:45:00,34592.7,34258.0,-0.9675451757162554,LH (Lower High)
4167,2023-10-28 18:45:00,34258.0,34240.0,-0.05254247183139705,LH (Lower High)
4168,2023-10-28 21:45:00,34240.0,34217.1,-0.06688084112149957,LH (Lower High)
4169,2023-10-29 17:30:00,34217.1,34795.0,1.688921621060819,HH (Higher High)
4170,2023-10-29 22:45:00,34795.0,34747.4,-0.13680126454950006,LH (Lower High)
4171,2023-10-30 04:45:00,34747.4,34369.7,-1.0869878034040084,LH (Lower High)
4172,2023-10-30 09:30:00,34369.7,34715.0,1.0046639918300218,HH (Higher High)
4173,2023-10-30 12:30:00,34715.0,34913.2,0.5709347544289128,HH (Higher High)
4174,2023-10-30 21:30:00,34913.2,34608.6,-0.8724493887698594,LH (Lower High)
4175,2023-10-31 00:30:00,34608.6,34638.6,0.08668365666337269,HH (Higher High)
4176,2023-10-31 11:45:00,34638.6,34569.5,-0.19948843198050312,LH (Lower High)
4177,2023-10-31 21:15:00,34569.5,34761.0,0.5539565223679833,HH (Higher High)
4178,2023-11-01 00:00:00,34761.0,34699.7,-0.17634705560830502,LH (Lower High)
4179,2023-11-01 07:45:00,34699.7,34532.2,-0.4827131070297438,LH (Lower High)
4180,2023-11-01 13:15:00,34532.2,35258.4,2.102964769114057,HH (Higher High)
4181,2023-11-01 21:00:00,35258.4,35749.8,1.3937104349601837,HH (Higher High)
4182,2023-11-02 02:45:00,35749.8,36084.2,0.9353898483347994,HH (Higher High)
4183,2023-11-02 10:15:00,36084.2,35513.1,-1.5826871594769971,LH (Lower High)
4184,2023-11-02 20:15:00,35513.1,35116.0,-1.1181789255232535,LH (Lower High)
4185,2023-11-03 08:00:00,35116.0,34623.1,-1.4036336712609678,LH (Lower High)
4186,2023-11-03 15:15:00,34623.1,34864.8,0.6980888481967368,HH (Higher High)
4187,2023-11-04 01:45:00,34864.8,34799.8,-0.18643445538193248,LH (Lower High)
4188,2023-11-04 06:00:00,34799.8,35080.0,0.805177041247355,HH (Higher High)
4189,2023-11-04 14:30:00,35080.0,34819.3,-0.7431584948688629,LH (Lower High)
4190,2023-11-04 23:00:00,34819.3,35279.0,1.320244806759461,HH (Higher High)
4191,2023-11-05 03:45:00,35279.0,35338.3,0.16808866464469774,HH (Higher High)
4192,2023-11-05 12:30:00,35338.3,35197.9,-0.3973026433076901,LH (Lower High)
4193,2023-11-05 17:00:00,35197.9,35324.6,0.3599646569823685,HH (Higher High)
4194,2023-11-05 23:00:00,35324.6,35449.0,0.3521625156406625,HH (Higher High)
4195,2023-11-06 10:30:00,35449.0,35310.9,-0.3895737538435458,LH (Lower High)
4196,2023-11-06 19:45:00,35310.9,35126.3,-0.5227847491850917,LH (Lower High)
4197,2023-11-06 22:30:00,35126.3,35171.0,0.12725507668042774,HH (Higher High)
4198,2023-11-07 08:00:00,35171.0,35007.9,-0.463734326575868,LH (Lower High)
4199,2023-11-07 14:45:00,35007.9,34867.0,-0.40248058295413736,LH (Lower High)
4200,2023-11-07 20:45:00,34867.0,35927.9,3.0427051366621773,HH (Higher High)
4201,2023-11-08 05:00:00,35927.9,35394.0,-1.486031746915354,LH (Lower High)
4202,2023-11-08 13:00:00,35394.0,35503.9,0.31050460530033747,HH (Higher High)
4203,2023-11-09 04:30:00,35503.9,36916.7,3.979281149394843,HH (Higher High)
4204,2023-11-09 14:45:00,36916.7,38149.0,3.338055676699171,HH (Higher High)
4205,2023-11-09 23:45:00,38149.0,36814.8,-3.4973393798002497,LH (Lower High)
4206,2023-11-10 03:00:00,36814.8,36955.0,0.3808251029477196,HH (Higher High)
4207,2023-11-10 13:00:00,36955.0,37295.5,0.9213908808009742,HH (Higher High)
4208,2023-11-10 16:30:00,37295.5,37500.0,0.5483235242857718,HH (Higher High)
4209,2023-11-10 22:45:00,37500.0,37604.2,0.27786666666665893,HH (Higher High)
4210,2023-11-11 05:15:00,37604.2,37162.7,-1.174070981432925,LH (Lower High)
4211,2023-11-11 14:45:00,37162.7,37300.0,0.3694564711390801,HH (Higher High)
4212,2023-11-11 19:15:00,37300.0,37218.1,-0.21957104557641138,LH (Lower High)
4213,2023-11-12 00:00:00,37218.1,37215.1,-0.00806059417326516,LH (Lower High)
4214,2023-11-12 07:00:00,37215.1,37202.8,-0.03305110022543439,LH (Lower High)
4215,2023-11-12 15:00:00,37202.8,37260.3,0.15455825905576998,HH (Higher High)
4216,2023-11-12 18:45:00,37260.3,37258.5,-0.004830878978437936,LH (Lower High)
4217,2023-11-13 01:15:00,37258.5,37473.0,0.5757075566649221,HH (Higher High)
4218,2023-11-13 07:15:00,37473.0,37090.0,-1.0220692231740185,LH (Lower High)
4219,2023-11-13 16:15:00,37090.0,37074.8,-0.040981396602850065,LH (Lower High)
4220,2023-11-13 20:00:00,37074.8,36912.0,-0.4391122811181797,LH (Lower High)
4221,2023-11-14 08:45:00,36912.0,36786.2,-0.3408105765062931,LH (Lower High)
4222,2023-11-14 14:45:00,36786.2,36719.6,-0.18104615317700268,LH (Lower High)
4223,2023-11-14 23:00:00,36719.6,35689.0,-2.806675453980976,LH (Lower High)
4224,2023-11-15 12:30:00,35689.0,36437.8,2.0981254728347754,HH (Higher High)
4225,2023-11-15 23:45:00,36437.8,38016.9,4.333686446492374,HH (Higher High)
4226,2023-11-16 07:00:00,38016.9,37644.0,-0.9808795561973792,LH (Lower High)
4227,2023-11-16 11:15:00,37644.0,37583.1,-0.1617787695250278,LH (Lower High)
4228,2023-11-17 02:30:00,37583.1,36710.0,-2.323118635769797,LH (Lower High)
4229,2023-11-17 13:00:00,36710.0,36640.0,-0.19068373740125305,LH (Lower High)
4230,2023-11-17 17:00:00,36640.0,36939.1,0.816320960698686,HH (Higher High)
4231,2023-11-17 23:00:00,36939.1,36760.0,-0.48485209439320004,LH (Lower High)
4232,2023-11-18 11:15:00,36760.0,36564.3,-0.5323721436343772,LH (Lower High)
4233,2023-11-18 16:00:00,36564.3,36898.2,0.9131858123907587,HH (Higher High)
4234,2023-11-18 19:00:00,36898.2,36796.2,-0.2764362489227117,LH (Lower High)
4235,2023-11-19 08:15:00,36796.2,36734.7,-0.16713682391116474,LH (Lower High)
4236,2023-11-19 23:30:00,36734.7,37534.7,2.177777414814875,HH (Higher High)
4237,2023-11-20 07:45:00,37534.7,37285.5,-0.6639189869640549,LH (Lower High)
4238,2023-11-20 11:00:00,37285.5,37450.0,0.44119027503989483,HH (Higher High)
4239,2023-11-20 19:30:00,37450.0,37846.7,1.0592790387182833,HH (Higher High)
4240,2023-11-21 02:00:00,37846.7,37693.2,-0.40558357796056194,LH (Lower High)
4241,2023-11-21 17:15:00,37693.2,37549.7,-0.3807052730996573,LH (Lower High)
4242,2023-11-21 20:30:00,37549.7,37199.4,-0.9328969339302196,LH (Lower High)
4243,2023-11-22 10:00:00,37199.4,36802.9,-1.065877406624838,LH (Lower High)
4244,2023-11-22 14:00:00,36802.9,36674.9,-0.34779867890845556,LH (Lower High)
4245,2023-11-22 21:30:00,36674.9,37888.0,3.307711813801806,HH (Higher High)
4246,2023-11-23 09:45:00,37888.0,37677.0,-0.5569045608108109,LH (Lower High)
4247,2023-11-23 20:15:00,37677.0,37417.9,-0.6876874485760505,LH (Lower High)
4248,2023-11-24 01:15:00,37417.9,37485.0,0.17932593758601775,HH (Higher High)
4249,2023-11-24 11:30:00,37485.0,38388.0,2.408963585434174,HH (Higher High)
4250,2023-11-24 15:30:00,38388.0,38435.7,0.12425758049389676,HH (Higher High)
4251,2023-11-24 21:15:00,38435.7,37978.0,-1.1908199928712033,LH (Lower High)
4252,2023-11-25 03:15:00,37978.0,37856.9,-0.3188688187898219,LH (Lower High)
4253,2023-11-25 08:15:00,37856.9,37846.0,-0.028792637537678613,LH (Lower High)
4254,2023-11-25 20:00:00,37846.0,37900.0,0.14268350684352374,HH (Higher High)
4255,2023-11-26 08:30:00,37900.0,37827.0,-0.19261213720316622,LH (Lower High)
4256,2023-11-26 22:00:00,37827.0,37769.6,-0.1517434636635246,LH (Lower High)
4257,2023-11-27 06:15:00,37769.6,37434.1,-0.8882805219012117,LH (Lower High)
4258,2023-11-27 09:15:00,37434.1,37478.3,0.11807416232794263,HH (Higher High)
4259,2023-11-27 17:00:00,37478.3,37153.0,-0.8679689313549517,LH (Lower High)
4260,2023-11-28 00:30:00,37153.0,37371.8,0.5889161036793877,HH (Higher High)
4261,2023-11-28 07:45:00,37371.8,37156.4,-0.5763704183368247,LH (Lower High)
4262,2023-11-28 19:30:00,37156.4,38430.0,3.4276732945064605,HH (Higher High)
4263,2023-11-29 01:00:00,38430.0,38115.4,-0.8186312776476672,LH (Lower High)
4264,2023-11-29 09:45:00,38115.4,38600.1,1.2716644715784093,HH (Higher High)
4265,2023-11-29 19:00:00,38600.1,37945.3,-1.6963686622573404,LH (Lower High)
4266,2023-11-29 23:30:00,37945.3,37880.5,-0.17077213778782327,LH (Lower High)
4267,2023-11-30 04:15:00,37880.5,38145.0,0.6982484391705495,HH (Higher High)
4268,2023-11-30 13:45:00,38145.0,37978.3,-0.4370166470048423,LH (Lower High)
4269,2023-11-30 18:15:00,37978.3,37817.0,-0.4247162195253682,LH (Lower High)
4270,2023-11-30 22:00:00,37817.0,37812.0,-0.013221567020123224,LH (Lower High)
4271,2023-12-01 10:00:00,37812.0,38873.2,2.806516449804287,HH (Higher High)
4272,2023-12-01 16:30:00,38873.2,39031.6,0.40747867425373124,HH (Higher High)
4273,2023-12-01 21:45:00,39031.6,38933.0,-0.2526158292255469,LH (Lower High)
4274,2023-12-02 01:30:00,38933.0,38797.3,-0.34854750468753265,LH (Lower High)
4275,2023-12-02 07:00:00,38797.3,38849.6,0.13480319506768676,HH (Higher High)
4276,2023-12-02 13:45:00,38849.6,38887.0,0.09626868745109719,HH (Higher High)
4277,2023-12-02 19:00:00,38887.0,39894.0,2.589554349782704,HH (Higher High)
4278,2023-12-02 21:45:00,39894.0,39779.8,-0.28625858525090764,LH (Lower High)
4279,2023-12-03 01:15:00,39779.8,39568.6,-0.5309227296266052,LH (Lower High)
4280,2023-12-03 07:45:00,39568.6,39503.8,-0.163766218668327,LH (Lower High)
4281,2023-12-03 16:00:00,39503.8,39872.3,0.9328216526005092,HH (Higher High)
4282,2023-12-03 22:30:00,39872.3,40439.9,1.42354466634731,HH (Higher High)
4283,2023-12-04 01:45:00,40439.9,40972.7,1.317510676336973,HH (Higher High)
4284,2023-12-04 06:15:00,40972.7,41808.3,2.0394067269181817,HH (Higher High)
4285,2023-12-04 11:00:00,41808.3,42197.3,0.9304372576737154,HH (Higher High)
4286,2023-12-04 22:15:00,42197.3,42479.3,0.6682892033376543,HH (Higher High)
4287,2023-12-05 05:30:00,42479.3,41941.0,-1.2672054388843577,LH (Lower High)
4288,2023-12-05 17:15:00,41941.0,44218.9,5.4312009727951205,HH (Higher High)
4289,2023-12-05 22:15:00,44218.9,44555.0,0.7600822272829006,HH (Higher High)
4290,2023-12-06 10:15:00,44555.0,44331.6,-0.5014027606329289,LH (Lower High)
4291,2023-12-06 14:15:00,44331.6,44320.0,-0.026166436582479646,LH (Lower High)
4292,2023-12-06 17:30:00,44320.0,44185.6,-0.3032490974729275,LH (Lower High)
4293,2023-12-07 05:15:00,44185.6,44087.7,-0.2215653968713822,LH (Lower High)
4294,2023-12-07 15:30:00,44087.7,43972.6,-0.26107054802132695,LH (Lower High)
4295,2023-12-07 21:30:00,43972.6,43488.0,-1.1020499129003027,LH (Lower High)
4296,2023-12-08 04:15:00,43488.0,43615.0,0.2920345842531273,HH (Higher High)
4297,2023-12-08 14:45:00,43615.0,44082.2,1.0711911039779827,HH (Higher High)
4298,2023-12-08 21:15:00,44082.2,44777.0,1.576146381078991,HH (Higher High)
4299,2023-12-09 05:30:00,44777.0,44416.1,-0.8059941487817438,LH (Lower High)
4300,2023-12-09 14:15:00,44416.1,44179.4,-0.5329148664560759,LH (Lower High)
4301,2023-12-09 21:30:00,44179.4,44140.0,-0.08918183587826328,LH (Lower High)
4302,2023-12-10 04:30:00,44140.0,44016.0,-0.2809243316719529,LH (Lower High)
4303,2023-12-10 08:00:00,44016.0,44075.0,0.13404216648491457,HH (Higher High)
4304,2023-12-10 15:15:00,44075.0,44028.7,-0.105048213272837,LH (Lower High)
4305,2023-12-10 21:00:00,44028.7,44114.6,0.19510001430885188,HH (Higher High)
4306,2023-12-11 10:00:00,44114.6,42520.0,-3.6146763203111867,LH (Lower High)
4307,2023-12-12 02:30:00,42520.0,41975.0,-1.2817497648165568,LH (Lower High)
4308,2023-12-12 08:45:00,41975.0,42168.1,0.4600357355568756,HH (Higher High)
4309,2023-12-12 13:30:00,42168.1,42104.8,-0.15011347440362652,LH (Lower High)
4310,2023-12-12 23:30:00,42104.8,41588.8,-1.225513480648287,LH (Lower High)
4311,2023-12-13 08:30:00,41588.8,41315.5,-0.6571480783287877,LH (Lower High)
4312,2023-12-13 16:00:00,41315.5,42273.6,2.3189844005276434,HH (Higher High)
4313,2023-12-13 22:00:00,42273.6,43600.0,3.137655652700507,HH (Higher High)
4314,2023-12-14 06:15:00,43600.0,43149.7,-1.0327981651376212,LH (Lower High)
4315,2023-12-14 12:00:00,43149.7,43398.6,0.5768290393676003,HH (Higher High)
4316,2023-12-14 17:45:00,43398.6,43475.0,0.17604254515122944,HH (Higher High)
4317,2023-12-15 09:00:00,43475.0,43070.2,-0.9311098332374996,LH (Lower High)
4318,2023-12-15 20:45:00,43070.2,42288.9,-1.8140152588100256,LH (Lower High)
4319,2023-12-16 03:45:00,42288.9,42436.5,0.34902775905733785,HH (Higher High)
4320,2023-12-16 13:00:00,42436.5,42583.5,0.34639991516736773,HH (Higher High)
4321,2023-12-16 16:30:00,42583.5,42783.3,0.4691958152805733,HH (Higher High)
4322,2023-12-17 10:00:00,42783.3,42052.2,-1.7088443387957584,LH (Lower High)
4323,2023-12-17 17:00:00,42052.2,42479.2,1.0154046637274625,HH (Higher High)
4324,2023-12-18 07:30:00,42479.2,41348.3,-2.6622441100585563,LH (Lower High)
4325,2023-12-18 14:45:00,41348.3,41776.9,1.0365601487848315,HH (Higher High)
4326,2023-12-19 02:00:00,41776.9,43548.0,4.2394241793909995,HH (Higher High)
4327,2023-12-19 10:45:00,43548.0,43313.4,-0.5387158996968828,LH (Lower High)
4328,2023-12-19 21:45:00,43313.4,42559.5,-1.7405698929199773,LH (Lower High)
4329,2023-12-20 01:15:00,42559.5,42515.0,-0.1045594990542652,LH (Lower High)
4330,2023-12-20 06:15:00,42515.0,43065.9,1.2957779607197495,HH (Higher High)
4331,2023-12-20 15:00:00,43065.9,44355.0,2.9933195405181325,HH (Higher High)
4332,2023-12-20 19:00:00,44355.0,44297.9,-0.1287340773306246,LH (Lower High)
4333,2023-12-21 13:45:00,44297.9,44290.0,-0.01783380250531392,LH (Lower High)
4334,2023-12-21 21:45:00,44290.0,44183.7,-0.24000903138406618,LH (Lower High)
4335,2023-12-22 01:45:00,44183.7,44322.0,0.31301135939272384,HH (Higher High)
4336,2023-12-22 06:30:00,44322.0,44473.9,0.3427191913722338,HH (Higher High)
4337,2023-12-22 11:30:00,44473.9,43875.2,-1.346182817337819,LH (Lower High)
4338,2023-12-22 18:45:00,43875.2,44047.4,0.3924768434104104,HH (Higher High)
4339,2023-12-22 23:15:00,44047.4,44107.7,0.13689797808723247,HH (Higher High)
4340,2023-12-23 09:15:00,44107.7,43703.5,-0.91639328280549,LH (Lower High)
4341,2023-12-23 15:45:00,43703.5,43899.8,0.4491631105060302,HH (Higher High)
4342,2023-12-23 18:45:00,43899.8,43877.5,-0.05079749793849382,LH (Lower High)
4343,2023-12-23 22:15:00,43877.5,43866.0,-0.026209332801549773,LH (Lower High)
4344,2023-12-24 01:15:00,43866.0,43950.0,0.19149227191902612,HH (Higher High)
4345,2023-12-24 04:00:00,43950.0,43987.0,0.08418657565415244,HH (Higher High)
4346,2023-12-24 09:45:00,43987.0,43733.4,-0.5765339759474357,LH (Lower High)
4347,2023-12-24 14:00:00,43733.4,43909.9,0.4035817018571618,HH (Higher High)
4348,2023-12-25 06:30:00,43909.9,43358.9,-1.2548423020776636,LH (Lower High)
4349,2023-12-25 13:00:00,43358.9,43874.5,1.189144558556602,HH (Higher High)
4350,2023-12-25 22:30:00,43874.5,43770.2,-0.23772350682059717,LH (Lower High)
4351,2023-12-26 14:15:00,43770.2,42869.7,-2.0573358129503636,LH (Lower High)
4352,2023-12-26 22:15:00,42869.7,42644.5,-0.5253127500309008,LH (Lower High)
4353,2023-12-27 11:00:00,42644.5,43285.0,1.501952186096683,HH (Higher High)
4354,2023-12-28 00:30:00,43285.0,43849.5,1.3041469331177082,HH (Higher High)
4355,2023-12-28 04:15:00,43849.5,43666.6,-0.41710851891127937,LH (Lower High)
4356,2023-12-28 10:45:00,43666.6,43244.2,-0.9673297211140814,LH (Lower High)
4357,2023-12-28 19:15:00,43244.2,42805.1,-1.0153962843572053,LH (Lower High)
4358,2023-12-28 23:30:00,42805.1,42791.4,-0.032005532051080574,LH (Lower High)
4359,2023-12-29 03:30:00,42791.4,42863.3,0.16802441612099966,HH (Higher High)
4360,2023-12-29 11:15:00,42863.3,42997.1,0.31215515370957353,HH (Higher High)
4361,2023-12-29 14:30:00,42997.1,43170.0,0.40212014298639087,HH (Higher High)
4362,2023-12-29 21:00:00,43170.0,42317.0,-1.9759091962010655,LH (Lower High)
4363,2023-12-30 00:15:00,42317.0,42250.0,-0.15832880402675048,LH (Lower High)
4364,2023-12-30 06:00:00,42250.0,42200.0,-0.1183431952662722,LH (Lower High)
4365,2023-12-30 17:30:00,42200.0,42654.0,1.075829383886256,HH (Higher High)
4366,2023-12-31 00:30:00,42654.0,42479.9,-0.40816804988980765,LH (Lower High)
4367,2023-12-31 09:45:00,42479.9,42945.9,1.0969893996925604,HH (Higher High)
4368,2023-12-31 18:30:00,42945.9,42776.3,-0.3949154634086107,LH (Lower High)
4369,2024-01-01 01:30:00,42776.3,42842.9,0.155693690197606,HH (Higher High)
4370,2024-01-01 12:30:00,42842.9,42820.0,-0.05345109691454466,LH (Lower High)
4371,2024-01-02 03:30:00,42820.0,45578.9,6.443017281644095,HH (Higher High)
4372,2024-01-02 09:00:00,45578.9,45946.5,0.806513540256563,HH (Higher High)
4373,2024-01-02 14:00:00,45946.5,45864.3,-0.17890372498448648,LH (Lower High)
4374,2024-01-02 22:00:00,45864.3,45369.9,-1.0779625983608199,LH (Lower High)
4375,2024-01-03 02:00:00,45369.9,45476.0,0.2338554856854402,HH (Higher High)
4376,2024-01-03 09:30:00,45476.0,45567.8,0.20186471985223614,HH (Higher High)
4377,2024-01-03 16:00:00,45567.8,43615.5,-4.284385026268556,LH (Lower High)
4378,2024-01-04 02:45:00,43615.5,43270.0,-0.7921495798511997,LH (Lower High)
4379,2024-01-04 05:30:00,43270.0,43317.1,0.10885139819736202,HH (Higher High)
4380,2024-01-04 15:30:00,43317.1,44390.0,2.476850943391874,HH (Higher High)
4381,2024-01-04 20:30:00,44390.0,44875.5,1.0937148006307729,HH (Higher High)
4382,2024-01-05 09:00:00,44875.5,44391.2,-1.079208031108295,LH (Lower High)
4383,2024-01-05 12:15:00,44391.2,44300.0,-0.2054461244570931,LH (Lower High)
4384,2024-01-05 20:45:00,44300.0,44436.4,0.3079006772009062,HH (Higher High)
4385,2024-01-06 10:30:00,44436.4,43789.9,-1.4548883347885966,LH (Lower High)
4386,2024-01-06 18:45:00,43789.9,44168.6,0.8648112921015966,HH (Higher High)
4387,2024-01-07 00:45:00,44168.6,44285.0,0.26353563391187734,HH (Higher High)
4388,2024-01-07 08:30:00,44285.0,44182.5,-0.2314553460539686,LH (Lower High)
4389,2024-01-07 14:00:00,44182.5,44509.6,0.7403383692638454,HH (Higher High)
4390,2024-01-07 20:00:00,44509.6,44280.0,-0.5158437730287366,LH (Lower High)
4391,2024-01-08 06:15:00,44280.0,44444.0,0.3703703703703704,HH (Higher High)
4392,2024-01-08 12:15:00,44444.0,45211.1,1.725992259922596,HH (Higher High)
4393,2024-01-08 19:00:00,45211.1,47318.3,4.6608023250927415,HH (Higher High)
4394,2024-01-09 03:00:00,47318.3,47009.3,-0.6530243056069216,LH (Lower High)
4395,2024-01-09 07:15:00,47009.3,46957.0,-0.1112545815402546,LH (Lower High)
4396,2024-01-09 13:45:00,46957.0,47080.0,0.26194177651894285,HH (Higher High)
4397,2024-01-09 21:15:00,47080.0,48083.4,2.1312659303313537,HH (Higher High)
4398,2024-01-10 03:15:00,48083.4,46227.0,-3.8607918741187213,LH (Lower High)
4399,2024-01-10 19:00:00,46227.0,46777.0,1.1897808639972312,HH (Higher High)
4400,2024-01-10 23:15:00,46777.0,47732.0,2.0416016418325245,HH (Higher High)
4401,2024-01-11 14:45:00,47732.0,49054.4,2.770468448839356,HH (Higher High)
4402,2024-01-11 20:00:00,49054.4,46982.5,-4.223678202159238,LH (Lower High)
4403,2024-01-12 00:45:00,46982.5,46550.0,-0.9205555259937211,LH (Lower High)
4404,2024-01-12 06:15:00,46550.0,46397.8,-0.3269602577873192,LH (Lower High)
4405,2024-01-12 11:30:00,46397.8,46290.0,-0.23233860226132036,LH (Lower High)
4406,2024-01-12 20:30:00,46290.0,44000.0,-4.947072801901058,LH (Lower High)
4407,2024-01-13 07:15:00,44000.0,43267.6,-1.6645454545454579,LH (Lower High)
4408,2024-01-13 15:30:00,43267.6,43259.0,-0.019876304671390475,LH (Lower High)
4409,2024-01-13 22:00:00,43259.0,43074.4,-0.42673200952402635,LH (Lower High)
4410,2024-01-14 07:00:00,43074.4,43078.8,0.010214884014638522,HH (Higher High)
4411,2024-01-14 09:45:00,43078.8,43110.3,0.07312181397810523,HH (Higher High)
4412,2024-01-14 14:00:00,43110.3,43022.0,-0.20482344126578314,LH (Lower High)
4413,2024-01-14 17:15:00,43022.0,43028.7,0.015573427548689251,HH (Higher High)
4414,2024-01-15 05:00:00,43028.7,42881.2,-0.3427944604415193,LH (Lower High)
4415,2024-01-15 13:45:00,42881.2,42985.3,0.24276372862701098,HH (Higher High)
4416,2024-01-15 18:30:00,42985.3,43394.6,0.9521859798582204,HH (Higher High)
4417,2024-01-16 04:00:00,43394.6,42955.0,-1.0130292709231068,LH (Lower High)
4418,2024-01-16 09:15:00,42955.0,43185.0,0.5354440693749273,HH (Higher High)
4419,2024-01-16 16:00:00,43185.0,43456.2,0.6279958318860648,HH (Higher High)
4420,2024-01-16 21:30:00,43456.2,43579.9,0.284654433659649,HH (Higher High)
4421,2024-01-17 14:45:00,43579.9,42952.5,-1.4396545196294654,LH (Lower High)
4422,2024-01-17 20:45:00,42952.5,42884.7,-0.15784878645015518,LH (Lower High)
4423,2024-01-18 00:00:00,42884.7,42800.0,-0.19750633675879067,LH (Lower High)
4424,2024-01-18 15:15:00,42800.0,42829.0,0.06775700934579439,HH (Higher High)
4425,2024-01-18 22:30:00,42829.0,41380.4,-3.3822877022578126,LH (Lower High)
4426,2024-01-19 07:00:00,41380.4,41570.0,0.45818793438439104,HH (Higher High)
4427,2024-01-19 11:30:00,41570.0,41521.1,-0.11763290834736939,LH (Lower High)
4428,2024-01-19 20:00:00,41521.1,42199.0,1.6326638745119988,HH (Higher High)
4429,2024-01-20 07:30:00,42199.0,41789.1,-0.9713500319912829,LH (Lower High)
4430,2024-01-20 12:45:00,41789.1,41695.7,-0.22350325802661808,LH (Lower High)
4431,2024-01-20 21:00:00,41695.7,41874.9,0.42978052892745383,HH (Higher High)
4432,2024-01-21 03:00:00,41874.9,41738.9,-0.3247768949896,LH (Lower High)
4433,2024-01-21 10:45:00,41738.9,41830.0,0.21826162165269938,HH (Higher High)
4434,2024-01-21 21:45:00,41830.0,41816.1,-0.033229739421471324,LH (Lower High)
4435,2024-01-22 06:30:00,41816.1,41321.2,-1.18351544022518,LH (Lower High)
4436,2024-01-22 13:00:00,41321.2,41250.0,-0.17230864544107405,LH (Lower High)
4437,2024-01-23 04:15:00,41250.0,40180.0,-2.5939393939393938,LH (Lower High)
4438,2024-01-23 17:30:00,40180.0,39661.8,-1.2896963663514114,LH (Lower High)
4439,2024-01-24 00:45:00,39661.8,40246.9,1.4752230105542323,HH (Higher High)
4440,2024-01-24 07:15:00,40246.9,40181.7,-0.16200005466260597,LH (Lower High)
4441,2024-01-24 10:45:00,40181.7,40565.3,0.9546634413178283,HH (Higher High)
4442,2024-01-24 23:45:00,40565.3,40185.9,-0.9352821253633067,LH (Lower High)
4443,2024-01-25 08:00:00,40185.9,40175.0,-0.0271239414819662,LH (Lower High)
4444,2024-01-25 11:15:00,40175.0,40324.3,0.3716241443683955,HH (Higher High)
4445,2024-01-25 18:15:00,40324.3,40045.0,-0.6926344660663741,LH (Lower High)
4446,2024-01-25 23:00:00,40045.0,39987.1,-0.14458733924335487,LH (Lower High)
4447,2024-01-26 02:30:00,39987.1,40221.3,0.5856888846653154,HH (Higher High)
4448,2024-01-26 20:00:00,40221.3,42238.1,5.014258614216835,HH (Higher High)
4449,2024-01-27 15:30:00,42238.1,41878.4,-0.8516008059074558,LH (Lower High)
4450,2024-01-27 22:30:00,41878.4,42193.3,0.751938947046691,HH (Higher High)
4451,2024-01-28 01:15:00,42193.3,42222.0,0.06802027810101861,HH (Higher High)
4452,2024-01-28 05:15:00,42222.0,42839.9,1.4634550708161655,HH (Higher High)
4453,2024-01-28 09:30:00,42839.9,42682.9,-0.3664807807674621,LH (Lower High)
4454,2024-01-28 14:15:00,42682.9,42541.2,-0.3319830658179373,LH (Lower High)
4455,2024-01-29 03:30:00,42541.2,42484.9,-0.1323422940584554,LH (Lower High)
4456,2024-01-29 10:45:00,42484.9,42368.9,-0.27303818533172963,LH (Lower High)
4457,2024-01-29 16:45:00,42368.9,43300.0,2.1976024867296493,HH (Higher High)
4458,2024-01-30 02:30:00,43300.0,43790.0,1.1316397228637414,HH (Higher High)
4459,2024-01-30 12:15:00,43790.0,43890.8,0.23018954099110048,HH (Higher High)
4460,2024-01-30 15:15:00,43890.8,43624.0,-0.6078722648026532,LH (Lower High)
4461,2024-01-30 20:30:00,43624.0,43742.2,0.27095176966806594,HH (Higher High)
4462,2024-01-31 07:45:00,43742.2,43069.9,-1.5369597322493969,LH (Lower High)
4463,2024-01-31 17:45:00,43069.9,43735.9,1.546323534533398,HH (Higher High)
4464,2024-02-01 10:15:00,43735.9,42329.9,-3.2147503538283195,LH (Lower High)
4465,2024-02-01 19:45:00,42329.9,43307.3,2.309006163492003,HH (Higher High)
4466,2024-02-02 00:15:00,43307.3,43430.5,0.28447859829635436,HH (Higher High)
4467,2024-02-02 06:45:00,43430.5,43243.7,-0.43011247855770235,LH (Lower High)
4468,2024-02-02 12:30:00,43243.7,43232.9,-0.024974736204338748,LH (Lower High)
4469,2024-02-02 16:00:00,43232.9,43476.7,0.563922383185018,HH (Higher High)
4470,2024-02-03 00:15:00,43476.7,43377.8,-0.22747816646616273,LH (Lower High)
4471,2024-02-03 09:30:00,43377.8,43109.9,-0.6175970196736612,LH (Lower High)
4472,2024-02-03 17:45:00,43109.9,43249.8,0.3245194259323298,HH (Higher High)
4473,2024-02-04 02:15:00,43249.8,43049.0,-0.46427960360511006,LH (Lower High)
4474,2024-02-04 11:30:00,43049.0,43114.7,0.1526167855234665,HH (Higher High)
4475,2024-02-04 21:00:00,43114.7,42978.1,-0.3168292948808609,LH (Lower High)
4476,2024-02-05 13:30:00,42978.1,43567.9,1.3723268362258985,HH (Higher High)
4477,2024-02-05 19:45:00,43567.9,42859.1,-1.6268858494442076,LH (Lower High)
4478,2024-02-06 03:00:00,42859.1,42950.0,0.21209031454230598,HH (Higher High)
4479,2024-02-06 09:00:00,42950.0,43099.1,0.34714784633294193,HH (Higher High)
4480,2024-02-06 16:30:00,43099.1,43370.4,0.6294795018921576,HH (Higher High)
4481,2024-02-06 20:00:00,43370.4,43305.1,-0.15056351797540007,LH (Lower High)
4482,2024-02-07 05:45:00,43305.1,43037.9,-0.6170173951797758,LH (Lower High)
4483,2024-02-07 09:30:00,43037.9,43191.8,0.35759179699753346,HH (Higher High)
4484,2024-02-08 02:00:00,43191.8,44793.2,3.7076482110030007,HH (Higher High)
4485,2024-02-08 10:00:00,44793.2,44889.0,0.2138717483903872,HH (Higher High)
4486,2024-02-08 16:00:00,44889.0,45479.0,1.3143531822941033,HH (Higher High)
4487,2024-02-08 20:15:00,45479.0,45628.2,0.32806350183600586,HH (Higher High)
4488,2024-02-09 02:45:00,45628.2,46382.0,1.6520485138576648,HH (Higher High)
4489,2024-02-09 12:00:00,46382.0,47749.0,2.9472640248372213,HH (Higher High)
4490,2024-02-09 18:15:00,47749.0,48230.0,1.0073509392866866,HH (Higher High)
4491,2024-02-10 03:30:00,48230.0,47489.6,-1.53514410118184,LH (Lower High)
4492,2024-02-10 13:45:00,47489.6,47388.3,-0.21330986152756737,LH (Lower High)
4493,2024-02-10 20:45:00,47388.3,48197.9,1.7084385808311304,HH (Higher High)
4494,2024-02-11 04:00:00,48197.9,48603.5,0.8415304401229069,HH (Higher High)
4495,2024-02-11 12:15:00,48603.5,48485.0,-0.24380960218914277,LH (Lower High)
4496,2024-02-11 17:00:00,48485.0,48431.7,-0.1099309064659233,LH (Lower High)
4497,2024-02-12 00:30:00,48431.7,48893.7,0.9539206759209362,HH (Higher High)
4498,2024-02-12 07:30:00,48893.7,48395.5,-1.0189451810764927,LH (Lower High)
4499,2024-02-12 17:30:00,48395.5,50439.2,4.222913287392418,HH (Higher High)
4500,2024-02-12 21:00:00,50439.2,50299.0,-0.2779584132975882,LH (Lower High)
4501,2024-02-13 01:30:00,50299.0,50430.5,0.26143660907771527,HH (Higher High)
4502,2024-02-13 09:45:00,50430.5,50296.0,-0.26670368130397276,LH (Lower High)
4503,2024-02-13 23:45:00,50296.0,49798.0,-0.9901383807857483,LH (Lower High)
4504,2024-02-14 14:30:00,49798.0,52098.4,4.619462629021249,HH (Higher High)
4505,2024-02-14 20:15:00,52098.4,51904.0,-0.3731400580440118,LH (Lower High)
4506,2024-02-15 00:30:00,51904.0,52575.5,1.2937345869297163,HH (Higher High)
4507,2024-02-15 03:30:00,52575.5,52449.8,-0.23908474479557418,LH (Lower High)
4508,2024-02-15 11:30:00,52449.8,52571.0,0.23107809753325478,HH (Higher High)
4509,2024-02-15 14:30:00,52571.0,52879.5,0.5868254360769245,HH (Higher High)
4510,2024-02-16 04:00:00,52879.5,52384.8,-0.9355232178821605,LH (Lower High)
4511,2024-02-16 14:00:00,52384.8,52625.0,0.4585299552541903,HH (Higher High)
4512,2024-02-16 23:30:00,52625.0,52272.0,-0.6707838479809977,LH (Lower High)
4513,2024-02-17 04:45:00,52272.0,52092.4,-0.3435873890419317,LH (Lower High)
4514,2024-02-17 11:30:00,52092.4,51845.2,-0.4745413918345178,LH (Lower High)
4515,2024-02-17 21:30:00,51845.2,52113.0,0.5165376929783335,HH (Higher High)
4516,2024-02-18 10:00:00,52113.0,52111.6,-0.0026864697868122255,LH (Lower High)
4517,2024-02-18 17:30:00,52111.6,52027.6,-0.16119251759684983,LH (Lower High)
4518,2024-02-19 00:30:00,52027.6,52499.2,0.9064419654183521,HH (Higher High)
4519,2024-02-19 07:15:00,52499.2,52559.2,0.11428745580885043,HH (Higher High)
4520,2024-02-19 12:45:00,52559.2,52517.5,-0.07933910714013359,LH (Lower High)
4521,2024-02-19 22:00:00,52517.5,52150.7,-0.698433855381545,LH (Lower High)
4522,2024-02-20 06:30:00,52150.7,52105.1,-0.08743890302526822,LH (Lower High)
4523,2024-02-20 13:30:00,52105.1,53120.0,1.947793977940742,HH (Higher High)
4524,2024-02-20 23:15:00,53120.0,52555.0,-1.0636295180722892,LH (Lower High)
4525,2024-02-21 13:00:00,52555.0,51459.3,-2.0848634763580955,LH (Lower High)
4526,2024-02-21 16:45:00,51459.3,51437.4,-0.04255790498510756,LH (Lower High)
4527,2024-02-21 23:45:00,51437.4,52022.4,1.1373047626824062,HH (Higher High)
4528,2024-02-22 09:45:00,52022.4,52074.9,0.10091806606384941,HH (Higher High)
4529,2024-02-22 16:00:00,52074.9,51773.6,-0.57858968524184,LH (Lower High)
4530,2024-02-22 20:30:00,51773.6,52119.7,0.6684874144351534,HH (Higher High)
4531,2024-02-23 01:30:00,52119.7,51571.7,-1.0514258524128113,LH (Lower High)
4532,2024-02-23 11:15:00,51571.7,51300.0,-0.5268393324245606,LH (Lower High)
4533,2024-02-23 14:15:00,51300.0,51375.3,0.14678362573099984,HH (Higher High)
4534,2024-02-23 19:15:00,51375.3,51227.7,-0.28729759242282926,LH (Lower High)
4535,2024-02-24 10:15:00,51227.7,51208.0,-0.0384557573344052,LH (Lower High)
4536,2024-02-24 13:30:00,51208.0,51222.4,0.028120606155291078,HH (Higher High)
4537,2024-02-24 17:45:00,51222.4,51742.7,1.0157665396388995,HH (Higher High)
4538,2024-02-24 22:00:00,51742.7,51700.0,-0.0825237183216127,LH (Lower High)
4539,2024-02-25 02:15:00,51700.0,51936.0,0.45647969052224374,HH (Higher High)
4540,2024-02-25 06:30:00,51936.0,51841.5,-0.1819547134935305,LH (Lower High)
4541,2024-02-25 11:45:00,51841.5,51734.4,-0.20659124446630311,LH (Lower High)
4542,2024-02-25 14:45:00,51734.4,51809.7,0.14555112265725634,HH (Higher High)
4543,2024-02-25 20:15:00,51809.7,52000.0,0.3673057361845425,HH (Higher High)
4544,2024-02-26 06:00:00,52000.0,51621.9,-0.7271153846153818,LH (Lower High)
4545,2024-02-26 16:00:00,51621.9,53733.0,4.089543391467572,HH (Higher High)
4546,2024-02-26 20:00:00,53733.0,54992.2,2.3434388550797407,HH (Higher High)
4547,2024-02-27 02:00:00,54992.2,57600.0,4.742127065292902,HH (Higher High)
4548,2024-02-27 12:45:00,57600.0,57497.8,-0.17743055555555048,LH (Lower High)
4549,2024-02-27 19:45:00,57497.8,57699.0,0.3499264319678267,HH (Higher High)
4550,2024-02-27 23:15:00,57699.0,57150.0,-0.9514896272032444,LH (Lower High)
4551,2024-02-28 08:45:00,57150.0,59614.5,4.312335958005249,HH (Higher High)
4552,2024-02-28 17:15:00,59614.5,64496.7,8.189618297561829,HH (Higher High)
4553,2024-02-28 23:30:00,64496.7,62713.0,-2.7655678507582513,LH (Lower High)
4554,2024-02-29 06:45:00,62713.0,63796.6,1.7278714142203346,HH (Higher High)
4555,2024-02-29 11:30:00,63796.6,63475.5,-0.5033183586586096,LH (Lower High)
4556,2024-02-29 14:30:00,63475.5,63649.1,0.2734913470551607,HH (Higher High)
4557,2024-02-29 20:45:00,63649.1,62380.0,-1.993900934970013,LH (Lower High)
4558,2024-03-01 00:30:00,62380.0,61816.2,-0.9038153254248202,LH (Lower High)
4559,2024-03-01 08:30:00,61816.2,62324.0,0.8214675117525874,HH (Higher High)
4560,2024-03-01 13:15:00,62324.0,62763.3,0.7048648995571576,HH (Higher High)
4561,2024-03-01 20:45:00,62763.3,63181.9,0.6669502718945602,HH (Higher High)
4562,2024-03-02 03:30:00,63181.9,62499.0,-1.080847521204651,LH (Lower High)
4563,2024-03-02 12:45:00,62499.0,62250.0,-0.398406374501992,LH (Lower High)
4564,2024-03-02 20:00:00,62250.0,62277.0,0.043373493975903614,HH (Higher High)
4565,2024-03-02 23:30:00,62277.0,62135.0,-0.22801355235480192,LH (Lower High)
4566,2024-03-03 04:15:00,62135.0,62171.0,0.05793836002253159,HH (Higher High)
4567,2024-03-03 12:30:00,62171.0,62729.5,0.8983288028180341,HH (Higher High)
4568,2024-03-03 17:00:00,62729.5,63087.2,0.5702261296519134,HH (Higher High)
4569,2024-03-04 00:30:00,63087.2,64440.0,2.1443335573618785,HH (Higher High)
4570,2024-03-04 08:30:00,64440.0,65713.0,1.9754810676598387,HH (Higher High)
4571,2024-03-04 17:30:00,65713.0,67666.0,2.972014669852236,HH (Higher High)
4572,2024-03-05 01:45:00,67666.0,68850.0,1.7497709337037803,HH (Higher High)
4573,2024-03-05 15:00:00,68850.0,69387.2,0.7802469135802427,HH (Higher High)
4574,2024-03-05 23:45:00,69387.2,64400.0,-7.187492794059995,LH (Lower High)
4575,2024-03-06 08:15:00,64400.0,67764.5,5.224378881987578,HH (Higher High)
4576,2024-03-06 12:00:00,67764.5,67700.0,-0.09518258084985501,LH (Lower High)
4577,2024-03-06 18:00:00,67700.0,67579.6,-0.17784342688330013,LH (Lower High)
4578,2024-03-07 02:00:00,67579.6,66550.0,-1.523536688586505,LH (Lower High)
4579,2024-03-07 08:15:00,66550.0,67113.8,0.8471825694966234,HH (Higher High)
4580,2024-03-07 11:00:00,67113.8,67356.9,0.36222058652615596,HH (Higher High)
4581,2024-03-07 14:30:00,67356.9,68008.5,0.9673841878115024,HH (Higher High)
4582,2024-03-07 17:15:00,68008.5,68160.3,0.22320739319350216,HH (Higher High)
4583,2024-03-07 20:30:00,68160.3,67983.8,-0.25894839077879644,LH (Lower High)
4584,2024-03-08 03:15:00,67983.8,67337.4,-0.9508147529264454,LH (Lower High)
4585,2024-03-08 07:00:00,67337.4,67729.7,0.582588576333513,HH (Higher High)
4586,2024-03-08 15:30:00,67729.7,70320.0,3.8244669620565324,HH (Higher High)
4587,2024-03-08 20:00:00,70320.0,69476.4,-1.1996587030716808,LH (Lower High)
4588,2024-03-09 07:00:00,69476.4,68606.0,-1.2527995117766526,LH (Lower High)
4589,2024-03-09 13:00:00,68606.0,68580.0,-0.03789755998017666,LH (Lower High)
4590,2024-03-10 01:15:00,68580.0,69347.0,1.1184018664333626,HH (Higher High)
4591,2024-03-10 04:15:00,69347.0,69776.9,0.6199258799948003,HH (Higher High)
4592,2024-03-10 10:00:00,69776.9,70029.1,0.36143766776685643,HH (Higher High)
4593,2024-03-10 16:30:00,70029.1,69849.8,-0.25603641914575925,LH (Lower High)
4594,2024-03-11 04:00:00,69849.8,68873.5,-1.397713379279544,LH (Lower High)
4595,2024-03-11 15:30:00,68873.5,72769.4,5.656602321647649,HH (Higher High)
4596,2024-03-11 19:15:00,72769.4,72919.6,0.2064054396490993,HH (Higher High)
4597,2024-03-11 22:15:00,72919.6,72850.0,-0.09544758885129076,LH (Lower High)
4598,2024-03-12 01:45:00,72850.0,72578.6,-0.37254632807137156,LH (Lower High)
4599,2024-03-12 07:00:00,72578.6,72433.0,-0.2006100971911911,LH (Lower High)
4600,2024-03-12 11:15:00,72433.0,72460.0,0.037275827316278494,HH (Higher High)
4601,2024-03-12 14:00:00,72460.0,73391.0,1.2848468120342258,HH (Higher High)
4602,2024-03-12 19:00:00,73391.0,71749.5,-2.236650270469131,LH (Lower High)
4603,2024-03-13 08:15:00,71749.5,73749.9,2.7880333660861667,HH (Higher High)
4604,2024-03-13 20:00:00,73749.9,73490.9,-0.3511869168636161,LH (Lower High)
4605,2024-03-14 04:00:00,73490.9,73865.9,0.5102672575788295,HH (Higher High)
4606,2024-03-14 07:00:00,73865.9,73949.0,0.1125011676565314,HH (Higher High)
4607,2024-03-15 00:30:00,73949.0,72525.0,-1.9256514624944217,LH (Lower High)
4608,2024-03-15 07:45:00,72525.0,68892.6,-5.008479834539806,LH (Lower High)
4609,2024-03-15 15:00:00,68892.6,68790.0,-0.14892746100452853,LH (Lower High)
4610,2024-03-15 19:00:00,68790.0,70700.0,2.776566361389737,HH (Higher High)
4611,2024-03-16 00:15:00,70700.0,70081.3,-0.8751060820367709,LH (Lower High)
4612,2024-03-16 07:30:00,70081.3,69511.0,-0.8137691509718039,LH (Lower High)
4613,2024-03-16 15:45:00,69511.0,68571.2,-1.352016227647427,LH (Lower High)
4614,2024-03-17 02:45:00,68571.2,66619.1,-2.8468219894066187,LH (Lower High)
4615,2024-03-17 11:00:00,66619.1,67580.0,1.4423791375146078,HH (Higher High)
4616,2024-03-17 17:45:00,67580.0,68765.5,1.7542172240307783,HH (Higher High)
4617,2024-03-17 22:30:00,68765.5,68970.0,0.2973874980913394,HH (Higher High)
4618,2024-03-18 05:30:00,68970.0,69040.0,0.10149340292880964,HH (Higher High)
4619,2024-03-18 13:00:00,69040.0,68686.3,-0.5123117033603666,LH (Lower High)
4620,2024-03-18 16:15:00,68686.3,68140.0,-0.7953551144842608,LH (Lower High)
4621,2024-03-19 00:15:00,68140.0,68174.9,0.05121808042265069,HH (Higher High)
4622,2024-03-19 17:15:00,68174.9,65782.8,-3.508769356464023,LH (Lower High)
4623,2024-03-20 03:15:00,65782.8,63505.9,-3.4612391080951275,LH (Lower High)
4624,2024-03-20 12:15:00,63505.9,64384.0,1.3827061737570816,HH (Higher High)
4625,2024-03-21 00:30:00,64384.0,68287.7,6.063152335984091,HH (Higher High)
4626,2024-03-21 08:15:00,68287.7,67697.0,-0.865016686753247,LH (Lower High)
4627,2024-03-21 13:15:00,67697.0,67745.0,0.07090417596053,HH (Higher High)
4628,2024-03-22 00:15:00,67745.0,66058.6,-2.4893350062735173,LH (Lower High)
4629,2024-03-22 06:00:00,66058.6,66666.6,0.9203949220843312,HH (Higher High)
4630,2024-03-22 19:45:00,66666.6,64150.0,-3.774903774903783,LH (Lower High)
4631,2024-03-23 02:00:00,64150.0,64400.0,0.3897116134060795,HH (Higher High)
4632,2024-03-23 07:15:00,64400.0,64888.0,0.7577639751552795,HH (Higher High)
4633,2024-03-23 17:30:00,64888.0,66064.7,1.8134323757859652,HH (Higher High)
4634,2024-03-24 14:15:00,66064.7,65956.8,-0.16332474074656236,LH (Lower High)
4635,2024-03-24 23:15:00,65956.8,67698.8,2.6411226742352567,HH (Higher High)
4636,2024-03-25 05:30:00,67698.8,67777.2,0.1158070748669019,HH (Higher High)
4637,2024-03-25 10:00:00,67777.2,67403.4,-0.5515128981427425,LH (Lower High)
4638,2024-03-25 20:00:00,67403.4,71278.3,5.74881979247339,HH (Higher High)
4639,2024-03-26 04:00:00,71278.3,70720.0,-0.7832678388794386,LH (Lower High)
4640,2024-03-26 07:15:00,70720.0,71650.0,1.3150452488687783,HH (Higher High)
4641,2024-03-26 13:00:00,71650.0,71213.0,-0.6099092812281927,LH (Lower High)
4642,2024-03-27 01:00:00,71213.0,70829.5,-0.5385252692626347,LH (Lower High)
4643,2024-03-27 06:00:00,70829.5,70647.8,-0.25653152994161627,LH (Lower High)
4644,2024-03-27 13:30:00,70647.8,71898.0,1.7696233994547557,HH (Higher High)
4645,2024-03-28 00:15:00,71898.0,70104.1,-2.495062449581343,LH (Lower High)
4646,2024-03-28 14:45:00,70104.1,71615.8,2.1563646063496957,HH (Higher High)
4647,2024-03-28 23:00:00,71615.8,71165.0,-0.6294700331491137,LH (Lower High)
4648,2024-03-29 13:30:00,71165.0,70740.0,-0.5972036815850488,LH (Lower High)
4649,2024-03-30 01:30:00,70740.0,70249.7,-0.693101498445014,LH (Lower High)
4650,2024-03-30 05:00:00,70249.7,70400.0,0.21395109160608933,HH (Higher High)
4651,2024-03-30 13:00:00,70400.0,70331.1,-0.09786931818180991,LH (Lower High)
4652,2024-03-30 16:45:00,70331.1,70350.0,0.0268728912244998,HH (Higher High)
4653,2024-03-31 02:15:00,70350.0,70236.7,-0.16105188343994728,LH (Lower High)
4654,2024-03-31 08:30:00,70236.7,70588.0,0.5001658677016473,HH (Higher High)
4655,2024-03-31 13:15:00,70588.0,70812.8,0.31846772822576486,HH (Higher High)
4656,2024-03-31 18:45:00,70812.8,71363.3,0.7774018256586379,HH (Higher High)
4657,2024-03-31 23:45:00,71363.3,71514.2,0.21145322595787214,HH (Higher High)
4658,2024-04-01 13:30:00,71514.2,70161.0,-1.8922116167138796,LH (Lower High)
4659,2024-04-01 21:30:00,70161.0,69985.3,-0.2504240247430867,LH (Lower High)
4660,2024-04-02 06:30:00,69985.3,67157.5,-4.04056280390311,LH (Lower High)
4661,2024-04-02 14:30:00,67157.5,66308.3,-1.2644901909689865,LH (Lower High)
4662,2024-04-02 19:30:00,66308.3,66219.2,-0.13437231839755479,LH (Lower High)
4663,2024-04-03 04:30:00,66219.2,66500.0,0.4240461980815276,HH (Higher High)
4664,2024-04-03 08:30:00,66500.0,66687.8,0.2824060150375984,HH (Higher High)
4665,2024-04-03 14:15:00,66687.8,66950.0,0.39317536340979475,HH (Higher High)
4666,2024-04-04 00:45:00,66950.0,66384.0,-0.8454070201643018,LH (Lower High)
4667,2024-04-04 18:00:00,66384.0,69315.8,4.416425644733675,HH (Higher High)
4668,2024-04-05 00:45:00,69315.8,68775.9,-0.7788988946243262,LH (Lower High)
4669,2024-04-05 08:15:00,68775.9,67696.2,-1.569881310168238,LH (Lower High)
4670,2024-04-05 14:45:00,67696.2,68591.0,1.3217876335747103,HH (Higher High)
4671,2024-04-05 19:30:00,68591.0,68068.7,-0.761470163724108,LH (Lower High)
4672,2024-04-06 00:30:00,68068.7,68050.0,-0.027472244952521627,LH (Lower High)
4673,2024-04-06 05:30:00,68050.0,68220.2,0.25011021307861436,HH (Higher High)
4674,2024-04-06 17:45:00,68220.2,68499.8,0.4098492821774281,HH (Higher High)
4675,2024-04-06 23:00:00,68499.8,69699.9,1.7519759181778505,HH (Higher High)
4676,2024-04-07 02:00:00,69699.9,69779.8,0.11463431080964068,HH (Higher High)
4677,2024-04-07 08:30:00,69779.8,69560.8,-0.31384440769391714,LH (Lower High)
4678,2024-04-07 16:30:00,69560.8,70366.0,1.1575485043300207,HH (Higher High)
4679,2024-04-08 01:15:00,70366.0,69859.5,-0.7198078617514141,LH (Lower High)
4680,2024-04-08 09:15:00,69859.5,72730.9,4.110249858644844,HH (Higher High)
4681,2024-04-08 12:00:00,72730.9,72854.5,0.16994152416649022,HH (Higher High)
4682,2024-04-08 18:30:00,72854.5,72184.1,-0.9201902421950521,LH (Lower High)
4683,2024-04-08 23:00:00,72184.1,72073.0,-0.1539120110938639,LH (Lower High)
4684,2024-04-09 03:15:00,72073.0,71716.6,-0.4944986333300878,LH (Lower High)
4685,2024-04-09 12:45:00,71716.6,71033.3,-0.9527780179205412,LH (Lower High)
4686,2024-04-09 22:30:00,71033.3,69464.6,-2.2084008486160673,LH (Lower High)
4687,2024-04-10 02:00:00,69464.6,69648.2,0.26430728745287707,HH (Higher High)
4688,2024-04-10 07:15:00,69648.2,69559.9,-0.1267800172868831,LH (Lower High)
4689,2024-04-10 12:00:00,69559.9,69267.2,-0.4207884140143921,LH (Lower High)
4690,2024-04-10 22:15:00,69267.2,71269.0,2.8899681234408248,HH (Higher High)
4691,2024-04-11 02:45:00,71269.0,71094.0,-0.2455485554729265,LH (Lower High)
4692,2024-04-11 07:15:00,71094.0,71341.7,0.3484119616282627,HH (Higher High)
4693,2024-04-11 12:30:00,71341.7,71101.0,-0.337390334124358,LH (Lower High)
4694,2024-04-11 20:15:00,71101.0,70800.0,-0.4233414438615491,LH (Lower High)
4695,2024-04-12 04:45:00,70800.0,71281.1,0.6795197740113077,HH (Higher High)
4696,2024-04-12 11:45:00,71281.1,70998.9,-0.39589736970951855,LH (Lower High)
4697,2024-04-13 04:45:00,70998.9,67937.6,-4.311756942713181,LH (Lower High)
4698,2024-04-13 11:00:00,67937.6,67831.8,-0.15573114151810324,LH (Lower High)
4699,2024-04-13 15:15:00,67831.8,67937.0,0.15508950079460826,HH (Higher High)
4700,2024-04-13 23:00:00,67937.0,65597.3,-3.4439259902556736,LH (Lower High)
4701,2024-04-14 06:30:00,65597.3,64870.5,-1.1079724317921666,LH (Lower High)
4702,2024-04-14 13:00:00,64870.5,64842.1,-0.04377952998666799,LH (Lower High)
4703,2024-04-14 16:30:00,64842.1,64747.0,-0.14666397294350206,LH (Lower High)
4704,2024-04-15 00:00:00,64747.0,65845.0,1.6958314670950005,HH (Higher High)
4705,2024-04-15 09:15:00,65845.0,66834.9,1.50337914799908,HH (Higher High)
4706,2024-04-15 13:45:00,66834.9,66350.0,-0.7255191524188623,LH (Lower High)
4707,2024-04-16 01:30:00,66350.0,63899.4,-3.6934438583270515,LH (Lower High)
4708,2024-04-16 07:30:00,63899.4,63786.7,-0.17637098313912863,LH (Lower High)
4709,2024-04-16 12:30:00,63786.7,63433.7,-0.5534069014387012,LH (Lower High)
4710,2024-04-16 17:15:00,63433.7,63277.7,-0.24592606138377548,LH (Lower High)
4711,2024-04-16 21:45:00,63277.7,64357.6,1.7066043803741309,HH (Higher High)
4712,2024-04-17 02:00:00,64357.6,64285.0,-0.11280718982684027,LH (Lower High)
4713,2024-04-17 05:15:00,64285.0,64479.9,0.30318114645718514,HH (Higher High)
4714,2024-04-17 18:15:00,64479.9,61946.4,-3.9291314037397695,LH (Lower High)
4715,2024-04-17 23:00:00,61946.4,61746.8,-0.32221404310823315,LH (Lower High)
4716,2024-04-18 03:15:00,61746.8,62224.0,0.7728335719421849,HH (Higher High)
4717,2024-04-18 15:00:00,62224.0,64166.1,3.1211429673437876,HH (Higher High)
4718,2024-04-18 21:15:00,64166.1,63800.0,-0.5705504931731842,LH (Lower High)
4719,2024-04-19 07:00:00,63800.0,65200.0,2.19435736677116,HH (Higher High)
4720,2024-04-19 11:30:00,65200.0,65431.6,0.35521472392637815,HH (Higher High)
4721,2024-04-19 17:45:00,65431.6,64857.0,-0.8781689581180937,LH (Lower High)
4722,2024-04-19 22:00:00,64857.0,64489.2,-0.5670937601184188,LH (Lower High)
4723,2024-04-20 04:45:00,64489.2,64257.3,-0.3595950949926409,LH (Lower High)
4724,2024-04-20 17:30:00,64257.3,65407.0,1.789213054392259,HH (Higher High)
4725,2024-04-21 03:00:00,65407.0,65694.2,0.4390967327656017,HH (Higher High)
4726,2024-04-21 08:00:00,65694.2,65203.2,-0.7474023581990495,LH (Lower High)
4727,2024-04-21 11:15:00,65203.2,65436.2,0.3573444248135061,HH (Higher High)
4728,2024-04-21 21:00:00,65436.2,65149.9,-0.43752540642640564,LH (Lower High)
4729,2024-04-22 07:00:00,65149.9,66455.0,2.003226405566238,HH (Higher High)
4730,2024-04-22 14:30:00,66455.0,66443.8,-0.016853509893908793,LH (Lower High)
4731,2024-04-22 17:45:00,66443.8,66798.9,0.5344366216260829,HH (Higher High)
4732,2024-04-22 23:00:00,66798.9,67198.9,0.5988122558904413,HH (Higher High)
4733,2024-04-23 06:15:00,67198.9,66620.0,-0.8614724348166328,LH (Lower High)
4734,2024-04-23 10:30:00,66620.0,66300.0,-0.48033623536475534,LH (Lower High)
4735,2024-04-23 14:30:00,66300.0,67110.0,1.2217194570135748,HH (Higher High)
4736,2024-04-23 17:45:00,67110.0,66897.4,-0.3167933243927966,LH (Lower High)
4737,2024-04-24 01:45:00,66897.4,66887.0,-0.015546194620410032,LH (Lower High)
4738,2024-04-24 04:45:00,66887.0,67084.5,0.29527411903658407,HH (Higher High)
4739,2024-04-24 12:00:00,67084.5,66714.5,-0.551543202975352,LH (Lower High)
4740,2024-04-25 00:30:00,66714.5,64710.0,-3.0045942036588746,LH (Lower High)
4741,2024-04-25 12:30:00,64710.0,64298.8,-0.6354504713336379,LH (Lower High)
4742,2024-04-25 21:15:00,64298.8,65272.3,1.5140251451037967,HH (Higher High)
4743,2024-04-26 01:45:00,65272.3,64638.0,-0.97177516343074,LH (Lower High)
4744,2024-04-26 07:15:00,64638.0,64593.9,-0.06822612085769755,LH (Lower High)
4745,2024-04-26 14:15:00,64593.9,64798.0,0.31597410901029127,HH (Higher High)
4746,2024-04-26 18:30:00,64798.0,64140.0,-1.0154634402296367,LH (Lower High)
4747,2024-04-27 14:15:00,64140.0,63389.6,-1.1699407545993163,LH (Lower High)
4748,2024-04-27 17:45:00,63389.6,63623.0,0.3681991998687505,HH (Higher High)
4749,2024-04-28 03:15:00,63623.0,64336.8,1.121921317762449,HH (Higher High)
4750,2024-04-28 07:15:00,64336.8,64050.5,-0.4450019273572868,LH (Lower High)
4751,2024-04-28 13:15:00,64050.5,63862.4,-0.29367452244712927,LH (Lower High)
4752,2024-04-28 18:45:00,63862.4,63968.3,0.1658252743398329,HH (Higher High)
4753,2024-04-29 01:30:00,63968.3,63343.2,-0.9772027707473948,LH (Lower High)
4754,2024-04-29 09:45:00,63343.2,62669.9,-1.062939668346398,LH (Lower High)
4755,2024-04-29 17:15:00,62669.9,63199.9,0.8457010462758038,HH (Higher High)
4756,2024-04-30 00:45:00,63199.9,64705.3,2.3819657942496764,HH (Higher High)
4757,2024-04-30 14:45:00,64705.3,61554.6,-4.869307460130784,LH (Lower High)
4758,2024-04-30 22:30:00,61554.6,61049.0,-0.8213845918907743,LH (Lower High)
4759,2024-05-01 12:30:00,61049.0,58265.7,-4.559124637586206,LH (Lower High)
4760,2024-05-01 18:45:00,58265.7,59455.2,2.041509841982504,HH (Higher High)
4761,2024-05-02 00:00:00,59455.2,58560.0,-1.5056714971945213,LH (Lower High)
4762,2024-05-02 15:45:00,58560.0,59428.7,1.4834357923497217,HH (Higher High)
4763,2024-05-02 18:45:00,59428.7,59549.0,0.2024274466713943,HH (Higher High)
4764,2024-05-02 21:30:00,59549.0,59581.0,0.053737258392248397,HH (Higher High)
4765,2024-05-03 03:15:00,59581.0,59980.0,0.6696765747469832,HH (Higher High)
4766,2024-05-03 09:45:00,59980.0,59557.9,-0.7037345781927284,LH (Lower High)
4767,2024-05-03 16:30:00,59557.9,62190.0,4.41939692299426,HH (Higher High)
4768,2024-05-03 20:45:00,62190.0,63154.9,1.5515356166586292,HH (Higher High)
4769,2024-05-04 01:15:00,63154.9,63650.0,0.7839455054160461,HH (Higher High)
4770,2024-05-04 05:45:00,63650.0,63444.0,-0.32364493322859383,LH (Lower High)
4771,2024-05-04 11:00:00,63444.0,64499.9,1.664302376899315,HH (Higher High)
4772,2024-05-04 20:00:00,64499.9,64183.7,-0.49023331819119775,LH (Lower High)
4773,2024-05-05 00:15:00,64183.7,64178.9,-0.007478534269597476,LH (Lower High)
4774,2024-05-05 07:45:00,64178.9,63936.0,-0.3784732988567916,LH (Lower High)
4775,2024-05-05 15:45:00,63936.0,64630.0,1.0854604604604605,HH (Higher High)
4776,2024-05-06 01:15:00,64630.0,64468.8,-0.24941977409871124,LH (Lower High)
4777,2024-05-06 08:45:00,64468.8,65540.0,1.6615789343062026,HH (Higher High)
4778,2024-05-06 21:15:00,65540.0,63625.1,-2.921727189502596,LH (Lower High)
4779,2024-05-07 01:30:00,63625.1,64000.0,0.589232865645793,HH (Higher High)
4780,2024-05-07 08:30:00,64000.0,64398.7,0.6229687499999955,HH (Higher High)
4781,2024-05-07 15:00:00,64398.7,64305.3,-0.14503398360525008,LH (Lower High)
4782,2024-05-08 04:15:00,64305.3,63024.5,-1.9917487361072925,LH (Lower High)
4783,2024-05-08 10:30:00,63024.5,62499.4,-0.8331680536934026,LH (Lower High)
4784,2024-05-08 14:45:00,62499.4,62820.7,0.5140849352153711,HH (Higher High)
4785,2024-05-08 18:15:00,62820.7,62767.4,-0.08484464515676464,LH (Lower High)
4786,2024-05-09 03:00:00,62767.4,61788.0,-1.5603641380716766,LH (Lower High)
4787,2024-05-09 06:00:00,61788.0,61759.5,-0.046125461254612546,LH (Lower High)
4788,2024-05-09 16:15:00,61759.5,62653.3,1.447226742444487,HH (Higher High)
4789,2024-05-09 22:45:00,62653.3,63405.5,1.2005752290781124,HH (Higher High)
4790,2024-05-10 02:45:00,63405.5,63026.5,-0.5977399436957361,LH (Lower High)
4791,2024-05-10 07:15:00,63026.5,63363.1,0.5340610695501076,HH (Higher High)
4792,2024-05-10 12:00:00,63363.1,63447.8,0.13367401531807058,HH (Higher High)
4793,2024-05-10 20:00:00,63447.8,60966.1,-3.9114043355325228,LH (Lower High)
4794,2024-05-11 01:15:00,60966.1,61094.7,0.21093689771856583,HH (Higher High)
4795,2024-05-11 06:30:00,61094.7,61068.4,-0.043047923960663745,LH (Lower High)
4796,2024-05-11 15:15:00,61068.4,61500.0,0.7067484984050647,HH (Higher High)
4797,2024-05-12 00:15:00,61500.0,61081.1,-0.6811382113821162,LH (Lower High)
4798,2024-05-12 04:45:00,61081.1,61094.8,0.022429196592733864,HH (Higher High)
4799,2024-05-12 10:30:00,61094.8,61356.0,0.42753229407412263,HH (Higher High)
4800,2024-05-12 16:15:00,61356.0,61854.2,0.8119825281960967,HH (Higher High)
4801,2024-05-13 00:30:00,61854.2,61779.0,-0.12157622279489039,LH (Lower High)
4802,2024-05-13 09:15:00,61779.0,63266.8,2.408261707052563,HH (Higher High)
4803,2024-05-13 16:15:00,63266.8,63437.3,0.269493636472842,HH (Higher High)
4804,2024-05-13 20:00:00,63437.3,63176.9,-0.41048405275760697,LH (Lower High)
4805,2024-05-14 00:30:00,63176.9,63095.9,-0.12821141904715172,LH (Lower High)
4806,2024-05-14 05:30:00,63095.9,62752.9,-0.5436169386600397,LH (Lower High)
4807,2024-05-14 14:30:00,62752.9,62288.5,-0.7400454799698524,LH (Lower High)
4808,2024-05-14 21:45:00,62288.5,61774.4,-0.825352994533499,LH (Lower High)
4809,2024-05-15 19:30:00,61774.4,66387.1,7.467008987541772,HH (Higher High)
4810,2024-05-16 00:00:00,66387.1,66673.9,0.4320116408157433,HH (Higher High)
4811,2024-05-16 08:00:00,66673.9,66440.0,-0.35081193690483714,LH (Lower High)
4812,2024-05-16 12:30:00,66440.0,66770.0,0.49668874172185434,HH (Higher High)
4813,2024-05-16 19:30:00,66770.0,65568.2,-1.7999101392841141,LH (Lower High)
4814,2024-05-17 03:30:00,65568.2,65868.0,0.45723384201488365,HH (Higher High)
4815,2024-05-17 07:15:00,65868.0,66492.0,0.9473492439424303,HH (Higher High)
4816,2024-05-17 11:00:00,66492.0,66554.9,0.09459784635744778,HH (Higher High)
4817,2024-05-17 15:30:00,66554.9,67443.8,1.3355891151515649,HH (Higher High)
4818,2024-05-17 19:45:00,67443.8,67080.1,-0.5392638018616939,LH (Lower High)
4819,2024-05-18 00:00:00,67080.1,67044.0,-0.05381625847308787,LH (Lower High)
4820,2024-05-18 07:15:00,67044.0,67221.7,0.26504981802994615,HH (Higher High)
4821,2024-05-18 11:00:00,67221.7,67346.5,0.1856543348353328,HH (Higher High)
4822,2024-05-18 20:30:00,67346.5,66994.9,-0.5220761286778167,LH (Lower High)
4823,2024-05-18 23:30:00,66994.9,67006.2,0.016866955544381602,HH (Higher High)
4824,2024-05-19 03:30:00,67006.2,67272.5,0.39742590984118326,HH (Higher High)
4825,2024-05-19 10:30:00,67272.5,67737.7,0.6915158497157041,HH (Higher High)
4826,2024-05-20 05:00:00,67737.7,67279.5,-0.676432769344098,LH (Lower High)
4827,2024-05-20 10:15:00,67279.5,67350.0,0.1047867478206586,HH (Higher High)
4828,2024-05-20 20:00:00,67350.0,70442.9,4.592279138827014,HH (Higher High)
4829,2024-05-21 00:15:00,70442.9,72061.7,2.298031455263771,HH (Higher High)
4830,2024-05-21 06:30:00,72061.7,71393.2,-0.9276772543528671,LH (Lower High)
4831,2024-05-21 11:45:00,71393.2,71490.8,0.13670769765188537,HH (Higher High)
4832,2024-05-21 23:15:00,71490.8,70403.9,-1.5203354837265897,LH (Lower High)
4833,2024-05-22 02:15:00,70403.9,70398.9,-0.007101879299300182,LH (Lower High)
4834,2024-05-22 11:00:00,70398.9,70336.5,-0.08863774860117726,LH (Lower High)
4835,2024-05-22 16:15:00,70336.5,70713.0,0.5352839564095455,HH (Higher High)
4836,2024-05-22 20:15:00,70713.0,70013.8,-0.988785654688667,LH (Lower High)
4837,2024-05-23 00:45:00,70013.8,69690.4,-0.4619089379522447,LH (Lower High)
4838,2024-05-23 07:30:00,69690.4,69899.0,0.2993238667018784,HH (Higher High)
4839,2024-05-23 12:00:00,69899.0,70159.4,0.37253751841942545,HH (Higher High)
4840,2024-05-23 21:00:00,70159.4,68436.0,-2.4564064116853825,LH (Lower High)
4841,2024-05-24 00:45:00,68436.0,68062.2,-0.546203752411016,LH (Lower High)
4842,2024-05-24 19:45:00,68062.2,69279.9,1.7890987949258137,HH (Higher High)
4843,2024-05-25 03:00:00,69279.9,68921.5,-0.5173217628778249,LH (Lower High)
4844,2024-05-25 11:15:00,68921.5,69636.3,1.037121943080175,HH (Higher High)
4845,2024-05-25 19:00:00,69636.3,69277.7,-0.5149613061004186,LH (Lower High)
4846,2024-05-25 23:00:00,69277.7,69387.3,0.15820386646786172,HH (Higher High)
4847,2024-05-26 08:15:00,69387.3,69598.7,0.30466670413749225,HH (Higher High)
4848,2024-05-26 15:00:00,69598.7,69424.5,-0.25029203131667277,LH (Lower High)
4849,2024-05-27 01:45:00,69424.5,69349.0,-0.10875123335421934,LH (Lower High)
4850,2024-05-27 08:15:00,69349.0,68940.0,-0.589770580686095,LH (Lower High)
4851,2024-05-27 16:15:00,68940.0,70737.9,2.60791993037423,HH (Higher High)
4852,2024-05-28 10:15:00,70737.9,68925.0,-2.5628411360812158,LH (Lower High)
4853,2024-05-28 15:45:00,68925.0,68497.1,-0.6208197315923021,LH (Lower High)
4854,2024-05-28 22:15:00,68497.1,68706.3,0.3054143898062795,HH (Higher High)
4855,2024-05-29 04:15:00,68706.3,68989.0,0.4114615399170048,HH (Higher High)
4856,2024-05-29 13:15:00,68989.0,68325.4,-0.9618924756120626,LH (Lower High)
4857,2024-05-29 22:15:00,68325.4,67885.3,-0.6441235616622681,LH (Lower High)
4858,2024-05-30 04:30:00,67885.3,68455.7,0.8402408179679463,HH (Higher High)
4859,2024-05-30 14:00:00,68455.7,68855.0,0.5832969350981773,HH (Higher High)
4860,2024-05-30 17:45:00,68855.0,69560.0,1.023890784982935,HH (Higher High)
4861,2024-05-31 02:15:00,69560.0,68740.1,-1.178694652098899,LH (Lower High)
4862,2024-05-31 12:30:00,68740.1,69077.0,0.49010693903557623,HH (Higher High)
4863,2024-05-31 19:45:00,69077.0,68072.5,-1.454174327200081,LH (Lower High)
4864,2024-06-01 05:45:00,68072.5,67845.0,-0.3342025046825076,LH (Lower High)
4865,2024-06-01 12:45:00,67845.0,67913.5,0.10096543592011202,HH (Higher High)
4866,2024-06-01 22:15:00,67913.5,67942.0,0.041965146841202415,HH (Higher High)
4867,2024-06-02 05:00:00,67942.0,67900.1,-0.06167024815282768,LH (Lower High)
4868,2024-06-02 14:30:00,67900.1,68498.6,0.8814420008217954,HH (Higher High)
4869,2024-06-03 02:15:00,68498.6,68824.9,0.47636010079036406,HH (Higher High)
4870,2024-06-03 08:30:00,68824.9,69375.3,0.7997105698664418,HH (Higher High)
4871,2024-06-03 13:45:00,69375.3,70344.1,1.3964624297120198,HH (Higher High)
4872,2024-06-03 20:00:00,70344.1,69547.8,-1.1320068065409934,LH (Lower High)
4873,2024-06-04 03:00:00,69547.8,69418.4,-0.18605908454330508,LH (Lower High)
4874,2024-06-04 08:00:00,69418.4,69252.3,-0.23927373722239534,LH (Lower High)
4875,2024-06-04 18:15:00,69252.3,71110.0,2.6825101837772856,HH (Higher High)
4876,2024-06-05 01:30:00,71110.0,71381.9,0.3823653494585771,HH (Higher High)
4877,2024-06-05 04:30:00,71381.9,71319.3,-0.08769730141673349,LH (Lower High)
4878,2024-06-05 16:00:00,71319.3,71819.6,0.7014931442120196,HH (Higher High)
4879,2024-06-05 23:00:00,71819.6,71320.1,-0.6954925953360921,LH (Lower High)
4880,2024-06-06 02:15:00,71320.1,71274.0,-0.06463815950903858,LH (Lower High)
4881,2024-06-06 15:15:00,71274.0,71699.9,0.5975531049190366,HH (Higher High)
4882,2024-06-06 23:00:00,71699.9,71030.0,-0.9343109265145338,LH (Lower High)
4883,2024-06-07 05:45:00,71030.0,71478.6,0.6315641278333181,HH (Higher High)
4884,2024-06-07 12:30:00,71478.6,72169.0,0.9658834951999538,HH (Higher High)
4885,2024-06-07 22:45:00,72169.0,69598.9,-3.561224348404448,LH (Lower High)
4886,2024-06-08 03:30:00,69598.9,69580.0,-0.027155601597143315,LH (Lower High)
4887,2024-06-08 08:00:00,69580.0,69610.5,0.043834435182523716,HH (Higher High)
4888,2024-06-08 11:00:00,69610.5,69554.1,-0.08102225957290089,LH (Lower High)
4889,2024-06-08 15:00:00,69554.1,69529.6,-0.03522437929611626,LH (Lower High)
4890,2024-06-08 19:15:00,69529.6,69526.6,-0.00431470913107511,LH (Lower High)
4891,2024-06-09 07:00:00,69526.6,69459.3,-0.09679748470370032,LH (Lower High)
4892,2024-06-09 09:45:00,69459.3,69420.0,-0.05657989642856019,LH (Lower High)
4893,2024-06-09 13:00:00,69420.0,69792.5,0.5365888792855085,HH (Higher High)
4894,2024-06-09 19:30:00,69792.5,69864.7,0.10344951105061015,HH (Higher High)
4895,2024-06-10 02:30:00,69864.7,69808.4,-0.08058432942530766,LH (Lower High)
4896,2024-06-10 11:30:00,69808.4,69569.4,-0.3423656751909513,LH (Lower High)
4897,2024-06-10 15:45:00,69569.4,70180.6,0.8785471773509785,HH (Higher High)
4898,2024-06-11 13:15:00,70180.6,67272.2,-4.144165196649798,LH (Lower High)
4899,2024-06-11 19:45:00,67272.2,67547.8,0.4096788866723637,HH (Higher High)
4900,2024-06-12 04:30:00,67547.8,67592.2,0.06573123032873636,HH (Higher High)
4901,2024-06-12 15:00:00,67592.2,70000.0,3.5622453478359977,HH (Higher High)
4902,2024-06-13 08:00:00,70000.0,67732.6,-3.239142857142849,LH (Lower High)
4903,2024-06-13 12:30:00,67732.6,68500.0,1.1329847075115884,HH (Higher High)
4904,2024-06-13 22:45:00,68500.0,66953.4,-2.257810218978111,LH (Lower High)
4905,2024-06-14 02:45:00,66953.4,67000.0,0.06960064761461827,HH (Higher High)
4906,2024-06-14 08:15:00,67000.0,67232.0,0.34626865671641793,HH (Higher High)
4907,2024-06-14 13:30:00,67232.0,67341.0,0.16212517848643504,HH (Higher High)
4908,2024-06-14 21:30:00,67341.0,66600.0,-1.1003697598788256,LH (Lower High)
4909,2024-06-15 00:45:00,66600.0,66261.1,-0.5088588588588502,LH (Lower High)
4910,2024-06-15 06:00:00,66261.1,66381.3,0.1814035686096323,HH (Higher High)
4911,2024-06-15 12:15:00,66381.3,66332.8,-0.0730627450803163,LH (Lower High)
4912,2024-06-15 15:15:00,66332.8,66446.1,0.17080539341020265,HH (Higher High)
4913,2024-06-15 23:30:00,66446.1,66250.0,-0.29512642577970083,LH (Lower High)
4914,2024-06-16 10:45:00,66250.0,66745.7,0.7482264150943352,HH (Higher High)
4915,2024-06-16 14:00:00,66745.7,66780.2,0.05168872301886114,HH (Higher High)
4916,2024-06-16 22:00:00,66780.2,66949.6,0.25366800339023954,HH (Higher High)
4917,2024-06-17 05:15:00,66949.6,66535.0,-0.6192718104365161,LH (Lower High)
4918,2024-06-17 18:30:00,66535.0,67289.9,1.1345908168632963,HH (Higher High)
4919,2024-06-18 05:30:00,67289.9,65828.0,-2.172540009719132,LH (Lower High)
4920,2024-06-18 21:45:00,65828.0,65307.5,-0.7906969678556237,LH (Lower High)
4921,2024-06-19 04:15:00,65307.5,65700.0,0.6010029475940741,HH (Higher High)
4922,2024-06-19 07:00:00,65700.0,65642.1,-0.08812785388126967,LH (Lower High)
4923,2024-06-19 11:00:00,65642.1,65512.6,-0.19728192729971658,LH (Lower High)
4924,2024-06-19 17:15:00,65512.6,65246.5,-0.406181406324888,LH (Lower High)
4925,2024-06-19 21:30:00,65246.5,65089.5,-0.24062593395814333,LH (Lower High)
4926,2024-06-20 01:30:00,65089.5,65397.9,0.473809139722999,HH (Higher High)
4927,2024-06-20 07:15:00,65397.9,65978.0,0.8870315407681264,HH (Higher High)
4928,2024-06-20 11:30:00,65978.0,66458.0,0.7275152323501773,HH (Higher High)
4929,2024-06-20 18:15:00,66458.0,65198.8,-1.8947305064852946,LH (Lower High)
4930,2024-06-20 21:15:00,65198.8,65175.8,-0.035276722884470264,LH (Lower High)
4931,2024-06-21 02:00:00,65175.8,65070.7,-0.16125617176928525,LH (Lower High)
4932,2024-06-21 14:45:00,65070.7,64339.8,-1.123239799172276,LH (Lower High)
4933,2024-06-21 20:15:00,64339.8,64440.0,0.15573564108063298,HH (Higher High)
4934,2024-06-22 07:45:00,64440.0,64498.9,0.09140285536933808,HH (Higher High)
4935,2024-06-22 14:15:00,64498.9,64371.5,-0.1975227484499758,LH (Lower High)
4936,2024-06-23 03:00:00,64371.5,64484.1,0.1749221316887109,HH (Higher High)
4937,2024-06-23 07:30:00,64484.1,64418.5,-0.10173050410876255,LH (Lower High)
4938,2024-06-23 13:00:00,64418.5,64406.3,-0.018938658925614676,LH (Lower High)
4939,2024-06-23 19:15:00,64406.3,64160.0,-0.3824160058876273,LH (Lower High)
4940,2024-06-24 08:30:00,64160.0,62951.7,-1.8832605985037454,LH (Lower High)
4941,2024-06-24 14:00:00,62951.7,61673.3,-2.0307632677115857,LH (Lower High)
4942,2024-06-25 03:45:00,61673.3,61555.0,-0.19181720452773388,LH (Lower High)
4943,2024-06-25 09:45:00,61555.0,61588.8,0.05491024287223281,HH (Higher High)
4944,2024-06-25 14:15:00,61588.8,62102.8,0.8345673239290261,HH (Higher High)
4945,2024-06-25 19:00:00,62102.8,62401.3,0.480654656472816,HH (Higher High)
4946,2024-06-25 22:15:00,62401.3,62141.4,-0.4164977332203038,LH (Lower High)
4947,2024-06-26 02:15:00,62141.4,62467.9,0.5254146189175011,HH (Higher High)
4948,2024-06-26 07:30:00,62467.9,61774.5,-1.1100101011879724,LH (Lower High)
4949,2024-06-26 14:15:00,61774.5,61940.0,0.26790989809711124,HH (Higher High)
4950,2024-06-27 03:15:00,61940.0,61275.0,-1.0736196319018405,LH (Lower High)
4951,2024-06-27 14:15:00,61275.0,62380.0,1.803345573235414,HH (Higher High)
4952,2024-06-28 01:30:00,62380.0,62218.0,-0.25969862135299776,LH (Lower High)
4953,2024-06-28 12:30:00,62218.0,61859.6,-0.576039088366713,LH (Lower High)
4954,2024-06-29 01:00:00,61859.6,60959.8,-1.4545842520805108,LH (Lower High)
4955,2024-06-29 07:30:00,60959.8,61115.2,0.25492209620109346,HH (Higher High)
4956,2024-06-29 11:30:00,61115.2,61198.9,0.1369544728643682,HH (Higher High)
4957,2024-06-29 21:15:00,61198.9,61074.0,-0.20408863558005366,LH (Lower High)
4958,2024-06-30 00:45:00,61074.0,61040.8,-0.054360284245336954,LH (Lower High)
4959,2024-06-30 07:15:00,61040.8,61776.5,1.2052594330349489,HH (Higher High)
4960,2024-06-30 14:00:00,61776.5,61835.0,0.0946962032488082,HH (Higher High)
4961,2024-07-01 02:00:00,61835.0,63790.0,3.1616398479825345,HH (Higher High)
4962,2024-07-01 06:45:00,63790.0,63470.0,-0.5016460260228877,LH (Lower High)
4963,2024-07-01 18:15:00,63470.0,63845.0,0.5908303135339531,HH (Higher High)
4964,2024-07-02 03:30:00,63845.0,63259.0,-0.9178479129140888,LH (Lower High)
4965,2024-07-02 13:30:00,63259.0,63139.2,-0.1893801672489336,LH (Lower High)
4966,2024-07-02 18:45:00,63139.2,62354.8,-1.2423343976483614,LH (Lower High)
4967,2024-07-03 00:30:00,62354.8,62250.0,-0.16807046129568678,LH (Lower High)
4968,2024-07-03 06:15:00,62250.0,61169.8,-1.7352610441767022,LH (Lower High)
4969,2024-07-03 14:00:00,61169.8,60732.1,-0.7155491762274919,LH (Lower High)
4970,2024-07-04 01:00:00,60732.1,60464.6,-0.44045899944181083,LH (Lower High)
4971,2024-07-04 22:00:00,60464.6,58820.7,-2.7187809065138966,LH (Lower High)
4972,2024-07-05 17:30:00,58820.7,57035.1,-3.035666015535345,LH (Lower High)
4973,2024-07-06 00:30:00,57035.1,56977.8,-0.10046445083816043,LH (Lower High)
4974,2024-07-06 07:00:00,56977.8,56660.5,-0.5568835581577437,LH (Lower High)
4975,2024-07-06 10:00:00,56660.5,56875.5,0.3794530581269138,HH (Higher High)
4976,2024-07-06 16:45:00,56875.5,58079.9,2.117607757294444,HH (Higher High)
4977,2024-07-06 23:15:00,58079.9,58489.6,0.70540755063283,HH (Higher High)
4978,2024-07-07 02:45:00,58489.6,58420.0,-0.11899551373235336,LH (Lower High)
4979,2024-07-07 10:30:00,58420.0,57897.0,-0.8952413557001027,LH (Lower High)
4980,2024-07-07 18:00:00,57897.0,57376.5,-0.8990103114150991,LH (Lower High)
4981,2024-07-08 09:00:00,57376.5,58195.4,1.427239375005449,HH (Higher High)
4982,2024-07-08 18:30:00,58195.4,56555.9,-2.8172329771768903,LH (Lower High)
4983,2024-07-08 22:15:00,56555.9,56954.4,0.7046126045204832,HH (Higher High)
4984,2024-07-09 08:30:00,56954.4,57888.8,1.6406107342013987,HH (Higher High)
4985,2024-07-09 14:15:00,57888.8,58153.3,0.4569104904575669,HH (Higher High)
4986,2024-07-09 18:45:00,58153.3,58315.7,0.2792618819568179,HH (Higher High)
4987,2024-07-09 22:45:00,58315.7,58235.7,-0.13718432600483232,LH (Lower High)
4988,2024-07-10 05:00:00,58235.7,59471.4,2.1218943019488123,HH (Higher High)
4989,2024-07-11 01:45:00,59471.4,58382.7,-1.830627831192816,LH (Lower High)
4990,2024-07-11 12:30:00,58382.7,59661.5,2.19037488845155,HH (Higher High)
4991,2024-07-11 18:15:00,59661.5,57974.1,-2.828289600496135,LH (Lower High)
4992,2024-07-12 00:30:00,57974.1,57557.0,-0.7194592067837164,LH (Lower High)
4993,2024-07-12 06:30:00,57557.0,57390.0,-0.29014715846899597,LH (Lower High)
4994,2024-07-12 18:45:00,57390.0,58514.2,1.9588778532845394,HH (Higher High)
4995,2024-07-13 03:00:00,58514.2,57949.6,-0.9648939915439305,LH (Lower High)
4996,2024-07-13 06:15:00,57949.6,58198.8,0.4300288526581795,HH (Higher High)
4997,2024-07-13 09:45:00,58198.8,58852.2,1.1227035608981528,HH (Higher High)
4998,2024-07-13 12:45:00,58852.2,58888.0,0.060830351286787765,HH (Higher High)
4999,2024-07-13 16:15:00,58888.0,58950.0,0.10528460806955578,HH (Higher High)
5000,2024-07-13 23:00:00,58950.0,59869.9,1.560474978795592,HH (Higher High)
5001,2024-07-14 08:15:00,59869.9,60380.0,0.852014117277628,HH (Higher High)
5002,2024-07-14 14:45:00,60380.0,60217.2,-0.2696257038754603,LH (Lower High)
5003,2024-07-14 21:45:00,60217.2,61387.9,1.9441289199763596,HH (Higher High)
5004,2024-07-15 08:45:00,61387.9,63333.0,3.1685397285132715,HH (Higher High)
5005,2024-07-15 19:15:00,63333.0,63777.0,0.7010563213490597,HH (Higher High)
5006,2024-07-16 00:00:00,63777.0,64948.7,1.837182683412511,HH (Higher High)
5007,2024-07-16 04:00:00,64948.7,65019.7,0.10931704560676349,HH (Higher High)
5008,2024-07-16 16:00:00,65019.7,65213.7,0.2983711090638684,HH (Higher High)
5009,2024-07-16 20:00:00,65213.7,65163.5,-0.0769776902705982,LH (Lower High)
5010,2024-07-17 01:15:00,65163.5,66119.2,1.4666185824886586,HH (Higher High)
5011,2024-07-17 05:15:00,66119.2,65977.0,-0.2150661230020888,LH (Lower High)
5012,2024-07-17 15:30:00,65977.0,65384.9,-0.8974339542567843,LH (Lower High)
5013,2024-07-17 19:30:00,65384.9,64729.4,-1.0025250478321448,LH (Lower High)
5014,2024-07-18 02:00:00,64729.4,65132.9,0.6233643444864312,HH (Higher High)
5015,2024-07-18 06:45:00,65132.9,65033.4,-0.15276457826996803,LH (Lower High)
5016,2024-07-18 13:00:00,65033.4,65086.9,0.08226542053775444,HH (Higher High)
5017,2024-07-18 22:30:00,65086.9,64097.5,-1.5201215605598075,LH (Lower High)
5018,2024-07-19 06:00:00,64097.5,64476.4,0.591130699325249,HH (Higher High)
5019,2024-07-19 19:30:00,64476.4,67368.4,4.48536208597253,HH (Higher High)
5020,2024-07-20 03:00:00,67368.4,66724.9,-0.9551956109986286,LH (Lower High)
5021,2024-07-20 07:15:00,66724.9,66743.7,0.028175388797889413,HH (Higher High)
5022,2024-07-20 17:15:00,66743.7,67599.9,1.2828177041428586,HH (Higher High)
5023,2024-07-21 01:45:00,67599.9,67398.0,-0.29866908087141286,LH (Lower High)
5024,2024-07-21 10:00:00,67398.0,67036.4,-0.5365144366301757,LH (Lower High)
5025,2024-07-21 22:00:00,67036.4,68371.7,1.9919029064806626,HH (Higher High)
5026,2024-07-22 00:45:00,68371.7,68467.9,0.14070148906637847,HH (Higher High)
5027,2024-07-22 13:30:00,68467.9,67940.0,-0.7710182435856718,LH (Lower High)
5028,2024-07-22 19:45:00,67940.0,68249.8,0.45599057992346614,HH (Higher High)
5029,2024-07-23 03:00:00,68249.8,67686.0,-0.8260830068366544,LH (Lower High)
5030,2024-07-23 09:30:00,67686.0,67141.7,-0.8041544780309117,LH (Lower High)
5031,2024-07-23 14:30:00,67141.7,67347.2,0.30606910459520686,HH (Higher High)
5032,2024-07-24 00:00:00,67347.2,66163.3,-1.7579053026703324,LH (Lower High)
5033,2024-07-24 10:15:00,66163.3,66611.8,0.6778682441776633,HH (Higher High)
5034,2024-07-24 14:30:00,66611.8,67105.2,0.7407096040040866,HH (Higher High)
5035,2024-07-24 17:45:00,67105.2,66693.1,-0.6141103819077974,LH (Lower High)
5036,2024-07-25 00:45:00,66693.1,65618.0,-1.6120108377028592,LH (Lower High)
5037,2024-07-25 09:30:00,65618.0,64463.7,-1.7591209729037809,LH (Lower High)
5038,2024-07-26 03:00:00,64463.7,67467.0,4.658901055943117,HH (Higher High)
5039,2024-07-26 09:45:00,67467.0,67500.0,0.04891280181422028,HH (Higher High)
5040,2024-07-26 13:45:00,67500.0,68012.8,0.759703703703708,HH (Higher High)
5041,2024-07-26 21:45:00,68012.8,68212.6,0.293768231862242,HH (Higher High)
5042,2024-07-27 02:45:00,68212.6,68058.9,-0.2253249399671199,LH (Lower High)
5043,2024-07-27 07:15:00,68058.9,68288.1,0.336767123770751,HH (Higher High)
5044,2024-07-27 14:00:00,68288.1,69400.0,1.6282485528225181,HH (Higher High)
5045,2024-07-27 21:15:00,69400.0,69222.0,-0.2564841498559078,LH (Lower High)
5046,2024-07-28 01:45:00,69222.0,68315.5,-1.3095547658258935,LH (Lower High)
5047,2024-07-28 12:30:00,68315.5,68118.0,-0.28909983825047025,LH (Lower High)
5048,2024-07-28 18:30:00,68118.0,68337.9,0.3228221615431959,HH (Higher High)
5049,2024-07-29 03:00:00,68337.9,69850.0,2.2126813964140046,HH (Higher High)
5050,2024-07-29 05:45:00,69850.0,69900.0,0.07158196134574087,HH (Higher High)
5051,2024-07-29 13:00:00,69900.0,70136.9,0.3389127324749559,HH (Higher High)
5052,2024-07-29 19:15:00,70136.9,67532.2,-3.71373699151231,LH (Lower High)
5053,2024-07-29 22:15:00,67532.2,67530.9,-0.0019250076259960589,LH (Lower High)
5054,2024-07-30 07:45:00,67530.9,66958.9,-0.8470196606294303,LH (Lower High)
5055,2024-07-30 13:30:00,66958.9,66924.6,-0.05122545322576739,LH (Lower High)
5056,2024-07-30 16:30:00,66924.6,66547.9,-0.5628722472753093,LH (Lower High)
5057,2024-07-30 22:00:00,66547.9,66339.4,-0.3133081584843399,LH (Lower High)
5058,2024-07-31 00:45:00,66339.4,66416.9,0.11682348649520496,HH (Higher High)
5059,2024-07-31 06:00:00,66416.9,66533.0,0.17480490658252015,HH (Higher High)
5060,2024-07-31 13:30:00,66533.0,66821.0,0.4328679001397802,HH (Higher High)
5061,2024-07-31 17:45:00,66821.0,66832.0,0.01646189072297631,HH (Higher High)
5062,2024-08-01 09:00:00,66832.0,64666.0,-3.240962413215226,LH (Lower High)
5063,2024-08-01 13:00:00,64666.0,64938.0,0.4206228930195156,HH (Higher High)
5064,2024-08-01 22:15:00,64938.0,65634.3,1.0722535341402613,HH (Higher High)
5065,2024-08-02 06:45:00,65634.3,64611.2,-1.5587886211935007,LH (Lower High)
5066,2024-08-02 13:45:00,64611.2,65490.0,1.3601357040265512,HH (Higher High)
5067,2024-08-03 03:45:00,65490.0,61943.3,-5.415635974958004,LH (Lower High)
5068,2024-08-03 07:00:00,61943.3,61870.2,-0.11801114890554075,LH (Lower High)
5069,2024-08-03 12:30:00,61870.2,62154.0,0.4587022508412821,HH (Higher High)
5070,2024-08-03 21:45:00,62154.0,60843.3,-2.1087942851626558,LH (Lower High)
5071,2024-08-04 02:30:00,60843.3,61088.0,0.40218068382220734,HH (Higher High)
5072,2024-08-04 05:30:00,61088.0,60922.2,-0.27141173389209483,LH (Lower High)
5073,2024-08-04 12:45:00,60922.2,61056.8,0.2209375235956775,HH (Higher High)
5074,2024-08-04 20:00:00,61056.8,59559.4,-2.4524704864978206,LH (Lower High)
5075,2024-08-05 16:15:00,59559.4,55555.0,-6.723371961436821,LH (Lower High)
5076,2024-08-05 21:15:00,55555.0,55188.0,-0.6606066060660607,LH (Lower High)
5077,2024-08-06 01:00:00,55188.0,56288.0,1.993186924693774,HH (Higher High)
5078,2024-08-06 07:45:00,56288.0,56160.1,-0.22722427515634142,LH (Lower High)
5079,2024-08-06 18:15:00,56160.1,57056.1,1.5954387545606223,HH (Higher High)
5080,2024-08-06 22:15:00,57056.1,56926.8,-0.22661906439450935,LH (Lower High)
5081,2024-08-07 02:15:00,56926.8,57285.6,0.6302831004026146,HH (Higher High)
5082,2024-08-07 10:30:00,57285.6,57762.5,0.8324954264247935,HH (Higher High)
5083,2024-08-07 13:30:00,57762.5,57467.8,-0.5101925990045394,LH (Lower High)
5084,2024-08-07 21:30:00,57467.8,55587.1,-3.272615273248679,LH (Lower High)
5085,2024-08-08 03:00:00,55587.1,57674.8,3.755727497926685,HH (Higher High)
5086,2024-08-08 16:00:00,57674.8,59885.0,3.8321762710923952,HH (Higher High)
5087,2024-08-08 23:00:00,59885.0,62743.1,4.772647574517824,HH (Higher High)
5088,2024-08-09 03:15:00,62743.1,61546.5,-1.907141980552441,LH (Lower High)
5089,2024-08-09 07:00:00,61546.5,61230.8,-0.5129454964945157,LH (Lower High)
5090,2024-08-09 14:00:00,61230.8,61111.1,-0.19548985151264456,LH (Lower High)
5091,2024-08-10 00:15:00,61111.1,61459.9,0.5707637401388665,HH (Higher High)
5092,2024-08-10 09:45:00,61459.9,61089.5,-0.6026693828008204,LH (Lower High)
5093,2024-08-10 18:00:00,61089.5,61237.1,0.2416127157694834,HH (Higher High)
5094,2024-08-10 21:15:00,61237.1,61148.6,-0.1445202336492094,LH (Lower High)
5095,2024-08-11 00:15:00,61148.6,61230.6,0.13409955420075031,HH (Higher High)
5096,2024-08-11 03:15:00,61230.6,61370.4,0.22831721394205332,HH (Higher High)
5097,2024-08-11 09:15:00,61370.4,61880.0,0.8303677342823227,HH (Higher High)
5098,2024-08-11 14:30:00,61880.0,60744.4,-1.8351648351648326,LH (Lower High)
5099,2024-08-12 03:00:00,60744.4,58805.9,-3.191240674037442,LH (Lower High)
5100,2024-08-12 08:00:00,58805.9,59038.9,0.39621874675840346,HH (Higher High)
5101,2024-08-12 14:30:00,59038.9,60691.5,2.7991713937759655,HH (Higher High)
5102,2024-08-13 01:00:00,60691.5,59902.3,-1.3003468360478767,LH (Lower High)
5103,2024-08-13 06:45:00,59902.3,59465.5,-0.729187360084676,LH (Lower High)
5104,2024-08-13 17:30:00,59465.5,61576.7,3.550293867872963,HH (Higher High)
5105,2024-08-13 21:30:00,61576.7,61125.0,-0.7335566862140991,LH (Lower High)
5106,2024-08-14 03:45:00,61125.0,61282.0,0.25685071574642127,HH (Higher High)
5107,2024-08-14 12:30:00,61282.0,61950.3,1.090532293332468,HH (Higher High)
5108,2024-08-15 01:00:00,61950.3,59057.3,-4.669872462280248,LH (Lower High)
5109,2024-08-15 05:15:00,59057.3,58612.0,-0.7540134750488134,LH (Lower High)
5110,2024-08-15 16:30:00,58612.0,59833.7,2.0843854500784773,HH (Higher High)
5111,2024-08-15 22:30:00,59833.7,57859.5,-3.29947838759762,LH (Lower High)
5112,2024-08-16 02:30:00,57859.5,58544.6,1.1840752166887003,HH (Higher High)
5113,2024-08-16 06:45:00,58544.6,58620.0,0.12879069974002974,HH (Higher High)
5114,2024-08-16 09:45:00,58620.0,58669.5,0.08444216990788127,HH (Higher High)
5115,2024-08-16 13:15:00,58669.5,58894.0,0.38265197419442815,HH (Higher High)
5116,2024-08-16 19:30:00,58894.0,59800.1,1.5385268448398794,HH (Higher High)
5117,2024-08-17 01:30:00,59800.1,59370.3,-0.718727895103847,LH (Lower High)
5118,2024-08-17 09:30:00,59370.3,59458.0,0.14771695612115332,HH (Higher High)
5119,2024-08-17 16:45:00,59458.0,59698.8,0.40499175888863215,HH (Higher High)
5120,2024-08-18 02:45:00,59698.8,60288.5,0.987792049421424,HH (Higher High)
5121,2024-08-18 12:45:00,60288.5,60249.8,-0.06419134660838649,LH (Lower High)
5122,2024-08-18 20:45:00,60249.8,59844.0,-0.6735292067359608,LH (Lower High)
5123,2024-08-19 03:30:00,59844.0,58740.0,-1.8447964708241429,LH (Lower High)
5124,2024-08-19 07:00:00,58740.0,58724.0,-0.027238678924072182,LH (Lower High)
5125,2024-08-19 13:30:00,58724.0,58946.6,0.3790613718411528,HH (Higher High)
5126,2024-08-19 17:30:00,58946.6,59272.0,0.5520250531837314,HH (Higher High)
5127,2024-08-20 01:00:00,59272.0,60897.0,2.74159805641787,HH (Higher High)
5128,2024-08-20 05:15:00,60897.0,61455.8,0.9176149892441383,HH (Higher High)
5129,2024-08-20 13:45:00,61455.8,60930.0,-0.8555742501114669,LH (Lower High)
5130,2024-08-20 20:00:00,60930.0,59743.0,-1.9481372066305598,LH (Lower High)
5131,2024-08-21 02:45:00,59743.0,59484.8,-0.4321845237098858,LH (Lower High)
5132,2024-08-21 08:00:00,59484.8,59989.7,0.8487882618752928,HH (Higher High)
5133,2024-08-21 14:00:00,59989.7,60201.1,0.352393827607075,HH (Higher High)
5134,2024-08-21 20:00:00,60201.1,61835.0,2.7140700086875515,HH (Higher High)
5135,2024-08-22 07:45:00,61835.0,61200.0,-1.026926497938061,LH (Lower High)
5136,2024-08-22 10:45:00,61200.0,61386.2,0.30424836601306715,HH (Higher High)
5137,2024-08-22 21:00:00,61386.2,60703.4,-1.112302113504331,LH (Lower High)
5138,2024-08-23 00:30:00,60703.4,60928.8,0.37131363317376204,HH (Higher High)
5139,2024-08-23 06:45:00,60928.8,61333.0,0.6633972768214655,HH (Higher High)
5140,2024-08-23 14:15:00,61333.0,62319.7,1.6087587432540347,HH (Higher High)
5141,2024-08-23 21:15:00,62319.7,65041.9,4.368121155910578,HH (Higher High)
5142,2024-08-24 09:00:00,65041.9,64485.0,-0.8562172999251274,LH (Lower High)
5143,2024-08-24 13:30:00,64485.0,64224.9,-0.4033496161898093,LH (Lower High)
5144,2024-08-24 18:30:00,64224.9,64422.5,0.30766883249331417,HH (Higher High)
5145,2024-08-25 00:00:00,64422.5,64800.0,0.5859753967945982,HH (Higher High)
5146,2024-08-25 15:15:00,64800.0,64274.2,-0.8114197530864243,LH (Lower High)
5147,2024-08-25 23:15:00,64274.2,64992.6,1.1177113056249652,HH (Higher High)
5148,2024-08-26 04:15:00,64992.6,64188.2,-1.237679366574043,LH (Lower High)
5149,2024-08-26 10:30:00,64188.2,64029.9,-0.2466185373635585,LH (Lower High)
5150,2024-08-26 17:30:00,64029.9,63870.7,-0.24863384137723837,LH (Lower High)
5151,2024-08-27 01:30:00,63870.7,63203.2,-1.0450801384672472,LH (Lower High)
5152,2024-08-27 05:30:00,63203.2,63187.2,-0.025315173915244796,LH (Lower High)
5153,2024-08-27 19:00:00,63187.2,62200.0,-1.562341740099256,LH (Lower High)
5154,2024-08-28 09:45:00,62200.0,60244.9,-3.143247588424435,LH (Lower High)
5155,2024-08-28 19:00:00,60244.9,59799.0,-0.7401456388839578,LH (Lower High)
5156,2024-08-29 01:00:00,59799.0,59310.6,-0.8167360658205012,LH (Lower High)
5157,2024-08-29 06:30:00,59310.6,59745.3,0.7329212653387495,HH (Higher High)
5158,2024-08-29 15:30:00,59745.3,61148.7,2.3489713835230455,HH (Higher High)
5159,2024-08-30 12:30:00,61148.7,59922.0,-2.0060933429492325,LH (Lower High)
5160,2024-08-30 18:45:00,59922.0,59390.8,-0.8864857648276044,LH (Lower High)
5161,2024-08-31 00:30:00,59390.8,59437.7,0.07896845976143473,HH (Higher High)
5162,2024-08-31 04:45:00,59437.7,59327.9,-0.18473123960044827,LH (Lower High)
5163,2024-08-31 13:00:00,59327.9,59230.0,-0.16501511093431834,LH (Lower High)
5164,2024-08-31 18:00:00,59230.0,59119.0,-0.18740503123417188,LH (Lower High)
5165,2024-08-31 21:45:00,59119.0,59144.0,0.042287589438251665,HH (Higher High)
5166,2024-09-01 07:45:00,59144.0,58510.1,-1.0717908832679586,LH (Lower High)
5167,2024-09-01 18:15:00,58510.1,58790.8,0.47974623184715864,HH (Higher High)
5168,2024-09-02 11:15:00,58790.8,58646.9,-0.24476618790695387,LH (Lower High)
5169,2024-09-02 14:30:00,58646.9,58800.0,0.26105386644477124,HH (Higher High)
5170,2024-09-02 23:00:00,58800.0,59423.1,1.0596938775510178,HH (Higher High)
5171,2024-09-03 02:00:00,59423.1,59805.0,0.6426793620662696,HH (Higher High)
5172,2024-09-03 12:30:00,59805.0,59331.9,-0.791070980687231,LH (Lower High)
5173,2024-09-03 19:15:00,59331.9,58224.0,-1.8672922997578056,LH (Lower High)
5174,2024-09-04 08:30:00,58224.0,56879.7,-2.3088417147568063,LH (Lower High)
5175,2024-09-04 16:30:00,56879.7,58499.8,2.848292097180551,HH (Higher High)
5176,2024-09-04 22:15:00,58499.8,58378.0,-0.20820584001997083,LH (Lower High)
5177,2024-09-05 14:00:00,58378.0,57319.3,-1.8135256432217566,LH (Lower High)
5178,2024-09-05 18:45:00,57319.3,56684.2,-1.1080037613857912,LH (Lower High)
5179,2024-09-06 02:00:00,56684.2,56844.7,0.283147684892792,HH (Higher High)
5180,2024-09-06 13:15:00,56844.7,56997.6,0.2689784623720443,HH (Higher High)
5181,2024-09-07 00:00:00,56997.6,54069.0,-5.138111078361192,LH (Lower High)
5182,2024-09-07 16:00:00,54069.0,54827.5,1.4028371155375539,HH (Higher High)
5183,2024-09-08 04:45:00,54827.5,54565.5,-0.47786238657607955,LH (Lower High)
5184,2024-09-08 09:00:00,54565.5,54699.8,0.24612621528255565,HH (Higher High)
5185,2024-09-08 18:00:00,54699.8,54519.9,-0.32888602883374607,LH (Lower High)
5186,2024-09-08 22:15:00,54519.9,55300.0,1.4308536882862928,HH (Higher High)
5187,2024-09-09 01:00:00,55300.0,55375.8,0.13707052441230183,HH (Higher High)
5188,2024-09-09 09:00:00,55375.8,55532.5,0.28297559583788784,HH (Higher High)
5189,2024-09-09 21:15:00,55532.5,58150.2,4.7138162337369955,HH (Higher High)
5190,2024-09-10 08:00:00,58150.2,57346.0,-1.382970307926709,LH (Lower High)
5191,2024-09-10 12:45:00,57346.0,57497.1,0.2634882990967086,HH (Higher High)
5192,2024-09-10 19:45:00,57497.1,58039.7,0.9436997692057487,HH (Higher High)
5193,2024-09-10 23:15:00,58039.7,57864.0,-0.3027238252437506,LH (Lower High)
5194,2024-09-11 07:45:00,57864.0,56769.9,-1.8908129406885084,LH (Lower High)
5195,2024-09-11 13:00:00,56769.9,57148.9,0.6676073059843332,HH (Higher High)
5196,2024-09-11 18:15:00,57148.9,57977.4,1.4497216919310782,HH (Higher High)
5197,2024-09-12 02:00:00,57977.4,58466.0,0.8427421719497572,HH (Higher High)
5198,2024-09-12 08:30:00,58466.0,58326.3,-0.23894229124618938,LH (Lower High)
5199,2024-09-12 14:30:00,58326.3,58580.9,0.4365097734641123,HH (Higher High)
5200,2024-09-12 18:15:00,58580.9,58446.0,-0.23027983523640208,LH (Lower High)
5201,2024-09-13 01:45:00,58446.0,58232.1,-0.3659788522738963,LH (Lower High)
5202,2024-09-13 10:45:00,58232.1,58335.7,0.17790874792425235,HH (Higher High)
5203,2024-09-13 23:45:00,58335.7,60624.2,3.9229836960900446,HH (Higher High)
5204,2024-09-14 14:30:00,60624.2,59991.8,-1.0431477858676803,LH (Lower High)
5205,2024-09-14 22:30:00,59991.8,60135.9,0.24019949393083478,HH (Higher High)
5206,2024-09-15 01:15:00,60135.9,60250.3,0.19023578261903698,HH (Higher High)
5207,2024-09-15 15:00:00,60250.3,60392.8,0.23651334516176684,HH (Higher High)
5208,2024-09-16 08:15:00,60392.8,59159.0,-2.0429587632962916,LH (Lower High)
5209,2024-09-16 17:45:00,59159.0,58250.0,-1.5365371287547118,LH (Lower High)
5210,2024-09-16 23:45:00,58250.0,58399.0,0.25579399141630904,HH (Higher High)
5211,2024-09-17 15:15:00,58399.0,61330.0,5.0189215568759735,HH (Higher High)
5212,2024-09-18 03:45:00,61330.0,60747.0,-0.950595141040274,LH (Lower High)
5213,2024-09-18 13:00:00,60747.0,60146.0,-0.9893492682766227,LH (Lower High)
5214,2024-09-18 18:30:00,60146.0,61349.0,2.000133009676454,HH (Higher High)
5215,2024-09-19 00:45:00,61349.0,62578.2,2.0036186408906373,HH (Higher High)
5216,2024-09-19 17:30:00,62578.2,63856.0,2.0419251432607566,HH (Higher High)
5217,2024-09-20 04:00:00,63856.0,64131.7,0.4317526935605066,HH (Higher High)
5218,2024-09-20 11:00:00,64131.7,63686.0,-0.6949761194541813,LH (Lower High)
5219,2024-09-20 21:00:00,63686.0,63289.3,-0.6228998524008371,LH (Lower High)
5220,2024-09-21 00:15:00,63289.3,63280.0,-0.0146944270200538,LH (Lower High)
5221,2024-09-21 09:30:00,63280.0,63117.8,-0.2563211125157982,LH (Lower High)
5222,2024-09-21 17:15:00,63117.8,63391.2,0.4331583166713576,HH (Higher High)
5223,2024-09-21 23:45:00,63391.2,63544.0,0.241042920783962,HH (Higher High)
5224,2024-09-22 04:30:00,63544.0,63186.5,-0.5626022913256956,LH (Lower High)
5225,2024-09-22 12:15:00,63186.5,62910.1,-0.4374352116353991,LH (Lower High)
5226,2024-09-22 22:45:00,62910.1,64000.0,1.732472210344605,HH (Higher High)
5227,2024-09-23 03:15:00,64000.0,64774.2,1.2096874999999956,HH (Higher High)
5228,2024-09-23 16:00:00,64774.2,63849.7,-1.4272657940970326,LH (Lower High)
5229,2024-09-23 18:45:00,63849.7,63542.5,-0.48112990350776447,LH (Lower High)
5230,2024-09-24 08:45:00,63542.5,63935.0,0.6176968170909234,HH (Higher High)
5231,2024-09-24 13:45:00,63935.0,63749.6,-0.28998201298193704,LH (Lower High)
5232,2024-09-24 20:00:00,63749.6,64668.4,1.441263945185543,HH (Higher High)
5233,2024-09-24 22:45:00,64668.4,64749.9,0.1260275497770163,HH (Higher High)
5234,2024-09-25 01:30:00,64749.9,64876.5,0.19552153748499773,HH (Higher High)
5235,2024-09-25 15:00:00,64876.5,63992.4,-1.3627430579639754,LH (Lower High)
5236,2024-09-25 21:45:00,63992.4,63550.0,-0.691332095686365,LH (Lower High)
5237,2024-09-26 17:00:00,63550.0,65850.0,3.6191974822974036,HH (Higher High)
5238,2024-09-26 22:00:00,65850.0,65239.1,-0.9277145026575572,LH (Lower High)
5239,2024-09-27 01:00:00,65239.1,65350.0,0.16999008263449597,HH (Higher High)
5240,2024-09-27 09:15:00,65350.0,65980.0,0.9640397857689365,HH (Higher High)
5241,2024-09-27 14:30:00,65980.0,66520.0,0.8184298272203698,HH (Higher High)
5242,2024-09-27 22:30:00,66520.0,65945.9,-0.8630487071557514,LH (Lower High)
5243,2024-09-28 03:00:00,65945.9,66319.9,0.5671315426736159,HH (Higher High)
5244,2024-09-28 11:45:00,66319.9,65786.4,-0.8044342648285056,LH (Lower High)
5245,2024-09-28 18:15:00,65786.4,65798.7,0.018696873517935184,HH (Higher High)
5246,2024-09-29 00:15:00,65798.7,65970.0,0.26033948998992823,HH (Higher High)
5247,2024-09-29 13:30:00,65970.0,65843.8,-0.1912990753372701,LH (Lower High)
5248,2024-09-29 20:00:00,65843.8,66174.5,0.5022492626488706,HH (Higher High)
5249,2024-09-30 06:00:00,66174.5,64689.0,-2.2448224013781743,LH (Lower High)
5250,2024-09-30 12:45:00,64689.0,64174.9,-0.7947255329344998,LH (Lower High)
5251,2024-09-30 20:45:00,64174.9,63872.9,-0.4705889685842907,LH (Lower High)
5252,2024-10-01 07:30:00,63872.9,64096.6,0.3502267784929087,HH (Higher High)
5253,2024-10-02 03:30:00,64096.6,61859.8,-3.4897326847289807,LH (Lower High)
5254,2024-10-02 07:30:00,61859.8,61921.7,0.10006498566111462,HH (Higher High)
5255,2024-10-02 16:00:00,61921.7,62416.3,0.7987506802946396,HH (Higher High)
5256,2024-10-03 04:00:00,62416.3,61460.0,-1.53213183094801,LH (Lower High)
5257,2024-10-03 11:00:00,61460.0,61048.5,-0.6695411649853563,LH (Lower High)
5258,2024-10-03 14:00:00,61048.5,60875.9,-0.2827260293045669,LH (Lower High)
5259,2024-10-03 20:00:00,60875.9,61095.0,0.3599125433874465,HH (Higher High)
5260,2024-10-04 02:00:00,61095.0,61249.9,0.2535395695228766,HH (Higher High)
5261,2024-10-04 08:15:00,61249.9,61649.7,0.65273575956858,HH (Higher High)
5262,2024-10-04 13:00:00,61649.7,61988.0,0.5487455737821967,HH (Higher High)
5263,2024-10-04 20:45:00,61988.0,62469.0,0.7759566367684068,HH (Higher High)
5264,2024-10-05 09:45:00,62469.0,62300.0,-0.27053418495573806,LH (Lower High)
5265,2024-10-05 13:00:00,62300.0,62365.9,0.10577849117175193,HH (Higher High)
5266,2024-10-06 01:15:00,62365.9,62125.7,-0.3851463700515897,LH (Lower High)
5267,2024-10-06 09:45:00,62125.7,62144.3,0.029939300482740353,HH (Higher High)
5268,2024-10-06 16:00:00,62144.3,62900.0,1.21604073100831,HH (Higher High)
5269,2024-10-06 19:30:00,62900.0,62973.3,0.11653418124006822,HH (Higher High)
5270,2024-10-07 01:00:00,62973.3,63949.0,1.5493868036135903,HH (Higher High)
5271,2024-10-07 06:45:00,63949.0,63695.6,-0.39625326432000724,LH (Lower High)
5272,2024-10-07 14:15:00,63695.6,64464.0,1.2063627628910027,HH (Higher High)
5273,2024-10-08 03:00:00,64464.0,62790.6,-2.5958674609084165,LH (Lower High)
5274,2024-10-08 14:00:00,62790.6,63189.7,0.6356046924221118,HH (Higher High)
5275,2024-10-08 21:45:00,63189.7,62543.6,-1.0224767644093873,LH (Lower High)
5276,2024-10-09 01:30:00,62543.6,62481.0,-0.10009017709245799,LH (Lower High)
5277,2024-10-09 05:45:00,62481.0,62525.0,0.07042140810806485,HH (Higher High)
5278,2024-10-09 15:45:00,62525.0,62390.0,-0.21591363454618154,LH (Lower High)
5279,2024-10-10 06:45:00,62390.0,61144.4,-1.9964737938772217,LH (Lower High)
5280,2024-10-10 12:00:00,61144.4,61288.0,0.23485388686453468,HH (Higher High)
5281,2024-10-11 01:45:00,61288.0,60754.0,-0.8712961754340165,LH (Lower High)
5282,2024-10-11 06:30:00,60754.0,60897.0,0.23537544853013795,HH (Higher High)
5283,2024-10-11 19:00:00,60897.0,63436.0,4.1693351068197115,HH (Higher High)
5284,2024-10-12 01:00:00,63436.0,63078.1,-0.5641906803707697,LH (Lower High)
5285,2024-10-12 05:45:00,63078.1,62777.0,-0.4773447519820644,LH (Lower High)
5286,2024-10-12 11:15:00,62777.0,63245.2,0.745814549914773,HH (Higher High)
5287,2024-10-12 15:00:00,63245.2,63467.4,0.35133101010037815,HH (Higher High)
5288,2024-10-12 23:15:00,63467.4,63355.6,-0.1761534267986445,LH (Lower High)
5289,2024-10-13 06:15:00,63355.6,62967.0,-0.613363301744437,LH (Lower High)
5290,2024-10-13 13:15:00,62967.0,62804.7,-0.2577540616513458,LH (Lower High)
5291,2024-10-13 17:15:00,62804.7,62864.0,0.09441968515095672,HH (Higher High)
5292,2024-10-13 22:00:00,62864.0,63100.0,0.3754135912445915,HH (Higher High)
5293,2024-10-14 04:00:00,63100.0,64539.6,2.2814580031695697,HH (Higher High)
5294,2024-10-14 14:45:00,64539.6,66283.8,2.7025268207426207,HH (Higher High)
5295,2024-10-14 22:45:00,66283.8,67300.0,1.5331046198316889,HH (Higher High)
5296,2024-10-15 08:30:00,67300.0,65854.3,-2.1481426448736953,LH (Lower High)
5297,2024-10-15 14:00:00,65854.3,67999.0,3.2567349436559145,HH (Higher High)
5298,2024-10-15 18:15:00,67999.0,67396.0,-0.8867777467315695,LH (Lower High)
5299,2024-10-16 02:00:00,67396.0,67570.1,0.2583239361386519,HH (Higher High)
5300,2024-10-16 05:45:00,67570.1,67344.1,-0.3344674641594433,LH (Lower High)
5301,2024-10-16 11:45:00,67344.1,68525.0,1.7535314897667267,HH (Higher High)
5302,2024-10-16 17:45:00,68525.0,68083.3,-0.6445822692447969,LH (Lower High)
5303,2024-10-17 00:30:00,68083.3,67921.0,-0.23838444963743372,LH (Lower High)
5304,2024-10-17 09:00:00,67921.0,67515.0,-0.5977532721838607,LH (Lower High)
5305,2024-10-17 15:30:00,67515.0,67666.6,0.22454269421610876,HH (Higher High)
5306,2024-10-18 01:45:00,67666.6,68300.0,0.93606003552712,HH (Higher High)
5307,2024-10-18 06:15:00,68300.0,68400.0,0.14641288433382138,HH (Higher High)
5308,2024-10-18 15:30:00,68400.0,68950.0,0.804093567251462,HH (Higher High)
5309,2024-10-18 18:45:00,68950.0,69049.7,0.14459753444524595,HH (Higher High)
5310,2024-10-19 03:15:00,69049.7,68685.0,-0.5281702889368051,LH (Lower High)
5311,2024-10-19 08:45:00,68685.0,68472.8,-0.3089466404600671,LH (Lower High)
5312,2024-10-19 14:30:00,68472.8,68339.3,-0.19496792887102615,LH (Lower High)
5313,2024-10-20 00:15:00,68339.3,68442.1,0.1504258896418355,HH (Higher High)
5314,2024-10-20 08:15:00,68442.1,68502.2,0.08781144938567235,HH (Higher High)
5315,2024-10-20 14:15:00,68502.2,68786.9,0.4156070899912661,HH (Higher High)
5316,2024-10-21 00:30:00,68786.9,69555.0,1.1166370340864407,HH (Higher High)
5317,2024-10-21 05:00:00,69555.0,69205.3,-0.5027675939903631,LH (Lower High)
5318,2024-10-21 19:45:00,69205.3,67943.9,-1.8226927706404117,LH (Lower High)
5319,2024-10-22 02:00:00,67943.9,67700.0,-0.35897262300220356,LH (Lower High)
5320,2024-10-22 06:15:00,67700.0,67796.2,0.14209748892170915,HH (Higher High)
5321,2024-10-22 15:00:00,67796.2,67678.2,-0.17405105300887072,LH (Lower High)
5322,2024-10-22 22:45:00,67678.2,67847.0,0.24941561684560598,HH (Higher High)
5323,2024-10-23 06:30:00,67847.0,67294.0,-0.8150691998172359,LH (Lower High)
5324,2024-10-23 13:45:00,67294.0,66905.9,-0.5767230362290929,LH (Lower High)
5325,2024-10-24 01:00:00,66905.9,67637.1,1.0928782065557923,HH (Higher High)
5326,2024-10-24 15:30:00,67637.1,68000.0,0.53653985756337,HH (Higher High)
5327,2024-10-24 21:15:00,68000.0,68847.2,1.2458823529411722,HH (Higher High)
5328,2024-10-25 03:15:00,68847.2,68215.0,-0.9182653760791973,LH (Lower High)
5329,2024-10-25 14:30:00,68215.0,68755.0,0.791614747489555,HH (Higher High)
5330,2024-10-25 22:00:00,68755.0,67367.0,-2.0187622718347753,LH (Lower High)
5331,2024-10-26 06:30:00,67367.0,67212.0,-0.2300829783128238,LH (Lower High)
5332,2024-10-26 09:15:00,67212.0,67240.0,0.041659227518895434,HH (Higher High)
5333,2024-10-26 20:30:00,67240.0,67442.7,0.3014574657941658,HH (Higher High)
5334,2024-10-27 03:45:00,67442.7,67307.3,-0.20076301808793864,LH (Lower High)
5335,2024-10-27 08:15:00,67307.3,67246.9,-0.08973766589955134,LH (Lower High)
5336,2024-10-27 17:30:00,67246.9,67999.3,1.1188619847160373,HH (Higher High)
5337,2024-10-27 22:30:00,67999.3,68311.6,0.4592694336559389,HH (Higher High)
5338,2024-10-28 03:15:00,68311.6,67963.0,-0.5103086445054804,LH (Lower High)
5339,2024-10-28 07:15:00,67963.0,68675.0,1.0476288568780072,HH (Higher High)
5340,2024-10-28 13:45:00,68675.0,69280.0,0.8809610484164543,HH (Higher High)
5341,2024-10-28 19:15:00,69280.0,69941.5,0.9548210161662818,HH (Higher High)
5342,2024-10-28 22:00:00,69941.5,70449.9,0.7268931893081992,HH (Higher High)
5343,2024-10-29 02:15:00,70449.9,71645.0,1.6963828195639823,HH (Higher High)
5344,2024-10-29 06:45:00,71645.0,71393.4,-0.35117593691116733,LH (Lower High)
5345,2024-10-29 19:00:00,71393.4,73681.8,3.205338308583159,HH (Higher High)
5346,2024-10-29 22:45:00,73681.8,73030.1,-0.8844789350965869,LH (Lower High)
5347,2024-10-30 06:00:00,73030.1,72649.0,-0.5218396250313306,LH (Lower High)
5348,2024-10-30 10:00:00,72649.0,72636.3,-0.01748131426447314,LH (Lower High)
5349,2024-10-30 14:30:00,72636.3,72491.0,-0.20003772218574306,LH (Lower High)
5350,2024-10-30 21:00:00,72491.0,73044.2,0.7631292160406079,HH (Higher High)
5351,2024-10-31 03:00:00,73044.2,72638.3,-0.5556909378157255,LH (Lower High)
5352,2024-10-31 07:30:00,72638.3,72506.7,-0.18117164085614038,LH (Lower High)
5353,2024-10-31 10:45:00,72506.7,72736.4,0.31679830967344685,HH (Higher High)
5354,2024-10-31 23:15:00,72736.4,70688.0,-2.816196567330792,LH (Lower High)
5355,2024-11-01 06:00:00,70688.0,69720.0,-1.3693979176097781,LH (Lower High)
5356,2024-11-01 14:30:00,69720.0,71650.0,2.768215720022949,HH (Higher High)
5357,2024-11-02 02:15:00,71650.0,69919.0,-2.415910676901605,LH (Lower High)
5358,2024-11-02 08:00:00,69919.0,69844.0,-0.10726698036299147,LH (Lower High)
5359,2024-11-02 11:45:00,69844.0,69694.0,-0.21476433193975145,LH (Lower High)
5360,2024-11-02 16:45:00,69694.0,69604.4,-0.1285619995982521,LH (Lower High)
5361,2024-11-02 20:45:00,69604.4,69568.7,-0.05128986098579557,LH (Lower High)
5362,2024-11-03 06:45:00,69568.7,68766.0,-1.1538234867116923,LH (Lower High)
5363,2024-11-03 16:00:00,68766.0,68535.9,-0.33461303551174393,LH (Lower High)
5364,2024-11-03 21:30:00,68535.9,69339.7,1.1728159986226239,HH (Higher High)
5365,2024-11-04 03:00:00,69339.7,69497.0,0.22685416867970717,HH (Higher High)
5366,2024-11-04 13:15:00,69497.0,69246.3,-0.36073499575520823,LH (Lower High)
5367,2024-11-04 19:15:00,69246.3,68079.7,-1.6847109520653172,LH (Lower High)
5368,2024-11-05 00:45:00,68079.7,68191.1,0.16363174338313585,HH (Higher High)
5369,2024-11-05 09:00:00,68191.1,69112.0,1.350469489420165,HH (Higher High)
5370,2024-11-05 16:30:00,69112.0,70540.0,2.066211367056372,HH (Higher High)
5371,2024-11-06 03:00:00,70540.0,75389.0,6.874113977884888,HH (Higher High)
5372,2024-11-06 06:15:00,75389.0,75499.8,0.14697104352094192,HH (Higher High)
5373,2024-11-06 12:00:00,75499.8,74816.4,-0.9051679607098412,LH (Lower High)
5374,2024-11-06 20:45:00,74816.4,76433.6,2.1615581610449204,HH (Higher High)
5375,2024-11-07 01:30:00,76433.6,76119.0,-0.41159908731239375,LH (Lower High)
5376,2024-11-07 08:45:00,76119.0,75228.9,-1.169353249517211,LH (Lower High)
5377,2024-11-07 20:15:00,75228.9,76890.0,2.2080609978346164,HH (Higher High)
5378,2024-11-08 00:30:00,76890.0,76397.3,-0.6407855377812421,LH (Lower High)
5379,2024-11-08 07:45:00,76397.3,76288.0,-0.1430678832890729,LH (Lower High)
5380,2024-11-08 10:45:00,76288.0,76374.0,0.11273070469798659,HH (Higher High)
5381,2024-11-08 15:30:00,76374.0,76659.8,0.3742111189671916,HH (Higher High)
5382,2024-11-08 19:30:00,76659.8,77220.3,0.7311524423491843,HH (Higher High)
5383,2024-11-09 00:15:00,77220.3,76656.0,-0.7307663917389635,LH (Lower High)
5384,2024-11-09 06:00:00,76656.0,76831.0,0.22829263201836775,HH (Higher High)
5385,2024-11-09 19:00:00,76831.0,76752.4,-0.10230245603988732,LH (Lower High)
5386,2024-11-10 05:30:00,76752.4,79899.7,4.100588385509773,HH (Higher High)
5387,2024-11-10 12:00:00,79899.7,80221.8,0.4031304247700628,HH (Higher High)
5388,2024-11-10 18:15:00,80221.8,81163.5,1.17387044419347,HH (Higher High)
5389,2024-11-10 22:15:00,81163.5,81700.0,0.6610114152297523,HH (Higher High)
5390,2024-11-11 03:45:00,81700.0,81943.8,0.2984088127295017,HH (Higher High)
5391,2024-11-11 23:00:00,81943.8,89828.0,9.621472277341296,HH (Higher High)
5392,2024-11-12 07:15:00,89828.0,90077.0,0.27719641982455356,HH (Higher High)
5393,2024-11-12 20:45:00,90077.0,90000.0,-0.08548242059571257,LH (Lower High)
5394,2024-11-13 16:15:00,90000.0,93400.0,3.7777777777777777,HH (Higher High)
5395,2024-11-14 02:00:00,93400.0,90646.0,-2.948608137044968,LH (Lower High)
5396,2024-11-14 08:00:00,90646.0,91529.4,0.9745603777331533,HH (Higher High)
5397,2024-11-14 11:45:00,91529.4,91755.8,0.2473522168833279,HH (Higher High)
5398,2024-11-14 14:30:00,91755.8,91889.7,0.14593082944074834,HH (Higher High)
5399,2024-11-14 18:15:00,91889.7,89708.5,-2.3737154436242554,LH (Lower High)
5400,2024-11-15 03:30:00,89708.5,88550.1,-1.29129346717423,LH (Lower High)
5401,2024-11-15 12:00:00,88550.1,90787.8,2.527044012372653,HH (Higher High)
5402,2024-11-15 21:45:00,90787.8,91948.0,1.2779250075450634,HH (Higher High)
5403,2024-11-16 02:15:00,91948.0,91796.9,-0.16433201374690676,LH (Lower High)
5404,2024-11-16 05:15:00,91796.9,91856.3,0.06470806748376987,HH (Higher High)
5405,2024-11-16 10:30:00,91856.3,91683.6,-0.18801105640004778,LH (Lower High)
5406,2024-11-16 18:30:00,91683.6,91491.9,-0.2090886483515172,LH (Lower High)
5407,2024-11-17 05:00:00,91491.9,90968.7,-0.5718539018208137,LH (Lower High)
5408,2024-11-17 09:00:00,90968.7,91601.8,0.6959536631830573,HH (Higher High)
5409,2024-11-17 17:30:00,91601.8,90799.0,-0.876401992100595,LH (Lower High)
5410,2024-11-18 01:45:00,90799.0,91091.4,0.3220299783037194,HH (Higher High)
5411,2024-11-18 07:00:00,91091.4,92444.0,1.4848822172016303,HH (Higher High)
5412,2024-11-18 15:45:00,92444.0,92757.6,0.33923240015577627,HH (Higher High)
5413,2024-11-18 21:15:00,92757.6,92044.1,-0.7692092076552217,LH (Lower High)
5414,2024-11-19 07:00:00,92044.1,92117.1,0.07930980910237592,HH (Higher High)
5415,2024-11-19 13:00:00,92117.1,92877.0,0.8249282706468117,HH (Higher High)
5416,2024-11-19 19:00:00,92877.0,93980.0,1.1875921918235948,HH (Higher High)
5417,2024-11-20 09:15:00,93980.0,93733.6,-0.2621834432857993,LH (Lower High)
5418,2024-11-20 15:30:00,93733.6,94898.9,1.2432041445116675,HH (Higher High)
5419,2024-11-20 20:30:00,94898.9,94650.0,-0.26227912020054417,LH (Lower High)
5420,2024-11-21 05:30:00,94650.0,97969.1,3.5067089276281096,HH (Higher High)
5421,2024-11-21 11:00:00,97969.1,98450.0,0.4908690597341347,HH (Higher High)
5422,2024-11-21 19:15:00,98450.0,99111.0,0.6714068054850177,HH (Higher High)
5423,2024-11-21 23:00:00,99111.0,98814.4,-0.29926042517985474,LH (Lower High)
5424,2024-11-22 03:15:00,98814.4,99428.6,0.6215693259282167,HH (Higher High)
5425,2024-11-22 07:30:00,99428.6,99572.0,0.14422409648732273,HH (Higher High)
5426,2024-11-22 12:00:00,99572.0,99037.6,-0.5366970634314809,LH (Lower High)
5427,2024-11-22 19:30:00,99037.6,99690.0,0.6587397109784507,HH (Higher High)
5428,2024-11-23 03:30:00,99690.0,98866.9,-0.8256595445882293,LH (Lower High)
5429,2024-11-23 06:45:00,98866.9,98874.6,0.0077882486454128146,HH (Higher High)
5430,2024-11-23 13:15:00,98874.6,98935.0,0.06108747848284006,HH (Higher High)
5431,2024-11-23 21:45:00,98935.0,98128.9,-0.8147773790872854,LH (Lower High)
5432,2024-11-24 02:30:00,98128.9,98653.3,0.5343991423525677,HH (Higher High)
5433,2024-11-24 23:15:00,98653.3,98473.7,-0.18205169011072697,LH (Lower High)
5434,2024-11-25 06:15:00,98473.7,98467.9,-0.005889897505631362,LH (Lower High)
5435,2024-11-25 09:15:00,98467.9,98979.9,0.519966405295533,HH (Higher High)
5436,2024-11-26 02:00:00,98979.9,94975.0,-4.046175031496288,LH (Lower High)
5437,2024-11-26 06:15:00,94975.0,95063.1,0.09276125296131173,HH (Higher High)
5438,2024-11-26 16:45:00,95063.1,94749.9,-0.329465376155429,LH (Lower High)
5439,2024-11-27 10:45:00,94749.9,93967.9,-0.8253306863648404,LH (Lower High)
5440,2024-11-27 20:15:00,93967.9,97276.0,3.520457517939643,HH (Higher High)
5441,2024-11-28 00:45:00,97276.0,96648.0,-0.6455857559932563,LH (Lower High)
5442,2024-11-28 14:00:00,96648.0,96300.0,-0.3600695306679911,LH (Lower High)
5443,2024-11-28 19:00:00,96300.0,95529.0,-0.8006230529595015,LH (Lower High)
5444,2024-11-29 02:45:00,95529.0,96951.9,1.4894953364946708,HH (Higher High)
5445,2024-11-29 15:15:00,96951.9,98735.3,1.8394688500173888,HH (Higher High)
5446,2024-11-29 20:30:00,98735.3,97712.8,-1.0355971977600715,LH (Lower High)
5447,2024-11-29 23:45:00,97712.8,97568.8,-0.14737066177614397,LH (Lower High)
5448,2024-11-30 06:00:00,97568.8,97324.1,-0.25079738604963586,LH (Lower High)
5449,2024-11-30 19:30:00,97324.1,97129.9,-0.19953947686134435,LH (Lower High)
5450,2024-12-01 04:45:00,97129.9,96620.6,-0.5243493507148554,LH (Lower High)
5451,2024-12-01 08:15:00,96620.6,97290.0,0.6928129198121251,HH (Higher High)
5452,2024-12-01 13:15:00,97290.0,97473.0,0.18809744064138142,HH (Higher High)
5453,2024-12-01 18:15:00,97473.0,97600.0,0.13029249125398829,HH (Higher High)
5454,2024-12-01 22:00:00,97600.0,97929.4,0.337499999999994,HH (Higher High)
5455,2024-12-02 01:30:00,97929.4,98270.7,0.3485163801677565,HH (Higher High)
5456,2024-12-02 16:00:00,98270.7,97450.0,-0.8351421125523651,LH (Lower High)
5457,2024-12-02 20:15:00,97450.0,96397.7,-1.0798358132375607,LH (Lower High)
5458,2024-12-03 02:30:00,96397.7,96389.0,-0.00902511159498317,LH (Lower High)
5459,2024-12-03 06:15:00,96389.0,96343.6,-0.04710081025842594,LH (Lower High)
5460,2024-12-03 15:15:00,96343.6,96333.0,-0.011002287645474966,LH (Lower High)
5461,2024-12-04 01:45:00,96333.0,96736.8,0.4191710005917006,HH (Higher High)
5462,2024-12-04 09:30:00,96736.8,97066.6,0.3409250667791398,HH (Higher High)
5463,2024-12-04 14:30:00,97066.6,96663.9,-0.4148697904325604,LH (Lower High)
5464,2024-12-04 20:45:00,96663.9,99117.6,2.538382995099527,HH (Higher High)
5465,2024-12-04 23:30:00,99117.6,99100.0,-0.017756684988342958,LH (Lower High)
5466,2024-12-05 03:00:00,99100.0,104698.8,5.649646821392536,HH (Higher High)
5467,2024-12-05 09:15:00,104698.8,103288.0,-1.3474844028775907,LH (Lower High)
5468,2024-12-05 14:45:00,103288.0,103697.4,0.3963674386182269,HH (Higher High)
5469,2024-12-06 01:45:00,103697.4,98878.8,-4.646789601282184,LH (Lower High)
5470,2024-12-06 05:15:00,98878.8,98367.2,-0.5174011011460554,LH (Lower High)
5471,2024-12-06 08:30:00,98367.2,98750.0,0.38915410827999874,HH (Higher High)
5472,2024-12-06 20:30:00,98750.0,101998.7,3.2898227848101236,HH (Higher High)
5473,2024-12-07 09:15:00,101998.7,99876.3,-2.080810833863563,LH (Lower High)
5474,2024-12-07 15:30:00,99876.3,99897.9,0.021626752292577184,HH (Higher High)
5475,2024-12-07 21:00:00,99897.9,100540.2,0.6429564585441766,HH (Higher High)
5476,2024-12-08 02:45:00,100540.2,100418.4,-0.12114557162210032,LH (Lower High)
5477,2024-12-08 07:30:00,100418.4,99951.8,-0.46465587979891265,LH (Lower High)
5478,2024-12-08 13:45:00,99951.8,100596.4,0.6449108470282588,HH (Higher High)
5479,2024-12-08 19:45:00,100596.4,100287.3,-0.3072674568871165,LH (Lower High)
5480,2024-12-08 23:45:00,100287.3,101464.8,1.174126733893524,HH (Higher High)
5481,2024-12-09 07:45:00,101464.8,99816.0,-1.6249970433096037,LH (Lower High)
5482,2024-12-09 15:00:00,99816.0,100500.0,0.6852608800192354,HH (Higher High)
5483,2024-12-10 00:30:00,100500.0,98187.0,-2.301492537313433,LH (Lower High)
5484,2024-12-10 14:45:00,98187.0,98299.0,0.11406805381567824,HH (Higher High)
5485,2024-12-10 21:30:00,98299.0,97185.7,-1.1325649294499465,LH (Lower High)
5486,2024-12-11 08:30:00,97185.7,98467.0,1.3184038392479582,HH (Higher High)
5487,2024-12-11 16:15:00,98467.0,101099.0,2.6729767333218235,HH (Higher High)
5488,2024-12-11 22:00:00,101099.0,101961.0,0.8526296006884341,HH (Higher High)
5489,2024-12-12 02:45:00,101961.0,101867.5,-0.09170172909249616,LH (Lower High)
5490,2024-12-12 09:00:00,101867.5,101149.3,-0.705033499398726,LH (Lower High)
5491,2024-12-12 16:15:00,101149.3,102636.2,1.4700052298928357,HH (Higher High)
5492,2024-12-12 22:30:00,102636.2,100464.1,-2.1163098399979647,LH (Lower High)
5493,2024-12-13 11:15:00,100464.1,100797.0,0.33136214826987365,HH (Higher High)
5494,2024-12-13 18:30:00,100797.0,101935.7,1.129696320326991,HH (Higher High)
5495,2024-12-14 01:15:00,101935.7,102748.0,0.7968748927019709,HH (Higher High)
5496,2024-12-14 06:45:00,102748.0,102029.3,-0.699478335344724,LH (Lower High)
5497,2024-12-14 11:45:00,102029.3,101725.8,-0.2974635717387064,LH (Lower High)
5498,2024-12-14 15:15:00,101725.8,101770.9,0.04433486883365996,HH (Higher High)
5499,2024-12-14 20:00:00,101770.9,101445.3,-0.31993428376873084,LH (Lower High)
5500,2024-12-15 04:15:00,101445.3,102888.1,1.4222443030874796,HH (Higher High)
5501,2024-12-15 12:45:00,102888.1,103371.7,0.4700252021370705,HH (Higher High)
5502,2024-12-15 16:30:00,103371.7,103555.0,0.17732125910670224,HH (Higher High)
5503,2024-12-15 19:15:00,103555.0,103474.8,-0.07744676741827733,LH (Lower High)
5504,2024-12-16 00:30:00,103474.8,106727.8,3.1437606064471733,HH (Higher High)
5505,2024-12-16 07:15:00,106727.8,105438.9,-1.2076516146683514,LH (Lower High)
5506,2024-12-16 18:15:00,105438.9,107850.0,2.286727194612241,HH (Higher High)
5507,2024-12-17 03:30:00,107850.0,107074.6,-0.7189615206304999,LH (Lower High)
5508,2024-12-17 08:45:00,107074.6,107550.0,0.4439895175886664,HH (Higher High)
5509,2024-12-17 14:45:00,107550.0,108421.6,0.8104137610413816,HH (Higher High)
5510,2024-12-17 18:00:00,108421.6,107669.9,-0.6933120337645005,LH (Lower High)
5511,2024-12-18 01:00:00,107669.9,106470.3,-1.1141461076865413,LH (Lower High)
5512,2024-12-18 12:15:00,106470.3,105309.2,-1.0905388638897475,LH (Lower High)
5513,2024-12-18 18:15:00,105309.2,104968.2,-0.3238083662206151,LH (Lower High)
5514,2024-12-19 10:45:00,104968.2,102554.7,-2.2992677782414104,LH (Lower High)
5515,2024-12-19 14:30:00,102554.7,102742.4,0.18302427875075164,HH (Higher High)
5516,2024-12-19 22:45:00,102742.4,98342.0,-4.282944529230381,LH (Lower High)
5517,2024-12-20 07:30:00,98342.0,98221.5,-0.1225315734884383,LH (Lower High)
5518,2024-12-20 16:15:00,98221.5,97640.0,-0.5920292400340048,LH (Lower High)
5519,2024-12-20 19:30:00,97640.0,97698.0,0.05940188447357641,HH (Higher High)
5520,2024-12-20 23:45:00,97698.0,97775.6,0.07942844275216056,HH (Higher High)
5521,2024-12-21 07:30:00,97775.6,99482.8,1.74603888904798,HH (Higher High)
5522,2024-12-21 20:15:00,99482.8,97999.0,-1.4915141109820018,LH (Lower High)
5523,2024-12-22 00:30:00,97999.0,97431.6,-0.5789854998520334,LH (Lower High)
5524,2024-12-22 10:30:00,97431.6,97317.0,-0.1176209771778415,LH (Lower High)
5525,2024-12-22 18:30:00,97317.0,96437.1,-0.9041585745553132,LH (Lower High)
5526,2024-12-22 23:00:00,96437.1,95790.5,-0.6704888471345631,LH (Lower High)
5527,2024-12-23 04:00:00,95790.5,96470.0,0.7093605315767221,HH (Higher High)
5528,2024-12-23 11:00:00,96470.0,96500.0,0.03109775059604022,HH (Higher High)
5529,2024-12-23 23:15:00,96500.0,95472.6,-1.064663212435227,LH (Lower High)
5530,2024-12-24 05:30:00,95472.6,94639.8,-0.8722921550266808,LH (Lower High)
5531,2024-12-24 18:15:00,94639.8,99435.7,5.06752972850745,HH (Higher High)
5532,2024-12-24 22:15:00,99435.7,99065.0,-0.3728037314566067,LH (Lower High)
5533,2024-12-25 06:15:00,99065.0,98550.0,-0.5198606975218292,LH (Lower High)
5534,2024-12-25 10:15:00,98550.0,99338.9,0.8005073566717343,HH (Higher High)
5535,2024-12-25 14:45:00,99338.9,98817.9,-0.5244672530096468,LH (Lower High)
5536,2024-12-25 21:00:00,98817.9,99590.0,0.7813361749237798,HH (Higher High)
5537,2024-12-26 00:00:00,99590.0,99950.0,0.36148207651370623,HH (Higher High)
5538,2024-12-26 16:45:00,99950.0,96575.1,-3.3765882941470675,LH (Lower High)
5539,2024-12-27 09:00:00,96575.1,97500.0,0.9577002767794123,HH (Higher High)
5540,2024-12-27 12:00:00,97500.0,96995.7,-0.5172307692307723,LH (Lower High)
5541,2024-12-27 21:00:00,96995.7,94794.0,-2.269894438619441,LH (Lower High)
5542,2024-12-28 05:45:00,94794.0,94759.8,-0.036078232799541206,LH (Lower High)
5543,2024-12-28 14:15:00,94759.8,95302.8,0.5730278029290902,HH (Higher High)
5544,2024-12-28 17:15:00,95302.8,95221.7,-0.08509718497253577,LH (Lower High)
5545,2024-12-28 22:45:00,95221.7,95699.9,0.5021964531194014,HH (Higher High)
5546,2024-12-29 04:15:00,95699.9,95235.1,-0.4856849380197768,LH (Lower High)
5547,2024-12-29 08:00:00,95235.1,95274.8,0.04168631103447897,HH (Higher High)
5548,2024-12-29 14:00:00,95274.8,95188.8,-0.09026521178737713,LH (Lower High)
5549,2024-12-29 21:00:00,95188.8,93900.0,-1.3539407997579578,LH (Lower High)
5550,2024-12-30 01:30:00,93900.0,94244.9,0.3673056443024432,HH (Higher High)
5551,2024-12-30 06:15:00,94244.9,94000.0,-0.259854909920849,LH (Lower High)
5552,2024-12-30 12:15:00,94000.0,94232.3,0.2471276595744712,HH (Higher High)
5553,2024-12-30 20:15:00,94232.3,95000.0,0.814688806279797,HH (Higher High)
5554,2024-12-31 08:30:00,95000.0,94700.0,-0.3157894736842105,LH (Lower High)
5555,2024-12-31 14:30:00,94700.0,96322.1,1.7128827877507982,HH (Higher High)
5556,2025-01-01 00:45:00,96322.1,94457.9,-1.9353813922246417,LH (Lower High)
5557,2025-01-01 15:45:00,94457.9,94481.4,0.024878808442703047,HH (Higher High)
5558,2025-01-01 21:15:00,94481.4,95158.4,0.7165431502920152,HH (Higher High)
5559,2025-01-02 01:00:00,95158.4,95515.7,0.375479200995396,HH (Higher High)
5560,2025-01-02 04:45:00,95515.7,95987.5,0.49395020923262134,HH (Higher High)
5561,2025-01-02 20:15:00,95987.5,97844.8,1.9349394452402686,HH (Higher High)
5562,2025-01-03 02:15:00,97844.8,97329.6,-0.5265481660752509,LH (Lower High)
5563,2025-01-03 19:15:00,97329.6,98950.0,1.664858378129566,HH (Higher High)
5564,2025-01-04 02:45:00,98950.0,98275.2,-0.6819605861546265,LH (Lower High)
5565,2025-01-04 07:15:00,98275.2,98298.6,0.02381068672463524,HH (Higher High)
5566,2025-01-04 15:15:00,98298.6,98122.7,-0.17894456279134058,LH (Lower High)
5567,2025-01-04 21:00:00,98122.7,98759.6,0.6490852779224467,HH (Higher High)
5568,2025-01-05 04:15:00,98759.6,98516.0,-0.24665956524733373,LH (Lower High)
5569,2025-01-05 16:00:00,98516.0,98308.6,-0.21052417881358781,LH (Lower High)
5570,2025-01-05 23:00:00,98308.6,98828.5,0.5288448823398911,HH (Higher High)
5571,2025-01-06 05:45:00,98828.5,99877.7,1.0616370783731384,HH (Higher High)
5572,2025-01-06 15:45:00,99877.7,102471.7,2.59717634667198,HH (Higher High)
5573,2025-01-06 20:15:00,102471.7,102291.7,-0.17565825491330778,LH (Lower High)
5574,2025-01-07 00:30:00,102291.7,102702.1,0.40120557190857986,HH (Higher High)
5575,2025-01-07 07:00:00,102702.1,101975.0,-0.7079699441394147,LH (Lower High)
5576,2025-01-08 00:45:00,101975.0,97224.3,-4.6586908556018605,LH (Lower High)
5577,2025-01-08 15:00:00,97224.3,96037.9,-1.2202710639212715,LH (Lower High)
5578,2025-01-09 01:15:00,96037.9,95356.6,-0.7094074318576191,LH (Lower High)
5579,2025-01-09 06:15:00,95356.6,94588.6,-0.8053978434633785,LH (Lower High)
5580,2025-01-09 11:15:00,94588.6,93827.2,-0.8049595828672892,LH (Lower High)
5581,2025-01-09 16:00:00,93827.2,94666.0,0.8939838341120729,HH (Higher High)
5582,2025-01-10 07:45:00,94666.0,94948.4,0.29831195994337373,HH (Higher High)
5583,2025-01-10 10:45:00,94948.4,95233.0,0.2997417544687492,HH (Higher High)
5584,2025-01-10 17:45:00,95233.0,95873.6,0.6726659876303444,HH (Higher High)
5585,2025-01-11 06:00:00,95873.6,94409.5,-1.5271148679094202,LH (Lower High)
5586,2025-01-11 11:30:00,94409.5,94750.0,0.36066285702180395,HH (Higher High)
5587,2025-01-11 16:30:00,94750.0,94696.5,-0.056464379947229554,LH (Lower High)
5588,2025-01-11 21:45:00,94696.5,94991.9,0.31194394724197216,HH (Higher High)
5589,2025-01-12 03:00:00,94991.9,94663.9,-0.34529259863209394,LH (Lower High)
5590,2025-01-12 15:15:00,94663.9,95439.9,0.8197422671155532,HH (Higher High)
5591,2025-01-13 00:30:00,95439.9,95954.8,0.5395018226129834,HH (Higher High)
5592,2025-01-13 04:30:00,95954.8,94888.2,-1.1115650285342742,LH (Lower High)
5593,2025-01-13 15:15:00,94888.2,93050.9,-1.9362786942949735,LH (Lower High)
5594,2025-01-14 02:15:00,93050.9,95285.1,2.4010514675301495,HH (Higher High)
5595,2025-01-14 05:00:00,95285.1,95484.3,0.20905682000648274,HH (Higher High)
5596,2025-01-14 09:45:00,95484.3,97395.5,2.001585600983614,HH (Higher High)
5597,2025-01-14 13:30:00,97395.5,97247.9,-0.15154704272785274,LH (Lower High)
5598,2025-01-14 19:30:00,97247.9,97064.0,-0.1891043405564482,LH (Lower High)
5599,2025-01-15 04:00:00,97064.0,97691.7,0.6466867221626937,HH (Higher High)
5600,2025-01-15 07:30:00,97691.7,97567.0,-0.12764646331264282,LH (Lower High)
5601,2025-01-15 15:15:00,97567.0,99765.0,2.252810888927609,HH (Higher High)
5602,2025-01-15 20:15:00,99765.0,100700.0,0.9372024257003959,HH (Higher High)
5603,2025-01-16 00:00:00,100700.0,100866.1,0.16494538232373965,HH (Higher High)
5604,2025-01-16 06:30:00,100866.1,99891.8,-0.9659340452342293,LH (Lower High)
5605,2025-01-16 12:30:00,99891.8,99498.2,-0.39402633649609453,LH (Lower High)
5606,2025-01-16 20:30:00,99498.2,100620.0,1.1274575821472177,HH (Higher High)
5607,2025-01-17 02:15:00,100620.0,102150.0,1.520572450805009,HH (Higher High)
5608,2025-01-17 19:45:00,102150.0,105815.8,3.588644150758691,HH (Higher High)
5609,2025-01-18 00:45:00,105815.8,104617.0,-1.132912098193278,LH (Lower High)
5610,2025-01-18 15:45:00,104617.0,104963.0,0.3307301872544615,HH (Higher High)
5611,2025-01-18 20:00:00,104963.0,104486.8,-0.45368367901069623,LH (Lower High)
5612,2025-01-18 23:15:00,104486.8,104738.6,0.24098737830999026,HH (Higher High)
5613,2025-01-19 02:30:00,104738.6,105431.1,0.6611698075017233,HH (Higher High)
5614,2025-01-19 06:45:00,105431.1,105618.8,0.178030960504061,HH (Higher High)
5615,2025-01-19 09:45:00,105618.8,105442.4,-0.16701572068609824,LH (Lower High)
5616,2025-01-19 14:15:00,105442.4,105700.0,0.24430399915025247,HH (Higher High)
5617,2025-01-19 20:45:00,105700.0,106476.5,0.7346263008514664,HH (Higher High)
5618,2025-01-20 06:45:00,106476.5,109951.7,3.2638187769132134,HH (Higher High)
5619,2025-01-21 03:15:00,109951.7,103250.0,-6.095130862005769,LH (Lower High)
5620,2025-01-21 18:30:00,103250.0,107265.6,3.889200968523008,HH (Higher High)
5621,2025-01-22 06:00:00,107265.6,106020.0,-1.1612296952611143,LH (Lower High)
5622,2025-01-22 12:15:00,106020.0,105568.0,-0.4263346538388983,LH (Lower High)
5623,2025-01-22 20:00:00,105568.0,104830.0,-0.6990754774173993,LH (Lower High)
5624,2025-01-23 16:15:00,104830.0,106875.0,1.9507774492034724,HH (Higher High)
5625,2025-01-23 20:15:00,106875.0,106400.0,-0.4444444444444444,LH (Lower High)
5626,2025-01-24 09:15:00,106400.0,105733.4,-0.6265037593985017,LH (Lower High)
5627,2025-01-24 18:15:00,105733.4,107118.6,1.3100874463509276,HH (Higher High)
5628,2025-01-25 03:45:00,107118.6,105227.3,-1.765613068131961,LH (Lower High)
5629,2025-01-25 15:15:00,105227.3,105072.0,-0.1475852749239056,LH (Lower High)
5630,2025-01-25 18:30:00,105072.0,105276.1,0.1942477539211263,HH (Higher High)
5631,2025-01-25 22:00:00,105276.1,105237.4,-0.0367604802989583,LH (Lower High)
5632,2025-01-26 04:15:00,105237.4,105591.5,0.3364773360041257,HH (Higher High)
5633,2025-01-26 08:00:00,105591.5,105200.0,-0.37076848041745786,LH (Lower High)
5634,2025-01-26 15:15:00,105200.0,105053.7,-0.13906844106464153,LH (Lower High)
5635,2025-01-26 18:30:00,105053.7,105243.6,0.18076469462761305,HH (Higher High)
5636,2025-01-27 09:15:00,105243.6,99478.6,-5.4777677692515265,LH (Lower High)
5637,2025-01-27 14:45:00,99478.6,102270.4,2.8064327403079536,HH (Higher High)
5638,2025-01-27 21:00:00,102270.4,102376.8,0.10403792299630073,HH (Higher High)
5639,2025-01-28 00:00:00,102376.8,102910.4,0.5212118370568246,HH (Higher High)
5640,2025-01-28 04:30:00,102910.4,103329.9,0.40763615727856467,HH (Higher High)
5641,2025-01-28 10:15:00,103329.9,103178.1,-0.14690810694676792,LH (Lower High)
5642,2025-01-28 15:30:00,103178.1,103800.0,0.6027441869931643,HH (Higher High)
5643,2025-01-28 18:15:00,103800.0,103077.6,-0.695953757225428,LH (Lower High)
5644,2025-01-29 02:00:00,103077.6,102266.0,-0.7873679635536778,LH (Lower High)
5645,2025-01-29 08:00:00,102266.0,102974.0,0.692312205425068,HH (Higher High)
5646,2025-01-29 12:15:00,102974.0,102781.2,-0.18723172839746238,LH (Lower High)
5647,2025-01-29 20:30:00,102781.2,104777.0,1.9417948029406182,HH (Higher High)
5648,2025-01-30 04:45:00,104777.0,105582.2,0.7684892676827902,HH (Higher High)
5649,2025-01-30 09:45:00,105582.2,105534.0,-0.04565163446110906,LH (Lower High)
5650,2025-01-30 15:00:00,105534.0,106421.1,0.8405821820456022,HH (Higher High)
5651,2025-01-30 20:15:00,106421.1,105789.0,-0.5939611599579461,LH (Lower High)
5652,2025-01-31 07:15:00,105789.0,104761.1,-0.9716511168457913,LH (Lower High)
5653,2025-01-31 15:45:00,104761.1,105998.0,1.1806863425450802,HH (Higher High)
5654,2025-02-01 02:15:00,105998.0,102735.0,-3.0783599690560197,LH (Lower High)
5655,2025-02-01 05:30:00,102735.0,102517.3,-0.21190441426972023,LH (Lower High)
5656,2025-02-01 12:45:00,102517.3,102233.0,-0.27731904761440546,LH (Lower High)
5657,2025-02-01 17:15:00,102233.0,102220.0,-0.012716050590318195,LH (Lower High)
5658,2025-02-02 01:15:00,102220.0,101410.0,-0.7924085306202309,LH (Lower High)
5659,2025-02-02 06:15:00,101410.0,100434.1,-0.9623311310521586,LH (Lower High)
5660,2025-02-02 14:30:00,100434.1,99364.6,-1.0648773673483407,LH (Lower High)
5661,2025-02-02 19:45:00,99364.6,98645.7,-0.7234971005770754,LH (Lower High)
5662,2025-02-03 09:15:00,98645.7,95885.5,-2.7980945951014564,LH (Lower High)
5663,2025-02-03 22:00:00,95885.5,102457.8,6.854321039156081,HH (Higher High)
5664,2025-02-04 01:45:00,102457.8,101684.7,-0.7545545580717191,LH (Lower High)
5665,2025-02-04 14:30:00,101684.7,100381.1,-1.282002110445319,LH (Lower High)
5666,2025-02-04 19:30:00,100381.1,100765.5,0.38294061332262164,HH (Higher High)
5667,2025-02-05 01:00:00,100765.5,98900.0,-1.8513280835206494,LH (Lower High)
5668,2025-02-05 04:45:00,98900.0,98309.6,-0.5969666329625826,LH (Lower High)
5669,2025-02-05 14:30:00,98309.6,99170.0,0.875194284179769,HH (Higher High)
5670,2025-02-06 11:45:00,99170.0,99099.0,-0.07159423212665121,LH (Lower High)
5671,2025-02-06 20:45:00,99099.0,97050.0,-2.067629340356613,LH (Lower High)
5672,2025-02-07 01:45:00,97050.0,97791.7,0.7642452344152468,HH (Higher High)
5673,2025-02-07 04:30:00,97791.7,97833.3,0.04253939751533701,HH (Higher High)
5674,2025-02-07 14:45:00,97833.3,100120.0,2.3373432154491334,HH (Higher High)
5675,2025-02-08 00:15:00,100120.0,96791.4,-3.3246104674390793,LH (Lower High)
5676,2025-02-08 03:00:00,96791.4,96840.0,0.05021107247132062,HH (Higher High)
5677,2025-02-08 10:30:00,96840.0,96250.0,-0.6092523750516315,LH (Lower High)
5678,2025-02-08 13:30:00,96250.0,96444.0,0.20155844155844158,HH (Higher High)
5679,2025-02-08 19:30:00,96444.0,96700.0,0.26543901123968316,HH (Higher High)
5680,2025-02-09 04:00:00,96700.0,97275.0,0.594622543950362,HH (Higher High)
5681,2025-02-09 08:00:00,97275.0,97250.0,-0.02570033410434336,LH (Lower High)
5682,2025-02-09 15:30:00,97250.0,96625.4,-0.6422622107969211,LH (Lower High)
5683,2025-02-09 20:30:00,96625.4,96740.9,0.11953378718225229,HH (Higher High)
5684,2025-02-10 00:15:00,96740.9,97100.0,0.3711977043835708,HH (Higher High)
5685,2025-02-10 10:15:00,97100.0,97937.3,0.8623069001029895,HH (Higher High)
5686,2025-02-10 13:45:00,97937.3,98343.4,0.41465304842995593,HH (Higher High)
5687,2025-02-10 19:30:00,98343.4,97611.0,-0.7447373184168884,LH (Lower High)
5688,2025-02-11 00:30:00,97611.0,98150.0,0.5521918636219278,HH (Higher High)
5689,2025-02-11 05:45:00,98150.0,98459.0,0.31482424859908303,HH (Higher High)
5690,2025-02-11 22:00:00,98459.0,96450.0,-2.040443230177028,LH (Lower High)
5691,2025-02-12 01:45:00,96450.0,96234.5,-0.22343182996371175,LH (Lower High)
5692,2025-02-12 08:45:00,96234.5,96429.9,0.20304568527918176,HH (Higher High)
5693,2025-02-12 13:15:00,96429.9,96600.0,0.1763975696334911,HH (Higher High)
5694,2025-02-12 17:30:00,96600.0,97675.0,1.1128364389233953,HH (Higher High)
5695,2025-02-12 22:30:00,97675.0,98089.1,0.4239570002559568,HH (Higher High)
5696,2025-02-13 01:45:00,98089.1,98047.0,-0.04292016136350096,LH (Lower High)
5697,2025-02-13 10:00:00,98047.0,96307.4,-1.7742511244607235,LH (Lower High)
5698,2025-02-13 15:15:00,96307.4,96439.5,0.13716495305657284,HH (Higher High)
5699,2025-02-13 21:30:00,96439.5,96808.5,0.38262330269236156,HH (Higher High)
5700,2025-02-14 00:30:00,96808.5,96995.8,0.19347474653568944,HH (Higher High)
5701,2025-02-14 04:00:00,96995.8,97216.8,0.22784491699640602,HH (Higher High)
5702,2025-02-14 10:00:00,97216.8,97171.7,-0.046391158729772855,LH (Lower High)
5703,2025-02-14 17:45:00,97171.7,98821.0,1.6973048737441074,HH (Higher High)
5704,2025-02-15 03:00:00,98821.0,97933.0,-0.8985944283097722,LH (Lower High)
5705,2025-02-15 13:30:00,97933.0,97898.8,-0.03492183431529422,LH (Lower High)
5706,2025-02-16 05:45:00,97898.8,97620.2,-0.2845795862666405,LH (Lower High)
5707,2025-02-16 17:00:00,97620.2,97119.4,-0.5130085781426416,LH (Lower High)
5708,2025-02-16 21:30:00,97119.4,97247.2,0.13159059878871052,HH (Higher High)
5709,2025-02-17 02:00:00,97247.2,96580.0,-0.6860865916962104,LH (Lower High)
5710,2025-02-17 07:00:00,96580.0,96429.0,-0.15634706978670532,LH (Lower High)
5711,2025-02-17 14:15:00,96429.0,96988.3,0.5800122369826535,HH (Higher High)
5712,2025-02-17 21:45:00,96988.3,96370.0,-0.6374995746909708,LH (Lower High)
5713,2025-02-18 02:00:00,96370.0,96274.0,-0.09961606309017328,LH (Lower High)
5714,2025-02-18 14:15:00,96274.0,96730.9,0.47458296113176374,HH (Higher High)
5715,2025-02-19 00:00:00,96730.9,95800.0,-0.9623605280215466,LH (Lower High)
5716,2025-02-19 02:45:00,95800.0,95923.4,0.12881002087682064,HH (Higher High)
5717,2025-02-19 14:30:00,95923.4,96676.5,0.7851056155223918,HH (Higher High)
5718,2025-02-20 03:00:00,96676.5,97419.9,0.7689562613458225,HH (Higher High)
5719,2025-02-20 14:30:00,97419.9,98000.0,0.5954635551873959,HH (Higher High)
5720,2025-02-20 20:15:00,98000.0,98680.8,0.6946938775510234,HH (Higher High)
5721,2025-02-20 23:30:00,98680.8,98481.0,-0.202470997397673,LH (Lower High)
5722,2025-02-21 09:15:00,98481.0,98907.8,0.43338308912379336,HH (Higher High)
5723,2025-02-21 13:45:00,98907.8,99454.2,0.5524336806601645,HH (Higher High)
5724,2025-02-22 01:30:00,99454.2,96494.0,-2.9764454392071897,LH (Lower High)
5725,2025-02-22 06:00:00,96494.0,96639.9,0.15120111094989758,HH (Higher High)
5726,2025-02-22 12:45:00,96639.9,97056.0,0.430567498517699,HH (Higher High)
5727,2025-02-22 16:00:00,97056.0,96837.6,-0.22502472799208104,LH (Lower High)
5728,2025-02-22 22:00:00,96837.6,96703.1,-0.13889233107801102,LH (Lower High)
5729,2025-02-23 07:45:00,96703.1,96541.6,-0.16700602152361196,LH (Lower High)
5730,2025-02-23 18:15:00,96541.6,95887.2,-0.67784250519984,LH (Lower High)
5731,2025-02-24 00:45:00,95887.2,96536.3,0.6769412392895047,HH (Higher High)
5732,2025-02-24 09:30:00,96536.3,96189.3,-0.3594502793249793,LH (Lower High)
5733,2025-02-24 13:30:00,96189.3,96111.6,-0.08077821545639388,LH (Lower High)
5734,2025-02-25 03:45:00,96111.6,92520.9,-3.735969435531207,LH (Lower High)
5735,2025-02-25 13:00:00,92520.9,89519.7,-3.243807615360418,LH (Lower High)
5736,2025-02-25 22:00:00,89519.7,89482.5,-0.04155509904523484,LH (Lower High)
5737,2025-02-26 03:15:00,89482.5,89389.9,-0.10348392143715902,LH (Lower High)
5738,2025-02-26 10:45:00,89389.9,89287.0,-0.11511367615356341,LH (Lower High)
5739,2025-02-26 15:00:00,89287.0,88470.2,-0.9148028268392968,LH (Lower High)
5740,2025-02-26 22:00:00,88470.2,85360.7,-3.5147428173554482,LH (Lower High)
5741,2025-02-27 01:15:00,85360.7,85391.8,0.03643362812161313,HH (Higher High)
5742,2025-02-27 06:30:00,85391.8,86668.0,1.4945228932988848,HH (Higher High)
5743,2025-02-27 11:00:00,86668.0,87043.6,0.4333779480315754,HH (Higher High)
5744,2025-02-27 23:30:00,87043.6,84909.2,-2.452104462591171,LH (Lower High)
5745,2025-02-28 18:45:00,84909.2,85124.4,0.25344721184512053,HH (Higher High)
5746,2025-03-01 04:30:00,85124.4,86533.3,1.6551071138240139,HH (Higher High)
5747,2025-03-01 09:15:00,86533.3,85474.4,-1.2236907641335864,LH (Lower High)
5748,2025-03-02 02:00:00,85474.4,86459.0,1.1519238508840144,HH (Higher High)
5749,2025-03-02 06:45:00,86459.0,86602.0,0.16539631501636612,HH (Higher High)
5750,2025-03-02 11:30:00,86602.0,86177.4,-0.49028890787742296,LH (Lower High)
5751,2025-03-02 17:45:00,86177.4,95058.7,10.305834244245014,HH (Higher High)
5752,2025-03-02 23:00:00,95058.7,94851.9,-0.21754978765752414,LH (Lower High)
5753,2025-03-03 05:45:00,94851.9,93327.5,-1.6071370209769065,LH (Lower High)
5754,2025-03-03 14:00:00,93327.5,93697.0,0.39591760199298176,HH (Higher High)
5755,2025-03-03 22:45:00,93697.0,86983.4,-7.165224073342803,LH (Lower High)
5756,2025-03-04 05:00:00,86983.4,84569.1,-2.7755870660378745,LH (Lower High)
5757,2025-03-04 11:00:00,84569.1,84350.0,-0.2590780793457726,LH (Lower High)
5758,2025-03-04 14:30:00,84350.0,84975.9,0.7420272673384637,HH (Higher High)
5759,2025-03-04 21:15:00,84975.9,88946.0,4.672030540423822,HH (Higher High)
5760,2025-03-05 02:45:00,88946.0,87886.0,-1.191734310705372,LH (Lower High)
5761,2025-03-05 12:30:00,87886.0,90930.0,3.4635778167171107,HH (Higher High)
5762,2025-03-05 17:30:00,90930.0,90444.0,-0.5344770702738371,LH (Lower High)
5763,2025-03-06 05:45:00,90444.0,92781.6,2.5845827252222437,HH (Higher High)
5764,2025-03-06 10:15:00,92781.6,91642.0,-1.2282607758434922,LH (Lower High)
5765,2025-03-06 15:30:00,91642.0,91427.2,-0.2343903450383044,LH (Lower High)
5766,2025-03-07 00:00:00,91427.2,91279.5,-0.1615492982394704,LH (Lower High)
5767,2025-03-07 09:30:00,91279.5,89678.3,-1.7541726236449555,LH (Lower High)
5768,2025-03-07 14:45:00,89678.3,91119.0,1.6065201949635497,HH (Higher High)
5769,2025-03-07 18:45:00,91119.0,89043.7,-2.2775710883569866,LH (Lower High)
5770,2025-03-08 00:45:00,89043.7,86886.3,-2.4228552946474533,LH (Lower High)
5771,2025-03-08 06:15:00,86886.3,86620.0,-0.30649250802485883,LH (Lower High)
5772,2025-03-08 14:30:00,86620.0,86602.7,-0.019972292773034993,LH (Lower High)
5773,2025-03-08 19:30:00,86602.7,86491.0,-0.12897981240769296,LH (Lower High)
5774,2025-03-09 01:00:00,86491.0,86485.0,-0.0069371379681122895,LH (Lower High)
5775,2025-03-09 07:30:00,86485.0,86142.5,-0.39602243163554374,LH (Lower High)
5776,2025-03-09 20:30:00,86142.5,83461.2,-3.1126331369533076,LH (Lower High)
5777,2025-03-10 05:00:00,83461.2,82739.3,-0.8649528163985112,LH (Lower High)
5778,2025-03-10 09:15:00,82739.3,84050.0,1.5841323288932792,HH (Higher High)
5779,2025-03-10 21:30:00,84050.0,79860.6,-4.984414039262337,LH (Lower High)
5780,2025-03-11 13:15:00,79860.6,82257.4,3.001229642652307,HH (Higher High)
5781,2025-03-11 19:00:00,82257.4,83622.9,1.660033018305952,HH (Higher High)
5782,2025-03-12 01:45:00,83622.9,83738.0,0.13764172254251625,HH (Higher High)
5783,2025-03-12 12:30:00,83738.0,84489.8,0.89780028183143,HH (Higher High)
5784,2025-03-13 02:00:00,84489.8,84343.2,-0.17351206891246732,LH (Lower High)
5785,2025-03-13 07:15:00,84343.2,83530.0,-0.9641559722656919,LH (Lower High)
5786,2025-03-13 12:30:00,83530.0,83838.0,0.36872979767748115,HH (Higher High)
5787,2025-03-14 02:45:00,83838.0,82218.4,-1.9318208926739733,LH (Lower High)
5788,2025-03-14 15:30:00,82218.4,85299.9,3.747944499041577,HH (Higher High)
5789,2025-03-14 19:00:00,85299.9,84920.0,-0.4453698069985946,LH (Lower High)
5790,2025-03-15 03:15:00,84920.0,84661.8,-0.30405087140838094,LH (Lower High)
5791,2025-03-15 13:30:00,84661.8,84429.8,-0.27403149944839345,LH (Lower High)
5792,2025-03-15 16:45:00,84429.8,84457.2,0.032452996453851815,HH (Higher High)
5793,2025-03-15 21:30:00,84457.2,84442.0,-0.01799728146327026,LH (Lower High)
5794,2025-03-16 16:00:00,84442.0,85136.0,0.8218658961180455,HH (Higher High)
5795,2025-03-17 04:00:00,85136.0,83836.2,-1.526733696673561,LH (Lower High)
5796,2025-03-17 09:15:00,83836.2,83749.3,-0.10365450724149496,LH (Lower High)
5797,2025-03-17 12:00:00,83749.3,83999.9,0.29922638159362674,HH (Higher High)
5798,2025-03-17 19:45:00,83999.9,84728.5,0.8673819849785606,HH (Higher High)
5799,2025-03-18 08:30:00,84728.5,83421.3,-1.5428102704520876,LH (Lower High)
5800,2025-03-18 19:45:00,83421.3,82427.2,-1.1916620815067684,LH (Lower High)
5801,2025-03-19 00:45:00,82427.2,83211.9,0.9519915755964016,HH (Higher High)
5802,2025-03-19 19:00:00,83211.9,85927.6,3.263595711671061,HH (Higher High)
5803,2025-03-20 00:00:00,85927.6,87400.0,1.7135355811171198,HH (Higher High)
5804,2025-03-20 08:45:00,87400.0,86291.7,-1.2680778032036646,LH (Lower High)
5805,2025-03-20 14:15:00,86291.7,86488.0,0.22748421922386847,HH (Higher High)
5806,2025-03-21 02:00:00,86488.0,84800.0,-1.951715844972713,LH (Lower High)
5807,2025-03-21 04:45:00,84800.0,84758.5,-0.04893867924528302,LH (Lower High)
5808,2025-03-21 09:30:00,84758.5,84313.5,-0.5250210893302737,LH (Lower High)
5809,2025-03-21 12:15:00,84313.5,84323.5,0.011860496836212469,HH (Higher High)
5810,2025-03-21 18:30:00,84323.5,84431.5,0.1280781751231863,HH (Higher High)
5811,2025-03-21 21:30:00,84431.5,84567.3,0.16084044462079072,HH (Higher High)
5812,2025-03-22 01:00:00,84567.3,84287.4,-0.33097899542732084,LH (Lower High)
5813,2025-03-22 05:15:00,84287.4,84388.7,0.12018403699722961,HH (Higher High)
5814,2025-03-22 09:30:00,84388.7,84500.0,0.13188969613230553,HH (Higher High)
5815,2025-03-22 18:30:00,84500.0,84279.5,-0.26094674556213016,LH (Lower High)
5816,2025-03-23 02:45:00,84279.5,84257.5,-0.026103619504149883,LH (Lower High)
5817,2025-03-23 16:45:00,84257.5,85400.0,1.3559623772364477,HH (Higher High)
5818,2025-03-24 00:30:00,85400.0,86611.2,1.4182669789227131,HH (Higher High)
5819,2025-03-24 10:45:00,86611.2,87888.0,1.4741742407448495,HH (Higher High)
5820,2025-03-24 14:15:00,87888.0,88740.0,0.9694156198798471,HH (Higher High)
5821,2025-03-24 18:30:00,88740.0,88496.1,-0.2748478701825492,LH (Lower High)
5822,2025-03-25 06:30:00,88496.1,86832.3,-1.880082851108696,LH (Lower High)
5823,2025-03-25 17:00:00,86832.3,88296.5,1.686238876547088,HH (Higher High)
5824,2025-03-25 20:00:00,88296.5,88500.0,0.23047346157548712,HH (Higher High)
5825,2025-03-26 01:15:00,88500.0,87869.3,-0.7126553672316351,LH (Lower High)
5826,2025-03-26 07:30:00,87869.3,88284.0,0.4719509544289041,HH (Higher High)
5827,2025-03-26 10:45:00,88284.0,88234.0,-0.05663540392370079,LH (Lower High)
5828,2025-03-26 20:30:00,88234.0,87358.8,-0.9919078813155893,LH (Lower High)
5829,2025-03-27 02:45:00,87358.8,87727.9,0.4225103824686136,HH (Higher High)
5830,2025-03-27 10:00:00,87727.9,87570.0,-0.17998835034235883,LH (Lower High)
5831,2025-03-27 15:15:00,87570.0,87529.1,-0.04670549274865157,LH (Lower High)
5832,2025-03-27 21:30:00,87529.1,87699.9,0.19513510363980477,HH (Higher High)
5833,2025-03-28 01:30:00,87699.9,87479.4,-0.2514256002572409,LH (Lower High)
5834,2025-03-28 12:30:00,87479.4,85598.4,-2.1502205090569895,LH (Lower High)
5835,2025-03-29 00:30:00,85598.4,84573.8,-1.1969849903736416,LH (Lower High)
5836,2025-03-29 09:00:00,84573.8,83908.5,-0.7866502391993772,LH (Lower High)
5837,2025-03-29 14:00:00,83908.5,82839.9,-1.273530095282368,LH (Lower High)
5838,2025-03-29 20:30:00,82839.9,82799.1,-0.04925162874410563,LH (Lower High)
5839,2025-03-30 03:15:00,82799.1,83450.0,0.7861196558899725,HH (Higher High)
5840,2025-03-30 10:00:00,83450.0,83496.8,0.056081485919715894,HH (Higher High)
5841,2025-03-30 19:00:00,83496.8,82870.0,-0.7506874514951506,LH (Lower High)
5842,2025-03-30 22:30:00,82870.0,82724.1,-0.17605888741401493,LH (Lower High)
5843,2025-03-31 05:15:00,82724.1,82279.6,-0.537328299733693,LH (Lower High)
5844,2025-03-31 15:15:00,82279.6,83895.7,1.9641563643965103,HH (Higher High)
5845,2025-03-31 23:15:00,83895.7,82828.8,-1.2716980727260088,LH (Lower High)
5846,2025-04-01 10:15:00,82828.8,84471.2,1.9828851800339906,HH (Higher High)
5847,2025-04-01 15:45:00,84471.2,85468.3,1.1804023146350542,HH (Higher High)
5848,2025-04-01 23:30:00,85468.3,85555.0,0.10144111910497469,HH (Higher High)
5849,2025-04-02 09:00:00,85555.0,85429.6,-0.1465723803401253,LH (Lower High)
5850,2025-04-02 15:30:00,85429.6,87297.1,2.186010469439164,HH (Higher High)
5851,2025-04-02 20:15:00,87297.1,88560.1,1.4467834555787076,HH (Higher High)
5852,2025-04-03 01:45:00,88560.1,83888.0,-5.275626382535708,LH (Lower High)
5853,2025-04-03 08:30:00,83888.0,83774.8,-0.1349418271981655,LH (Lower High)
5854,2025-04-04 00:30:00,83774.8,83389.9,-0.45944603866557565,LH (Lower High)
5855,2025-04-04 09:45:00,83389.9,84736.0,1.6142242645692175,HH (Higher High)
5856,2025-04-04 17:45:00,84736.0,84600.0,-0.16049848942598188,LH (Lower High)
5857,2025-04-05 01:15:00,84600.0,84244.0,-0.4208037825059101,LH (Lower High)
5858,2025-04-05 10:00:00,84244.0,83872.8,-0.440624851621477,LH (Lower High)
5859,2025-04-06 01:30:00,83872.8,83774.3,-0.11743974208563443,LH (Lower High)
5860,2025-04-06 05:15:00,83774.3,83500.0,-0.32742738524822396,LH (Lower High)
5861,2025-04-07 01:15:00,83500.0,79315.8,-5.011017964071852,LH (Lower High)
5862,2025-04-07 14:15:00,79315.8,81216.8,2.3967481888854425,HH (Higher High)
5863,2025-04-07 18:15:00,81216.8,79342.0,-2.3083893972675638,LH (Lower High)
5864,2025-04-07 22:45:00,79342.0,80189.3,1.0679085478057055,HH (Higher High)
5865,2025-04-08 02:00:00,80189.3,80833.6,0.8034737801676819,HH (Higher High)
5866,2025-04-08 13:00:00,80833.6,80350.0,-0.5982660675758666,LH (Lower High)
5867,2025-04-09 07:30:00,80350.0,77910.1,-3.036589919103913,LH (Lower High)
5868,2025-04-09 14:00:00,77910.1,78300.0,0.5004485939563602,HH (Higher High)
5869,2025-04-09 21:15:00,78300.0,83560.0,6.717752234993614,HH (Higher High)
5870,2025-04-10 06:00:00,83560.0,82312.4,-1.4930588798468236,LH (Lower High)
5871,2025-04-10 12:30:00,82312.4,82491.1,0.2170997322396281,HH (Higher High)
5872,2025-04-10 19:45:00,82491.1,80027.5,-2.9865039986131903,LH (Lower High)
5873,2025-04-11 10:30:00,80027.5,82950.0,3.6518696698010054,HH (Higher High)
5874,2025-04-11 13:30:00,82950.0,83333.0,0.46172393007836043,HH (Higher High)
5875,2025-04-11 18:00:00,83333.0,84191.9,1.030684122736484,HH (Higher High)
5876,2025-04-11 21:15:00,84191.9,84288.0,0.1141439972253932,HH (Higher High)
5877,2025-04-12 00:45:00,84288.0,83544.8,-0.8817388003037172,LH (Lower High)
5878,2025-04-12 08:00:00,83544.8,83998.8,0.5434210148327604,HH (Higher High)
5879,2025-04-12 15:30:00,83998.8,85386.4,1.6519283608813353,HH (Higher High)
5880,2025-04-12 20:30:00,85386.4,85888.0,0.5874471812841459,HH (Higher High)
5881,2025-04-13 01:30:00,85888.0,86099.0,0.2456687779433681,HH (Higher High)
5882,2025-04-13 10:00:00,86099.0,84908.4,-1.3828267459552444,LH (Lower High)
5883,2025-04-13 17:15:00,84908.4,84982.7,0.08750606535985003,HH (Higher High)
5884,2025-04-14 02:30:00,84982.7,85535.8,0.650838347098887,HH (Higher High)
5885,2025-04-14 08:45:00,85535.8,84931.0,-0.7070723603450285,LH (Lower High)
5886,2025-04-14 14:45:00,84931.0,85771.1,0.9891559030271702,HH (Higher High)
5887,2025-04-14 19:00:00,85771.1,85174.0,-0.6961552317738793,LH (Lower High)
5888,2025-04-15 10:00:00,85174.0,85998.9,0.9684880362551884,HH (Higher High)
5889,2025-04-15 13:45:00,85998.9,86444.0,0.5175647595492568,HH (Higher High)
5890,2025-04-15 21:30:00,86444.0,84181.7,-2.6170700106427316,LH (Lower High)
5891,2025-04-16 03:00:00,84181.7,83910.5,-0.3221602794906697,LH (Lower High)
5892,2025-04-16 08:30:00,83910.5,84093.0,0.21749363905589886,HH (Higher High)
5893,2025-04-16 17:30:00,84093.0,85522.7,1.7001415099948833,HH (Higher High)
5894,2025-04-16 21:15:00,85522.7,84636.3,-1.0364499717618765,LH (Lower High)
5895,2025-04-17 01:30:00,84636.3,84450.9,-0.2190549445096356,LH (Lower High)
5896,2025-04-17 07:30:00,84450.9,85018.5,0.6721065139625579,HH (Higher High)
5897,2025-04-17 12:15:00,85018.5,84831.3,-0.2201873709839589,LH (Lower High)
5898,2025-04-17 18:15:00,84831.3,85455.8,0.736166957243376,HH (Higher High)
5899,2025-04-18 12:30:00,85455.8,84725.3,-0.8548278759311831,LH (Lower High)
5900,2025-04-18 18:15:00,84725.3,84618.0,-0.12664457960019368,LH (Lower High)
5901,2025-04-18 21:30:00,84618.0,84647.0,0.034271667966626486,HH (Higher High)
5902,2025-04-19 04:30:00,84647.0,85230.0,0.688742660696776,HH (Higher High)
5903,2025-04-19 09:00:00,85230.0,85426.1,0.23008330400094545,HH (Higher High)
5904,2025-04-19 15:30:00,85426.1,85644.6,0.2557766303272653,HH (Higher High)
5905,2025-04-19 18:30:00,85644.6,85295.1,-0.4080817704793997,LH (Lower High)
5906,2025-04-19 22:30:00,85295.1,85371.3,0.08933690211981354,HH (Higher High)
5907,2025-04-20 02:00:00,85371.3,85290.0,-0.09523106711506432,LH (Lower High)
5908,2025-04-20 14:00:00,85290.0,84627.6,-0.7766443897291525,LH (Lower High)
5909,2025-04-21 02:15:00,84627.6,87626.4,3.5435248075095926,HH (Higher High)
5910,2025-04-21 05:45:00,87626.4,87737.7,0.12701651557065327,HH (Higher High)
5911,2025-04-21 09:00:00,87737.7,87771.9,0.03897982281276702,HH (Higher High)
5912,2025-04-21 14:30:00,87771.9,88442.9,0.7644815709811456,HH (Higher High)
5913,2025-04-21 19:45:00,88442.9,87440.0,-1.1339519622264695,LH (Lower High)
5914,2025-04-22 01:15:00,87440.0,88842.1,1.6034995425434648,HH (Higher High)
5915,2025-04-22 08:15:00,88842.1,88649.2,-0.21712679011415612,LH (Lower High)
5916,2025-04-22 21:45:00,88649.2,94000.0,6.035925874119567,HH (Higher High)
5917,2025-04-23 08:15:00,94000.0,94507.0,0.5393617021276595,HH (Higher High)
5918,2025-04-23 13:30:00,94507.0,94722.9,0.22844868634068816,HH (Higher High)
5919,2025-04-23 18:00:00,94722.9,94189.1,-0.5635384896366015,LH (Lower High)
5920,2025-04-24 16:30:00,94189.1,93554.8,-0.6734324884726607,LH (Lower High)
5921,2025-04-24 19:45:00,93554.8,93624.1,0.07407423242848353,HH (Higher High)
5922,2025-04-25 01:00:00,93624.1,94400.0,0.8287396087118531,HH (Higher High)
5923,2025-04-25 14:45:00,94400.0,95724.5,1.4030720338983051,HH (Higher High)
5924,2025-04-26 01:30:00,95724.5,95150.0,-0.6001598336893899,LH (Lower High)
5925,2025-04-26 07:30:00,95150.0,94746.9,-0.42364687335786216,LH (Lower High)
5926,2025-04-26 15:45:00,94746.9,94363.4,-0.4047625832612993,LH (Lower High)
5927,2025-04-27 01:15:00,94363.4,95279.4,0.9707153409054783,HH (Higher High)
5928,2025-04-27 08:45:00,95279.4,94279.1,-1.0498596758585679,LH (Lower High)
5929,2025-04-27 14:15:00,94279.1,94130.0,-0.15814745792016024,LH (Lower High)
5930,2025-04-27 21:45:00,94130.0,94516.8,0.4109210666100105,HH (Higher High)
5931,2025-04-28 12:45:00,94516.8,95564.8,1.108797589423256,HH (Higher High)
5932,2025-04-28 19:30:00,95564.8,94874.3,-0.7225463769086525,LH (Lower High)
5933,2025-04-29 01:45:00,94874.3,95440.0,0.5962626338218011,HH (Higher High)
5934,2025-04-29 11:15:00,95440.0,95250.0,-0.19907795473595977,LH (Lower High)
5935,2025-04-29 16:45:00,95250.0,95444.3,0.20398950131233903,HH (Higher High)
5936,2025-04-30 04:00:00,95444.3,95146.5,-0.31201444193105604,LH (Lower High)
5937,2025-04-30 11:30:00,95146.5,95187.5,0.04309144319549327,HH (Higher High)
5938,2025-04-30 21:00:00,95187.5,94750.0,-0.4596191726854892,LH (Lower High)
5939,2025-05-01 06:00:00,94750.0,95150.0,0.4221635883905013,HH (Higher High)
5940,2025-05-01 15:00:00,95150.0,97383.1,2.346925906463485,HH (Higher High)
5941,2025-05-02 04:00:00,97383.1,97276.6,-0.10936189133432803,LH (Lower High)
5942,2025-05-02 14:45:00,97276.6,97868.0,0.6079571037639002,HH (Higher High)
5943,2025-05-03 05:30:00,97868.0,96548.6,-1.348142395880159,LH (Lower High)
5944,2025-05-03 15:00:00,96548.6,96455.0,-0.0969459940382417,LH (Lower High)
5945,2025-05-03 21:30:00,96455.0,96408.7,-0.04800165880462693,LH (Lower High)
5946,2025-05-04 02:15:00,96408.7,96257.0,-0.15735094446870157,LH (Lower High)
5947,2025-05-04 06:00:00,96257.0,96108.8,-0.1539628286773919,LH (Lower High)
5948,2025-05-04 15:00:00,96108.8,95644.2,-0.48341046813611843,LH (Lower High)
5949,2025-05-04 21:00:00,95644.2,95706.0,0.06461447740689233,HH (Higher High)
5950,2025-05-05 07:00:00,95706.0,94792.6,-0.9543811255302638,LH (Lower High)
5951,2025-05-05 14:00:00,94792.6,94510.0,-0.2981245371474206,LH (Lower High)
5952,2025-05-05 18:30:00,94510.0,94880.8,0.39233943498042845,HH (Higher High)
5953,2025-05-05 22:30:00,94880.8,95149.0,0.2826704665222016,HH (Higher High)
5954,2025-05-06 07:00:00,95149.0,94593.5,-0.5838211646995765,LH (Lower High)
5955,2025-05-07 01:00:00,94593.5,97700.0,3.2840522868907485,HH (Higher High)
5956,2025-05-07 14:30:00,97700.0,97444.2,-0.26182190378710635,LH (Lower High)
5957,2025-05-08 04:15:00,97444.2,99393.1,2.0000164196535133,HH (Higher High)
5958,2025-05-08 10:45:00,99393.1,99876.2,0.48604983645745153,HH (Higher High)
5959,2025-05-08 17:15:00,99876.2,101687.9,1.8139456647329366,HH (Higher High)
5960,2025-05-08 21:15:00,101687.9,104253.8,2.5233090662704303,HH (Higher High)
5961,2025-05-09 07:45:00,104253.8,104330.1,0.07318678072166473,HH (Higher High)
5962,2025-05-09 13:45:00,104330.1,103735.1,-0.57030521393155,LH (Lower High)
5963,2025-05-09 20:00:00,103735.1,103364.0,-0.35773812335458854,LH (Lower High)
5964,2025-05-10 07:00:00,103364.0,104079.9,0.6926009055377057,HH (Higher High)
5965,2025-05-10 17:30:00,104079.9,103585.7,-0.47482751232466325,LH (Lower High)
5966,2025-05-10 23:15:00,103585.7,104986.7,1.3525032895467233,HH (Higher High)
5967,2025-05-11 12:00:00,104986.7,104855.0,-0.12544446106030296,LH (Lower High)
5968,2025-05-11 18:45:00,104855.0,104812.0,-0.04100901244575843,LH (Lower High)
5969,2025-05-12 01:00:00,104812.0,105133.7,0.30693050414074446,HH (Higher High)
5970,2025-05-12 07:00:00,105133.7,105842.1,0.6738086836095455,HH (Higher High)
5971,2025-05-12 13:45:00,105842.1,104614.0,-1.16031333467496,LH (Lower High)
5972,2025-05-12 23:15:00,104614.0,103098.2,-1.4489456478100473,LH (Lower High)
5973,2025-05-13 12:30:00,103098.2,103933.3,0.8100044423666037,HH (Higher High)
5974,2025-05-13 19:45:00,103933.3,104949.9,0.9781273181934869,HH (Higher High)
5975,2025-05-14 05:45:00,104949.9,103953.0,-0.9498818007449215,LH (Lower High)
5976,2025-05-14 13:30:00,103953.0,104325.6,0.3584312141063806,HH (Higher High)
5977,2025-05-14 19:15:00,104325.6,103668.8,-0.6295674311961809,LH (Lower High)
5978,2025-05-15 00:45:00,103668.8,103824.0,0.1497075301344253,HH (Higher High)
5979,2025-05-15 12:30:00,103824.0,102800.0,-0.9862844814301126,LH (Lower High)
5980,2025-05-15 17:30:00,102800.0,104203.9,1.365661478599216,HH (Higher High)
5981,2025-05-16 02:30:00,104203.9,104433.3,0.22014531125995165,HH (Higher High)
5982,2025-05-16 07:15:00,104433.3,104152.8,-0.2685924891773026,LH (Lower High)
5983,2025-05-16 16:00:00,104152.8,104555.0,0.3861634060726136,HH (Higher High)
5984,2025-05-17 05:00:00,104555.0,103669.4,-0.8470183157190052,LH (Lower High)
5985,2025-05-17 18:00:00,103669.4,103325.0,-0.33220989028584536,LH (Lower High)
5986,2025-05-17 21:00:00,103325.0,103451.1,0.12204210016937413,HH (Higher High)
5987,2025-05-18 00:45:00,103451.1,103377.0,-0.07162804455438929,LH (Lower High)
5988,2025-05-18 08:00:00,103377.0,104050.0,0.6510152161505944,HH (Higher High)
5989,2025-05-18 16:45:00,104050.0,105950.0,1.8260451705910619,HH (Higher High)
5990,2025-05-19 00:00:00,105950.0,107134.3,1.1177914110429474,HH (Higher High)
5991,2025-05-19 09:00:00,107134.3,103392.0,-3.493092314972892,LH (Lower High)
5992,2025-05-19 20:00:00,103392.0,105736.6,2.2676802847415716,HH (Higher High)
5993,2025-05-20 02:15:00,105736.6,106844.4,1.0476977697410246,HH (Higher High)
5994,2025-05-20 20:45:00,106844.4,107292.4,0.4193013391436519,HH (Higher High)
5995,2025-05-21 00:15:00,107292.4,107225.3,-0.06253937837161931,LH (Lower High)
5996,2025-05-21 06:15:00,107225.3,108033.3,0.7535534990342765,HH (Higher High)
5997,2025-05-21 16:45:00,108033.3,109833.0,1.6658752440219793,HH (Higher High)
5998,2025-05-21 23:15:00,109833.0,110800.0,0.8804275582019976,HH (Higher High)
5999,2025-05-22 03:45:00,110800.0,111885.0,0.9792418772563177,HH (Higher High)
6000,2025-05-22 13:00:00,111885.0,111590.0,-0.26366358314340615,LH (Lower High)
6001,2025-05-22 17:15:00,111590.0,111968.0,0.33874003046867995,HH (Higher High)
6002,2025-05-23 00:00:00,111968.0,111758.4,-0.18719634181195147,LH (Lower High)
6003,2025-05-23 09:45:00,111758.4,111340.3,-0.37411058139700576,LH (Lower High)
6004,2025-05-24 04:45:00,111340.3,108531.6,-2.5226265781572326,LH (Lower High)
6005,2025-05-24 11:00:00,108531.6,109454.5,0.8503514183887404,HH (Higher High)
6006,2025-05-24 15:00:00,109454.5,109174.7,-0.25563133539507554,LH (Lower High)
6007,2025-05-24 20:30:00,109174.7,109090.7,-0.07694090297477346,LH (Lower High)
6008,2025-05-25 05:00:00,109090.7,108249.7,-0.7709181442597766,LH (Lower High)
6009,2025-05-25 13:45:00,108249.7,107708.9,-0.4995856801450747,LH (Lower High)
6010,2025-05-26 01:45:00,107708.9,109838.0,1.976716872978933,HH (Higher High)
6011,2025-05-26 07:00:00,109838.0,110209.3,0.3380433001329257,HH (Higher High)
6012,2025-05-26 12:45:00,110209.3,110029.1,-0.1635070724521407,LH (Lower High)
6013,2025-05-26 16:00:00,110029.1,110452.2,0.3845346367460892,HH (Higher High)
6014,2025-05-26 22:00:00,110452.2,109887.8,-0.5109902745259888,LH (Lower High)
6015,2025-05-27 04:45:00,109887.8,109310.6,-0.5252630410291198,LH (Lower High)
6016,2025-05-27 09:45:00,109310.6,109879.4,0.520352097600771,HH (Higher High)
6017,2025-05-27 13:15:00,109879.4,110700.0,0.7468187849587874,HH (Higher High)
6018,2025-05-27 16:45:00,110700.0,110459.6,-0.21716350496837775,LH (Lower High)
6019,2025-05-28 01:00:00,110459.6,109217.8,-1.1242119290672814,LH (Lower High)
6020,2025-05-28 05:45:00,109217.8,109032.1,-0.17002722999364306,LH (Lower High)
6021,2025-05-28 08:45:00,109032.1,109070.8,0.035494134296227525,HH (Higher High)
6022,2025-05-28 12:15:00,109070.8,109000.0,-0.06491196543896524,LH (Lower High)
6023,2025-05-29 02:45:00,109000.0,108437.9,-0.5156880733945007,LH (Lower High)
6024,2025-05-29 11:15:00,108437.9,108850.0,0.38003318028106947,HH (Higher High)
6025,2025-05-29 21:45:00,108850.0,106434.5,-2.2191088654111164,LH (Lower High)
6026,2025-05-30 05:30:00,106434.5,106278.3,-0.14675692562091905,LH (Lower High)
6027,2025-05-30 12:45:00,106278.3,105996.6,-0.26505881257039027,LH (Lower High)
6028,2025-05-30 19:00:00,105996.6,104950.0,-0.9873901615712256,LH (Lower High)
6029,2025-05-31 05:00:00,104950.0,103882.5,-1.0171510242972845,LH (Lower High)
6030,2025-05-31 15:30:00,103882.5,104800.0,0.8832093952301879,HH (Higher High)
6031,2025-05-31 22:00:00,104800.0,104898.5,0.09398854961832061,HH (Higher High)
6032,2025-06-01 04:45:00,104898.5,104699.0,-0.19018384438290348,LH (Lower High)
6033,2025-06-01 09:00:00,104699.0,104410.0,-0.27602937945921163,LH (Lower High)
6034,2025-06-01 16:00:00,104410.0,105266.0,0.8198448424480413,HH (Higher High)
6035,2025-06-01 23:15:00,105266.0,105843.6,0.5487051849600115,HH (Higher High)
6036,2025-06-02 08:15:00,105843.6,105894.0,0.047617427978634684,HH (Higher High)
6037,2025-06-02 14:30:00,105894.0,104631.4,-1.1923243998715753,LH (Lower High)
6038,2025-06-03 02:00:00,104631.4,106478.8,1.7656267621383341,HH (Higher High)
6039,2025-06-03 15:15:00,106478.8,106773.7,0.27695653970555095,HH (Higher High)
6040,2025-06-03 19:30:00,106773.7,106368.7,-0.3793068892433249,LH (Lower High)
6041,2025-06-04 02:00:00,106368.7,105777.4,-0.5558966124433249,LH (Lower High)
6042,2025-06-04 10:00:00,105777.4,105952.9,0.16591445809785457,HH (Higher High)
6043,2025-06-04 15:30:00,105952.9,105492.5,-0.4345327027386643,LH (Lower High)
6044,2025-06-05 02:30:00,105492.5,105213.5,-0.26447377775671255,LH (Lower High)
6045,2025-06-05 13:00:00,105213.5,105866.7,0.6208328779101513,HH (Higher High)
6046,2025-06-06 15:15:00,105866.7,105320.4,-0.5160262858859329,LH (Lower High)
6047,2025-06-07 13:45:00,105320.4,105766.7,0.42375456226904085,HH (Higher High)
6048,2025-06-07 20:15:00,105766.7,105865.9,0.09379133507994207,HH (Higher High)
6049,2025-06-08 01:45:00,105865.9,105732.0,-0.1264807648166163,LH (Lower High)
6050,2025-06-08 16:15:00,105732.0,106312.2,0.5487458858245348,HH (Higher High)
6051,2025-06-08 21:45:00,106312.2,106441.8,0.12190510590506624,HH (Higher High)
6052,2025-06-09 21:30:00,106441.8,110660.8,3.963668408463592,HH (Higher High)
6053,2025-06-10 13:15:00,110660.8,109863.0,-0.7209418330610323,LH (Lower High)
6054,2025-06-10 19:30:00,109863.0,110351.0,0.4441895815697733,HH (Higher High)
6055,2025-06-10 23:45:00,110351.0,110251.4,-0.09025745122382745,LH (Lower High)
6056,2025-06-11 07:00:00,110251.4,109684.7,-0.5140070783681633,LH (Lower High)
6057,2025-06-11 14:30:00,109684.7,110375.5,0.6298052508690847,HH (Higher High)
6058,2025-06-11 21:00:00,110375.5,109180.1,-1.083030201448686,LH (Lower High)
6059,2025-06-12 00:15:00,109180.1,108782.5,-0.3641689282204411,LH (Lower High)
6060,2025-06-12 06:30:00,108782.5,107950.0,-0.7652885344609657,LH (Lower High)
6061,2025-06-12 17:45:00,107950.0,108400.0,0.41685965724872626,HH (Higher High)
6062,2025-06-13 03:45:00,108400.0,104600.0,-3.505535055350553,LH (Lower High)
6063,2025-06-13 08:00:00,104600.0,105425.5,0.7891969407265773,HH (Higher High)
6064,2025-06-13 16:15:00,105425.5,105921.8,0.47075897197547356,HH (Higher High)
6065,2025-06-14 00:45:00,105921.8,106168.8,0.23319090121202624,HH (Higher High)
6066,2025-06-14 13:00:00,106168.8,105070.8,-1.0342021384813616,LH (Lower High)
6067,2025-06-15 01:00:00,105070.8,105630.9,0.5330691305291205,HH (Higher High)
6068,2025-06-15 06:00:00,105630.9,106080.0,0.425159683388105,HH (Higher High)
6069,2025-06-15 14:45:00,106080.0,105798.1,-0.2657428355957713,LH (Lower High)
6070,2025-06-16 07:30:00,105798.1,107237.5,1.3605159260894042,HH (Higher High)
6071,2025-06-16 19:15:00,107237.5,108873.8,1.5258654854878217,HH (Higher High)
6072,2025-06-16 22:00:00,108873.8,108955.5,0.0750410107849612,HH (Higher High)
6073,2025-06-17 03:00:00,108955.5,107724.9,-1.129451932210862,LH (Lower High)
6074,2025-06-17 19:15:00,107724.9,105286.7,-2.263357868050931,LH (Lower High)
6075,2025-06-18 05:30:00,105286.7,105500.0,0.20258969081565184,HH (Higher High)
6076,2025-06-18 14:15:00,105500.0,105290.9,-0.19819905213270694,LH (Lower High)
6077,2025-06-18 21:45:00,105290.9,105100.7,-0.18064239169766533,LH (Lower High)
6078,2025-06-19 00:45:00,105100.7,105191.9,0.08677392253333907,HH (Higher High)
6079,2025-06-19 05:00:00,105191.9,105189.5,-0.002281544491538017,LH (Lower High)
6080,2025-06-19 10:30:00,105189.5,105027.3,-0.1541978999805086,LH (Lower High)
6081,2025-06-19 17:30:00,105027.3,104798.3,-0.2180385480727392,LH (Lower High)
6082,2025-06-19 23:15:00,104798.3,104870.0,0.0684171403543732,HH (Higher High)
6083,2025-06-20 08:30:00,104870.0,106499.9,1.5542099742538327,HH (Higher High)
6084,2025-06-20 20:15:00,106499.9,103797.0,-2.537936655339577,LH (Lower High)
6085,2025-06-21 03:30:00,103797.0,103644.1,-0.14730676223782402,LH (Lower High)
6086,2025-06-21 10:30:00,103644.1,103949.9,0.29504815035297555,HH (Higher High)
6087,2025-06-22 00:30:00,103949.9,103347.0,-0.5799909379422147,LH (Lower High)
6088,2025-06-22 06:15:00,103347.0,102913.6,-0.4193638905822077,LH (Lower High)
6089,2025-06-22 12:00:00,102913.6,102789.0,-0.12107243357535429,LH (Lower High)
6090,2025-06-22 17:00:00,102789.0,100348.2,-2.3745731547150015,LH (Lower High)
6091,2025-06-23 00:45:00,100348.2,101553.7,1.2013170141567064,HH (Higher High)
6092,2025-06-23 07:00:00,101553.7,102151.4,0.5885556114646705,HH (Higher High)
6093,2025-06-23 14:00:00,102151.4,102590.0,0.4293626910644454,HH (Higher High)
6094,2025-06-23 22:30:00,102590.0,106024.8,3.3480846086363223,HH (Higher High)
6095,2025-06-24 06:45:00,106024.8,105784.7,-0.22645645169809878,LH (Lower High)
6096,2025-06-24 17:00:00,105784.7,106269.9,0.4586674632531898,HH (Higher High)
6097,2025-06-25 02:00:00,106269.9,106782.3,0.4821685162026207,HH (Higher High)
6098,2025-06-25 14:00:00,106782.3,108090.0,1.22464116243984,HH (Higher High)
6099,2025-06-25 21:00:00,108090.0,107942.0,-0.1369229345915441,LH (Lower High)
6100,2025-06-26 03:00:00,107942.0,108239.6,0.27570361860999965,HH (Higher High)
6101,2025-06-26 08:15:00,108239.6,108132.4,-0.09903953820968633,LH (Lower High)
6102,2025-06-26 14:45:00,108132.4,107721.1,-0.3803670315280049,LH (Lower High)
6103,2025-06-26 20:45:00,107721.1,108000.0,0.25890935016444705,HH (Higher High)
6104,2025-06-27 07:15:00,108000.0,107688.9,-0.28805555555556095,LH (Lower High)
6105,2025-06-27 12:15:00,107688.9,107150.0,-0.5004229776699309,LH (Lower High)
6106,2025-06-27 16:30:00,107150.0,107738.1,0.5488567428838131,HH (Higher High)
6107,2025-06-27 21:30:00,107738.1,107218.0,-0.4827447300444372,LH (Lower High)
6108,2025-06-28 07:45:00,107218.0,107444.3,0.2110653061985888,HH (Higher High)
6109,2025-06-28 15:45:00,107444.3,107499.9,0.05174774278392736,HH (Higher High)
6110,2025-06-29 00:45:00,107499.9,107444.9,-0.05116283829101236,LH (Lower High)
6111,2025-06-29 11:45:00,107444.9,108507.0,0.9885066671382318,HH (Higher High)
6112,2025-06-30 00:30:00,108507.0,108766.4,0.23906291759978082,HH (Higher High)
6113,2025-06-30 11:30:00,108766.4,107904.7,-0.7922483413995473,LH (Lower High)
6114,2025-07-01 01:15:00,107904.7,107484.8,-0.38913967602893496,LH (Lower High)
6115,2025-07-01 07:45:00,107484.8,107126.0,-0.3338146416981777,LH (Lower High)
6116,2025-07-01 14:15:00,107126.0,107139.9,0.012975374792295222,HH (Higher High)
6117,2025-07-01 17:45:00,107139.9,106250.0,-0.8305962577900429,LH (Lower High)
6118,2025-07-01 21:15:00,106250.0,106065.0,-0.17411764705882354,LH (Lower High)
6119,2025-07-02 10:45:00,106065.0,107795.0,1.6310752840239477,HH (Higher High)
6120,2025-07-02 17:15:00,107795.0,109740.9,1.8051857692842843,HH (Higher High)
6121,2025-07-03 09:30:00,109740.9,110256.4,0.4697428215004616,HH (Higher High)
6122,2025-07-03 13:45:00,110256.4,110485.7,0.20796978678788977,HH (Higher High)
6123,2025-07-03 21:00:00,110485.7,109978.3,-0.45924495206166427,LH (Lower High)
6124,2025-07-04 11:15:00,109978.3,109042.0,-0.8513497662720764,LH (Lower High)
6125,2025-07-04 22:30:00,109042.0,108223.9,-0.7502613671796242,LH (Lower High)
6126,2025-07-05 04:30:00,108223.9,108429.2,0.18969931780318666,HH (Higher High)
6127,2025-07-05 13:15:00,108429.2,108191.6,-0.21912916446860373,LH (Lower High)
6128,2025-07-05 19:45:00,108191.6,108120.0,-0.066178890043225,LH (Lower High)
6129,2025-07-06 02:15:00,108120.0,108200.0,0.07399186089530152,HH (Higher High)
6130,2025-07-06 06:15:00,108200.0,108168.0,-0.029574861367837338,LH (Lower High)
6131,2025-07-06 13:45:00,108168.0,109088.6,0.8510834997411488,HH (Higher High)
6132,2025-07-06 21:30:00,109088.6,109685.0,0.5467115720616033,HH (Higher High)
6133,2025-07-07 03:15:00,109685.0,109681.4,-0.0032821260883492006,LH (Lower High)
6134,2025-07-08 00:30:00,109681.4,108482.3,-1.0932573800115528,LH (Lower High)
6135,2025-07-08 13:45:00,108482.3,109188.0,0.6505208683812909,HH (Higher High)
6136,2025-07-08 18:45:00,109188.0,109126.2,-0.05659962633256668,LH (Lower High)
6137,2025-07-08 22:00:00,109126.2,108931.5,-0.17841728200926735,LH (Lower High)
6138,2025-07-09 01:00:00,108931.5,109093.0,0.14825830912086954,HH (Higher High)
6139,2025-07-09 05:30:00,109093.0,108900.0,-0.17691327582887995,LH (Lower High)
6140,2025-07-09 13:00:00,108900.0,109746.0,0.7768595041322314,HH (Higher High)
6141,2025-07-09 19:45:00,109746.0,111999.0,2.0529222021759335,HH (Higher High)
6142,2025-07-09 23:15:00,111999.0,111485.0,-0.45893266904168784,LH (Lower High)
6143,2025-07-10 02:15:00,111485.0,111524.7,0.03561017177198465,HH (Higher High)
6144,2025-07-10 07:00:00,111524.7,111421.2,-0.09280455361009714,LH (Lower High)
6145,2025-07-10 17:45:00,111421.2,113789.3,2.1253585493604503,HH (Higher High)
6146,2025-07-10 21:15:00,113789.3,117896.7,3.609653983283133,HH (Higher High)
6147,2025-07-11 05:45:00,117896.7,118387.0,0.4158725392653085,HH (Higher High)
6148,2025-07-11 09:30:00,118387.0,118849.9,0.3910057692145203,HH (Higher High)
6149,2025-07-11 19:15:00,118849.9,118117.7,-0.6160711956846384,LH (Lower High)
6150,2025-07-12 07:00:00,118117.7,118035.2,-0.06984558622458785,LH (Lower High)
6151,2025-07-12 09:45:00,118035.2,118195.1,0.1354680637640371,HH (Higher High)
6152,2025-07-12 19:00:00,118195.1,117601.4,-0.5023050870975291,LH (Lower High)
6153,2025-07-13 07:30:00,117601.4,118023.0,0.35849913351372165,HH (Higher High)
6154,2025-07-13 14:15:00,118023.0,119390.4,1.1585877328995147,HH (Higher High)
6155,2025-07-13 19:30:00,119390.4,119474.9,0.07077620981251424,HH (Higher High)
6156,2025-07-14 07:30:00,119474.9,123250.0,3.1597431761817805,HH (Higher High)
6157,2025-07-14 13:45:00,123250.0,122100.0,-0.9330628803245435,LH (Lower High)
6158,2025-07-14 20:45:00,122100.0,120458.8,-1.3441441441441417,LH (Lower High)
6159,2025-07-15 13:30:00,120458.8,118510.5,-1.617399476003416,LH (Lower High)
6160,2025-07-16 01:00:00,118510.5,118250.0,-0.21981174663848352,LH (Lower High)
6161,2025-07-16 10:15:00,118250.0,119327.4,0.9111205073995722,HH (Higher High)
6162,2025-07-16 15:00:00,119327.4,119778.5,0.3780355559578151,HH (Higher High)
6163,2025-07-16 21:00:00,119778.5,120114.6,0.2806012765229201,HH (Higher High)
6164,2025-07-17 06:15:00,120114.6,118781.7,-1.1096902458152538,LH (Lower High)
6165,2025-07-17 09:30:00,118781.7,119246.4,0.39122188013809966,HH (Higher High)
6166,2025-07-17 21:15:00,119246.4,121044.0,1.5074668920822816,HH (Higher High)
6167,2025-07-18 01:30:00,121044.0,120844.7,-0.1646508707577434,LH (Lower High)
6168,2025-07-18 06:00:00,120844.7,120896.9,0.04319593660292681,HH (Higher High)
6169,2025-07-18 12:45:00,120896.9,119574.4,-1.0939072879453484,LH (Lower High)
6170,2025-07-19 03:30:00,119574.4,118398.5,-0.9834044745363507,LH (Lower High)
6171,2025-07-19 07:15:00,118398.5,118339.3,-0.050000633453968664,LH (Lower High)
6172,2025-07-19 10:30:00,118339.3,118523.7,0.15582312891828343,HH (Higher High)
6173,2025-07-19 20:00:00,118523.7,118176.4,-0.29302156446348104,LH (Lower High)
6174,2025-07-20 03:30:00,118176.4,118186.8,0.008800403464658537,HH (Higher High)
6175,2025-07-20 09:00:00,118186.8,118328.1,0.11955649869528824,HH (Higher High)
6176,2025-07-20 16:00:00,118328.1,118931.0,0.5095154912484813,HH (Higher High)
6177,2025-07-21 07:30:00,118931.0,119750.0,0.6886345864408775,HH (Higher High)
6178,2025-07-21 14:45:00,119750.0,119300.0,-0.3757828810020877,LH (Lower High)
6179,2025-07-21 22:30:00,119300.0,117669.6,-1.3666387259010848,LH (Lower High)
6180,2025-07-22 01:45:00,117669.6,117988.0,0.27058815530943775,HH (Higher High)
6181,2025-07-22 13:30:00,117988.0,119649.9,1.408533071159774,HH (Higher High)
6182,2025-07-22 18:45:00,119649.9,120297.1,0.5409114424667398,HH (Higher High)
6183,2025-07-22 23:15:00,120297.1,120321.0,0.0198674781021273,HH (Higher High)
6184,2025-07-23 15:45:00,120321.0,118748.6,-1.3068375429060548,LH (Lower High)
6185,2025-07-24 00:15:00,118748.6,119144.2,0.33314076965959283,HH (Higher High)
6186,2025-07-24 03:30:00,119144.2,119279.7,0.11372773496317906,HH (Higher High)
6187,2025-07-24 09:00:00,119279.7,118821.0,-0.3845583112633559,LH (Lower High)
6188,2025-07-24 15:00:00,118821.0,119492.9,0.5654724333240708,HH (Higher High)
6189,2025-07-24 18:00:00,119492.9,119427.2,-0.0549823462314473,LH (Lower High)
6190,2025-07-25 11:30:00,119427.2,116793.1,-2.2056114519975276,LH (Lower High)
6191,2025-07-25 23:45:00,116793.1,117642.8,0.7275258555513957,HH (Higher High)
6192,2025-07-26 02:30:00,117642.8,117750.0,0.09112329866340914,HH (Higher High)
6193,2025-07-26 10:30:00,117750.0,118252.1,0.4264118895966079,HH (Higher High)
6194,2025-07-26 13:15:00,118252.1,118226.2,-0.021902359450706354,LH (Lower High)
6195,2025-07-26 16:30:00,118226.2,118244.4,0.015394218878723236,HH (Higher High)
6196,2025-07-26 19:45:00,118244.4,118333.4,0.07526783509409325,HH (Higher High)
6197,2025-07-27 02:45:00,118333.4,118425.6,0.07791544906172868,HH (Higher High)
6198,2025-07-27 06:45:00,118425.6,118443.7,0.01528385754430737,HH (Higher High)
6199,2025-07-27 10:45:00,118443.7,118297.7,-0.12326531508218674,LH (Lower High)
6200,2025-07-27 16:30:00,118297.7,119600.0,1.1008667116943127,HH (Higher High)
6201,2025-07-28 02:30:00,119600.0,119844.9,0.20476588628762055,HH (Higher High)
6202,2025-07-28 05:45:00,119844.9,119699.1,-0.12165724198525624,LH (Lower High)
6203,2025-07-28 12:15:00,119699.1,119092.0,-0.5071884416841946,LH (Lower High)
6204,2025-07-28 21:30:00,119092.0,118346.7,-0.6258186947905845,LH (Lower High)
6205,2025-07-29 00:15:00,118346.7,118467.8,0.10232646960160767,HH (Higher High)
6206,2025-07-29 07:45:00,118467.8,119300.0,0.7024693629830191,HH (Higher High)
6207,2025-07-29 12:30:00,119300.0,119127.5,-0.14459346186085498,LH (Lower High)
6208,2025-07-29 17:30:00,119127.5,118045.8,-0.9080187194392538,LH (Lower High)
6209,2025-07-30 08:45:00,118045.8,118465.8,0.35579410703303294,HH (Higher High)
6210,2025-07-30 15:00:00,118465.8,118769.0,0.255938844797399,HH (Higher High)
6211,2025-07-31 00:45:00,118769.0,118512.2,-0.21621803669307893,LH (Lower High)
6212,2025-07-31 03:45:00,118512.2,118580.0,0.05720929997080715,HH (Higher High)
6213,2025-07-31 07:15:00,118580.0,118900.0,0.26986001011975036,HH (Higher High)
6214,2025-07-31 13:45:00,118900.0,118663.3,-0.19907485281749124,LH (Lower High)
6215,2025-07-31 16:30:00,118663.3,118860.0,0.16576312979665753,HH (Higher High)
6216,2025-08-01 03:15:00,118860.0,115999.9,-2.406276291435307,LH (Lower High)
6217,2025-08-01 13:00:00,115999.9,115950.0,-0.043017278463166074,LH (Lower High)
6218,2025-08-01 21:30:00,115950.0,114055.5,-1.6338939197930142,LH (Lower High)
6219,2025-08-02 08:15:00,114055.5,113998.0,-0.05041405280762436,LH (Lower High)
6220,2025-08-02 11:30:00,113998.0,113886.6,-0.0977210126493396,LH (Lower High)
6221,2025-08-02 21:45:00,113886.6,113025.4,-0.7561908073469675,LH (Lower High)
6222,2025-08-03 03:45:00,113025.4,113706.0,0.6021655309337599,HH (Higher High)
6223,2025-08-03 11:00:00,113706.0,114217.0,0.44940460485814293,HH (Higher High)
6224,2025-08-03 19:30:00,114217.0,114792.7,0.5040405543833204,HH (Higher High)
6225,2025-08-04 01:00:00,114792.7,114975.3,0.15906934848645063,HH (Higher High)
6226,2025-08-04 07:45:00,114975.3,114746.7,-0.19882531291503985,LH (Lower High)
6227,2025-08-04 14:00:00,114746.7,115443.5,0.6072505788837526,HH (Higher High)
6228,2025-08-04 17:15:00,115443.5,115682.8,0.20728754758821666,HH (Higher High)
6229,2025-08-04 23:00:00,115682.8,115326.7,-0.3078244994070041,LH (Lower High)
6230,2025-08-05 10:15:00,115326.7,115046.8,-0.2427018201335807,LH (Lower High)
6231,2025-08-05 23:30:00,115046.8,114222.6,-0.716404106850427,LH (Lower High)
6232,2025-08-06 05:30:00,114222.6,114398.6,0.15408509349288144,HH (Higher High)
6233,2025-08-06 18:15:00,114398.6,115666.3,1.108142931819093,HH (Higher High)
6234,2025-08-07 01:30:00,115666.3,115154.4,-0.4425662444463156,LH (Lower High)
6235,2025-08-07 11:30:00,115154.4,116763.6,1.3974281486421811,HH (Higher High)
6236,2025-08-07 15:45:00,116763.6,116747.8,-0.013531614304460388,LH (Lower High)
6237,2025-08-08 00:30:00,116747.8,117569.1,0.7034822069452297,HH (Higher High)
6238,2025-08-08 07:15:00,117569.1,116929.8,-0.5437653260933383,LH (Lower High)
6239,2025-08-08 14:00:00,116929.8,117239.4,0.2647742491648761,HH (Higher High)
6240,2025-08-08 22:15:00,117239.4,116933.6,-0.2608338152532241,LH (Lower High)
6241,2025-08-09 05:15:00,116933.6,116939.0,0.004618005432137708,HH (Higher High)
6242,2025-08-09 10:15:00,116939.0,117900.0,0.8217959791002146,HH (Higher High)
6243,2025-08-09 20:30:00,117900.0,116957.2,-0.7996607294317244,LH (Lower High)
6244,2025-08-10 03:15:00,116957.2,119433.6,2.1173557506506726,HH (Higher High)
6245,2025-08-10 15:00:00,119433.6,119111.9,-0.2693546874581455,LH (Lower High)
6246,2025-08-11 02:15:00,119111.9,122421.0,2.778143913412519,HH (Higher High)
6247,2025-08-11 05:00:00,122421.0,122350.2,-0.05783321488960465,LH (Lower High)
6248,2025-08-12 02:30:00,122350.2,119277.0,-2.5118062741213314,LH (Lower High)
6249,2025-08-12 16:00:00,119277.0,120143.0,0.726041064077735,HH (Higher High)
6250,2025-08-12 20:45:00,120143.0,120280.0,0.11403077998718195,HH (Higher High)
6251,2025-08-12 23:45:00,120280.0,120270.0,-0.008313934153641503,LH (Lower High)
6252,2025-08-13 04:00:00,120270.0,119822.3,-0.3722457803275938,LH (Lower High)
6253,2025-08-13 14:00:00,119822.3,122239.3,2.0171537351561435,HH (Higher High)
6254,2025-08-14 00:30:00,122239.3,124571.2,1.9076516308584832,HH (Higher High)
6255,2025-08-14 19:45:00,124571.2,118496.4,-4.876568580859784,LH (Lower High)
6256,2025-08-15 06:45:00,118496.4,119208.0,0.6005245728984221,HH (Higher High)
6257,2025-08-15 12:30:00,119208.0,119100.0,-0.09059794644654721,LH (Lower High)
6258,2025-08-15 17:30:00,119100.0,117827.0,-1.0688497061293032,LH (Lower High)
6259,2025-08-16 01:45:00,117827.0,117857.2,0.02563079769492314,HH (Higher High)
6260,2025-08-16 04:45:00,117857.2,117841.3,-0.013490902549860491,LH (Lower High)
6261,2025-08-16 09:00:00,117841.3,117658.4,-0.15520874260552855,LH (Lower High)
6262,2025-08-16 15:00:00,117658.4,117779.4,0.1028400862156888,HH (Higher High)
6263,2025-08-16 19:30:00,117779.4,117729.1,-0.042706958941876386,LH (Lower High)
6264,2025-08-17 05:00:00,117729.1,118212.1,0.41026390246761424,HH (Higher High)
6265,2025-08-17 09:15:00,118212.1,118431.5,0.18559859777467297,HH (Higher High)
6266,2025-08-17 13:45:00,118431.5,118585.7,0.13020184663708312,HH (Higher High)
6267,2025-08-17 22:45:00,118585.7,117957.0,-0.5301651042242,LH (Lower High)
6268,2025-08-18 06:00:00,117957.0,115672.0,-1.937146587315717,LH (Lower High)
6269,2025-08-18 17:30:00,115672.0,116761.4,0.9418009544228457,HH (Higher High)
6270,2025-08-18 22:15:00,116761.4,116945.3,0.15750068087570784,HH (Higher High)
6271,2025-08-19 13:30:00,116945.3,115838.9,-0.9460833398178539,LH (Lower High)
6272,2025-08-19 21:00:00,115838.9,113543.6,-1.981458732774559,LH (Lower High)
6273,2025-08-20 08:45:00,113543.6,114019.7,0.4193102913770492,HH (Higher High)
6274,2025-08-20 17:45:00,114019.7,114416.0,0.3475715161502818,HH (Higher High)
6275,2025-08-20 22:45:00,114416.0,114567.0,0.1319745490141239,HH (Higher High)
6276,2025-08-21 02:00:00,114567.0,114783.7,0.1891469620396773,HH (Higher High)
6277,2025-08-21 14:15:00,114783.7,113945.7,-0.7300688163911775,LH (Lower High)
6278,2025-08-21 20:45:00,113945.7,112835.1,-0.9746747793027656,LH (Lower High)
6279,2025-08-22 02:15:00,112835.1,113499.9,0.5891783673697177,HH (Higher High)
6280,2025-08-22 06:15:00,113499.9,113364.4,-0.11938336509547587,LH (Lower High)
6281,2025-08-22 18:15:00,113364.4,117374.5,3.5373538782898386,HH (Higher High)
6282,2025-08-22 21:45:00,117374.5,117144.6,-0.19586877899372876,LH (Lower High)
6283,2025-08-23 05:45:00,117144.6,116000.0,-0.9770830238867227,LH (Lower High)
6284,2025-08-24 02:00:00,116000.0,115656.7,-0.29594827586207145,LH (Lower High)
6285,2025-08-24 18:30:00,115656.7,114950.0,-0.6110324780146736,LH (Lower High)
6286,2025-08-24 23:30:00,114950.0,113677.4,-1.1070900391474605,LH (Lower High)
6287,2025-08-25 03:00:00,113677.4,113649.9,-0.024191264050726004,LH (Lower High)
6288,2025-08-25 16:15:00,113649.9,112945.4,-0.6198861591607209,LH (Lower High)
6289,2025-08-26 07:30:00,112945.4,110499.9,-2.1652054886697467,LH (Lower High)
6290,2025-08-26 12:30:00,110499.9,110793.1,0.26533960664218853,HH (Higher High)
6291,2025-08-26 23:00:00,110793.1,112342.4,1.3983722813063162,HH (Higher High)
6292,2025-08-27 03:45:00,112342.4,111700.0,-0.5718232831059281,LH (Lower High)
6293,2025-08-27 14:30:00,111700.0,112589.9,0.7966875559534415,HH (Higher High)
6294,2025-08-27 18:15:00,112589.9,112588.0,-0.0016875403566342802,LH (Lower High)
6295,2025-08-28 07:15:00,112588.0,113345.4,0.6727182292961897,HH (Higher High)
6296,2025-08-28 13:15:00,113345.4,113433.0,0.07728588897300273,HH (Higher High)
6297,2025-08-29 00:15:00,113433.0,112616.4,-0.7198963264658484,LH (Lower High)
6298,2025-08-29 04:00:00,112616.4,111800.0,-0.724938818857639,LH (Lower High)
6299,2025-08-29 12:30:00,111800.0,111490.7,-0.2766547406082316,LH (Lower High)
6300,2025-08-29 23:30:00,111490.7,108530.4,-2.6551990435076673,LH (Lower High)
6301,2025-08-30 04:15:00,108530.4,108637.8,0.09895844850844439,HH (Higher High)
6302,2025-08-30 08:15:00,108637.8,108739.5,0.09361382502222715,HH (Higher High)
6303,2025-08-30 11:45:00,108739.5,108707.6,-0.029336165790714668,LH (Lower High)
6304,2025-08-30 15:30:00,108707.6,108902.3,0.1791043128539284,HH (Higher High)
6305,2025-08-30 19:45:00,108902.3,108900.0,-0.0021119847790201955,LH (Lower High)
6306,2025-08-31 01:45:00,108900.0,109444.0,0.4995408631772268,HH (Higher High)
6307,2025-08-31 09:00:00,109444.0,109065.4,-0.3459303388034116,LH (Lower High)
6308,2025-08-31 18:45:00,109065.4,109197.5,0.12111998855732967,HH (Higher High)
6309,2025-08-31 22:15:00,109197.5,109199.1,0.0014652350099643497,HH (Higher High)
6310,2025-09-01 09:30:00,109199.1,109872.8,0.616946476665098,HH (Higher High)
6311,2025-09-01 13:15:00,109872.8,109491.4,-0.3471286797096358,LH (Lower High)
6312,2025-09-02 03:15:00,109491.4,110595.0,1.0079330431431197,HH (Higher High)
6313,2025-09-02 08:45:00,110595.0,110767.0,0.155522401555224,HH (Higher High)
6314,2025-09-02 14:30:00,110767.0,111730.0,0.8693925085991314,HH (Higher High)
6315,2025-09-02 21:15:00,111730.0,111534.0,-0.17542289447775888,LH (Lower High)
6316,2025-09-03 00:15:00,111534.0,111771.6,0.21302921082361057,HH (Higher High)
6317,2025-09-03 14:30:00,111771.6,112500.0,0.6516861170458275,HH (Higher High)
6318,2025-09-03 17:45:00,112500.0,112557.0,0.050666666666666665,HH (Higher High)
6319,2025-09-04 00:45:00,112557.0,112138.3,-0.37198930319748846,LH (Lower High)
6320,2025-09-04 10:00:00,112138.3,111107.6,-0.9191328921519205,LH (Lower High)
6321,2025-09-04 23:00:00,111107.6,111753.6,0.5814183728205812,HH (Higher High)
6322,2025-09-05 07:45:00,111753.6,112985.7,1.1025148183145699,HH (Higher High)
6323,2025-09-05 12:45:00,112985.7,113369.4,0.3396004981161307,HH (Higher High)
6324,2025-09-05 21:00:00,113369.4,111660.7,-1.507196827362584,LH (Lower High)
6325,2025-09-06 03:15:00,111660.7,111258.0,-0.36064613601741446,LH (Lower High)
6326,2025-09-06 08:45:00,111258.0,110903.0,-0.3190781786478276,LH (Lower High)
6327,2025-09-06 14:00:00,110903.0,110932.6,0.02668999035193441,HH (Higher High)
6328,2025-09-07 03:30:00,110932.6,110723.9,-0.1881322532781271,LH (Lower High)
6329,2025-09-07 08:30:00,110723.9,111317.7,0.5362889132337308,HH (Higher High)
6330,2025-09-07 14:00:00,111317.7,111365.0,0.04249099649022834,HH (Higher High)
6331,2025-09-07 23:15:00,111365.0,111558.0,0.17330400035917928,HH (Higher High)
6332,2025-09-08 02:30:00,111558.0,111346.4,-0.18967711862887987,LH (Lower High)
6333,2025-09-08 15:15:00,111346.4,112871.4,1.3695997355998937,HH (Higher High)
6334,2025-09-08 22:00:00,112871.4,112470.1,-0.3555373637608715,LH (Lower High)
6335,2025-09-09 07:30:00,112470.1,113238.1,0.682848152531206,HH (Higher High)
6336,2025-09-09 14:00:00,113238.1,112900.0,-0.29857441974035753,LH (Lower High)
6337,2025-09-09 21:00:00,112900.0,111698.0,-1.0646589902568644,LH (Lower High)
6338,2025-09-10 08:00:00,111698.0,112812.3,0.9976006732439282,HH (Higher High)
6339,2025-09-10 13:45:00,112812.3,114250.0,1.274417771820978,HH (Higher High)
6340,2025-09-10 20:00:00,114250.0,113958.7,-0.2549671772428909,LH (Lower High)
6341,2025-09-11 03:45:00,113958.7,114394.7,0.38259474704432395,HH (Higher High)
6342,2025-09-11 06:45:00,114394.7,114414.6,0.017395910824547584,HH (Higher High)
6343,2025-09-11 13:45:00,114414.6,114709.0,0.2573098188517848,HH (Higher High)
6344,2025-09-11 18:00:00,114709.0,114572.5,-0.11899676572893146,LH (Lower High)
6345,2025-09-12 00:45:00,114572.5,116249.9,1.4640511466538604,HH (Higher High)
6346,2025-09-12 05:45:00,116249.9,115620.2,-0.5416778853143075,LH (Lower High)
6347,2025-09-12 14:00:00,115620.2,115441.9,-0.15421180727935335,LH (Lower High)
6348,2025-09-12 19:45:00,115441.9,116600.0,1.0031886169579727,HH (Higher High)
6349,2025-09-13 10:00:00,116600.0,116147.1,-0.3884219554030825,LH (Lower High)
6350,2025-09-13 20:00:00,116147.1,115972.2,-0.1505849048318974,LH (Lower High)
6351,2025-09-14 02:00:00,115972.2,116057.7,0.07372456502506636,HH (Higher High)
6352,2025-09-14 09:30:00,116057.7,116117.8,0.05178458646001586,HH (Higher High)
6353,2025-09-14 21:45:00,116117.8,116049.9,-0.0584751002860963,LH (Lower High)
6354,2025-09-15 06:00:00,116049.9,116761.3,0.6130121611479276,HH (Higher High)
6355,2025-09-15 22:00:00,116761.3,115570.2,-1.0201153978244555,LH (Lower High)
6356,2025-09-16 01:15:00,115570.2,115481.7,-0.07657683382048314,LH (Lower High)
6357,2025-09-16 06:15:00,115481.7,115982.1,0.43331540841536687,HH (Higher High)
6358,2025-09-16 17:30:00,115982.1,116883.6,0.777275114004661,HH (Higher High)
6359,2025-09-16 21:00:00,116883.6,116947.3,0.054498663627743395,HH (Higher High)
6360,2025-09-17 02:45:00,116947.3,117050.0,0.08781733310644801,HH (Higher High)
6361,2025-09-17 07:15:00,117050.0,117239.5,0.1618966253737719,HH (Higher High)
6362,2025-09-17 18:00:00,117239.5,116266.0,-0.8303515453409474,LH (Lower High)
6363,2025-09-17 23:00:00,116266.0,116950.0,0.5883061256085184,HH (Higher High)
6364,2025-09-18 03:30:00,116950.0,117864.0,0.781530568619068,HH (Higher High)
6365,2025-09-18 08:15:00,117864.0,117400.0,-0.3936740650240956,LH (Lower High)
6366,2025-09-18 14:15:00,117400.0,117800.0,0.34071550255536626,HH (Higher High)
6367,2025-09-18 18:15:00,117800.0,117884.0,0.07130730050933785,HH (Higher High)
6368,2025-09-19 01:00:00,117884.0,117417.6,-0.3956431746462575,LH (Lower High)
6369,2025-09-19 08:15:00,117417.6,117058.9,-0.30549082931350297,LH (Lower High)
6370,2025-09-20 00:45:00,117058.9,115692.8,-1.1670193381280631,LH (Lower High)
6371,2025-09-20 07:45:00,115692.8,115942.0,0.21539801958289287,HH (Higher High)
6372,2025-09-20 12:00:00,115942.0,115919.6,-0.019320004829996188,LH (Lower High)
6373,2025-09-20 15:30:00,115919.6,116093.6,0.15010403762607877,HH (Higher High)
6374,2025-09-20 21:30:00,116093.6,115896.2,-0.17003521296609694,LH (Lower High)
6375,2025-09-21 08:00:00,115896.2,115779.6,-0.10060726753766842,LH (Lower High)
6376,2025-09-21 12:15:00,115779.6,115717.8,-0.053377278898875884,LH (Lower High)
6377,2025-09-21 18:00:00,115717.8,115623.8,-0.08123210085224572,LH (Lower High)
6378,2025-09-21 22:45:00,115623.8,115507.4,-0.10067131507527753,LH (Lower High)
6379,2025-09-22 14:15:00,115507.4,113380.1,-1.8417001854426542,LH (Lower High)
6380,2025-09-22 20:45:00,113380.1,112936.6,-0.3911621175144491,LH (Lower High)
6381,2025-09-23 14:00:00,112936.6,113247.1,0.2749330155148995,HH (Higher High)
6382,2025-09-24 06:00:00,113247.1,112739.5,-0.4482233982150588,LH (Lower High)
6383,2025-09-24 17:30:00,112739.5,113900.0,1.0293641536462375,HH (Higher High)
6384,2025-09-24 22:15:00,113900.0,113595.0,-0.2677787532923617,LH (Lower High)
6385,2025-09-25 09:15:00,113595.0,112199.0,-1.2289273295479555,LH (Lower High)
6386,2025-09-25 14:30:00,112199.0,111683.8,-0.45918412820078347,LH (Lower High)
6387,2025-09-26 02:00:00,111683.8,109764.0,-1.7189601356687387,LH (Lower High)
6388,2025-09-26 09:15:00,109764.0,109651.7,-0.10231041142815761,LH (Lower High)
6389,2025-09-26 13:45:00,109651.7,109758.0,0.09694332144417543,HH (Higher High)
6390,2025-09-26 18:15:00,109758.0,110255.6,0.45336103063102995,HH (Higher High)
6391,2025-09-26 23:45:00,110255.6,109640.0,-0.5583389868632576,LH (Lower High)
6392,2025-09-27 03:30:00,109640.0,109710.9,0.06466618022618952,HH (Higher High)
6393,2025-09-27 10:30:00,109710.9,109442.5,-0.2446429661956963,LH (Lower High)
6394,2025-09-27 15:45:00,109442.5,109399.9,-0.03892454942093412,LH (Lower High)
6395,2025-09-28 00:15:00,109399.9,109747.0,0.3172763412032423,HH (Higher High)
6396,2025-09-28 08:00:00,109747.0,109549.0,-0.18041495439510874,LH (Lower High)
6397,2025-09-28 16:00:00,109549.0,110355.0,0.7357438223991091,HH (Higher High)
6398,2025-09-28 23:00:00,110355.0,112345.9,1.804086810747129,HH (Higher High)
6399,2025-09-29 08:45:00,112345.9,112415.9,0.06230756974664852,HH (Higher High)
6400,2025-09-29 14:45:00,112415.9,114199.5,1.5866083000714366,HH (Higher High)
6401,2025-09-29 20:30:00,114199.5,114377.1,0.1555173183770558,HH (Higher High)
6402,2025-09-30 00:45:00,114377.1,114825.7,0.3922113779768776,HH (Higher High)
6403,2025-09-30 13:45:00,114825.7,113630.0,-1.0413174054240446,LH (Lower High)
6404,2025-09-30 21:00:00,113630.0,114751.4,0.9868872656868733,HH (Higher High)
6405,2025-10-01 05:00:00,114751.4,114700.0,-0.044792481834639214,LH (Lower High)
6406,2025-10-01 08:45:00,114700.0,116582.1,1.6408892763731524,HH (Higher High)
6407,2025-10-01 16:30:00,116582.1,118150.0,1.3448891382124648,HH (Higher High)
6408,2025-10-02 00:00:00,118150.0,119416.0,1.071519255184088,HH (Higher High)
6409,2025-10-02 03:15:00,119416.0,119060.7,-0.29753131908622205,LH (Lower High)
6410,2025-10-02 16:00:00,119060.7,120288.0,1.0308187336375503,HH (Higher High)
6411,2025-10-02 19:00:00,120288.0,120994.2,0.5870909816440518,HH (Higher High)
6412,2025-10-03 03:00:00,120994.2,120445.8,-0.4532448662828419,LH (Lower High)
6413,2025-10-03 10:15:00,120445.8,120468.7,0.019012701148561576,HH (Higher High)
6414,2025-10-03 16:30:00,120468.7,123858.6,2.813925940929062,HH (Higher High)
6415,2025-10-04 05:15:00,123858.6,122767.7,-0.8807624177893248,LH (Lower High)
6416,2025-10-04 13:00:00,122767.7,122490.4,-0.22587374366384882,LH (Lower High)
6417,2025-10-05 04:45:00,122490.4,125849.7,2.7425006367845994,HH (Higher High)
6418,2025-10-05 17:00:00,125849.7,123483.0,-1.8805765925544498,LH (Lower High)
6419,2025-10-06 00:15:00,123483.0,124331.0,0.6867342063279965,HH (Higher High)
6420,2025-10-06 06:30:00,124331.0,124140.7,-0.15305917269225125,LH (Lower High)
6421,2025-10-06 18:45:00,124140.7,126150.0,1.618566674748896,HH (Higher High)
6422,2025-10-07 12:45:00,126150.0,125114.2,-0.8210860087197803,LH (Lower High)
6423,2025-10-07 21:15:00,125114.2,122270.0,-2.273283128533769,LH (Lower High)
6424,2025-10-08 02:15:00,122270.0,122200.0,-0.05725034759139609,LH (Lower High)
6425,2025-10-08 11:00:00,122200.0,123184.3,0.8054828150572855,HH (Higher High)
6426,2025-10-08 14:00:00,123184.3,123349.0,0.1337021032712749,HH (Higher High)
6427,2025-10-08 18:00:00,123349.0,124162.5,0.6595108188959781,HH (Higher High)
6428,2025-10-08 23:30:00,124162.5,123475.5,-0.5533071579583207,LH (Lower High)
6429,2025-10-09 12:30:00,123475.5,123733.9,0.20927228478523607,HH (Higher High)
6430,2025-10-10 01:00:00,123733.9,121849.7,-1.522783974319081,LH (Lower High)
6431,2025-10-10 06:00:00,121849.7,121740.0,-0.09002894549596518,LH (Lower High)
6432,2025-10-10 09:15:00,121740.0,121744.9,0.004024971250200574,HH (Higher High)
6433,2025-10-10 13:30:00,121744.9,122490.0,0.6120174233171212,HH (Higher High)
6434,2025-10-11 03:00:00,122490.0,113279.8,-7.519144419952648,LH (Lower High)
6435,2025-10-11 13:00:00,113279.8,112496.7,-0.6912971244652673,LH (Lower High)
6436,2025-10-12 06:15:00,112496.7,112122.4,-0.33272087092332747,LH (Lower High)
6437,2025-10-12 12:00:00,112122.4,112267.0,0.1289662012229544,HH (Higher High)
6438,2025-10-12 16:45:00,112267.0,114700.0,2.167155085644045,HH (Higher High)
6439,2025-10-13 02:00:00,114700.0,115950.6,1.0903225806451664,HH (Higher High)
6440,2025-10-13 07:15:00,115950.6,115539.8,-0.3542888091997824,LH (Lower High)
6441,2025-10-13 13:30:00,115539.8,115517.9,-0.01895450745111964,LH (Lower High)
6442,2025-10-13 19:45:00,115517.9,115855.3,0.2920759466714758,HH (Higher High)
6443,2025-10-14 19:15:00,115855.3,113499.9,-2.033053300107987,LH (Lower High)
6444,2025-10-14 22:00:00,113499.9,113550.0,0.044141008053756724,HH (Higher High)
6445,2025-10-15 02:30:00,113550.0,113590.0,0.03522677234698371,HH (Higher High)
6446,2025-10-15 08:30:00,113590.0,113470.0,-0.1056431023857734,LH (Lower High)
6447,2025-10-15 14:00:00,113470.0,112200.0,-1.11923856525954,LH (Lower High)
6448,2025-10-15 19:15:00,112200.0,111525.3,-0.6013368983957194,LH (Lower High)
6449,2025-10-16 03:15:00,111525.3,111832.0,0.27500486436709615,HH (Higher High)
6450,2025-10-16 07:00:00,111832.0,111733.1,-0.08843622576721706,LH (Lower High)
6451,2025-10-16 12:00:00,111733.1,111962.3,0.2051316932941063,HH (Higher High)
6452,2025-10-17 03:45:00,111962.3,109199.3,-2.467794963125981,LH (Lower High)
6453,2025-10-17 11:15:00,109199.3,106573.9,-2.4042278659295513,LH (Lower High)
6454,2025-10-17 16:00:00,106573.9,107584.5,0.9482621917749148,HH (Higher High)
6455,2025-10-17 21:45:00,107584.5,107400.6,-0.17093540426361992,LH (Lower High)
6456,2025-10-18 01:30:00,107400.6,107252.0,-0.1383604933305827,LH (Lower High)
6457,2025-10-18 07:00:00,107252.0,107476.5,0.20932010591877076,HH (Higher High)
6458,2025-10-18 12:15:00,107476.5,107273.0,-0.18934371699859967,LH (Lower High)
6459,2025-10-18 15:00:00,107273.0,107115.9,-0.14644878021497096,LH (Lower High)
6460,2025-10-18 20:30:00,107115.9,107314.4,0.18531329149080578,HH (Higher High)
6461,2025-10-19 03:45:00,107314.4,107335.8,0.019941405813207483,HH (Higher High)
6462,2025-10-19 11:00:00,107335.8,108200.0,0.8051367763597952,HH (Higher High)
6463,2025-10-19 17:15:00,108200.0,109434.5,1.1409426987060998,HH (Higher High)
6464,2025-10-19 22:30:00,109434.5,109360.0,-0.06807725168936671,LH (Lower High)
6465,2025-10-20 08:30:00,109360.0,111644.2,2.088697878566201,HH (Higher High)
6466,2025-10-20 15:45:00,111644.2,111692.3,0.0430832949674106,HH (Higher High)
6467,2025-10-20 20:00:00,111692.3,111238.6,-0.406205262135346,LH (Lower High)
6468,2025-10-21 16:30:00,111238.6,114000.0,2.482411680837402,HH (Higher High)
6469,2025-10-22 05:00:00,114000.0,108600.0,-4.736842105263158,LH (Lower High)
6470,2025-10-22 08:15:00,108600.0,108328.7,-0.2498158379373876,LH (Lower High)
6471,2025-10-22 13:45:00,108328.7,109273.7,0.8723450018323861,HH (Higher High)
6472,2025-10-23 06:45:00,109273.7,110281.7,0.9224543508639317,HH (Higher High)
6473,2025-10-23 18:00:00,110281.7,111272.4,0.8983358073007554,HH (Higher High)
6474,2025-10-24 07:00:00,111272.4,111512.8,0.216046387064545,HH (Higher High)
6475,2025-10-24 09:45:00,111512.8,111476.5,-0.032552316864075614,LH (Lower High)
6476,2025-10-24 12:30:00,111476.5,112162.2,0.6151072199073321,HH (Higher High)
6477,2025-10-24 22:30:00,112162.2,111088.9,-0.9569177494735329,LH (Lower High)
6478,2025-10-25 01:30:00,111088.9,111217.1,0.11540306907351827,HH (Higher High)
6479,2025-10-25 09:00:00,111217.1,111848.8,0.567988196059776,HH (Higher High)
6480,2025-10-25 12:45:00,111848.8,111935.8,0.0777835792605732,HH (Higher High)
6481,2025-10-25 18:45:00,111935.8,111704.0,-0.20708298864170616,LH (Lower High)
6482,2025-10-26 00:45:00,111704.0,111891.8,0.16812289622574206,HH (Higher High)
6483,2025-10-26 13:30:00,111891.8,114050.0,1.9288276710178915,HH (Higher High)
6484,2025-10-26 18:30:00,114050.0,113758.8,-0.25532661113546434,LH (Lower High)
6485,2025-10-26 22:00:00,113758.8,115583.0,1.603568251423184,HH (Higher High)
6486,2025-10-27 02:00:00,115583.0,115421.4,-0.13981294827094454,LH (Lower High)
6487,2025-10-27 07:00:00,115421.4,116373.3,0.8247170801948416,HH (Higher High)
6488,2025-10-27 18:00:00,116373.3,115756.6,-0.5299325532574887,LH (Lower High)
6489,2025-10-28 01:30:00,115756.6,114501.8,-1.0839986661667695,LH (Lower High)
6490,2025-10-28 14:15:00,114501.8,116060.5,1.3612886434973048,HH (Higher High)
6491,2025-10-28 17:15:00,116060.5,115571.8,-0.42107349184261406,LH (Lower High)
6492,2025-10-29 08:00:00,115571.8,113582.2,-1.7215272237691253,LH (Lower High)
6493,2025-10-29 13:15:00,113582.2,113598.0,0.013910630362858716,HH (Higher High)
6494,2025-10-29 21:30:00,113598.0,111773.0,-1.6065423687036742,LH (Lower High)
6495,2025-10-30 02:45:00,111773.0,110966.7,-0.7213727823356293,LH (Lower High)
6496,2025-10-30 07:15:00,110966.7,111571.9,0.5453888418777859,HH (Higher High)
6497,2025-10-31 01:00:00,111571.9,110014.6,-1.3957815543160854,LH (Lower High)
6498,2025-10-31 04:30:00,110014.6,110301.6,0.2608744657527274,HH (Higher High)
6499,2025-10-31 12:00:00,110301.6,110684.2,0.3468671352002068,HH (Higher High)
6500,2025-10-31 15:00:00,110684.2,111147.0,0.41812652573719006,HH (Higher High)
6501,2025-10-31 19:45:00,111147.0,110200.6,-0.8514849703545703,LH (Lower High)
6502,2025-11-01 04:00:00,110200.6,110537.2,0.30544298306904977,HH (Higher High)
6503,2025-11-01 08:15:00,110537.2,110232.0,-0.27610614345215645,LH (Lower High)
6504,2025-11-01 16:45:00,110232.0,110495.1,0.2386784236882265,HH (Higher High)
6505,2025-11-01 20:30:00,110495.1,110465.0,-0.027241026977672146,LH (Lower High)
6506,2025-11-02 04:45:00,110465.0,110750.9,0.25881500927895185,HH (Higher High)
6507,2025-11-02 12:00:00,110750.9,111200.0,0.40550460538018734,HH (Higher High)
6508,2025-11-03 00:00:00,111200.0,110721.3,-0.4304856115107888,LH (Lower High)
6509,2025-11-03 09:00:00,110721.3,107877.7,-2.568250192149122,LH (Lower High)
6510,2025-11-03 14:00:00,107877.7,108292.0,0.38404600765496755,HH (Higher High)
6511,2025-11-04 01:30:00,108292.0,107266.7,-0.946792006796442,LH (Lower High)
6512,2025-11-04 11:30:00,107266.7,104657.2,-2.432721431721121,LH (Lower High)
6513,2025-11-04 15:15:00,104657.2,104813.5,0.14934471780250466,HH (Higher High)
6514,2025-11-04 22:30:00,104813.5,101867.0,-2.8111836738588063,LH (Lower High)
6515,2025-11-05 05:00:00,101867.0,102312.3,0.43713862192859604,HH (Higher High)
6516,2025-11-05 09:00:00,102312.3,102178.1,-0.1311670248836133,LH (Lower High)
6517,2025-11-05 20:00:00,102178.1,104500.0,2.272404752094621,HH (Higher High)
6518,2025-11-05 23:30:00,104500.0,104076.6,-0.40516746411482696,LH (Lower High)
6519,2025-11-06 04:45:00,104076.6,104167.0,0.0868591018538213,HH (Higher High)
6520,2025-11-06 13:15:00,104167.0,103616.4,-0.5285743085622182,LH (Lower High)
6521,2025-11-06 18:45:00,103616.4,102292.3,-1.2778865121737402,LH (Lower High)
6522,2025-11-07 05:00:00,102292.3,102494.8,0.19796211445045228,HH (Higher High)
6523,2025-11-07 22:00:00,102494.8,104047.6,1.515003687991979,HH (Higher High)
6524,2025-11-08 08:30:00,104047.6,102633.4,-1.3591856035122498,LH (Lower High)
6525,2025-11-08 11:15:00,102633.4,102585.3,-0.04686583509850718,LH (Lower High)
6526,2025-11-08 18:45:00,102585.3,102174.1,-0.40083715698057815,LH (Lower High)
6527,2025-11-08 23:30:00,102174.1,102440.0,0.2602420770038534,HH (Higher High)
6528,2025-11-09 04:15:00,102440.0,102111.4,-0.32077313549395337,LH (Lower High)
6529,2025-11-09 15:45:00,102111.4,104158.1,2.004379530591111,HH (Higher High)
6530,2025-11-09 20:00:00,104158.1,105064.1,0.8698315349454339,HH (Higher High)
6531,2025-11-10 01:00:00,105064.1,106634.8,1.4949921048198167,HH (Higher High)
6532,2025-11-10 09:45:00,106634.8,106573.9,-0.05711081185504988,LH (Lower High)
6533,2025-11-10 13:45:00,106573.9,106585.7,0.011072129292446754,HH (Higher High)
6534,2025-11-10 20:00:00,106585.7,106299.9,-0.2681410358049935,LH (Lower High)
6535,2025-11-11 01:15:00,106299.9,107481.0,1.1111017037645434,HH (Higher High)
6536,2025-11-11 12:00:00,107481.0,105491.6,-1.8509317925958952,LH (Lower High)
6537,2025-11-12 12:15:00,105491.6,105316.9,-0.16560560272098598,LH (Lower High)
6538,2025-11-13 01:00:00,105316.9,102584.7,-2.594265497750121,LH (Lower High)
6539,2025-11-13 07:15:00,102584.7,104031.9,1.4107366888044681,HH (Higher High)
6540,2025-11-13 14:45:00,104031.9,103442.0,-0.5670376105790572,LH (Lower High)
6541,2025-11-13 23:30:00,103442.0,100453.0,-2.88954196554591,LH (Lower High)
6542,2025-11-14 16:30:00,100453.0,97383.4,-3.0557574188924232,LH (Lower High)
6543,2025-11-15 03:15:00,97383.4,96777.0,-0.6226933953836015,LH (Lower High)
6544,2025-11-15 06:30:00,96777.0,96542.6,-0.24220630935035617,LH (Lower High)
6545,2025-11-15 14:00:00,96542.6,96439.6,-0.10668865350632777,LH (Lower High)
6546,2025-11-16 05:15:00,96439.6,96170.1,-0.27944952073629503,LH (Lower High)
6547,2025-11-16 09:45:00,96170.1,96594.9,0.44171733210216935,HH (Higher High)
6548,2025-11-16 18:00:00,96594.9,95533.8,-1.0985052005851152,LH (Lower High)
6549,2025-11-17 04:00:00,95533.8,95550.0,0.01695734912669347,HH (Higher High)
6550,2025-11-17 08:15:00,95550.0,95989.0,0.4594453165881737,HH (Higher High)
6551,2025-11-17 11:30:00,95989.0,95906.4,-0.08605152673744473,LH (Lower High)
6552,2025-11-17 14:30:00,95906.4,96046.2,0.1457671229448743,HH (Higher High)
6553,2025-11-17 22:30:00,96046.2,92370.0,-3.8275329997438705,LH (Lower High)
6554,2025-11-18 16:30:00,92370.0,93800.0,1.5481216845296093,HH (Higher High)
6555,2025-11-18 22:30:00,93800.0,93400.0,-0.42643923240938164,LH (Lower High)
6556,2025-11-19 07:45:00,93400.0,91975.2,-1.5254817987152065,LH (Lower High)
6557,2025-11-19 15:15:00,91975.2,92346.4,0.4035870539014833,HH (Higher High)
6558,2025-11-20 02:00:00,92346.4,92783.0,0.4727850787903003,HH (Higher High)
6559,2025-11-20 05:00:00,92783.0,93150.0,0.39554659797592234,HH (Higher High)
6560,2025-11-20 13:30:00,93150.0,92500.0,-0.6977992485238862,LH (Lower High)
6561,2025-11-20 22:30:00,92500.0,88211.0,-4.636756756756757,LH (Lower High)
6562,2025-11-21 05:15:00,88211.0,86300.0,-2.166396481164481,LH (Lower High)
6563,2025-11-21 17:15:00,86300.0,85535.7,-0.8856315179606059,LH (Lower High)
6564,2025-11-22 00:00:00,85535.7,85592.2,0.06605429078150994,HH (Higher High)
6565,2025-11-22 06:30:00,85592.2,84767.1,-0.9639897093426636,LH (Lower High)
6566,2025-11-22 16:45:00,84767.1,84888.0,0.14262608960315284,HH (Higher High)
6567,2025-11-22 20:00:00,84888.0,84775.9,-0.13205635661107085,LH (Lower High)
6568,2025-11-23 04:15:00,84775.9,86850.0,2.446567951505093,HH (Higher High)
6569,2025-11-23 16:00:00,86850.0,87450.0,0.690846286701209,HH (Higher High)
