start_time,end_time,L_low,L_high,L_range_pct,H_low,H_high,H_range_pct,box_low,box_high,L_count,H_count
2020-04-16 16:30:00,2020-04-18 10:15:00,6955.0,7017.5,0.8946144211844694,7083.0,7188.0,1.4715156611309648,6955.0,7188.0,5,6
2020-04-16 20:00:00,2020-04-18 16:30:00,6960.0,7051.5,1.3060700139171395,7083.0,7260.0,2.4681029073415606,6960.0,7260.0,5,7
2020-04-25 00:45:00,2020-04-26 06:00:00,7437.0,7520.0,1.1098482315972455,7586.0,7702.5,1.524021323216797,7437.0,7702.5,5,3
2020-04-25 08:45:00,2020-04-26 15:00:00,7468.0,7524.5,0.7537101884275471,7598.0,7702.5,1.3659684324041699,7468.0,7702.5,5,3
2020-04-25 11:30:00,2020-04-26 22:15:00,7468.0,7524.5,0.7537101884275471,7656.5,7702.5,0.5989973305553747,7468.0,7702.5,5,3
2020-04-26 22:15:00,2020-04-28 15:00:00,7581.5,7663.0,1.0692380858670338,7722.5,7791.5,0.8895191439989687,7581.5,7791.5,5,5
2020-04-27 07:00:00,2020-04-28 20:00:00,7624.0,7667.0,0.562422339938526,7722.5,7778.0,0.7161059320667076,7624.0,7778.0,5,5
2020-04-27 13:30:00,2020-04-29 02:00:00,7624.0,7705.0,1.056820405766847,7739.0,7849.5,1.4177117747057126,7624.0,7849.5,5,5
2020-05-01 16:00:00,2020-05-02 18:00:00,8659.0,8786.5,1.4616949929781318,8780.5,9010.0,2.580028666985189,8659.0,9010.0,5,3
2020-05-17 22:15:00,2020-05-19 12:30:00,9470.0,9600.5,1.3686059620880417,9729.0,9957.5,2.3213877530287252,9470.0,9957.5,5,4
2020-05-18 08:45:00,2020-05-19 17:30:00,9470.0,9567.5,1.0242941562705186,9729.0,9896.0,1.7019108280254776,9470.0,9896.0,5,3
2020-05-19 17:30:00,2020-05-20 15:45:00,9617.5,9710.0,0.9571853576510154,9797.0,9848.5,0.5242930951108397,9617.5,9848.5,5,4
2020-05-22 13:30:00,2020-05-23 19:00:00,9082.0,9135.0,0.5818740736674535,9214.5,9308.5,1.0149543810397883,9082.0,9308.5,5,4
2020-05-22 20:00:00,2020-05-24 00:00:00,9082.0,9135.0,0.5818740736674535,9214.5,9308.5,1.0149543810397883,9082.0,9308.5,5,4
2020-05-22 23:30:00,2020-05-24 16:30:00,9082.0,9135.0,0.5818740736674535,9214.5,9308.5,1.0149543810397883,9082.0,9308.5,5,7
2020-05-28 19:00:00,2020-05-30 03:15:00,9329.5,9470.5,1.5,9447.5,9614.5,1.7521771062847549,9329.5,9614.5,5,5
2020-05-29 11:00:00,2020-05-30 15:15:00,9327.5,9465.5,1.4686319374235086,9447.5,9599.0,1.5908434620533956,9327.5,9599.0,5,6
2020-05-30 09:00:00,2020-05-31 15:30:00,9397.0,9523.0,1.331923890063425,9569.0,9735.0,1.7198508081226689,9397.0,9735.0,5,4
2020-05-30 20:45:00,2020-06-01 12:15:00,9390.5,9523.0,1.4011156052555052,9574.0,9735.0,1.6676161375524368,9390.5,9735.0,5,4
2020-05-31 04:15:00,2020-06-01 15:00:00,9390.5,9523.0,1.4011156052555052,9574.0,9633.5,0.61954965508265,9390.5,9633.5,5,4
2020-06-02 20:00:00,2020-06-03 19:30:00,9395.0,9503.5,1.1482392782495965,9549.5,9642.0,0.9639684235208295,9395.0,9642.0,5,3
2020-06-05 08:15:00,2020-06-07 00:15:00,9538.0,9662.5,1.2968412280930184,9644.0,9851.5,2.1286963658280116,9538.0,9851.5,5,6
2020-06-05 11:45:00,2020-06-07 08:30:00,9538.0,9621.5,0.8716302617500458,9644.0,9753.5,1.1290114705503287,9538.0,9753.5,5,6
2020-06-06 00:30:00,2020-06-07 14:00:00,9538.0,9621.5,0.8716302617500458,9644.0,9730.0,0.887787756787447,9538.0,9730.0,5,6
2020-06-08 03:30:00,2020-06-09 00:15:00,9640.5,9704.5,0.6616696820883949,9739.5,9873.5,1.3664406261153317,9640.5,9873.5,5,4
2020-06-08 08:15:00,2020-06-09 04:15:00,9569.5,9677.0,1.117086223469202,9739.5,9873.5,1.3664406261153317,9569.5,9873.5,5,3
2020-06-08 16:45:00,2020-06-09 19:15:00,9569.5,9677.0,1.117086223469202,9739.5,9873.5,1.3664406261153317,9569.5,9873.5,5,3
2020-06-08 21:15:00,2020-06-10 04:30:00,9569.5,9677.5,1.1222528186210838,9748.0,9873.5,1.2792090309099713,9569.5,9873.5,5,4
2020-06-09 04:15:00,2020-06-10 18:45:00,9626.0,9732.5,1.1002918614562078,9748.0,9995.0,2.502152661702882,9626.0,9995.0,5,6
2020-06-09 10:45:00,2020-06-11 03:30:00,9626.0,9732.5,1.1002918614562078,9748.0,9995.0,2.502152661702882,9626.0,9995.0,5,8
2020-06-12 17:45:00,2020-06-14 14:30:00,9305.5,9390.0,0.9039608461929342,9440.5,9494.0,0.5651060233964457,9305.5,9494.0,5,5
2020-06-13 04:15:00,2020-06-14 18:00:00,9313.0,9390.0,0.8233973159386195,9437.5,9494.0,0.5968887832448565,9313.0,9494.0,5,6
2020-06-13 11:15:00,2020-06-14 22:15:00,9313.0,9390.0,0.8233973159386195,9437.5,9494.0,0.5968887832448565,9313.0,9494.0,5,5
2020-06-13 20:00:00,2020-06-15 06:30:00,9243.0,9379.0,1.460637955106863,9411.0,9477.5,0.7041321438970802,9243.0,9477.5,5,4
2020-06-16 00:45:00,2020-06-17 16:30:00,9372.5,9455.0,0.876377639091754,9509.5,9584.5,0.7855870954226459,9372.5,9584.5,5,7
2020-06-16 06:45:00,2020-06-17 20:00:00,9354.0,9455.0,1.0739539582114943,9509.5,9584.5,0.7855870954226459,9354.0,9584.5,5,6
2020-06-18 10:00:00,2020-06-19 20:15:00,9241.0,9379.5,1.4876077441529496,9328.5,9439.5,1.1828644501278773,9241.0,9439.5,5,5
2020-06-18 16:15:00,2020-06-19 23:45:00,9241.0,9376.0,1.4502873717569964,9328.5,9439.5,1.1828644501278773,9241.0,9439.5,5,6
2020-06-18 21:15:00,2020-06-20 04:15:00,9241.0,9277.0,0.3888108867048277,9328.5,9439.5,1.1828644501278773,9241.0,9439.5,5,6
2020-06-19 03:45:00,2020-06-20 11:15:00,9241.0,9294.0,0.5718910169948745,9328.5,9439.5,1.1828644501278773,9241.0,9439.5,5,6
2020-06-19 07:45:00,2020-06-20 15:15:00,9176.5,9294.0,1.2722990714923796,9346.5,9439.5,0.9900990099009901,9176.5,9439.5,5,5
2020-06-19 20:15:00,2020-06-21 10:00:00,9176.5,9294.0,1.2722990714923796,9346.5,9415.5,0.7355292612727854,9176.5,9415.5,5,6
2020-06-20 15:15:00,2020-06-22 19:15:00,9228.5,9331.0,1.1045556184164445,9388.5,9625.0,2.4877061035579984,9228.5,9625.0,5,7
2020-06-28 12:15:00,2020-06-30 01:00:00,9023.0,9121.5,1.0857284576593458,9129.5,9234.0,1.1381272633212622,9023.0,9234.0,5,6
2020-06-28 17:00:00,2020-06-30 06:15:00,9027.0,9160.0,1.4625831637983175,9129.5,9234.0,1.1381272633212622,9027.0,9234.0,5,6
2020-06-29 04:00:00,2020-06-30 13:00:00,9027.0,9160.0,1.4625831637983175,9129.5,9234.0,1.1381272633212622,9027.0,9234.0,5,6
2020-06-29 08:15:00,2020-06-30 19:00:00,9027.0,9160.0,1.4625831637983175,9135.0,9234.0,1.0779029887310143,9027.0,9234.0,5,6
2020-06-29 13:45:00,2020-07-01 00:30:00,9027.0,9160.0,1.4625831637983175,9168.0,9234.0,0.71731333550701,9027.0,9234.0,5,6
2020-06-30 01:00:00,2020-07-01 11:15:00,9071.0,9160.0,0.9763589490428392,9159.5,9205.0,0.49552125023823135,9071.0,9205.0,5,6
2020-06-30 06:15:00,2020-07-01 22:30:00,9071.0,9136.0,0.714011094633932,9159.5,9289.0,1.4039081768165433,9071.0,9289.0,5,6
2020-06-30 19:00:00,2020-07-02 08:45:00,9096.0,9215.0,1.299765168477964,9159.5,9289.0,1.4039081768165433,9096.0,9289.0,5,5
2020-07-01 00:30:00,2020-07-02 16:30:00,9100.0,9215.0,1.255801255801256,9159.5,9289.0,1.4039081768165433,9100.0,9289.0,5,6
2020-07-03 00:00:00,2020-07-04 12:00:00,9037.0,9081.0,0.4857048239320014,9093.0,9124.5,0.345821325648415,9037.0,9124.5,5,5
2020-07-03 04:15:00,2020-07-04 15:30:00,9037.0,9081.0,0.4857048239320014,9080.0,9124.5,0.4888901095882886,9037.0,9124.5,5,6
2020-07-03 09:45:00,2020-07-04 23:15:00,9037.0,9079.5,0.46918554908508814,9080.0,9185.5,1.1551832690044073,9037.0,9185.5,5,6
2020-07-03 14:30:00,2020-07-05 03:00:00,9037.0,9112.0,0.8264918177310044,9080.0,9185.5,1.1551832690044073,9037.0,9185.5,5,6
2020-07-03 23:30:00,2020-07-05 09:45:00,9037.0,9114.5,0.8539239181334877,9080.0,9185.5,1.1551832690044073,9037.0,9185.5,5,4
2020-07-04 12:00:00,2020-07-05 14:00:00,8991.5,9114.5,1.3586656357008726,9080.0,9185.5,1.1551832690044073,8991.5,9185.5,5,3
2020-07-04 15:30:00,2020-07-05 21:15:00,8991.5,9114.5,1.3586656357008726,9065.0,9185.5,1.3205117668009094,8991.5,9185.5,5,3
2020-07-06 10:45:00,2020-07-08 05:30:00,9173.0,9256.5,0.9061558913698148,9278.0,9349.0,0.7623342459870082,9173.0,9349.0,5,4
2020-07-06 20:15:00,2020-07-09 02:45:00,9205.0,9256.5,0.557917828995477,9278.0,9466.5,2.011256635279682,9205.0,9466.5,5,6
2020-07-09 15:15:00,2020-07-11 09:30:00,9125.0,9204.0,0.8620219324567625,9197.0,9300.0,1.1136941125587934,9125.0,9300.0,5,4
2020-07-09 19:30:00,2020-07-11 20:00:00,9125.0,9204.0,0.8620219324567625,9197.0,9300.0,1.1136941125587934,9125.0,9300.0,5,5
2020-07-10 04:30:00,2020-07-12 07:45:00,9125.0,9204.0,0.8620219324567625,9197.0,9300.0,1.1136941125587934,9125.0,9300.0,5,6
2020-07-10 11:45:00,2020-07-12 13:30:00,9158.5,9241.0,0.8967634990081251,9245.0,9335.0,0.9687836383207751,9158.5,9335.0,5,6
2020-07-10 18:45:00,2020-07-12 19:30:00,9180.0,9241.0,0.6622876065360187,9220.0,9335.0,1.2395580706009162,9180.0,9335.0,5,6
2020-07-11 09:30:00,2020-07-13 00:45:00,9157.0,9241.0,0.9131427329057507,9220.0,9335.0,1.2395580706009162,9157.0,9335.0,5,5
2020-07-11 20:00:00,2020-07-13 06:45:00,9157.0,9266.5,1.1886992156756317,9220.0,9335.0,1.2395580706009162,9157.0,9335.0,5,4
2020-07-12 07:45:00,2020-07-13 15:45:00,9157.0,9266.5,1.1886992156756317,9220.0,9335.5,1.244913906927865,9157.0,9335.5,5,4
2020-07-12 13:30:00,2020-07-13 19:15:00,9157.0,9280.5,1.3396610169491525,9220.0,9335.5,1.244913906927865,9157.0,9335.5,5,3
2020-07-13 19:15:00,2020-07-15 04:15:00,9116.0,9212.0,1.0475774770842428,9202.0,9271.5,0.7524291552764771,9116.0,9271.5,5,4
2020-07-14 01:00:00,2020-07-15 09:30:00,9116.0,9223.0,1.1669120453677955,9202.0,9271.5,0.7524291552764771,9116.0,9271.5,5,4
2020-07-14 04:15:00,2020-07-15 18:45:00,9116.0,9223.0,1.1669120453677955,9202.0,9271.5,0.7524291552764771,9116.0,9271.5,5,6
2020-07-14 11:15:00,2020-07-16 00:15:00,9116.0,9223.0,1.1669120453677955,9234.0,9271.5,0.40528491529545274,9116.0,9271.5,5,6
2020-07-14 14:15:00,2020-07-16 10:00:00,9161.5,9223.0,0.6690418559112296,9219.5,9271.5,0.5624357795684387,9161.5,9271.5,5,6
2020-07-16 10:00:00,2020-07-18 03:30:00,9045.5,9129.0,0.9188698451126579,9125.0,9180.0,0.6009287080032778,9045.5,9180.0,5,6
2020-07-16 14:00:00,2020-07-18 19:45:00,9070.0,9129.0,0.6483872740260453,9125.0,9214.0,0.9706090844648019,9070.0,9214.0,5,8
2020-07-16 20:45:00,2020-07-19 03:15:00,9087.5,9155.0,0.7400301493764561,9125.0,9214.0,0.9706090844648019,9087.5,9214.0,5,7
2020-07-17 05:30:00,2020-07-19 10:15:00,9087.5,9155.0,0.7400301493764561,9125.0,9214.0,0.9706090844648019,9087.5,9214.0,5,6
2020-07-17 17:15:00,2020-07-20 10:45:00,9108.0,9155.0,0.5147018562120134,9141.5,9224.5,0.9038440596754873,9108.0,9224.5,5,7
2020-07-18 03:30:00,2020-07-20 19:30:00,9108.0,9155.0,0.5147018562120134,9141.5,9224.5,0.9038440596754873,9108.0,9224.5,5,6
2020-07-18 19:45:00,2020-07-21 16:00:00,9108.0,9155.0,0.5147018562120134,9168.0,9437.0,2.891695780704112,9108.0,9437.0,5,6
2020-07-21 16:00:00,2020-07-22 21:15:00,9276.5,9349.0,0.7785025905344822,9350.0,9379.0,0.3096801751294784,9276.5,9379.0,5,4
2020-07-21 19:45:00,2020-07-23 03:00:00,9276.5,9354.0,0.8319690829553689,9350.0,9537.0,1.9801980198019802,9276.5,9537.0,5,4
2020-07-22 21:15:00,2020-07-24 13:45:00,9354.0,9472.0,1.2535854669074684,9529.0,9662.0,1.3860663852847688,9354.0,9662.0,5,4
2020-07-23 03:00:00,2020-07-24 23:30:00,9440.0,9500.0,0.6335797254487857,9529.0,9662.0,1.3860663852847688,9440.0,9662.0,5,4
2020-07-23 05:45:00,2020-07-25 13:30:00,9440.0,9512.0,0.7598142676234698,9529.0,9662.0,1.3860663852847688,9440.0,9662.0,5,6
2020-07-23 14:15:00,2020-07-26 01:30:00,9440.0,9555.0,1.2108449591997894,9555.0,9730.0,1.8148820326678767,9440.0,9730.0,5,7
2020-07-29 14:45:00,2020-07-30 21:45:00,10835.0,10994.0,1.4567776810664712,11035.0,11345.0,2.7703306523681857,10835.0,11345.0,5,4
2020-08-08 00:15:00,2020-08-09 06:00:00,11523.0,11684.5,1.3917914467305827,11618.5,11810.0,1.6347610815886635,11523.0,11810.0,5,5
2020-08-08 05:15:00,2020-08-09 09:45:00,11523.0,11684.5,1.3917914467305827,11618.5,11810.0,1.6347610815886635,11523.0,11810.0,5,5
2020-08-08 08:45:00,2020-08-09 15:00:00,11569.0,11684.5,0.9933988431848969,11720.0,11810.0,0.764980875478113,11569.0,11810.0,5,4
2020-08-08 16:15:00,2020-08-09 17:45:00,11548.0,11684.5,1.1750780157107499,11720.0,11799.5,0.676034779650928,11548.0,11799.5,5,3
2020-08-09 01:45:00,2020-08-10 05:30:00,11532.0,11684.5,1.3137208450886224,11720.0,12063.0,2.8844132363452886,11532.0,12063.0,5,3
2020-08-14 21:15:00,2020-08-16 01:00:00,11700.0,11839.0,1.1810187348655423,11911.0,11981.5,0.5901433504237732,11700.0,11981.5,5,4
2020-08-15 04:15:00,2020-08-16 12:15:00,11700.0,11839.0,1.1810187348655423,11911.0,11981.5,0.5901433504237732,11700.0,11981.5,5,4
2020-08-15 08:30:00,2020-08-16 20:30:00,11700.0,11839.0,1.1810187348655423,11900.0,11981.5,0.6825366915813496,11700.0,11981.5,5,4
2020-08-15 12:15:00,2020-08-17 02:30:00,11700.0,11810.0,0.9357720119098255,11900.0,11981.5,0.6825366915813496,11700.0,11981.5,5,5
2020-08-15 21:45:00,2020-08-17 06:00:00,11706.5,11810.0,0.8802330278740458,11881.0,11936.0,0.4618549775370534,11706.5,11936.0,5,4
2020-08-22 04:45:00,2020-08-23 11:45:00,11419.0,11581.0,1.4086956521739131,11617.0,11686.0,0.5921984293867742,11419.0,11686.0,5,4
2020-08-22 11:45:00,2020-08-23 21:15:00,11525.0,11581.0,0.4847225828789059,11617.0,11722.5,0.9040467876346966,11525.0,11722.5,5,5
2020-08-22 16:45:00,2020-08-24 00:15:00,11525.0,11649.0,1.070164839906792,11617.0,11722.5,0.9040467876346966,11525.0,11722.5,5,4
2020-08-22 20:00:00,2020-08-24 06:00:00,11525.0,11649.0,1.070164839906792,11617.0,11722.5,0.9040467876346966,11525.0,11722.5,5,4
2020-08-23 05:45:00,2020-08-24 19:00:00,11525.0,11649.0,1.070164839906792,11617.0,11826.0,1.7830482446785823,11525.0,11826.0,5,5
2020-08-28 08:00:00,2020-08-30 08:45:00,11364.0,11469.0,0.9197214557876757,11480.0,11611.0,1.1346412021999914,11364.0,11611.0,5,6
2020-08-28 14:45:00,2020-08-30 15:45:00,11409.5,11561.0,1.3190831718943863,11533.5,11657.0,1.0650913089411613,11409.5,11657.0,5,6
2020-08-29 02:00:00,2020-08-30 22:00:00,11426.0,11572.5,1.2739961301824032,11543.0,11657.0,0.9827586206896551,11426.0,11657.0,5,4
2020-08-29 23:45:00,2020-09-01 00:15:00,11463.5,11600.0,1.1836885121512348,11611.0,11775.0,1.4025485333105276,11463.5,11775.0,5,4
2020-08-30 08:45:00,2020-09-01 14:00:00,11537.5,11600.0,0.5402485143165856,11657.0,11775.0,1.0071696824854899,11537.5,11775.0,5,3
2020-09-09 23:15:00,2020-09-11 17:30:00,10178.0,10255.0,0.7536827680712572,10335.0,10485.5,1.4456905453759514,10178.0,10485.5,5,5
2020-09-10 09:15:00,2020-09-12 03:00:00,10208.5,10272.5,0.6249694839119184,10335.0,10485.5,1.4456905453759514,10208.5,10485.5,5,5
2020-09-10 19:15:00,2020-09-12 07:00:00,10208.5,10325.5,1.1395733904743353,10335.0,10393.0,0.5596294866846777,10208.5,10393.0,5,5
2020-09-11 04:00:00,2020-09-12 13:30:00,10208.5,10325.5,1.1395733904743353,10335.0,10393.0,0.5596294866846777,10208.5,10393.0,5,5
2020-09-11 12:30:00,2020-09-12 22:15:00,10254.5,10325.5,0.6899902818270165,10340.0,10481.0,1.3544018058690745,10254.5,10481.0,5,5
2020-09-11 17:30:00,2020-09-13 01:45:00,10272.5,10405.0,1.281586265264176,10353.0,10481.0,1.2287606796582509,10272.5,10481.0,5,4
2020-09-12 03:00:00,2020-09-13 13:00:00,10276.0,10406.0,1.2571318054346774,10353.0,10572.5,2.0979188071969608,10276.0,10572.5,5,5
2020-09-12 07:00:00,2020-09-13 17:15:00,10264.5,10406.0,1.3691008925763768,10353.0,10572.5,2.0979188071969608,10264.5,10572.5,5,4
2020-09-14 18:15:00,2020-09-16 10:30:00,10610.0,10692.0,0.7698807623697306,10730.0,10943.0,1.9655792922068933,10610.0,10943.0,5,5
2020-09-16 10:30:00,2020-09-18 04:00:00,10743.0,10856.0,1.0463447381823232,10864.0,11090.5,2.063358309230454,10743.0,11090.5,5,7
2020-09-16 14:30:00,2020-09-18 18:00:00,10743.0,10875.0,1.2212045517624202,10864.0,11090.5,2.063358309230454,10743.0,11090.5,5,8
2020-09-17 04:00:00,2020-09-19 08:00:00,10743.0,10875.0,1.2212045517624202,10864.0,11031.5,1.5299947477792242,10743.0,11031.5,5,7
2020-09-17 07:30:00,2020-09-19 15:15:00,10743.0,10884.0,1.3039256484949369,10864.0,11168.0,2.7596223674655045,10743.0,11168.0,5,7
2020-09-19 15:15:00,2020-09-20 13:00:00,10900.0,11050.0,1.366742596810934,10984.0,11100.5,1.055038601734248,10900.0,11100.5,5,4
2020-09-20 03:00:00,2020-09-21 14:30:00,10783.0,10928.0,1.3357284325917738,10888.0,10984.0,0.8778346744696415,10783.0,10984.0,5,3
2020-09-21 14:30:00,2020-09-22 21:00:00,10283.5,10427.0,1.38577050288501,10495.0,10572.0,0.7310010917548773,10283.5,10572.0,5,4
2020-09-22 00:00:00,2020-09-23 20:45:00,10361.0,10453.0,0.8840203709041992,10495.0,10572.0,0.7310010917548773,10361.0,10572.0,5,4
2020-09-24 19:15:00,2020-09-26 20:15:00,10562.0,10666.5,0.9845255199378196,10680.5,10830.0,1.3900188280142256,10562.0,10830.0,5,7
2020-09-25 14:00:00,2020-09-27 08:30:00,10562.0,10699.0,1.2887446498283242,10726.5,10830.0,0.960267204787419,10562.0,10830.0,5,6
2020-09-26 01:00:00,2020-09-27 12:00:00,10611.0,10699.0,0.8259033317691225,10674.5,10830.0,1.4462089330140202,10611.0,10830.0,5,6
2020-09-26 10:15:00,2020-09-27 15:15:00,10600.0,10699.0,0.9296211089722521,10674.5,10795.5,1.1271541686073592,10600.0,10795.5,5,5
2020-09-26 13:00:00,2020-09-27 19:30:00,10600.0,10699.0,0.9296211089722521,10674.5,10795.5,1.1271541686073592,10600.0,10795.5,5,5
2020-09-26 20:15:00,2020-09-28 09:30:00,10600.0,10703.0,0.9669999530582547,10674.5,10951.5,2.5617312494219924,10600.0,10951.5,5,6
2020-09-29 09:45:00,2020-09-30 18:45:00,10638.0,10718.0,0.7492039707810452,10787.0,10855.0,0.6284077257185103,10638.0,10855.0,5,3
2020-09-29 13:15:00,2020-10-01 16:45:00,10638.0,10718.0,0.7492039707810452,10788.0,10909.5,1.1199446940891806,10638.0,10909.5,5,5
2020-10-01 16:45:00,2020-10-03 02:15:00,10392.0,10473.0,0.7764198418404026,10582.0,10627.5,0.4290530186944529,10392.0,10627.5,5,3
2020-10-02 05:30:00,2020-10-03 06:00:00,10392.0,10527.5,1.2954420516742753,10555.5,10595.0,0.3735136285194203,10392.0,10595.0,5,3
2020-10-02 10:15:00,2020-10-04 01:30:00,10392.0,10527.5,1.2954420516742753,10554.0,10601.0,0.44433939966910896,10392.0,10601.0,5,7
2020-10-02 13:15:00,2020-10-04 10:00:00,10449.5,10527.5,0.7436716403680221,10554.0,10627.5,0.6940018412293747,10449.5,10627.5,5,8
2020-10-02 21:45:00,2020-10-04 16:00:00,10473.0,10573.5,0.9550281519492552,10554.0,10627.5,0.6940018412293747,10473.0,10627.5,5,8
2020-10-03 02:15:00,2020-10-05 06:15:00,10502.0,10583.5,0.7730430864812312,10554.0,10729.0,1.6445050039937978,10502.0,10729.0,5,9
2020-10-03 06:00:00,2020-10-05 12:00:00,10502.0,10618.0,1.0984848484848484,10554.0,10729.0,1.6445050039937978,10502.0,10729.0,5,9
2020-10-04 01:30:00,2020-10-05 18:15:00,10521.0,10650.0,1.2186481507722828,10610.0,10756.0,1.3666573060001872,10521.0,10756.0,5,6
2020-10-04 10:00:00,2020-10-06 08:00:00,10573.5,10671.5,0.9225700164744647,10610.0,10781.5,1.6034406189374284,10573.5,10781.5,5,6
2020-10-04 16:00:00,2020-10-06 11:00:00,10583.5,10701.0,1.1040898306279217,10679.5,10781.5,0.9505614836214529,10583.5,10781.5,5,5
2020-10-05 06:15:00,2020-10-06 15:00:00,10618.0,10701.0,0.7786481542286223,10679.5,10781.5,0.9505614836214529,10618.0,10781.5,5,3
2020-10-05 12:00:00,2020-10-06 21:00:00,10630.0,10701.0,0.665697810698045,10749.0,10781.5,0.3018973084693807,10630.0,10781.5,5,3
2020-10-06 11:00:00,2020-10-08 01:30:00,10531.0,10648.5,1.1095634930003069,10617.5,10749.0,1.230898836964407,10531.0,10749.0,5,4
2020-10-06 15:00:00,2020-10-08 09:00:00,10531.0,10630.0,0.9356835688294504,10617.5,10749.0,1.230898836964407,10531.0,10749.0,5,5
2020-10-10 10:00:00,2020-10-11 21:00:00,11248.0,11341.5,0.8278182341353284,11369.0,11447.0,0.6837307152875175,11248.0,11447.0,5,6
2020-10-10 15:45:00,2020-10-12 07:00:00,11274.0,11341.5,0.5969357299197453,11369.0,11447.0,0.6837307152875175,11274.0,11447.0,5,6
2020-10-10 23:30:00,2020-10-12 10:30:00,11274.0,11341.5,0.5969357299197453,11369.0,11447.0,0.6837307152875175,11274.0,11447.0,5,4
2020-10-11 04:30:00,2020-10-12 20:00:00,11200.0,11341.5,1.255462147594437,11369.0,11601.5,2.0243355608280185,11200.0,11601.5,5,4
2020-10-12 20:00:00,2020-10-14 04:00:00,11390.5,11536.5,1.2736075369651503,11462.0,11729.0,2.30261739467897,11390.5,11729.0,5,4
2020-10-13 03:00:00,2020-10-14 12:00:00,11373.0,11440.0,0.5873843860956472,11462.0,11560.0,0.85135956910781,11373.0,11560.0,5,3
2020-10-13 07:15:00,2020-10-14 15:45:00,11360.5,11440.0,0.6973531282208724,11462.0,11560.0,0.85135956910781,11360.5,11560.0,5,3
2020-10-13 10:00:00,2020-10-14 18:30:00,11295.0,11413.0,1.0392813105513476,11462.0,11560.0,0.85135956910781,11295.0,11560.0,5,3
2020-10-14 04:00:00,2020-10-15 09:45:00,11295.0,11373.0,0.6881948120698782,11419.0,11549.5,1.136338898926791,11295.0,11549.5,5,3
2020-10-14 12:00:00,2020-10-15 21:00:00,11260.0,11366.5,0.9413740525490023,11419.0,11612.0,1.6760019104684991,11260.0,11612.0,5,4
2020-10-16 04:15:00,2020-10-17 09:30:00,11203.5,11295.0,0.8133875591706113,11366.5,11407.0,0.355676553889389,11203.5,11407.0,5,3
2020-10-16 09:15:00,2020-10-17 14:45:00,11231.0,11317.5,0.767235071069029,11353.0,11407.0,0.4745166959578207,11231.0,11407.0,5,4
2020-10-16 15:15:00,2020-10-18 09:45:00,11260.5,11317.5,0.5049162901939941,11353.0,11470.0,1.0252815142619287,11260.5,11470.0,5,6
2020-10-16 20:00:00,2020-10-18 20:15:00,11260.5,11400.0,1.2312173164758058,11353.0,11483.0,1.1385531616745488,11260.5,11483.0,5,7
2020-10-17 00:30:00,2020-10-19 04:00:00,11260.5,11408.5,1.3057479377122942,11353.0,11520.5,1.4645769121472445,11260.5,11520.5,5,8
2020-10-21 19:45:00,2020-10-23 00:30:00,12679.5,12819.0,1.094182010706512,13030.0,13239.5,1.5950056148765677,12679.5,13239.5,5,3
2020-10-21 23:00:00,2020-10-23 08:00:00,12701.5,12856.5,1.2129274591126065,12996.0,13239.5,1.8562634598158982,12701.5,13239.5,5,5
2020-10-22 04:30:00,2020-10-23 16:30:00,12701.5,12877.5,1.376128855701943,12996.0,13195.5,1.5233949945593037,12701.5,13195.5,5,5
2020-10-22 09:00:00,2020-10-24 00:15:00,12715.0,12877.5,1.2699032919800723,12996.0,13195.5,1.5233949945593037,12715.0,13195.5,5,5
2020-10-22 12:30:00,2020-10-24 09:00:00,12743.0,12881.0,1.0771152044957852,12996.0,13195.5,1.5233949945593037,12743.0,13195.5,5,5
2020-10-23 00:30:00,2020-10-24 14:15:00,12743.0,12918.5,1.3678078054673344,12996.0,13032.0,0.2766251728907331,12743.0,13032.0,5,4
2020-10-31 19:00:00,2020-11-02 05:15:00,13611.0,13683.5,0.5312425580245105,13793.5,13875.0,0.5891175885935269,13611.0,13875.0,5,5
2020-11-01 00:30:00,2020-11-02 12:45:00,13611.0,13653.5,0.3117607144822021,13741.0,13844.5,0.7503942288521143,13611.0,13844.5,5,5
2020-11-10 00:15:00,2020-11-11 04:30:00,15091.5,15276.0,1.2151148431711534,15428.0,15506.0,0.50429947630439,15091.5,15506.0,5,4
2020-11-14 10:00:00,2020-11-16 09:30:00,15711.5,15920.0,1.318306118900463,16023.0,16280.0,1.5911834814103953,15711.5,16280.0,5,6
2020-11-20 18:30:00,2020-11-22 11:45:00,18329.5,18514.0,1.0015335133741365,18775.0,18981.5,1.0938513898269173,18329.5,18981.5,5,4
2020-12-05 13:30:00,2020-12-06 13:45:00,18948.0,19122.0,0.9141055949566588,19095.0,19342.0,1.2852199703410776,18948.0,19342.0,5,5
2020-12-05 17:15:00,2020-12-06 22:30:00,18866.0,19122.0,1.3477940402232285,19095.0,19342.0,1.2852199703410776,18866.0,19342.0,5,5
2020-12-05 22:15:00,2020-12-07 03:00:00,18866.0,19122.0,1.3477940402232285,19095.0,19431.0,1.7442765924310857,18866.0,19431.0,5,5
2020-12-06 22:30:00,2020-12-08 09:30:00,18921.0,19168.5,1.299570747843894,19235.0,19431.0,1.0138105829410853,18921.0,19431.0,5,4
2020-12-13 15:30:00,2020-12-15 05:15:00,18976.5,19127.5,0.7925677094268317,19231.5,19585.5,1.8239431177061598,18976.5,19585.5,5,6
2020-12-13 22:15:00,2020-12-15 09:15:00,18976.5,19127.5,0.7925677094268317,19227.5,19585.5,1.8447427408342567,18976.5,19585.5,5,6
2020-12-14 05:15:00,2020-12-16 00:30:00,19032.5,19127.5,0.4979035639412998,19227.5,19585.5,1.8447427408342567,19032.5,19585.5,5,6
2020-12-14 12:15:00,2020-12-16 04:00:00,19032.5,19277.5,1.2790394152962672,19227.5,19585.5,1.8447427408342567,19032.5,19585.5,5,6
2021-03-19 08:00:00,2021-03-20 13:45:00,57522.0,58173.5,1.126232221650799,58858.0,59900.0,1.754829148352111,57522.0,59900.0,5,6
2021-03-19 14:00:00,2021-03-20 20:30:00,57882.5,58715.5,1.4288409749738418,58925.0,59900.0,1.641068798653482,57882.5,59900.0,5,5
2021-03-19 20:45:00,2021-03-21 06:15:00,57882.5,58715.5,1.4288409749738418,58925.0,59900.0,1.641068798653482,57882.5,59900.0,5,3
2021-03-31 20:00:00,2021-04-02 00:45:00,58044.0,58611.0,0.9720972097209721,59067.5,59496.0,0.7228194174429736,58044.0,59496.0,5,5
2021-04-01 07:00:00,2021-04-02 06:30:00,58044.0,58611.0,0.9720972097209721,59067.5,60300.0,2.065051207405701,58044.0,60300.0,5,5
2021-04-05 17:30:00,2021-04-06 14:30:00,58414.0,58709.0,0.503743927324266,59047.5,59552.0,0.8507624399765598,58414.0,59552.0,5,4
2021-04-11 06:15:00,2021-04-12 18:00:00,59333.0,59748.5,0.697841394339171,60200.0,61324.0,1.8498403607517855,59333.0,61324.0,5,6
2021-04-11 13:30:00,2021-04-12 21:15:00,59333.0,59771.0,0.7354916711445459,60272.5,61324.0,1.7294905692186862,59333.0,61324.0,5,6
2021-04-11 22:00:00,2021-04-13 04:30:00,59528.5,59860.0,0.5553298684546669,60274.5,61324.0,1.726172609037118,59528.5,61324.0,5,6
2021-06-14 19:15:00,2021-06-16 01:00:00,39336.0,39863.0,1.3308248841525776,40341.0,41300.0,2.3493097830746805,39336.0,41300.0,5,5
2021-07-01 10:15:00,2021-07-02 20:15:00,32695.0,33051.0,1.0829556170717611,33570.0,33924.0,1.048982131745044,32695.0,33924.0,5,5
2021-07-01 14:30:00,2021-07-03 03:45:00,32695.0,33051.0,1.0829556170717611,33570.0,33924.0,1.048982131745044,32695.0,33924.0,5,5
2021-07-15 17:45:00,2021-07-17 11:00:00,31056.0,31515.5,1.468719784566456,31914.0,32200.0,0.8921608385064105,31056.0,32200.0,5,3
2021-07-15 23:30:00,2021-07-18 00:00:00,31056.0,31515.5,1.468719784566456,31832.0,32200.0,1.1494252873563218,31056.0,32200.0,5,5
2021-07-16 11:45:00,2021-07-18 10:00:00,31056.0,31478.0,1.3496657818146927,31832.0,32380.0,1.706846072385224,31056.0,32380.0,5,5
2021-07-17 00:15:00,2021-07-18 14:30:00,31171.5,31600.0,1.3652692702898608,31832.0,32380.0,1.706846072385224,31171.5,32380.0,5,4
2021-07-31 05:30:00,2021-08-01 10:45:00,41016.0,41601.0,1.4161734267765715,41686.0,42600.0,2.1688062074365853,41016.0,42600.0,5,5
2021-07-31 14:00:00,2021-08-01 16:15:00,41016.0,41601.0,1.4161734267765715,41686.0,42600.0,2.1688062074365853,41016.0,42600.0,5,4
2021-08-17 22:15:00,2021-08-19 00:15:00,44300.0,44875.0,1.2895991028875806,45490.0,46000.0,1.1148759427259811,44300.0,46000.0,5,3
2021-08-18 01:00:00,2021-08-19 04:15:00,44300.0,44875.0,1.2895991028875806,45200.0,46000.0,1.7543859649122806,44300.0,46000.0,5,4
2021-08-20 18:30:00,2021-08-22 03:30:00,48250.0,48750.0,1.0309278350515463,49100.5,49800.0,1.414553010348785,48250.0,49800.0,5,5
2021-08-21 04:15:00,2021-08-22 08:15:00,48250.0,48750.0,1.0309278350515463,49100.5,49800.0,1.414553010348785,48250.0,49800.0,5,5
2021-08-21 11:00:00,2021-08-22 15:00:00,48250.0,48877.5,1.2921160330493424,49250.0,49800.0,1.110550227158001,48250.0,49800.0,5,5
2021-08-26 07:15:00,2021-08-27 13:00:00,46300.0,46627.5,0.7048505555406096,47443.0,47655.0,0.4458558539611769,46300.0,47655.0,5,3
2021-08-28 14:30:00,2021-08-29 15:00:00,47789.5,48510.0,1.4963732937346508,48670.0,49710.5,2.1152565803182544,47789.5,49710.5,5,3
2021-08-31 00:30:00,2021-09-01 07:45:00,46585.0,47187.5,1.2850249273507692,47310.0,48233.0,1.932114335953445,46585.0,48233.0,5,4
2021-08-31 07:00:00,2021-09-01 13:15:00,46585.0,47187.5,1.2850249273507692,47403.0,48233.0,1.7357480446693714,46585.0,48233.0,5,4
2021-09-03 07:45:00,2021-09-04 23:15:00,49250.0,49962.0,1.4353102447284602,50279.0,51037.5,1.497288200835994,49250.0,51037.5,5,3
2021-09-03 22:15:00,2021-09-05 06:15:00,49430.0,49962.0,1.0705086928525434,50279.0,50552.0,0.5415001338873957,49430.0,50552.0,5,3
2021-09-04 08:00:00,2021-09-05 11:15:00,49430.0,49962.0,1.0705086928525434,50279.0,50552.0,0.5415001338873957,49430.0,50552.0,5,4
2021-09-04 11:00:00,2021-09-05 15:30:00,49430.0,49859.0,0.8641440642971527,50279.0,50418.0,0.27607575200850076,49430.0,50418.0,5,4
2021-09-08 13:15:00,2021-09-09 20:15:00,45500.0,45923.0,0.9253688896667142,46520.5,47428.0,1.931909503611021,45500.0,47428.0,5,6
2021-09-08 20:00:00,2021-09-10 08:30:00,45500.0,45933.0,0.9471416228276442,46520.5,47428.0,1.931909503611021,45500.0,47428.0,5,5
2021-09-09 03:00:00,2021-09-10 15:00:00,45500.0,45933.0,0.9471416228276442,46478.0,47428.0,2.023299895640321,45500.0,47428.0,5,5
2021-09-11 03:30:00,2021-09-12 13:30:00,44772.0,45377.0,1.3422223208244128,45466.5,46248.5,1.7052826691380907,44772.0,46248.5,5,6
2021-09-15 12:45:00,2021-09-16 20:45:00,47250.0,47816.5,1.1917973208227925,48222.0,48447.0,0.4655060050274649,47250.0,48447.0,5,4
2021-09-16 03:15:00,2021-09-17 13:15:00,47055.0,47632.5,1.2198019801980198,48064.0,48435.0,0.7689198851801573,47055.0,48435.0,5,4
2021-09-16 10:30:00,2021-09-17 18:15:00,47055.0,47632.5,1.2198019801980198,48064.0,48222.0,0.3281889371248156,47055.0,48222.0,5,3
2021-09-16 14:15:00,2021-09-17 21:00:00,46788.0,47466.0,1.4386657330192882,47570.0,48222.0,1.3612827793552698,46788.0,48222.0,5,4
2021-09-16 20:45:00,2021-09-18 12:00:00,46788.0,47466.0,1.4386657330192882,47570.0,48800.0,2.5526616166856906,46788.0,48800.0,5,5
2021-09-22 21:45:00,2021-09-23 22:15:00,43004.0,43646.5,1.482968938436593,44188.0,44908.0,1.6162341743737092,43004.0,44908.0,5,3
2021-10-09 09:15:00,2021-10-10 13:00:00,54135.0,54745.0,1.1204996326230712,55167.5,56145.0,1.756316676024705,54135.0,56145.0,5,5
2021-10-09 16:45:00,2021-10-10 23:45:00,54135.0,54745.0,1.1204996326230712,55167.5,56666.0,2.6798767811076285,54135.0,56666.0,5,6
2021-10-13 20:45:00,2021-10-15 01:00:00,56604.0,57260.0,1.152251809175859,57799.5,58653.0,1.465833709022992,56604.0,58653.0,5,5
2021-10-25 06:00:00,2021-10-26 22:30:00,61850.0,62590.5,1.1901270084900013,62808.5,63750.5,1.4886337597484178,61850.0,63750.5,5,7
2021-10-27 08:00:00,2021-10-28 04:45:00,57919.5,58556.5,1.0937875613860366,59237.0,59684.0,0.7517595714802263,57919.5,59684.0,5,3
2021-11-04 11:30:00,2021-11-05 20:30:00,60628.0,61300.0,1.102289875992389,61468.5,62643.5,1.89345107644708,60628.0,62643.5,5,6
2021-11-04 19:00:00,2021-11-06 00:00:00,60628.0,61050.0,0.6936340176531501,61400.0,62643.5,2.0049418147665943,60628.0,62643.5,5,6
2021-11-04 22:00:00,2021-11-06 02:45:00,60764.0,61050.0,0.46956835831677807,61400.0,62643.5,2.0049418147665943,60764.0,62643.5,5,5
2021-11-05 00:45:00,2021-11-06 07:15:00,60764.0,60982.5,0.35894255687021803,61400.0,62643.5,2.0049418147665943,60764.0,62643.5,5,6
2021-11-05 16:00:00,2021-11-06 12:15:00,60415.0,60982.5,0.9349451183096852,61400.0,61600.0,0.3252032520325203,60415.0,61600.0,5,3
2021-11-05 20:30:00,2021-11-07 09:30:00,60150.0,60982.5,1.3745278930097207,61400.0,62343.5,1.5249285821073428,60150.0,62343.5,5,4
2021-11-11 02:30:00,2021-11-13 02:45:00,63754.0,64602.0,1.3213250646639034,64444.5,65594.0,1.7679379568358602,63754.0,65594.0,5,7
2021-11-12 01:15:00,2021-11-13 19:00:00,63409.5,64075.0,1.0440484921696362,64200.0,65465.0,1.9511818917980952,63409.5,65465.0,5,6
2021-11-12 22:45:00,2021-11-14 05:15:00,63409.5,63838.0,0.6734906383229533,64200.0,65375.0,1.8136214547559328,63409.5,65375.0,5,4
2021-11-26 12:00:00,2021-11-28 02:30:00,53563.0,54250.0,1.2744288722139259,54611.5,55298.5,1.250113729414976,53563.0,55298.5,5,6
2021-11-26 18:15:00,2021-11-28 09:15:00,53570.5,54250.0,1.2604282117037113,54611.5,55298.5,1.250113729414976,53570.5,55298.5,5,5
2021-11-26 23:45:00,2021-11-28 18:30:00,53570.5,54250.0,1.2604282117037113,54611.5,55298.5,1.250113729414976,53570.5,55298.5,5,6
2021-11-30 17:00:00,2021-12-02 03:15:00,56447.0,56791.0,0.607569897031032,57390.5,59073.0,2.8893172539035836,56447.0,59073.0,5,5
2021-12-01 21:00:00,2021-12-03 02:45:00,55800.0,56447.0,1.1528147745596764,57200.0,57390.5,0.3324882952775317,55800.0,57390.5,5,4
2021-12-02 03:15:00,2021-12-03 09:15:00,55800.0,56365.5,1.008331438811399,57066.5,57375.0,0.5391400846720813,55800.0,57375.0,5,4
2021-12-02 12:15:00,2021-12-03 20:15:00,56072.0,56500.0,0.760402231460754,57066.5,57690.0,1.086648686566774,56072.0,57690.0,5,5
2021-12-18 08:45:00,2021-12-19 19:15:00,46193.0,46828.0,1.3652831081153718,47098.5,48390.0,2.705037779418464,46193.0,48390.0,5,5
2021-12-18 13:45:00,2021-12-20 00:00:00,46340.0,46828.0,1.047569981109394,47098.5,48390.0,2.705037779418464,46340.0,48390.0,5,5
2021-12-21 15:30:00,2021-12-22 19:00:00,48280.0,48918.5,1.313806283018771,48863.5,49586.0,1.467757581298026,48280.0,49586.0,5,4
2021-12-21 19:45:00,2021-12-23 00:30:00,48350.0,48918.5,1.1689293039370403,49100.0,49586.0,0.9849421397158664,48350.0,49586.0,5,4
2021-12-23 23:30:00,2021-12-25 03:00:00,50402.0,50785.5,0.7579987646695491,51069.0,51980.0,1.7680909082087162,50402.0,51980.0,5,4
2021-12-24 06:15:00,2021-12-25 10:45:00,50402.0,50785.5,0.7579987646695491,51040.5,51980.0,1.823908833678734,50402.0,51980.0,5,4
2021-12-24 12:00:00,2021-12-25 17:15:00,50402.0,50785.5,0.7579987646695491,50888.0,51980.0,2.1231092273593344,50402.0,51980.0,5,4
2021-12-24 15:00:00,2021-12-26 02:30:00,50100.0,50716.0,1.2220282494842087,50888.0,51980.0,2.1231092273593344,50100.0,51980.0,5,6
2021-12-30 09:45:00,2021-12-31 19:45:00,46681.0,47057.5,0.803298537953989,47400.0,48554.0,2.4053192154574066,46681.0,48554.0,5,5
2022-01-01 04:00:00,2022-01-02 18:30:00,46500.0,47188.5,1.4697641652924318,47351.5,48000.0,1.3602303057634122,46500.0,48000.0,5,7
2022-01-01 10:30:00,2022-01-03 03:30:00,46600.0,47188.5,1.254951299999467,47436.5,48000.0,1.180889911092716,46600.0,48000.0,5,6
2022-01-01 22:00:00,2022-01-03 09:15:00,46600.0,47188.5,1.254951299999467,47199.0,48000.0,1.682790785617496,46600.0,48000.0,5,6
2022-01-02 04:45:00,2022-01-03 16:15:00,46600.0,46990.0,0.8334223741852762,47199.0,48000.0,1.682790785617496,46600.0,48000.0,5,6
2022-01-14 18:15:00,2022-01-16 02:30:00,42563.0,42888.5,0.7618356611645202,43289.0,43779.5,1.1266990932426768,42563.0,43779.5,5,3
2022-01-15 01:30:00,2022-01-16 13:30:00,42563.0,42888.5,0.7618356611645202,43289.0,43779.5,1.1266990932426768,42563.0,43779.5,5,3
2022-01-15 04:15:00,2022-01-16 20:00:00,42563.0,42888.5,0.7618356611645202,43289.0,43779.5,1.1266990932426768,42563.0,43779.5,5,4
2022-01-15 09:30:00,2022-01-17 05:00:00,42563.0,42888.5,0.7618356611645202,43227.5,43779.5,1.2688634247819142,42563.0,43779.5,5,5
2022-01-15 12:30:00,2022-01-17 12:15:00,42295.0,42790.0,1.1635423400129283,42879.0,43779.5,2.078272760317799,42295.0,43779.5,5,6
2022-01-16 02:30:00,2022-01-17 18:15:00,42295.0,42790.0,1.1635423400129283,42879.0,43455.0,1.3343526304816178,42295.0,43455.0,5,5
2022-01-17 18:15:00,2022-01-18 18:30:00,41300.0,41861.5,1.3503844928242035,41890.0,42395.5,1.1994945749862076,41300.0,42395.5,5,3
2022-01-17 22:15:00,2022-01-19 00:45:00,41300.0,41839.0,1.2966237265302687,41890.0,42650.0,1.797965460137213,41300.0,42650.0,5,4
2022-01-29 01:30:00,2022-01-30 09:15:00,37256.0,37730.0,1.2642359907182674,37885.5,38769.0,2.3051484257284307,37256.0,38769.0,5,6
2022-01-29 06:00:00,2022-01-30 14:15:00,37256.0,37789.5,1.4218041055093242,37900.0,38769.0,2.2668875295099715,37256.0,38769.0,5,6
2022-01-29 09:00:00,2022-01-30 20:00:00,37256.0,37789.5,1.4218041055093242,38058.0,38769.0,1.8509117888242415,37256.0,38769.0,5,6
2022-01-29 15:45:00,2022-01-31 02:00:00,37256.0,37789.5,1.4218041055093242,38058.0,38769.0,1.8509117888242415,37256.0,38769.0,5,6
2022-01-31 20:15:00,2022-02-01 19:15:00,37969.5,38253.0,0.7438748401062678,38631.0,39250.0,1.58960465325304,37969.5,39250.0,5,4
2022-02-01 01:45:00,2022-02-02 01:30:00,37969.5,38325.0,0.9319151446041327,38631.0,39250.0,1.58960465325304,37969.5,39250.0,5,4
2022-02-01 06:15:00,2022-02-02 06:45:00,37969.5,38349.0,0.9945164016588376,38715.0,39250.0,1.3724106971076766,37969.5,39250.0,5,4
2022-02-01 10:15:00,2022-02-02 16:15:00,37969.5,38349.0,0.9945164016588376,38707.5,39250.0,1.3917839848635474,37969.5,39250.0,5,4
2022-02-05 09:45:00,2022-02-06 15:00:00,40919.0,41455.5,1.3025875726104559,41606.0,42240.0,1.5122963528373448,40919.0,42240.0,5,6
2022-02-05 17:00:00,2022-02-06 18:45:00,40919.0,41455.5,1.3025875726104559,41606.0,42240.0,1.5122963528373448,40919.0,42240.0,5,5
2022-02-05 23:45:00,2022-02-06 23:00:00,41110.0,41455.5,0.8369113007248791,41606.0,42240.0,1.5122963528373448,41110.0,42240.0,5,4
2022-02-09 02:30:00,2022-02-10 14:00:00,43100.5,43526.0,0.9823783715144905,44000.0,45153.0,2.5865646697250795,43100.5,45153.0,5,4
2022-02-11 23:00:00,2022-02-12 21:30:00,41748.0,42169.0,1.00337237985152,42437.0,42975.0,1.2597761438673722,41748.0,42975.0,5,3
2022-02-12 03:15:00,2022-02-13 10:00:00,41630.0,42169.0,1.286411532357188,42437.0,42975.0,1.2597761438673722,41630.0,42975.0,5,3
2022-02-12 06:45:00,2022-02-13 14:30:00,41630.0,42230.0,1.430956355831147,42437.0,42975.0,1.2597761438673722,41630.0,42975.0,5,4
2022-02-12 11:15:00,2022-02-13 18:30:00,41630.0,42230.0,1.430956355831147,42467.5,42975.0,1.1879334055066273,41630.0,42975.0,5,4
2022-02-12 14:30:00,2022-02-14 01:30:00,41630.0,42230.0,1.430956355831147,42467.5,42975.0,1.1879334055066273,41630.0,42975.0,5,5
2022-02-13 14:30:00,2022-02-14 15:30:00,41566.5,42125.0,1.3346636157793803,42399.0,42790.0,0.9179588914061674,41566.5,42790.0,5,4
2022-02-15 13:30:00,2022-02-16 14:45:00,43658.0,44024.5,0.8359706897043309,44314.0,44800.0,1.0907377067576363,43658.0,44800.0,5,3
2022-02-16 04:15:00,2022-02-17 09:15:00,43265.0,43868.0,1.384090987341191,43990.0,44396.0,0.9186975312832348,43265.0,44396.0,5,4
2022-02-25 15:00:00,2022-02-27 02:00:00,38488.0,38950.0,1.193212634623828,39404.0,40300.0,2.248318779484091,38488.0,40300.0,5,4
2022-03-01 16:45:00,2022-03-03 06:00:00,43202.0,43800.0,1.3746810418151307,44308.5,45372.0,2.3717530566845637,43202.0,45372.0,5,5
2022-03-05 04:30:00,2022-03-06 11:00:00,38694.0,39261.5,1.4559588483173092,39449.0,39748.0,0.7550791065318131,38694.0,39748.0,5,5
2022-03-11 02:00:00,2022-03-12 04:00:00,38202.0,38759.0,1.4474863892101195,39283.0,40250.0,2.431695019677367,38202.0,40250.0,5,3
2022-03-12 00:00:00,2022-03-13 00:00:00,38631.5,38967.0,0.8647074363550842,39195.0,39447.0,0.6408789196612497,38631.5,39447.0,5,5
2022-03-12 04:00:00,2022-03-13 12:15:00,38659.0,38967.0,0.7935485533197639,39195.0,39447.0,0.6408789196612497,38659.0,39447.0,5,6
2022-03-16 23:00:00,2022-03-18 00:45:00,40400.0,40760.0,0.8871365204534253,41046.0,41446.5,0.9709973633966725,40400.0,41446.5,5,4
2022-03-17 07:45:00,2022-03-18 11:30:00,40214.0,40638.0,1.048829960916242,40870.5,41180.5,0.7556275974698663,40214.0,41180.5,5,3
2022-03-19 03:45:00,2022-03-20 05:30:00,41460.0,41761.0,0.7233751096478053,41935.0,42397.0,1.0956694967509368,41460.0,42397.0,5,3
2022-03-19 14:00:00,2022-03-21 02:30:00,41314.0,41761.0,1.0761360216671683,41664.0,42397.0,1.7439716396426403,41314.0,42397.0,5,3
2022-03-22 19:45:00,2022-03-24 02:15:00,41697.5,42210.0,1.2215832911241544,42343.0,43250.0,2.1193321883798912,41697.5,43250.0,5,4
2022-03-24 21:00:00,2022-03-26 16:15:00,43556.0,44050.0,1.1277766363034494,44077.5,45055.5,2.1944734273501396,43556.0,45055.5,5,5
2022-03-25 03:15:00,2022-03-26 21:30:00,43556.0,44128.5,1.3058180180077437,44440.0,45055.5,1.3754881530356275,43556.0,45055.5,5,5
2022-03-25 08:00:00,2022-03-27 04:30:00,43556.0,44211.0,1.4925883304658927,44440.0,45055.5,1.3754881530356275,43556.0,45055.5,5,6
2022-03-25 17:00:00,2022-03-27 13:00:00,44010.0,44512.0,1.1341813334538309,44440.0,44917.0,1.0676276061192744,44010.0,44917.0,5,6
2022-03-26 01:00:00,2022-03-27 20:15:00,44050.0,44512.0,1.043336871344369,44440.0,44999.5,1.251125062192879,44050.0,44999.5,5,6
2022-03-28 06:00:00,2022-03-29 16:00:00,46721.5,47318.0,1.268615847595957,47720.0,48185.0,0.969709608466712,46721.5,48185.0,5,5
2022-03-28 16:15:00,2022-03-29 22:30:00,46802.5,47318.0,1.095404295557291,47720.0,48185.0,0.969709608466712,46802.5,48185.0,5,5
2022-03-28 23:45:00,2022-03-30 01:30:00,46802.5,47318.0,1.095404295557291,47500.0,48068.5,1.189722555025976,46802.5,48068.5,5,5
2022-03-29 16:00:00,2022-03-30 19:45:00,46501.0,47196.0,1.4835053416865,47436.5,47857.0,0.8825365843420591,46501.0,47857.0,5,5
2022-03-29 22:30:00,2022-03-31 05:00:00,46501.0,47196.0,1.4835053416865,47270.5,47676.0,0.8541652404248707,46501.0,47676.0,5,6
2022-03-30 01:30:00,2022-03-31 19:45:00,46501.0,47196.0,1.4835053416865,47270.5,47676.0,0.8541652404248707,46501.0,47676.0,5,6
2022-04-06 18:15:00,2022-04-08 00:45:00,42703.5,43228.5,1.2218963831867058,43731.5,43883.0,0.3458331668844769,42703.5,43883.0,5,3
2022-04-07 00:45:00,2022-04-08 07:30:00,42703.5,43300.0,1.387152848430587,43673.5,43883.0,0.4785481374883647,42703.5,43883.0,5,4
2022-04-07 09:15:00,2022-04-08 13:30:00,42990.0,43394.0,0.9353583997036489,43673.5,43982.0,0.7038919406084045,42990.0,43982.0,5,5
2022-04-07 15:30:00,2022-04-08 18:00:00,42750.0,43394.0,1.4951708766716196,43673.5,43982.0,0.7038919406084045,42750.0,43982.0,5,5
2022-04-08 23:00:00,2022-04-09 21:00:00,42090.0,42345.0,0.6040149227216202,42518.0,42631.0,0.2654170923909852,42090.0,42631.0,5,3
2022-04-09 03:00:00,2022-04-10 10:00:00,42121.5,42359.0,0.5622599298062867,42518.0,42878.0,0.8431308257998033,42121.5,42878.0,5,5
2022-04-09 07:30:00,2022-04-11 00:15:00,42163.5,42430.0,0.6300720504530489,42518.0,43403.0,2.0600318897591974,42163.5,43403.0,5,6
2022-04-15 00:45:00,2022-04-16 15:45:00,39746.0,40264.0,1.294838145231846,40240.0,40849.0,1.502053299461086,39746.0,40849.0,5,7
2022-04-15 07:15:00,2022-04-17 02:45:00,39854.0,40264.0,1.0234903517311964,40387.0,40849.0,1.1374267566103697,39854.0,40849.0,5,7
2022-04-15 14:15:00,2022-04-17 07:30:00,39854.0,40264.0,1.0234903517311964,40400.0,40849.0,1.1052443722384275,39854.0,40849.0,5,6
2022-04-15 19:00:00,2022-04-17 14:00:00,39972.5,40264.0,0.7266019828880871,40400.0,40695.0,0.7275417719958074,39972.5,40695.0,5,7
2022-04-16 09:30:00,2022-04-17 18:00:00,39972.5,40264.0,0.7266019828880871,40400.0,40675.0,0.6783842121492445,39972.5,40675.0,5,6
2022-04-16 15:45:00,2022-04-17 23:30:00,39772.5,40222.0,1.1238272631243398,40400.0,40675.0,0.6783842121492445,39772.5,40675.0,5,5
2022-04-19 17:15:00,2022-04-20 23:30:00,40867.0,41255.0,0.944935583643847,41517.5,42169.0,1.5570014279483548,40867.0,42169.0,5,5
2022-04-19 20:30:00,2022-04-21 06:00:00,40867.0,41255.0,0.944935583643847,41517.5,42169.0,1.5570014279483548,40867.0,42169.0,5,6
2022-04-23 04:15:00,2022-04-24 16:45:00,39261.0,39647.5,0.9796156307622119,39649.5,40048.0,1.0000313686125664,39261.0,40048.0,5,6
2022-04-29 11:30:00,2022-05-01 01:30:00,38129.0,38596.5,1.2186300512867299,38478.0,39374.0,2.3018034218774086,38129.0,39374.0,5,5
2022-05-28 09:45:00,2022-05-29 19:15:00,28752.0,29152.0,1.3815971262779774,29069.0,29500.0,1.4717683416141645,28752.0,29500.0,5,6
2022-05-31 00:45:00,2022-06-01 04:00:00,31216.0,31547.5,1.0563464433946481,31837.5,32450.0,1.9055026249270852,31216.0,32450.0,5,3
2022-05-31 06:45:00,2022-06-01 11:15:00,31216.0,31547.5,1.0563464433946481,31694.0,32450.0,2.3571963083063108,31216.0,32450.0,5,3
2022-05-31 09:45:00,2022-06-01 17:15:00,31216.0,31547.5,1.0563464433946481,31694.0,32450.0,2.3571963083063108,31216.0,32450.0,5,4
2022-06-03 14:45:00,2022-06-05 14:00:00,29250.0,29660.5,1.3936395039933458,29687.0,30000.0,1.0488045973159985,29250.0,30000.0,5,7
2022-06-04 02:30:00,2022-06-05 21:00:00,29466.0,29660.5,0.657911427194236,29728.5,30196.5,1.5619524405506884,29466.0,30196.5,5,6
2022-06-08 03:30:00,2022-06-09 20:00:00,29818.0,30043.5,0.753405778338331,30446.5,30900.0,1.4784869552460205,29818.0,30900.0,5,6
2022-06-08 13:00:00,2022-06-10 00:15:00,29896.0,30043.5,0.49216293095538005,30249.5,30900.0,2.1275725884921384,29896.0,30900.0,5,6
2022-07-02 03:30:00,2022-07-03 04:45:00,18960.0,19191.5,1.213582690064611,19291.0,19450.0,0.820835807026148,18960.0,19450.0,5,3
2022-07-29 13:00:00,2022-07-30 22:00:00,23418.0,23720.5,1.2834519554079997,24052.0,24695.0,2.6381110632449176,23418.0,24695.0,5,5
2022-08-01 11:00:00,2022-08-03 01:00:00,22640.5,22930.0,1.2705588044897467,22930.5,23490.0,2.410572914983682,22640.5,23490.0,5,6
2022-08-06 05:15:00,2022-08-07 09:15:00,22846.0,23120.5,1.19434805782472,23015.5,23257.5,1.0459663302573856,22846.0,23257.5,5,5
2022-08-06 08:30:00,2022-08-07 16:00:00,22846.0,23083.5,1.0341937099249936,23015.5,23257.5,1.0459663302573856,22846.0,23257.5,5,5
2022-08-06 17:00:00,2022-08-07 19:45:00,22846.0,22988.0,0.6196273508748964,23015.5,23288.5,1.179163787145819,22846.0,23288.5,5,5
2022-08-07 00:45:00,2022-08-07 23:15:00,22846.0,23140.0,1.2786500239203236,23015.5,23388.5,1.607620032755797,22846.0,23388.5,5,4
2022-08-13 11:30:00,2022-08-14 18:00:00,24283.0,24466.0,0.75078463147962,24534.0,25031.0,2.005447392313124,24283.0,25031.0,5,6
2022-08-13 20:00:00,2022-08-15 00:15:00,24109.0,24466.0,1.469891919711786,24422.5,25031.0,2.460897610886995,24109.0,25031.0,5,5
2022-08-15 08:15:00,2022-08-16 15:00:00,23760.0,23950.0,0.7964787256340389,24134.5,24295.0,0.6628191494853344,23760.0,24295.0,5,4
2022-08-15 12:45:00,2022-08-16 22:30:00,23665.0,23950.0,1.1971017536490602,24045.0,24267.5,0.9210866752910737,23665.0,24267.5,5,4
2022-08-15 19:30:00,2022-08-17 07:15:00,23665.0,23950.0,1.1971017536490602,24045.0,24436.5,1.6150490393242782,23665.0,24436.5,5,4
2022-08-15 23:00:00,2022-08-17 14:45:00,23650.0,23794.0,0.6070314476013827,24045.0,24436.5,1.6150490393242782,23650.0,24436.5,5,4
2022-08-23 13:00:00,2022-08-24 10:45:00,21138.5,21415.0,1.2995405783308072,21487.0,21678.5,0.8872826678713324,21138.5,21678.5,5,4
2022-08-23 16:30:00,2022-08-25 00:15:00,21138.5,21415.0,1.2995405783308072,21487.0,21880.0,1.8124380289159958,21138.5,21880.0,5,5
2022-08-23 21:15:00,2022-08-25 03:30:00,21138.5,21415.0,1.2995405783308072,21487.0,21880.0,1.8124380289159958,21138.5,21880.0,5,5
2022-08-24 02:45:00,2022-08-25 16:45:00,21138.5,21414.5,1.2972058374262685,21487.0,21880.0,1.8124380289159958,21138.5,21880.0,5,6
2022-08-24 07:30:00,2022-08-26 00:45:00,21232.0,21421.5,0.888555452659219,21636.5,21880.0,1.119115737708685,21232.0,21880.0,5,6
2022-08-24 10:45:00,2022-08-26 07:00:00,21257.5,21424.5,0.7825312778220328,21636.5,21880.0,1.119115737708685,21257.5,21880.0,5,6
2022-08-25 00:15:00,2022-08-26 11:00:00,21303.5,21424.5,0.5663733383261561,21464.5,21810.0,1.5967833250528602,21303.5,21810.0,5,5
2022-08-27 05:00:00,2022-08-28 23:45:00,19761.0,19931.5,0.859104364804434,20039.0,20262.5,1.1091398583179286,19761.0,20262.5,5,7
2022-08-31 08:30:00,2022-09-01 07:30:00,19852.0,20120.0,1.340938657059942,20197.5,20425.0,1.1200689273186044,19852.0,20425.0,5,3
2022-08-31 15:00:00,2022-09-01 16:45:00,19771.0,19922.0,0.7608394427228983,20120.0,20318.0,0.9792769177506306,19771.0,20318.0,5,3
2022-09-02 11:15:00,2022-09-03 19:00:00,19711.0,19980.0,1.3554710135799048,19871.5,20428.0,2.7618208662638493,19711.0,20428.0,5,6
2022-09-02 17:45:00,2022-09-04 03:15:00,19642.0,19850.5,1.0558966892447932,19849.0,20043.0,0.9726260904441995,19642.0,20043.0,5,6
2022-09-03 03:15:00,2022-09-04 08:00:00,19642.0,19850.5,1.0558966892447932,19849.0,19950.0,0.5075504409658534,19642.0,19950.0,5,4
2022-09-03 09:00:00,2022-09-04 14:00:00,19585.0,19750.0,0.8389475022244821,19820.0,19931.5,0.5609851200583627,19585.0,19931.5,5,5
2022-09-03 15:45:00,2022-09-04 22:15:00,19585.0,19750.0,0.8389475022244821,19820.0,19943.5,0.6211726834911413,19585.0,19943.5,5,5
2022-09-03 19:00:00,2022-09-05 05:30:00,19585.0,19810.0,1.1422769386978042,19820.0,20044.5,1.126315393395126,19585.0,20044.5,5,6
2022-09-04 03:15:00,2022-09-05 10:30:00,19585.0,19810.0,1.1422769386978042,19794.5,20044.5,1.2550515826200457,19585.0,20044.5,5,6
2022-09-04 08:00:00,2022-09-05 18:30:00,19585.0,19810.0,1.1422769386978042,19794.5,20044.5,1.2550515826200457,19585.0,20044.5,5,7
2022-09-04 14:00:00,2022-09-06 02:00:00,19623.0,19810.0,0.9484441964851774,19794.5,20164.5,1.8518981956505416,19623.0,20164.5,5,6
2022-09-04 22:15:00,2022-09-06 14:00:00,19623.0,19810.0,0.9484441964851774,19794.5,20164.5,1.8518981956505416,19623.0,20164.5,5,5
2022-09-05 05:30:00,2022-09-06 20:00:00,19623.0,19676.0,0.26972696506272426,19794.5,20164.5,1.8518981956505416,19623.0,20164.5,5,4
2022-09-12 10:00:00,2022-09-13 21:30:00,21966.0,22250.0,1.2846028586936855,22436.5,22794.0,1.5807917223997083,21966.0,22794.0,5,5
2022-09-15 15:15:00,2022-09-16 17:00:00,19435.0,19661.0,1.1561285041948026,19799.5,19895.5,0.48368812192971405,19435.0,19895.5,5,4
2022-09-17 06:30:00,2022-09-18 10:00:00,19734.0,19949.0,1.0835874303858075,19907.0,20176.5,1.344692953459653,19734.0,20176.5,5,4
2022-09-17 12:15:00,2022-09-18 18:15:00,19734.0,19949.0,1.0835874303858075,20092.0,20176.5,0.4196828786768815,19734.0,20176.5,5,3
2022-09-24 03:45:00,2022-09-25 14:00:00,18801.5,19021.5,1.163313327869286,19119.5,19213.0,0.4878366921020022,18801.5,19213.0,5,4
2022-09-24 07:00:00,2022-09-25 18:45:00,18801.5,19004.5,1.0739036131830926,19110.0,19213.0,0.5375362054118936,18801.5,19213.0,5,5
2022-09-24 15:15:00,2022-09-25 22:00:00,18801.5,19004.5,1.0739036131830926,19110.0,19186.0,0.3969082932943388,18801.5,19186.0,5,4
2022-09-25 14:00:00,2022-09-26 11:30:00,18620.5,18855.0,1.251484303078011,18933.0,19318.5,2.015607231088977,18620.5,19318.5,5,4
2022-09-25 18:45:00,2022-09-26 16:30:00,18620.5,18855.0,1.251484303078011,18933.0,19318.5,2.015607231088977,18620.5,19318.5,5,4
2022-09-30 22:00:00,2022-10-02 10:15:00,19150.5,19246.0,0.4974411730235829,19321.5,19473.5,0.7836061348111869,19150.5,19473.5,5,7
2022-10-01 07:00:00,2022-10-02 14:45:00,19028.0,19246.0,1.139154517426974,19321.5,19395.5,0.3822610222899502,19028.0,19395.5,5,6
2022-10-01 11:15:00,2022-10-02 23:00:00,19028.0,19226.5,1.0377864042138834,19225.0,19395.5,0.8829507644903614,19028.0,19395.5,5,7
2022-10-02 10:15:00,2022-10-03 13:30:00,18890.5,19115.5,1.1840235752249646,19225.0,19332.0,0.5550224343180227,18890.5,19332.0,5,4
2022-10-02 14:45:00,2022-10-04 02:00:00,18890.5,19123.5,1.225864155311201,19225.0,19720.0,2.542046475799204,18890.5,19720.0,5,7
2022-10-05 20:45:00,2022-10-07 12:45:00,19788.5,20071.0,1.4174788946173433,20025.0,20435.0,2.026693030153238,19788.5,20435.0,5,6
2022-10-07 12:45:00,2022-10-08 14:30:00,19318.0,19491.0,0.8915457754644541,19533.5,19636.5,0.5259126882818483,19318.0,19636.5,5,4
2022-10-07 16:30:00,2022-10-08 21:30:00,19318.0,19491.0,0.8915457754644541,19521.5,19636.5,0.587364012462332,19318.0,19636.5,5,5
2022-10-08 04:45:00,2022-10-09 08:30:00,19175.0,19445.5,1.4008104504084617,19429.0,19539.5,0.5671247289477399,19175.0,19539.5,5,5
2022-10-08 08:45:00,2022-10-09 19:00:00,19175.0,19445.5,1.4008104504084617,19429.0,19552.0,0.6310766783817757,19175.0,19552.0,5,7
2022-10-08 14:30:00,2022-10-09 22:15:00,19175.0,19412.0,1.2283929820924144,19429.0,19552.0,0.6310766783817757,19175.0,19552.0,5,6
2022-10-08 21:30:00,2022-10-10 08:30:00,19175.0,19365.0,0.9859885832900882,19429.0,19552.0,0.6310766783817757,19175.0,19552.0,5,6
2022-10-09 04:15:00,2022-10-10 16:15:00,19122.0,19365.0,1.2627640501987685,19429.0,19552.0,0.6310766783817757,19122.0,19552.0,5,6
2022-10-10 08:30:00,2022-10-11 14:00:00,18939.0,19122.0,0.9616142508079135,19090.0,19434.5,1.788472270892549,18939.0,19434.5,5,5
2022-10-10 16:15:00,2022-10-11 19:00:00,18850.0,19062.5,1.1210023079459281,19090.0,19358.0,1.3940907199334167,18850.0,19358.0,5,5
2022-10-11 00:00:00,2022-10-12 12:30:00,18850.0,19030.0,0.9503695881731784,19090.0,19258.0,0.876186502555544,18850.0,19258.0,5,8
2022-10-11 06:00:00,2022-10-12 18:00:00,18850.0,19030.0,0.9503695881731784,19123.0,19258.0,0.7034730726140539,18850.0,19258.0,5,7
2022-10-11 09:45:00,2022-10-13 02:30:00,18850.0,19030.0,0.9503695881731784,19123.0,19258.0,0.7034730726140539,18850.0,19258.0,5,7
2022-10-11 14:00:00,2022-10-13 07:30:00,18850.0,19030.0,0.9503695881731784,19123.0,19227.5,0.5449733380268836,18850.0,19227.5,5,6
2022-10-11 19:00:00,2022-10-13 12:30:00,18915.5,19030.0,0.6034971208707225,19123.0,19227.5,0.5449733380268836,18915.5,19227.5,5,6
2022-10-14 21:45:00,2022-10-16 10:30:00,18962.0,19122.0,0.8402478731225712,19155.0,19216.5,0.3205504085063133,18962.0,19216.5,5,5
2022-10-15 02:00:00,2022-10-16 14:30:00,18962.0,19122.0,0.8402478731225712,19155.0,19205.0,0.2606882168925964,18962.0,19205.0,5,4
2022-10-15 08:45:00,2022-10-16 18:45:00,18962.0,19100.0,0.7251326782617834,19155.0,19190.0,0.1825531360020863,18962.0,19190.0,5,4
2022-10-15 13:15:00,2022-10-16 21:45:00,18962.0,19116.0,0.8088660118703713,19155.0,19411.0,1.3275942540061194,18962.0,19411.0,5,4
2022-10-15 23:00:00,2022-10-17 03:00:00,18962.0,19116.0,0.8088660118703713,19155.0,19411.0,1.3275942540061194,18962.0,19411.0,5,4
2022-10-16 10:30:00,2022-10-17 15:15:00,19077.5,19144.5,0.3505834336246141,19165.5,19668.0,2.5879717254432384,19077.5,19668.0,5,4
2022-10-17 15:15:00,2022-10-18 15:30:00,19420.5,19473.0,0.26996798950981526,19614.0,19694.0,0.40704182354736945,19420.5,19694.0,5,4
2022-10-17 18:15:00,2022-10-18 19:15:00,19280.0,19473.0,0.9960519185611437,19614.0,19694.0,0.40704182354736945,19280.0,19694.0,5,4
2022-10-18 15:30:00,2022-10-19 17:00:00,19061.0,19280.0,1.1423802196082522,19275.0,19426.0,0.7803415932404847,19061.0,19426.0,5,3
2022-10-18 19:15:00,2022-10-20 00:45:00,19061.0,19212.5,0.7916704769618665,19243.0,19426.0,0.946494608083995,19061.0,19426.0,5,4
2022-10-19 06:30:00,2022-10-20 20:30:00,18865.0,19137.0,1.4315036050734171,19198.0,19345.0,0.7627844225929482,18865.0,19345.0,5,5
2022-10-19 13:45:00,2022-10-21 09:15:00,18865.0,19122.0,1.3530944796904203,19077.0,19345.0,1.395034095049711,18865.0,19345.0,5,6
2022-10-19 17:00:00,2022-10-21 12:00:00,18865.0,19122.0,1.3530944796904203,19077.0,19345.0,1.395034095049711,18865.0,19345.0,5,5
2022-10-22 03:00:00,2022-10-24 01:15:00,19050.0,19158.0,0.5653266331658292,19167.5,19683.5,2.6563022830815166,19050.0,19683.5,5,7
2022-10-22 18:00:00,2022-10-24 04:00:00,19050.0,19290.0,1.2519561815336464,19199.5,19683.5,2.4895198415760103,19050.0,19683.5,5,5
2022-10-23 01:30:00,2022-10-24 07:00:00,19050.0,19290.0,1.2519561815336464,19199.5,19683.5,2.4895198415760103,19050.0,19683.5,5,4
2022-10-23 07:15:00,2022-10-24 14:15:00,19050.0,19290.0,1.2519561815336464,19199.5,19683.5,2.4895198415760103,19050.0,19683.5,5,4
2022-10-23 12:15:00,2022-10-24 17:15:00,19050.0,19290.0,1.2519561815336464,19199.5,19683.5,2.4895198415760103,19050.0,19683.5,5,4
2022-10-24 04:00:00,2022-10-25 10:00:00,19155.0,19262.0,0.5570450581773694,19365.0,19439.0,0.38140397897124007,19155.0,19439.0,5,3
2022-10-26 13:30:00,2022-10-28 00:15:00,20335.0,20633.0,1.4547939855496972,20665.0,21009.0,1.6509094399385706,20335.0,21009.0,5,5
2022-10-28 19:15:00,2022-10-29 22:45:00,20532.5,20745.0,1.029616619223548,20723.5,21100.0,1.8004232070486688,20532.5,21100.0,5,5
2022-10-29 00:30:00,2022-10-30 04:15:00,20551.0,20745.0,0.9395583107322744,20820.0,21100.0,1.3358778625954197,20551.0,21100.0,5,4
2022-10-29 05:45:00,2022-10-30 10:30:00,20610.0,20745.0,0.6528835690968444,20895.0,21100.0,0.9763067031789499,20610.0,21100.0,5,4
2022-10-29 11:30:00,2022-10-30 13:30:00,20621.0,20745.0,0.5995261809215298,20895.0,20968.0,0.34875665862456107,20621.0,20968.0,5,3
2022-10-30 13:30:00,2022-10-31 14:30:00,20417.5,20606.5,0.9214118564742589,20578.5,20832.0,1.2243271634005868,20417.5,20832.0,5,3
2022-10-30 22:30:00,2022-11-01 14:00:00,20222.0,20500.0,1.3653553361819164,20578.5,20832.0,1.2243271634005868,20222.0,20832.0,5,5
2022-10-31 02:15:00,2022-11-01 16:45:00,20222.0,20456.0,1.150499041250799,20578.5,20832.0,1.2243271634005868,20222.0,20832.0,5,5
2022-10-31 08:00:00,2022-11-02 00:00:00,20222.0,20456.0,1.150499041250799,20489.0,20832.0,1.6601727934948332,20222.0,20832.0,5,5
2022-10-31 14:30:00,2022-11-02 07:15:00,20222.0,20456.0,1.150499041250799,20489.0,20689.0,0.9713924911360435,20222.0,20689.0,5,5
2022-11-01 04:00:00,2022-11-02 10:00:00,20318.0,20456.0,0.6769019473193701,20489.0,20689.0,0.9713924911360435,20318.0,20689.0,5,5
2022-11-01 14:00:00,2022-11-02 21:15:00,20318.0,20389.5,0.3512866179450961,20489.0,20789.0,1.4535587964533165,20318.0,20789.0,5,4
2022-11-05 08:45:00,2022-11-06 11:30:00,21135.5,21250.0,0.5402791048825659,21300.5,21414.0,0.5314354610261153,21135.5,21414.0,5,4
2022-11-05 18:45:00,2022-11-06 16:00:00,21135.5,21250.0,0.5402791048825659,21278.0,21372.5,0.4431366572490358,21135.5,21372.5,5,3
2022-11-16 15:45:00,2022-11-17 13:15:00,16367.0,16476.0,0.6637639679688213,16606.0,16758.0,0.9111617312072893,16367.0,16758.0,5,4
2022-11-16 19:00:00,2022-11-17 19:45:00,16400.0,16476.0,0.4623433507726001,16606.0,16758.0,0.9111617312072893,16400.0,16758.0,5,5
2022-11-16 22:15:00,2022-11-18 08:00:00,16400.0,16584.0,1.1156924569488236,16606.0,16997.0,2.327173169062286,16400.0,16997.0,5,6
2022-11-17 19:45:00,2022-11-19 02:30:00,16541.5,16704.0,0.9775759125295153,16683.0,16997.0,1.864608076009501,16541.5,16997.0,5,5
2022-11-18 08:00:00,2022-11-19 05:15:00,16541.5,16704.0,0.9775759125295153,16683.0,16848.0,0.9841639080254092,16541.5,16848.0,5,4
2022-11-18 11:30:00,2022-11-19 13:15:00,16541.5,16704.0,0.9775759125295153,16655.0,16812.5,0.9412116232165533,16541.5,16812.5,5,5
2022-11-18 18:15:00,2022-11-19 17:45:00,16541.5,16627.0,0.515549391742165,16655.0,16718.0,0.377550714649567,16541.5,16718.0,5,5
2022-11-18 22:30:00,2022-11-20 02:00:00,16551.0,16627.0,0.45813490867442286,16655.0,16799.0,0.8608836013630657,16551.0,16799.0,5,5
2022-11-19 02:30:00,2022-11-20 05:00:00,16551.0,16655.0,0.6263928205745949,16655.0,16799.0,0.8608836013630657,16551.0,16799.0,5,4
2022-11-19 05:15:00,2022-11-20 08:30:00,16551.0,16660.5,0.6594101440766,16655.0,16799.0,0.8608836013630657,16551.0,16799.0,5,5
2022-11-19 13:15:00,2022-11-20 11:30:00,16540.0,16660.5,0.7258926823391214,16664.0,16799.0,0.8068613095060215,16540.0,16799.0,5,3
2022-11-19 17:45:00,2022-11-21 03:15:00,16450.0,16660.5,1.2714999773485753,16604.5,16799.0,1.1645486251440718,16450.0,16799.0,5,4
2022-11-23 05:45:00,2022-11-25 06:00:00,16301.5,16526.0,1.3677556926357475,16636.5,16810.0,1.0374777629946332,16301.5,16810.0,5,6
2022-11-23 16:45:00,2022-11-25 10:00:00,16301.5,16526.0,1.3677556926357475,16636.5,16810.0,1.0374777629946332,16301.5,16810.0,5,4
2022-11-24 10:45:00,2022-11-25 14:00:00,16339.0,16526.0,1.1379887418226078,16594.5,16664.0,0.41793827141933637,16339.0,16664.0,5,3
2022-11-24 14:15:00,2022-11-25 22:00:00,16339.0,16526.0,1.1379887418226078,16594.5,16664.0,0.41793827141933637,16339.0,16664.0,5,4
2022-11-24 21:00:00,2022-11-26 06:45:00,16339.0,16526.0,1.1379887418226078,16594.5,16685.0,0.5438783635571448,16339.0,16685.0,5,5
2022-11-25 06:00:00,2022-11-26 11:00:00,16339.0,16525.0,1.131937682570594,16594.5,16685.0,0.5438783635571448,16339.0,16685.0,5,5
2022-11-25 10:00:00,2022-11-26 15:15:00,16394.0,16543.0,0.9047575674773052,16594.5,16685.0,0.5438783635571448,16394.0,16685.0,5,6
2022-11-25 14:00:00,2022-11-26 19:00:00,16434.0,16543.0,0.6610668041362161,16620.0,16685.0,0.3903317820147125,16434.0,16685.0,5,5
2022-11-25 22:00:00,2022-11-26 22:45:00,16405.0,16543.0,0.8376836226781595,16535.5,16685.0,0.9000466579371171,16405.0,16685.0,5,5
2022-11-26 06:45:00,2022-11-27 10:00:00,16376.5,16543.0,1.0115584987621318,16535.5,16675.5,0.8430941555508716,16376.5,16675.5,5,4
2022-11-26 11:00:00,2022-11-27 15:00:00,16376.5,16543.0,1.0115584987621318,16535.5,16675.5,0.8430941555508716,16376.5,16675.5,5,4
2022-11-26 15:15:00,2022-11-28 02:00:00,16376.5,16510.0,0.8118832955772126,16535.5,16588.5,0.32000966066900133,16376.5,16588.5,5,5
2022-12-01 02:30:00,2022-12-02 07:00:00,16850.0,17070.5,1.3000987603366696,17041.5,17390.0,2.024309135529965,16850.0,17390.0,5,3
2022-12-01 08:00:00,2022-12-02 13:30:00,16850.0,17053.0,1.1975341415213991,17041.5,17390.0,2.024309135529965,16850.0,17390.0,5,4
2022-12-01 15:30:00,2022-12-03 11:00:00,16769.0,16902.0,0.7899973270767129,16977.0,17150.0,1.0138599935534913,16769.0,17150.0,5,4
2022-12-01 21:00:00,2022-12-03 14:15:00,16769.0,16902.0,0.7899973270767129,16977.0,17150.0,1.0138599935534913,16769.0,17150.0,5,4
2022-12-02 02:00:00,2022-12-03 22:30:00,16769.0,16913.5,0.8580123209381726,16977.0,17150.0,1.0138599935534913,16769.0,17150.0,5,4
2022-12-02 07:00:00,2022-12-04 08:15:00,16769.0,16913.5,0.8580123209381726,16977.0,17150.0,1.0138599935534913,16769.0,17150.0,5,7
2022-12-02 13:30:00,2022-12-04 11:30:00,16769.0,16970.0,1.191499451673138,16977.0,17150.0,1.0138599935534913,16769.0,17150.0,5,6
2022-12-03 11:00:00,2022-12-05 03:45:00,16855.0,16970.0,0.679970436067997,16980.0,17146.5,0.97578128433915,16855.0,17146.5,5,5
2022-12-05 16:15:00,2022-12-06 15:00:00,16867.0,16969.0,0.602908145170824,17027.0,17137.5,0.6468702893354212,16867.0,17137.5,5,4
2022-12-05 19:30:00,2022-12-06 18:30:00,16867.0,16954.0,0.514473256260903,17027.0,17093.0,0.38686987104337633,16867.0,17093.0,5,3
2022-12-05 23:15:00,2022-12-07 08:00:00,16903.5,16954.0,0.29830908956656577,17027.0,17135.0,0.6322814823488087,16903.5,17135.0,5,4
2022-12-06 18:30:00,2022-12-08 01:30:00,16666.5,16905.0,1.4208480407488495,16878.5,17135.0,1.508224675496494,16666.5,17135.0,5,3
2022-12-07 12:30:00,2022-12-08 11:45:00,16755.5,16784.5,0.17292784734645197,16835.5,16885.0,0.29358995269939653,16755.5,16885.0,5,3
2022-12-07 16:30:00,2022-12-09 00:45:00,16702.5,16784.5,0.48974228805207987,16835.5,17286.0,2.640563867356359,16702.5,17286.0,5,4
2022-12-09 00:45:00,2022-12-10 06:00:00,17045.0,17183.0,0.8063573682365315,17157.5,17348.0,1.1041717986987583,17045.0,17348.0,5,3
2022-12-09 04:45:00,2022-12-10 09:15:00,17045.0,17183.0,0.8063573682365315,17157.5,17348.0,1.1041717986987583,17045.0,17348.0,5,3
2022-12-09 21:00:00,2022-12-10 17:45:00,17045.0,17128.0,0.4857636145494982,17157.5,17219.5,0.3607062861797132,17045.0,17219.5,5,3
2022-12-10 06:00:00,2022-12-11 11:00:00,17086.0,17146.5,0.35346527422770757,17172.0,17219.5,0.2762310454618147,17086.0,17219.5,5,3
2022-12-10 13:15:00,2022-12-11 20:15:00,17086.0,17146.5,0.35346527422770757,17185.0,17261.5,0.444167041644289,17086.0,17261.5,5,3
2022-12-11 13:45:00,2022-12-12 17:30:00,16870.0,17124.0,1.4943813614167205,16998.0,17261.5,1.5382594608794642,16870.0,17261.5,5,3
2022-12-11 20:15:00,2022-12-13 02:30:00,16870.0,17076.0,1.213692334884817,16998.0,17234.5,1.381727890162857,16870.0,17234.5,5,3
2022-12-12 02:45:00,2022-12-13 07:15:00,16870.0,17112.5,1.42720517913632,16998.0,17234.5,1.381727890162857,16870.0,17234.5,5,4
2022-12-16 16:45:00,2022-12-18 01:30:00,16532.5,16719.0,1.1217539058388344,16745.0,16954.0,1.2403928899967358,16532.5,16954.0,5,4
2022-12-16 23:30:00,2022-12-18 09:30:00,16532.5,16697.0,0.9900841120089078,16745.0,16792.5,0.28326500186358555,16532.5,16792.5,5,4
2022-12-17 02:15:00,2022-12-18 15:00:00,16574.5,16697.0,0.7363659588536736,16728.0,16792.5,0.3848391282946257,16574.5,16792.5,5,5
2022-12-17 10:30:00,2022-12-19 00:00:00,16638.0,16697.0,0.35398230088495575,16728.0,16900.0,1.0229570595931963,16638.0,16900.0,5,6
2022-12-17 14:45:00,2022-12-19 03:45:00,16638.0,16705.5,0.4048765126636376,16728.0,16900.0,1.0229570595931963,16638.0,16900.0,5,5
2022-12-18 01:30:00,2022-12-19 17:30:00,16613.0,16705.5,0.5552470849528041,16728.0,16900.0,1.0229570595931963,16613.0,16900.0,5,6
2022-12-18 09:30:00,2022-12-19 22:30:00,16513.0,16705.5,1.1589927299546938,16644.5,16900.0,1.5233495804081145,16513.0,16900.0,5,6
2022-12-20 11:00:00,2022-12-21 14:45:00,16692.0,16791.5,0.594322576791554,16891.0,17054.0,0.9603770805715127,16692.0,17054.0,5,6
2022-12-20 14:45:00,2022-12-21 19:45:00,16692.0,16791.5,0.594322576791554,16891.0,17054.0,0.9603770805715127,16692.0,17054.0,5,6
2022-12-20 18:15:00,2022-12-21 23:00:00,16710.0,16791.5,0.4865453785651389,16891.0,16922.5,0.18631611634406375,16710.0,16922.5,5,5
2022-12-21 05:00:00,2022-12-22 07:00:00,16710.0,16791.5,0.4865453785651389,16850.0,16918.5,0.4057035402816234,16710.0,16918.5,5,5
2022-12-21 08:15:00,2022-12-22 18:00:00,16710.0,16791.5,0.4865453785651389,16850.0,16918.5,0.4057035402816234,16710.0,16918.5,5,6
2022-12-21 14:45:00,2022-12-23 00:45:00,16560.5,16778.0,1.3047977563477662,16850.0,16918.5,0.4057035402816234,16560.5,16918.5,5,5
2022-12-21 19:45:00,2022-12-23 06:15:00,16560.5,16780.5,1.3196964698119433,16850.0,16903.5,0.31700416253129304,16560.5,16903.5,5,5
2022-12-21 23:00:00,2022-12-23 13:30:00,16560.5,16809.5,1.492358405753671,16850.0,16990.0,0.8274231678486997,16560.5,16990.0,5,7
2022-12-22 07:00:00,2022-12-23 22:15:00,16560.5,16809.5,1.492358405753671,16862.0,16990.0,0.7562330142975304,16560.5,16990.0,5,6
2022-12-22 18:00:00,2022-12-24 05:15:00,16560.5,16809.5,1.492358405753671,16862.0,16990.0,0.7562330142975304,16560.5,16990.0,5,5
2022-12-23 00:45:00,2022-12-24 23:00:00,16705.0,16809.5,0.62361067597607,16852.0,16990.0,0.8155546362508126,16705.0,16990.0,5,6
2022-12-23 06:15:00,2022-12-25 05:15:00,16705.0,16809.5,0.62361067597607,16834.5,16990.0,0.9194518765983237,16705.0,16990.0,5,6
2022-12-23 13:30:00,2022-12-25 14:30:00,16705.0,16804.5,0.5938614422775631,16834.5,16990.0,0.9194518765983237,16705.0,16990.0,5,5
2022-12-23 22:15:00,2022-12-25 19:00:00,16713.5,16804.5,0.542991825287905,16834.5,16859.0,0.14542864350690785,16713.5,16859.0,5,4
2022-12-24 05:15:00,2022-12-26 08:15:00,16713.5,16804.5,0.542991825287905,16834.5,16912.0,0.4593068910850014,16713.5,16912.0,5,6
2022-12-24 23:00:00,2022-12-26 15:45:00,16713.5,16814.5,0.602481507993319,16834.5,16912.0,0.4593068910850014,16713.5,16912.0,5,4
2022-12-25 05:15:00,2022-12-26 23:00:00,16713.5,16814.5,0.602481507993319,16834.5,16912.0,0.4593068910850014,16713.5,16912.0,5,5
2022-12-25 14:30:00,2022-12-27 08:00:00,16713.5,16814.5,0.602481507993319,16844.5,16961.0,0.6892369584830871,16713.5,16961.0,5,6
2022-12-25 19:00:00,2022-12-27 14:30:00,16730.0,16818.5,0.52759437828815,16844.5,16961.0,0.6892369584830871,16730.0,16961.0,5,5
2022-12-26 08:15:00,2022-12-27 19:15:00,16728.0,16818.5,0.5395495804331302,16839.5,16961.0,0.7189242762681025,16728.0,16961.0,5,4
2022-12-26 15:45:00,2022-12-28 03:00:00,16587.0,16818.5,1.3859993114906228,16749.5,16961.0,1.2548019163168747,16587.0,16961.0,5,5
2022-12-27 19:15:00,2022-12-30 02:45:00,16469.5,16587.0,0.7109040582033791,16591.5,16778.0,1.1177872008870375,16469.5,16778.0,5,7
2022-12-28 03:00:00,2022-12-30 07:15:00,16469.5,16584.5,0.6958310643189931,16591.5,16778.0,1.1177872008870375,16469.5,16778.0,5,6
2022-12-28 16:00:00,2022-12-30 14:45:00,16428.0,16584.5,0.9481257099583491,16591.5,16665.0,0.44201885345721886,16428.0,16665.0,5,4
2022-12-28 21:15:00,2022-12-31 05:45:00,16353.0,16584.5,1.4056925996204934,16591.5,16725.0,0.801404709378236,16353.0,16725.0,5,6
2022-12-29 20:30:00,2022-12-31 12:30:00,16353.0,16584.5,1.4056925996204934,16595.0,16725.0,0.78031212484994,16353.0,16725.0,5,4
2022-12-30 02:45:00,2022-12-31 22:45:00,16353.0,16584.5,1.4056925996204934,16595.0,16725.0,0.78031212484994,16353.0,16725.0,5,4
2022-12-30 07:15:00,2023-01-01 07:15:00,16353.0,16563.5,1.2789938176902163,16560.0,16725.0,0.9914375844975214,16353.0,16725.0,5,6
2022-12-30 14:45:00,2023-01-01 15:15:00,16353.0,16563.5,1.2789938176902163,16560.0,16725.0,0.9914375844975214,16353.0,16725.0,5,7
2022-12-31 05:45:00,2023-01-02 01:15:00,16480.5,16563.5,0.5023604890449098,16560.0,16650.5,0.5450083557910902,16480.5,16650.5,5,7
2022-12-31 12:30:00,2023-01-02 14:30:00,16480.5,16563.5,0.5023604890449098,16560.0,16774.0,1.2839743205135896,16480.5,16774.0,5,8
2022-12-31 22:45:00,2023-01-03 00:00:00,16480.5,16666.0,1.1192735281251414,16560.0,16799.0,1.4328966695644354,16480.5,16799.0,5,9
2023-01-01 07:15:00,2023-01-03 08:30:00,16511.0,16666.0,0.9343822527654702,16582.0,16799.0,1.3001407986579192,16511.0,16799.0,5,8
2023-01-01 15:15:00,2023-01-03 17:45:00,16550.5,16693.0,0.8573104516672432,16627.0,16799.0,1.0291389935977981,16550.5,16799.0,5,9
2023-01-02 01:15:00,2023-01-04 15:00:00,16552.0,16693.0,0.8482478568205745,16709.5,16903.0,1.1513573819263667,16552.0,16903.0,5,9
2023-01-02 14:30:00,2023-01-04 20:30:00,16605.0,16760.5,0.9321005229953095,16749.5,16988.0,1.4138569840681734,16605.0,16988.0,5,8
2023-01-03 00:00:00,2023-01-05 01:00:00,16605.0,16767.5,0.9738557195295529,16750.0,16988.0,1.4108720137530382,16605.0,16988.0,5,7
2023-01-03 08:30:00,2023-01-05 03:45:00,16605.0,16801.5,1.1764177630101926,16750.0,16988.0,1.4108720137530382,16605.0,16988.0,5,6
2023-01-03 17:45:00,2023-01-05 09:45:00,16605.0,16811.0,1.2329423030883409,16841.5,16988.0,0.8661079826778403,16605.0,16988.0,5,5
2023-01-04 15:00:00,2023-01-05 14:00:00,16760.5,16811.0,0.30085042372250276,16832.5,16988.0,0.9195606215165358,16760.5,16988.0,5,4
2023-01-04 20:30:00,2023-01-05 18:00:00,16747.0,16811.0,0.3814291674116455,16832.5,16873.5,0.24328012816709194,16747.0,16873.5,5,3
2023-01-05 01:00:00,2023-01-05 23:15:00,16747.0,16811.0,0.3814291674116455,16832.5,16864.0,0.1869630377042126,16747.0,16864.0,5,3
2023-01-05 03:45:00,2023-01-06 02:00:00,16747.0,16812.0,0.3873774546321404,16832.5,16864.0,0.1869630377042126,16747.0,16864.0,5,4
2023-01-05 09:45:00,2023-01-06 13:30:00,16747.0,16812.0,0.3873774546321404,16832.5,16864.0,0.1869630377042126,16747.0,16864.0,5,3
2023-01-05 14:00:00,2023-01-07 06:00:00,16675.0,16812.0,0.8182279690626213,16860.0,17031.5,1.012053169673812,16675.0,17031.5,5,4
2023-01-05 18:00:00,2023-01-07 14:00:00,16675.0,16916.0,1.4349081599237892,16860.0,17031.5,1.012053169673812,16675.0,17031.5,5,5
2023-01-05 23:15:00,2023-01-08 00:30:00,16675.0,16916.0,1.4349081599237892,16860.0,17031.5,1.012053169673812,16675.0,17031.5,5,7
2023-01-06 02:00:00,2023-01-08 16:30:00,16675.0,16916.0,1.4349081599237892,16937.5,17031.5,0.5534457888074421,16675.0,17031.5,5,8
2023-01-06 13:30:00,2023-01-09 06:45:00,16675.0,16916.0,1.4349081599237892,16937.5,17249.0,1.8223567782604244,16675.0,17249.0,5,9
2023-01-09 06:45:00,2023-01-10 13:30:00,17120.0,17183.0,0.3673148121155584,17230.0,17385.0,0.8955655062834031,17120.0,17385.0,5,3
2023-01-09 13:45:00,2023-01-11 03:15:00,17120.0,17195.0,0.43712662101121963,17230.0,17495.0,1.5262778977681786,17120.0,17495.0,5,5
2023-01-09 23:00:00,2023-01-11 06:00:00,17120.0,17361.0,1.3978712914358633,17230.0,17495.0,1.5262778977681786,17120.0,17495.0,5,4
2023-01-10 02:30:00,2023-01-11 15:45:00,17138.5,17381.5,1.4078794901506373,17362.5,17495.0,0.7602381123144231,17138.5,17495.0,5,5
2023-01-14 14:30:00,2023-01-15 12:30:00,20502.0,20654.0,0.7386529303139275,20773.0,21243.5,2.239596349053348,20502.0,21243.5,5,5
2023-01-14 18:15:00,2023-01-15 18:00:00,20555.0,20658.5,0.5022626081259781,20773.0,21093.0,1.5286867625280658,20555.0,21093.0,5,4
2023-01-15 00:30:00,2023-01-15 22:30:00,20555.0,20658.5,0.5022626081259781,20773.0,21066.0,1.4006070890795668,20555.0,21066.0,5,3
2023-01-15 12:30:00,2023-01-16 21:15:00,20600.0,20730.0,0.6290829905637552,21066.0,21488.0,1.9833623161159937,20600.0,21488.0,5,4
2023-01-16 21:15:00,2023-01-18 00:15:00,20824.5,21076.5,1.2028352545285317,21230.0,21626.5,1.8503610887496647,20824.5,21626.5,5,5
2023-01-17 01:00:00,2023-01-18 09:00:00,20824.5,21086.0,1.2478973049713078,21230.0,21626.5,1.8503610887496647,20824.5,21626.5,5,5
2023-01-17 07:00:00,2023-01-18 16:30:00,20985.0,21086.0,0.48014071450642964,21244.0,21673.0,1.9992077731435096,20985.0,21673.0,5,5
2023-01-21 10:30:00,2023-01-22 15:15:00,22567.0,22807.5,1.0600667775953454,22978.5,23381.0,1.736429426546878,22567.0,23381.0,5,3
2023-01-23 03:30:00,2023-01-24 14:30:00,22459.5,22770.0,1.3729977116704806,22791.5,23187.0,1.720369303043814,22459.5,23187.0,5,6
2023-01-23 07:15:00,2023-01-25 01:15:00,22459.5,22770.0,1.3729977116704806,23030.0,23187.0,0.6794036826276045,22459.5,23187.0,5,6
2023-01-27 14:15:00,2023-01-29 08:45:00,22838.0,22941.5,0.4521674548651689,23019.0,23515.5,2.1339006543532215,22838.0,23515.5,5,7
2023-01-31 06:00:00,2023-02-01 16:45:00,22734.5,23040.0,1.3348043124447018,22994.0,23375.0,1.6433392999633374,22734.5,23375.0,5,6
2023-01-31 11:30:00,2023-02-01 19:30:00,22801.0,23040.0,1.0427346698370454,23142.0,23375.0,1.001784293914053,22801.0,23375.0,5,5
2023-02-02 06:15:00,2023-02-03 14:15:00,23314.0,23655.0,1.4520215461261683,23855.0,24159.5,1.2683668475148133,23314.0,24159.5,5,3
2023-02-03 02:30:00,2023-02-04 09:00:00,23203.0,23410.5,0.8903000203803619,23371.5,23723.0,1.4927433139750927,23203.0,23723.0,5,3
2023-02-03 08:00:00,2023-02-04 16:15:00,23203.0,23314.0,0.47724487821656597,23371.5,23723.0,1.4927433139750927,23203.0,23723.0,5,4
2023-02-03 14:15:00,2023-02-05 00:45:00,23203.0,23358.0,0.6657932604540281,23371.5,23723.0,1.4927433139750927,23203.0,23723.0,5,6
2023-02-03 20:00:00,2023-02-05 12:45:00,23203.0,23358.0,0.6657932604540281,23371.5,23587.5,0.9199514470069635,23203.0,23587.5,5,6
2023-02-05 19:15:00,2023-02-07 08:45:00,22612.5,22760.0,0.6501735632817235,22934.0,23165.0,1.0021909368966788,22612.5,23165.0,5,6
2023-02-06 05:15:00,2023-02-07 18:30:00,22612.5,22862.0,1.0973182772762757,22934.0,23363.0,1.8532518305721752,22612.5,23363.0,5,7
2023-02-06 11:30:00,2023-02-08 16:15:00,22628.5,22862.0,1.026587968916587,22937.0,23462.5,2.2651106154161145,22628.5,23462.5,5,7
2023-02-06 15:15:00,2023-02-08 20:00:00,22628.5,22862.0,1.026587968916587,22984.0,23462.5,2.060435124282777,22628.5,23462.5,5,7
2023-02-06 23:15:00,2023-02-09 04:00:00,22628.5,22862.0,1.026587968916587,22984.0,23462.5,2.060435124282777,22628.5,23462.5,5,6
2023-02-09 21:30:00,2023-02-11 07:15:00,21431.1,21698.0,1.2376794322163063,21715.0,21939.5,1.0285308501987194,21431.1,21939.5,5,5
2023-02-10 05:30:00,2023-02-11 10:30:00,21431.1,21675.1,1.1320877275194752,21706.0,21931.3,1.0326028420640108,21431.1,21931.3,5,5
2023-02-10 12:00:00,2023-02-11 18:45:00,21431.1,21675.1,1.1320877275194752,21706.0,21900.0,0.8897858092922992,21431.1,21900.0,5,5
2023-02-10 15:45:00,2023-02-12 02:00:00,21431.1,21648.4,1.0088325073410922,21706.0,21890.0,0.8441141389118269,21431.1,21890.0,5,5
2023-02-10 21:30:00,2023-02-12 04:45:00,21431.1,21753.3,1.4922055186595196,21706.0,21890.0,0.8441141389118269,21431.1,21890.0,5,4
2023-02-11 07:15:00,2023-02-12 13:30:00,21604.5,21760.0,0.7171764922920822,21706.0,21946.2,1.1005172706072122,21604.5,21946.2,5,4
2023-02-11 10:30:00,2023-02-12 22:00:00,21604.5,21760.0,0.7171764922920822,21776.0,22079.0,1.3818264736062023,21604.5,22079.0,5,4
2023-02-11 18:45:00,2023-02-13 02:30:00,21604.5,21760.0,0.7171764922920822,21867.1,22079.0,0.9643631630565691,21604.5,22079.0,5,4
2023-02-12 02:00:00,2023-02-13 10:15:00,21617.0,21760.0,0.6593355925951542,21861.0,22079.0,0.9922621756941283,21617.0,22079.0,5,5
2023-02-18 02:30:00,2023-02-19 20:15:00,24427.4,24560.5,0.5433994925277407,24678.8,25197.5,2.079945785874256,24427.4,25197.5,5,7
2023-02-18 07:45:00,2023-02-20 01:15:00,24251.0,24560.5,1.268143777593395,24583.9,25197.5,2.465177757154273,24251.0,25197.5,5,7
2023-02-20 09:15:00,2023-02-21 16:30:00,24371.0,24652.5,1.1484288147521087,24789.0,25295.0,2.020605382956633,24371.0,25295.0,5,5
2023-02-24 16:00:00,2023-02-25 15:45:00,22800.0,23014.4,0.9359502689110911,23085.8,23326.7,1.0380824131430173,22800.0,23326.7,5,4
2023-02-24 19:30:00,2023-02-25 20:45:00,22800.0,23014.4,0.9359502689110911,23078.0,23326.7,1.071874185157972,22800.0,23326.7,5,5
2023-02-24 22:30:00,2023-02-26 02:00:00,22712.3,23014.4,1.3213286766812484,23078.0,23212.8,0.5824051431385902,22712.3,23212.8,5,5
2023-02-26 02:00:00,2023-02-27 09:00:00,23060.1,23313.7,1.0937210235089736,23248.7,23685.7,1.8621735869639326,23060.1,23685.7,5,5
2023-02-26 06:00:00,2023-02-27 16:00:00,23089.1,23330.0,1.0379348156254709,23288.0,23889.0,2.547851707399792,23089.1,23889.0,5,5
2023-02-26 12:45:00,2023-02-27 20:00:00,23117.0,23330.0,0.9171744138480419,23320.0,23889.0,2.410557308987693,23117.0,23889.0,5,4
2023-02-26 17:00:00,2023-02-28 01:30:00,23083.8,23330.0,1.0608913728244649,23575.0,23889.0,1.3231080397775157,23083.8,23889.0,5,4
2023-02-26 22:15:00,2023-02-28 08:00:00,23083.8,23341.0,1.1080284675432128,23516.4,23889.0,1.5719728132238038,23083.8,23889.0,5,4
2023-02-27 09:00:00,2023-02-28 14:30:00,23083.8,23341.0,1.1080284675432128,23516.4,23889.0,1.5719728132238038,23083.8,23889.0,5,3
2023-02-27 16:00:00,2023-02-28 21:30:00,23083.8,23341.0,1.1080284675432128,23516.4,23592.9,0.32477663646031674,23083.8,23592.9,5,3
2023-02-27 20:00:00,2023-03-01 00:45:00,23010.0,23341.0,1.4282324005954563,23516.4,23592.9,0.32477663646031674,23010.0,23592.9,5,3
2023-02-28 01:30:00,2023-03-01 10:15:00,23010.0,23341.0,1.4282324005954563,23516.4,24028.4,2.1537581396914067,23010.0,24028.4,5,4
2023-03-01 20:00:00,2023-03-02 21:30:00,23186.4,23422.0,1.0109765621647537,23476.8,23788.2,1.317676927959384,23186.4,23788.2,5,4
2023-03-02 03:00:00,2023-03-03 01:30:00,23186.4,23422.0,1.0109765621647537,23476.8,23567.0,0.3834724235712282,23186.4,23567.0,5,3
2023-03-03 11:00:00,2023-03-04 21:45:00,22140.0,22270.7,0.5885968921903989,22377.8,22495.0,0.5223654418712481,22140.0,22495.0,5,5
2023-03-03 13:45:00,2023-03-05 02:30:00,22140.0,22262.5,0.5517707336298632,22377.8,22672.9,1.310079532615485,22140.0,22672.9,5,6
2023-03-03 18:30:00,2023-03-05 09:00:00,22141.0,22262.5,0.547254157892959,22377.8,22672.9,1.310079532615485,22141.0,22672.9,5,4
2023-03-03 21:15:00,2023-03-05 21:30:00,22141.0,22309.1,0.7563537539847989,22377.8,22672.9,1.310079532615485,22141.0,22672.9,5,7
2023-03-04 05:30:00,2023-03-06 02:00:00,22152.0,22309.1,0.7066851697326362,22385.0,22672.9,1.2779113096704526,22152.0,22672.9,5,7
2023-03-04 21:45:00,2023-03-06 05:00:00,22152.0,22309.1,0.7066851697326362,22440.4,22672.9,1.030738163690087,22152.0,22672.9,5,5
2023-03-05 02:30:00,2023-03-06 11:45:00,22173.0,22309.1,0.6119315410018796,22435.0,22569.2,0.5963887814915085,22173.0,22569.2,5,5
2023-03-05 09:00:00,2023-03-06 21:00:00,22234.4,22349.5,0.5163298859005091,22435.0,22594.7,0.7093096334197241,22234.4,22594.7,5,6
2023-03-05 21:30:00,2023-03-07 00:15:00,22234.4,22349.5,0.5163298859005091,22435.0,22594.7,0.7093096334197241,22234.4,22594.7,5,3
2023-03-06 02:00:00,2023-03-07 15:00:00,22234.4,22371.7,0.6156108693653973,22422.3,22594.7,0.7659328698047468,22234.4,22594.7,5,4
2023-03-07 15:00:00,2023-03-08 23:00:00,21821.7,21935.2,0.518775324577381,22130.0,22485.7,1.5945059698715958,21821.7,22485.7,5,5
2023-03-10 01:15:00,2023-03-11 08:00:00,19535.0,19805.2,1.373658496906476,20294.0,20671.2,1.841563082811756,19535.0,20671.2,5,3
2023-03-10 07:00:00,2023-03-11 16:00:00,19535.0,19805.2,1.373658496906476,20198.4,20671.2,2.3137001585530528,19535.0,20671.2,5,4
2023-03-26 04:45:00,2023-03-27 15:00:00,27446.7,27755.0,1.1169945853116818,27766.4,28196.7,1.5377990139931463,27446.7,28196.7,5,6
2023-03-27 15:00:00,2023-03-28 17:15:00,26474.3,26865.5,1.4668221478145802,27082.4,27235.7,0.5644527330668755,26474.3,27235.7,5,5
2023-03-27 20:00:00,2023-03-28 21:45:00,26611.0,26865.5,0.9518199582994399,27082.4,27497.0,1.5192545172720788,26611.0,27497.0,5,6
2023-03-31 18:15:00,2023-04-02 05:00:00,28182.5,28385.2,0.7166633962490988,28420.3,28838.6,1.4610829058888637,28182.5,28838.6,5,6
2023-04-01 00:30:00,2023-04-02 16:30:00,28182.5,28385.2,0.7166633962490988,28420.3,28838.6,1.4610829058888637,28182.5,28838.6,5,6
2023-04-02 16:30:00,2023-04-03 17:00:00,27553.6,27913.3,1.2969897362210643,28188.1,28550.0,1.2756860028799042,27553.6,28550.0,5,4
2023-04-02 19:30:00,2023-04-03 21:00:00,27553.6,27865.3,1.1248869970353101,28188.1,28550.0,1.2756860028799042,27553.6,28550.0,5,4
2023-04-05 16:15:00,2023-04-06 22:15:00,27670.0,27925.0,0.9173486824354707,28087.9,28298.0,0.7452217664345112,27670.0,28298.0,5,5
2023-04-06 01:15:00,2023-04-07 02:30:00,27670.0,27925.0,0.9173486824354707,28087.9,28173.5,0.3042938853281239,27670.0,28173.5,5,5
2023-04-06 10:30:00,2023-04-07 07:45:00,27670.0,27925.0,0.9173486824354707,28087.9,28173.5,0.3042938853281239,27670.0,28173.5,5,4
2023-04-06 13:45:00,2023-04-07 12:30:00,27726.3,27925.0,0.7140893384341451,28000.0,28173.5,0.6177290003293368,27726.3,28173.5,5,4
2023-04-06 18:30:00,2023-04-07 16:45:00,27755.0,27925.0,0.610632183908046,28000.0,28123.8,0.4411675617117845,27755.0,28123.8,5,3
2023-04-07 07:45:00,2023-04-08 12:30:00,27755.0,27846.0,0.32733224222585927,27970.0,28164.2,0.6919133077517832,27755.0,28164.2,5,3
2023-04-07 12:30:00,2023-04-08 18:45:00,27775.2,27931.0,0.5593632306637296,27970.0,28164.2,0.6919133077517832,27775.2,28164.2,5,4
2023-04-07 16:45:00,2023-04-08 22:15:00,27830.0,27931.0,0.3622603611843403,27970.0,28164.2,0.6919133077517832,27830.0,28164.2,5,3
2023-04-07 20:45:00,2023-04-09 08:45:00,27830.0,27931.0,0.3622603611843403,27970.0,28164.2,0.6919133077517832,27830.0,28164.2,5,5
2023-04-08 00:45:00,2023-04-09 14:15:00,27764.0,27931.0,0.5996947661369961,27958.9,28164.2,0.7316060588242604,27764.0,28164.2,5,5
2023-04-08 12:30:00,2023-04-10 01:30:00,27764.0,27931.0,0.5996947661369961,27958.9,28524.4,2.002361760024644,27764.0,28524.4,5,5
2023-04-11 05:45:00,2023-04-12 06:15:00,29768.2,29960.0,0.6422426927314042,30150.0,30560.5,1.3523196152230668,29768.2,30560.5,5,4
2023-04-11 09:15:00,2023-04-12 12:15:00,29810.0,29960.0,0.5019240421616196,30067.0,30560.5,1.627974104160653,29810.0,30560.5,5,4
2023-04-11 14:45:00,2023-04-12 15:00:00,29810.0,29960.0,0.5019240421616196,30067.0,30560.5,1.627974104160653,29810.0,30560.5,5,4
2023-04-11 20:15:00,2023-04-12 19:45:00,29630.0,29917.5,0.965615684957387,30067.0,30480.0,1.3642294415908303,29630.0,30480.0,5,4
2023-04-12 02:30:00,2023-04-12 22:45:00,29630.0,29917.5,0.965615684957387,29974.4,30480.0,1.672665678594109,29630.0,30480.0,5,4
2023-04-12 06:15:00,2023-04-13 06:45:00,29630.0,29917.5,0.965615684957387,29974.4,30480.0,1.672665678594109,29630.0,30480.0,5,6
2023-04-12 12:15:00,2023-04-13 12:30:00,29630.0,29976.7,1.1632920460283853,29974.4,30480.0,1.672665678594109,29630.0,30480.0,5,6
2023-04-14 16:45:00,2023-04-16 20:00:00,29936.0,30240.2,1.0110309391420553,30365.4,30583.0,0.7140466361709201,29936.0,30583.0,5,6
2023-04-15 01:15:00,2023-04-17 01:00:00,30114.0,30240.2,0.41819790503395204,30365.4,30565.4,0.6564824358124298,30114.0,30565.4,5,4
2023-04-21 19:30:00,2023-04-23 00:30:00,27058.0,27216.2,0.582965755368115,27395.8,27880.4,1.7533766792941707,27058.0,27880.4,5,3
2023-04-21 22:30:00,2023-04-23 10:30:00,27058.0,27399.2,1.253094173038646,27395.8,27880.4,1.7533766792941707,27058.0,27880.4,5,4
2023-04-22 01:15:00,2023-04-23 15:15:00,27130.0,27464.3,1.2246699747043162,27395.8,27880.4,1.7533766792941707,27130.0,27880.4,5,5
2023-04-22 08:45:00,2023-04-23 18:45:00,27180.0,27464.3,1.0405476874989679,27678.3,27880.4,0.727518822434658,27180.0,27880.4,5,5
2023-04-22 13:30:00,2023-04-24 08:45:00,27216.2,27464.3,0.907453296879138,27678.3,27989.0,1.116274725018101,27216.2,27989.0,5,6
2023-04-23 00:30:00,2023-04-24 17:00:00,27136.0,27464.3,1.2025574951053355,27678.3,27989.0,1.116274725018101,27136.0,27989.0,5,5
2023-04-23 15:15:00,2023-04-25 08:15:00,26933.0,27320.0,1.4266492175547896,27447.0,27989.0,1.9554080380979868,26933.0,27989.0,5,6
2023-04-23 18:45:00,2023-04-25 14:30:00,26933.0,27320.0,1.4266492175547896,27447.0,27989.0,1.9554080380979868,26933.0,27989.0,5,6
2023-04-28 09:00:00,2023-04-30 02:00:00,28870.0,29224.6,1.2207675067906434,29298.0,29471.9,0.5917995436439452,28870.0,29471.9,5,6
2023-04-28 13:45:00,2023-04-30 11:45:00,28870.0,29224.6,1.2207675067906434,29298.0,29432.2,0.45700508426670006,28870.0,29432.2,5,6
2023-04-29 00:45:00,2023-04-30 20:00:00,29010.1,29224.6,0.7366741822315561,29298.0,29955.0,2.2176092349754444,29010.1,29955.0,5,5
2023-04-29 10:15:00,2023-05-01 01:45:00,29010.1,29224.6,0.7366741822315561,29298.0,29955.0,2.2176092349754444,29010.1,29955.0,5,4
2023-05-01 20:45:00,2023-05-03 02:00:00,27640.1,27926.8,1.0319092841241846,28150.0,28869.0,2.5219663620898296,27640.1,28869.0,5,5
2023-05-04 08:15:00,2023-05-05 12:30:00,28631.2,29007.7,1.3064093867162627,28911.8,29534.7,2.131521990196167,28631.2,29534.7,5,4
2023-05-04 13:30:00,2023-05-05 18:45:00,28631.2,29007.7,1.3064093867162627,28911.8,29674.0,2.6019957054439837,28631.2,29674.0,5,4
2023-05-08 08:45:00,2023-05-09 11:00:00,27250.0,27651.3,1.461896166393143,27659.3,28076.0,1.4952821640863176,27250.0,28076.0,5,4
2023-05-08 14:30:00,2023-05-09 22:15:00,27250.0,27651.3,1.461896166393143,27659.3,28076.0,1.4952821640863176,27250.0,28076.0,5,6
2023-05-08 20:00:00,2023-05-10 08:00:00,27250.0,27531.0,1.0259031416001898,27659.3,27844.0,0.6655460125794348,27250.0,27844.0,5,6
2023-05-09 00:45:00,2023-05-10 17:15:00,27425.3,27531.0,0.3846692735864704,27659.3,28293.0,2.265143702761104,27425.3,28293.0,5,8
2023-05-13 06:15:00,2023-05-14 19:15:00,26534.3,26752.0,0.8170955761612299,26885.0,27198.6,1.1596861155692246,26534.3,27198.6,5,4
2023-05-13 14:15:00,2023-05-15 00:15:00,26534.3,26807.6,1.0247104058910512,26885.0,27198.6,1.1596861155692246,26534.3,27198.6,5,4
2023-05-13 18:45:00,2023-05-15 14:15:00,26534.3,26807.6,1.0247104058910512,26885.0,27534.9,2.388464513900251,26534.3,27534.9,5,5
2023-05-16 01:15:00,2023-05-17 11:45:00,26736.0,26974.3,0.8873530775288883,26897.0,27273.0,1.3882222632453387,26736.0,27273.0,5,5
2023-05-16 14:00:00,2023-05-18 02:15:00,26501.4,26882.2,1.4266553773068853,26897.0,27565.2,2.453812001718626,26501.4,27565.2,5,5
2023-05-19 01:45:00,2023-05-20 07:15:00,26602.7,26816.2,0.799342554788661,26864.6,27172.9,1.1410594494564068,26602.7,27172.9,5,5
2023-05-19 10:45:00,2023-05-20 13:15:00,26602.7,26823.0,0.82469672835358,26864.6,27172.9,1.1410594494564068,26602.7,27172.9,5,6
2023-05-19 15:30:00,2023-05-20 21:00:00,26602.7,26861.3,0.9673799191979595,26864.6,27134.0,0.9978036467612177,26602.7,27134.0,5,5
2023-05-19 19:15:00,2023-05-21 11:45:00,26763.4,26942.2,0.6658523505928591,26864.6,27282.1,1.5421069058686865,26763.4,27282.1,5,7
2023-05-20 00:30:00,2023-05-21 15:45:00,26734.3,26942.2,0.7746406714297746,26864.6,27282.1,1.5421069058686865,26734.3,27282.1,5,7
2023-05-20 07:15:00,2023-05-21 21:00:00,26734.3,26942.2,0.7746406714297746,26900.9,27282.1,1.4070834025432224,26734.3,27282.1,5,7
2023-05-20 13:15:00,2023-05-22 00:30:00,26653.8,26942.2,1.0761997163967514,26916.6,27282.1,1.3487408369573441,26653.8,27282.1,5,5
2023-05-21 11:45:00,2023-05-22 17:15:00,26510.0,26795.0,1.0693180752274645,26900.0,27099.3,0.7381577168592899,26510.0,27099.3,5,4
2023-05-21 15:45:00,2023-05-23 00:45:00,26510.0,26795.0,1.0693180752274645,26900.0,27099.3,0.7381577168592899,26510.0,27099.3,5,4
2023-05-21 21:00:00,2023-05-23 07:30:00,26510.0,26787.6,1.0416979376181987,26900.0,27495.6,2.189883005243066,26510.0,27495.6,5,4
2023-05-24 15:00:00,2023-05-26 01:45:00,25851.0,26190.5,1.3047279574954602,26286.6,26627.4,1.2881279056582489,25851.0,26627.4,5,5
2023-05-25 07:45:00,2023-05-26 12:30:00,26116.5,26330.0,0.8141630042042843,26510.0,26627.4,0.4418733321540062,26116.5,26627.4,5,4
2023-05-25 11:30:00,2023-05-26 18:00:00,26147.9,26341.3,0.7369134983958522,26510.0,26929.9,1.571484976581174,26147.9,26929.9,5,5
2023-05-26 01:45:00,2023-05-27 10:45:00,26306.8,26623.0,1.1947900804461786,26537.3,26929.9,1.4685639045994636,26306.8,26929.9,5,3
2023-05-26 06:00:00,2023-05-27 13:45:00,26306.8,26657.2,1.3231629031040006,26537.3,26929.9,1.4685639045994636,26306.8,26929.9,5,4
2023-05-26 12:30:00,2023-05-28 12:30:00,26341.3,26657.2,1.1921092106380424,26764.5,27347.0,2.1529619396985855,26341.3,27347.0,5,7
2023-05-29 04:30:00,2023-05-30 05:00:00,27510.0,27833.0,1.1672659595612815,27822.0,27964.9,0.5123066526370939,27510.0,27964.9,5,4
2023-05-29 07:30:00,2023-05-30 08:00:00,27510.0,27822.0,1.1277380177835612,27822.0,27964.9,0.5123066526370939,27510.0,27964.9,5,4
2023-05-29 10:45:00,2023-05-30 16:15:00,27510.0,27728.0,0.7893117057098374,27822.0,28036.7,0.768725373128987,27510.0,28036.7,5,4
2023-05-29 17:00:00,2023-05-30 21:45:00,27510.0,27702.0,0.6955009780482504,27822.0,28036.7,0.768725373128987,27510.0,28036.7,5,4
2023-05-29 22:00:00,2023-05-31 02:00:00,27529.0,27702.0,0.6264597780232116,27822.0,28036.7,0.768725373128987,27529.0,28036.7,5,5
2023-05-30 05:00:00,2023-05-31 06:00:00,27529.0,27702.0,0.6264597780232116,27824.0,28036.7,0.7615371808802995,27529.0,28036.7,5,3
2023-05-31 06:00:00,2023-06-01 16:45:00,26584.6,26981.5,1.4819074003894308,26872.9,27343.4,1.735640388591623,26584.6,27343.4,5,6
2023-05-31 11:00:00,2023-06-01 19:30:00,26584.6,26981.5,1.4819074003894308,26872.9,27343.4,1.735640388591623,26584.6,27343.4,5,6
2023-05-31 14:15:00,2023-06-02 00:30:00,26584.6,26817.0,0.870385906040274,26872.9,27343.4,1.735640388591623,26584.6,27343.4,5,5
2023-06-01 03:00:00,2023-06-02 07:45:00,26480.7,26789.0,1.157506049405194,26872.9,27216.0,1.2686521633828698,26480.7,27216.0,5,5
2023-06-02 07:45:00,2023-06-03 10:00:00,26828.5,27096.9,0.9954492688046873,27173.7,27293.4,0.4395313868371943,26828.5,27293.4,5,5
2023-06-02 13:45:00,2023-06-03 21:00:00,26828.5,27108.6,1.0386172041136752,27172.8,27324.9,0.5581886942017817,26828.5,27324.9,5,5
2023-06-02 18:30:00,2023-06-04 01:00:00,26905.9,27108.6,0.7505392070647589,27075.1,27324.9,0.9183823529411871,26905.9,27324.9,5,6
2023-06-03 01:30:00,2023-06-04 05:30:00,26905.9,27108.6,0.7505392070647589,27075.1,27324.9,0.9183823529411871,26905.9,27324.9,5,5
2023-06-03 04:30:00,2023-06-04 12:15:00,26905.9,27108.6,0.7505392070647589,27075.1,27324.9,0.9183823529411871,26905.9,27324.9,5,6
2023-06-03 10:00:00,2023-06-04 16:00:00,26905.9,27151.0,0.9068222558082264,27075.1,27324.9,0.9183823529411871,26905.9,27324.9,5,6
2023-06-03 21:00:00,2023-06-05 05:15:00,26905.9,27151.0,0.9068222558082264,27075.1,27450.0,1.3751464921659986,26905.9,27450.0,5,5
2023-06-07 10:00:00,2023-06-08 13:30:00,26115.4,26359.5,0.930349557598008,26457.3,26979.0,1.952605251486352,26115.4,26979.0,5,3
2023-06-07 16:00:00,2023-06-09 02:15:00,26115.4,26359.5,0.930349557598008,26457.3,26810.5,1.3261294816005191,26115.4,26810.5,5,5
2023-06-07 21:45:00,2023-06-09 07:30:00,26115.4,26359.5,0.930349557598008,26457.3,26810.5,1.3261294816005191,26115.4,26810.5,5,5
2023-06-08 03:15:00,2023-06-09 11:30:00,26190.3,26424.7,0.8910006652095466,26507.8,26810.5,1.135445053574479,26190.3,26810.5,5,5
2023-06-08 10:00:00,2023-06-09 19:00:00,26260.0,26550.0,1.0982768415072903,26585.7,26810.5,0.8420074836786112,26260.0,26810.5,5,5
2023-06-08 13:30:00,2023-06-10 05:45:00,26260.0,26550.0,1.0982768415072903,26492.1,26810.5,1.194688439213102,26260.0,26810.5,5,7
2023-06-10 05:45:00,2023-06-11 08:30:00,25334.0,25705.5,1.455735263864262,25723.0,26145.7,1.6298846896105001,25334.0,26145.7,5,5
2023-06-10 13:00:00,2023-06-11 13:45:00,25334.0,25705.5,1.455735263864262,25819.5,26145.7,1.2554555741149875,25334.0,26145.7,5,4
2023-06-10 18:15:00,2023-06-11 22:30:00,25334.0,25705.5,1.455735263864262,25819.5,26196.8,1.4506991077796738,25334.0,26196.8,5,4
2023-06-11 01:00:00,2023-06-12 02:15:00,25615.9,25733.0,0.45609545676732527,25819.5,26196.8,1.4506991077796738,25615.9,26196.8,5,3
2023-06-11 04:15:00,2023-06-12 06:00:00,25603.8,25733.0,0.503342631406713,25819.5,26196.8,1.4506991077796738,25603.8,26196.8,5,3
2023-06-11 08:30:00,2023-06-12 14:00:00,25603.8,25733.0,0.503342631406713,25835.9,26196.8,1.3872045848091599,25603.8,26196.8,5,3
2023-06-12 02:15:00,2023-06-13 15:45:00,25603.8,25807.3,0.7916578326470355,25964.7,26420.0,1.7382938147970661,25603.8,26420.0,5,5
2023-06-12 06:00:00,2023-06-13 22:15:00,25638.0,25807.3,0.6581747992527958,25963.0,26420.0,1.7448408834927362,25638.0,26420.0,5,6
2023-06-12 14:00:00,2023-06-14 05:45:00,25638.0,25807.3,0.6581747992527958,25963.0,26420.0,1.7448408834927362,25638.0,26420.0,5,6
2023-06-12 17:15:00,2023-06-14 13:30:00,25638.0,25825.0,0.7267357130365505,25963.0,26420.0,1.7448408834927362,25638.0,26420.0,5,7
2023-06-13 01:00:00,2023-06-14 20:45:00,25708.1,25908.0,0.7745645254097131,25963.0,26420.0,1.7448408834927362,25708.1,26420.0,5,7
2023-06-17 02:00:00,2023-06-18 09:15:00,26164.6,26455.0,1.1037712183292974,26589.0,26886.8,1.113774828988063,26164.6,26886.8,5,3
2023-06-17 15:15:00,2023-06-18 20:15:00,26282.0,26455.0,0.6560858600223752,26589.0,26698.0,0.40910541032522,26282.0,26698.0,5,3
2023-06-18 06:00:00,2023-06-19 04:30:00,26232.0,26455.0,0.8465086264163835,26469.7,26698.0,0.8587920861726172,26232.0,26698.0,5,3
2023-06-18 09:15:00,2023-06-19 11:00:00,26232.0,26444.5,0.806811386481638,26469.7,26698.0,0.8587920861726172,26232.0,26698.0,5,3
2023-06-18 12:30:00,2023-06-19 16:30:00,26232.0,26424.7,0.7319106590424418,26469.7,26698.0,0.8587920861726172,26232.0,26698.0,5,4
2023-06-18 20:15:00,2023-06-20 09:30:00,26232.0,26355.5,0.469693368195864,26469.7,27166.0,2.596405006367025,26232.0,27166.0,5,6
2023-06-22 11:00:00,2023-06-23 13:45:00,29503.4,29893.2,1.3125330406117497,30079.7,30350.0,0.8945932215450326,29503.4,30350.0,5,4
2023-06-23 22:15:00,2023-06-25 00:30:00,30248.1,30544.0,0.9734817517407738,30687.5,30797.9,0.35910964228906844,30248.1,30797.9,5,3
2023-06-24 01:30:00,2023-06-25 10:15:00,30248.1,30544.0,0.9734817517407738,30687.5,31042.1,1.148881573831674,30248.1,31042.1,5,4
2023-06-24 07:45:00,2023-06-25 15:00:00,30248.1,30572.0,1.0651084098842372,30687.5,31042.1,1.148881573831674,30248.1,31042.1,5,4
2023-06-24 16:00:00,2023-06-25 20:45:00,30248.1,30572.0,1.0651084098842372,30687.5,31042.1,1.148881573831674,30248.1,31042.1,5,3
2023-06-24 21:15:00,2023-06-26 01:15:00,30260.0,30572.0,1.0257759074171489,30564.7,31042.1,1.5498289149898965,30260.0,31042.1,5,3
2023-06-25 20:45:00,2023-06-27 06:30:00,29917.0,30260.0,1.1399704205925854,30299.5,30649.6,1.1488274642283431,29917.0,30649.6,5,6
2023-06-26 01:15:00,2023-06-27 09:45:00,29917.0,30225.5,1.0258968283659642,30299.5,30649.6,1.1488274642283431,29917.0,30649.6,5,5
2023-06-26 10:00:00,2023-06-27 15:30:00,29917.0,30321.6,1.3433247120616965,30299.5,30997.0,2.2758232525511244,29917.0,30997.0,5,4
2023-06-26 17:15:00,2023-06-27 20:15:00,29917.0,30358.0,1.4632932393197844,30299.5,30997.0,2.2758232525511244,29917.0,30997.0,5,4
2023-06-26 22:00:00,2023-06-28 02:45:00,30089.8,30536.2,1.4726355029195444,30490.0,30997.0,1.6491290841966595,30089.8,30997.0,5,4
2023-06-27 06:30:00,2023-06-28 08:00:00,30225.5,30536.2,1.0226836971315836,30730.7,30997.0,0.8628217153725128,30225.5,30997.0,5,3
2023-06-27 09:45:00,2023-06-28 13:00:00,30121.2,30536.2,1.3683408784418718,30369.0,30997.0,2.04673597757716,30121.2,30997.0,5,4
2023-07-01 01:15:00,2023-07-02 15:15:00,30312.0,30531.5,0.7215232522783863,30549.0,30650.0,0.33007075279007825,30312.0,30650.0,5,4
2023-07-01 04:15:00,2023-07-02 18:00:00,30138.4,30531.5,1.2958650006016115,30549.0,30699.8,0.4924178106346549,30138.4,30699.8,5,5
2023-07-01 22:45:00,2023-07-02 22:30:00,30138.4,30531.5,1.2958650006016115,30549.0,30790.0,0.7857969644108969,30138.4,30790.0,5,4
2023-07-02 02:15:00,2023-07-03 12:00:00,30138.4,30452.9,1.038102829944233,30549.0,30790.0,0.7857969644108969,30138.4,30790.0,5,5
2023-07-02 06:00:00,2023-07-03 21:15:00,30138.4,30541.6,1.3289386947923438,30549.0,31399.4,2.745510779939438,30138.4,31399.4,5,7
2023-07-03 12:00:00,2023-07-05 00:45:00,30541.6,30863.9,1.0497431011880138,30836.0,31399.4,1.810545123836278,30541.6,31399.4,5,6
2023-07-03 21:15:00,2023-07-05 13:30:00,30602.8,30863.9,0.8495656998016884,30836.0,31319.2,1.5548176178340694,30602.8,31319.2,5,5
2023-07-07 07:45:00,2023-07-08 12:00:00,29911.8,30242.4,1.099175119941757,30296.5,30445.6,0.49092803837864857,29911.8,30445.6,5,3
2023-07-07 12:30:00,2023-07-08 19:15:00,30020.0,30242.4,0.7381053525913387,30296.5,30445.6,0.49092803837864857,30020.0,30445.6,5,4
2023-07-07 18:45:00,2023-07-09 11:00:00,30025.0,30242.4,0.7214513982683887,30296.5,30389.0,0.3048504173155037,30025.0,30389.0,5,5
2023-07-08 01:00:00,2023-07-09 14:00:00,30025.0,30242.4,0.7214513982683887,30296.5,30389.0,0.3048504173155037,30025.0,30389.0,5,5
2023-07-08 06:15:00,2023-07-10 00:00:00,30025.0,30229.4,0.6784566770227617,30296.5,30451.0,0.5086629079385983,30025.0,30451.0,5,5
2023-07-08 12:00:00,2023-07-10 08:15:00,29927.5,30229.4,1.0037086352521538,30240.2,30451.0,0.6946641358219949,29927.5,30451.0,5,5
2023-07-08 19:15:00,2023-07-10 12:45:00,29927.5,30229.4,1.0037086352521538,30240.2,30451.0,0.6946641358219949,29927.5,30451.0,5,4
2023-07-09 11:00:00,2023-07-10 21:45:00,29927.5,30229.4,1.0037086352521538,30240.2,31035.5,2.595808779010274,29927.5,31035.5,5,3
2023-07-09 14:00:00,2023-07-11 09:15:00,29927.5,30170.0,0.8070219227089312,30240.2,31035.5,2.595808779010274,29927.5,31035.5,5,5
2023-07-10 00:00:00,2023-07-11 13:30:00,29927.5,30315.3,1.287456758318004,30240.2,31035.5,2.595808779010274,29927.5,31035.5,5,4
2023-07-10 08:15:00,2023-07-11 18:30:00,29966.0,30315.3,1.1589000237221136,30587.8,31035.5,1.4530218277826754,29966.0,31035.5,5,4
2023-07-10 12:45:00,2023-07-11 22:30:00,30131.2,30390.0,0.8552375035524717,30587.8,31035.5,1.4530218277826754,30131.2,31035.5,5,4
2023-07-10 21:45:00,2023-07-12 01:30:00,30157.1,30490.0,1.097826606713269,30587.8,30811.2,0.7276991481946007,30157.1,30811.2,5,4
2023-07-11 09:15:00,2023-07-12 16:00:00,30251.5,30490.0,0.7852950618605072,30635.0,30962.2,1.0623859526082378,30251.5,30962.2,5,5
2023-07-11 13:30:00,2023-07-12 19:30:00,30251.5,30490.0,0.7852950618605072,30523.9,30962.2,1.4256880823470646,30251.5,30962.2,5,6
2023-07-11 18:30:00,2023-07-13 05:00:00,30185.0,30490.0,1.0053564070869385,30424.9,30962.2,1.7505306489474146,30185.0,30962.2,5,6
2023-07-11 22:30:00,2023-07-13 12:30:00,30185.0,30490.0,1.0053564070869385,30424.9,30962.2,1.7505306489474146,30185.0,30962.2,5,7
2023-07-14 19:00:00,2023-07-16 18:30:00,29873.0,30250.2,1.2547568991670461,30322.0,30445.4,0.4061388178529983,29873.0,30445.4,5,6
2023-07-15 05:15:00,2023-07-16 23:30:00,30038.2,30250.2,0.7032862043112771,30322.0,30445.4,0.4061388178529983,30038.2,30445.4,5,6
2023-07-15 16:15:00,2023-07-17 10:15:00,30038.2,30250.2,0.7032862043112771,30318.8,30445.4,0.41669272367611915,30038.2,30445.4,5,6
2023-07-16 02:15:00,2023-07-17 18:45:00,29930.1,30250.2,1.063803271170141,30299.1,30445.4,0.4816897003020945,29930.1,30445.4,5,6
2023-07-18 19:45:00,2023-07-20 14:45:00,29652.2,29902.5,0.8405717768706729,30035.0,30407.0,1.230932133284802,29652.2,30407.0,5,5
2023-07-19 09:00:00,2023-07-20 18:15:00,29563.7,29902.5,1.1394708254436952,30035.0,30407.0,1.230932133284802,29563.7,30407.0,5,4
2023-07-19 15:00:00,2023-07-21 00:30:00,29488.1,29902.5,1.395507033099519,29888.8,30407.0,1.718859356704781,29488.1,30407.0,5,4
2023-07-19 23:00:00,2023-07-21 11:15:00,29488.1,29902.5,1.395507033099519,29888.8,30407.0,1.718859356704781,29488.1,30407.0,5,4
2023-07-20 03:30:00,2023-07-21 19:00:00,29488.1,29902.5,1.395507033099519,29888.8,30407.0,1.718859356704781,29488.1,30407.0,5,5
2023-07-20 14:45:00,2023-07-22 06:00:00,29488.1,29750.2,0.8849004782379041,29888.8,30050.0,0.5378819729457405,29488.1,30050.0,5,5
2023-07-20 18:15:00,2023-07-22 12:45:00,29488.1,29830.6,1.1547791843044437,29888.8,30050.0,0.5378819729457405,29488.1,30050.0,5,6
2023-07-21 00:30:00,2023-07-22 18:00:00,29710.9,29830.6,0.402072504051786,29895.0,30050.0,0.5171407123196263,29710.9,30050.0,5,6
2023-07-21 11:15:00,2023-07-22 23:15:00,29710.9,29830.6,0.402072504051786,29895.0,30050.0,0.5171407123196263,29710.9,30050.0,5,5
2023-07-21 19:00:00,2023-07-23 13:30:00,29608.6,29830.6,0.7469817897952866,29898.9,29992.3,0.311898910023502,29608.6,29992.3,5,5
2023-07-22 06:00:00,2023-07-23 21:30:00,29608.6,29837.0,0.7684336603550186,29898.9,29974.9,0.2538673008895377,29608.6,29974.9,5,4
2023-07-22 12:45:00,2023-07-24 04:00:00,29608.6,29900.0,0.9793542445965843,29898.9,30084.0,0.6171758951301072,29608.6,30084.0,5,4
2023-07-22 18:00:00,2023-07-24 09:45:00,29608.6,29900.0,0.9793542445965843,29862.3,30084.0,0.7396619974877539,29608.6,30084.0,5,4
2023-07-24 09:45:00,2023-07-25 20:00:00,28851.0,29068.4,0.7506983843064722,29197.6,29367.0,0.5785064697786767,28851.0,29367.0,5,4
2023-07-24 15:00:00,2023-07-26 01:30:00,28851.0,29158.3,1.0594852894277271,29197.6,29367.0,0.5785064697786767,28851.0,29367.0,5,4
2023-07-24 18:00:00,2023-07-26 06:45:00,28983.7,29158.3,0.6005985346221271,29197.6,29416.5,0.7469192566293825,28983.7,29416.5,5,6
2023-07-25 01:30:00,2023-07-26 11:45:00,29026.7,29169.7,0.4914393330171626,29270.0,29416.5,0.4992630332359231,29026.7,29416.5,5,5
2023-07-25 13:00:00,2023-07-26 19:00:00,29068.4,29169.7,0.3478822283007147,29314.9,29416.5,0.34598187681546344,29068.4,29416.5,5,4
2023-07-25 20:00:00,2023-07-26 23:45:00,29076.0,29173.5,0.33476682203280717,29314.9,29665.1,1.1875211936249477,29076.0,29665.1,5,3
2023-07-26 01:30:00,2023-07-27 07:00:00,29076.0,29272.0,0.6718310824706931,29314.9,29665.1,1.1875211936249477,29076.0,29665.1,5,4
2023-07-26 06:45:00,2023-07-27 18:30:00,29136.0,29366.1,0.786638428364105,29480.0,29665.1,0.6259182924705463,29136.0,29665.1,5,3
2023-07-26 11:45:00,2023-07-28 08:00:00,29069.4,29366.1,1.015478604615335,29293.9,29665.1,1.2591801082107805,29069.4,29665.1,5,4
2023-07-26 19:00:00,2023-07-28 17:30:00,29069.4,29366.1,1.015478604615335,29293.9,29665.1,1.2591801082107805,29069.4,29665.1,5,5
2023-07-26 23:45:00,2023-07-29 08:45:00,29069.4,29366.1,1.015478604615335,29293.9,29552.6,0.879236658085008,29069.4,29552.6,5,6
2023-07-27 07:00:00,2023-07-29 12:45:00,29069.4,29366.1,1.015478604615335,29293.9,29552.6,0.879236658085008,29069.4,29552.6,5,6
2023-07-27 18:30:00,2023-07-30 02:45:00,29069.4,29249.8,0.6186641792068404,29293.9,29545.8,0.856224623850896,29069.4,29545.8,5,6
2023-07-28 08:00:00,2023-07-30 06:15:00,29111.2,29292.0,0.6191441564845738,29319.6,29545.8,0.7685329582403271,29111.2,29545.8,5,5
2023-07-28 17:30:00,2023-07-30 10:45:00,29180.6,29292.0,0.3810331676717008,29319.6,29396.9,0.26329907266271974,29180.6,29396.9,5,4
2023-07-29 08:45:00,2023-07-30 20:00:00,29221.6,29292.0,0.24062781985726894,29319.6,29444.9,0.42644794050831,29221.6,29444.9,5,3
2023-07-29 12:45:00,2023-07-31 09:45:00,29000.4,29292.0,1.0004734751013804,29366.2,29520.0,0.5223634739548461,29000.4,29520.0,5,3
2023-07-30 02:45:00,2023-07-31 19:45:00,29000.4,29312.0,1.0687263772370834,29444.9,29520.0,0.2547278126478585,29000.4,29520.0,5,3
2023-07-30 06:15:00,2023-08-01 02:00:00,29000.4,29312.0,1.0687263772370834,29287.0,29520.0,0.7924226707704864,29000.4,29520.0,5,5
2023-08-02 16:45:00,2023-08-03 22:30:00,28901.6,29080.0,0.6153676338700603,29190.3,29433.0,0.827998423834894,28901.6,29433.0,5,5
2023-08-02 21:15:00,2023-08-04 02:15:00,28951.0,29138.7,0.6462419327350657,29190.3,29433.0,0.827998423834894,28951.0,29433.0,5,5
2023-08-03 08:15:00,2023-08-04 07:30:00,28951.0,29138.7,0.6462419327350657,29190.3,29433.0,0.827998423834894,28951.0,29433.0,5,3
2023-08-03 12:45:00,2023-08-04 12:30:00,29062.2,29152.0,0.3085157916796908,29249.0,29433.0,0.6271088238301353,29062.2,29433.0,5,3
2023-08-03 18:00:00,2023-08-04 20:45:00,29080.0,29152.0,0.24728671520813297,29249.0,29357.0,0.36856294577347026,29080.0,29357.0,5,3
2023-08-03 22:30:00,2023-08-05 04:45:00,28788.0,29152.0,1.256472212633759,29140.7,29320.0,0.6134035343401611,28788.0,29320.0,5,3
2023-08-04 02:15:00,2023-08-05 07:30:00,28788.0,29152.0,1.256472212633759,29140.7,29320.0,0.6134035343401611,28788.0,29320.0,5,3
2023-08-04 07:30:00,2023-08-05 12:45:00,28788.0,29152.0,1.256472212633759,29078.0,29320.0,0.8287955066954348,28788.0,29320.0,5,4
2023-08-04 12:30:00,2023-08-05 16:30:00,28788.0,29116.0,1.1329096435479415,29076.9,29320.0,0.8325784416638504,28788.0,29320.0,5,4
2023-08-04 20:45:00,2023-08-06 02:00:00,28788.0,29027.3,0.8278085558666971,29076.9,29140.7,0.21917770571098522,28788.0,29140.7,5,5
2023-08-05 04:45:00,2023-08-06 06:30:00,28970.3,29027.3,0.19655985764928202,29076.9,29090.0,0.04504279925524154,28970.3,29090.0,5,4
2023-08-05 07:30:00,2023-08-06 14:15:00,28970.3,29035.0,0.22308306309940895,29076.9,29128.8,0.17833304985593446,28970.3,29128.8,5,5
2023-08-05 12:45:00,2023-08-06 21:45:00,28970.3,29035.0,0.22308306309940895,29076.9,29195.0,0.40534116786992885,28970.3,29195.0,5,5
2023-08-05 16:30:00,2023-08-07 00:30:00,28980.0,29035.0,0.18960613634404896,29082.1,29195.0,0.38745922497859864,28980.0,29195.0,5,4
2023-08-06 02:00:00,2023-08-07 16:15:00,28980.0,29035.0,0.18960613634404896,29128.8,29212.7,0.2876168764944386,28980.0,29212.7,5,4
2023-08-06 06:30:00,2023-08-08 02:00:00,28677.1,29035.0,1.240294496301474,29128.8,29290.0,0.5518771354427023,28677.1,29290.0,5,5
2023-08-08 22:30:00,2023-08-10 17:30:00,29464.4,29727.2,0.8879638327059896,29608.9,30129.0,1.7412731281146425,29464.4,30129.0,5,5
2023-08-09 02:45:00,2023-08-11 02:45:00,29308.8,29727.2,1.4174402059760196,29478.0,30129.0,2.1843072122401734,29308.8,30129.0,5,5
2023-08-09 06:15:00,2023-08-11 10:00:00,29308.8,29727.2,1.4174402059760196,29474.3,30129.0,2.1968582276484714,29308.8,30129.0,5,6
2023-08-09 10:30:00,2023-08-11 16:30:00,29308.8,29727.2,1.4174402059760196,29474.3,30129.0,2.1968582276484714,29308.8,30129.0,5,7
2023-08-10 09:30:00,2023-08-12 03:30:00,29215.1,29464.4,0.8497004916538243,29442.5,29732.3,0.9794709910299629,29215.1,29732.3,5,6
2023-08-10 17:30:00,2023-08-12 21:45:00,29215.1,29371.2,0.5328890884046344,29411.9,29573.0,0.5462414957048279,29215.1,29573.0,5,8
2023-08-11 02:45:00,2023-08-13 05:15:00,29215.1,29389.4,0.5948348676296288,29411.9,29573.0,0.5462414957048279,29215.1,29573.0,5,7
2023-08-11 10:00:00,2023-08-13 12:15:00,29215.1,29389.4,0.5948348676296288,29406.1,29573.0,0.5659631971325485,29215.1,29573.0,5,7
2023-08-11 16:30:00,2023-08-13 16:15:00,29215.1,29389.4,0.5948348676296288,29406.1,29469.0,0.21367267316743907,29215.1,29469.0,5,6
2023-08-12 03:30:00,2023-08-14 02:15:00,29320.0,29389.4,0.23641869956089298,29406.1,29469.0,0.21367267316743907,29320.0,29469.0,5,5
2023-08-12 21:45:00,2023-08-14 13:30:00,29080.0,29389.4,1.0583313664925633,29406.1,29485.5,0.2696479633767853,29080.0,29485.5,5,3
2023-08-13 05:15:00,2023-08-14 18:00:00,29080.0,29364.8,0.9745948313622401,29406.1,29680.0,0.9271216072815822,29080.0,29680.0,5,4
2023-08-13 12:15:00,2023-08-15 07:30:00,29080.0,29364.8,0.9745948313622401,29460.0,29680.0,0.7439972945552925,29080.0,29680.0,5,4
2023-08-13 16:15:00,2023-08-15 19:00:00,29080.0,29337.0,0.8798808565999624,29448.0,29680.0,0.7847381951021513,29080.0,29680.0,5,6
2023-08-14 02:15:00,2023-08-15 23:00:00,29049.7,29337.0,0.9841282346835813,29448.0,29680.0,0.7847381951021513,29049.7,29680.0,5,5
2023-08-14 13:30:00,2023-08-16 06:00:00,29049.7,29337.0,0.9841282346835813,29258.7,29680.0,1.4296209451514856,29049.7,29680.0,5,5
2023-08-14 18:00:00,2023-08-16 09:30:00,29049.7,29337.0,0.9841282346835813,29217.0,29496.1,0.9507247956588855,29049.7,29496.1,5,5
2023-08-15 07:30:00,2023-08-16 12:30:00,29049.7,29337.0,0.9841282346835813,29217.0,29496.1,0.9507247956588855,29049.7,29496.1,5,4
2023-08-15 19:00:00,2023-08-16 16:15:00,29001.8,29167.6,0.5700591720045223,29207.6,29258.7,0.17480155234725708,29001.8,29258.7,5,3
2023-08-15 23:00:00,2023-08-17 00:45:00,28940.6,29167.6,0.7813010900354855,29207.6,29258.7,0.17480155234725708,28940.6,29258.7,5,4
2023-08-18 23:30:00,2023-08-20 15:00:00,25785.7,26032.2,0.9514086830998555,25985.4,26263.3,1.0637585241355205,25785.7,26263.3,5,7
2023-08-19 07:00:00,2023-08-21 10:00:00,25785.7,26032.2,0.9514086830998555,25985.4,26307.0,1.2300066548867465,25785.7,26307.0,5,9
2023-08-19 18:00:00,2023-08-21 15:15:00,25865.7,26032.2,0.6416444596024117,26079.5,26307.0,0.868544376890993,25865.7,26307.0,5,8
2023-08-20 01:30:00,2023-08-22 05:15:00,25794.2,26032.2,0.9184508281493602,26079.5,26307.0,0.868544376890993,25794.2,26307.0,5,7
2023-08-20 06:15:00,2023-08-22 17:30:00,25794.2,26018.3,0.8650422195416109,26044.0,26307.0,1.0047563561345534,25794.2,26307.0,5,8
2023-08-20 15:00:00,2023-08-22 21:15:00,25705.8,25981.8,1.0679544029902723,26044.0,26307.0,1.0047563561345534,25705.8,26307.0,5,7
2023-08-24 17:30:00,2023-08-26 00:45:00,25755.0,25961.4,0.7981994106318361,26079.0,26301.3,0.8487923895052119,25755.0,26301.3,5,4
2023-08-24 20:45:00,2023-08-26 08:30:00,25755.0,26016.4,1.009823956856494,26070.8,26301.3,0.8802396695950707,25755.0,26301.3,5,5
2023-08-25 07:45:00,2023-08-26 12:30:00,25755.0,26016.4,1.009823956856494,26040.1,26301.3,0.9980627189949094,25755.0,26301.3,5,5
2023-08-25 14:45:00,2023-08-27 01:30:00,25755.0,26016.4,1.009823956856494,26038.2,26115.0,0.29451692321851497,25755.0,26115.0,5,5
2023-08-25 17:45:00,2023-08-27 18:00:00,25817.8,26016.4,0.7662894382473432,26038.2,26170.0,0.5049015288786025,25817.8,26170.0,5,8
2023-08-26 00:45:00,2023-08-27 21:45:00,25957.3,26026.5,0.26623678915354676,26038.2,26170.0,0.5049015288786025,25957.3,26170.0,5,7
2023-08-26 08:30:00,2023-08-28 00:45:00,25957.3,26026.5,0.26623678915354676,26038.2,26170.0,0.5049015288786025,25957.3,26170.0,5,5
2023-08-26 12:30:00,2023-08-28 05:30:00,25957.3,26026.5,0.26623678915354676,26038.2,26170.0,0.5049015288786025,25957.3,26170.0,5,4
2023-08-27 01:30:00,2023-08-28 09:15:00,25860.1,26026.5,0.6413987426426148,26085.0,26170.0,0.3253277198354224,25860.1,26170.0,5,3
2023-08-28 00:45:00,2023-08-29 10:30:00,25842.0,26031.8,0.7317759639741035,26187.0,26243.5,0.2155234071771202,25842.0,26243.5,5,3
2023-09-02 02:45:00,2023-09-03 09:00:00,25742.5,25812.0,0.2696175891532262,25838.0,25975.0,0.5288248123057919,25742.5,25975.0,5,6
2023-09-02 08:15:00,2023-09-03 13:00:00,25749.0,25863.0,0.4417577307602883,25846.5,26080.0,0.8993481170500611,25749.0,26080.0,5,6
2023-09-02 13:15:00,2023-09-03 16:30:00,25749.0,25863.0,0.4417577307602883,25895.1,26080.0,0.7114945425790483,25749.0,26080.0,5,5
2023-09-02 18:15:00,2023-09-04 01:30:00,25749.0,25863.0,0.4417577307602883,25895.1,26133.0,0.9145058151268313,25749.0,26133.0,5,5
2023-09-03 00:30:00,2023-09-04 06:00:00,25783.0,25866.0,0.3214002207206335,25895.1,26133.0,0.9145058151268313,25783.0,26133.0,5,5
2023-09-03 09:00:00,2023-09-04 12:15:00,25783.0,25897.7,0.44387943661754087,26004.1,26133.0,0.4944655533200023,25783.0,26133.0,5,4
2023-09-03 13:00:00,2023-09-04 15:00:00,25783.0,25897.7,0.44387943661754087,26004.1,26133.0,0.4944655533200023,25783.0,26133.0,5,3
2023-09-03 16:30:00,2023-09-04 22:00:00,25713.8,25897.7,0.7126318746790985,25936.6,26133.0,0.7543749135772176,25713.8,26133.0,5,5
2023-09-04 01:30:00,2023-09-05 03:00:00,25616.3,25897.7,1.092518538649693,25858.8,26089.0,0.8862742984303501,25616.3,26089.0,5,5
2023-09-04 06:00:00,2023-09-05 08:30:00,25542.0,25897.7,1.3829785165932178,25794.1,26004.1,0.810838986682935,25542.0,26004.1,5,5
2023-09-04 12:15:00,2023-09-05 14:30:00,25542.0,25812.7,1.0542365158398384,25794.1,25953.1,0.6145260033393112,25542.0,25953.1,5,4
2023-09-04 15:00:00,2023-09-05 20:00:00,25542.0,25713.8,0.6703631589010386,25794.1,25953.1,0.6145260033393112,25542.0,25953.1,5,5
2023-09-04 22:00:00,2023-09-06 09:15:00,25542.0,25657.4,0.45078653265468516,25779.5,25900.0,0.46633578111243335,25542.0,25900.0,5,5
2023-09-05 03:00:00,2023-09-06 17:00:00,25542.0,25702.2,0.6252414907443213,25777.2,25900.0,0.47525794741200866,25542.0,25900.0,5,5
2023-09-05 08:30:00,2023-09-07 01:30:00,25342.4,25702.2,1.409747554099745,25777.2,26052.4,1.0619414388689117,25342.4,26052.4,5,6
2023-09-05 14:30:00,2023-09-07 14:00:00,25342.4,25711.6,1.4463117483448784,25777.2,26052.4,1.0619414388689117,25342.4,26052.4,5,7
2023-09-05 20:00:00,2023-09-08 02:30:00,25342.4,25711.6,1.4463117483448784,25777.2,26450.0,2.576435267446845,25342.4,26450.0,5,9
2023-09-08 10:00:00,2023-09-09 18:30:00,25631.9,25835.5,0.7911804365481782,25892.3,25947.9,0.2145053452725961,25631.9,25947.9,5,4
2023-09-08 16:30:00,2023-09-10 04:15:00,25708.0,25836.0,0.4966630451652957,25864.0,25939.8,0.2926426246723185,25708.0,25939.8,5,5
2023-09-09 02:00:00,2023-09-10 16:45:00,25735.0,25836.0,0.3916930057590506,25822.1,25939.8,0.45477465085323665,25735.0,25939.8,5,6
2023-09-09 05:45:00,2023-09-10 19:30:00,25640.0,25836.0,0.7615199316186183,25822.1,25939.8,0.45477465085323665,25640.0,25939.8,5,6
2023-09-09 13:30:00,2023-09-11 00:45:00,25543.1,25836.0,1.1401523187443978,25822.1,26020.0,0.7634721587281436,25543.1,26020.0,5,6
2023-09-09 18:30:00,2023-09-11 10:15:00,25543.1,25836.0,1.1401523187443978,25822.1,26020.0,0.7634721587281436,25543.1,26020.0,5,6
2023-09-10 04:15:00,2023-09-11 15:15:00,25543.1,25735.0,0.7484676694339356,25746.4,26020.0,1.05705631452061,25543.1,26020.0,5,5
2023-09-13 07:45:00,2023-09-15 01:00:00,25831.5,26145.1,1.206696859740724,26388.4,26863.2,1.7832328042725447,25831.5,26863.2,5,6
2023-09-14 05:45:00,2023-09-16 15:00:00,26145.1,26527.9,1.4534960985704362,26388.4,26890.9,1.8862860435478694,26145.1,26890.9,5,10
2023-09-15 01:00:00,2023-09-16 19:45:00,26204.8,26527.9,1.2254255898142983,26564.9,26890.9,1.2196992655614545,26204.8,26890.9,5,7
2023-09-15 08:15:00,2023-09-17 00:45:00,26204.8,26527.9,1.2254255898142983,26564.9,26890.9,1.2196992655614545,26204.8,26890.9,5,6
2023-09-15 14:45:00,2023-09-17 08:00:00,26204.8,26489.4,1.0801947842457127,26560.0,26890.9,1.2381456626548906,26204.8,26890.9,5,6
2023-09-16 10:00:00,2023-09-17 21:00:00,26388.9,26489.4,0.38011812028752817,26560.0,26617.2,0.21512979246745123,26388.9,26617.2,5,5
2023-09-16 15:00:00,2023-09-18 00:30:00,26380.0,26489.4,0.41384997749171143,26560.0,26617.2,0.21512979246745123,26380.0,26617.2,5,4
2023-09-17 21:00:00,2023-09-19 14:00:00,26350.3,26746.5,1.4923686549848605,26743.0,27484.9,2.736229874289808,26350.3,27484.9,5,5
2023-09-18 18:30:00,2023-09-20 06:00:00,26615.1,26973.0,1.3357443163687515,26869.9,27484.9,2.26290962343712,26615.1,27484.9,5,4
2023-09-19 01:00:00,2023-09-20 10:15:00,26651.1,26973.0,1.200579590146973,27186.2,27484.9,1.0927162614251429,26651.1,27484.9,5,4
2023-09-19 06:00:00,2023-09-20 19:15:00,26746.5,26973.0,0.8432692039203641,27186.2,27484.9,1.0927162614251429,26746.5,27484.9,5,6
2023-09-19 14:00:00,2023-09-21 02:30:00,26710.5,26973.0,0.9779541199809998,27149.9,27470.7,1.1746483927309448,26710.5,27470.7,5,7
2023-09-19 21:15:00,2023-09-21 13:45:00,26710.5,26973.0,0.9779541199809998,27086.9,27383.1,1.087571140077096,26710.5,27383.1,5,7
2023-09-21 13:45:00,2023-09-22 17:30:00,26363.0,26558.9,0.7403362313144518,26654.0,26732.9,0.29557812871697536,26363.0,26732.9,5,4
2023-09-21 20:15:00,2023-09-22 21:00:00,26455.3,26558.9,0.3908386809571857,26624.8,26732.9,0.40518987887409763,26455.3,26732.9,5,4
2023-09-22 00:15:00,2023-09-23 04:00:00,26455.3,26558.9,0.3908386809571857,26603.5,26732.9,0.485222099729271,26455.3,26732.9,5,5
2023-09-22 07:15:00,2023-09-23 07:45:00,26464.0,26558.9,0.3579585424411017,26603.5,26732.9,0.485222099729271,26464.0,26732.9,5,4
2023-09-22 13:45:00,2023-09-23 15:15:00,26464.0,26541.2,0.2912921751073507,26576.2,26687.1,0.4164218138943619,26464.0,26687.1,5,5
2023-09-22 17:30:00,2023-09-24 05:30:00,26464.0,26531.9,0.25624623791652357,26576.2,26624.8,0.18270333264411776,26464.0,26624.8,5,5
2023-09-22 21:00:00,2023-09-24 15:30:00,26464.0,26533.0,0.2603920976659056,26576.2,26620.0,0.16467341652223005,26464.0,26620.0,5,6
2023-09-23 04:00:00,2023-09-24 19:15:00,26496.1,26550.2,0.20397275587553582,26576.2,26724.9,0.5579622184157577,26496.1,26724.9,5,6
2023-09-23 07:45:00,2023-09-25 00:15:00,26301.3,26550.2,0.9418843363007727,26576.2,26724.9,0.5579622184157577,26301.3,26724.9,5,6
2023-09-24 19:15:00,2023-09-26 01:30:00,25971.3,26301.3,1.2626117698373527,26214.5,26437.0,0.8451800993324026,25971.3,26437.0,5,3
2023-09-25 00:15:00,2023-09-26 15:45:00,25971.3,26247.0,1.0559516491345016,26214.5,26437.0,0.8451800993324026,25971.3,26437.0,5,5
2023-09-25 06:00:00,2023-09-26 21:15:00,25981.6,26247.0,1.0163014134018582,26214.5,26437.0,0.8451800993324026,25981.6,26437.0,5,7
2023-09-25 12:15:00,2023-09-27 08:15:00,25981.6,26247.0,1.0163014134018582,26274.5,26437.0,0.6165637479487398,25981.6,26437.0,5,7
2023-09-25 21:45:00,2023-09-27 14:30:00,26075.6,26247.0,0.655166218804117,26274.5,26838.7,2.124518951974277,26075.6,26838.7,5,6
2023-09-26 01:30:00,2023-09-27 18:00:00,26075.6,26222.0,0.5598727283852469,26274.5,26838.7,2.124518951974277,26075.6,26838.7,5,6
2023-09-26 15:45:00,2023-09-28 03:00:00,26075.6,26207.6,0.504942314165927,26274.5,26838.7,2.124518951974277,26075.6,26838.7,5,5
2023-09-26 21:15:00,2023-09-28 09:30:00,26081.9,26322.0,0.9163440125639448,26279.9,26838.7,2.1039711136965176,26081.9,26838.7,5,4
2023-09-28 18:45:00,2023-09-29 22:30:00,26641.0,26878.0,0.885666772548067,26978.0,27238.9,0.9624305336527963,26641.0,27238.9,5,4
2023-09-28 21:30:00,2023-09-30 02:00:00,26641.0,26878.0,0.885666772548067,26930.2,27238.9,1.1397641829013245,26641.0,27238.9,5,5
2023-09-29 02:30:00,2023-09-30 13:00:00,26641.0,26876.2,0.8789697517807387,26930.2,27238.9,1.1397641829013245,26641.0,27238.9,5,5
2023-09-29 14:00:00,2023-09-30 21:45:00,26641.0,26897.7,0.958932510501752,26930.2,27106.6,0.6528884019779032,26641.0,27106.6,5,6
2023-09-29 18:15:00,2023-10-01 00:30:00,26731.1,26930.7,0.7439183925995855,26930.2,27082.0,0.5620952303368472,26731.1,27082.0,5,5
2023-09-29 22:30:00,2023-10-01 14:30:00,26853.1,26942.9,0.33385381812775267,26930.2,27279.6,1.2890658146681884,26853.1,27279.6,5,6
2023-09-30 02:00:00,2023-10-01 20:00:00,26876.2,27060.3,0.6826546030980821,26985.0,27279.6,1.0857907365022448,26876.2,27279.6,5,5
2023-10-02 21:45:00,2023-10-04 00:30:00,27150.5,27506.0,1.3008516827824688,27460.8,27662.0,0.7300064583076358,27150.5,27662.0,5,4
2023-10-03 01:00:00,2023-10-04 06:15:00,27150.5,27506.0,1.3008516827824688,27460.8,27662.0,0.7300064583076358,27150.5,27662.0,5,5
2023-10-03 07:30:00,2023-10-04 14:45:00,27150.5,27506.0,1.3008516827824688,27460.8,27635.0,0.6323531013253305,27150.5,27635.0,5,6
2023-10-03 15:45:00,2023-10-04 19:30:00,27150.5,27340.0,0.6955340839228856,27460.8,27825.0,1.3175173371824256,27150.5,27825.0,5,6
2023-10-03 20:00:00,2023-10-05 07:30:00,27150.5,27495.1,1.2612177375671547,27460.8,27899.3,1.5841734389930653,27150.5,27899.3,5,6
2023-10-04 00:30:00,2023-10-05 17:15:00,27175.6,27530.0,1.2956626012693453,27516.1,28115.0,2.15311219803312,27175.6,28115.0,5,6
2023-10-04 06:15:00,2023-10-05 22:00:00,27311.0,27530.0,0.7986725260297952,27620.6,28115.0,1.7740905274187466,27311.0,28115.0,5,5
2023-10-04 14:45:00,2023-10-06 06:45:00,27311.0,27530.0,0.7986725260297952,27575.0,28115.0,1.9393068773567965,27311.0,28115.0,5,4
2023-10-04 19:30:00,2023-10-06 13:00:00,27336.6,27530.0,0.7049826305985843,27575.0,28115.0,1.9393068773567965,27336.6,28115.0,5,4
2023-10-05 07:30:00,2023-10-07 00:15:00,27132.0,27530.0,1.4562218725988805,27575.0,28285.0,2.5420694593626925,27132.0,28285.0,5,5
2023-10-07 00:15:00,2023-10-08 13:15:00,27817.5,27881.0,0.22801332172320618,27931.0,28077.7,0.5238471880261486,27817.5,28077.7,5,3
2023-10-07 03:00:00,2023-10-08 18:15:00,27665.1,27881.0,0.7773723087669574,27931.0,28077.7,0.5238471880261486,27665.1,28077.7,5,4
2023-10-07 13:45:00,2023-10-08 22:00:00,27665.1,27881.0,0.7773723087669574,27979.8,28077.7,0.3492842170985201,27665.1,28077.7,5,3
2023-10-07 19:45:00,2023-10-09 01:00:00,27665.1,27856.9,0.6908973019704007,27979.8,28077.7,0.3492842170985201,27665.1,28077.7,5,3
2023-10-08 07:00:00,2023-10-09 13:00:00,27665.1,27856.9,0.6908973019704007,27971.5,27999.0,0.09826605086608124,27665.1,27999.0,5,3
2023-10-09 13:00:00,2023-10-11 04:00:00,27250.0,27477.4,0.8310279677090505,27460.0,27738.2,1.008003884184632,27250.0,27738.2,5,7
2023-10-11 17:45:00,2023-10-12 23:15:00,26523.0,26770.3,0.9280716337700958,26790.0,26932.0,0.5286474814787238,26523.0,26932.0,5,6
2023-10-12 01:30:00,2023-10-13 03:45:00,26540.1,26770.3,0.8636213571835918,26799.9,26932.0,0.4917004609924404,26540.1,26932.0,5,5
2023-10-12 05:15:00,2023-10-13 15:45:00,26540.1,26770.3,0.8636213571835918,26799.9,26968.0,0.6252801392652438,26540.1,26968.0,5,6
2023-10-12 09:45:00,2023-10-14 07:15:00,26540.1,26761.0,0.8288759519034371,26799.9,27120.1,1.187685459940642,26540.1,27120.1,5,7
2023-10-12 17:30:00,2023-10-14 11:45:00,26540.1,26831.5,1.0919665140261916,26868.8,27120.1,0.9309320990055338,26540.1,27120.1,5,5
2023-10-12 23:15:00,2023-10-14 21:15:00,26670.2,26839.5,0.6327824674778565,26868.8,27120.1,0.9309320990055338,26670.2,27120.1,5,6
2023-10-13 03:45:00,2023-10-15 00:30:00,26670.2,26839.5,0.6327824674778565,26944.4,27120.1,0.6499643943807751,26670.2,27120.1,5,5
2023-10-13 15:45:00,2023-10-15 04:30:00,26670.2,26839.5,0.6327824674778565,26895.3,27120.1,0.8323552172158284,26670.2,27120.1,5,4
2023-10-14 07:15:00,2023-10-15 13:00:00,26780.0,26859.5,0.2964233447366213,26895.3,26944.6,0.18313555560095496,26780.0,26944.6,5,3
2023-10-14 11:45:00,2023-10-15 23:15:00,26780.0,26859.5,0.2964233447366213,26895.3,27283.1,1.4315668236788066,26780.0,27283.1,5,5
2023-10-16 21:00:00,2023-10-18 01:15:00,28026.0,28269.0,0.8633093525179856,28546.3,28600.0,0.1879386766947317,28026.0,28600.0,5,3
2023-10-17 00:45:00,2023-10-18 09:45:00,28026.0,28307.7,1.0001118335916184,28546.3,28993.7,1.5550921098366404,28026.0,28993.7,5,4
2023-10-17 04:00:00,2023-10-18 14:30:00,28026.0,28307.7,1.0001118335916184,28546.3,28993.7,1.5550921098366404,28026.0,28993.7,5,4
2023-10-17 13:45:00,2023-10-18 20:30:00,28111.4,28307.7,0.6958636348328819,28429.1,28993.7,1.9664662816860277,28111.4,28993.7,5,4
2023-10-17 18:45:00,2023-10-19 01:30:00,28125.0,28307.7,0.6474969299714554,28405.0,28993.7,2.051265969438335,28125.0,28993.7,5,4
2023-10-18 01:15:00,2023-10-19 07:15:00,28074.0,28307.7,0.8289923858273189,28333.0,28993.7,2.3050341289486425,28074.0,28993.7,5,4
2023-10-18 09:45:00,2023-10-19 17:30:00,28074.0,28223.1,0.5296898064021008,28333.0,28922.1,2.0578079507327685,28074.0,28922.1,5,4
2023-10-18 14:30:00,2023-10-19 22:00:00,28074.0,28436.1,1.2815408219061675,28333.0,28922.1,2.0578079507327685,28074.0,28922.1,5,5
2023-10-20 12:45:00,2023-10-21 20:15:00,29302.0,29651.0,1.1839940291418587,29720.0,30382.0,2.2029216997770455,29302.0,30382.0,5,4
2023-10-21 03:00:00,2023-10-22 02:30:00,29450.3,29894.3,1.4963450760473573,29720.0,30382.0,2.2029216997770455,29450.3,30382.0,5,4
2023-10-21 09:00:00,2023-10-22 07:30:00,29618.8,29894.3,0.9258465783163706,29866.6,30382.0,1.7109111249058118,29618.8,30382.0,5,4
2023-10-21 13:00:00,2023-10-22 11:30:00,29605.9,29894.3,0.9694085061898878,30071.5,30382.0,1.0272358093410638,29605.9,30382.0,5,3
2023-10-21 20:15:00,2023-10-22 15:45:00,29605.9,29894.3,0.9694085061898878,29956.4,30321.0,1.209740300676534,29605.9,30321.0,5,3
2023-10-21 23:30:00,2023-10-22 21:45:00,29605.9,29825.1,0.737662162844297,29939.6,30321.0,1.2658353882968356,29605.9,30321.0,5,4
2023-10-24 07:15:00,2023-10-25 17:00:00,33229.8,33714.3,1.4474763272640903,34234.9,35184.8,2.7366871363604317,33229.8,35184.8,5,5
2023-10-28 08:00:00,2023-10-30 02:00:00,33920.1,34408.5,1.4295624379835132,34217.1,34795.0,1.6747787706793489,33920.1,34795.0,5,6
2023-10-28 12:45:00,2023-10-30 07:30:00,33920.1,34408.5,1.4295624379835132,34217.1,34795.0,1.6747787706793489,33920.1,34795.0,5,6
2023-10-29 01:15:00,2023-10-30 17:15:00,33936.1,34408.5,1.3824062179016379,34369.7,34913.2,1.5689297070417088,33936.1,34913.2,5,5
2023-10-29 04:00:00,2023-10-31 08:00:00,33936.1,34408.5,1.3824062179016379,34369.7,34913.2,1.5689297070417088,33936.1,34913.2,5,7
2023-10-29 21:45:00,2023-10-31 14:00:00,34026.4,34408.5,1.1166816931127204,34369.7,34913.2,1.5689297070417088,34026.4,34913.2,5,7
2023-10-30 02:00:00,2023-11-01 06:00:00,34026.4,34147.2,0.35438938240021245,34369.7,34913.2,1.5689297070417088,34026.4,34913.2,5,8
2023-10-30 07:30:00,2023-11-01 11:15:00,34026.4,34333.2,0.8976061884504755,34532.2,34913.2,1.0972649016349536,34026.4,34913.2,5,8
2023-10-30 17:15:00,2023-11-01 14:45:00,34026.4,34363.1,0.984654077014738,34532.2,35258.4,2.081082552664698,34026.4,35258.4,5,7
2023-11-02 16:30:00,2023-11-04 05:00:00,34131.7,34358.4,0.661993485189843,34623.1,35116.0,1.4135542328478614,34131.7,35116.0,5,4
2023-11-03 01:15:00,2023-11-04 15:15:00,34131.7,34588.2,1.328581677214315,34623.1,35080.0,1.3109890377902889,34131.7,35080.0,5,5
2023-11-03 04:45:00,2023-11-04 20:00:00,34131.7,34640.4,1.4793789923530163,34623.1,35080.0,1.3109890377902889,34131.7,35080.0,5,5
2023-11-04 05:00:00,2023-11-05 21:45:00,34588.2,35033.6,1.2794842994579327,34819.3,35338.3,1.4795260955334846,34588.2,35338.3,5,6
2023-11-05 13:45:00,2023-11-06 18:15:00,34415.8,34917.1,1.4460667302247436,35310.9,35449.0,0.39033407339467285,34415.8,35449.0,5,3
2023-11-05 21:45:00,2023-11-06 21:15:00,34415.8,34917.1,1.4460667302247436,35126.3,35449.0,0.9144842459047205,34415.8,35449.0,5,3
2023-11-06 02:30:00,2023-11-07 02:45:00,34750.0,34917.1,0.479709934818583,35126.3,35310.9,0.524154849994033,34750.0,35310.9,5,3
2023-11-06 05:30:00,2023-11-07 12:00:00,34750.0,34917.1,0.479709934818583,35007.9,35310.9,0.8617894503319169,34750.0,35310.9,5,4
2023-11-06 13:45:00,2023-11-07 17:00:00,34526.6,34917.1,1.1246520562700433,34867.0,35171.0,0.8681001741911533,34526.6,35171.0,5,4
2023-11-06 18:15:00,2023-11-07 22:15:00,34526.6,34912.0,1.110045421422671,34867.0,35927.9,2.9971085487796483,34526.6,35927.9,5,5
2023-11-10 20:15:00,2023-11-11 22:00:00,36927.0,37080.0,0.41347440107016903,37162.7,37604.2,1.1810038934341267,36927.0,37604.2,5,4
2023-11-11 02:15:00,2023-11-12 00:45:00,36613.6,37014.9,1.0900670256762066,37162.7,37300.0,0.3687752391465873,36613.6,37300.0,5,4
2023-11-11 08:00:00,2023-11-12 13:00:00,36613.6,37014.9,1.0900670256762066,37202.8,37300.0,0.26092979055819937,36613.6,37300.0,5,4
2023-11-11 11:15:00,2023-11-12 18:00:00,36613.6,37014.9,1.0900670256762066,37202.8,37300.0,0.26092979055819937,36613.6,37300.0,5,5
2023-11-11 15:45:00,2023-11-12 23:15:00,36613.6,37083.8,1.2760287337138199,37202.8,37260.3,0.15443891001046156,36613.6,37260.3,5,5
2023-11-11 22:00:00,2023-11-13 06:30:00,36613.6,37083.8,1.2760287337138199,37202.8,37473.0,0.7236614806938716,36613.6,37473.0,5,5
2023-11-12 00:45:00,2023-11-13 14:45:00,36748.8,37083.8,0.9074582230613576,37090.0,37473.0,1.0273191797540335,36748.8,37473.0,5,5
2023-11-12 13:00:00,2023-11-13 18:00:00,36535.3,37083.8,1.4901024326567425,37074.8,37473.0,1.0683078508017596,36535.3,37473.0,5,5
2023-11-12 18:00:00,2023-11-13 21:30:00,36535.3,37083.8,1.4901024326567425,36912.0,37473.0,1.5083686227061908,36535.3,37473.0,5,5
2023-11-13 14:45:00,2023-11-14 15:30:00,36209.7,36622.5,1.1335645497458622,36719.6,37074.8,0.9626746745010581,36209.7,37074.8,5,4
2023-11-17 05:15:00,2023-11-18 13:15:00,35870.4,36249.0,1.0499255401459207,36564.3,36939.1,1.0198167703806782,35870.4,36939.1,5,4
2023-11-17 10:15:00,2023-11-18 22:15:00,35870.4,36374.8,1.3963557440494354,36564.3,36939.1,1.0198167703806782,35870.4,36939.1,5,6
2023-11-17 19:45:00,2023-11-19 11:15:00,36203.3,36465.0,0.7202590400490917,36564.3,36898.2,0.9090352220520515,36203.3,36898.2,5,5
2023-11-18 07:00:00,2023-11-19 14:00:00,36203.3,36465.0,0.7202590400490917,36564.3,36898.2,0.9090352220520515,36203.3,36898.2,5,4
2023-11-18 13:15:00,2023-11-20 03:45:00,36374.8,36465.0,0.24766679754748663,36734.7,37534.7,2.1543192755024276,36374.8,37534.7,5,4
2023-11-22 23:15:00,2023-11-24 03:45:00,36867.3,37270.3,1.0871676450276242,37417.9,37677.0,0.6900601771891262,36867.3,37677.0,5,3
2023-11-23 03:00:00,2023-11-24 16:45:00,36867.3,37300.0,1.166821496805188,37417.9,38435.7,2.68359049537529,36867.3,38435.7,5,5
2023-11-23 22:30:00,2023-11-25 11:30:00,37180.0,37733.4,1.477439283225702,37485.0,38435.7,2.5044553066554895,37180.0,38435.7,5,6
2023-11-24 03:45:00,2023-11-25 15:15:00,37300.0,37733.4,1.1552188758606208,37846.0,38435.7,1.5461113215882634,37300.0,38435.7,5,5
2023-11-24 16:45:00,2023-11-25 22:00:00,37553.6,37733.4,0.4776389018024438,37846.0,37978.0,0.3481747204051488,37553.6,37978.0,5,4
2023-11-24 23:00:00,2023-11-26 02:00:00,37580.0,37733.4,0.40736442651640076,37846.0,37900.0,0.14258178649697675,37580.0,37900.0,5,3
2023-11-25 05:15:00,2023-11-26 16:30:00,37582.8,37733.4,0.3999139627331133,37827.0,37900.0,0.1927978131974065,37582.8,37900.0,5,3
2023-11-27 03:30:00,2023-11-28 09:00:00,36714.5,37189.6,1.285720278035991,37153.0,37478.3,0.8717522004842551,36714.5,37478.3,5,5
2023-11-28 23:30:00,2023-11-30 08:30:00,37566.0,37909.9,0.9112842642485918,37880.5,38600.1,1.8817844002269817,37566.0,38600.1,5,5
2023-11-29 10:30:00,2023-11-30 14:00:00,37566.0,37909.9,0.9112842642485918,37880.5,38145.0,0.6958191659377446,37566.0,38145.0,5,4
2023-11-29 15:15:00,2023-11-30 23:00:00,37429.0,37697.0,0.7134680403588637,37812.0,38145.0,0.8768118804060192,37429.0,38145.0,5,6
2023-11-29 21:00:00,2023-12-01 14:15:00,37429.0,37697.0,0.7134680403588637,37812.0,38873.2,2.767678769827808,37429.0,38873.2,5,6
2023-12-01 14:15:00,2023-12-02 22:45:00,38209.0,38706.9,1.2946607918518835,38797.3,39894.0,2.7873475212634613,38209.0,39894.0,5,7
2023-12-06 02:30:00,2023-12-07 09:15:00,43379.4,43738.5,0.8244000371909758,44087.7,44331.6,0.5516895067027255,43379.4,44331.6,5,4
2023-12-07 09:15:00,2023-12-08 10:15:00,42833.4,43390.9,1.2931389411105685,43488.0,43972.6,1.1081561297315559,42833.4,43972.6,5,3
2023-12-07 12:15:00,2023-12-08 17:00:00,42942.9,43390.9,1.037832227933903,43488.0,44082.2,1.3570826605397661,42942.9,44082.2,5,4
2023-12-09 08:30:00,2023-12-11 02:00:00,43326.6,43758.6,0.9921318432982872,44016.0,44179.4,0.3705408672107649,43326.6,44179.4,5,6
2023-12-15 15:45:00,2023-12-17 08:15:00,41619.8,42157.3,1.2831668797320508,42288.9,42783.3,1.1623068405425072,41619.8,42783.3,5,4
2023-12-16 00:30:00,2023-12-17 14:30:00,41619.8,42157.3,1.2831668797320508,42052.2,42783.3,1.7235709107626074,41619.8,42783.3,5,4
2023-12-21 05:45:00,2023-12-22 09:15:00,43388.7,43759.3,0.8505071831826453,44183.7,44473.9,0.6546534081680631,43388.7,44473.9,5,4
2023-12-21 09:15:00,2023-12-22 14:15:00,43388.7,43759.3,0.8505071831826453,43875.2,44473.9,1.3553052606082105,43388.7,44473.9,5,5
2023-12-21 15:00:00,2023-12-23 04:00:00,43388.7,43759.3,0.8505071831826453,43875.2,44473.9,1.3553052606082105,43388.7,44473.9,5,6
2023-12-21 17:45:00,2023-12-23 11:15:00,43262.9,43759.3,1.1408583097186726,43703.5,44473.9,1.7473865185410355,43262.9,44473.9,5,7
2023-12-22 00:15:00,2023-12-23 20:15:00,43262.9,43759.3,1.1408583097186726,43703.5,44473.9,1.7473865185410355,43262.9,44473.9,5,8
2023-12-22 09:15:00,2023-12-24 00:15:00,43262.9,43642.0,0.872447928712877,43703.5,44107.7,0.9206114937502211,43262.9,44107.7,5,7
2023-12-22 14:15:00,2023-12-24 05:30:00,43262.9,43642.0,0.872447928712877,43703.5,44107.7,0.9206114937502211,43262.9,44107.7,5,8
2023-12-23 04:00:00,2023-12-24 10:30:00,43262.9,43642.0,0.872447928712877,43703.5,43987.0,0.6465922762442909,43262.9,43987.0,5,7
2023-12-23 11:15:00,2023-12-24 16:00:00,43420.8,43642.0,0.5081389525721596,43733.4,43987.0,0.5782007377987299,43420.8,43987.0,5,7
2023-12-23 20:15:00,2023-12-24 22:15:00,43420.8,43642.0,0.5081389525721596,43733.4,43987.0,0.5782007377987299,43420.8,43987.0,5,5
2023-12-30 22:45:00,2024-01-01 05:45:00,42012.5,42387.4,0.888389678186826,42479.9,42945.9,1.0910052934827652,42012.5,42945.9,5,4
2023-12-31 02:45:00,2024-01-01 14:15:00,42012.5,42387.4,0.888389678186826,42776.3,42945.9,0.3956967973290431,42012.5,42945.9,5,4
2023-12-31 12:45:00,2024-01-01 22:15:00,42096.0,42605.4,1.2028136488889238,42776.3,42842.9,0.15557258185079642,42096.0,42842.9,5,3
2024-01-02 11:30:00,2024-01-03 12:00:00,44633.0,45242.3,1.3558786451895077,45369.9,45864.3,1.0838040997783758,44633.0,45864.3,5,4
2024-01-05 10:45:00,2024-01-07 02:30:00,42972.2,43548.5,1.3321667531584995,43789.9,44436.4,1.4655493883343176,42972.2,44436.4,5,5
2024-01-06 07:15:00,2024-01-07 09:45:00,43400.7,43850.8,1.031730113522417,43789.9,44285.0,1.1242703653367725,43400.7,44285.0,5,4
2024-01-06 12:45:00,2024-01-07 17:00:00,43525.5,43885.6,0.8239228198706995,44168.6,44509.6,0.7690728950294436,43525.5,44509.6,5,4
2024-01-06 20:00:00,2024-01-07 23:30:00,43548.5,43885.6,0.771095030428628,44182.5,44509.6,0.7376079718486732,43548.5,44509.6,5,4
2024-01-07 02:30:00,2024-01-08 02:45:00,43577.0,43885.6,0.7056730533965341,44182.5,44509.6,0.7376079718486732,43577.0,44509.6,5,3
2024-01-13 03:00:00,2024-01-14 12:15:00,42449.0,42706.3,0.6043076590652676,43074.4,43267.6,0.4475226425146443,42449.0,43267.6,5,5
2024-01-13 11:45:00,2024-01-14 23:45:00,42506.0,42706.3,0.4701199240015887,43022.0,43259.0,0.5493677634705207,42506.0,43259.0,5,6
2024-01-15 07:30:00,2024-01-16 14:30:00,42159.2,42605.6,1.0532673940126125,42955.0,43394.6,1.018186534737853,42159.2,43394.6,5,4
2024-01-15 10:45:00,2024-01-16 18:30:00,42003.9,42605.6,1.4222989144244964,42955.0,43456.2,1.1600348103023617,42003.9,43456.2,5,5
2024-01-16 18:30:00,2024-01-18 12:15:00,42195.7,42820.2,1.4691369496764723,42800.0,43579.9,1.805744160389168,42195.7,43579.9,5,4
2024-01-17 08:00:00,2024-01-18 20:30:00,42195.7,42550.0,0.8361486187499848,42800.0,42952.5,0.355674761668756,42195.7,42952.5,5,4
2024-01-20 00:30:00,2024-01-21 06:15:00,41412.6,41616.9,0.4921142485502211,41695.7,41874.9,0.4288589527896279,41412.6,41874.9,5,4
2024-01-20 09:45:00,2024-01-21 16:30:00,41450.4,41616.9,0.400879768573193,41695.7,41874.9,0.4288589527896279,41450.4,41874.9,5,4
2024-01-20 15:00:00,2024-01-22 05:00:00,41480.0,41616.9,0.3294948427679046,41738.9,41874.9,0.32530515297714013,41480.0,41874.9,5,4
2024-01-24 04:00:00,2024-01-25 20:45:00,39488.0,39775.9,0.7264341017789977,40045.0,40565.3,1.290902031130024,39488.0,40565.3,5,6
2024-01-24 14:15:00,2024-01-26 01:00:00,39488.0,39775.9,0.7264341017789977,39987.1,40324.3,0.8397313457367307,39488.0,40324.3,5,5
2024-01-24 21:00:00,2024-01-26 07:30:00,39488.0,39810.0,0.8121264092410905,39987.1,40324.3,0.8397313457367307,39488.0,40324.3,5,6
2024-01-26 20:45:00,2024-01-28 22:30:00,41365.0,41905.1,1.2972243338245026,41878.4,42839.9,2.2698755758791194,41365.0,42839.9,5,6
2024-01-27 00:45:00,2024-01-29 08:00:00,41365.0,41905.1,1.2972243338245026,41878.4,42839.9,2.2698755758791194,41365.0,42839.9,5,7
2024-01-27 09:00:00,2024-01-29 14:45:00,41365.0,41939.6,1.3795156569985294,41878.4,42839.9,2.2698755758791194,41365.0,42839.9,5,8
2024-02-01 22:30:00,2024-02-03 12:00:00,42520.3,42922.7,0.9419144927027239,43109.9,43476.7,0.8472442618141736,42520.3,43476.7,5,6
2024-02-02 04:45:00,2024-02-03 15:00:00,42520.3,42937.7,0.9768541271735687,43109.9,43476.7,0.8472442618141736,42520.3,43476.7,5,5
2024-02-02 10:00:00,2024-02-03 20:00:00,42520.3,42937.7,0.9768541271735687,43109.9,43476.7,0.8472442618141736,42520.3,43476.7,5,5
2024-02-02 13:45:00,2024-02-04 00:30:00,42520.3,42972.3,1.057401459307589,43109.9,43476.7,0.8472442618141736,42520.3,43476.7,5,4
2024-02-02 18:00:00,2024-02-04 07:00:00,42742.0,42972.3,0.5373665771055772,43049.0,43377.8,0.7608750989276541,42742.0,43377.8,5,4
2024-02-03 12:00:00,2024-02-04 15:15:00,42711.0,42972.3,0.6099204862557882,43049.0,43249.8,0.4653598891294037,42711.0,43249.8,5,3
2024-02-03 15:00:00,2024-02-04 22:30:00,42711.0,42972.3,0.6099204862557882,42978.1,43249.8,0.6301904603962392,42711.0,43249.8,5,4
2024-02-04 22:30:00,2024-02-06 18:30:00,42154.0,42631.0,1.1251990328477914,42859.1,43567.9,1.6402281694377983,42154.0,43567.9,5,5
2024-02-06 06:15:00,2024-02-07 08:00:00,42615.1,43010.8,0.92425305894596,43037.9,43370.4,0.7696019942528669,42615.1,43370.4,5,4
2024-02-06 12:45:00,2024-02-07 10:45:00,42631.0,43010.8,0.8869500641042175,43037.9,43370.4,0.7696019942528669,42631.0,43370.4,5,4
2024-02-06 18:30:00,2024-02-07 15:00:00,42774.2,43010.8,0.5516115871073167,43037.9,43305.1,0.6189268383076731,42774.2,43305.1,5,3
2024-02-11 01:15:00,2024-02-12 02:45:00,47555.7,48066.0,1.0673309510289044,48431.7,48893.7,0.949392450480553,47555.7,48893.7,5,4
2024-02-11 07:45:00,2024-02-12 06:45:00,47906.4,48066.0,0.3325956212411038,48431.7,48893.7,0.949392450480553,47906.4,48893.7,5,3
2024-02-11 10:45:00,2024-02-12 10:00:00,47712.8,48002.5,0.6053368688182497,48395.5,48893.7,1.0241630108994566,47712.8,48893.7,5,4
2024-02-14 16:15:00,2024-02-15 21:45:00,51196.3,51733.5,1.0438182139671837,51904.0,52879.5,1.8619343694379362,51196.3,52879.5,5,5
2024-02-14 19:15:00,2024-02-16 09:00:00,51219.3,51733.5,0.998904352285702,51904.0,52879.5,1.8619343694379362,51219.3,52879.5,5,6
2024-02-15 01:30:00,2024-02-16 15:00:00,51322.5,51733.5,0.7976245924545877,52384.8,52879.5,0.939919801870144,51322.5,52879.5,5,5
2024-02-15 07:30:00,2024-02-16 19:45:00,51322.5,51700.9,0.7345903940269909,52384.8,52879.5,0.939919801870144,51322.5,52879.5,5,4
2024-02-15 15:30:00,2024-02-17 01:45:00,51322.5,51700.9,0.7345903940269909,52272.0,52625.0,0.6730411737227947,51322.5,52625.0,5,3
2024-02-15 21:45:00,2024-02-17 05:15:00,51322.5,51861.7,1.0451212491834934,52092.4,52625.0,1.0172139491622185,51322.5,52625.0,5,4
2024-02-16 09:00:00,2024-02-17 10:15:00,51586.2,51861.7,0.5326352685748091,52092.4,52625.0,1.0172139491622185,51586.2,52625.0,5,3
2024-02-16 15:00:00,2024-02-17 14:45:00,51514.6,51861.7,0.671527226259788,51845.2,52272.0,0.8198453281494372,51514.6,52272.0,5,3
2024-02-18 02:45:00,2024-02-19 05:45:00,51176.0,51930.1,1.4627650546378896,52027.6,52499.2,0.9023523153870558,51176.0,52499.2,5,3
2024-02-18 06:45:00,2024-02-19 08:45:00,51425.4,52012.3,1.1347893466308732,52027.6,52559.2,1.016571880963943,51425.4,52559.2,5,4
2024-02-18 13:00:00,2024-02-19 16:45:00,51564.4,52102.6,1.0383246356120985,52027.6,52559.2,1.016571880963943,51564.4,52559.2,5,4
2024-02-18 20:15:00,2024-02-19 21:30:00,51616.9,52102.6,0.9365644840169826,52499.2,52559.2,0.11422218499425082,51616.9,52559.2,5,3
2024-02-19 01:30:00,2024-02-20 01:15:00,51701.0,52102.6,0.7737689251625156,52150.7,52559.2,0.7802509600333876,51701.0,52559.2,5,3
2024-02-20 17:15:00,2024-02-22 22:15:00,50430.0,51161.3,1.4396902096931585,51437.4,52555.0,2.149387839880604,50430.0,52555.0,5,7
2024-02-21 12:00:00,2024-02-23 03:15:00,50430.0,51161.3,1.4396902096931585,51437.4,52119.7,1.3177271283185714,50430.0,52119.7,5,7
2024-02-21 19:00:00,2024-02-23 08:45:00,50574.4,51161.3,1.1537739456257763,51571.7,52119.7,1.0569825462863844,50574.4,52119.7,5,5
2024-02-22 01:45:00,2024-02-23 16:15:00,50846.2,51161.3,0.6177977109526375,51300.0,52119.7,1.5851912159868906,50846.2,52119.7,5,6
2024-02-22 13:45:00,2024-02-23 23:15:00,50610.1,51142.4,1.0462642195523508,51227.7,52119.7,1.726216624704637,50610.1,52119.7,5,6
2024-02-22 22:15:00,2024-02-24 02:00:00,50538.5,51142.4,1.1878337032815436,51227.7,51571.7,0.6692646066027623,50538.5,51571.7,5,4
2024-02-23 03:15:00,2024-02-25 01:15:00,50538.5,50969.1,0.848409380184338,51208.0,51742.7,1.038749615107031,50538.5,51742.7,5,7
2024-03-01 11:30:00,2024-03-02 14:00:00,61156.6,61972.3,1.3249529558048587,62250.0,63181.9,1.4859058979414352,61156.6,63181.9,5,4
2024-03-01 15:45:00,2024-03-03 02:30:00,61156.6,61972.3,1.3249529558048587,62135.0,63181.9,1.6708041772498385,61156.6,63181.9,5,5
2024-03-02 01:15:00,2024-03-03 07:30:00,61591.3,61972.3,0.6166864675357467,62135.0,62499.0,0.5841102748848629,61591.3,62499.0,5,5
2024-03-08 21:45:00,2024-03-10 09:30:00,67779.5,68275.0,0.7283845811788658,68580.0,69776.9,1.7301630782418431,67779.5,69776.9,5,4
2024-03-25 21:15:00,2024-03-27 14:00:00,69333.0,70304.8,1.391886724081879,70647.8,71898.0,1.7541028918424775,69333.0,71898.0,5,6
2024-03-29 15:30:00,2024-03-31 03:15:00,69000.5,69878.2,1.2639807256260276,70236.7,70400.0,0.23222956738888625,69000.5,70400.0,5,5
2024-03-29 21:30:00,2024-03-31 09:15:00,69313.7,69878.2,0.8111104166262548,70236.7,70588.0,0.4989181585332727,69313.7,70588.0,5,6
2024-03-30 03:45:00,2024-03-31 15:15:00,69582.0,70215.0,0.905598832592974,70236.7,70812.8,0.8168763448293058,69582.0,70812.8,5,6
2024-03-30 08:00:00,2024-03-31 21:30:00,69582.0,70343.0,1.0877255672681794,70236.7,71363.3,1.5912429378531157,69582.0,71363.3,5,6
2024-04-20 22:00:00,2024-04-22 02:00:00,64200.0,64810.0,0.9456631268893885,65149.9,65694.2,0.831982489084331,64200.0,65694.2,5,4
2024-04-21 04:15:00,2024-04-22 12:15:00,64200.0,64810.0,0.9456631268893885,65149.9,66455.0,1.983360801915428,64200.0,66455.0,5,4
2024-04-22 12:15:00,2024-04-23 20:15:00,65562.6,66115.0,0.8390189371616649,66300.0,67198.9,1.3466777628879252,65562.6,67198.9,5,7
2024-04-22 15:00:00,2024-04-24 10:00:00,65601.0,66115.0,0.7804670655045703,66300.0,67198.9,1.3466777628879252,65601.0,67198.9,5,8
2024-04-23 04:45:00,2024-04-24 20:15:00,65750.0,66169.2,0.6355405429990435,66300.0,67110.0,1.2143017764785249,65750.0,67110.0,5,7
2024-04-26 16:00:00,2024-04-28 10:15:00,62370.0,63273.0,1.4374059836202573,63389.6,64336.8,1.483170276465953,62370.0,64336.8,5,5
2024-04-27 01:15:00,2024-04-28 15:30:00,62370.0,63309.8,1.4955466192657896,63389.6,64336.8,1.483170276465953,62370.0,64336.8,5,5
2024-04-27 05:00:00,2024-04-28 23:00:00,62641.0,63424.6,1.243162290109274,63389.6,64336.8,1.483170276465953,62641.0,64336.8,5,6
2024-04-27 11:00:00,2024-04-29 03:45:00,62641.0,63424.6,1.243162290109274,63343.2,64336.8,1.556390977443618,62641.0,64336.8,5,7
2024-05-01 08:15:00,2024-05-02 10:30:00,56505.0,57163.8,1.159157130188764,58265.7,59455.2,2.0208815936677347,56505.0,59455.2,5,3
2024-05-04 17:15:00,2024-05-06 19:15:00,62866.1,63680.0,1.28632964587609,63936.0,65540.0,2.4776792610213474,62866.1,65540.0,5,6
2024-05-06 19:15:00,2024-05-08 00:30:00,62669.0,63020.2,0.5588387864669313,63625.1,64398.7,1.2085252898289203,62669.0,64398.7,5,4
2024-05-10 17:45:00,2024-05-11 23:30:00,60111.0,60751.0,1.0590590921877843,60966.1,61500.0,0.8719147584515249,60111.0,61500.0,5,4
2024-05-11 00:45:00,2024-05-12 07:30:00,60461.0,60751.0,0.4785004785004785,61068.4,61500.0,0.7042598255341483,60461.0,61500.0,5,5
2024-05-11 04:15:00,2024-05-12 21:15:00,60461.0,60751.0,0.4785004785004785,61068.4,61854.2,1.2785281144394856,60461.0,61854.2,5,6
2024-05-11 11:15:00,2024-05-13 03:15:00,60461.0,60805.4,0.568005647071244,61081.1,61854.2,1.2577347596662614,60461.0,61854.2,5,6
2024-05-17 13:30:00,2024-05-18 21:30:00,65771.7,66705.1,1.4091523949853995,66994.9,67443.8,0.6678136578232439,65771.7,67443.8,5,6
2024-05-17 18:00:00,2024-05-19 06:45:00,66161.0,66735.7,0.8648822732242366,66994.9,67346.5,0.5234425128813691,66161.0,67346.5,5,7
2024-05-17 22:15:00,2024-05-19 13:30:00,66469.0,66900.0,0.6463271074987441,66994.9,67737.7,1.1026284655681002,66469.0,67737.7,5,7
2024-05-18 06:30:00,2024-05-19 19:45:00,66469.0,66900.0,0.6463271074987441,66994.9,67737.7,1.1026284655681002,66469.0,67737.7,5,6
2024-05-25 00:00:00,2024-05-26 09:30:00,68524.4,69054.2,0.77017792011258,68921.5,69636.3,1.0317715783593604,68524.4,69636.3,5,5
2024-05-25 06:30:00,2024-05-26 12:30:00,68626.5,69054.2,0.6212925994710907,69277.7,69636.3,0.5162906546496477,68626.5,69636.3,5,4
2024-05-25 15:45:00,2024-05-26 15:45:00,68808.8,69054.2,0.3560055997620742,69277.7,69598.7,0.4622815683586268,68808.8,69598.7,5,4
2024-05-25 21:45:00,2024-05-26 21:30:00,68647.3,69054.2,0.5909884787021117,69387.3,69598.7,0.30420330105189614,68647.3,69598.7,5,3
2024-05-26 02:45:00,2024-05-27 05:30:00,68121.0,69001.1,1.283673455992879,69349.0,69598.7,0.3594158089698456,68121.0,69598.7,5,3
2024-05-26 09:30:00,2024-05-27 11:30:00,68121.0,69001.1,1.283673455992879,68940.0,69424.5,0.7003241438374728,68121.0,69424.5,5,3
2024-05-26 12:30:00,2024-05-27 19:45:00,68121.0,68960.9,1.225398830917859,68940.0,70737.9,2.5743514185135865,68121.0,70737.9,5,4
2024-05-26 15:45:00,2024-05-28 04:30:00,68121.0,69090.0,1.4124232022213963,68940.0,70737.9,2.5743514185135865,68121.0,70737.9,5,3
2024-05-29 08:15:00,2024-05-30 20:00:00,67124.7,67630.5,0.7506945928617268,67885.3,69560.0,2.4368967145475287,67124.7,69560.0,5,5
2024-05-29 16:00:00,2024-05-31 09:15:00,67124.7,68023.8,1.3305364099490646,67885.3,69560.0,2.4368967145475287,67124.7,69560.0,5,5
2024-05-29 20:00:00,2024-05-31 16:15:00,67137.0,68023.8,1.3122147841681953,67885.3,69560.0,2.4368967145475287,67137.0,69560.0,5,6
2024-05-31 23:15:00,2024-06-02 19:15:00,67246.0,67670.0,0.6285392392303359,67845.0,68498.6,0.9587542062847186,67246.0,68498.6,5,5
2024-06-01 07:30:00,2024-06-03 00:30:00,67279.7,67670.0,0.5784377438408576,67900.1,68498.6,0.8775743463830665,67279.7,68498.6,5,4
2024-06-01 17:45:00,2024-06-03 11:00:00,67279.7,67670.0,0.5784377438408576,67900.1,69375.3,2.1492561668004564,67279.7,69375.3,5,5
2024-06-03 11:00:00,2024-06-04 19:30:00,68556.0,68868.9,0.45537599081388336,69252.3,71110.0,2.6470070667123538,68556.0,71110.0,5,5
2024-06-04 19:30:00,2024-06-06 20:00:00,70101.0,70888.0,1.1163991517068708,71274.0,71819.6,0.7625777812564725,70101.0,71819.6,5,6
2024-06-05 14:15:00,2024-06-07 01:30:00,70144.1,70888.0,1.0549371384245065,71030.0,71819.6,1.1054983703139607,70144.1,71819.6,5,5
2024-06-05 19:00:00,2024-06-07 08:00:00,70144.1,70888.0,1.0549371384245065,71030.0,71699.9,0.9386960966132454,70144.1,71699.9,5,5
2024-06-05 23:15:00,2024-06-07 12:30:00,70144.1,71081.4,1.3273806784185411,71030.0,72169.0,1.5907932317963114,70144.1,72169.0,5,5
2024-06-06 05:45:00,2024-06-07 18:00:00,70144.1,71081.4,1.3273806784185411,71030.0,72169.0,1.5907932317963114,70144.1,72169.0,5,4
2024-06-07 18:00:00,2024-06-09 14:30:00,68336.7,69334.5,1.4495406446664267,69420.0,69792.5,0.5351530932926282,68336.7,69792.5,5,9
2024-06-08 05:00:00,2024-06-09 20:30:00,69157.1,69334.5,0.2561888230044193,69420.0,69864.7,0.6385482396846129,69157.1,69864.7,5,8
2024-06-08 13:30:00,2024-06-10 00:45:00,69157.1,69577.1,0.6054743531155259,69420.0,69864.7,0.6385482396846129,69157.1,69864.7,5,6
2024-06-08 16:15:00,2024-06-10 09:30:00,69157.1,69577.1,0.6054743531155259,69420.0,69864.7,0.6385482396846129,69157.1,69864.7,5,6
2024-06-09 03:15:00,2024-06-10 13:30:00,69157.1,69577.1,0.6054743531155259,69420.0,69864.7,0.6385482396846129,69157.1,69864.7,5,6
2024-06-09 14:30:00,2024-06-10 20:00:00,69168.4,69577.1,0.58913622423792,69569.4,70180.6,0.8747048300536839,69168.4,70180.6,5,4
2024-06-09 20:30:00,2024-06-11 10:00:00,69168.4,69577.1,0.58913622423792,69569.4,70180.6,0.8747048300536839,69168.4,70180.6,5,3
2024-06-13 09:45:00,2024-06-14 17:00:00,66225.9,67152.6,1.389579280018911,66953.4,68500.0,2.2835897806921137,66225.9,68500.0,5,5
2024-06-15 20:15:00,2024-06-17 07:00:00,65808.1,66421.1,0.9271779606924945,66250.0,66949.6,1.0504536049657893,65808.1,66949.6,5,5
2024-06-16 04:15:00,2024-06-17 14:00:00,65904.3,66421.1,0.7811047614441412,66535.0,66949.6,0.6211952539843635,65904.3,66949.6,5,4
2024-06-18 14:00:00,2024-06-19 23:30:00,64026.6,64780.0,1.1698158324185275,65089.5,65700.0,0.9335611803699838,64026.6,65700.0,5,6
2024-06-18 19:45:00,2024-06-20 16:15:00,64026.6,64780.0,1.1698158324185275,65089.5,66458.0,2.080617267526939,64026.6,66458.0,5,9
2024-06-19 01:45:00,2024-06-21 00:15:00,64514.2,64780.0,0.4111553341139864,65089.5,66458.0,2.080617267526939,64514.2,66458.0,5,10
2024-06-19 15:45:00,2024-06-21 04:00:00,64514.2,64770.0,0.39571734210368,65070.7,66458.0,2.1095015764620237,64514.2,66458.0,5,8
2024-06-19 20:15:00,2024-06-21 08:45:00,64259.4,64770.0,0.7914475305627997,65070.7,66458.0,2.1095015764620237,64259.4,66458.0,5,7
2024-06-21 04:00:00,2024-06-22 09:15:00,63333.0,64259.4,1.452124107705477,64339.8,64498.9,0.24697548174577752,63333.0,64498.9,5,3
2024-06-21 08:45:00,2024-06-22 19:30:00,63333.0,64171.2,1.314780219004546,64339.8,64498.9,0.24697548174577752,63333.0,64498.9,5,4
2024-06-21 13:45:00,2024-06-22 23:45:00,63333.0,64190.0,1.3440712655756217,64339.8,64498.9,0.24697548174577752,63333.0,64498.9,5,4
2024-06-21 21:15:00,2024-06-23 05:30:00,63801.3,64214.7,0.6458567679040029,64371.5,64498.9,0.19771801748113058,63801.3,64498.9,5,3
2024-06-22 00:30:00,2024-06-23 11:00:00,63904.1,64299.7,0.6171423935951954,64371.5,64498.9,0.19771801748113058,63904.1,64498.9,5,4
2024-06-22 09:15:00,2024-06-23 16:45:00,64171.2,64299.7,0.20004530208786583,64371.5,64484.1,0.17476927661661354,64171.2,64484.1,5,4
2024-06-22 19:30:00,2024-06-24 06:00:00,63878.3,64299.7,0.6575231318946998,64160.0,64484.1,0.5038707566067913,63878.3,64484.1,5,4
2024-06-26 10:45:00,2024-06-28 00:45:00,60564.8,61323.2,1.244421107902327,61275.0,62380.0,1.7872306012696615,60564.8,62380.0,5,3
2024-06-26 20:15:00,2024-06-28 08:00:00,60564.8,61443.0,1.439580092420316,61275.0,62380.0,1.7872306012696615,60564.8,62380.0,5,3
2024-06-27 00:15:00,2024-06-28 20:00:00,60564.8,61443.0,1.439580092420316,61275.0,62380.0,1.7872306012696615,60564.8,62380.0,5,4
2024-06-28 20:00:00,2024-06-30 12:30:00,60011.5,60886.8,1.4479938923872426,60959.8,61776.5,1.330820629267783,60011.5,61776.5,5,6
2024-06-29 16:15:00,2024-06-30 21:15:00,60673.0,61280.5,0.9962813695383895,61040.8,61835.0,1.2926874128184673,60673.0,61835.0,5,4
2024-07-09 07:45:00,2024-07-11 00:30:00,56862.0,57457.9,1.0425131582515406,57888.8,59471.4,2.696996085555407,56862.0,59471.4,5,5
2024-07-09 15:00:00,2024-07-11 03:15:00,56862.0,57457.9,1.0425131582515406,58235.7,59471.4,2.09961845971909,56862.0,59471.4,5,4
2024-07-10 01:00:00,2024-07-11 16:00:00,57016.1,57457.9,0.7718783304505877,58382.7,59661.5,2.1666460529191656,57016.1,59661.5,5,3
2024-07-10 13:30:00,2024-07-11 20:00:00,57016.1,57457.9,0.7718783304505877,57974.1,59661.5,2.868859426908183,57016.1,59661.5,5,3
2024-07-11 16:00:00,2024-07-12 20:15:00,56513.3,57180.7,1.17402853272819,57390.0,58514.2,1.9398779336728043,56513.3,58514.2,5,4
2024-07-11 20:00:00,2024-07-13 05:00:00,56513.3,57180.7,1.17402853272819,57390.0,58514.2,1.9398779336728043,56513.3,58514.2,5,4
2024-07-17 16:30:00,2024-07-18 16:00:00,63800.0,64401.2,0.9379007372785858,64729.4,65132.9,0.6214274658619169,63800.0,65132.9,5,4
2024-07-20 01:45:00,2024-07-21 07:00:00,66202.0,66754.0,0.8303498901892356,66724.9,67599.9,1.3028122878277133,66202.0,67599.9,5,4
2024-07-20 05:30:00,2024-07-21 13:30:00,66251.0,66754.0,0.7563625427615503,66743.7,67599.9,1.2746420372834988,66251.0,67599.9,5,4
2024-07-20 08:45:00,2024-07-21 18:00:00,66251.0,66754.0,0.7563625427615503,67036.4,67599.9,0.8370699432471035,66251.0,67599.9,5,3
2024-07-23 07:30:00,2024-07-24 21:30:00,65371.6,66230.0,1.3045434098065698,66163.3,67347.2,1.7734934705509968,65371.6,67347.2,5,6
2024-07-27 20:15:00,2024-07-28 21:00:00,66608.3,67588.0,1.4600998686252857,68118.0,69222.0,1.6076889471384883,66608.3,69222.0,5,4
2024-07-28 00:00:00,2024-07-29 08:30:00,67026.9,67804.0,1.152703126657177,68118.0,69900.0,2.582271877581185,67026.9,69900.0,5,5
2024-07-30 15:00:00,2024-07-31 14:15:00,65265.0,65901.3,0.9702187223395079,66339.4,66821.0,0.7233381696059877,65265.0,66821.0,5,5
2024-07-30 20:00:00,2024-07-31 21:00:00,65265.0,65940.0,1.028924202583743,66339.4,66832.0,0.7397984852603574,65265.0,66832.0,5,5
2024-08-09 10:15:00,2024-08-10 23:15:00,59488.0,60365.0,1.463459404437102,61089.5,61459.9,0.6044909236601754,59488.0,61459.9,5,5
2024-08-16 23:00:00,2024-08-17 21:30:00,58671.2,59222.5,0.9352492966121225,59370.3,59698.8,0.5517804367379949,58671.2,59698.8,5,3
2024-08-17 03:45:00,2024-08-18 04:00:00,58960.3,59222.5,0.4437193906389036,59458.0,60288.5,1.3870969088866898,58960.3,60288.5,5,3
2024-08-17 07:00:00,2024-08-18 14:30:00,59017.7,59222.5,0.34641348712198206,59458.0,60288.5,1.3870969088866898,59017.7,60288.5,5,4
2024-08-17 11:00:00,2024-08-18 17:15:00,59034.9,59633.0,1.0080232312192237,59698.8,60288.5,0.9829373608706872,59034.9,60288.5,5,3
2024-08-17 18:30:00,2024-08-19 00:15:00,59101.2,59633.0,0.8957823440929453,59844.0,60288.5,0.7400162320770816,59101.2,60288.5,5,3
2024-08-24 01:30:00,2024-08-25 16:30:00,63520.0,63818.1,0.4682023683406593,64224.9,64800.0,0.891455835269004,63520.0,64800.0,5,5
2024-08-24 11:45:00,2024-08-26 02:15:00,63520.0,63963.2,0.6953073032368141,64224.9,64992.6,1.1882291485286391,63520.0,64992.6,5,5
2024-08-24 16:00:00,2024-08-26 09:30:00,63520.0,63963.2,0.6953073032368141,64188.2,64992.6,1.2453863112784587,63520.0,64992.6,5,5
2024-08-24 21:45:00,2024-08-26 15:15:00,63177.0,63963.2,1.236744947703397,64029.9,64992.6,1.4922978550252817,63177.0,64992.6,5,5
2024-08-25 07:45:00,2024-08-26 18:00:00,63034.8,63963.2,1.462070268823122,63870.7,64992.6,1.741225003550276,63034.8,64992.6,5,5
2024-08-25 16:30:00,2024-08-27 00:45:00,63034.8,63963.2,1.462070268823122,63870.7,64992.6,1.741225003550276,63034.8,64992.6,5,4
2024-08-31 03:00:00,2024-09-01 05:30:00,58227.6,59101.8,1.4901635907112871,59119.0,59327.9,0.3527318992730101,58227.6,59327.9,5,4
2024-09-07 09:15:00,2024-09-08 20:30:00,53607.5,54233.7,1.1613372254759722,54519.9,54827.5,0.5626105421802413,53607.5,54827.5,5,4
2024-09-07 17:45:00,2024-09-09 05:45:00,53607.5,54233.7,1.1613372254759722,54519.9,55375.8,1.5576587618987847,53607.5,55375.8,5,5
2024-09-11 22:15:00,2024-09-13 06:45:00,57182.5,57835.7,1.1358202441004939,58232.1,58580.9,0.5971938054839836,57182.5,58580.9,5,5
2024-09-12 06:30:00,2024-09-13 12:15:00,57306.6,57835.7,0.9190367050163122,58232.1,58580.9,0.5971938054839836,57306.6,58580.9,5,5
2024-09-14 06:30:00,2024-09-15 14:15:00,59357.7,60018.9,1.1077547861138688,59991.8,60250.3,0.42996587717613044,59357.7,60250.3,5,3
2024-09-14 11:45:00,2024-09-15 17:00:00,59357.7,60018.9,1.1077547861138688,59991.8,60392.8,0.6661981682042387,59357.7,60392.8,5,4
2024-09-14 18:00:00,2024-09-16 02:45:00,59357.7,60018.9,1.1077547861138688,60135.9,60392.8,0.42628851053732664,59357.7,60392.8,5,3
2024-09-19 22:15:00,2024-09-21 01:15:00,62310.0,63076.1,1.221985531091562,63280.0,64131.7,1.3369258867121263,62310.0,64131.7,5,4
2024-09-20 01:00:00,2024-09-21 05:00:00,62310.0,63076.1,1.221985531091562,63280.0,64131.7,1.3369258867121263,62310.0,64131.7,5,4
2024-09-20 08:30:00,2024-09-21 10:45:00,62310.0,63076.1,1.221985531091562,63117.8,63686.0,0.8961876536822982,62310.0,63686.0,5,4
2024-09-20 14:00:00,2024-09-21 21:45:00,62310.0,62935.6,0.9989971703596748,63117.8,63391.2,0.4322222134393508,62310.0,63391.2,5,4
2024-09-20 18:00:00,2024-09-22 02:15:00,62310.0,63014.5,1.1242813655749675,63117.8,63544.0,0.6729732247607362,62310.0,63544.0,5,5
2024-09-21 01:15:00,2024-09-22 06:30:00,62712.8,63014.5,0.47992758931432883,63117.8,63544.0,0.6729732247607362,62712.8,63544.0,5,4
2024-09-21 05:00:00,2024-09-22 11:15:00,62712.8,63014.5,0.47992758931432883,63117.8,63544.0,0.6729732247607362,62712.8,63544.0,5,4
2024-09-21 10:45:00,2024-09-22 14:00:00,62525.0,63014.5,0.7798342354398416,62910.1,63544.0,1.0025772197184613,62525.0,63544.0,5,4
2024-09-21 21:45:00,2024-09-22 22:00:00,62434.1,63014.5,0.9253192144033515,62910.1,63544.0,1.0025772197184613,62434.1,63544.0,5,3
2024-09-22 02:15:00,2024-09-23 08:15:00,62350.0,62801.0,0.7207293589344073,62910.1,64774.2,2.919857805540695,62350.0,64774.2,5,4
2024-09-22 06:30:00,2024-09-23 13:45:00,62350.0,63230.0,1.4014970536709668,62910.1,64774.2,2.919857805540695,62350.0,64774.2,5,3
2024-09-22 11:15:00,2024-09-23 21:15:00,62350.0,63230.0,1.4014970536709668,62910.1,64774.2,2.919857805540695,62350.0,64774.2,5,5
2024-09-22 14:00:00,2024-09-24 02:00:00,62350.0,63230.0,1.4014970536709668,63542.5,64774.2,1.9197812911335737,62350.0,64774.2,5,4
2024-09-22 22:00:00,2024-09-24 11:00:00,62350.0,63230.0,1.4014970536709668,63542.5,64774.2,1.9197812911335737,62350.0,64774.2,5,5
2024-09-23 08:15:00,2024-09-24 14:30:00,62634.0,63335.4,1.113603779965613,63542.5,63935.0,0.6157949442058402,62634.0,63935.0,5,4
2024-09-23 13:45:00,2024-09-25 00:45:00,62634.0,63335.4,1.113603779965613,63542.5,64749.9,1.882262706130685,62634.0,64749.9,5,6
2024-09-27 03:00:00,2024-09-28 13:15:00,64789.0,65648.6,1.31802486399628,65786.4,66520.0,1.1089410640755184,64789.0,66520.0,5,5
2024-09-27 12:15:00,2024-09-28 16:45:00,65284.0,65648.6,0.556927762833711,65786.4,66520.0,1.1089410640755184,65284.0,66520.0,5,4
2024-09-27 18:30:00,2024-09-28 21:15:00,65394.5,65648.6,0.387811338406991,65786.4,66319.9,0.8076829038433444,65394.5,66319.9,5,4
2024-09-27 23:30:00,2024-09-29 07:45:00,65310.0,65648.6,0.5171099874311512,65786.4,66319.9,0.8076829038433444,65310.0,66319.9,5,4
2024-09-28 09:00:00,2024-09-30 03:00:00,65310.0,65466.1,0.23872863619575527,65786.4,66174.5,0.5882045363437288,65310.0,66174.5,5,5
2024-10-02 13:30:00,2024-10-04 00:45:00,59840.2,60502.8,1.1011857773198372,60875.9,62416.3,2.498779322617329,59840.2,62416.3,5,5
2024-10-02 19:45:00,2024-10-04 14:30:00,59840.2,60414.0,0.954311782873285,60875.9,61988.0,1.8102957825691657,59840.2,61988.0,5,7
2024-10-04 23:30:00,2024-10-07 06:00:00,61650.0,62253.8,0.9746270897260663,62125.7,63949.0,2.8924121968959717,61650.0,63949.0,5,7
2024-10-07 11:00:00,2024-10-08 19:15:00,61803.4,62688.0,1.4211423439691393,62790.6,64464.0,2.6300031590213657,61803.4,64464.0,5,3
2024-10-07 18:45:00,2024-10-09 00:30:00,61803.4,62688.0,1.4211423439691393,62543.6,63189.7,1.027730919334812,61803.4,63189.7,5,3
2024-10-07 23:00:00,2024-10-09 08:30:00,61803.4,62055.0,0.4062703861829291,62481.0,63189.7,1.1278683097969489,61803.4,63189.7,5,5
2024-10-08 07:15:00,2024-10-09 14:45:00,61803.4,62020.6,0.3508205194469523,62481.0,63189.7,1.1278683097969489,61803.4,63189.7,5,4
2024-10-08 15:30:00,2024-10-09 20:45:00,61620.0,62020.6,0.6480072079883121,62390.0,62543.6,0.24589061709579893,61620.0,62543.6,5,4
2024-10-11 22:30:00,2024-10-13 11:45:00,62306.4,62881.7,0.9190969429202864,62777.0,63467.4,1.093751485214396,62306.4,63467.4,5,6
2024-10-12 03:15:00,2024-10-13 15:30:00,62460.5,62881.7,0.6720801134813288,62777.0,63467.4,1.093751485214396,62460.5,63467.4,5,6
2024-10-12 19:15:00,2024-10-14 00:45:00,62012.1,62881.7,1.3925431046216843,62804.7,63355.6,0.8733333703233133,62012.1,63355.6,5,5
2024-10-13 03:15:00,2024-10-14 13:15:00,62012.1,62686.0,1.08085047005528,62804.7,64539.6,2.724739152046855,62012.1,64539.6,5,5
2024-10-16 07:15:00,2024-10-17 13:30:00,66750.0,67461.7,1.060563274289793,67515.0,68525.0,1.4848573948838577,66750.0,68525.0,5,4
2024-10-16 13:30:00,2024-10-17 18:15:00,66650.1,67461.7,1.2103334680467959,67515.0,68083.3,0.8382110985167261,66650.1,68083.3,5,4
2024-10-16 21:45:00,2024-10-18 00:45:00,66650.1,67461.7,1.2103334680467959,67515.0,67921.0,0.5995451726276617,66650.1,67921.0,5,3
2024-10-17 01:30:00,2024-10-18 12:45:00,66650.1,67357.0,1.0550187266197002,67515.0,68400.0,1.3022845160578302,66650.1,68400.0,5,4
2024-10-17 07:00:00,2024-10-18 21:45:00,66650.1,67621.6,1.4470659118786757,67515.0,69049.7,2.2475793524973833,66650.1,69049.7,5,6
2024-10-18 12:45:00,2024-10-20 03:00:00,67621.6,68272.4,0.957805348286147,68339.3,69049.7,1.034143927097503,67621.6,69049.7,5,6
2024-10-18 21:45:00,2024-10-20 13:15:00,67980.0,68272.4,0.4292034488933688,68339.3,68685.0,0.5045820339895873,67980.0,68685.0,5,5
2024-10-19 07:15:00,2024-10-21 03:00:00,67980.0,68272.4,0.4292034488933688,68339.3,69555.0,1.7632345934530975,67980.0,69555.0,5,6
2024-10-19 11:30:00,2024-10-21 09:30:00,67980.0,68600.0,0.9078928100746816,68339.3,69555.0,1.7632345934530975,67980.0,69555.0,5,6
2024-10-19 17:00:00,2024-10-21 15:00:00,67980.0,68600.0,0.9078928100746816,68442.1,69555.0,1.6129324456818208,67980.0,69555.0,5,5
2024-10-21 15:00:00,2024-10-23 03:15:00,66560.9,66907.0,0.5186265761280515,67678.2,67943.9,0.3918240463759183,66560.9,67943.9,5,5
2024-10-22 00:30:00,2024-10-23 09:15:00,66560.9,66907.0,0.5186265761280515,67294.0,67847.0,0.8184044812455139,66560.9,67847.0,5,5
2024-10-22 09:30:00,2024-10-23 12:30:00,66162.8,66907.0,1.11851073647063,67294.0,67847.0,0.8184044812455139,66162.8,67847.0,5,3
2024-10-22 13:45:00,2024-10-23 18:15:00,66060.1,66907.0,1.27384894458854,66905.9,67847.0,1.3967788448337748,66060.1,67847.0,5,4
2024-10-26 08:00:00,2024-10-28 05:30:00,66701.5,67500.6,1.1908904555144901,67240.0,68311.6,1.5810953172076254,66701.5,68311.6,5,7
2024-10-26 14:45:00,2024-10-28 15:30:00,66701.5,67571.4,1.2957193893927876,67246.9,69280.0,2.9783141637289146,66701.5,69280.0,5,8
2024-10-29 20:30:00,2024-10-31 01:30:00,71455.1,72114.4,0.9184401979528917,72491.0,73044.2,0.7602284533226286,71455.1,73044.2,5,5
2024-10-30 01:00:00,2024-10-31 06:45:00,71455.1,72114.4,0.9184401979528917,72491.0,73044.2,0.7602284533226286,71455.1,73044.2,5,5
2024-10-30 07:45:00,2024-10-31 20:45:00,71455.1,72150.0,0.9677929265743266,72491.0,73044.2,0.7602284533226286,71455.1,73044.2,5,6
2024-10-31 20:45:00,2024-11-02 05:00:00,68800.0,69719.3,1.3273240624230747,69720.0,71650.0,2.730423710829738,68800.0,71650.0,5,4
2024-11-01 02:00:00,2024-11-02 14:45:00,68800.0,69435.5,0.919445439123814,69694.0,71650.0,2.767715644102332,68800.0,71650.0,5,5
2024-11-01 07:00:00,2024-11-02 18:00:00,68800.0,69435.5,0.919445439123814,69604.4,71650.0,2.8963345566580667,68800.0,71650.0,5,5
2024-11-01 15:45:00,2024-11-03 02:30:00,68800.0,69435.5,0.919445439123814,69568.7,69919.0,0.5022665080863802,68800.0,69919.0,5,5
2024-11-03 02:30:00,2024-11-04 08:45:00,67456.1,68200.0,1.0967438987262557,68535.9,69497.0,1.3925665547851358,67456.1,69497.0,5,4
2024-11-03 09:45:00,2024-11-04 17:15:00,67456.1,68438.3,1.4455341794805332,68535.9,69497.0,1.3925665547851358,67456.1,69497.0,5,4
2024-11-07 22:15:00,2024-11-09 02:15:00,75500.0,76258.0,0.9989588687252072,76288.0,77220.3,1.2146574484897599,75500.0,77220.3,5,6
2024-11-08 03:00:00,2024-11-09 17:15:00,75610.0,76258.0,0.853372665736034,76288.0,77220.3,1.2146574484897599,75610.0,77220.3,5,6
2024-11-16 00:15:00,2024-11-17 02:15:00,90125.0,91100.0,1.076010484204718,91491.9,91856.3,0.3974950394931706,90125.0,91856.3,5,4
2024-11-16 12:15:00,2024-11-17 22:00:00,89418.6,90551.9,1.2594286285807823,90799.0,91601.8,0.8802592971083493,89418.6,91601.8,5,4
2024-11-17 02:15:00,2024-11-18 23:30:00,88735.7,90000.0,1.414714575767463,90799.0,92757.6,2.13405565367849,88735.7,92757.6,5,7
2024-11-18 23:30:00,2024-11-20 18:45:00,90303.7,91511.0,1.328055432261531,92117.1,94898.9,2.9749326260854563,90303.7,94898.9,5,5
2024-11-21 21:00:00,2024-11-23 04:45:00,97210.0,98536.3,1.3551213994849487,98814.4,99690.0,0.8821970696871262,97210.0,99690.0,5,6
2024-11-22 01:30:00,2024-11-23 10:30:00,97210.0,98536.3,1.3551213994849487,98866.9,99690.0,0.8290822429238226,97210.0,99690.0,5,6
2024-11-22 14:45:00,2024-11-23 17:00:00,97210.0,98536.3,1.3551213994849487,98866.9,99690.0,0.8290822429238226,97210.0,99690.0,5,4
2024-11-22 22:30:00,2024-11-23 20:15:00,97380.0,98536.3,1.180402039034019,98866.9,98935.0,0.06885677033436567,97380.0,98935.0,5,3
2024-11-23 02:00:00,2024-11-23 23:15:00,97185.9,98390.0,1.2313378079814596,98128.9,98935.0,0.8181102677862419,97185.9,98935.0,5,4
2024-11-23 04:45:00,2024-11-24 04:30:00,97185.9,98390.0,1.2313378079814596,98128.9,98935.0,0.8181102677862419,97185.9,98935.0,5,4
2024-11-23 10:30:00,2024-11-24 12:30:00,97185.9,98390.0,1.2313378079814596,98128.9,98935.0,0.8181102677862419,97185.9,98935.0,5,3
2024-11-28 00:00:00,2024-11-28 20:45:00,94707.0,95777.1,1.1235583442397616,95529.0,96648.0,1.164551429151251,94707.0,96648.0,5,3
2024-11-28 03:30:00,2024-11-29 07:45:00,94707.0,95110.8,0.4254606259265495,95529.0,96951.9,1.478484358707793,94707.0,96951.9,5,3
2024-11-29 07:45:00,2024-12-01 15:45:00,95669.8,96910.5,1.2885014718535563,96620.6,98735.3,2.1649717259627144,95669.8,98735.3,5,8
2024-11-29 18:00:00,2024-12-01 20:30:00,95750.0,97019.3,1.3169109396568883,96620.6,97712.8,1.1240476418361405,95750.0,97712.8,5,8
2024-11-30 02:00:00,2024-12-02 00:00:00,95750.0,97019.3,1.3169109396568883,96620.6,97929.4,1.3454638910305714,95750.0,97929.4,5,7
2024-11-30 11:00:00,2024-12-02 04:00:00,95750.0,97150.0,1.4515292897874545,96620.6,98270.7,1.6933541928244016,95750.0,98270.7,5,7
2024-12-01 02:45:00,2024-12-02 12:45:00,95750.0,97150.0,1.4515292897874545,96620.6,98270.7,1.6933541928244016,95750.0,98270.7,5,6
2024-12-06 23:15:00,2024-12-08 09:45:00,98883.4,99653.7,0.7759758755416524,99876.3,100540.2,0.6625203014721783,98883.4,100540.2,5,5
2024-12-07 05:45:00,2024-12-08 15:00:00,98729.1,99653.7,0.9321372618997124,99876.3,100596.4,0.7184020567388889,98729.1,100596.4,5,6
2024-12-07 14:15:00,2024-12-08 19:15:00,98729.1,99653.7,0.9321372618997124,99897.9,100596.4,0.6967779133870639,98729.1,100596.4,5,5
2024-12-07 23:00:00,2024-12-09 03:45:00,98729.1,99653.7,0.9321372618997124,99951.8,101464.8,1.5023587926715076,98729.1,101464.8,5,5
2024-12-08 05:45:00,2024-12-09 07:15:00,98245.5,99524.0,1.292919282295804,99951.8,101464.8,1.5023587926715076,98245.5,101464.8,5,4
2024-12-08 09:45:00,2024-12-09 12:00:00,98245.5,99524.0,1.292919282295804,99816.0,101464.8,1.6383082738144947,98245.5,101464.8,5,4
2024-12-11 18:00:00,2024-12-13 01:45:00,99300.0,100426.6,1.12814217034687,100464.1,102636.2,2.1389431724128336,99300.0,102636.2,5,5
2024-12-12 01:45:00,2024-12-13 07:00:00,99168.0,100426.6,1.2611563639497319,100464.1,102636.2,2.1389431724128336,99168.0,102636.2,5,4
2024-12-12 06:00:00,2024-12-13 15:45:00,99168.0,100426.6,1.2611563639497319,100464.1,102636.2,2.1389431724128336,99168.0,102636.2,5,4
2024-12-12 11:15:00,2024-12-13 22:15:00,99168.0,100158.1,0.993447421085353,100464.1,102636.2,2.1389431724128336,99168.0,102636.2,5,4
2024-12-13 22:15:00,2024-12-15 22:00:00,100577.1,101565.8,0.9782188738758542,101445.3,103555.0,2.0582408903791825,100577.1,103555.0,5,9
2024-12-16 23:30:00,2024-12-18 06:45:00,105300.0,106532.5,1.16365524648012,106470.3,108421.6,1.8160758967648412,105300.0,108421.6,5,5
2024-12-24 20:00:00,2024-12-25 21:45:00,97198.6,98101.5,0.9246283028016823,98550.0,99590.0,1.0497627939840517,97198.6,99590.0,5,5
2024-12-25 02:00:00,2024-12-26 10:00:00,97562.6,98337.1,0.7907107565759417,98550.0,99950.0,1.4105793450881612,97562.6,99950.0,5,5
2024-12-27 07:30:00,2024-12-29 01:45:00,93380.1,94594.9,1.292512302167829,94759.8,97500.0,2.8505178929760637,93380.1,97500.0,5,7
2024-12-27 17:15:00,2024-12-29 06:00:00,93380.1,94758.0,1.4647750774563941,94759.8,95699.9,0.987190466014586,93380.1,95699.9,5,6
2024-12-28 01:15:00,2024-12-29 16:30:00,94070.2,94899.3,0.87749610386862,94759.8,95699.9,0.987190466014586,94070.2,95699.9,5,7
2024-12-31 17:30:00,2025-01-02 00:15:00,92840.0,93687.7,0.9089266634392609,94457.9,95158.4,0.7388605304501775,92840.0,95158.4,5,3
2025-01-04 01:15:00,2025-01-05 18:00:00,97216.0,98011.0,0.814436527734381,98122.7,98759.6,0.6469855339967165,97216.0,98759.6,5,6
2025-01-04 09:45:00,2025-01-06 01:15:00,97216.0,98011.0,0.814436527734381,98122.7,98828.5,0.7167257676013173,97216.0,98828.5,5,5
2025-01-04 15:45:00,2025-01-06 10:45:00,97216.0,98011.0,0.814436527734381,98308.6,99877.7,1.583459603413547,97216.0,99877.7,5,5
2025-01-05 01:45:00,2025-01-06 14:15:00,97216.0,98679.2,1.4938599822762344,98308.6,99877.7,1.583459603413547,97216.0,99877.7,5,4
2025-01-11 04:30:00,2025-01-12 09:45:00,93800.0,94258.7,0.48782640739300764,94409.5,94991.9,0.6149901743070476,93800.0,94991.9,5,5
2025-01-11 08:45:00,2025-01-12 22:30:00,93660.0,94258.7,0.6371904445911951,94663.9,95439.9,0.8163960951858932,93660.0,95439.9,5,5
2025-01-11 14:00:00,2025-01-13 02:45:00,93660.0,94258.7,0.6371904445911951,94663.9,95954.8,1.3544316481016905,93660.0,95954.8,5,5
2025-01-11 17:15:00,2025-01-13 14:30:00,93660.0,94255.0,0.633265040044701,94663.9,95954.8,1.3544316481016905,93660.0,95954.8,5,5
2025-01-18 16:45:00,2025-01-19 17:30:00,103107.3,104227.7,1.0807630163744608,104486.8,105700.0,1.1544017036274372,103107.3,105700.0,5,6
2025-01-18 20:45:00,2025-01-20 00:30:00,103427.9,104471.3,1.0037556662074782,104738.6,106476.5,1.6456209806969238,103427.9,106476.5,5,6
2025-01-24 14:30:00,2025-01-26 09:30:00,104036.9,104622.3,0.5611063399073788,105072.0,107118.6,1.9290204184351294,104036.9,107118.6,5,7
2025-01-25 00:45:00,2025-01-27 07:15:00,104036.9,104466.9,0.4124625066785354,105053.7,105591.5,0.5106216519531448,104036.9,105591.5,5,8
2025-01-30 00:30:00,2025-01-31 03:15:00,103235.0,104777.0,1.4826067726861911,105534.0,106421.1,0.8370640763067326,103235.0,106421.1,5,4
2025-01-30 07:30:00,2025-01-31 09:15:00,103875.0,104777.0,0.8645975116461859,104761.1,106421.1,1.5721021942190203,103875.0,106421.1,5,4
2025-01-30 14:00:00,2025-01-31 14:45:00,103863.0,104733.3,0.834434743089885,104761.1,106421.1,1.5721021942190203,103863.0,106421.1,5,3
2025-01-30 18:15:00,2025-01-31 21:30:00,103863.0,104733.3,0.834434743089885,104761.1,105998.0,1.1737571473782098,103863.0,105998.0,5,3
2025-02-04 22:00:00,2025-02-06 19:45:00,96086.1,97209.6,1.1624676596530599,98309.6,99170.0,0.8713811451916998,96086.1,99170.0,5,4
2025-02-07 20:45:00,2025-02-09 00:30:00,95556.5,96302.0,0.7771352324760175,96250.0,96840.0,0.6111139882956135,95556.5,96840.0,5,5
2025-02-08 07:15:00,2025-02-09 06:15:00,95635.8,96314.4,0.7070583932707455,96250.0,97275.0,1.0592946647719932,95635.8,97275.0,5,4
2025-02-08 11:30:00,2025-02-09 14:00:00,95635.8,96727.0,1.1345228911203176,96444.0,97275.0,0.8579437226085207,95635.8,97275.0,5,4
2025-02-08 15:30:00,2025-02-09 21:45:00,95635.8,96727.0,1.1345228911203176,96625.4,97275.0,0.670034718855666,95635.8,97275.0,5,5
2025-02-13 08:45:00,2025-02-14 21:00:00,95156.1,96512.6,1.4154632446507958,96307.4,98821.0,2.5763548514721646,95156.1,98821.0,5,7
2025-02-14 05:45:00,2025-02-15 17:30:00,96200.0,97370.0,1.208865010073875,97171.7,98821.0,1.6830218676511959,96200.0,98821.0,5,4
2025-02-14 15:15:00,2025-02-16 03:15:00,96200.0,97370.0,1.208865010073875,97898.8,98821.0,0.937577203718179,96200.0,98821.0,5,3
2025-02-14 21:00:00,2025-02-16 09:15:00,96639.0,97370.0,0.7535732878371622,97620.2,97933.0,0.3199129444059242,96639.0,97933.0,5,3
2025-02-15 17:30:00,2025-02-17 00:00:00,96500.0,97299.8,0.8253878486974734,97119.4,97620.2,0.5143278511407059,96500.0,97620.2,5,3
2025-02-16 03:15:00,2025-02-17 05:00:00,95980.1,97299.8,1.3655843158031402,96580.0,97620.2,1.0712656320642275,95980.1,97620.2,5,4
2025-02-16 09:15:00,2025-02-17 11:30:00,95730.3,97012.0,1.3299623383139012,96429.0,97247.2,0.8449153793806332,95730.3,97247.2,5,4
2025-02-16 14:00:00,2025-02-17 19:00:00,95730.3,96636.0,0.9416410254810714,96429.0,97247.2,0.8449153793806332,95730.3,97247.2,5,5
2025-02-16 18:30:00,2025-02-18 00:45:00,95160.0,96500.0,1.3983095064176145,96370.0,97247.2,0.906117844902206,95160.0,97247.2,5,5
2025-02-17 00:00:00,2025-02-18 08:45:00,95160.0,95980.1,0.8581140221230457,96274.0,96988.3,0.7392026277240858,95160.0,96988.3,5,5
2025-02-17 05:00:00,2025-02-18 19:00:00,94988.0,95950.6,1.008282243611303,96274.0,96988.3,0.7392026277240858,94988.0,96988.3,5,5
2025-02-22 08:45:00,2025-02-23 22:15:00,95254.0,96351.9,1.1459981138367807,95887.2,97056.0,1.211548269127912,95254.0,97056.0,5,5
2025-02-22 19:00:00,2025-02-24 04:30:00,95254.0,96351.9,1.1459981138367807,95887.2,96703.1,0.8472908552507668,95254.0,96703.1,5,4
2025-02-23 01:45:00,2025-02-24 08:30:00,95088.5,96351.9,1.31988859195864,95887.2,96541.6,0.680147670203222,95088.5,96541.6,5,3
2025-02-23 06:00:00,2025-02-24 15:45:00,95088.5,96121.5,1.0804874222059515,95887.2,96541.6,0.680147670203222,95088.5,96541.6,5,5
2025-03-07 21:00:00,2025-03-09 17:15:00,85185.9,85813.3,0.7338046025946422,86142.5,86886.3,0.8597412685055933,85185.9,86886.3,5,6
2025-03-14 20:15:00,2025-03-16 11:45:00,83591.8,84061.1,0.5598471604129757,84429.8,84661.8,0.27440748091566936,83591.8,84661.8,5,4
2025-03-16 11:45:00,2025-03-18 06:45:00,81934.4,82642.9,0.8609935878155737,83749.3,85136.0,1.6421796331593064,81934.4,85136.0,5,5
2025-03-16 19:15:00,2025-03-18 14:15:00,81934.4,82642.9,0.8609935878155737,83421.3,84728.5,1.554804109193109,81934.4,84728.5,5,5
2025-03-20 10:15:00,2025-03-21 13:30:00,83605.8,84746.4,1.3550164476614992,84313.5,86488.0,2.5462305658908146,83605.8,86488.0,5,5
2025-03-20 16:45:00,2025-03-22 01:30:00,83136.3,84222.6,1.2981681882469385,84287.4,84800.0,0.6063136579071011,83136.3,84800.0,5,7
2025-03-20 23:15:00,2025-03-22 08:30:00,83136.3,84222.6,1.2981681882469385,84287.4,84800.0,0.6063136579071011,83136.3,84800.0,5,8
2025-03-21 03:15:00,2025-03-22 15:00:00,83136.3,84222.6,1.2981681882469385,84287.4,84758.5,0.5573634143152906,83136.3,84758.5,5,8
2025-03-21 08:30:00,2025-03-22 23:30:00,83136.3,84078.8,1.1272905377564586,84279.5,84567.3,0.34090074552790217,83136.3,84567.3,5,8
2025-03-21 13:30:00,2025-03-23 18:15:00,83136.3,84078.8,1.1272905377564586,84257.5,85400.0,1.3468311156300194,83136.3,85400.0,5,8
2025-03-22 01:30:00,2025-03-24 02:00:00,83616.0,84755.5,1.3535544911104314,84257.5,86611.2,2.7549808712771817,83616.0,86611.2,5,6
2025-03-24 07:30:00,2025-03-25 18:30:00,86261.0,87109.2,0.9784841916315457,86832.3,88740.0,2.173121842112904,86261.0,88740.0,5,5
2025-03-24 13:00:00,2025-03-25 23:00:00,86261.0,87520.0,1.4489501153750985,86832.3,88740.0,2.173121842112904,86261.0,88740.0,5,5
2025-03-25 04:00:00,2025-03-26 03:45:00,86261.0,87520.0,1.4489501153750985,86832.3,88500.0,1.9023306030891025,86261.0,88500.0,5,4
2025-03-25 07:30:00,2025-03-26 19:15:00,86302.0,87520.0,1.4014336505160452,87869.3,88500.0,0.7152038364953506,86302.0,88500.0,5,5
2025-03-29 11:45:00,2025-03-30 17:00:00,81602.9,82813.0,1.4719987543783852,82799.1,83496.8,0.8391066767130122,81602.9,83496.8,5,4
2025-03-29 17:15:00,2025-03-31 00:45:00,81602.9,82813.0,1.4719987543783852,82724.1,83496.8,0.9297266468897678,81602.9,83496.8,5,5
2025-03-30 17:00:00,2025-03-31 22:15:00,81212.3,81985.8,0.9479277025896747,82279.6,83895.7,1.945054409409812,81212.3,83895.7,5,4
2025-03-31 00:45:00,2025-04-01 06:00:00,81212.3,82213.1,1.2247790123199978,82279.6,83895.7,1.945054409409812,81212.3,83895.7,5,3
2025-04-16 01:00:00,2025-04-17 03:15:00,83055.0,83889.8,1.0000910480590028,83910.5,85522.7,1.9030508778680886,83055.0,85522.7,5,5
2025-04-16 08:15:00,2025-04-17 10:15:00,83075.3,83889.8,0.9756529957458175,84093.0,85522.7,1.6858109243424952,83075.3,85522.7,5,5
2025-04-16 13:30:00,2025-04-17 14:30:00,83224.4,84134.1,1.0871273344347752,84450.9,85522.7,1.2611370236319088,83224.4,85522.7,5,5
2025-04-16 18:00:00,2025-04-17 19:30:00,83224.4,84134.1,1.0871273344347752,84450.9,85455.8,1.1828844889577734,83224.4,85455.8,5,5
2025-04-17 00:15:00,2025-04-18 00:45:00,83677.4,84452.8,0.9223803932904484,84450.9,85455.8,1.1828844889577734,83677.4,85455.8,5,4
2025-04-17 03:15:00,2025-04-18 07:15:00,83677.4,84675.2,1.1853692785261445,84831.3,85455.8,0.7334671857116599,83677.4,85455.8,5,3
2025-04-17 10:15:00,2025-04-18 16:00:00,83677.4,84675.2,1.1853692785261445,84725.3,85455.8,0.8584972126752031,83677.4,85455.8,5,3
2025-04-17 14:30:00,2025-04-18 23:00:00,83677.4,84675.2,1.1853692785261445,84618.0,85455.8,0.9852193577141252,83677.4,85455.8,5,4
2025-04-17 19:30:00,2025-04-19 11:30:00,84250.0,84675.2,0.5034180809020763,84618.0,85426.1,0.9504593220229408,84250.0,85426.1,5,5
2025-04-18 00:45:00,2025-04-19 16:45:00,84250.0,85100.0,1.0038382049010923,84618.0,85644.6,1.2059019420589205,84250.0,85644.6,5,6
2025-04-18 07:15:00,2025-04-20 00:00:00,84250.0,85100.0,1.0038382049010923,84618.0,85644.6,1.2059019420589205,84250.0,85644.6,5,8
2025-04-18 16:00:00,2025-04-20 11:30:00,84250.0,85100.0,1.0038382049010923,84618.0,85644.6,1.2059019420589205,84250.0,85644.6,5,8
2025-04-23 01:45:00,2025-04-24 21:15:00,91631.5,92909.0,1.384519929229627,93554.8,94722.9,1.2408267150066006,91631.5,94722.9,5,5
2025-04-23 15:15:00,2025-04-25 03:00:00,91631.5,92999.0,1.4813370488624578,93554.8,94400.0,0.8993651665187558,91631.5,94400.0,5,4
2025-04-23 19:30:00,2025-04-25 17:45:00,91631.5,92999.0,1.4813370488624578,93554.8,95724.5,2.292590896099042,91631.5,95724.5,5,4
2025-04-25 17:45:00,2025-04-27 01:45:00,93839.8,94510.0,0.7116545916162345,94363.4,95279.4,0.9660266564298777,93839.8,95279.4,5,4
2025-04-25 21:45:00,2025-04-27 05:30:00,93839.8,94510.0,0.7116545916162345,94363.4,95279.4,0.9660266564298777,93839.8,95279.4,5,4
2025-04-26 00:30:00,2025-04-27 13:00:00,93592.8,94510.0,0.9752114269431366,94279.1,95279.4,1.0553997842354612,93592.8,95279.4,5,5
2025-04-26 05:15:00,2025-04-27 16:45:00,93538.4,94264.1,0.7728331624978493,94130.0,95279.4,1.2136673259088453,93538.4,95279.4,5,5
2025-04-26 13:45:00,2025-04-28 01:30:00,93538.4,93959.1,0.4487526500353462,94130.0,95279.4,1.2136673259088453,93538.4,95279.4,5,5
2025-04-27 01:45:00,2025-04-28 10:15:00,92750.0,93959.1,1.2951698658501443,94130.0,94516.8,0.41007851710180393,92750.0,94516.8,5,3
2025-04-28 10:15:00,2025-04-29 23:00:00,93381.9,94601.4,1.297455678243759,94874.3,95564.8,0.7251662079898508,93381.9,95564.8,5,5
2025-04-28 16:15:00,2025-04-30 07:45:00,93381.9,94601.4,1.297455678243759,94874.3,95444.3,0.5989955789922792,93381.9,95444.3,5,5
2025-04-29 05:30:00,2025-04-30 14:00:00,93682.0,94601.4,0.9766129143620671,95146.5,95444.3,0.31250196756611853,93682.0,95444.3,5,4
2025-05-01 13:45:00,2025-05-03 06:45:00,95772.0,96500.1,0.7573641729611377,96548.6,97868.0,1.3572915070009395,95772.0,97868.0,5,4
2025-05-01 20:00:00,2025-05-03 10:45:00,96056.8,96500.1,0.4604353310631848,96548.6,97868.0,1.3572915070009395,96056.8,97868.0,5,3
2025-05-01 23:30:00,2025-05-03 17:15:00,95819.0,96500.1,0.7083019835263432,96455.0,97868.0,1.4542797301400245,95819.0,97868.0,5,4
2025-05-02 08:00:00,2025-05-04 01:30:00,95783.8,96500.1,0.7450441768655647,96408.7,97868.0,1.502290290086256,95783.8,97868.0,5,4
2025-05-02 22:15:00,2025-05-04 10:15:00,95535.4,96500.1,1.0047100666283177,96108.8,96548.6,0.4565617515859789,95535.4,96548.6,5,5
2025-05-03 06:45:00,2025-05-04 13:45:00,95233.0,96056.8,0.8613109533284085,96108.8,96455.0,0.3595691402018418,95233.0,96455.0,5,4
2025-05-03 10:45:00,2025-05-04 17:30:00,95187.5,95819.0,0.6612340417734475,95644.2,96455.0,0.8441471906181836,95187.5,96455.0,5,5
2025-05-03 17:15:00,2025-05-05 02:00:00,95152.6,95783.8,0.661162565126395,95644.2,96408.7,0.7961348149390091,95152.6,96408.7,5,5
2025-05-05 02:00:00,2025-05-06 21:15:00,93333.5,93970.0,0.6796456019241498,94510.0,95149.0,0.6738409461190874,93333.5,95149.0,5,5
2025-05-09 03:45:00,2025-05-10 15:45:00,102264.1,103328.1,1.0350587230449404,103364.0,104330.1,0.9303104902835525,102264.1,104330.1,5,4
2025-05-09 09:30:00,2025-05-10 18:30:00,102264.1,103328.1,1.0350587230449404,103364.0,104079.9,0.6902107027490268,102264.1,104079.9,5,4
2025-05-09 16:45:00,2025-05-11 02:45:00,102264.1,103328.1,1.0350587230449404,103364.0,104986.7,1.5576621532828996,102264.1,104986.7,5,4
2025-05-09 23:00:00,2025-05-11 07:45:00,102692.2,103342.3,0.6310593614176323,103585.7,104986.7,1.3434184005170386,102692.2,104986.7,5,3
2025-05-10 09:00:00,2025-05-11 16:15:00,102880.0,103342.3,0.44835112400550564,103585.7,104986.7,1.3434184005170386,102880.0,104986.7,5,3
2025-05-10 15:45:00,2025-05-12 02:45:00,102880.0,103713.3,0.8067057353747705,103585.7,105133.7,1.4833312092694786,102880.0,105133.7,5,5
2025-05-10 18:30:00,2025-05-12 18:45:00,102880.0,103713.3,0.8067057353747705,104614.0,105842.1,1.1670842517750788,102880.0,105842.1,5,6
2025-05-14 09:00:00,2025-05-16 04:45:00,101333.0,102803.4,1.4406053991350825,102800.0,104433.3,1.5762910690511642,101333.0,104433.3,5,6
2025-05-15 19:15:00,2025-05-17 11:00:00,102500.0,103758.0,1.2198314732034636,103669.4,104555.0,0.8506207725895772,102500.0,104555.0,5,4
2025-05-16 04:45:00,2025-05-17 13:45:00,102539.7,103758.0,1.1811086599608265,103669.4,104555.0,0.8506207725895772,102539.7,104555.0,5,3
2025-05-16 14:30:00,2025-05-17 22:30:00,102539.7,103279.3,0.7186897225231935,103325.0,104555.0,1.183375024052338,102539.7,104555.0,5,4
2025-05-17 01:45:00,2025-05-18 12:00:00,102539.7,102852.8,0.30487968158526313,103325.0,104050.0,0.6992163954189271,102539.7,104050.0,5,5
2025-05-17 11:00:00,2025-05-18 20:00:00,102600.2,103666.7,1.0340970848934075,103325.0,105950.0,2.50866085294469,102600.2,105950.0,5,5
2025-05-26 19:30:00,2025-05-28 10:15:00,107421.7,108816.5,1.29005883326813,109032.1,110700.0,1.5181213850866524,107421.7,110700.0,5,8
2025-05-27 01:15:00,2025-05-28 15:45:00,107421.7,108606.6,1.0969859041616388,109000.0,110700.0,1.5475648611743287,107421.7,110700.0,5,8
2025-05-28 02:15:00,2025-05-29 14:30:00,106718.0,108304.1,1.475290214354716,108437.9,109070.8,0.5819537333449271,106718.0,109070.8,5,5
2025-05-28 15:45:00,2025-05-30 00:45:00,105600.0,106973.9,1.2926328208684077,106434.5,108850.0,2.244007348415701,105600.0,108850.0,5,3
2025-05-30 00:45:00,2025-05-31 17:45:00,103036.8,104555.1,1.462773836551429,103882.5,106278.3,2.2799684812771965,103036.8,106278.3,5,5
2025-05-30 09:30:00,2025-06-01 02:00:00,103036.8,104555.1,1.462773836551429,103882.5,105996.6,2.0145883987495714,103036.8,105996.6,5,5
2025-05-30 16:45:00,2025-06-01 06:15:00,103036.8,104238.1,1.1591369722045486,103882.5,104950.0,1.0223504483258115,103036.8,104950.0,5,5
2025-05-31 03:00:00,2025-06-01 09:45:00,103036.8,104238.1,1.1591369722045486,103882.5,104898.5,0.9732686403456253,103036.8,104898.5,5,5
2025-05-31 10:45:00,2025-06-01 12:30:00,103246.0,104238.1,0.9563142428745197,104410.0,104898.5,0.46677511902287777,103246.0,104898.5,5,4
2025-05-31 17:45:00,2025-06-01 18:30:00,103696.7,104238.1,0.5207401550870838,104410.0,105266.0,0.8164978347545737,103696.7,105266.0,5,4
2025-06-01 02:00:00,2025-06-02 03:15:00,103696.7,104302.4,0.5824063661813894,104410.0,105843.6,1.3636865195173884,103696.7,105843.6,5,4
2025-06-01 06:15:00,2025-06-02 14:00:00,103696.7,104502.2,0.7737793043094848,104410.0,105894.0,1.411290322580645,103696.7,105894.0,5,4
2025-06-01 09:45:00,2025-06-02 19:45:00,103606.4,104502.2,0.8608966664520381,104631.4,105894.0,1.1994752177172026,103606.4,105894.0,5,4
2025-06-01 12:30:00,2025-06-03 04:45:00,103606.4,104502.2,0.8608966664520381,104631.4,106478.8,1.750175974443687,103606.4,106478.8,5,5
2025-06-01 18:30:00,2025-06-03 08:30:00,103606.4,105061.8,1.3949418263060769,104631.4,106478.8,1.750175974443687,103606.4,106478.8,5,4
2025-06-02 03:15:00,2025-06-03 13:30:00,103606.4,105061.8,1.3949418263060769,104631.4,106478.8,1.750175974443687,103606.4,106478.8,5,3
2025-06-02 14:00:00,2025-06-04 00:30:00,103606.4,105061.8,1.3949418263060769,104631.4,106773.7,2.0267249938624974,103606.4,106773.7,5,4
2025-06-02 19:45:00,2025-06-04 06:30:00,103985.6,105061.8,1.0296229467575266,105777.4,106773.7,0.9374686840011677,103985.6,106773.7,5,4
2025-06-03 04:45:00,2025-06-04 14:00:00,104813.9,105200.0,0.36768994814153333,105777.4,106773.7,0.9374686840011677,104813.9,106773.7,5,4
2025-06-03 08:30:00,2025-06-04 20:15:00,104135.3,105200.0,1.0172197426807588,105492.5,106773.7,1.207163457959861,104135.3,106773.7,5,5
2025-06-03 13:30:00,2025-06-05 06:45:00,104135.3,105200.0,1.0172197426807588,105213.5,106773.7,1.4719756664553303,104135.3,106773.7,5,6
2025-06-04 00:30:00,2025-06-05 20:45:00,104135.3,105200.0,1.0172197426807588,105213.5,105952.9,0.7003008054311616,104135.3,105952.9,5,5
2025-06-06 19:45:00,2025-06-08 10:15:00,103811.0,105340.0,1.4621015438606557,105732.0,105865.9,0.1265608023520027,103811.0,105865.9,5,3
2025-06-07 00:15:00,2025-06-09 03:15:00,103811.0,105340.0,1.4621015438606557,105732.0,106441.8,0.6690741269657262,103811.0,106441.8,5,5
2025-06-07 08:45:00,2025-06-09 06:00:00,104645.4,105340.0,0.6615698043768813,105732.0,106441.8,0.6690741269657262,104645.4,106441.8,5,5
2025-06-07 16:45:00,2025-06-09 13:45:00,104924.7,105340.0,0.3950258887963628,105732.0,106441.8,0.6690741269657262,104924.7,106441.8,5,4
2025-06-10 08:45:00,2025-06-11 18:30:00,108279.2,109487.9,1.1100850403940699,109684.7,110375.5,0.6278282033734431,108279.2,110375.5,5,5
2025-06-10 15:30:00,2025-06-11 22:15:00,108279.2,109487.9,1.1100850403940699,109180.1,110375.5,1.0889269050755201,108279.2,110375.5,5,5
2025-06-11 02:15:00,2025-06-12 04:15:00,108006.6,109487.9,1.362149387685655,108782.5,110375.5,1.453745699449712,108006.6,110375.5,5,4
2025-06-13 10:00:00,2025-06-14 20:00:00,104057.2,104723.5,0.6382773886666755,105070.8,106168.8,1.0395778064340209,104057.2,106168.8,5,3
2025-06-13 14:30:00,2025-06-15 00:30:00,104057.2,104723.5,0.6382773886666755,105070.8,106168.8,1.0395778064340209,104057.2,106168.8,5,3
2025-06-13 18:30:00,2025-06-15 09:30:00,104250.0,105215.1,0.9214900238751045,105070.8,106168.8,1.0395778064340209,104250.0,106168.8,5,4
2025-06-14 07:15:00,2025-06-15 21:00:00,104250.0,105215.1,0.9214900238751045,105070.8,106080.0,0.9559045004802228,104250.0,106080.0,5,4
2025-06-14 12:30:00,2025-06-16 01:30:00,104250.0,105215.1,0.9214900238751045,105070.8,106080.0,0.9559045004802228,104250.0,106080.0,5,4
2025-06-14 20:00:00,2025-06-16 13:30:00,104250.0,105215.1,0.9214900238751045,105630.9,107237.5,1.5094772169096078,104250.0,107237.5,5,4
2025-06-17 17:00:00,2025-06-19 07:45:00,103303.4,104394.9,1.0510437495155234,105100.7,105500.0,0.3792010188000352,103303.4,105500.0,5,6
2025-06-17 22:45:00,2025-06-19 17:00:00,103422.3,104558.0,1.092122667387245,105027.3,105500.0,0.44906290063093685,103422.3,105500.0,5,6
2025-06-18 13:30:00,2025-06-20 01:15:00,103422.3,104558.0,1.092122667387245,104798.3,105290.9,0.4689436677373146,103422.3,105290.9,5,7
2025-06-18 19:00:00,2025-06-20 04:45:00,103422.3,104558.0,1.092122667387245,104798.3,105191.9,0.37487463700686147,103422.3,105191.9,5,6
2025-06-19 02:00:00,2025-06-20 17:30:00,103864.0,104558.0,0.6659565688842828,104798.3,106499.9,1.610614761507662,103864.0,106499.9,5,5
2025-06-24 04:15:00,2025-06-25 15:30:00,104567.0,105931.3,1.2962574994667444,105784.7,108090.0,2.1557482021015133,104567.0,108090.0,5,4
2025-06-25 04:45:00,2025-06-26 21:30:00,105931.3,107447.1,1.420762363950618,107721.1,108239.6,0.4801799586684059,105931.3,108239.6,5,6
2025-06-25 15:30:00,2025-06-27 01:00:00,106457.7,107447.1,0.9250844300829236,107721.1,108239.6,0.4801799586684059,106457.7,108239.6,5,5
2025-06-25 23:00:00,2025-06-27 08:30:00,106351.6,107447.1,1.0247957541369521,107688.9,108239.6,0.5100762520927173,106351.6,108239.6,5,5
2025-06-26 05:30:00,2025-06-27 13:45:00,106351.6,107447.1,1.0247957541369521,107150.0,108132.4,0.9126616945927714,106351.6,108132.4,5,5
2025-06-26 15:30:00,2025-06-27 18:30:00,106280.0,106773.4,0.46317026623371815,107150.0,108000.0,0.790146409481757,106280.0,108000.0,5,4
2025-06-26 21:30:00,2025-06-28 01:15:00,106280.0,106773.4,0.46317026623371815,107150.0,107738.1,0.547354646441572,106280.0,107738.1,5,4
2025-06-27 01:00:00,2025-06-28 10:30:00,106280.0,106761.0,0.4515562732056271,107150.0,107738.1,0.547354646441572,106280.0,107738.1,5,5
2025-06-27 08:30:00,2025-06-28 13:30:00,106280.0,107202.1,0.8638663382082206,107150.0,107738.1,0.547354646441572,106280.0,107738.1,5,4
2025-06-27 13:45:00,2025-06-28 20:15:00,106280.0,107202.1,0.8638663382082206,107218.0,107738.1,0.48391276172205006,106280.0,107738.1,5,4
2025-06-27 18:30:00,2025-06-29 02:00:00,106388.0,107202.1,0.7623012489811146,107218.0,107499.9,0.2625770836991179,106388.0,107499.9,5,4
2025-06-28 01:15:00,2025-06-29 16:45:00,106761.0,107202.1,0.41231408593351454,107444.3,108507.0,0.9842033828923439,106761.0,108507.0,5,4
2025-06-28 10:30:00,2025-06-29 21:00:00,107037.1,107222.0,0.17259476960371267,107444.9,108507.0,0.9836449690880291,107037.1,108507.0,5,3
2025-06-28 13:30:00,2025-06-30 10:15:00,107037.1,107222.0,0.17259476960371267,107444.9,108766.4,1.2224152946677624,107037.1,108766.4,5,4
2025-06-28 20:15:00,2025-06-30 15:15:00,107100.0,107300.0,0.18656716417910446,107444.9,108766.4,1.2224152946677624,107100.0,108766.4,5,4
2025-06-29 02:00:00,2025-06-30 18:30:00,106677.0,107300.0,0.5823055748982368,107904.7,108766.4,0.7953991095259102,106677.0,108766.4,5,3
2025-06-29 21:00:00,2025-07-01 11:15:00,106677.0,107300.0,0.5823055748982368,107126.0,108766.4,1.519645897678653,106677.0,108766.4,5,4
2025-06-30 10:15:00,2025-07-01 15:00:00,106233.7,107300.0,0.9987182351076226,107126.0,107904.7,0.7242686741939612,106233.7,107904.7,5,4
2025-06-30 15:15:00,2025-07-01 20:00:00,105550.0,107057.9,1.418479746048942,106250.0,107484.8,1.1554505864276692,105550.0,107484.8,5,4
2025-07-04 08:15:00,2025-07-05 12:30:00,107220.3,108456.0,1.145883901012765,108223.9,109042.0,0.753086425435382,107220.3,109042.0,5,3
2025-07-04 16:15:00,2025-07-05 16:30:00,107220.3,107911.0,0.6421194870295462,108191.6,108429.2,0.2193695157620979,107220.3,108429.2,5,3
2025-07-04 19:15:00,2025-07-06 04:30:00,107220.3,107911.0,0.6421194870295462,108120.0,108429.2,0.2855702076017802,107220.3,108429.2,5,5
2025-07-05 02:30:00,2025-07-06 09:45:00,107685.9,107911.0,0.2088156184063925,108120.0,108429.2,0.2855702076017802,107685.9,108429.2,5,5
2025-07-05 09:15:00,2025-07-06 18:45:00,107762.6,107911.0,0.1376153595062114,108120.0,109088.6,0.8918615561262361,107762.6,109088.6,5,5
2025-07-05 12:30:00,2025-07-07 01:00:00,107762.6,108225.7,0.42881952402050605,108120.0,109685.0,1.4370652648010835,107762.6,109685.0,5,6
2025-07-05 16:30:00,2025-07-07 07:00:00,107762.6,108612.0,0.7851198800598538,108120.0,109685.0,1.4370652648010835,107762.6,109685.0,5,6
2025-07-06 04:30:00,2025-07-07 13:15:00,107762.6,108612.0,0.7851198800598538,108168.0,109685.0,1.3926822214979826,107762.6,109685.0,5,4
2025-07-06 09:45:00,2025-07-07 18:30:00,107762.6,108612.0,0.7851198800598538,109088.6,109685.0,0.5452211784237168,107762.6,109685.0,5,3
2025-07-06 18:45:00,2025-07-08 02:15:00,107449.6,108612.0,1.0759894400485734,108482.3,109685.0,1.1025483654058121,107449.6,109685.0,5,3
2025-07-07 01:00:00,2025-07-08 16:15:00,107369.7,108612.0,1.150375240124513,108482.3,109681.4,1.0992662849044008,107369.7,109681.4,5,3
2025-07-07 07:00:00,2025-07-08 21:15:00,107369.7,108573.5,1.1149228130360231,108482.3,109188.0,0.6484118412112237,107369.7,109188.0,5,3
2025-07-07 13:15:00,2025-07-09 04:15:00,107369.7,108567.0,1.1089360909933355,108482.3,109188.0,0.6484118412112237,107369.7,109188.0,5,5
2025-07-07 18:30:00,2025-07-09 09:15:00,107369.7,108567.0,1.1089360909933355,108482.3,109188.0,0.6484118412112237,107369.7,109188.0,5,6
2025-07-08 02:15:00,2025-07-09 14:30:00,107369.7,108567.0,1.1089360909933355,108900.0,109746.0,0.7738536264098131,107369.7,109746.0,5,6
2025-07-08 16:15:00,2025-07-10 01:00:00,108029.9,108567.0,0.4959443094522644,108900.0,111999.0,2.8058071788464414,108029.9,111999.0,5,7
2025-07-11 16:00:00,2025-07-13 09:30:00,116600.8,117456.2,0.7309330633136323,117601.4,118195.1,0.5035698154976954,116600.8,118195.1,5,5
2025-07-12 00:30:00,2025-07-13 22:00:00,116868.1,117653.1,0.6694490732607542,117601.4,119474.9,1.5805038293578906,116868.1,119474.9,5,6
2025-07-15 08:15:00,2025-07-16 13:45:00,115750.0,117031.0,1.1006052899506402,118250.0,119327.4,0.9069886277061657,115750.0,119327.4,5,3
2025-07-16 13:45:00,2025-07-17 20:00:00,117449.9,118816.3,1.156661426814338,118781.7,120114.6,1.1158816607875541,117449.9,120114.6,5,4
2025-07-16 19:30:00,2025-07-18 00:00:00,117449.9,118816.3,1.156661426814338,118781.7,121044.0,1.8866201578896697,117449.9,121044.0,5,4
2025-07-17 01:45:00,2025-07-18 04:00:00,117449.9,119028.2,1.3348381943190537,118781.7,121044.0,1.8866201578896697,117449.9,121044.0,5,4
2025-07-18 08:30:00,2025-07-19 21:15:00,116822.1,118444.0,1.378779178130631,118176.4,119574.4,1.1760212794236655,116822.1,119574.4,5,5
2025-07-18 14:30:00,2025-07-20 06:15:00,116822.1,117935.6,0.9486376804679888,118176.4,118523.7,0.29345150255534574,116822.1,118523.7,5,5
2025-07-18 20:30:00,2025-07-20 12:00:00,116822.1,117935.6,0.9486376804679888,118176.4,118523.7,0.29345150255534574,116822.1,118523.7,5,6
2025-07-19 08:30:00,2025-07-20 22:15:00,117237.7,117935.6,0.5935197575575193,118176.4,118931.0,0.6365048075260459,117237.7,118931.0,5,5
2025-07-19 14:45:00,2025-07-21 12:00:00,116455.6,117772.4,1.124374541045467,118176.4,119750.0,1.3227619969873086,116455.6,119750.0,5,5
2025-07-19 21:15:00,2025-07-21 20:00:00,116455.6,117809.4,1.155785115147366,118186.8,119750.0,1.3139623631149087,116455.6,119750.0,5,5
2025-07-20 06:15:00,2025-07-22 01:15:00,116455.6,117809.4,1.155785115147366,117669.6,119750.0,1.752509059909118,116455.6,119750.0,5,5
2025-07-20 12:00:00,2025-07-22 04:45:00,116123.0,117809.4,1.4417840367559125,117669.6,119750.0,1.752509059909118,116123.0,119750.0,5,5
2025-07-20 22:15:00,2025-07-22 14:00:00,116123.0,117809.4,1.4417840367559125,117669.6,119750.0,1.752509059909118,116123.0,119750.0,5,5
2025-07-21 12:00:00,2025-07-23 10:00:00,116123.0,117809.4,1.4417840367559125,117669.6,120321.0,2.2281552296603264,116123.0,120321.0,5,6
2025-07-21 20:00:00,2025-07-23 14:00:00,116123.0,117850.0,1.4762387113042958,117669.6,120321.0,2.2281552296603264,116123.0,120321.0,5,5
2025-07-22 01:15:00,2025-07-23 17:15:00,116123.0,117850.0,1.4762387113042958,117988.0,120321.0,1.9579621415892812,116123.0,120321.0,5,5
2025-07-22 04:45:00,2025-07-23 21:30:00,116562.6,117850.0,1.0984051198612994,118748.6,120321.0,1.3154328279296021,116562.6,120321.0,5,4
2025-07-22 14:00:00,2025-07-24 07:00:00,117300.0,117850.0,0.4677865192430364,118748.6,120321.0,1.3154328279296021,117300.0,120321.0,5,5
2025-07-23 10:00:00,2025-07-24 10:30:00,117050.1,117850.0,0.6810554784778671,118748.6,119279.7,0.4462494585727758,117050.1,119279.7,5,4
2025-07-23 14:00:00,2025-07-24 14:00:00,117050.1,117944.8,0.7614633338851158,118748.6,119279.7,0.4462494585727758,117050.1,119279.7,5,4
2025-07-23 17:15:00,2025-07-25 04:15:00,117050.1,117944.8,0.7614633338851158,118821.0,119492.9,0.5638781455886495,117050.1,119492.9,5,5
2025-07-26 01:45:00,2025-07-27 09:45:00,117150.0,117873.6,0.6157679484102923,117750.0,118443.7,0.5873992405385894,117150.0,118443.7,5,7
2025-07-26 06:15:00,2025-07-27 12:30:00,117307.9,117873.6,0.48107525464376377,118226.2,118443.7,0.1838003058268077,117307.9,118443.7,5,7
2025-07-26 15:15:00,2025-07-27 20:45:00,117807.6,117876.8,0.05872259682863786,118244.4,119600.0,1.139904912623552,117807.6,119600.0,5,6
2025-07-26 21:00:00,2025-07-28 01:45:00,117807.6,118730.8,0.7805920729995611,118297.7,119600.0,1.0948403452408348,117807.6,119600.0,5,4
2025-07-27 00:00:00,2025-07-28 18:30:00,117807.6,118950.0,0.9650376587699775,118297.7,119844.9,1.299389525435598,117807.6,119844.9,5,7
2025-07-27 09:45:00,2025-07-29 02:15:00,117401.5,118950.0,1.3103365115093408,118297.7,119844.9,1.299389525435598,117401.5,119844.9,5,7
2025-07-27 12:30:00,2025-07-29 11:00:00,117401.5,118950.0,1.3103365115093408,118346.7,119844.9,1.2579788707914108,117401.5,119844.9,5,7
2025-07-27 20:45:00,2025-07-29 16:30:00,117401.5,118950.0,1.3103365115093408,118346.7,119844.9,1.2579788707914108,117401.5,119844.9,5,7
2025-07-28 18:30:00,2025-07-30 01:15:00,116912.6,118117.9,1.0256541172315834,118045.8,119300.0,1.0568545978062365,116912.6,119300.0,5,5
2025-07-29 02:15:00,2025-07-30 05:15:00,116912.6,118117.9,1.0256541172315834,118045.8,119300.0,1.0568545978062365,116912.6,119300.0,5,3
2025-07-29 11:00:00,2025-07-30 11:45:00,116912.6,118117.9,1.0256541172315834,118045.8,119127.5,0.9121600112660212,116912.6,119127.5,5,3
2025-07-29 16:30:00,2025-07-30 19:00:00,116912.6,117643.1,0.6228797680039325,118045.8,118769.0,0.6107726375209633,116912.6,118769.0,5,3
2025-08-01 00:45:00,2025-08-02 10:30:00,112692.8,114240.0,1.3635754725628002,113998.0,115999.9,1.7407985029428479,112692.8,115999.9,5,4
2025-08-01 08:30:00,2025-08-02 19:00:00,112692.8,114013.0,1.164681274144726,113886.6,115950.0,1.795536481134853,112692.8,115950.0,5,4
2025-08-01 22:45:00,2025-08-03 14:15:00,111870.0,113438.3,1.392136907517391,113025.4,114217.0,1.048747944925776,111870.0,114217.0,5,5
2025-08-02 06:30:00,2025-08-03 22:15:00,111870.0,113531.5,1.4742581571107556,113025.4,114792.7,1.551500956245358,111870.0,114792.7,5,6
2025-08-03 14:15:00,2025-08-05 07:30:00,113531.5,114551.4,0.8943239497568596,114746.7,115682.8,0.8124827767278112,113531.5,115682.8,5,6
2025-08-03 22:15:00,2025-08-05 14:45:00,113628.2,114551.4,0.8091871490702913,114746.7,115682.8,0.8124827767278112,113628.2,115682.8,5,6
2025-08-05 07:30:00,2025-08-06 13:30:00,112577.7,113671.5,0.9668984464917472,114222.6,115046.8,0.718979506205361,112577.7,115046.8,5,3
2025-08-05 14:45:00,2025-08-06 21:30:00,112577.7,113671.5,0.9668984464917472,114222.6,115666.3,1.2559980059933271,112577.7,115666.3,5,3
2025-08-05 22:00:00,2025-08-07 04:45:00,113207.5,114747.5,1.3511438661139261,114222.6,115666.3,1.2559980059933271,113207.5,115666.3,5,4
2025-08-06 04:30:00,2025-08-07 16:45:00,113300.2,114747.5,1.2692958534552226,114398.6,116763.6,2.0461822910493153,113300.2,116763.6,5,5
2025-08-07 16:45:00,2025-08-09 03:30:00,115555.1,116334.8,0.672474307850404,116929.8,117569.1,0.5452477602240376,115555.1,117569.1,5,4
2025-08-08 06:00:00,2025-08-09 21:15:00,115854.2,116334.8,0.41397309950084266,116929.8,117900.0,0.826300580250034,115854.2,117900.0,5,6
2025-08-08 10:45:00,2025-08-10 07:45:00,115854.2,116303.1,0.386720555416529,116933.6,119433.6,2.1153527223743396,115854.2,119433.6,5,6
2025-08-08 15:45:00,2025-08-10 11:00:00,115854.2,117431.0,1.3518217186516785,116933.6,119433.6,2.1153527223743396,115854.2,119433.6,5,5
2025-08-08 20:00:00,2025-08-10 20:15:00,116240.0,117910.0,1.4264360452701261,116933.6,119433.6,2.1153527223743396,116240.0,119433.6,5,6
2025-08-10 11:00:00,2025-08-12 10:00:00,117855.3,119340.6,1.2523825243185087,119111.9,122421.0,2.7400821999818707,117855.3,122421.0,5,4
2025-08-10 20:15:00,2025-08-12 17:45:00,117855.3,119340.6,1.2523825243185087,119277.0,122421.0,2.601593724399871,117855.3,122421.0,5,4
2025-08-11 13:00:00,2025-08-13 02:15:00,117855.3,119340.6,1.2523825243185087,119277.0,120280.0,0.8373789953956678,117855.3,120280.0,5,4
2025-08-11 21:45:00,2025-08-13 05:45:00,117855.3,119120.2,1.06753651748809,119277.0,120280.0,0.8373789953956678,117855.3,120280.0,5,5
2025-08-12 05:30:00,2025-08-13 13:30:00,118150.0,119120.2,0.8178018141342631,119822.3,120280.0,0.381254157082208,118150.0,120280.0,5,4
2025-08-14 12:30:00,2025-08-15 16:00:00,117117.0,118600.0,1.2582885409198319,118496.4,119208.0,0.5987268220529413,117117.0,119208.0,5,3
2025-08-15 16:00:00,2025-08-17 01:00:00,116719.3,117234.0,0.440002342347808,117658.4,117857.2,0.1688210887092005,116719.3,117857.2,5,6
2025-08-15 20:00:00,2025-08-17 13:15:00,116780.1,117234.0,0.38792534296009873,117658.4,118431.5,0.654920011402441,116780.1,118431.5,5,7
2025-08-16 06:30:00,2025-08-17 18:45:00,117069.7,117983.0,0.7771023264144619,117658.4,118585.7,0.7850354781346945,117069.7,118585.7,5,6
2025-08-16 10:15:00,2025-08-18 09:30:00,117069.7,117983.0,0.7771023264144619,115672.0,118585.7,2.4876023285467217,117069.7,118585.7,5,7
2025-08-18 09:30:00,2025-08-19 19:15:00,114292.4,115924.7,1.418052785826946,115838.9,116945.3,0.9505799792254016,114292.4,116945.3,5,3
2025-08-19 19:15:00,2025-08-21 19:30:00,112286.8,113356.2,0.9478689788737024,113543.6,114783.7,1.0862476804131538,112286.8,114783.7,5,6
2025-08-20 01:30:00,2025-08-22 04:45:00,111945.2,113356.2,1.252544369453541,112835.1,114783.7,1.7121608584176626,111945.2,114783.7,5,7
2025-08-20 08:00:00,2025-08-22 12:30:00,111945.2,113356.2,1.252544369453541,112835.1,114783.7,1.7121608584176626,111945.2,114783.7,5,8
2025-08-26 07:15:00,2025-08-28 00:30:00,109334.2,110877.7,1.401831599473053,110499.9,112589.9,1.873684946599979,109334.2,112589.9,5,6
2025-08-26 13:45:00,2025-08-28 20:00:00,109334.2,110877.7,1.401831599473053,111700.0,113433.0,1.539534408549613,109334.2,113433.0,5,6
2025-08-27 03:15:00,2025-08-29 09:00:00,110312.1,111810.1,1.3488070980748434,111700.0,113433.0,1.539534408549613,110312.1,113433.0,5,7
2025-08-29 14:45:00,2025-08-30 22:00:00,107300.0,108176.0,0.8130835916761031,108530.4,108902.3,0.342082860581696,107300.0,108902.3,5,6
2025-08-29 21:00:00,2025-08-31 06:30:00,107300.0,108436.9,1.0539689779541601,108530.4,109444.0,0.8382635759061668,107300.0,109444.0,5,7
2025-08-30 01:45:00,2025-08-31 13:00:00,107300.0,108455.0,1.0706588491576094,108637.8,109444.0,0.7393555995961122,107300.0,109444.0,5,7
2025-08-30 07:00:00,2025-09-01 05:15:00,108075.0,108455.0,0.3509906248556782,108707.6,109444.0,0.6751268384004464,108075.0,109444.0,5,8
2025-08-30 13:00:00,2025-09-01 10:30:00,107202.0,108455.0,1.1620304464960562,108900.0,109872.8,0.8893244498402022,107202.0,109872.8,5,7
2025-08-30 22:00:00,2025-09-01 17:00:00,107202.0,108455.0,1.1620304464960562,109065.4,109872.8,0.7375597314676092,107202.0,109872.8,5,6
2025-08-31 06:30:00,2025-09-01 21:30:00,107202.0,108455.0,1.1620304464960562,109065.4,109872.8,0.7375597314676092,107202.0,109872.8,5,5
2025-08-31 13:00:00,2025-09-02 07:45:00,107202.0,108351.0,1.0660951134987682,109197.5,110595.0,1.2716539463357486,107202.0,110595.0,5,5
2025-09-02 18:45:00,2025-09-04 15:15:00,110142.0,111546.8,1.2673621761676757,111107.6,112557.0,1.296047742915056,110142.0,112557.0,5,6
2025-09-04 06:45:00,2025-09-06 05:30:00,109276.7,110402.2,1.0246773813962107,111107.6,113369.4,2.0151730466818325,109276.7,113369.4,5,6
2025-09-04 15:15:00,2025-09-06 11:15:00,109276.7,110646.4,1.2456172180184777,110903.0,113369.4,2.19946814677151,109276.7,113369.4,5,6
2025-09-05 00:45:00,2025-09-06 16:15:00,110155.0,110646.4,0.44510587342289876,110903.0,113369.4,2.19946814677151,110155.0,113369.4,5,6
2025-09-05 17:30:00,2025-09-07 07:15:00,109888.0,110646.4,0.6877838559426505,110723.9,111660.7,0.8425043820480402,109888.0,111660.7,5,5
2025-09-05 21:15:00,2025-09-07 13:15:00,109888.0,110646.4,0.6877838559426505,110723.9,111317.7,0.5348547299244854,109888.0,111317.7,5,5
2025-09-06 05:30:00,2025-09-07 18:30:00,109888.0,110994.4,1.0018000528788116,110723.9,111365.0,0.5773363729569608,109888.0,111365.0,5,5
2025-09-06 11:15:00,2025-09-08 02:15:00,109888.0,110994.4,1.0018000528788116,110723.9,111558.0,0.7504884563250592,109888.0,111558.0,5,5
2025-09-06 16:15:00,2025-09-08 05:30:00,109888.0,110994.4,1.0018000528788116,110723.9,111558.0,0.7504884563250592,109888.0,111558.0,5,5
2025-09-07 07:15:00,2025-09-08 20:45:00,110416.9,110994.4,0.5216535922059985,111317.7,112871.4,1.386062034238058,110416.9,112871.4,5,5
2025-09-07 13:15:00,2025-09-09 02:15:00,110555.3,111832.6,1.1487135765929735,111346.4,112871.4,1.3602845090800106,110555.3,112871.4,5,5
2025-09-07 18:30:00,2025-09-09 15:45:00,110555.3,111832.6,1.1487135765929735,111346.4,113238.1,1.684622046490307,110555.3,113238.1,5,6
2025-09-08 02:15:00,2025-09-10 01:30:00,110555.3,111832.6,1.1487135765929735,111346.4,113238.1,1.684622046490307,110555.3,113238.1,5,6
2025-09-08 05:30:00,2025-09-10 05:45:00,110706.4,111832.6,1.0121371984236576,111698.0,113238.1,1.3693666779143105,110706.4,113238.1,5,5
2025-09-08 20:45:00,2025-09-10 19:15:00,110706.4,111832.6,1.0121371984236576,111698.0,114250.0,2.2589268327225733,110706.4,114250.0,5,6
2025-09-12 03:30:00,2025-09-13 16:30:00,114700.8,115630.5,0.8072719599984867,115441.9,116600.0,0.9981817938915392,114700.8,116600.0,5,4
2025-09-12 12:00:00,2025-09-14 04:15:00,114700.8,115630.5,0.8072719599984867,115441.9,116600.0,0.9981817938915392,114700.8,116600.0,5,5
2025-09-12 21:45:00,2025-09-14 14:30:00,114978.2,115630.5,0.5657202004954738,115972.2,116147.1,0.15069836932991676,114978.2,116147.1,5,4
2025-09-13 01:45:00,2025-09-14 19:00:00,114978.2,115594.0,0.5341493900825883,115972.2,116147.1,0.15069836932991676,114978.2,116147.1,5,4
2025-09-13 05:45:00,2025-09-15 01:15:00,114978.2,115594.0,0.5341493900825883,115972.2,116147.1,0.15069836932991676,114978.2,116147.1,5,5
2025-09-13 16:30:00,2025-09-15 09:00:00,114741.6,115380.0,0.5548370948229059,115972.2,116761.3,0.6781146676348749,114741.6,116761.3,5,5
2025-09-14 04:15:00,2025-09-15 13:30:00,114526.9,115380.0,0.7421264868518568,116049.9,116761.3,0.6111389830042615,114526.9,116761.3,5,3
2025-09-14 14:30:00,2025-09-16 00:45:00,114316.3,115260.1,0.8222099484093337,115570.2,116761.3,1.0253452502136007,114316.3,116761.3,5,3
2025-09-14 19:00:00,2025-09-16 04:15:00,114316.3,115260.1,0.8222099484093337,115481.7,116761.3,1.1019492514306186,114316.3,116761.3,5,4
2025-09-15 01:15:00,2025-09-16 13:45:00,114316.3,114894.6,0.504600784692179,115481.7,116761.3,1.1019492514306186,114316.3,116761.3,5,4
2025-09-15 09:00:00,2025-09-17 04:45:00,114316.3,114894.6,0.504600784692179,115481.7,117050.0,1.3488913554582045,114316.3,117050.0,5,6
2025-09-16 00:45:00,2025-09-18 06:30:00,114688.0,116100.0,1.2236338111166958,115481.7,117864.0,2.0418632098213103,114688.0,117864.0,5,9
2025-09-18 06:30:00,2025-09-19 15:00:00,116557.9,117081.8,0.4484683039740324,117058.9,117884.0,0.7023834301866588,116557.9,117884.0,5,5
2025-09-18 12:00:00,2025-09-19 20:00:00,115408.0,117081.8,1.4398911264064083,117058.9,117884.0,0.7023834301866588,115408.0,117884.0,5,4
2025-09-18 23:15:00,2025-09-20 09:30:00,115035.0,116575.0,1.3298216830015976,115692.8,117417.6,1.47981385643884,115035.0,117417.6,5,4
2025-09-19 06:30:00,2025-09-20 20:00:00,115035.0,116575.0,1.3298216830015976,115692.8,117058.9,1.1738689771116526,115035.0,117058.9,5,5
2025-09-19 15:00:00,2025-09-21 02:15:00,115035.0,115630.2,0.5160726455486108,115692.8,116093.6,0.3458356486834455,115035.0,116093.6,5,5
2025-09-19 20:00:00,2025-09-21 09:30:00,115035.0,115630.2,0.5160726455486108,115692.8,116093.6,0.3458356486834455,115035.0,116093.6,5,6
2025-09-20 03:45:00,2025-09-21 16:45:00,115260.1,115630.2,0.3205851436807794,115717.8,116093.6,0.32422909313347215,115260.1,116093.6,5,6
2025-09-20 09:30:00,2025-09-22 02:30:00,115117.3,115630.2,0.4445551956142486,115507.4,116093.6,0.5062154308487542,115117.3,116093.6,5,7
2025-09-20 20:00:00,2025-09-22 06:00:00,114079.8,115630.2,1.3498759305210868,115507.4,115896.2,0.3360362587271788,114079.8,115896.2,5,5
2025-09-22 09:45:00,2025-09-23 20:30:00,111410.0,112616.6,1.0771935118419025,112936.6,113380.1,0.3919286557288967,111410.0,113380.1,5,3
2025-09-22 13:45:00,2025-09-24 00:00:00,111350.7,112616.6,1.1304328801570664,112936.6,113380.1,0.3919286557288967,111350.7,113380.1,5,3
2025-09-25 18:00:00,2025-09-26 14:45:00,108550.0,108994.8,0.4089272646369878,109651.7,109764.0,0.10236277531644536,108550.0,109764.0,5,3
2025-09-25 20:45:00,2025-09-26 19:30:00,108550.0,108994.8,0.4089272646369878,109651.7,110255.6,0.5492314261509361,108550.0,110255.6,5,4
2025-09-25 23:30:00,2025-09-27 01:30:00,108550.0,108951.5,0.36919285614122205,109640.0,110255.6,0.5599020626151736,108550.0,110255.6,5,5
2025-09-26 07:30:00,2025-09-27 09:15:00,108550.0,109261.6,0.6534087257060742,109640.0,110255.6,0.5599020626151736,108550.0,110255.6,5,5
2025-09-26 11:15:00,2025-09-27 15:00:00,108550.0,109261.6,0.6534087257060742,109442.5,110255.6,0.740197571121467,108550.0,110255.6,5,5
2025-09-26 14:45:00,2025-09-28 01:45:00,108700.0,109261.6,0.5153201297843344,109399.9,110255.6,0.7791291363066363,108700.0,110255.6,5,6
2025-09-26 19:30:00,2025-09-28 06:30:00,108951.5,109271.0,0.292820401196027,109399.9,109747.0,0.31677381701498475,108951.5,109747.0,5,5
2025-09-27 01:30:00,2025-09-28 12:45:00,108988.0,109271.0,0.25932493047251204,109399.9,109747.0,0.31677381701498475,108988.0,109747.0,5,5
2025-09-27 09:15:00,2025-09-29 07:15:00,108988.0,109271.0,0.25932493047251204,109399.9,112345.9,2.657096549292027,108988.0,112345.9,5,6
2025-09-29 17:00:00,2025-10-01 03:45:00,112603.9,113957.1,1.1945568743075918,113630.0,114825.7,1.04676749146552,112603.9,114825.7,5,4
2025-09-29 22:30:00,2025-10-01 06:45:00,112603.9,114039.6,1.2669236046919603,113630.0,114825.7,1.04676749146552,112603.9,114825.7,5,4
2025-10-02 05:45:00,2025-10-03 14:15:00,118202.7,119736.7,1.2894039406672455,120288.0,120994.2,0.5853726466353482,118202.7,120994.2,5,4
2025-10-02 11:00:00,2025-10-03 21:45:00,118445.0,119805.0,1.1416579223504721,120288.0,123858.6,2.9249639356026305,118445.0,123858.6,5,5
2025-10-03 21:45:00,2025-10-05 10:00:00,121472.9,122082.6,0.5006661725972205,122490.4,125849.7,2.7054027923802906,121472.9,125849.7,5,3
2025-10-04 02:15:00,2025-10-05 16:45:00,121472.9,122461.7,0.8107090998980899,122490.4,125849.7,2.7054027923802906,121472.9,125849.7,5,3
2025-10-04 11:15:00,2025-10-05 20:00:00,121472.9,122461.7,0.8107090998980899,122490.4,125849.7,2.7054027923802906,121472.9,125849.7,5,3
2025-10-04 18:45:00,2025-10-06 05:00:00,121472.9,122461.7,0.8107090998980899,123483.0,125849.7,1.8984272821013826,121472.9,125849.7,5,3
2025-10-05 01:15:00,2025-10-06 07:45:00,122082.6,123251.9,0.9532291626330486,123483.0,125849.7,1.8984272821013826,122082.6,125849.7,5,4
2025-10-05 10:00:00,2025-10-06 21:15:00,122104.0,123251.9,0.9357019741526446,123483.0,126150.0,2.1367367295189337,122104.0,126150.0,5,4
2025-10-06 05:00:00,2025-10-07 18:15:00,123200.1,124403.3,0.9718767997531512,124140.7,126150.0,1.6055730396694747,123200.1,126150.0,5,3
2025-10-07 23:45:00,2025-10-09 08:45:00,121000.0,122689.1,1.3862745604953244,122200.0,124162.5,1.5931807803541527,121000.0,124162.5,5,5
2025-10-08 06:00:00,2025-10-09 17:00:00,121000.0,122689.1,1.3862745604953244,123184.3,124162.5,0.7909542391492408,121000.0,124162.5,5,5
2025-10-11 01:45:00,2025-10-12 14:30:00,109453.4,111081.0,1.4760509018094283,112122.4,113279.8,1.0269642443596456,109453.4,113279.8,5,4
2025-10-18 00:15:00,2025-10-19 13:00:00,106060.3,106688.2,0.5902744320171415,107115.9,108200.0,1.0069855500685327,106060.3,108200.0,5,7
2025-10-18 04:30:00,2025-10-20 00:30:00,106060.3,107322.6,1.1831313568238155,107115.9,109434.5,2.1413952594869423,106060.3,109434.5,5,8
2025-10-22 00:30:00,2025-10-22 21:00:00,106588.0,107810.1,1.1400287595832292,108328.7,109273.7,0.8685565968022412,106588.0,109273.7,5,3
2025-10-22 03:15:00,2025-10-23 14:15:00,106588.0,107810.1,1.1400287595832292,108328.7,110281.7,1.7867402465756435,106588.0,110281.7,5,4
2025-10-27 09:00:00,2025-10-28 21:00:00,113341.6,114766.7,1.2494942095487023,114501.8,116060.5,1.3520857486241222,113341.6,116060.5,5,4
2025-10-31 08:00:00,2025-11-01 10:00:00,108494.5,109874.0,1.2634606181752404,110200.6,111147.0,0.8551256033496583,108494.5,111147.0,5,5
2025-10-31 13:30:00,2025-11-01 13:30:00,108494.5,109874.0,1.2634606181752404,110200.6,111147.0,0.8551256033496583,108494.5,111147.0,5,4
2025-10-31 16:45:00,2025-11-01 21:45:00,108494.5,109874.0,1.2634606181752404,110200.6,110537.2,0.30497721731392746,108494.5,110537.2,5,5
2025-11-01 00:15:00,2025-11-02 02:00:00,109333.0,109874.0,0.4935973759962045,110232.0,110537.2,0.2764878434129372,109333.0,110537.2,5,4
2025-11-01 06:30:00,2025-11-02 10:30:00,109661.7,109874.0,0.19340817917086187,110232.0,110750.9,0.4696290979980752,109661.7,110750.9,5,4
2025-11-01 10:00:00,2025-11-02 16:00:00,109661.7,110301.4,0.5816430119415458,110465.0,111200.0,0.6631628809239167,109661.7,111200.0,5,4
2025-11-08 00:30:00,2025-11-09 10:15:00,101237.3,102460.0,1.200506830478359,102111.4,102633.4,0.5099030598090892,101237.3,102633.4,5,5
2025-11-08 07:15:00,2025-11-09 22:00:00,101237.3,101832.8,0.5864969781371063,102111.4,105064.1,2.850433569606456,101237.3,105064.1,5,7
2025-11-15 08:45:00,2025-11-16 17:45:00,94760.9,95667.2,0.9518553196718373,96170.1,96594.9,0.4407439109796782,94760.9,96594.9,5,3
