L_num,datetime,prev_L,curr_L,change_pct,pattern
2,2020-03-26 02:30:00,6556.0,6655.0,1.5100671140939599,HL (Higher Low)
3,2020-03-26 07:45:00,6655.0,6555.0,-1.5026296018031555,LL (Lower Low)
4,2020-03-26 13:30:00,6555.0,6512.0,-0.6559877955758963,LL (Lower Low)
5,2020-03-27 05:45:00,6512.0,6616.5,1.6047297297297296,HL (Higher Low)
6,2020-03-27 13:45:00,6616.5,6573.0,-0.6574472908637498,LL (Lower Low)
7,2020-03-28 00:00:00,6573.0,6196.0,-5.735584968811805,LL (Lower Low)
8,2020-03-28 03:30:00,6196.0,6084.5,-1.7995480955455132,LL (Lower Low)
9,2020-03-28 13:15:00,6084.5,6149.0,1.0600706713780919,HL (Higher Low)
10,2020-03-28 17:45:00,6149.0,6010.0,-2.2605301675069116,LL (Lower Low)
11,2020-03-29 12:00:00,6010.0,6059.5,0.8236272878535773,HL (Higher Low)
12,2020-03-29 16:30:00,6059.5,6042.0,-0.28880270649393514,LL (Lower Low)
13,2020-03-29 20:15:00,6042.0,5858.0,-3.0453492221118834,LL (Lower Low)
14,2020-03-30 00:00:00,5858.0,5841.5,-0.2816660976442472,LL (Lower Low)
15,2020-03-30 14:00:00,5841.5,6274.0,7.403920225969357,HL (Higher Low)
16,2020-03-31 04:45:00,6274.0,6373.0,1.5779407076824994,HL (Higher Low)
17,2020-03-31 12:00:00,6373.0,6323.5,-0.7767142632982896,LL (Lower Low)
18,2020-03-31 17:30:00,6323.5,6397.5,1.170238001106982,HL (Higher Low)
19,2020-04-01 00:30:00,6397.5,6243.5,-2.4071903087143416,LL (Lower Low)
20,2020-04-01 06:15:00,6243.5,6262.0,0.2963081604869064,HL (Higher Low)
21,2020-04-01 13:30:00,6262.0,6156.5,-1.6847652507186204,LL (Lower Low)
22,2020-04-01 16:30:00,6156.5,6145.0,-0.18679444489563876,LL (Lower Low)
23,2020-04-02 05:15:00,6145.0,6560.5,6.761594792514239,HL (Higher Low)
24,2020-04-02 11:00:00,6560.5,6606.5,0.7011660696593248,HL (Higher Low)
25,2020-04-02 20:15:00,6606.5,6644.0,0.5676227957314766,HL (Higher Low)
26,2020-04-03 01:00:00,6644.0,6723.5,1.1965683323299217,HL (Higher Low)
27,2020-04-03 05:15:00,6723.5,6745.0,0.3197739272700231,HL (Higher Low)
28,2020-04-03 16:15:00,6745.0,6604.5,-2.083024462564863,LL (Lower Low)
29,2020-04-03 21:00:00,6604.5,6666.0,0.9311832841244606,HL (Higher Low)
30,2020-04-04 03:15:00,6666.0,6665.0,-0.015001500150015003,LL (Lower Low)
31,2020-04-04 11:30:00,6665.0,6646.0,-0.28507126781695424,LL (Lower Low)
32,2020-04-04 19:15:00,6646.0,6723.0,1.1585916340656035,HL (Higher Low)
33,2020-04-05 06:30:00,6723.0,6743.0,0.29748624126134166,HL (Higher Low)
34,2020-04-05 10:45:00,6743.0,6740.0,-0.04449058282663503,LL (Lower Low)
35,2020-04-05 17:15:00,6740.0,6680.0,-0.8902077151335311,LL (Lower Low)
36,2020-04-05 21:00:00,6680.0,6720.0,0.5988023952095809,HL (Higher Low)
37,2020-04-06 13:30:00,6720.0,7039.5,4.754464285714286,HL (Higher Low)
38,2020-04-07 04:30:00,7039.5,7224.0,2.6209247815896015,HL (Higher Low)
39,2020-04-07 14:45:00,7224.0,7254.0,0.41528239202657813,HL (Higher Low)
40,2020-04-07 20:15:00,7254.0,7072.5,-2.5020678246484698,LL (Lower Low)
41,2020-04-08 10:45:00,7072.5,7215.0,2.014846235418876,HL (Higher Low)
42,2020-04-08 13:45:00,7215.0,7196.0,-0.26334026334026334,LL (Lower Low)
43,2020-04-08 19:15:00,7196.0,7264.5,0.951917732073374,HL (Higher Low)
44,2020-04-09 04:00:00,7264.5,7236.5,-0.38543602450271874,LL (Lower Low)
45,2020-04-09 12:00:00,7236.5,7123.0,-1.5684377806950873,LL (Lower Low)
46,2020-04-09 15:45:00,7123.0,7255.0,1.8531517618980766,HL (Higher Low)
47,2020-04-09 18:45:00,7255.0,7229.5,-0.35148173673328736,LL (Lower Low)
48,2020-04-10 07:00:00,7229.5,6866.5,-5.021094128224635,LL (Lower Low)
49,2020-04-10 09:45:00,6866.5,6854.0,-0.18204325347702613,LL (Lower Low)
50,2020-04-10 15:30:00,6854.0,6741.5,-1.6413772979282168,LL (Lower Low)
51,2020-04-10 23:15:00,6741.5,6816.0,1.1050953051991397,HL (Higher Low)
52,2020-04-11 09:30:00,6816.0,6830.5,0.21273474178403756,HL (Higher Low)
53,2020-04-11 20:15:00,6830.5,6760.0,-1.0321352756020787,LL (Lower Low)
54,2020-04-12 04:00:00,6760.0,6780.0,0.2958579881656805,HL (Higher Low)
55,2020-04-13 00:30:00,6780.0,6557.0,-3.289085545722714,LL (Lower Low)
56,2020-04-13 04:00:00,6557.0,6634.0,1.1743175232575873,HL (Higher Low)
57,2020-04-13 09:30:00,6634.0,6651.0,0.25625565269822126,HL (Higher Low)
58,2020-04-14 01:00:00,6651.0,6801.5,2.262817621410314,HL (Higher Low)
59,2020-04-14 08:00:00,6801.5,6752.5,-0.7204293170624128,LL (Lower Low)
60,2020-04-14 20:30:00,6752.5,6828.5,1.1255090707145503,HL (Higher Low)
61,2020-04-15 00:00:00,6828.5,6804.0,-0.35879036391594055,LL (Lower Low)
62,2020-04-15 12:45:00,6804.0,6677.0,-1.8665490887713112,LL (Lower Low)
63,2020-04-15 16:00:00,6677.0,6683.0,0.08986071589036992,HL (Higher Low)
64,2020-04-16 00:15:00,6683.0,6465.5,-3.254526410294778,LL (Lower Low)
65,2020-04-16 16:30:00,6465.5,6955.0,7.570953522542727,HL (Higher Low)
66,2020-04-16 20:00:00,6955.0,6960.0,0.07189072609633358,HL (Higher Low)
67,2020-04-17 00:00:00,6960.0,7017.5,0.8261494252873564,HL (Higher Low)
68,2020-04-17 04:45:00,7017.5,7017.5,0.0,같음
69,2020-04-17 13:30:00,7017.5,6982.0,-0.5058781617385109,LL (Lower Low)
70,2020-04-18 10:15:00,6982.0,7051.5,0.9954167860211974,HL (Higher Low)
71,2020-04-18 16:30:00,7051.5,7157.5,1.503226263915479,HL (Higher Low)
72,2020-04-19 00:15:00,7157.5,7179.5,0.30736989172197,HL (Higher Low)
73,2020-04-19 06:00:00,7179.5,7101.0,-1.0933909046590988,LL (Lower Low)
74,2020-04-19 14:00:00,7101.0,7047.0,-0.7604562737642585,LL (Lower Low)
75,2020-04-20 00:00:00,7047.0,7085.5,0.5463317723854122,HL (Higher Low)
76,2020-04-20 12:00:00,7085.5,6909.0,-2.491002752099358,LL (Lower Low)
77,2020-04-20 20:00:00,6909.0,6750.0,-2.301346070343031,LL (Lower Low)
78,2020-04-21 00:00:00,6750.0,6812.0,0.9185185185185185,HL (Higher Low)
79,2020-04-21 04:15:00,6812.0,6827.5,0.22753963593658252,HL (Higher Low)
80,2020-04-21 11:15:00,6827.5,6759.5,-0.9959721713658001,LL (Lower Low)
81,2020-04-22 17:45:00,6759.5,7064.5,4.512168059767734,HL (Higher Low)
82,2020-04-23 06:45:00,7064.5,7015.0,-0.7006865312477882,LL (Lower Low)
83,2020-04-23 23:30:00,7015.0,7433.0,5.958660014255168,HL (Higher Low)
84,2020-04-24 06:00:00,7433.0,7497.5,0.8677519171263285,HL (Higher Low)
85,2020-04-24 14:15:00,7497.5,7400.0,-1.3004334778259419,LL (Lower Low)
86,2020-04-25 00:45:00,7400.0,7437.0,0.5,HL (Higher Low)
87,2020-04-25 08:45:00,7437.0,7512.5,1.0151942987763884,HL (Higher Low)
88,2020-04-25 11:30:00,7512.5,7520.0,0.09983361064891848,HL (Higher Low)
89,2020-04-25 16:00:00,7520.0,7468.0,-0.6914893617021276,LL (Lower Low)
90,2020-04-25 21:45:00,7468.0,7497.0,0.3883235136582753,HL (Higher Low)
91,2020-04-26 06:00:00,7497.0,7524.5,0.36681339202347607,HL (Higher Low)
92,2020-04-26 15:00:00,7524.5,7496.0,-0.37876270848561366,LL (Lower Low)
93,2020-04-26 22:15:00,7496.0,7581.5,1.1406083244397012,HL (Higher Low)
94,2020-04-27 07:00:00,7581.5,7635.0,0.7056651058497658,HL (Higher Low)
95,2020-04-27 13:30:00,7635.0,7624.0,-0.1440733464309103,LL (Lower Low)
96,2020-04-27 17:30:00,7624.0,7642.0,0.236096537250787,HL (Higher Low)
97,2020-04-28 04:45:00,7642.0,7663.0,0.2747971735147867,HL (Higher Low)
98,2020-04-28 15:00:00,7663.0,7667.0,0.05219887772412893,HL (Higher Low)
99,2020-04-28 20:00:00,7667.0,7705.0,0.4956306247554454,HL (Higher Low)
100,2020-04-29 02:00:00,7705.0,7709.5,0.05840363400389357,HL (Higher Low)
101,2020-04-30 10:00:00,7709.5,8553.0,10.941046760490304,HL (Higher Low)
102,2020-04-30 12:45:00,8553.0,8701.0,1.7303869987139016,HL (Higher Low)
103,2020-04-30 17:45:00,8701.0,8402.5,-3.4306401563038733,LL (Lower Low)
104,2020-04-30 23:45:00,8402.5,8585.5,2.177923237131806,HL (Higher Low)
105,2020-05-01 07:15:00,8585.5,8711.5,1.4675907052588666,HL (Higher Low)
106,2020-05-01 16:00:00,8711.5,8659.0,-0.6026516673362796,LL (Lower Low)
107,2020-05-01 20:30:00,8659.0,8669.5,0.12126111560226355,HL (Higher Low)
108,2020-05-02 02:00:00,8669.5,8757.0,1.0092854259184496,HL (Higher Low)
109,2020-05-02 05:15:00,8757.0,8786.5,0.3368733584560923,HL (Higher Low)
110,2020-05-02 08:45:00,8786.5,8770.0,-0.18778808399248847,LL (Lower Low)
111,2020-05-02 18:00:00,8770.0,8816.5,0.5302166476624858,HL (Higher Low)
112,2020-05-03 06:00:00,8816.5,8936.5,1.361084330516645,HL (Higher Low)
113,2020-05-03 15:00:00,8936.5,8725.0,-2.3666983718458012,LL (Lower Low)
114,2020-05-03 20:30:00,8725.0,8795.5,0.8080229226361032,HL (Higher Low)
115,2020-05-04 01:15:00,8795.5,8634.5,-1.8304814962196578,LL (Lower Low)
116,2020-05-04 05:30:00,8634.5,8525.0,-1.2681683942324395,LL (Lower Low)
117,2020-05-04 17:30:00,8525.0,8744.5,2.5747800586510263,HL (Higher Low)
118,2020-05-04 23:30:00,8744.5,8825.5,0.9262965292469552,HL (Higher Low)
119,2020-05-05 03:15:00,8825.5,8820.0,-0.062319415330576174,LL (Lower Low)
120,2020-05-05 10:00:00,8820.0,8771.0,-0.5555555555555556,LL (Lower Low)
121,2020-05-06 00:45:00,8771.0,8920.0,1.6987800706874927,HL (Higher Low)
122,2020-05-06 13:15:00,8920.0,9131.0,2.3654708520179373,HL (Higher Low)
123,2020-05-06 18:45:00,9131.0,9208.0,0.8432811302157485,HL (Higher Low)
124,2020-05-07 00:00:00,9208.0,9038.0,-1.84622067767159,LL (Lower Low)
125,2020-05-07 05:15:00,9038.0,9237.0,2.2018145607435273,HL (Higher Low)
126,2020-05-07 11:00:00,9237.0,9257.0,0.21652051531882646,HL (Higher Low)
127,2020-05-07 20:45:00,9257.0,9732.0,5.131252025494221,HL (Higher Low)
128,2020-05-08 07:00:00,9732.0,9716.5,-0.15926839293053843,LL (Lower Low)
129,2020-05-08 12:00:00,9716.5,9790.5,0.7615911079092266,HL (Higher Low)
130,2020-05-08 19:00:00,9790.5,9866.0,0.7711557121699607,HL (Higher Low)
131,2020-05-09 00:00:00,9866.0,9734.0,-1.3379282383944862,LL (Lower Low)
132,2020-05-09 07:45:00,9734.0,9573.0,-1.6539963016231765,LL (Lower Low)
133,2020-05-09 11:30:00,9573.0,9525.5,-0.4961871931473937,LL (Lower Low)
134,2020-05-10 00:15:00,9525.5,8153.0,-14.408692457088868,LL (Lower Low)
135,2020-05-10 03:00:00,8153.0,8371.0,2.6738623819452965,HL (Higher Low)
136,2020-05-10 11:30:00,8371.0,8667.0,3.5360172022458487,HL (Higher Low)
137,2020-05-10 16:45:00,8667.0,8260.5,-4.690204222914503,LL (Lower Low)
138,2020-05-10 23:30:00,8260.5,8571.5,3.764905272077961,HL (Higher Low)
139,2020-05-11 05:00:00,8571.5,8618.5,0.5483287639269673,HL (Higher Low)
140,2020-05-11 09:45:00,8618.5,8480.0,-1.6070081800777396,LL (Lower Low)
141,2020-05-11 18:15:00,8480.0,8182.0,-3.5141509433962264,LL (Lower Low)
142,2020-05-12 07:30:00,8182.0,8617.0,5.316548521143974,HL (Higher Low)
143,2020-05-12 13:00:00,8617.0,8660.5,0.5048160612742254,HL (Higher Low)
144,2020-05-12 21:45:00,8660.5,8729.5,0.7967207436060273,HL (Higher Low)
145,2020-05-13 04:15:00,8729.5,8867.5,1.5808465547854973,HL (Higher Low)
146,2020-05-13 08:00:00,8867.5,8832.0,-0.4003383140682266,LL (Lower Low)
147,2020-05-14 02:00:00,8832.0,9258.5,4.829030797101449,HL (Higher Low)
148,2020-05-14 05:15:00,9258.5,9262.0,0.037803099854188046,HL (Higher Low)
149,2020-05-14 13:00:00,9262.0,9536.5,2.9637227380695315,HL (Higher Low)
150,2020-05-14 17:30:00,9536.5,9580.0,0.45614219053111726,HL (Higher Low)
151,2020-05-14 20:45:00,9580.0,9600.0,0.20876826722338201,HL (Higher Low)
152,2020-05-15 02:30:00,9600.0,9258.5,-3.557291666666667,LL (Lower Low)
153,2020-05-15 05:15:00,9258.5,9371.5,1.2205000810066426,HL (Higher Low)
154,2020-05-15 10:30:00,9371.5,9478.5,1.1417595902470257,HL (Higher Low)
155,2020-05-15 15:45:00,9478.5,9417.5,-0.6435617450018463,LL (Lower Low)
156,2020-05-15 20:30:00,9417.5,9140.5,-2.941332625431378,LL (Lower Low)
157,2020-05-16 00:00:00,9140.5,9220.0,0.8697554838356764,HL (Higher Low)
158,2020-05-16 09:30:00,9220.0,9331.0,1.2039045553145338,HL (Higher Low)
159,2020-05-16 19:00:00,9331.0,9263.5,-0.7233951344979103,LL (Lower Low)
160,2020-05-17 00:00:00,9263.5,9323.0,0.6423058239326388,HL (Higher Low)
161,2020-05-17 05:45:00,9323.0,9472.5,1.6035610854875042,HL (Higher Low)
162,2020-05-17 09:15:00,9472.5,9456.0,-0.17418844022169439,LL (Lower Low)
163,2020-05-17 16:45:00,9456.0,9704.0,2.622673434856176,HL (Higher Low)
164,2020-05-17 22:15:00,9704.0,9600.5,-1.066570486397362,LL (Lower Low)
165,2020-05-18 08:45:00,9600.5,9479.0,-1.2655590854642988,LL (Lower Low)
166,2020-05-18 12:30:00,9479.0,9567.5,0.9336427893237683,HL (Higher Low)
167,2020-05-18 17:45:00,9567.5,9550.5,-0.17768487065586622,LL (Lower Low)
168,2020-05-19 04:00:00,9550.5,9470.0,-0.8428878069211035,LL (Lower Low)
169,2020-05-19 12:30:00,9470.0,9552.0,0.8658922914466738,HL (Higher Low)
170,2020-05-19 17:30:00,9552.0,9617.5,0.6857202680067002,HL (Higher Low)
171,2020-05-19 20:15:00,9617.5,9621.5,0.04159085001299714,HL (Higher Low)
172,2020-05-20 04:00:00,9621.5,9701.5,0.8314711843267683,HL (Higher Low)
173,2020-05-20 06:45:00,9701.5,9650.0,-0.5308457455032727,LL (Lower Low)
174,2020-05-20 11:45:00,9650.0,9710.0,0.6217616580310881,HL (Higher Low)
175,2020-05-20 15:45:00,9710.0,9323.5,-3.98043254376931,LL (Lower Low)
176,2020-05-20 23:15:00,9323.5,9444.5,1.2977958921006059,HL (Higher Low)
177,2020-05-21 04:30:00,9444.5,9422.0,-0.2382338927418074,LL (Lower Low)
178,2020-05-21 10:00:00,9422.0,9235.5,-1.9794098917427296,LL (Lower Low)
179,2020-05-21 14:30:00,9235.5,8952.5,-3.0642628985978018,LL (Lower Low)
180,2020-05-21 18:45:00,8952.5,8813.0,-1.5582239597877687,LL (Lower Low)
181,2020-05-22 00:30:00,8813.0,8971.5,1.7984795188925449,HL (Higher Low)
182,2020-05-22 04:30:00,8971.5,8933.5,-0.4235635066599788,LL (Lower Low)
183,2020-05-22 13:30:00,8933.5,9087.0,1.7182515251581125,HL (Higher Low)
184,2020-05-22 20:00:00,9087.0,9131.5,0.4897105755474854,HL (Higher Low)
185,2020-05-22 23:30:00,9131.5,9129.0,-0.02737775830914965,LL (Lower Low)
186,2020-05-23 12:30:00,9129.0,9082.0,-0.5148428086318326,LL (Lower Low)
187,2020-05-23 16:15:00,9082.0,9135.0,0.5835719004624532,HL (Higher Low)
188,2020-05-23 19:00:00,9135.0,9121.0,-0.15325670498084293,LL (Lower Low)
189,2020-05-24 00:00:00,9121.0,9113.0,-0.08770968095603553,LL (Lower Low)
190,2020-05-24 16:30:00,9113.0,8851.0,-2.8750137166684957,LL (Lower Low)
191,2020-05-25 00:00:00,8851.0,8640.5,-2.3782623432380525,LL (Lower Low)
192,2020-05-25 03:30:00,8640.5,8738.0,1.1284069208957814,HL (Higher Low)
193,2020-05-25 11:00:00,8738.0,8669.5,-0.7839322499427787,LL (Lower Low)
194,2020-05-25 21:30:00,8669.5,8865.0,2.255032008766365,HL (Higher Low)
195,2020-05-26 00:15:00,8865.0,8828.0,-0.4173716864072194,LL (Lower Low)
196,2020-05-26 07:00:00,8828.0,8859.0,0.3511554145899411,HL (Higher Low)
197,2020-05-26 16:00:00,8859.0,8683.5,-1.9810362343379615,LL (Lower Low)
198,2020-05-26 19:30:00,8683.5,8760.0,0.8809811711867335,HL (Higher Low)
199,2020-05-27 02:45:00,8760.0,8815.0,0.6278538812785388,HL (Higher Low)
200,2020-05-27 22:00:00,8815.0,9051.5,2.682926829268293,HL (Higher Low)
201,2020-05-28 08:00:00,9051.5,9112.5,0.673921449483511,HL (Higher Low)
202,2020-05-28 11:00:00,9112.5,9153.0,0.4444444444444444,HL (Higher Low)
203,2020-05-28 19:00:00,9153.0,9395.5,2.6494045668086965,HL (Higher Low)
204,2020-05-29 05:15:00,9395.5,9470.5,0.7982544835293491,HL (Higher Low)
205,2020-05-29 11:00:00,9470.5,9345.0,-1.3251676257853335,LL (Lower Low)
206,2020-05-29 15:15:00,9345.0,9329.5,-0.1658640984483681,LL (Lower Low)
207,2020-05-30 00:15:00,9329.5,9355.0,0.27332654483091273,HL (Higher Low)
208,2020-05-30 03:15:00,9355.0,9327.5,-0.2939604489577766,LL (Lower Low)
209,2020-05-30 09:00:00,9327.5,9465.5,1.4794961136424551,HL (Higher Low)
210,2020-05-30 15:15:00,9465.5,9493.5,0.2958111034810628,HL (Higher Low)
211,2020-05-30 20:45:00,9493.5,9397.0,-1.0164849633960078,LL (Lower Low)
212,2020-05-31 04:15:00,9397.0,9523.0,1.3408534638714484,HL (Higher Low)
213,2020-05-31 09:00:00,9523.0,9503.0,-0.21001785151737898,LL (Lower Low)
214,2020-05-31 15:30:00,9503.0,9435.0,-0.7155635062611807,LL (Lower Low)
215,2020-05-31 23:00:00,9435.0,9390.5,-0.47164811870694223,LL (Lower Low)
216,2020-06-01 12:15:00,9390.5,9490.5,1.0649060220435547,HL (Higher Low)
217,2020-06-01 15:00:00,9490.5,9497.0,0.0684895421737527,HL (Higher Low)
218,2020-06-02 03:15:00,9497.0,10050.0,5.822891439401916,HL (Higher Low)
219,2020-06-02 15:15:00,10050.0,9288.0,-7.5820895522388065,LL (Lower Low)
220,2020-06-02 20:00:00,9288.0,9455.0,1.79801894918174,HL (Higher Low)
221,2020-06-02 22:45:00,9455.0,9427.5,-0.29085140137493387,LL (Lower Low)
222,2020-06-03 02:00:00,9427.5,9472.0,0.47202333598514984,HL (Higher Low)
223,2020-06-03 05:15:00,9472.0,9395.0,-0.8129222972972974,LL (Lower Low)
224,2020-06-03 14:00:00,9395.0,9503.5,1.1548696114954764,HL (Higher Low)
225,2020-06-03 19:30:00,9503.5,9524.0,0.21571000157836587,HL (Higher Low)
226,2020-06-03 22:30:00,9524.0,9560.0,0.37799244015119693,HL (Higher Low)
227,2020-06-04 11:30:00,9560.0,9460.0,-1.0460251046025104,LL (Lower Low)
228,2020-06-04 18:45:00,9460.0,9726.0,2.8118393234672303,HL (Higher Low)
229,2020-06-04 21:30:00,9726.0,9731.5,0.05654945506888752,HL (Higher Low)
230,2020-06-05 03:45:00,9731.5,9750.0,0.19010430046755383,HL (Higher Low)
231,2020-06-05 08:15:00,9750.0,9662.5,-0.8974358974358974,LL (Lower Low)
232,2020-06-05 11:45:00,9662.5,9601.0,-0.6364812419146184,LL (Lower Low)
233,2020-06-06 00:30:00,9601.0,9538.0,-0.6561816477450266,LL (Lower Low)
234,2020-06-06 08:30:00,9538.0,9582.5,0.46655483329838543,HL (Higher Low)
235,2020-06-06 16:45:00,9582.5,9584.5,0.020871380120010434,HL (Higher Low)
236,2020-06-07 00:15:00,9584.5,9621.5,0.38603996035265276,HL (Higher Low)
237,2020-06-07 08:30:00,9621.5,9558.5,-0.65478355765733,LL (Lower Low)
238,2020-06-07 14:00:00,9558.5,9380.5,-1.8622168750326935,LL (Lower Low)
239,2020-06-08 03:30:00,9380.5,9704.5,3.4539736687809817,HL (Higher Low)
240,2020-06-08 08:15:00,9704.5,9640.5,-0.659487866453707,LL (Lower Low)
241,2020-06-08 14:00:00,9640.5,9654.5,0.14522068357450338,HL (Higher Low)
242,2020-06-08 16:45:00,9654.5,9661.0,0.06732611735460148,HL (Higher Low)
243,2020-06-08 21:15:00,9661.0,9677.0,0.1656143256391678,HL (Higher Low)
244,2020-06-09 00:15:00,9677.0,9569.5,-1.110881471530433,LL (Lower Low)
245,2020-06-09 04:15:00,9569.5,9661.0,0.9561628089241863,HL (Higher Low)
246,2020-06-09 10:45:00,9661.0,9626.0,-0.3622813373356795,LL (Lower Low)
247,2020-06-09 19:15:00,9626.0,9677.5,0.5350093496779555,HL (Higher Low)
248,2020-06-10 04:30:00,9677.5,9732.5,0.5683285972616895,HL (Higher Low)
249,2020-06-10 09:30:00,9732.5,9705.0,-0.2825584382224505,LL (Lower Low)
250,2020-06-10 18:45:00,9705.0,9688.0,-0.17516743946419372,LL (Lower Low)
251,2020-06-11 03:30:00,9688.0,9860.0,1.7753922378199833,HL (Higher Low)
252,2020-06-11 06:15:00,9860.0,9762.0,-0.9939148073022313,LL (Lower Low)
253,2020-06-11 17:00:00,9762.0,9100.5,-6.776275353411186,LL (Lower Low)
254,2020-06-11 20:00:00,9100.5,9231.5,1.4394813471787264,HL (Higher Low)
255,2020-06-12 00:00:00,9231.5,9236.5,0.05416237881167741,HL (Higher Low)
256,2020-06-12 17:45:00,9236.5,9305.5,0.7470362150165105,HL (Higher Low)
257,2020-06-13 04:15:00,9305.5,9365.5,0.6447799688356348,HL (Higher Low)
258,2020-06-13 11:15:00,9365.5,9390.0,0.2615984197319951,HL (Higher Low)
259,2020-06-13 20:00:00,9390.0,9350.5,-0.4206602768903088,LL (Lower Low)
260,2020-06-14 07:00:00,9350.5,9379.0,0.30479653494465536,HL (Higher Low)
261,2020-06-14 14:30:00,9379.0,9313.0,-0.7036997547712975,LL (Lower Low)
262,2020-06-14 18:00:00,9313.0,9364.5,0.5529904434661226,HL (Higher Low)
263,2020-06-14 22:15:00,9364.5,9243.0,-1.2974531475252282,LL (Lower Low)
264,2020-06-15 06:30:00,9243.0,8906.5,-3.6405928810992103,LL (Lower Low)
265,2020-06-15 13:30:00,8906.5,9044.5,1.549430191433223,HL (Higher Low)
266,2020-06-16 00:45:00,9044.5,9372.5,3.6265133506550944,HL (Higher Low)
267,2020-06-16 06:45:00,9372.5,9455.0,0.8802347292611362,HL (Higher Low)
268,2020-06-16 15:00:00,9455.0,9397.0,-0.6134320465362242,LL (Lower Low)
269,2020-06-17 03:00:00,9397.0,9423.0,0.2766840481004576,HL (Higher Low)
270,2020-06-17 06:00:00,9423.0,9437.0,0.14857264140931764,HL (Higher Low)
271,2020-06-17 16:30:00,9437.0,9354.0,-0.8795167955918195,LL (Lower Low)
272,2020-06-17 20:00:00,9354.0,9243.0,-1.1866581141757537,LL (Lower Low)
273,2020-06-18 02:15:00,9243.0,9402.5,1.7256302066428648,HL (Higher Low)
274,2020-06-18 10:00:00,9402.5,9379.5,-0.24461579367189576,LL (Lower Low)
275,2020-06-18 16:15:00,9379.5,9376.0,-0.037315421930806544,LL (Lower Low)
276,2020-06-18 21:15:00,9376.0,9277.0,-1.055887372013652,LL (Lower Low)
277,2020-06-19 03:45:00,9277.0,9241.0,-0.38805648377708307,LL (Lower Low)
278,2020-06-19 07:45:00,9241.0,9262.0,0.22724813331890487,HL (Higher Low)
279,2020-06-19 20:15:00,9262.0,9263.0,0.010796804145972793,HL (Higher Low)
280,2020-06-19 23:45:00,9263.0,9277.0,0.15113893986829322,HL (Higher Low)
281,2020-06-20 04:15:00,9277.0,9294.0,0.1832488951169559,HL (Higher Low)
282,2020-06-20 11:15:00,9294.0,9176.5,-1.2642565095760707,LL (Lower Low)
283,2020-06-20 15:15:00,9176.5,9228.5,0.5666648504331717,HL (Higher Low)
284,2020-06-21 10:00:00,9228.5,9331.0,1.110689711220675,HL (Higher Low)
285,2020-06-21 13:00:00,9331.0,9328.5,-0.026792412388811488,LL (Lower Low)
286,2020-06-21 19:00:00,9328.5,9306.0,-0.241196333815726,LL (Lower Low)
287,2020-06-22 00:00:00,9306.0,9279.0,-0.2901353965183753,LL (Lower Low)
288,2020-06-22 19:15:00,9279.0,9540.0,2.8128031037827355,HL (Higher Low)
289,2020-06-23 01:30:00,9540.0,9611.0,0.7442348008385744,HL (Higher Low)
290,2020-06-23 21:00:00,9611.0,9591.5,-0.20289251898865882,LL (Lower Low)
291,2020-06-24 12:00:00,9591.5,9280.0,-3.2476672053380597,LL (Lower Low)
292,2020-06-24 15:45:00,9280.0,9210.0,-0.7543103448275862,LL (Lower Low)
293,2020-06-24 21:15:00,9210.0,9240.0,0.32573289902280134,HL (Higher Low)
294,2020-06-25 03:30:00,9240.0,9008.0,-2.5108225108225106,LL (Lower Low)
295,2020-06-25 12:30:00,9008.0,9163.0,1.7206927175843694,HL (Higher Low)
296,2020-06-25 19:00:00,9163.0,9240.5,0.8457928625995852,HL (Higher Low)
297,2020-06-26 00:15:00,9240.5,9187.5,-0.5735620366863264,LL (Lower Low)
298,2020-06-26 14:15:00,9187.5,9050.0,-1.4965986394557822,LL (Lower Low)
299,2020-06-26 19:30:00,9050.0,9134.0,0.9281767955801105,HL (Higher Low)
300,2020-06-27 01:15:00,9134.0,9111.0,-0.25180643748631487,LL (Lower Low)
301,2020-06-27 11:00:00,9111.0,9135.5,0.26890571836241906,HL (Higher Low)
302,2020-06-27 19:45:00,9135.5,8840.0,-3.2346341196431503,LL (Lower Low)
303,2020-06-28 03:45:00,8840.0,8938.0,1.1085972850678734,HL (Higher Low)
304,2020-06-28 12:15:00,8938.0,9023.0,0.9509957484895949,HL (Higher Low)
305,2020-06-28 17:00:00,9023.0,9121.5,1.0916546603125346,HL (Higher Low)
306,2020-06-29 04:00:00,9121.5,9091.0,-0.3343748287014197,LL (Lower Low)
307,2020-06-29 08:15:00,9091.0,9063.0,-0.3079969200307997,LL (Lower Low)
308,2020-06-29 13:45:00,9063.0,9027.0,-0.3972194637537239,LL (Lower Low)
309,2020-06-30 01:00:00,9027.0,9160.0,1.4733577046637865,HL (Higher Low)
310,2020-06-30 06:15:00,9160.0,9116.5,-0.47489082969432317,LL (Lower Low)
311,2020-06-30 13:00:00,9116.5,9071.0,-0.49909504744145233,LL (Lower Low)
312,2020-06-30 19:00:00,9071.0,9096.0,0.27560357182229084,HL (Higher Low)
313,2020-07-01 00:30:00,9096.0,9100.0,0.04397537379067722,HL (Higher Low)
314,2020-07-01 11:15:00,9100.0,9136.0,0.3956043956043956,HL (Higher Low)
315,2020-07-01 22:30:00,9136.0,9215.0,0.8647110332749561,HL (Higher Low)
316,2020-07-02 06:00:00,9215.0,9172.0,-0.4666304937601736,LL (Lower Low)
317,2020-07-02 08:45:00,9172.0,9175.0,0.03270824247710423,HL (Higher Low)
318,2020-07-02 16:30:00,9175.0,8939.5,-2.566757493188011,LL (Lower Low)
319,2020-07-03 00:00:00,8939.5,9067.0,1.4262542647799092,HL (Higher Low)
320,2020-07-03 04:15:00,9067.0,9081.0,0.15440608801147018,HL (Higher Low)
321,2020-07-03 09:45:00,9081.0,9045.5,-0.39092610945931067,LL (Lower Low)
322,2020-07-03 14:30:00,9045.5,9079.5,0.37587750815322535,HL (Higher Low)
323,2020-07-03 23:30:00,9079.5,9037.0,-0.46808744974943556,LL (Lower Low)
324,2020-07-04 12:00:00,9037.0,9044.0,0.0774593338497289,HL (Higher Low)
325,2020-07-04 15:30:00,9044.0,9050.0,0.06634232640424591,HL (Higher Low)
326,2020-07-04 23:15:00,9050.0,9112.0,0.6850828729281767,HL (Higher Low)
327,2020-07-05 03:00:00,9112.0,9114.5,0.02743634767339772,HL (Higher Low)
328,2020-07-05 09:45:00,9114.5,8991.5,-1.3494980525536233,LL (Lower Low)
329,2020-07-05 14:00:00,8991.5,9003.0,0.1278985708724907,HL (Higher Low)
330,2020-07-05 21:15:00,9003.0,8910.0,-1.0329890036654448,LL (Lower Low)
331,2020-07-06 10:45:00,8910.0,9173.0,2.951739618406285,HL (Higher Low)
332,2020-07-06 20:15:00,9173.0,9256.5,0.9102801700643192,HL (Higher Low)
333,2020-07-07 02:15:00,9256.5,9256.0,-0.005401609679684546,LL (Lower Low)
334,2020-07-07 06:15:00,9256.0,9239.0,-0.1836646499567848,LL (Lower Low)
335,2020-07-07 20:00:00,9239.0,9205.0,-0.368005195367464,LL (Lower Low)
336,2020-07-08 05:30:00,9205.0,9252.0,0.5105920695274307,HL (Higher Low)
337,2020-07-09 02:45:00,9252.0,9357.5,1.140293990488543,HL (Higher Low)
338,2020-07-09 10:30:00,9357.5,9340.5,-0.1816724552497996,LL (Lower Low)
339,2020-07-09 15:15:00,9340.5,9161.0,-1.9217386649536963,LL (Lower Low)
340,2020-07-09 19:30:00,9161.0,9190.0,0.3165593275843248,HL (Higher Low)
341,2020-07-10 04:30:00,9190.0,9125.0,-0.7072905331882481,LL (Lower Low)
342,2020-07-10 11:45:00,9125.0,9158.5,0.36712328767123287,HL (Higher Low)
343,2020-07-10 18:45:00,9158.5,9204.0,0.49680624556423,HL (Higher Low)
344,2020-07-11 09:30:00,9204.0,9180.0,-0.2607561929595828,LL (Lower Low)
345,2020-07-11 20:00:00,9180.0,9201.0,0.22875816993464054,HL (Higher Low)
346,2020-07-12 07:45:00,9201.0,9241.0,0.4347353548527334,HL (Higher Low)
347,2020-07-12 13:30:00,9241.0,9186.0,-0.5951736825018937,LL (Lower Low)
348,2020-07-12 19:30:00,9186.0,9157.0,-0.31569780100152406,LL (Lower Low)
349,2020-07-13 00:45:00,9157.0,9266.5,1.1958064868406684,HL (Higher Low)
350,2020-07-13 06:45:00,9266.5,9240.0,-0.2859763664814115,LL (Lower Low)
351,2020-07-13 15:45:00,9240.0,9280.5,0.43831168831168826,HL (Higher Low)
352,2020-07-13 19:15:00,9280.5,9199.5,-0.872797801842573,LL (Lower Low)
353,2020-07-14 01:00:00,9199.5,9212.0,0.13587694983423013,HL (Higher Low)
354,2020-07-14 04:15:00,9212.0,9147.0,-0.705601389491967,LL (Lower Low)
355,2020-07-14 11:15:00,9147.0,9116.0,-0.33890893189023724,LL (Lower Low)
356,2020-07-14 14:15:00,9116.0,9185.5,0.7623957876261518,HL (Higher Low)
357,2020-07-15 04:15:00,9185.5,9223.0,0.4082521365195145,HL (Higher Low)
358,2020-07-15 09:30:00,9223.0,9188.5,-0.3740648379052369,LL (Lower Low)
359,2020-07-15 18:45:00,9188.5,9161.5,-0.2938455678293519,LL (Lower Low)
360,2020-07-16 00:15:00,9161.5,9183.0,0.23467772744637885,HL (Higher Low)
361,2020-07-16 10:00:00,9183.0,9045.5,-1.4973320265708374,LL (Lower Low)
362,2020-07-16 14:00:00,9045.5,9070.0,0.27085291028688296,HL (Higher Low)
363,2020-07-16 20:45:00,9070.0,9093.0,0.25358324145534733,HL (Higher Low)
364,2020-07-17 05:30:00,9093.0,9087.5,-0.06048608819971406,LL (Lower Low)
365,2020-07-17 17:15:00,9087.5,9129.0,0.4566712517193948,HL (Higher Low)
366,2020-07-18 03:30:00,9129.0,9125.5,-0.03833935808960456,LL (Lower Low)
367,2020-07-18 19:45:00,9125.5,9155.0,0.3232699578105309,HL (Higher Low)
368,2020-07-19 03:15:00,9155.0,9141.5,-0.1474604041507373,LL (Lower Low)
369,2020-07-19 10:15:00,9141.5,9108.0,-0.36646064650221516,LL (Lower Low)
370,2020-07-20 10:45:00,9108.0,9134.0,0.2854633289415898,HL (Higher Low)
371,2020-07-20 19:30:00,9134.0,9146.0,0.13137727173199037,HL (Higher Low)
372,2020-07-21 16:00:00,9146.0,9318.0,1.8806035425322547,HL (Higher Low)
373,2020-07-21 19:45:00,9318.0,9341.0,0.24683408456750378,HL (Higher Low)
374,2020-07-22 01:00:00,9341.0,9349.0,0.08564393533882882,HL (Higher Low)
375,2020-07-22 07:45:00,9349.0,9276.5,-0.7754840089849182,LL (Lower Low)
376,2020-07-22 14:30:00,9276.5,9312.5,0.3880773998814208,HL (Higher Low)
377,2020-07-22 21:15:00,9312.5,9354.0,0.44563758389261743,HL (Higher Low)
378,2020-07-23 03:00:00,9354.0,9467.5,1.213384648278811,HL (Higher Low)
379,2020-07-23 05:45:00,9467.5,9462.0,-0.058093477686823346,LL (Lower Low)
380,2020-07-23 14:15:00,9462.0,9440.0,-0.23250898330162756,LL (Lower Low)
381,2020-07-24 07:00:00,9440.0,9472.0,0.3389830508474576,HL (Higher Low)
382,2020-07-24 13:45:00,9472.0,9500.0,0.2956081081081081,HL (Higher Low)
383,2020-07-24 23:30:00,9500.0,9512.0,0.12631578947368421,HL (Higher Low)
384,2020-07-25 13:30:00,9512.0,9555.0,0.4520605550883095,HL (Higher Low)
385,2020-07-26 01:30:00,9555.0,9641.5,0.9052851909994768,HL (Higher Low)
386,2020-07-26 12:30:00,9641.5,9811.5,1.7632111186018773,HL (Higher Low)
387,2020-07-26 20:00:00,9811.5,9844.5,0.33634000917290935,HL (Higher Low)
388,2020-07-27 08:00:00,9844.5,10124.5,2.8442277413784347,HL (Higher Low)
389,2020-07-27 23:15:00,10124.5,10808.0,6.750950664230332,HL (Higher Low)
390,2020-07-28 03:30:00,10808.0,10841.5,0.3099555884529978,HL (Higher Low)
391,2020-07-28 10:15:00,10841.5,10571.0,-2.4950421989577087,LL (Lower Low)
392,2020-07-28 18:30:00,10571.0,10844.0,2.5825371298836437,HL (Higher Low)
393,2020-07-29 01:00:00,10844.0,10840.0,-0.03688675765400221,LL (Lower Low)
394,2020-07-29 09:15:00,10840.0,10944.5,0.9640221402214022,HL (Higher Low)
395,2020-07-29 14:45:00,10944.5,10994.0,0.452281968111837,HL (Higher Low)
396,2020-07-30 00:00:00,10994.0,10980.5,-0.12279425140985993,LL (Lower Low)
397,2020-07-30 02:45:00,10980.5,10956.5,-0.2185692819088384,LL (Lower Low)
398,2020-07-30 07:45:00,10956.5,10902.0,-0.49742162186829736,LL (Lower Low)
399,2020-07-30 13:00:00,10902.0,10835.0,-0.6145661346541919,LL (Lower Low)
400,2020-07-30 21:45:00,10835.0,11072.5,2.1919704660821413,HL (Higher Low)
401,2020-07-31 01:30:00,11072.5,10963.5,-0.9844208624971778,LL (Lower Low)
402,2020-07-31 13:30:00,10963.5,11121.0,1.4365850321521412,HL (Higher Low)
403,2020-07-31 18:45:00,11121.0,11230.0,0.9801276863591404,HL (Higher Low)
404,2020-08-01 13:30:00,11230.0,11505.0,2.4487978628673197,HL (Higher Low)
405,2020-08-01 18:30:00,11505.0,11563.0,0.5041286397218601,HL (Higher Low)
406,2020-08-02 04:30:00,11563.0,10529.5,-8.937991870621811,LL (Lower Low)
407,2020-08-02 11:45:00,10529.5,10946.5,3.960302008642386,HL (Higher Low)
408,2020-08-03 00:00:00,10946.5,10943.5,-0.027406020189101536,LL (Lower Low)
409,2020-08-03 23:00:00,10943.5,11150.0,1.8869648649883493,HL (Higher Low)
410,2020-08-04 03:30:00,11150.0,11234.5,0.757847533632287,HL (Higher Low)
411,2020-08-04 06:15:00,11234.5,11195.0,-0.351595531621345,LL (Lower Low)
412,2020-08-04 13:15:00,11195.0,11018.5,-1.576596694953104,LL (Lower Low)
413,2020-08-04 21:00:00,11018.5,11171.0,1.3840359395562007,HL (Higher Low)
414,2020-08-05 01:15:00,11171.0,11099.5,-0.640050129800376,LL (Lower Low)
415,2020-08-05 22:00:00,11099.5,11530.0,3.878553087976936,HL (Higher Low)
416,2020-08-06 04:30:00,11530.0,11571.0,0.3555941023417173,HL (Higher Low)
417,2020-08-06 11:00:00,11571.0,11661.0,0.77780658542909,HL (Higher Low)
418,2020-08-06 21:45:00,11661.0,11629.5,-0.2701312065860561,LL (Lower Low)
419,2020-08-07 05:30:00,11629.5,11732.5,0.8856786620233028,HL (Higher Low)
420,2020-08-07 14:15:00,11732.5,11505.0,-1.9390581717451523,LL (Lower Low)
421,2020-08-07 18:30:00,11505.0,11333.5,-1.4906562364189482,LL (Lower Low)
422,2020-08-08 00:15:00,11333.5,11538.0,1.804385229628976,HL (Higher Low)
423,2020-08-08 05:15:00,11538.0,11523.0,-0.13000520020800832,LL (Lower Low)
424,2020-08-08 08:45:00,11523.0,11569.0,0.39920159680638717,HL (Higher Low)
425,2020-08-08 16:15:00,11569.0,11603.0,0.29388884086783645,HL (Higher Low)
426,2020-08-09 01:45:00,11603.0,11684.5,0.7024045505472722,HL (Higher Low)
427,2020-08-09 06:00:00,11684.5,11640.0,-0.3808464204715649,LL (Lower Low)
428,2020-08-09 09:45:00,11640.0,11616.0,-0.2061855670103093,LL (Lower Low)
429,2020-08-09 15:00:00,11616.0,11548.0,-0.5853994490358126,LL (Lower Low)
430,2020-08-09 17:45:00,11548.0,11532.0,-0.13855213023900242,LL (Lower Low)
431,2020-08-10 05:30:00,11532.0,11941.0,3.5466527922303155,HL (Higher Low)
432,2020-08-10 10:30:00,11941.0,11498.5,-3.7057197889623987,LL (Lower Low)
433,2020-08-10 15:30:00,11498.5,11826.0,2.848197590990129,HL (Higher Low)
434,2020-08-10 22:00:00,11826.0,11777.0,-0.4143412819211906,LL (Lower Low)
435,2020-08-11 10:00:00,11777.0,11655.0,-1.035917466247771,LL (Lower Low)
436,2020-08-11 16:00:00,11655.0,11304.0,-3.011583011583012,LL (Lower Low)
437,2020-08-11 21:00:00,11304.0,11144.0,-1.4154281670205235,LL (Lower Low)
438,2020-08-12 02:15:00,11144.0,11237.0,0.834529791816224,HL (Higher Low)
439,2020-08-12 06:00:00,11237.0,11162.0,-0.6674379282726706,LL (Lower Low)
440,2020-08-12 12:00:00,11162.0,11440.0,2.4905930836767602,HL (Higher Low)
441,2020-08-12 17:15:00,11440.0,11484.5,0.38898601398601396,HL (Higher Low)
442,2020-08-12 21:45:00,11484.5,11497.5,0.11319604684574862,HL (Higher Low)
443,2020-08-13 09:15:00,11497.5,11293.0,-1.7786475320721897,LL (Lower Low)
444,2020-08-13 16:15:00,11293.0,11457.5,1.4566545647746392,HL (Higher Low)
445,2020-08-14 03:00:00,11457.5,11686.5,1.998690813877373,HL (Higher Low)
446,2020-08-14 07:00:00,11686.5,11659.0,-0.23531425148675822,LL (Lower Low)
447,2020-08-14 14:15:00,11659.0,11660.0,0.008577064928381508,HL (Higher Low)
448,2020-08-14 21:15:00,11660.0,11715.0,0.4716981132075472,HL (Higher Low)
449,2020-08-15 04:15:00,11715.0,11838.5,1.0542040119504907,HL (Higher Low)
450,2020-08-15 08:30:00,11838.5,11839.0,0.004223508045782827,HL (Higher Low)
451,2020-08-15 12:15:00,11839.0,11700.0,-1.1740856491257707,LL (Lower Low)
452,2020-08-15 21:45:00,11700.0,11750.0,0.4273504273504274,HL (Higher Low)
453,2020-08-16 01:00:00,11750.0,11796.5,0.39574468085106385,HL (Higher Low)
454,2020-08-16 12:15:00,11796.5,11706.5,-0.7629381596236172,LL (Lower Low)
455,2020-08-16 20:30:00,11706.5,11810.0,0.8841242045017725,HL (Higher Low)
456,2020-08-17 02:30:00,11810.0,11790.0,-0.1693480101608806,LL (Lower Low)
457,2020-08-17 06:00:00,11790.0,11805.0,0.1272264631043257,HL (Higher Low)
458,2020-08-17 18:45:00,11805.0,12300.0,4.193138500635324,HL (Higher Low)
459,2020-08-17 23:45:00,12300.0,12230.0,-0.5691056910569106,LL (Lower Low)
460,2020-08-18 06:15:00,12230.0,12212.0,-0.1471790678659035,LL (Lower Low)
461,2020-08-18 14:30:00,12212.0,11801.0,-3.365542089747789,LL (Lower Low)
462,2020-08-19 06:15:00,11801.0,11627.0,-1.4744513176849419,LL (Lower Low)
463,2020-08-19 10:30:00,11627.0,11746.0,1.0234798314268514,HL (Higher Low)
464,2020-08-19 16:30:00,11746.0,11661.0,-0.7236506044610932,LL (Lower Low)
465,2020-08-19 20:15:00,11661.0,11566.0,-0.8146814166881057,LL (Lower Low)
466,2020-08-20 06:00:00,11566.0,11680.5,0.9899706034929966,HL (Higher Low)
467,2020-08-20 22:00:00,11680.5,11814.0,1.1429305252343651,HL (Higher Low)
468,2020-08-21 03:00:00,11814.0,11790.0,-0.20314880650076178,LL (Lower Low)
469,2020-08-21 12:30:00,11790.0,11650.0,-1.1874469889737065,LL (Lower Low)
470,2020-08-21 17:00:00,11650.0,11610.0,-0.34334763948497854,LL (Lower Low)
471,2020-08-22 01:00:00,11610.0,11391.0,-1.8863049095607234,LL (Lower Low)
472,2020-08-22 04:45:00,11391.0,11419.0,0.24580809410938462,HL (Higher Low)
473,2020-08-22 11:45:00,11419.0,11553.0,1.1734827918381645,HL (Higher Low)
474,2020-08-22 16:45:00,11553.0,11562.0,0.07790184367696702,HL (Higher Low)
475,2020-08-22 20:00:00,11562.0,11581.0,0.16433143054834803,HL (Higher Low)
476,2020-08-23 05:45:00,11581.0,11573.0,-0.06907866332786461,LL (Lower Low)
477,2020-08-23 11:45:00,11573.0,11525.0,-0.4147584895878338,LL (Lower Low)
478,2020-08-23 21:15:00,11525.0,11649.0,1.0759219088937093,HL (Higher Low)
479,2020-08-24 00:15:00,11649.0,11605.0,-0.3777148253068933,LL (Lower Low)
480,2020-08-24 06:00:00,11605.0,11648.5,0.3748384317104696,HL (Higher Low)
481,2020-08-24 19:00:00,11648.5,11713.0,0.5537193630081126,HL (Higher Low)
482,2020-08-25 08:30:00,11713.0,11535.0,-1.5196789891573466,LL (Lower Low)
483,2020-08-25 18:00:00,11535.0,11125.0,-3.5543996532293023,LL (Lower Low)
484,2020-08-26 00:45:00,11125.0,11262.0,1.2314606741573035,HL (Higher Low)
485,2020-08-26 07:00:00,11262.0,11305.5,0.38625466169419287,HL (Higher Low)
486,2020-08-26 13:30:00,11305.5,11257.0,-0.42899473707487507,LL (Lower Low)
487,2020-08-26 22:30:00,11257.0,11441.5,1.6389801901039354,HL (Higher Low)
488,2020-08-27 05:45:00,11441.5,11340.5,-0.8827513874928987,LL (Lower Low)
489,2020-08-27 14:00:00,11340.5,11270.0,-0.6216657113883867,LL (Lower Low)
490,2020-08-27 17:45:00,11270.0,11144.0,-1.1180124223602486,LL (Lower Low)
491,2020-08-28 08:00:00,11144.0,11364.0,1.9741564967695622,HL (Higher Low)
492,2020-08-28 14:45:00,11364.0,11409.5,0.40038718760999653,HL (Higher Low)
493,2020-08-29 02:00:00,11409.5,11469.0,0.5214952451904115,HL (Higher Low)
494,2020-08-29 11:15:00,11469.0,11426.0,-0.37492370738512515,LL (Lower Low)
495,2020-08-29 23:45:00,11426.0,11463.5,0.3281988447400665,HL (Higher Low)
496,2020-08-30 08:45:00,11463.5,11561.0,0.8505255811924805,HL (Higher Low)
497,2020-08-30 15:45:00,11561.0,11572.5,0.09947236398235447,HL (Higher Low)
498,2020-08-30 22:00:00,11572.5,11600.0,0.23763231799524737,HL (Higher Low)
499,2020-08-31 08:15:00,11600.0,11577.0,-0.19827586206896552,LL (Lower Low)
500,2020-09-01 00:15:00,11577.0,11537.5,-0.34119374622095533,LL (Lower Low)
501,2020-09-01 14:00:00,11537.5,11819.0,2.439869989165764,HL (Higher Low)
502,2020-09-02 11:15:00,11819.0,11171.0,-5.482697351721804,LL (Lower Low)
503,2020-09-02 14:45:00,11171.0,11214.0,0.3849252528869394,HL (Higher Low)
504,2020-09-02 20:15:00,11214.0,11311.5,0.8694489031567684,HL (Higher Low)
505,2020-09-03 07:00:00,11311.5,11250.0,-0.5436944702294125,LL (Lower Low)
506,2020-09-03 12:15:00,11250.0,10650.0,-5.333333333333334,LL (Lower Low)
507,2020-09-03 15:30:00,10650.0,10466.5,-1.723004694835681,LL (Lower Low)
508,2020-09-03 23:30:00,10466.5,9915.0,-5.269192184588927,LL (Lower Low)
509,2020-09-04 07:30:00,9915.0,10100.0,1.8658598083711546,HL (Higher Low)
510,2020-09-04 14:45:00,10100.0,9883.0,-2.148514851485148,LL (Lower Low)
511,2020-09-05 04:00:00,9883.0,10372.0,4.947890316705454,HL (Higher Low)
512,2020-09-05 12:45:00,10372.0,9980.0,-3.779406093328191,LL (Lower Low)
513,2020-09-05 18:45:00,9980.0,9834.0,-1.4629258517034067,LL (Lower Low)
514,2020-09-05 23:00:00,9834.0,9958.5,1.2660158633312995,HL (Higher Low)
515,2020-09-06 05:00:00,9958.5,10005.5,0.47195862830747604,HL (Higher Low)
516,2020-09-06 10:15:00,10005.5,10177.0,1.7140572685023236,HL (Higher Low)
517,2020-09-06 15:15:00,10177.0,10133.0,-0.4323474501326521,LL (Lower Low)
518,2020-09-06 22:30:00,10133.0,10189.5,0.5575841310569427,HL (Higher Low)
519,2020-09-07 07:00:00,10189.5,10057.0,-1.3003582118847834,LL (Lower Low)
520,2020-09-07 12:45:00,10057.0,9881.0,-1.7500248583076465,LL (Lower Low)
521,2020-09-07 20:00:00,9881.0,10091.0,2.125290962453193,HL (Higher Low)
522,2020-09-08 12:15:00,10091.0,9925.5,-1.640075314636805,LL (Lower Low)
523,2020-09-08 18:45:00,9925.5,9940.0,0.14608835826910482,HL (Higher Low)
524,2020-09-08 22:15:00,9940.0,9838.0,-1.0261569416498992,LL (Lower Low)
525,2020-09-09 23:15:00,9838.0,10178.0,3.455986989225452,HL (Higher Low)
526,2020-09-10 09:15:00,10178.0,10237.5,0.5845942228335627,HL (Higher Low)
527,2020-09-10 19:15:00,10237.5,10255.0,0.17094017094017094,HL (Higher Low)
528,2020-09-11 04:00:00,10255.0,10208.5,-0.4534373476352998,LL (Lower Low)
529,2020-09-11 12:30:00,10208.5,10254.5,0.45060488808345983,HL (Higher Low)
530,2020-09-11 17:30:00,10254.5,10272.5,0.17553269296406454,HL (Higher Low)
531,2020-09-12 03:00:00,10272.5,10325.5,0.5159406181552689,HL (Higher Low)
532,2020-09-12 07:00:00,10325.5,10312.5,-0.12590189337078106,LL (Lower Low)
533,2020-09-12 13:30:00,10312.5,10276.0,-0.35393939393939394,LL (Lower Low)
534,2020-09-12 22:15:00,10276.0,10405.0,1.2553522771506422,HL (Higher Low)
535,2020-09-13 01:45:00,10405.0,10406.0,0.009610764055742432,HL (Higher Low)
536,2020-09-13 13:00:00,10406.0,10264.5,-1.3597924274457045,LL (Lower Low)
537,2020-09-13 17:15:00,10264.5,10220.0,-0.43353305080617666,LL (Lower Low)
538,2020-09-14 00:45:00,10220.0,10250.0,0.29354207436399216,HL (Higher Low)
539,2020-09-14 05:45:00,10250.0,10314.5,0.6292682926829268,HL (Higher Low)
540,2020-09-14 09:00:00,10314.5,10326.0,0.11149352852780067,HL (Higher Low)
541,2020-09-14 18:15:00,10326.0,10643.0,3.0699205888049583,HL (Higher Low)
542,2020-09-14 23:15:00,10643.0,10616.0,-0.253687869961477,LL (Lower Low)
543,2020-09-15 08:30:00,10616.0,10610.0,-0.05651846269781462,LL (Lower Low)
544,2020-09-15 16:15:00,10610.0,10692.0,0.7728557964184731,HL (Higher Low)
545,2020-09-16 00:45:00,10692.0,10665.0,-0.25252525252525254,LL (Lower Low)
546,2020-09-16 10:30:00,10665.0,10821.5,1.46741678387248,HL (Higher Low)
547,2020-09-16 14:30:00,10821.5,10856.0,0.3188097768331562,HL (Higher Low)
548,2020-09-17 04:00:00,10856.0,10841.0,-0.13817243920412675,LL (Lower Low)
549,2020-09-17 07:30:00,10841.0,10847.5,0.0599575684899917,HL (Higher Low)
550,2020-09-17 13:00:00,10847.5,10743.0,-0.963355611892141,LL (Lower Low)
551,2020-09-18 04:00:00,10743.0,10875.0,1.2287070650656242,HL (Higher Low)
552,2020-09-18 18:00:00,10875.0,10811.5,-0.5839080459770115,LL (Lower Low)
553,2020-09-19 08:00:00,10811.5,10884.0,0.6705822503815382,HL (Higher Low)
554,2020-09-19 15:15:00,10884.0,11050.0,1.5251745681734656,HL (Higher Low)
555,2020-09-19 18:15:00,11050.0,11011.0,-0.35294117647058826,LL (Lower Low)
556,2020-09-19 22:00:00,11011.0,11025.5,0.13168649532285898,HL (Higher Low)
557,2020-09-20 03:00:00,11025.5,10900.0,-1.138270373225704,LL (Lower Low)
558,2020-09-20 09:30:00,10900.0,10928.0,0.25688073394495414,HL (Higher Low)
559,2020-09-20 13:00:00,10928.0,10783.0,-1.3268667642752563,LL (Lower Low)
560,2020-09-20 21:15:00,10783.0,10820.0,0.34313270889362885,HL (Higher Low)
561,2020-09-21 03:15:00,10820.0,10924.5,0.9658040665434381,HL (Higher Low)
562,2020-09-21 14:30:00,10924.5,10283.5,-5.8675454254199275,LL (Lower Low)
563,2020-09-22 00:00:00,10283.5,10361.0,0.7536344629746682,HL (Higher Low)
564,2020-09-22 07:30:00,10361.0,10364.5,0.03378052311552939,HL (Higher Low)
565,2020-09-22 12:15:00,10364.5,10422.5,0.5596024892662453,HL (Higher Low)
566,2020-09-22 15:00:00,10422.5,10427.0,0.04317582153993764,HL (Higher Low)
567,2020-09-22 21:00:00,10427.0,10453.0,0.24935264217895847,HL (Higher Low)
568,2020-09-23 20:45:00,10453.0,10140.0,-2.99435568736248,LL (Lower Low)
569,2020-09-24 00:00:00,10140.0,10196.5,0.557199211045365,HL (Higher Low)
570,2020-09-24 05:45:00,10196.5,10270.0,0.7208355808365615,HL (Higher Low)
571,2020-09-24 13:30:00,10270.0,10333.0,0.6134371957156768,HL (Higher Low)
572,2020-09-24 19:15:00,10333.0,10591.5,2.5016936030194525,HL (Higher Low)
573,2020-09-25 14:00:00,10591.5,10562.0,-0.2785252324977576,LL (Lower Low)
574,2020-09-26 01:00:00,10562.0,10650.0,0.833175534936565,HL (Higher Low)
575,2020-09-26 10:15:00,10650.0,10666.0,0.15023474178403756,HL (Higher Low)
576,2020-09-26 13:00:00,10666.0,10666.5,0.004687792987061692,HL (Higher Low)
577,2020-09-26 20:15:00,10666.5,10699.0,0.30469226081657524,HL (Higher Low)
578,2020-09-27 08:30:00,10699.0,10611.0,-0.8225067763342367,LL (Lower Low)
579,2020-09-27 12:00:00,10611.0,10600.0,-0.10366600697389501,LL (Lower Low)
580,2020-09-27 15:15:00,10600.0,10638.0,0.3584905660377358,HL (Higher Low)
581,2020-09-27 19:30:00,10638.0,10703.0,0.6110171084790375,HL (Higher Low)
582,2020-09-28 09:30:00,10703.0,10831.0,1.1959263757824907,HL (Higher Low)
583,2020-09-28 12:30:00,10831.0,10832.0,0.009232757824762256,HL (Higher Low)
584,2020-09-28 19:30:00,10832.0,10842.5,0.09693500738552438,HL (Higher Low)
585,2020-09-28 23:45:00,10842.5,10635.0,-1.9137652755360848,LL (Lower Low)
586,2020-09-29 02:45:00,10635.0,10667.0,0.3008932769158439,HL (Higher Low)
587,2020-09-29 06:00:00,10667.0,10666.0,-0.009374707040404986,LL (Lower Low)
588,2020-09-29 09:45:00,10666.0,10702.5,0.3422088880555034,HL (Higher Low)
589,2020-09-29 13:15:00,10702.5,10718.0,0.14482597523943005,HL (Higher Low)
590,2020-09-29 17:00:00,10718.0,10638.0,-0.7464079119238665,LL (Lower Low)
591,2020-09-30 06:00:00,10638.0,10684.0,0.4324121075390111,HL (Higher Low)
592,2020-09-30 09:30:00,10684.0,10670.5,-0.126357169599401,LL (Lower Low)
593,2020-09-30 18:45:00,10670.5,10681.5,0.10308795276697438,HL (Higher Low)
594,2020-10-01 16:45:00,10681.5,10464.5,-2.031549875953752,LL (Lower Low)
595,2020-10-02 05:30:00,10464.5,10392.5,-0.6880405179416121,LL (Lower Low)
596,2020-10-02 10:15:00,10392.5,10392.0,-0.0048111618955977865,LL (Lower Low)
597,2020-10-02 13:15:00,10392.0,10449.5,0.5533102386451116,HL (Higher Low)
598,2020-10-02 21:45:00,10449.5,10473.0,0.22489114311689554,HL (Higher Low)
599,2020-10-03 02:15:00,10473.0,10527.5,0.520385753843216,HL (Higher Low)
600,2020-10-03 06:00:00,10527.5,10502.0,-0.2422227499406317,LL (Lower Low)
601,2020-10-04 01:30:00,10502.0,10521.0,0.180917920396115,HL (Higher Low)
602,2020-10-04 10:00:00,10521.0,10573.5,0.499001996007984,HL (Higher Low)
603,2020-10-04 16:00:00,10573.5,10583.5,0.0945760627985057,HL (Higher Low)
604,2020-10-05 06:15:00,10583.5,10618.0,0.32597911843907973,HL (Higher Low)
605,2020-10-05 12:00:00,10618.0,10650.0,0.30137502354492374,HL (Higher Low)
606,2020-10-05 18:15:00,10650.0,10671.5,0.20187793427230044,HL (Higher Low)
607,2020-10-06 08:00:00,10671.5,10701.0,0.2764372393759078,HL (Higher Low)
608,2020-10-06 11:00:00,10701.0,10648.5,-0.49060835435940564,LL (Lower Low)
609,2020-10-06 15:00:00,10648.5,10630.0,-0.17373338967929755,LL (Lower Low)
610,2020-10-06 21:00:00,10630.0,10531.0,-0.9313264346190028,LL (Lower Low)
611,2020-10-07 01:30:00,10531.0,10554.0,0.2184028107492166,HL (Higher Low)
612,2020-10-07 10:30:00,10554.0,10577.5,0.2226643926473375,HL (Higher Low)
613,2020-10-08 01:30:00,10577.5,10613.5,0.34034507208697706,HL (Higher Low)
614,2020-10-08 09:00:00,10613.5,10532.0,-0.7678899514768927,LL (Lower Low)
615,2020-10-08 18:30:00,10532.0,10845.0,2.9718951766046335,HL (Higher Low)
616,2020-10-09 00:30:00,10845.0,10858.0,0.119870908252651,HL (Higher Low)
617,2020-10-09 06:00:00,10858.0,10826.0,-0.29471357524405967,LL (Lower Low)
618,2020-10-09 14:30:00,10826.0,11031.5,1.8982080177350824,HL (Higher Low)
619,2020-10-09 19:00:00,11031.5,11009.5,-0.199428908126728,LL (Lower Low)
620,2020-10-10 10:00:00,11009.5,11248.0,2.1663109133021483,HL (Higher Low)
621,2020-10-10 15:45:00,11248.0,11315.0,0.5956614509246088,HL (Higher Low)
622,2020-10-10 23:30:00,11315.0,11274.0,-0.3623508616880248,LL (Lower Low)
623,2020-10-11 04:30:00,11274.0,11312.0,0.33705871917686714,HL (Higher Low)
624,2020-10-11 13:00:00,11312.0,11341.5,0.26078500707213575,HL (Higher Low)
625,2020-10-11 21:00:00,11341.5,11290.0,-0.4540845567164837,LL (Lower Low)
626,2020-10-12 07:00:00,11290.0,11340.0,0.44286979627989376,HL (Higher Low)
627,2020-10-12 10:30:00,11340.0,11200.0,-1.2345679012345678,LL (Lower Low)
628,2020-10-12 20:00:00,11200.0,11536.5,3.0044642857142856,HL (Higher Low)
629,2020-10-13 03:00:00,11536.5,11427.5,-0.9448272873055086,LL (Lower Low)
630,2020-10-13 07:15:00,11427.5,11440.0,0.10938525486764385,HL (Higher Low)
631,2020-10-13 10:00:00,11440.0,11390.5,-0.4326923076923077,LL (Lower Low)
632,2020-10-14 00:00:00,11390.5,11413.0,0.1975330319125587,HL (Higher Low)
633,2020-10-14 04:00:00,11413.0,11373.0,-0.3504775256286691,LL (Lower Low)
634,2020-10-14 12:00:00,11373.0,11360.5,-0.10990943462586829,LL (Lower Low)
635,2020-10-14 15:45:00,11360.5,11295.0,-0.5765591303199683,LL (Lower Low)
636,2020-10-14 18:30:00,11295.0,11296.5,0.013280212483399735,HL (Higher Low)
637,2020-10-15 03:00:00,11296.5,11366.5,0.6196609569335635,HL (Higher Low)
638,2020-10-15 09:45:00,11366.5,11260.0,-0.9369638851009545,LL (Lower Low)
639,2020-10-15 21:00:00,11260.0,11448.0,1.669626998223801,HL (Higher Low)
640,2020-10-16 00:00:00,11448.0,11467.5,0.17033542976939203,HL (Higher Low)
641,2020-10-16 04:15:00,11467.5,11203.5,-2.302158273381295,LL (Lower Low)
642,2020-10-16 09:15:00,11203.5,11231.0,0.24545900834560627,HL (Higher Low)
643,2020-10-16 15:15:00,11231.0,11295.0,0.5698513044252516,HL (Higher Low)
644,2020-10-16 20:00:00,11295.0,11286.0,-0.0796812749003984,LL (Lower Low)
645,2020-10-17 00:30:00,11286.0,11276.0,-0.0886053517632465,LL (Lower Low)
646,2020-10-17 09:30:00,11276.0,11317.5,0.3680383114579638,HL (Higher Low)
647,2020-10-17 14:45:00,11317.5,11260.5,-0.5036447978793903,LL (Lower Low)
648,2020-10-18 09:45:00,11260.5,11400.0,1.2388437458372186,HL (Higher Low)
649,2020-10-18 20:15:00,11400.0,11408.5,0.07456140350877193,HL (Higher Low)
650,2020-10-19 04:00:00,11408.5,11406.5,-0.017530788447210413,LL (Lower Low)
651,2020-10-19 20:15:00,11406.5,11661.0,2.231183974049884,HL (Higher Low)
652,2020-10-20 01:45:00,11661.0,11679.0,0.15436068947774634,HL (Higher Low)
653,2020-10-20 08:00:00,11679.0,11698.0,0.16268516140080488,HL (Higher Low)
654,2020-10-20 11:15:00,11698.0,11721.5,0.20088904086168574,HL (Higher Low)
655,2020-10-20 20:15:00,11721.5,11856.0,1.1474640617668386,HL (Higher Low)
656,2020-10-21 09:00:00,11856.0,12127.0,2.2857624831309042,HL (Higher Low)
657,2020-10-21 19:45:00,12127.0,12679.5,4.5559495340974685,HL (Higher Low)
658,2020-10-21 23:00:00,12679.5,12728.0,0.38250719665601957,HL (Higher Low)
659,2020-10-22 04:30:00,12728.0,12701.5,-0.20820238843494657,LL (Lower Low)
660,2020-10-22 09:00:00,12701.5,12715.0,0.106286659056017,HL (Higher Low)
661,2020-10-22 12:30:00,12715.0,12819.0,0.8179315768777035,HL (Higher Low)
662,2020-10-23 00:30:00,12819.0,12856.5,0.2925345190732506,HL (Higher Low)
663,2020-10-23 08:00:00,12856.5,12877.5,0.16334150040835377,HL (Higher Low)
664,2020-10-23 16:30:00,12877.5,12743.0,-1.044457386915162,LL (Lower Low)
665,2020-10-24 00:15:00,12743.0,12881.0,1.0829475005885583,HL (Higher Low)
666,2020-10-24 09:00:00,12881.0,12918.5,0.2911264653365422,HL (Higher Low)
667,2020-10-24 14:15:00,12918.5,12941.0,0.174168827650269,HL (Higher Low)
668,2020-10-24 21:45:00,12941.0,13039.5,0.7611467429101306,HL (Higher Low)
669,2020-10-25 05:45:00,13039.5,12845.0,-1.4916216112581002,LL (Lower Low)
670,2020-10-25 11:00:00,12845.0,12905.0,0.46710782405605294,HL (Higher Low)
671,2020-10-25 16:00:00,12905.0,12932.0,0.20922123208058893,HL (Higher Low)
672,2020-10-26 00:15:00,12932.0,12984.0,0.40210330961954843,HL (Higher Low)
673,2020-10-26 04:15:00,12984.0,13048.5,0.4967652495378928,HL (Higher Low)
674,2020-10-26 08:15:00,13048.5,12840.0,-1.5978848143464766,LL (Lower Low)
675,2020-10-26 17:45:00,12840.0,12769.0,-0.5529595015576324,LL (Lower Low)
676,2020-10-27 02:45:00,12769.0,13053.0,2.2241365807815803,HL (Higher Low)
677,2020-10-27 06:30:00,13053.0,13065.5,0.09576342603232972,HL (Higher Low)
678,2020-10-27 23:30:00,13065.5,13563.5,3.8115648080823545,HL (Higher Low)
679,2020-10-28 07:15:00,13563.5,13564.0,0.003686364139049655,HL (Higher Low)
680,2020-10-28 14:15:00,13564.0,12892.0,-4.954290769684459,LL (Lower Low)
681,2020-10-28 17:15:00,12892.0,13007.5,0.8959044368600683,HL (Higher Low)
682,2020-10-28 21:15:00,13007.5,13098.0,0.6957524505093216,HL (Higher Low)
683,2020-10-29 01:15:00,13098.0,13150.0,0.39700717666819363,HL (Higher Low)
684,2020-10-29 12:30:00,13150.0,12975.0,-1.3307984790874523,LL (Lower Low)
685,2020-10-30 00:00:00,12975.0,13330.0,2.7360308285163777,HL (Higher Low)
686,2020-10-30 07:15:00,13330.0,13114.0,-1.620405101275319,LL (Lower Low)
687,2020-10-30 13:30:00,13114.0,13219.5,0.8044837578160744,HL (Higher Low)
688,2020-10-30 21:00:00,13219.5,13465.5,1.8608873255418132,HL (Higher Low)
689,2020-10-31 00:15:00,13465.5,13510.0,0.3304741747428614,HL (Higher Low)
690,2020-10-31 03:15:00,13510.0,13413.5,-0.7142857142857143,LL (Lower Low)
691,2020-10-31 19:00:00,13413.5,13683.5,2.0128974540574793,HL (Higher Low)
692,2020-11-01 00:30:00,13683.5,13653.5,-0.21924215295794205,LL (Lower Low)
693,2020-11-01 04:15:00,13653.5,13611.0,-0.31127549712527924,LL (Lower Low)
694,2020-11-01 11:45:00,13611.0,13648.5,0.275512453162883,HL (Higher Low)
695,2020-11-01 23:00:00,13648.5,13645.0,-0.025643843645821885,LL (Lower Low)
696,2020-11-02 05:15:00,13645.0,13640.5,-0.03297911322828875,LL (Lower Low)
697,2020-11-02 12:45:00,13640.5,13207.0,-3.178035995747956,LL (Lower Low)
698,2020-11-02 18:45:00,13207.0,13441.0,1.7717876883470887,HL (Higher Low)
699,2020-11-03 06:00:00,13441.0,13280.5,-1.1941075812811546,LL (Lower Low)
700,2020-11-03 11:30:00,13280.5,13462.0,1.3666654116938368,HL (Higher Low)
701,2020-11-03 22:00:00,13462.0,13650.0,1.3965235477640767,HL (Higher Low)
702,2020-11-04 02:30:00,13650.0,13700.5,0.36996336996337,HL (Higher Low)
703,2020-11-04 07:45:00,13700.5,13531.0,-1.237181124776468,LL (Lower Low)
704,2020-11-04 20:15:00,13531.0,13939.0,3.0152982041238636,HL (Higher Low)
705,2020-11-05 17:30:00,13939.0,14776.5,6.008321974316665,HL (Higher Low)
706,2020-11-06 04:00:00,14776.5,15438.5,4.480086624031402,HL (Higher Low)
707,2020-11-06 09:30:00,15438.5,15319.0,-0.774038928652395,LL (Lower Low)
708,2020-11-06 14:45:00,15319.0,15363.5,0.29048893530909325,HL (Higher Low)
709,2020-11-06 20:15:00,15363.5,15201.5,-1.0544472288215576,LL (Lower Low)
710,2020-11-07 04:30:00,15201.5,15476.5,1.809032003420715,HL (Higher Low)
711,2020-11-07 08:00:00,15476.5,15401.5,-0.4846056925015346,LL (Lower Low)
712,2020-11-07 20:00:00,15401.5,14359.5,-6.76557478167711,LL (Lower Low)
713,2020-11-08 04:30:00,14359.5,14953.0,4.133152268533027,HL (Higher Low)
714,2020-11-08 08:30:00,14953.0,14909.5,-0.29091152277135024,LL (Lower Low)
715,2020-11-08 13:30:00,14909.5,15115.5,1.3816694054126564,HL (Higher Low)
716,2020-11-08 21:15:00,15115.5,15253.5,0.9129701299990076,HL (Higher Low)
717,2020-11-09 05:00:00,15253.5,15337.0,0.5474153472973416,HL (Higher Low)
718,2020-11-09 08:30:00,15337.0,15155.0,-1.1866727521679599,LL (Lower Low)
719,2020-11-09 16:15:00,15155.0,14825.0,-2.1774991751897064,LL (Lower Low)
720,2020-11-10 00:15:00,14825.0,15198.5,2.5193929173693084,HL (Higher Low)
721,2020-11-10 06:45:00,15198.5,15263.5,0.4276737835970655,HL (Higher Low)
722,2020-11-10 11:15:00,15263.5,15181.0,-0.5405051266092311,LL (Lower Low)
723,2020-11-10 15:30:00,15181.0,15091.5,-0.5895527303866676,LL (Lower Low)
724,2020-11-10 23:45:00,15091.5,15276.0,1.222542490806083,HL (Higher Low)
725,2020-11-11 04:30:00,15276.0,15333.5,0.376407436501702,HL (Higher Low)
726,2020-11-11 20:30:00,15333.5,15588.0,1.6597645677764374,HL (Higher Low)
727,2020-11-12 00:00:00,15588.0,15453.5,-0.8628432127277393,LL (Lower Low)
728,2020-11-12 11:00:00,15453.5,15630.0,1.142136085676384,HL (Higher Low)
729,2020-11-12 18:15:00,15630.0,15888.0,1.6506717850287906,HL (Higher Low)
730,2020-11-13 11:15:00,15888.0,16076.5,1.1864300100704934,HL (Higher Low)
731,2020-11-13 16:15:00,16076.5,15961.0,-0.7184399589462881,LL (Lower Low)
732,2020-11-13 20:45:00,15961.0,16178.5,1.362696572896435,HL (Higher Low)
733,2020-11-14 10:00:00,16178.5,15747.5,-2.6640294217634515,LL (Lower Low)
734,2020-11-14 17:15:00,15747.5,15711.5,-0.2286077155103985,LL (Lower Low)
735,2020-11-15 03:30:00,15711.5,15872.5,1.0247271107150813,HL (Higher Low)
736,2020-11-15 12:00:00,15872.5,15920.0,0.29925972594109307,HL (Higher Low)
737,2020-11-15 22:00:00,15920.0,15769.0,-0.9484924623115578,LL (Lower Low)
738,2020-11-16 09:30:00,15769.0,16172.0,2.555647155812036,HL (Higher Low)
739,2020-11-16 21:45:00,16172.0,16604.0,2.671283700222607,HL (Higher Low)
740,2020-11-17 04:00:00,16604.0,16565.5,-0.2318718381112985,LL (Lower Low)
741,2020-11-17 09:45:00,16565.5,16639.0,0.4436932178322417,HL (Higher Low)
742,2020-11-17 22:00:00,16639.0,17470.0,4.9942905222669625,HL (Higher Low)
743,2020-11-18 05:45:00,17470.0,17247.0,-1.2764739553520321,LL (Lower Low)
744,2020-11-18 15:15:00,17247.0,17310.5,0.36817997332869484,HL (Higher Low)
745,2020-11-18 20:30:00,17310.5,17517.5,1.1958060136911122,HL (Higher Low)
746,2020-11-19 00:30:00,17517.5,17600.0,0.47095761381475665,HL (Higher Low)
747,2020-11-19 09:45:00,17600.0,17355.0,-1.3920454545454546,LL (Lower Low)
748,2020-11-19 23:15:00,17355.0,17716.5,2.0829732065687123,HL (Higher Low)
749,2020-11-20 13:30:00,17716.5,18179.0,2.610560776677109,HL (Higher Low)
750,2020-11-20 18:30:00,18179.0,18456.0,1.5237361791077617,HL (Higher Low)
751,2020-11-20 22:00:00,18456.0,18514.0,0.31426094495015167,HL (Higher Low)
752,2020-11-21 04:00:00,18514.0,18461.0,-0.2862698498433618,LL (Lower Low)
753,2020-11-21 12:00:00,18461.0,18329.5,-0.712312442446238,LL (Lower Low)
754,2020-11-22 01:45:00,18329.5,18411.0,0.44463842439782864,HL (Higher Low)
755,2020-11-22 11:45:00,18411.0,17667.0,-4.041062408342839,LL (Lower Low)
756,2020-11-23 01:00:00,17667.0,18045.0,2.1395822720326034,HL (Higher Low)
757,2020-11-23 06:15:00,18045.0,18347.5,1.6763646439456912,HL (Higher Low)
758,2020-11-23 16:30:00,18347.5,18173.5,-0.9483580869328246,LL (Lower Low)
759,2020-11-24 00:30:00,18173.5,18235.0,0.33840482020524393,HL (Higher Low)
760,2020-11-24 06:00:00,18235.0,18050.0,-1.0145324924595558,LL (Lower Low)
761,2020-11-24 22:00:00,18050.0,18866.0,4.520775623268698,HL (Higher Low)
762,2020-11-25 05:00:00,18866.0,18650.0,-1.1449167815117143,LL (Lower Low)
763,2020-11-25 17:30:00,18650.0,18821.0,0.9168900804289544,HL (Higher Low)
764,2020-11-25 23:15:00,18821.0,18515.5,-1.623186865735083,LL (Lower Low)
765,2020-11-26 03:30:00,18515.5,17135.0,-7.455915314196214,LL (Lower Low)
766,2020-11-26 08:45:00,17135.0,16350.0,-4.58126641377298,LL (Lower Low)
767,2020-11-26 17:15:00,16350.0,16202.0,-0.9051987767584098,LL (Lower Low)
768,2020-11-27 03:45:00,16202.0,17037.5,5.156770769040859,HL (Higher Low)
769,2020-11-27 09:45:00,17037.5,16616.0,-2.4739545121056494,LL (Lower Low)
770,2020-11-27 15:45:00,16616.0,16452.0,-0.9870004814636495,LL (Lower Low)
771,2020-11-28 08:45:00,16452.0,16867.0,2.5224896669097983,HL (Higher Low)
772,2020-11-29 01:30:00,16867.0,17519.5,3.8685006225173417,HL (Higher Low)
773,2020-11-29 07:00:00,17519.5,17679.5,0.9132680727189704,HL (Higher Low)
774,2020-11-29 12:30:00,17679.5,17915.5,1.334879380072966,HL (Higher Low)
775,2020-11-29 16:15:00,17915.5,17921.5,0.03349055287321035,HL (Higher Low)
776,2020-11-29 19:45:00,17921.5,18003.0,0.45476104120748817,HL (Higher Low)
777,2020-11-30 09:30:00,18003.0,18342.5,1.885796811642504,HL (Higher Low)
778,2020-11-30 17:00:00,18342.5,19057.0,3.895325064740357,HL (Higher Low)
779,2020-12-01 05:00:00,19057.0,19320.5,1.3826940231935771,HL (Higher Low)
780,2020-12-01 13:00:00,19320.5,18090.5,-6.366294868145235,LL (Lower Low)
781,2020-12-01 17:00:00,18090.5,18628.0,2.971172714960891,HL (Higher Low)
782,2020-12-02 00:00:00,18628.0,18424.5,-1.0924414859351514,LL (Lower Low)
783,2020-12-02 04:15:00,18424.5,18332.0,-0.5020489022768596,LL (Lower Low)
784,2020-12-02 15:00:00,18332.0,18743.0,2.2419812349989092,HL (Higher Low)
785,2020-12-03 01:45:00,18743.0,18956.5,1.1390919276529905,HL (Higher Low)
786,2020-12-03 05:30:00,18956.5,18876.0,-0.4246564502940944,LL (Lower Low)
787,2020-12-03 17:15:00,18876.0,19208.0,1.758847213392668,HL (Higher Low)
788,2020-12-04 03:45:00,19208.0,19137.0,-0.36963765097875884,LL (Lower Low)
789,2020-12-04 12:00:00,19137.0,18694.0,-2.3148873909181167,LL (Lower Low)
790,2020-12-04 16:30:00,18694.0,18830.0,0.7275061517064298,HL (Higher Low)
791,2020-12-05 00:00:00,18830.0,18512.0,-1.688794476898566,LL (Lower Low)
792,2020-12-05 13:30:00,18512.0,18963.0,2.436257562662057,HL (Higher Low)
793,2020-12-05 17:15:00,18963.0,19034.5,0.37705004482413124,HL (Higher Low)
794,2020-12-05 22:15:00,19034.5,18986.5,-0.25217368462528567,LL (Lower Low)
795,2020-12-06 05:15:00,18986.5,19122.0,0.7136649724804467,HL (Higher Low)
796,2020-12-06 09:30:00,19122.0,18948.0,-0.9099466582993411,LL (Lower Low)
797,2020-12-06 13:45:00,18948.0,18866.0,-0.43276335233269997,LL (Lower Low)
798,2020-12-06 22:30:00,18866.0,19060.5,1.0309551574260576,HL (Higher Low)
799,2020-12-07 03:00:00,19060.5,19168.5,0.5666168253718423,HL (Higher Low)
800,2020-12-07 11:45:00,19168.5,19091.5,-0.40170070688890624,LL (Lower Low)
801,2020-12-07 18:45:00,19091.5,18921.0,-0.8930675955268051,LL (Lower Low)
802,2020-12-08 03:15:00,18921.0,19145.0,1.1838697743248243,HL (Higher Low)
803,2020-12-08 09:30:00,19145.0,18687.0,-2.392269522068425,LL (Lower Low)
804,2020-12-08 12:30:00,18687.0,18625.0,-0.33178145234655104,LL (Lower Low)
805,2020-12-08 16:15:00,18625.0,18753.0,0.6872483221476511,HL (Higher Low)
806,2020-12-09 01:15:00,18753.0,18020.0,-3.9087079400629237,LL (Lower Low)
807,2020-12-09 08:30:00,18020.0,17649.5,-2.0560488346281907,LL (Lower Low)
808,2020-12-09 18:45:00,17649.5,18161.5,2.9009320377347803,HL (Higher Low)
809,2020-12-10 01:45:00,18161.5,18320.0,0.8727252704897723,HL (Higher Low)
810,2020-12-10 06:15:00,18320.0,18282.0,-0.20742358078602618,LL (Lower Low)
811,2020-12-10 15:15:00,18282.0,17917.0,-1.9964992889180615,LL (Lower Low)
812,2020-12-11 03:00:00,17917.0,17713.0,-1.1385834682145448,LL (Lower Low)
813,2020-12-11 10:15:00,17713.0,17567.0,-0.8242533732287021,LL (Lower Low)
814,2020-12-11 17:30:00,17567.0,17863.0,1.6849775146581658,HL (Higher Low)
815,2020-12-12 04:00:00,17863.0,18252.0,2.1776857190841405,HL (Higher Low)
816,2020-12-12 14:45:00,18252.0,18308.5,0.30955511724742496,HL (Higher Low)
817,2020-12-13 00:30:00,18308.5,18700.5,2.141082011087746,HL (Higher Low)
818,2020-12-13 15:30:00,18700.5,19102.5,2.149675142375872,HL (Higher Low)
819,2020-12-13 22:15:00,19102.5,18976.5,-0.6595995288574794,LL (Lower Low)
820,2020-12-14 05:15:00,18976.5,19044.5,0.35833794429952837,HL (Higher Low)
821,2020-12-14 12:15:00,19044.5,19032.5,-0.0630103179395626,LL (Lower Low)
822,2020-12-14 20:15:00,19032.5,19127.5,0.4991461972941022,HL (Higher Low)
823,2020-12-15 05:15:00,19127.5,19057.5,-0.36596523330283626,LL (Lower Low)
824,2020-12-15 09:15:00,19057.5,19078.5,0.11019283746556473,HL (Higher Low)
825,2020-12-16 00:30:00,19078.5,19277.5,1.0430589406924025,HL (Higher Low)
826,2020-12-16 04:00:00,19277.5,19303.5,0.13487226040721048,HL (Higher Low)
827,2020-12-16 18:45:00,19303.5,20563.0,6.524723495739114,HL (Higher Low)
828,2020-12-17 20:45:00,20563.0,22348.5,8.683071536254436,HL (Higher Low)
829,2020-12-18 00:30:00,22348.5,22473.5,0.5593216546971832,HL (Higher Low)
830,2020-12-18 03:45:00,22473.5,22782.0,1.372727879502525,HL (Higher Low)
831,2020-12-18 15:15:00,22782.0,22367.5,-1.8194188394346413,LL (Lower Low)
832,2020-12-18 19:15:00,22367.5,22636.5,1.2026377556722925,HL (Higher Low)
833,2020-12-19 08:00:00,22636.5,22765.5,0.5698760850838248,HL (Higher Low)
834,2020-12-19 11:45:00,22765.5,22902.5,0.6017877929322879,HL (Higher Low)
835,2020-12-20 00:15:00,22902.5,23274.0,1.6220936578976095,HL (Higher Low)
836,2020-12-20 04:15:00,23274.0,23084.5,-0.814213285210965,LL (Lower Low)
837,2020-12-20 13:15:00,23084.5,23288.0,0.881543893088436,HL (Higher Low)
838,2020-12-20 22:00:00,23288.0,23130.0,-0.6784610099622123,LL (Lower Low)
839,2020-12-21 12:00:00,23130.0,21959.0,-5.062689148292261,LL (Lower Low)
840,2020-12-21 17:45:00,21959.0,22644.0,3.119449883874493,HL (Higher Low)
841,2020-12-22 01:15:00,22644.0,22485.5,-0.6999646705529059,LL (Lower Low)
842,2020-12-22 08:15:00,22485.5,22379.0,-0.47363856707656043,LL (Lower Low)
843,2020-12-22 17:30:00,22379.0,23243.5,3.8629965592743196,HL (Higher Low)
844,2020-12-22 20:30:00,23243.5,23290.0,0.200055929614731,HL (Higher Low)
845,2020-12-23 07:15:00,23290.0,23343.5,0.22971232288535853,HL (Higher Low)
846,2020-12-23 11:00:00,23343.5,22822.5,-2.2318846788185147,LL (Lower Low)
847,2020-12-23 17:00:00,22822.5,23373.5,2.4142841494139553,HL (Higher Low)
848,2020-12-23 22:15:00,23373.5,22606.0,-3.2836331743213467,LL (Lower Low)
849,2020-12-24 03:15:00,22606.0,22702.5,0.4268778200477749,HL (Higher Low)
850,2020-12-24 12:45:00,22702.5,23026.5,1.4271555996035679,HL (Higher Low)
851,2020-12-25 03:00:00,23026.5,23460.0,1.8826135105204873,HL (Higher Low)
852,2020-12-25 07:15:00,23460.0,23525.0,0.27706734867860183,HL (Higher Low)
853,2020-12-25 14:30:00,23525.0,23835.5,1.3198724760892666,HL (Higher Low)
854,2020-12-26 01:15:00,23835.5,24521.0,2.875962325103312,HL (Higher Low)
855,2020-12-26 05:00:00,24521.0,24676.0,0.6321112515802781,HL (Higher Low)
856,2020-12-26 10:30:00,24676.0,24587.0,-0.36067433943913113,LL (Lower Low)
857,2020-12-26 18:45:00,24587.0,25626.5,4.227843982592427,HL (Higher Low)
858,2020-12-27 03:30:00,25626.5,26500.0,3.4085809611144713,HL (Higher Low)
859,2020-12-27 12:00:00,26500.0,26666.0,0.6264150943396226,HL (Higher Low)
860,2020-12-27 18:00:00,26666.0,26590.5,-0.2831320783019575,LL (Lower Low)
861,2020-12-27 21:15:00,26590.5,25865.0,-2.728418044038284,LL (Lower Low)
862,2020-12-28 05:00:00,25865.0,26862.5,3.8565629228687412,HL (Higher Low)
863,2020-12-28 10:30:00,26862.5,26596.5,-0.990228013029316,LL (Lower Low)
864,2020-12-28 16:00:00,26596.5,26755.0,0.5959430752166639,HL (Higher Low)
865,2020-12-28 22:30:00,26755.0,26438.5,-1.1829564567370585,LL (Lower Low)
866,2020-12-29 05:15:00,26438.5,25930.0,-1.923331505191293,LL (Lower Low)
867,2020-12-29 17:15:00,25930.0,26272.5,1.3208638642499038,HL (Higher Low)
868,2020-12-30 09:00:00,26272.5,27397.0,4.280140831668094,HL (Higher Low)
869,2020-12-30 12:00:00,27397.0,27621.0,0.8176077672737891,HL (Higher Low)
870,2020-12-31 01:00:00,27621.0,28198.5,2.0908004778972518,HL (Higher Low)
871,2020-12-31 09:15:00,28198.5,28618.0,1.4876677837473624,HL (Higher Low)
872,2020-12-31 13:00:00,28618.0,27841.5,-2.713327276539241,LL (Lower Low)
873,2021-01-01 00:00:00,27841.5,28703.5,3.0960975522152183,HL (Higher Low)
874,2021-01-01 07:00:00,28703.5,28847.0,0.4999390318253871,HL (Higher Low)
875,2021-01-01 12:45:00,28847.0,29199.0,1.2202308732277187,HL (Higher Low)
876,2021-01-01 18:45:00,29199.0,28654.0,-1.866502277475256,LL (Lower Low)
877,2021-01-02 00:15:00,28654.0,28967.5,1.0940880854330983,HL (Higher Low)
878,2021-01-02 10:00:00,28967.5,29510.0,1.8727884698368862,HL (Higher Low)
879,2021-01-02 21:00:00,29510.0,30610.0,3.727549983056591,HL (Higher Low)
880,2021-01-03 10:15:00,30610.0,33545.5,9.59000326690624,HL (Higher Low)
881,2021-01-03 18:30:00,33545.5,32391.0,-3.441594252582313,LL (Lower Low)
882,2021-01-04 00:30:00,32391.0,32408.0,0.0524837146120836,HL (Higher Low)
883,2021-01-04 10:15:00,32408.0,27923.0,-13.839175512219203,LL (Lower Low)
884,2021-01-04 17:45:00,27923.0,30634.0,9.708842173118933,HL (Higher Low)
885,2021-01-04 21:45:00,30634.0,30906.0,0.8879023307436182,HL (Higher Low)
886,2021-01-05 06:00:00,30906.0,29905.5,-3.2372354882547074,LL (Lower Low)
887,2021-01-05 14:00:00,29905.5,31114.5,4.042734614034208,HL (Higher Low)
888,2021-01-06 00:15:00,31114.5,33364.5,7.231355155956226,HL (Higher Low)
889,2021-01-06 09:15:00,33364.5,33623.5,0.7762741836382983,HL (Higher Low)
890,2021-01-06 14:00:00,33623.5,34184.0,1.6669888619566673,HL (Higher Low)
891,2021-01-06 20:15:00,34184.0,34375.5,0.5602036040252749,HL (Higher Low)
892,2021-01-07 08:15:00,34375.5,36301.0,5.60137307093715,HL (Higher Low)
893,2021-01-07 18:45:00,36301.0,36801.0,1.3773725241728878,HL (Higher Low)
894,2021-01-08 02:45:00,36801.0,36524.5,-0.7513382788511181,LL (Lower Low)
895,2021-01-08 06:00:00,36524.5,37525.5,2.7406261550466127,HL (Higher Low)
896,2021-01-08 15:30:00,37525.5,39814.0,6.0985196732888305,HL (Higher Low)
897,2021-01-08 21:00:00,39814.0,38738.0,-2.702566936253579,LL (Lower Low)
898,2021-01-09 02:45:00,38738.0,39584.0,2.1839021116216633,HL (Higher Low)
899,2021-01-09 07:00:00,39584.0,38726.5,-2.1662793047696036,LL (Lower Low)
900,2021-01-09 16:45:00,38726.5,39928.0,3.1025266936077363,HL (Higher Low)
901,2021-01-09 20:00:00,39928.0,40100.0,0.4307753957122821,HL (Higher Low)
902,2021-01-09 23:00:00,40100.0,39873.5,-0.5648379052369077,LL (Lower Low)
903,2021-01-10 04:30:00,39873.5,40139.5,0.6671097345354684,HL (Higher Low)
904,2021-01-10 12:00:00,40139.5,38558.0,-3.9400092178527384,LL (Lower Low)
905,2021-01-10 20:15:00,38558.0,35333.5,-8.362726282483532,LL (Lower Low)
906,2021-01-11 03:30:00,35333.5,33639.5,-4.794317007938642,LL (Lower Low)
907,2021-01-11 07:00:00,33639.5,32631.5,-2.996477355489826,LL (Lower Low)
908,2021-01-11 16:30:00,32631.5,30427.0,-6.755742150989075,LL (Lower Low)
909,2021-01-12 02:15:00,30427.0,33749.0,10.917934729023566,HL (Higher Low)
910,2021-01-12 10:30:00,33749.0,34830.0,3.203057868381285,HL (Higher Low)
911,2021-01-12 14:30:00,34830.0,32620.0,-6.345104794717198,LL (Lower Low)
912,2021-01-13 00:45:00,32620.0,32453.5,-0.5104230533415083,LL (Lower Low)
913,2021-01-13 05:30:00,32453.5,32812.0,1.1046574329425178,HL (Higher Low)
914,2021-01-13 12:00:00,32812.0,34050.0,3.7730098744361817,HL (Higher Low)
915,2021-01-14 04:00:00,34050.0,36739.0,7.897209985315712,HL (Higher Low)
916,2021-01-14 12:15:00,36739.0,37778.5,2.8294183292958435,HL (Higher Low)
917,2021-01-14 21:30:00,37778.5,38415.0,1.6848207313683707,HL (Higher Low)
918,2021-01-15 06:00:00,38415.0,37650.0,-1.9914096056228034,LL (Lower Low)
919,2021-01-15 16:00:00,37650.0,34512.5,-8.333333333333332,LL (Lower Low)
920,2021-01-15 20:00:00,34512.5,34791.5,0.8084027526258601,HL (Higher Low)
921,2021-01-16 05:30:00,34791.5,35533.0,2.131267694695543,HL (Higher Low)
922,2021-01-16 14:15:00,35533.0,36745.0,3.4109137984408857,HL (Higher Low)
923,2021-01-16 22:00:00,36745.0,35380.0,-3.7147911280446317,LL (Lower Low)
924,2021-01-17 10:00:00,35380.0,33847.5,-4.331543244771057,LL (Lower Low)
925,2021-01-17 14:00:00,33847.5,34684.0,2.4713789792451437,HL (Higher Low)
926,2021-01-17 19:45:00,34684.0,35546.0,2.4852958136316454,HL (Higher Low)
927,2021-01-18 00:00:00,35546.0,35610.0,0.18004838800427614,HL (Higher Low)
928,2021-01-18 05:30:00,35610.0,34802.0,-2.2690255546194886,LL (Lower Low)
929,2021-01-18 11:00:00,34802.0,35830.0,2.9538532268260442,HL (Higher Low)
930,2021-01-18 17:30:00,35830.0,35484.0,-0.965671225230254,LL (Lower Low)
931,2021-01-19 05:45:00,35484.0,36242.5,2.1375831360613233,HL (Higher Low)
932,2021-01-19 12:45:00,36242.5,36707.5,1.2830240739463337,HL (Higher Low)
933,2021-01-19 19:45:00,36707.5,36120.5,-1.599128243546959,LL (Lower Low)
934,2021-01-20 00:00:00,36120.5,35624.0,-1.3745656898437175,LL (Lower Low)
935,2021-01-20 04:15:00,35624.0,34780.0,-2.369189310577139,LL (Lower Low)
936,2021-01-20 11:15:00,34780.0,34020.0,-2.185163887291547,LL (Lower Low)
937,2021-01-20 16:00:00,34020.0,33370.0,-1.9106407995296886,LL (Lower Low)
938,2021-01-20 21:15:00,33370.0,34516.0,3.43422235540905,HL (Higher Low)
939,2021-01-21 05:15:00,34516.0,34001.0,-1.4920616525669255,LL (Lower Low)
940,2021-01-21 14:30:00,34001.0,31027.5,-8.745331019675891,LL (Lower Low)
941,2021-01-22 01:15:00,31027.5,28913.5,-6.813310772701636,LL (Lower Low)
942,2021-01-22 08:00:00,28913.5,30490.0,5.4524702993411385,HL (Higher Low)
943,2021-01-22 16:00:00,30490.0,31950.0,4.788455231223352,HL (Higher Low)
944,2021-01-23 02:30:00,31950.0,32081.0,0.41001564945226915,HL (Higher Low)
945,2021-01-23 13:00:00,32081.0,31395.0,-2.1383373336242637,LL (Lower Low)
946,2021-01-24 00:00:00,31395.0,31636.5,0.7692307692307693,HL (Higher Low)
947,2021-01-24 19:30:00,31636.5,30939.5,-2.203151423197889,LL (Lower Low)
948,2021-01-25 10:15:00,30939.5,32782.0,5.955170574831526,HL (Higher Low)
949,2021-01-26 00:00:00,32782.0,31766.5,-3.0977365627478495,LL (Lower Low)
950,2021-01-26 04:00:00,31766.5,31462.5,-0.9569829852202792,LL (Lower Low)
951,2021-01-26 07:15:00,31462.5,31112.5,-1.1124354390147002,LL (Lower Low)
952,2021-01-26 14:45:00,31112.5,30841.0,-0.8726396143029329,LL (Lower Low)
953,2021-01-26 20:30:00,30841.0,31860.0,3.3040433189585294,HL (Higher Low)
954,2021-01-27 14:45:00,31860.0,29273.0,-8.119899560577528,LL (Lower Low)
955,2021-01-27 18:45:00,29273.0,29555.0,0.9633450620025279,HL (Higher Low)
956,2021-01-28 00:15:00,29555.0,29846.5,0.9862967349010319,HL (Higher Low)
957,2021-01-28 09:00:00,29846.5,30845.0,3.345450890389158,HL (Higher Low)
958,2021-01-29 07:30:00,30845.0,32012.0,3.783433295509807,HL (Higher Low)
959,2021-01-29 19:45:00,32012.0,33547.0,4.795076846182682,HL (Higher Low)
960,2021-01-29 23:30:00,33547.0,33706.0,0.47396190419411577,HL (Higher Low)
961,2021-01-30 03:45:00,33706.0,32826.5,-2.609327716133626,LL (Lower Low)
962,2021-01-30 12:00:00,32826.5,33520.0,2.112622423956255,HL (Higher Low)
963,2021-01-30 16:15:00,33520.0,33570.0,0.14916467780429593,HL (Higher Low)
964,2021-01-30 21:15:00,33570.0,34003.0,1.2898421209413167,HL (Higher Low)
965,2021-01-31 03:00:00,34003.0,33718.0,-0.8381613387054083,LL (Lower Low)
966,2021-01-31 10:00:00,33718.0,33270.0,-1.3286671807343258,LL (Lower Low)
967,2021-01-31 18:00:00,33270.0,32232.5,-3.118425007514277,LL (Lower Low)
968,2021-02-01 00:15:00,32232.5,32344.5,0.34747537423408054,HL (Higher Low)
969,2021-02-01 06:45:00,32344.5,33334.0,3.059252732303792,HL (Higher Low)
970,2021-02-01 16:00:00,33334.0,33176.5,-0.47249055018899627,LL (Lower Low)
971,2021-02-02 00:00:00,33176.5,33461.5,0.8590417916296174,HL (Higher Low)
972,2021-02-02 04:00:00,33461.5,33561.5,0.2988509182194462,HL (Higher Low)
973,2021-02-02 14:30:00,33561.5,34423.5,2.568419170776038,HL (Higher Low)
974,2021-02-03 00:00:00,34423.5,35420.0,2.894824756343777,HL (Higher Low)
975,2021-02-03 09:15:00,35420.0,35632.0,0.5985319028797289,HL (Higher Low)
976,2021-02-03 20:00:00,35632.0,36675.0,2.927144140098788,HL (Higher Low)
977,2021-02-04 04:00:00,36675.0,37373.0,1.9032038173142467,HL (Higher Low)
978,2021-02-04 09:00:00,37373.0,36861.5,-1.368635110908945,LL (Lower Low)
979,2021-02-04 15:15:00,36861.5,36233.0,-1.7050309943979491,LL (Lower Low)
980,2021-02-05 01:45:00,36233.0,36615.0,1.0542875279441395,HL (Higher Low)
981,2021-02-05 10:00:00,36615.0,37245.5,1.7219718694524104,HL (Higher Low)
982,2021-02-05 19:00:00,37245.5,37251.0,0.014766884590084708,HL (Higher Low)
983,2021-02-06 05:00:00,37251.0,38780.0,4.104587796300771,HL (Higher Low)
984,2021-02-06 20:15:00,38780.0,39737.0,2.4677668901495617,HL (Higher Low)
985,2021-02-07 04:45:00,39737.0,37976.5,-4.430379746835443,LL (Lower Low)
986,2021-02-07 16:15:00,37976.5,37439.5,-1.4140323621186786,LL (Lower Low)
987,2021-02-07 20:00:00,37439.5,37740.0,0.8026282402275672,HL (Higher Low)
988,2021-02-08 04:00:00,37740.0,38061.0,0.8505564387917328,HL (Higher Low)
989,2021-02-08 10:00:00,38061.0,38925.0,2.2700401986285175,HL (Higher Low)
990,2021-02-08 18:45:00,38925.0,42664.0,9.605651894669236,HL (Higher Low)
991,2021-02-09 03:00:00,42664.0,45678.0,7.0645040315019685,HL (Higher Low)
992,2021-02-09 13:00:00,45678.0,45056.5,-1.3606112351679145,LL (Lower Low)
993,2021-02-10 01:15:00,45056.5,46093.5,2.301554714636068,HL (Higher Low)
994,2021-02-10 04:00:00,46093.5,45709.5,-0.8330892642129585,LL (Lower Low)
995,2021-02-10 15:45:00,45709.5,43800.0,-4.177468578741837,LL (Lower Low)
996,2021-02-10 21:00:00,43800.0,44431.0,1.4406392694063928,HL (Higher Low)
997,2021-02-11 00:45:00,44431.0,44042.5,-0.8743895028246044,LL (Lower Low)
998,2021-02-11 06:30:00,44042.5,44467.5,0.9649770108418005,HL (Higher Low)
999,2021-02-11 17:00:00,44467.5,47033.5,5.77050654972733,HL (Higher Low)
1000,2021-02-11 21:15:00,47033.5,46600.0,-0.9216834809231719,LL (Lower Low)
1001,2021-02-12 06:00:00,46600.0,46850.5,0.5375536480686696,HL (Higher Low)
1002,2021-02-12 14:45:00,46850.5,46174.5,-1.4428874825241993,LL (Lower Low)
1003,2021-02-12 18:45:00,46174.5,47016.0,1.822434460578891,HL (Higher Low)
1004,2021-02-12 23:30:00,47016.0,47217.0,0.4275140377743747,HL (Higher Low)
1005,2021-02-13 08:00:00,47217.0,46678.0,-1.1415380053794184,LL (Lower Low)
1006,2021-02-13 12:00:00,46678.0,46300.0,-0.8098033334761559,LL (Lower Low)
1007,2021-02-13 20:00:00,46300.0,46708.0,0.8812095032397408,HL (Higher Low)
1008,2021-02-14 03:45:00,46708.0,47316.0,1.3017042048471352,HL (Higher Low)
1009,2021-02-14 08:45:00,47316.0,48521.0,2.5467072449065853,HL (Higher Low)
1010,2021-02-14 15:30:00,48521.0,48222.0,-0.6162280249788752,LL (Lower Low)
1011,2021-02-15 02:15:00,48222.0,45712.5,-5.204056239890507,LL (Lower Low)
1012,2021-02-16 00:30:00,45712.5,47140.5,3.1238720262510253,HL (Higher Low)
1013,2021-02-16 06:15:00,47140.5,48659.0,3.2212216671439635,HL (Higher Low)
1014,2021-02-16 12:00:00,48659.0,48428.5,-0.47370476170903636,LL (Lower Low)
1015,2021-02-16 18:00:00,48428.5,47844.0,-1.2069339335308755,LL (Lower Low)
1016,2021-02-17 04:30:00,47844.0,49192.0,2.817490176406655,HL (Higher Low)
1017,2021-02-17 13:30:00,49192.0,50635.5,2.9344202309318588,HL (Higher Low)
1018,2021-02-17 23:00:00,50635.5,52041.0,2.7757205912847707,HL (Higher Low)
1019,2021-02-18 04:00:00,52041.0,51847.0,-0.3727829980207913,LL (Lower Low)
1020,2021-02-18 07:30:00,51847.0,51442.0,-0.7811445213802148,LL (Lower Low)
1021,2021-02-18 12:00:00,51442.0,51043.5,-0.7746588390809066,LL (Lower Low)
1022,2021-02-18 15:45:00,51043.5,51519.0,0.9315583766787152,HL (Higher Low)
1023,2021-02-18 20:00:00,51519.0,51610.0,0.17663386323492303,HL (Higher Low)
1024,2021-02-19 02:00:00,51610.0,50832.5,-1.5064909901181942,LL (Lower Low)
1025,2021-02-19 13:00:00,50832.5,52428.0,3.1387399793439235,HL (Higher Low)
1026,2021-02-20 03:45:00,52428.0,55580.0,6.01205462729839,HL (Higher Low)
1027,2021-02-20 09:00:00,55580.0,55143.0,-0.7862540482187838,LL (Lower Low)
1028,2021-02-20 15:15:00,55143.0,55926.0,1.4199445079157826,HL (Higher Low)
1029,2021-02-20 22:30:00,55926.0,54077.0,-3.3061545613846866,LL (Lower Low)
1030,2021-02-21 08:00:00,54077.0,55862.5,3.3017733971928913,HL (Higher Low)
1031,2021-02-21 12:45:00,55862.5,56720.0,1.5350190199149698,HL (Higher Low)
1032,2021-02-22 04:45:00,56720.0,55280.0,-2.538787023977433,LL (Lower Low)
1033,2021-02-22 14:15:00,55280.0,48000.0,-13.16931982633864,LL (Lower Low)
1034,2021-02-22 18:00:00,48000.0,51622.0,7.545833333333333,HL (Higher Low)
1035,2021-02-23 09:00:00,51622.0,44949.0,-12.926659176320173,LL (Lower Low)
1036,2021-02-23 11:45:00,44949.0,44955.0,0.013348461589801776,HL (Higher Low)
1037,2021-02-23 20:00:00,44955.0,45300.0,0.767434100767434,HL (Higher Low)
1038,2021-02-24 00:15:00,45300.0,47010.0,3.774834437086093,HL (Higher Low)
1039,2021-02-24 06:15:00,47010.0,49516.0,5.330780684960647,HL (Higher Low)
1040,2021-02-24 15:15:00,49516.0,48500.0,-2.0518620243961547,LL (Lower Low)
1041,2021-02-24 22:00:00,48500.0,48100.0,-0.8247422680412372,LL (Lower Low)
1042,2021-02-25 05:00:00,48100.0,49584.0,3.085239085239085,HL (Higher Low)
1043,2021-02-25 09:30:00,49584.0,48664.0,-1.8554372378186512,LL (Lower Low)
1044,2021-02-26 00:45:00,48664.0,46025.0,-5.422899884925202,LL (Lower Low)
1045,2021-02-26 07:45:00,46025.0,44150.0,-4.073872895165671,LL (Lower Low)
1046,2021-02-26 22:15:00,44150.0,45113.0,2.1812004530011326,HL (Higher Low)
1047,2021-02-27 09:30:00,45113.0,46281.5,2.5901624808813426,HL (Higher Low)
1048,2021-02-27 16:00:00,46281.5,46329.0,0.1026328014433413,HL (Higher Low)
1049,2021-02-27 23:15:00,46329.0,45000.0,-2.868613611344946,LL (Lower Low)
1050,2021-02-28 06:00:00,45000.0,43801.0,-2.6644444444444444,LL (Lower Low)
1051,2021-02-28 16:00:00,43801.0,43080.0,-1.6460811397000068,LL (Lower Low)
1052,2021-03-01 06:45:00,43080.0,45714.0,6.114206128133705,HL (Higher Low)
1053,2021-03-01 20:30:00,45714.0,47969.0,4.932843330270814,HL (Higher Low)
1054,2021-03-02 01:15:00,47969.0,48781.0,1.6927599074402218,HL (Higher Low)
1055,2021-03-02 08:00:00,48781.0,48296.5,-0.9932145712470019,LL (Lower Low)
1056,2021-03-02 20:45:00,48296.5,47095.0,-2.4877579120640214,LL (Lower Low)
1057,2021-03-03 03:45:00,47095.0,48531.0,3.0491559613547086,HL (Higher Low)
1058,2021-03-03 19:15:00,48531.0,50320.5,3.687333869073376,HL (Higher Low)
1059,2021-03-04 00:00:00,50320.5,49935.0,-0.7660893671565266,LL (Lower Low)
1060,2021-03-04 04:45:00,49935.0,49130.0,-1.6120957244417744,LL (Lower Low)
1061,2021-03-04 09:30:00,49130.0,48614.5,-1.0492570730714432,LL (Lower Low)
1062,2021-03-04 13:00:00,48614.5,48783.0,0.34660440814983184,HL (Higher Low)
1063,2021-03-04 20:00:00,48783.0,47544.5,-2.538794252096017,LL (Lower Low)
1064,2021-03-05 01:15:00,47544.5,46411.0,-2.384082280810609,LL (Lower Low)
1065,2021-03-05 04:45:00,46411.0,46650.0,0.514964124884187,HL (Higher Low)
1066,2021-03-05 08:30:00,46650.0,46471.0,-0.3837084673097535,LL (Lower Low)
1067,2021-03-05 16:30:00,46471.0,46927.0,0.9812571281013966,HL (Higher Low)
1068,2021-03-06 04:15:00,46927.0,48162.0,2.6317471817929974,HL (Higher Low)
1069,2021-03-06 13:15:00,48162.0,47170.0,-2.0597151281092976,LL (Lower Low)
1070,2021-03-07 05:00:00,47170.0,49142.0,4.180623277506889,HL (Higher Low)
1071,2021-03-07 14:15:00,49142.0,50196.5,2.145822310854259,HL (Higher Low)
1072,2021-03-07 20:00:00,50196.5,49870.0,-0.6504437560387677,LL (Lower Low)
1073,2021-03-08 04:15:00,49870.0,50170.0,0.60156406657309,HL (Higher Low)
1074,2021-03-08 08:15:00,50170.0,49385.0,-1.5646800877018137,LL (Lower Low)
1075,2021-03-09 08:00:00,49385.0,53338.5,8.00546724713982,HL (Higher Low)
1076,2021-03-09 12:45:00,53338.5,53664.0,0.6102533817036474,HL (Higher Low)
1077,2021-03-09 18:45:00,53664.0,53712.0,0.08944543828264759,HL (Higher Low)
1078,2021-03-10 05:00:00,53712.0,53160.0,-1.0277033065236818,LL (Lower Low)
1079,2021-03-10 21:00:00,53160.0,55584.0,4.5598194130925505,HL (Higher Low)
1080,2021-03-11 01:00:00,55584.0,55284.0,-0.5397236614853195,LL (Lower Low)
1081,2021-03-11 08:15:00,55284.0,54455.0,-1.4995297011793647,LL (Lower Low)
1082,2021-03-11 15:30:00,54455.0,55891.0,2.6370397575980165,HL (Higher Low)
1083,2021-03-12 05:15:00,55891.0,56444.0,0.9894258467373996,HL (Higher Low)
1084,2021-03-12 13:15:00,56444.0,55157.0,-2.2801360640634964,LL (Lower Low)
1085,2021-03-12 21:15:00,55157.0,56286.5,2.0477908515691574,HL (Higher Low)
1086,2021-03-13 01:15:00,56286.5,56157.5,-0.22918461798122108,LL (Lower Low)
1087,2021-03-13 16:30:00,56157.5,59628.0,6.179940346347327,HL (Higher Low)
1088,2021-03-14 01:15:00,59628.0,60892.5,2.120648017709801,HL (Higher Low)
1089,2021-03-14 11:15:00,60892.5,59539.0,-2.222769635012522,LL (Lower Low)
1090,2021-03-14 16:00:00,59539.0,59349.5,-0.3182787752565545,LL (Lower Low)
1091,2021-03-14 20:30:00,59349.5,59758.5,0.6891380719298393,HL (Higher Low)
1092,2021-03-15 00:00:00,59758.5,58854.0,-1.513592208639775,LL (Lower Low)
1093,2021-03-15 09:30:00,58854.0,54707.5,-7.045400482550039,LL (Lower Low)
1094,2021-03-15 12:15:00,54707.5,55098.5,0.7147100488964035,HL (Higher Low)
1095,2021-03-15 17:15:00,55098.5,55523.0,0.770438396689565,HL (Higher Low)
1096,2021-03-16 01:00:00,55523.0,53376.0,-3.866865983466311,LL (Lower Low)
1097,2021-03-16 05:30:00,53376.0,53670.0,0.5508093525179856,HL (Higher Low)
1098,2021-03-16 12:45:00,53670.0,54720.0,1.956400223588597,HL (Higher Low)
1099,2021-03-16 17:30:00,54720.0,55028.0,0.5628654970760234,HL (Higher Low)
1100,2021-03-17 05:00:00,55028.0,55269.5,0.43886748564367234,HL (Higher Low)
1101,2021-03-17 12:15:00,55269.5,54209.0,-1.9187797971756575,LL (Lower Low)
1102,2021-03-17 15:00:00,54209.0,54360.0,0.2785515320334262,HL (Higher Low)
1103,2021-03-18 03:15:00,54360.0,58677.0,7.94150110375276,HL (Higher Low)
1104,2021-03-18 08:45:00,58677.0,58066.0,-1.0412938630127648,LL (Lower Low)
1105,2021-03-18 14:15:00,58066.0,57628.5,-0.7534529673130576,LL (Lower Low)
1106,2021-03-18 20:00:00,57628.5,57112.0,-0.8962579279349627,LL (Lower Low)
1107,2021-03-19 00:15:00,57112.0,56366.0,-1.3062053508894804,LL (Lower Low)
1108,2021-03-19 08:00:00,56366.0,57522.0,2.0508817372174715,HL (Higher Low)
1109,2021-03-19 14:00:00,57522.0,58049.5,0.917040436702479,HL (Higher Low)
1110,2021-03-19 20:45:00,58049.5,58173.5,0.21361079768128927,HL (Higher Low)
1111,2021-03-20 00:00:00,58173.5,57882.5,-0.5002277669385544,LL (Lower Low)
1112,2021-03-20 06:00:00,57882.5,58050.0,0.28937934608905974,HL (Higher Low)
1113,2021-03-20 13:45:00,58050.0,58715.5,1.1464254952627044,HL (Higher Low)
1114,2021-03-20 20:30:00,58715.5,58207.5,-0.865188919450571,LL (Lower Low)
1115,2021-03-21 06:15:00,58207.5,56773.5,-2.4636000515397503,LL (Lower Low)
1116,2021-03-21 09:30:00,56773.5,55511.5,-2.2228680634450932,LL (Lower Low)
1117,2021-03-21 16:00:00,55511.5,56758.5,2.246381380434685,HL (Higher Low)
1118,2021-03-22 01:15:00,56758.5,56378.5,-0.6695032462098188,LL (Lower Low)
1119,2021-03-22 09:00:00,56378.5,57157.0,1.3808455350887305,HL (Higher Low)
1120,2021-03-22 13:30:00,57157.0,56638.0,-0.9080252637472225,LL (Lower Low)
1121,2021-03-22 22:00:00,56638.0,53675.5,-5.230587238249938,LL (Lower Low)
1122,2021-03-23 06:15:00,53675.5,53029.5,-1.20352861175024,LL (Lower Low)
1123,2021-03-23 11:45:00,53029.5,54100.0,2.0186877115567747,HL (Higher Low)
1124,2021-03-23 21:15:00,54100.0,54260.0,0.29574861367837335,HL (Higher Low)
1125,2021-03-24 01:00:00,54260.0,53650.0,-1.124216734242536,LL (Lower Low)
1126,2021-03-24 06:30:00,53650.0,53821.5,0.3196644920782852,HL (Higher Low)
1127,2021-03-24 22:15:00,53821.5,51707.0,-3.9287273673160352,LL (Lower Low)
1128,2021-03-25 02:00:00,51707.0,51533.0,-0.33651149747616377,LL (Lower Low)
1129,2021-03-25 08:00:00,51533.0,52145.0,1.1875885355015234,HL (Higher Low)
1130,2021-03-25 13:15:00,52145.0,50504.0,-3.146993959152364,LL (Lower Low)
1131,2021-03-25 16:00:00,50504.0,50571.5,0.13365277997782352,HL (Higher Low)
1132,2021-03-25 23:45:00,50571.5,51264.0,1.369348348378039,HL (Higher Low)
1133,2021-03-26 12:00:00,51264.0,52586.0,2.5788077403245944,HL (Higher Low)
1134,2021-03-27 02:30:00,52586.0,54538.0,3.712014604647625,HL (Higher Low)
1135,2021-03-27 12:45:00,54538.0,54018.5,-0.9525468480692362,LL (Lower Low)
1136,2021-03-28 00:30:00,54018.5,55613.5,2.952692133250646,HL (Higher Low)
1137,2021-03-28 06:45:00,55613.5,55862.5,0.44773301446591207,HL (Higher Low)
1138,2021-03-28 12:15:00,55862.5,55361.0,-0.8977399865741778,LL (Lower Low)
1139,2021-03-28 19:15:00,55361.0,54741.5,-1.1190188038510864,LL (Lower Low)
1140,2021-03-29 01:15:00,54741.5,55051.0,0.5653845802544687,HL (Higher Low)
1141,2021-03-29 05:30:00,55051.0,55006.0,-0.08174238433452616,LL (Lower Low)
1142,2021-03-29 16:15:00,55006.0,57220.0,4.025015452859688,HL (Higher Low)
1143,2021-03-29 20:45:00,57220.0,57200.0,-0.034952813701502966,LL (Lower Low)
1144,2021-03-30 04:00:00,57200.0,57201.0,0.0017482517482517483,HL (Higher Low)
1145,2021-03-30 16:00:00,57201.0,58563.5,2.381951364486635,HL (Higher Low)
1146,2021-03-30 20:30:00,58563.5,58452.0,-0.19039162618354435,LL (Lower Low)
1147,2021-03-31 03:45:00,58452.0,58470.0,0.03079449804968179,HL (Higher Low)
1148,2021-03-31 08:00:00,58470.0,57000.0,-2.5141097998973834,LL (Lower Low)
1149,2021-03-31 20:00:00,57000.0,58426.0,2.501754385964912,HL (Higher Low)
1150,2021-04-01 07:00:00,58426.0,58611.0,0.3166398521206312,HL (Higher Low)
1151,2021-04-01 11:00:00,58611.0,58200.0,-0.701233556840866,LL (Lower Low)
1152,2021-04-01 18:15:00,58200.0,58044.0,-0.26804123711340205,LL (Lower Low)
1153,2021-04-01 21:30:00,58044.0,58600.0,0.9578940114395975,HL (Higher Low)
1154,2021-04-02 00:45:00,58600.0,58570.0,-0.051194539249146756,LL (Lower Low)
1155,2021-04-02 06:30:00,58570.0,59464.5,1.5272323715212566,HL (Higher Low)
1156,2021-04-02 09:15:00,59464.5,59340.0,-0.20936861488787425,LL (Lower Low)
1157,2021-04-02 13:30:00,59340.0,59136.0,-0.34378159757330634,LL (Lower Low)
1158,2021-04-02 21:00:00,59136.0,58565.0,-0.9655708874458874,LL (Lower Low)
1159,2021-04-03 08:30:00,58565.0,58825.5,0.4448049176129087,HL (Higher Low)
1160,2021-04-03 18:00:00,58825.5,57874.5,-1.6166458423642807,LL (Lower Low)
1161,2021-04-04 01:00:00,57874.5,56580.5,-2.235872448142101,LL (Lower Low)
1162,2021-04-04 06:15:00,56580.5,57235.0,1.1567589540566097,HL (Higher Low)
1163,2021-04-04 12:00:00,57235.0,57060.0,-0.30575696689088844,LL (Lower Low)
1164,2021-04-04 16:00:00,57060.0,57670.5,1.0699263932702419,HL (Higher Low)
1165,2021-04-04 19:30:00,57670.5,57820.0,0.25923132277334165,HL (Higher Low)
1166,2021-04-05 08:15:00,57820.0,56902.0,-1.5876859218263577,LL (Lower Low)
1167,2021-04-05 17:30:00,56902.0,58677.0,3.1193982636814175,HL (Higher Low)
1168,2021-04-05 21:30:00,58677.0,58527.0,-0.2556367912469963,LL (Lower Low)
1169,2021-04-06 03:45:00,58527.0,58709.0,0.3109675876091377,HL (Higher Low)
1170,2021-04-06 08:00:00,58709.0,58414.0,-0.5024783252993579,LL (Lower Low)
1171,2021-04-06 11:15:00,58414.0,58479.0,0.11127469442256993,HL (Higher Low)
1172,2021-04-06 14:30:00,58479.0,57580.0,-1.537303989466304,LL (Lower Low)
1173,2021-04-06 21:30:00,57580.0,57687.0,0.1858284126432789,HL (Higher Low)
1174,2021-04-07 01:15:00,57687.0,57259.5,-0.741068178272401,LL (Lower Low)
1175,2021-04-07 04:15:00,57259.5,57375.0,0.20171325282267571,HL (Higher Low)
1176,2021-04-07 12:15:00,57375.0,55750.0,-2.832244008714597,LL (Lower Low)
1177,2021-04-07 19:15:00,55750.0,55535.0,-0.38565022421524664,LL (Lower Low)
1178,2021-04-08 00:00:00,55535.0,55750.5,0.38804357612316553,HL (Higher Low)
1179,2021-04-08 11:30:00,55750.5,56435.0,1.2277916789983947,HL (Higher Low)
1180,2021-04-08 21:00:00,56435.0,57474.5,1.8419420572339857,HL (Higher Low)
1181,2021-04-09 03:00:00,57474.5,57845.5,0.6455036581440465,HL (Higher Low)
1182,2021-04-09 07:00:00,57845.5,57686.5,-0.2748701281862893,LL (Lower Low)
1183,2021-04-09 16:00:00,57686.5,57902.5,0.3744376933944684,HL (Higher Low)
1184,2021-04-09 23:00:00,57902.5,57928.0,0.044039549242260695,HL (Higher Low)
1185,2021-04-10 07:00:00,57928.0,60525.0,4.4831514984118215,HL (Higher Low)
1186,2021-04-10 12:45:00,60525.0,60050.0,-0.7847996695580339,LL (Lower Low)
1187,2021-04-10 20:45:00,60050.0,58452.0,-2.6611157368859284,LL (Lower Low)
1188,2021-04-11 06:15:00,58452.0,59450.0,1.7073838363101348,HL (Higher Low)
1189,2021-04-11 13:30:00,59450.0,59333.0,-0.19680403700588733,LL (Lower Low)
1190,2021-04-11 22:00:00,59333.0,59573.0,0.4044966544755869,HL (Higher Low)
1191,2021-04-12 10:30:00,59573.0,59528.5,-0.07469826935020898,LL (Lower Low)
1192,2021-04-12 15:00:00,59528.5,59748.5,0.36957087781482817,HL (Higher Low)
1193,2021-04-12 18:00:00,59748.5,59771.0,0.037657849151024714,HL (Higher Low)
1194,2021-04-12 21:15:00,59771.0,59860.0,0.1489016412641582,HL (Higher Low)
1195,2021-04-13 04:30:00,59860.0,60418.5,0.9330103575008353,HL (Higher Low)
1196,2021-04-13 13:30:00,60418.5,62605.0,3.6189246671135495,HL (Higher Low)
1197,2021-04-13 19:30:00,62605.0,62647.0,0.06708729334717674,HL (Higher Low)
1198,2021-04-14 03:00:00,62647.0,63175.0,0.842817692786566,HL (Higher Low)
1199,2021-04-14 09:30:00,63175.0,63228.0,0.08389394538979027,HL (Higher Low)
1200,2021-04-14 19:30:00,63228.0,61509.0,-2.718732207249953,LL (Lower Low)
1201,2021-04-15 02:15:00,61509.0,62400.0,1.448568502170414,HL (Higher Low)
1202,2021-04-15 11:00:00,62400.0,62180.0,-0.3525641025641026,LL (Lower Low)
1203,2021-04-15 17:30:00,62180.0,62437.0,0.4133161788356384,HL (Higher Low)
1204,2021-04-16 11:15:00,62437.0,60242.5,-3.51474286080369,LL (Lower Low)
1205,2021-04-16 18:15:00,60242.5,61161.0,1.5246711208864174,HL (Higher Low)
1206,2021-04-17 00:30:00,61161.0,61167.0,0.00981017314955609,HL (Higher Low)
1207,2021-04-17 06:00:00,61167.0,61972.5,1.3168865564765315,HL (Higher Low)
1208,2021-04-17 18:00:00,61972.5,59750.0,-3.5862681027875265,LL (Lower Low)
1209,2021-04-18 03:30:00,59750.0,50500.0,-15.481171548117153,LL (Lower Low)
1210,2021-04-18 11:45:00,50500.0,53116.5,5.181188118811881,HL (Higher Low)
1211,2021-04-18 15:45:00,53116.5,54711.0,3.0018920674366725,HL (Higher Low)
1212,2021-04-19 05:15:00,54711.0,56422.0,3.127341850816107,HL (Higher Low)
1213,2021-04-19 10:30:00,56422.0,56245.5,-0.31282123994186667,LL (Lower Low)
1214,2021-04-19 15:45:00,56245.5,54279.0,-3.49627970237619,LL (Lower Low)
1215,2021-04-20 02:45:00,54279.0,53656.0,-1.1477735404115772,LL (Lower Low)
1216,2021-04-20 07:30:00,53656.0,53382.5,-0.5097286417176085,LL (Lower Low)
1217,2021-04-20 15:30:00,53382.5,54701.0,2.4699105512106025,HL (Higher Low)
1218,2021-04-21 01:00:00,54701.0,55386.0,1.252262298678269,HL (Higher Low)
1219,2021-04-21 04:15:00,55386.0,55033.0,-0.6373451774816741,LL (Lower Low)
1220,2021-04-21 08:00:00,55033.0,54802.0,-0.4197481511093344,LL (Lower Low)
1221,2021-04-21 11:45:00,54802.0,54363.0,-0.8010656545381556,LL (Lower Low)
1222,2021-04-22 02:00:00,54363.0,52618.5,-3.2089840516527786,LL (Lower Low)
1223,2021-04-22 08:45:00,52618.5,53183.5,1.0737668310575177,HL (Higher Low)
1224,2021-04-22 21:00:00,53183.5,50580.0,-4.895315276354508,LL (Lower Low)
1225,2021-04-23 02:15:00,50580.0,48666.5,-3.7831158560695926,LL (Lower Low)
1226,2021-04-23 08:00:00,48666.5,47581.0,-2.230487090709215,LL (Lower Low)
1227,2021-04-23 13:30:00,47581.0,48539.0,2.013408713562136,HL (Higher Low)
1228,2021-04-24 11:45:00,48539.0,48742.5,0.4192504995982612,HL (Higher Low)
1229,2021-04-24 15:00:00,48742.5,48960.0,0.44622249576857975,HL (Higher Low)
1230,2021-04-25 00:45:00,48960.0,49767.5,1.6493055555555556,HL (Higher Low)
1231,2021-04-25 07:15:00,49767.5,49156.5,-1.2277088461345256,LL (Lower Low)
1232,2021-04-25 21:45:00,49156.5,47019.0,-4.348356778859357,LL (Lower Low)
1233,2021-04-26 09:00:00,47019.0,52257.0,11.140177375103681,HL (Higher Low)
1234,2021-04-26 16:15:00,52257.0,52885.5,1.2027096848269132,HL (Higher Low)
1235,2021-04-26 21:15:00,52885.5,52632.0,-0.4793374365374252,LL (Lower Low)
1236,2021-04-27 04:15:00,52632.0,53275.0,1.2216902264781881,HL (Higher Low)
1237,2021-04-27 14:00:00,53275.0,54370.0,2.055373064289066,HL (Higher Low)
1238,2021-04-27 17:00:00,54370.0,54278.5,-0.16829133713444916,LL (Lower Low)
1239,2021-04-27 23:00:00,54278.5,54725.0,0.8226093204491649,HL (Higher Low)
1240,2021-04-28 06:30:00,54725.0,53888.0,-1.529465509365007,LL (Lower Low)
1241,2021-04-28 15:15:00,53888.0,54132.0,0.452790973871734,HL (Higher Low)
1242,2021-04-28 21:00:00,54132.0,54000.0,-0.2438483706495234,LL (Lower Low)
1243,2021-04-29 05:00:00,54000.0,53551.0,-0.8314814814814815,LL (Lower Low)
1244,2021-04-29 09:00:00,53551.0,53825.0,0.5116617803589102,HL (Higher Low)
1245,2021-04-29 20:00:00,53825.0,52387.0,-2.6716209939619135,LL (Lower Low)
1246,2021-04-30 11:00:00,52387.0,54099.5,3.268940767747724,HL (Higher Low)
1247,2021-05-01 04:30:00,54099.5,57760.5,6.767160509801384,HL (Higher Low)
1248,2021-05-01 09:00:00,57760.5,57250.0,-0.8838219890755793,LL (Lower Low)
1249,2021-05-01 15:15:00,57250.0,57093.5,-0.27336244541484717,LL (Lower Low)
1250,2021-05-01 22:00:00,57093.5,57352.0,0.4527660766987486,HL (Higher Low)
1251,2021-05-02 04:00:00,57352.0,56281.0,-1.8674152601478589,LL (Lower Low)
1252,2021-05-02 09:15:00,56281.0,56110.0,-0.30383255450329594,LL (Lower Low)
1253,2021-05-02 16:00:00,56110.0,56377.0,0.47585100695063265,HL (Higher Low)
1254,2021-05-02 22:30:00,56377.0,56277.0,-0.17737729925324158,LL (Lower Low)
1255,2021-05-03 04:45:00,56277.0,57766.0,2.645841107379569,HL (Higher Low)
1256,2021-05-03 16:00:00,57766.0,57257.5,-0.8802755946404459,LL (Lower Low)
1257,2021-05-03 21:00:00,57257.5,56541.0,-1.2513644500720429,LL (Lower Low)
1258,2021-05-04 00:45:00,56541.0,54600.0,-3.4329070939672093,LL (Lower Low)
1259,2021-05-04 04:00:00,54600.0,55275.0,1.2362637362637363,HL (Higher Low)
1260,2021-05-04 08:00:00,55275.0,55607.0,0.6006331976481231,HL (Higher Low)
1261,2021-05-04 16:45:00,55607.0,53262.0,-4.217094970057726,LL (Lower Low)
1262,2021-05-05 00:00:00,53262.0,52930.0,-0.6233337088355675,LL (Lower Low)
1263,2021-05-05 06:30:00,52930.0,54028.5,2.0753825807670507,HL (Higher Low)
1264,2021-05-05 11:45:00,54028.5,55080.0,1.946195063716372,HL (Higher Low)
1265,2021-05-05 20:30:00,55080.0,56668.5,2.883986928104575,HL (Higher Low)
1266,2021-05-06 00:30:00,56668.5,56642.0,-0.046763192955522025,LL (Lower Low)
1267,2021-05-06 07:00:00,56642.0,56458.0,-0.3248472864658734,LL (Lower Low)
1268,2021-05-06 19:15:00,56458.0,55323.5,-2.0094583584257326,LL (Lower Low)
1269,2021-05-07 04:30:00,55323.5,55311.0,-0.022594376711524033,LL (Lower Low)
1270,2021-05-07 08:00:00,55311.0,55631.0,0.578546762850066,HL (Higher Low)
1271,2021-05-07 22:45:00,55631.0,56852.5,2.1957182146644856,HL (Higher Low)
1272,2021-05-08 06:30:00,56852.5,57535.5,1.2013543819533001,HL (Higher Low)
1273,2021-05-08 12:00:00,57535.5,58263.0,1.2644367390567564,HL (Higher Low)
1274,2021-05-08 15:45:00,58263.0,57553.0,-1.2186121552271596,LL (Lower Low)
1275,2021-05-09 01:00:00,57553.0,58414.5,1.4968811356488803,HL (Higher Low)
1276,2021-05-09 04:15:00,58414.5,57853.0,-0.9612339402032031,LL (Lower Low)
1277,2021-05-09 12:45:00,57853.0,56375.0,-2.5547508340103366,LL (Lower Low)
1278,2021-05-09 19:15:00,56375.0,57095.5,1.278048780487805,HL (Higher Low)
1279,2021-05-10 11:15:00,57095.5,57477.0,0.6681787531416661,HL (Higher Low)
1280,2021-05-10 15:00:00,57477.0,56801.5,-1.175252709779564,LL (Lower Low)
1281,2021-05-10 20:00:00,56801.5,53421.5,-5.95054708062287,LL (Lower Low)
1282,2021-05-11 03:00:00,53421.5,54512.0,2.0413129545220556,HL (Higher Low)
1283,2021-05-11 12:30:00,54512.0,54841.0,0.6035368359260347,HL (Higher Low)
1284,2021-05-11 23:30:00,54841.0,56232.5,2.5373352054120093,HL (Higher Low)
1285,2021-05-12 19:15:00,56232.5,53604.0,-4.674343128973459,LL (Lower Low)
1286,2021-05-13 00:00:00,53604.0,45719.0,-14.709723154988433,LL (Lower Low)
1287,2021-05-13 03:45:00,45719.0,49583.0,8.451628425818587,HL (Higher Low)
1288,2021-05-13 11:00:00,49583.0,48523.0,-2.137829498013432,LL (Lower Low)
1289,2021-05-13 17:30:00,48523.0,47015.0,-3.107804546297632,LL (Lower Low)
1290,2021-05-13 23:00:00,47015.0,48465.5,3.0851855790705094,HL (Higher Low)
1291,2021-05-14 04:30:00,48465.5,48901.0,0.8985773385191529,HL (Higher Low)
1292,2021-05-14 13:15:00,48901.0,50105.0,2.4621173391137194,HL (Higher Low)
1293,2021-05-14 21:00:00,50105.0,49081.5,-2.04271030835246,LL (Lower Low)
1294,2021-05-15 00:45:00,49081.5,49329.0,0.5042633171357843,HL (Higher Low)
1295,2021-05-15 10:30:00,49329.0,47834.0,-3.030671613047092,LL (Lower Low)
1296,2021-05-15 19:30:00,47834.0,46916.5,-1.9180917339131163,LL (Lower Low)
1297,2021-05-16 00:00:00,46916.5,46521.0,-0.8429870088348449,LL (Lower Low)
1298,2021-05-16 20:45:00,46521.0,43890.0,-5.655510414651448,LL (Lower Low)
1299,2021-05-17 04:00:00,43890.0,42180.0,-3.896103896103896,LL (Lower Low)
1300,2021-05-17 11:00:00,42180.0,44421.0,5.31294452347084,HL (Higher Low)
1301,2021-05-17 17:15:00,44421.0,42143.5,-5.127079534454425,LL (Lower Low)
1302,2021-05-17 23:00:00,42143.5,42522.0,0.8981218930558686,HL (Higher Low)
1303,2021-05-18 09:15:00,42522.0,44665.5,5.040919994355863,HL (Higher Low)
1304,2021-05-18 18:30:00,44665.5,42432.0,-5.000503744500789,LL (Lower Low)
1305,2021-05-19 07:15:00,42432.0,38487.5,-9.296050150829563,LL (Lower Low)
1306,2021-05-19 13:00:00,38487.5,28801.0,-25.16791165962975,LL (Lower Low)
1307,2021-05-20 00:45:00,28801.0,34950.0,21.349953126627547,HL (Higher Low)
1308,2021-05-20 09:30:00,34950.0,38743.5,10.854077253218884,HL (Higher Low)
1309,2021-05-20 16:45:00,38743.5,38093.5,-1.6777007756139741,LL (Lower Low)
1310,2021-05-20 22:30:00,38093.5,39504.5,3.7040439970073633,HL (Higher Low)
1311,2021-05-21 06:00:00,39504.5,39211.0,-0.7429533344302548,LL (Lower Low)
1312,2021-05-21 16:00:00,39211.0,36071.0,-8.007956950855627,LL (Lower Low)
1313,2021-05-21 21:15:00,36071.0,33404.0,-7.3937512128856975,LL (Lower Low)
1314,2021-05-22 05:30:00,33404.0,35220.0,5.436474673691773,HL (Higher Low)
1315,2021-05-22 15:15:00,35220.0,37082.0,5.286768881317433,HL (Higher Low)
1316,2021-05-22 19:45:00,37082.0,37182.5,0.271020980529637,HL (Higher Low)
1317,2021-05-23 00:00:00,37182.5,36676.0,-1.3621999596584415,LL (Lower Low)
1318,2021-05-23 08:45:00,36676.0,33800.5,-7.840277020394809,LL (Lower Low)
1319,2021-05-23 16:30:00,33800.5,31068.5,-8.082720669812577,LL (Lower Low)
1320,2021-05-24 04:30:00,31068.5,34390.5,10.692502051917536,HL (Higher Low)
1321,2021-05-24 10:30:00,34390.5,35910.0,4.418371352553758,HL (Higher Low)
1322,2021-05-24 16:15:00,35910.0,36866.0,2.6622110832637147,HL (Higher Low)
1323,2021-05-24 22:30:00,36866.0,37987.0,3.0407421472359357,HL (Higher Low)
1324,2021-05-25 04:15:00,37987.0,37666.5,-0.843709690157159,LL (Lower Low)
1325,2021-05-25 12:00:00,37666.5,36466.5,-3.185854804667277,LL (Lower Low)
1326,2021-05-25 19:45:00,36466.5,37155.0,1.888034223191148,HL (Higher Low)
1327,2021-05-26 00:30:00,37155.0,37823.0,1.7978737720360651,HL (Higher Low)
1328,2021-05-26 19:30:00,37823.0,37905.0,0.2167993020120033,HL (Higher Low)
1329,2021-05-27 03:15:00,37905.0,37176.0,-1.923229125445192,LL (Lower Low)
1330,2021-05-27 21:00:00,37176.0,38201.5,2.7585001075962987,HL (Higher Low)
1331,2021-05-28 01:00:00,38201.5,37736.0,-1.2185385390626022,LL (Lower Low)
1332,2021-05-28 11:45:00,37736.0,35124.5,-6.920447318210727,LL (Lower Low)
1333,2021-05-28 21:15:00,35124.5,34702.0,-1.202864097709576,LL (Lower Low)
1334,2021-05-29 04:45:00,34702.0,35611.0,2.6194455650971125,HL (Higher Low)
1335,2021-05-29 18:15:00,35611.0,33662.0,-5.47302799696723,LL (Lower Low)
1336,2021-05-30 00:30:00,33662.0,33360.0,-0.8971540609589448,LL (Lower Low)
1337,2021-05-30 14:15:00,33360.0,35123.5,5.286270983213429,HL (Higher Low)
1338,2021-05-31 04:30:00,35123.5,34176.5,-2.696200549489658,LL (Lower Low)
1339,2021-05-31 14:15:00,34176.5,36315.5,6.2586865243661585,HL (Higher Low)
1340,2021-05-31 19:30:00,36315.5,36501.0,0.5108011730528287,HL (Higher Low)
1341,2021-06-01 03:45:00,36501.0,36520.0,0.05205336840086573,HL (Higher Low)
1342,2021-06-01 08:45:00,36520.0,35917.5,-1.6497809419496166,LL (Lower Low)
1343,2021-06-01 13:00:00,35917.5,35600.0,-0.8839702095079,LL (Lower Low)
1344,2021-06-01 17:00:00,35600.0,35729.0,0.36235955056179775,HL (Higher Low)
1345,2021-06-02 01:00:00,35729.0,35900.0,0.4786028156399564,HL (Higher Low)
1346,2021-06-02 11:00:00,35900.0,36864.0,2.6852367688022283,HL (Higher Low)
1347,2021-06-03 02:30:00,36864.0,37215.5,0.9535047743055556,HL (Higher Low)
1348,2021-06-03 13:45:00,37215.5,38360.0,3.075331515094517,HL (Higher Low)
1349,2021-06-03 19:45:00,38360.0,38497.0,0.35714285714285715,HL (Higher Low)
1350,2021-06-04 02:00:00,38497.0,37400.0,-2.8495726939761536,LL (Lower Low)
1351,2021-06-04 08:00:00,37400.0,36250.0,-3.074866310160428,LL (Lower Low)
1352,2021-06-04 12:00:00,36250.0,35601.0,-1.7903448275862068,LL (Lower Low)
1353,2021-06-04 19:45:00,35601.0,36745.0,3.213392882222409,HL (Higher Low)
1354,2021-06-04 23:00:00,36745.0,36490.5,-0.6926112396244387,LL (Lower Low)
1355,2021-06-05 12:00:00,36490.5,35211.0,-3.506392074649566,LL (Lower Low)
1356,2021-06-05 21:30:00,35211.0,34824.0,-1.0990883530714832,LL (Lower Low)
1357,2021-06-06 06:15:00,34824.0,35688.5,2.4824833448196646,HL (Higher Low)
1358,2021-06-06 14:00:00,35688.5,35477.0,-0.5926278773274304,LL (Lower Low)
1359,2021-06-06 22:30:00,35477.0,35235.5,-0.680722721763396,LL (Lower Low)
1360,2021-06-07 07:15:00,35235.5,35870.0,1.800740730229456,HL (Higher Low)
1361,2021-06-07 23:45:00,35870.0,33240.0,-7.332032339001951,LL (Lower Low)
1362,2021-06-08 02:45:00,33240.0,32304.0,-2.815884476534296,LL (Lower Low)
1363,2021-06-08 07:00:00,32304.0,32035.0,-0.8327142149579,LL (Lower Low)
1364,2021-06-08 10:30:00,32035.0,32660.0,1.950991103480568,HL (Higher Low)
1365,2021-06-08 15:15:00,32660.0,30980.0,-5.143906919779547,LL (Lower Low)
1366,2021-06-09 02:15:00,30980.0,32379.0,4.515816655907036,HL (Higher Low)
1367,2021-06-09 14:45:00,32379.0,34555.0,6.720405200901819,HL (Higher Low)
1368,2021-06-09 19:15:00,34555.0,35688.0,3.278830849370569,HL (Higher Low)
1369,2021-06-10 05:30:00,35688.0,36536.5,2.3775498767092578,HL (Higher Low)
1370,2021-06-10 09:00:00,36536.5,36241.5,-0.807411766315876,LL (Lower Low)
1371,2021-06-10 20:30:00,36241.5,35819.0,-1.1657905991749788,LL (Lower Low)
1372,2021-06-11 01:15:00,35819.0,35944.5,0.35037270722242386,HL (Higher Low)
1373,2021-06-11 07:00:00,35944.5,36410.0,1.2950520942007817,HL (Higher Low)
1374,2021-06-11 16:30:00,36410.0,36530.0,0.32957978577313923,HL (Higher Low)
1375,2021-06-11 21:30:00,36530.0,36776.0,0.6734191075828087,HL (Higher Low)
1376,2021-06-12 05:45:00,36776.0,35022.0,-4.769414835762454,LL (Lower Low)
1377,2021-06-12 10:15:00,35022.0,34630.0,-1.1192964422363088,LL (Lower Low)
1378,2021-06-12 16:00:00,34630.0,35305.0,1.9491770141495814,HL (Higher Low)
1379,2021-06-13 00:15:00,35305.0,35344.0,0.11046593966860217,HL (Higher Low)
1380,2021-06-13 04:00:00,35344.0,34761.5,-1.648087369850611,LL (Lower Low)
1381,2021-06-13 14:15:00,34761.5,35656.0,2.5732491405721847,HL (Higher Low)
1382,2021-06-14 03:30:00,35656.0,38772.0,8.739062149427866,HL (Higher Low)
1383,2021-06-14 08:45:00,38772.0,38888.0,0.299184978850717,HL (Higher Low)
1384,2021-06-14 19:15:00,38888.0,39336.0,1.1520263320304465,HL (Higher Low)
1385,2021-06-15 01:45:00,39336.0,39863.0,1.3397396786658533,HL (Higher Low)
1386,2021-06-15 09:00:00,39863.0,39560.0,-0.7601033539874068,LL (Lower Low)
1387,2021-06-15 15:00:00,39560.0,39730.0,0.4297269969666329,HL (Higher Low)
1388,2021-06-15 20:00:00,39730.0,39540.0,-0.47822803926503904,LL (Lower Low)
1389,2021-06-16 01:00:00,39540.0,39640.0,0.25290844714213456,HL (Higher Low)
1390,2021-06-16 18:15:00,39640.0,38300.5,-3.379162462159435,LL (Lower Low)
1391,2021-06-16 23:15:00,38300.5,38173.5,-0.3315883604652681,LL (Lower Low)
1392,2021-06-17 05:00:00,38173.5,38653.0,1.2561069852122546,HL (Higher Low)
1393,2021-06-17 14:00:00,38653.0,38470.0,-0.47344319975163635,LL (Lower Low)
1394,2021-06-17 20:00:00,38470.0,37400.0,-2.781388094619184,LL (Lower Low)
1395,2021-06-18 02:15:00,37400.0,37259.5,-0.37566844919786097,LL (Lower Low)
1396,2021-06-18 06:45:00,37259.5,37425.0,0.4441820206927093,HL (Higher Low)
1397,2021-06-18 10:15:00,37425.0,37113.5,-0.8323313293253173,LL (Lower Low)
1398,2021-06-18 18:45:00,37113.5,35159.0,-5.266277769544775,LL (Lower Low)
1399,2021-06-19 03:15:00,35159.0,34800.0,-1.0210756847464375,LL (Lower Low)
1400,2021-06-19 10:15:00,34800.0,35556.0,2.1724137931034484,HL (Higher Low)
1401,2021-06-19 13:00:00,35556.0,35545.0,-0.030937113286083926,LL (Lower Low)
1402,2021-06-19 18:30:00,35545.0,35364.5,-0.5078070052046701,LL (Lower Low)
1403,2021-06-20 00:15:00,35364.5,35160.0,-0.578263512844802,LL (Lower Low)
1404,2021-06-20 12:15:00,35160.0,33338.0,-5.18202502844141,LL (Lower Low)
1405,2021-06-21 11:15:00,33338.0,31710.0,-4.883316335713,LL (Lower Low)
1406,2021-06-21 16:45:00,31710.0,32050.0,1.0722169662567014,HL (Higher Low)
1407,2021-06-22 00:15:00,32050.0,31180.0,-2.7145085803432134,LL (Lower Low)
1408,2021-06-22 13:45:00,31180.0,28774.0,-7.716484926234767,LL (Lower Low)
1409,2021-06-23 00:15:00,28774.0,31704.0,10.18280392020574,HL (Higher Low)
1410,2021-06-23 05:00:00,31704.0,33588.0,5.942467827403482,HL (Higher Low)
1411,2021-06-23 09:00:00,33588.0,33650.0,0.1845897344289627,HL (Higher Low)
1412,2021-06-23 20:00:00,33650.0,32750.0,-2.674591381872214,LL (Lower Low)
1413,2021-06-24 04:30:00,32750.0,32330.5,-1.280916030534351,LL (Lower Low)
1414,2021-06-24 16:00:00,32330.5,33744.5,4.373579128067924,HL (Higher Low)
1415,2021-06-24 22:15:00,33744.5,34530.0,2.327786750433404,HL (Higher Low)
1416,2021-06-25 01:00:00,34530.0,34252.0,-0.8050970170865914,LL (Lower Low)
1417,2021-06-25 17:45:00,34252.0,31505.0,-8.01996963680953,LL (Lower Low)
1418,2021-06-25 22:45:00,31505.0,31300.0,-0.6506903666084749,LL (Lower Low)
1419,2021-06-26 08:15:00,31300.0,30101.0,-3.8306709265175716,LL (Lower Low)
1420,2021-06-26 14:00:00,30101.0,30487.0,1.282349423607189,HL (Higher Low)
1421,2021-06-26 21:00:00,30487.0,30914.5,1.402237019057303,HL (Higher Low)
1422,2021-06-27 10:30:00,30914.5,32339.0,4.607870093321904,HL (Higher Low)
1423,2021-06-27 14:00:00,32339.0,32700.0,1.1162992052939176,HL (Higher Low)
1424,2021-06-27 18:00:00,32700.0,32573.0,-0.3883792048929664,LL (Lower Low)
1425,2021-06-27 21:15:00,32573.0,32438.0,-0.41445368863782883,LL (Lower Low)
1426,2021-06-28 02:00:00,32438.0,34257.0,5.607620691781244,HL (Higher Low)
1427,2021-06-28 12:00:00,34257.0,33905.0,-1.0275272207140147,LL (Lower Low)
1428,2021-06-28 18:45:00,33905.0,33969.0,0.18876271936292582,HL (Higher Low)
1429,2021-06-28 23:00:00,33969.0,34132.5,0.48132120462774886,HL (Higher Low)
1430,2021-06-29 03:00:00,34132.5,34240.0,0.3149490954369003,HL (Higher Low)
1431,2021-06-30 00:00:00,34240.0,35650.0,4.117990654205608,HL (Higher Low)
1432,2021-06-30 05:00:00,35650.0,34666.0,-2.7601683029453015,LL (Lower Low)
1433,2021-06-30 09:45:00,34666.0,34425.0,-0.6952056770322507,LL (Lower Low)
1434,2021-06-30 16:00:00,34425.0,34050.0,-1.0893246187363834,LL (Lower Low)
1435,2021-06-30 20:45:00,34050.0,34391.0,1.0014684287812041,HL (Higher Low)
1436,2021-07-01 04:00:00,34391.0,34100.0,-0.8461516094327003,LL (Lower Low)
1437,2021-07-01 10:15:00,34100.0,33000.0,-3.225806451612903,LL (Lower Low)
1438,2021-07-01 14:30:00,33000.0,33051.0,0.15454545454545454,HL (Higher Low)
1439,2021-07-01 19:30:00,33051.0,32710.0,-1.0317388278720765,LL (Lower Low)
1440,2021-07-02 05:45:00,32710.0,32695.0,-0.04585753592173647,LL (Lower Low)
1441,2021-07-02 10:15:00,32695.0,32774.5,0.2431564459397461,HL (Higher Low)
1442,2021-07-02 20:15:00,32774.5,33050.0,0.8405925338296542,HL (Higher Low)
1443,2021-07-03 03:45:00,33050.0,33339.0,0.8744326777609681,HL (Higher Low)
1444,2021-07-03 11:30:00,33339.0,34442.5,3.3099373106571885,HL (Higher Low)
1445,2021-07-03 16:00:00,34442.5,34462.0,0.056616099295927994,HL (Higher Low)
1446,2021-07-03 22:15:00,34462.0,34266.5,-0.5672915094887122,LL (Lower Low)
1447,2021-07-04 12:45:00,34266.5,35250.0,2.8701501466446824,HL (Higher Low)
1448,2021-07-04 18:00:00,35250.0,35373.5,0.350354609929078,HL (Higher Low)
1449,2021-07-05 04:15:00,35373.5,34060.0,-3.7132316564659984,LL (Lower Low)
1450,2021-07-05 12:00:00,34060.0,33327.0,-2.1520845566647093,LL (Lower Low)
1451,2021-07-05 17:30:00,33327.0,33119.0,-0.6241185825306808,LL (Lower Low)
1452,2021-07-06 00:00:00,33119.0,33633.5,1.553488933844621,HL (Higher Low)
1453,2021-07-06 11:30:00,33633.5,33732.0,0.29286277074940165,HL (Higher Low)
1454,2021-07-06 17:15:00,33732.0,33512.0,-0.6521996916874184,LL (Lower Low)
1455,2021-07-06 21:45:00,33512.0,33636.0,0.37001671043208406,HL (Higher Low)
1456,2021-07-07 10:00:00,33636.0,34460.0,2.449756213580687,HL (Higher Low)
1457,2021-07-07 16:00:00,34460.0,34431.5,-0.08270458502611723,LL (Lower Low)
1458,2021-07-08 00:30:00,34431.5,33077.5,-3.932445580355198,LL (Lower Low)
1459,2021-07-08 08:00:00,33077.5,32248.0,-2.507746957901897,LL (Lower Low)
1460,2021-07-08 11:00:00,32248.0,32089.0,-0.49305383279583226,LL (Lower Low)
1461,2021-07-09 01:00:00,32089.0,32280.5,0.5967777119885319,HL (Higher Low)
1462,2021-07-09 08:15:00,32280.5,32613.0,1.0300336116231161,HL (Higher Low)
1463,2021-07-09 12:15:00,32613.0,32644.0,0.09505411952288964,HL (Higher Low)
1464,2021-07-09 19:00:00,32644.0,33288.0,1.9727974512927338,HL (Higher Low)
1465,2021-07-10 05:00:00,33288.0,33478.0,0.5707762557077625,HL (Higher Low)
1466,2021-07-10 11:00:00,33478.0,33573.5,0.2852619630802318,HL (Higher Low)
1467,2021-07-10 20:00:00,33573.5,33010.0,-1.6784070770101418,LL (Lower Low)
1468,2021-07-11 04:30:00,33010.0,33339.0,0.9966676764616782,HL (Higher Low)
1469,2021-07-11 07:15:00,33339.0,33391.0,0.15597348450763368,HL (Higher Low)
1470,2021-07-11 16:15:00,33391.0,33746.5,1.0646581414153513,HL (Higher Low)
1471,2021-07-11 21:00:00,33746.5,33711.5,-0.10371445927725839,LL (Lower Low)
1472,2021-07-12 01:30:00,33711.5,34050.0,1.0041083903119112,HL (Higher Low)
1473,2021-07-12 05:45:00,34050.0,34165.0,0.3377386196769457,HL (Higher Low)
1474,2021-07-12 20:00:00,34165.0,32700.0,-4.288014049465827,LL (Lower Low)
1475,2021-07-13 00:15:00,32700.0,32857.5,0.481651376146789,HL (Higher Low)
1476,2021-07-13 05:30:00,32857.5,32772.0,-0.2602145628851861,LL (Lower Low)
1477,2021-07-13 20:00:00,32772.0,32213.5,-1.7041987062126205,LL (Lower Low)
1478,2021-07-14 05:30:00,32213.5,31654.0,-1.7368494575255715,LL (Lower Low)
1479,2021-07-14 09:00:00,31654.0,31594.0,-0.18954950401213116,LL (Lower Low)
1480,2021-07-14 12:45:00,31594.0,32293.0,2.2124454010255112,HL (Higher Low)
1481,2021-07-14 19:00:00,32293.0,32583.0,0.8980274362865017,HL (Higher Low)
1482,2021-07-15 00:15:00,32583.0,32650.0,0.20562870208390877,HL (Higher Low)
1483,2021-07-15 13:15:00,32650.0,31480.0,-3.5834609494640124,LL (Lower Low)
1484,2021-07-15 17:45:00,31480.0,31160.0,-1.0165184243964422,LL (Lower Low)
1485,2021-07-15 23:30:00,31160.0,31515.5,1.1408857509627728,HL (Higher Low)
1486,2021-07-16 11:45:00,31515.5,31056.0,-1.4580127238977647,LL (Lower Low)
1487,2021-07-17 00:15:00,31056.0,31171.5,0.37190880989180836,HL (Higher Low)
1488,2021-07-17 04:00:00,31171.5,31217.5,0.147570697592352,HL (Higher Low)
1489,2021-07-17 11:00:00,31217.5,31260.0,0.13614158725074077,HL (Higher Low)
1490,2021-07-18 00:00:00,31260.0,31478.0,0.6973768394113884,HL (Higher Low)
1491,2021-07-18 10:00:00,31478.0,31600.0,0.3875722726983925,HL (Higher Low)
1492,2021-07-18 14:30:00,31600.0,31122.0,-1.5126582278481011,LL (Lower Low)
1493,2021-07-18 22:15:00,31122.0,31423.5,0.9687680740312319,HL (Higher Low)
1494,2021-07-19 01:15:00,31423.5,31440.0,0.052508472958136425,HL (Higher Low)
1495,2021-07-19 14:15:00,31440.0,30412.0,-3.2697201017811706,LL (Lower Low)
1496,2021-07-19 19:15:00,30412.0,30553.5,0.4652768643956333,HL (Higher Low)
1497,2021-07-20 03:30:00,30553.5,29483.0,-3.503690248253064,LL (Lower Low)
1498,2021-07-20 09:45:00,29483.0,29272.5,-0.7139707628124682,LL (Lower Low)
1499,2021-07-20 14:15:00,29272.5,29278.5,0.020497053548552396,HL (Higher Low)
1500,2021-07-21 01:15:00,29278.5,29509.0,0.7872671072630087,HL (Higher Low)
1501,2021-07-21 20:30:00,29509.0,31512.0,6.78775966654241,HL (Higher Low)
1502,2021-07-22 02:30:00,31512.0,31761.5,0.7917618684945418,HL (Higher Low)
1503,2021-07-22 05:45:00,31761.5,31855.5,0.29595579553862383,HL (Higher Low)
1504,2021-07-22 11:00:00,31855.5,31725.5,-0.4080927940230102,LL (Lower Low)
1505,2021-07-22 18:00:00,31725.5,32228.5,1.585475406218972,HL (Higher Low)
1506,2021-07-22 22:15:00,32228.5,32057.5,-0.5305862823277534,LL (Lower Low)
1507,2021-07-23 10:15:00,32057.5,32226.0,0.5256180301021601,HL (Higher Low)
1508,2021-07-23 16:15:00,32226.0,32028.0,-0.6144107242599143,LL (Lower Low)
1509,2021-07-24 08:45:00,32028.0,33527.0,4.680279755214188,HL (Higher Low)
1510,2021-07-24 14:15:00,33527.0,33702.5,0.5234587049243893,HL (Higher Low)
1511,2021-07-24 20:15:00,33702.5,33652.0,-0.1498405162821749,LL (Lower Low)
1512,2021-07-25 01:45:00,33652.0,33829.0,0.5259717104481161,HL (Higher Low)
1513,2021-07-25 14:15:00,33829.0,33870.5,0.12267581069496586,HL (Higher Low)
1514,2021-07-26 08:00:00,33870.5,37717.0,11.356490161054605,HL (Higher Low)
1515,2021-07-26 22:15:00,37717.0,36748.0,-2.569133282074396,LL (Lower Low)
1516,2021-07-27 03:00:00,36748.0,36396.5,-0.9565146402525309,LL (Lower Low)
1517,2021-07-27 18:00:00,36396.5,37349.0,2.617009877323369,HL (Higher Low)
1518,2021-07-28 06:30:00,37349.0,39268.0,5.138022437013039,HL (Higher Low)
1519,2021-07-28 14:45:00,39268.0,39310.0,0.10695731893653865,HL (Higher Low)
1520,2021-07-28 18:00:00,39310.0,38719.0,-1.5034342406512338,LL (Lower Low)
1521,2021-07-29 01:15:00,38719.0,39250.0,1.371419716418296,HL (Higher Low)
1522,2021-07-29 12:15:00,39250.0,39451.0,0.5121019108280255,HL (Higher Low)
1523,2021-07-29 18:30:00,39451.0,39390.0,-0.15462218955159565,LL (Lower Low)
1524,2021-07-30 09:15:00,39390.0,38305.0,-2.7545062198527543,LL (Lower Low)
1525,2021-07-30 18:00:00,38305.0,38849.0,1.4201801331418875,HL (Higher Low)
1526,2021-07-31 05:30:00,38849.0,41165.5,5.962830446086128,HL (Higher Low)
1527,2021-07-31 14:00:00,41165.5,41078.5,-0.21134202183867556,LL (Lower Low)
1528,2021-07-31 17:30:00,41078.5,41016.0,-0.1521477171756515,LL (Lower Low)
1529,2021-08-01 00:00:00,41016.0,41111.0,0.23161692997854494,HL (Higher Low)
1530,2021-08-01 07:15:00,41111.0,41601.0,1.1918951132300357,HL (Higher Low)
1531,2021-08-01 10:45:00,41601.0,41300.0,-0.7235402995120309,LL (Lower Low)
1532,2021-08-01 16:15:00,41300.0,40750.0,-1.331719128329298,LL (Lower Low)
1533,2021-08-01 19:15:00,40750.0,40570.0,-0.44171779141104295,LL (Lower Low)
1534,2021-08-02 01:00:00,40570.0,39225.0,-3.3152575794922354,LL (Lower Low)
1535,2021-08-02 05:15:00,39225.0,39595.0,0.9432759719566604,HL (Higher Low)
1536,2021-08-02 09:00:00,39595.0,39305.0,-0.7324157090541735,LL (Lower Low)
1537,2021-08-02 12:30:00,39305.0,38845.0,-1.170334563032693,LL (Lower Low)
1538,2021-08-02 20:00:00,38845.0,38662.0,-0.47110310207233874,LL (Lower Low)
1539,2021-08-03 00:00:00,38662.0,38732.5,0.18234959391650718,HL (Higher Low)
1540,2021-08-03 05:15:00,38732.5,37920.5,-2.096430646098238,LL (Lower Low)
1541,2021-08-03 12:00:00,37920.5,37650.0,-0.7133344760749463,LL (Lower Low)
1542,2021-08-03 18:00:00,37650.0,37593.0,-0.15139442231075698,LL (Lower Low)
1543,2021-08-04 00:00:00,37593.0,37974.0,1.0134865533476978,HL (Higher Low)
1544,2021-08-04 08:45:00,37974.0,37375.5,-1.5760783694106495,LL (Lower Low)
1545,2021-08-05 01:15:00,37375.5,39164.0,4.785220264611844,HL (Higher Low)
1546,2021-08-05 12:45:00,39164.0,37281.0,-4.807986926769482,LL (Lower Low)
1547,2021-08-06 01:15:00,37281.0,39908.0,7.0464848045921515,HL (Higher Low)
1548,2021-08-06 04:15:00,39908.0,39870.0,-0.09521900370852962,LL (Lower Low)
1549,2021-08-06 12:00:00,39870.0,40250.5,0.9543516428392275,HL (Higher Low)
1550,2021-08-06 21:45:00,40250.5,42402.0,5.3452752139724975,HL (Higher Low)
1551,2021-08-07 06:30:00,42402.0,43042.0,1.5093627659072686,HL (Higher Low)
1552,2021-08-07 13:00:00,43042.0,43116.0,0.1719250964174527,HL (Higher Low)
1553,2021-08-07 16:15:00,43116.0,42360.0,-1.753409407180629,LL (Lower Low)
1554,2021-08-08 02:15:00,42360.0,43800.0,3.39943342776204,HL (Higher Low)
1555,2021-08-08 11:15:00,43800.0,44050.0,0.5707762557077625,HL (Higher Low)
1556,2021-08-08 19:15:00,44050.0,43288.0,-1.7298524404086266,LL (Lower Low)
1557,2021-08-09 01:15:00,43288.0,42800.0,-1.127333210127518,LL (Lower Low)
1558,2021-08-09 13:45:00,42800.0,45259.0,5.7453271028037385,HL (Higher Low)
1559,2021-08-09 21:15:00,45259.0,44905.5,-0.7810601206389889,LL (Lower Low)
1560,2021-08-10 01:15:00,44905.5,45642.0,1.6401108995557336,HL (Higher Low)
1561,2021-08-10 07:00:00,45642.0,45331.5,-0.6802944656237676,LL (Lower Low)
1562,2021-08-10 11:45:00,45331.5,45165.0,-0.3672942655769167,LL (Lower Low)
1563,2021-08-10 16:30:00,45165.0,44667.0,-1.1026237130521421,LL (Lower Low)
1564,2021-08-11 02:45:00,44667.0,45348.0,1.5246154879441198,HL (Higher Low)
1565,2021-08-11 12:00:00,45348.0,45822.0,1.0452500661550674,HL (Higher Low)
1566,2021-08-11 16:45:00,45822.0,46205.0,0.8358430448256297,HL (Higher Low)
1567,2021-08-12 00:00:00,46205.0,45400.0,-1.7422356887782708,LL (Lower Low)
1568,2021-08-12 05:30:00,45400.0,44856.0,-1.198237885462555,LL (Lower Low)
1569,2021-08-12 16:30:00,44856.0,43810.0,-2.331906545389691,LL (Lower Low)
1570,2021-08-12 22:45:00,43810.0,43915.0,0.23967130792056607,HL (Higher Low)
1571,2021-08-13 15:15:00,43915.0,46135.0,5.055220311966298,HL (Higher Low)
1572,2021-08-13 19:30:00,46135.0,46257.0,0.2644413135363607,HL (Higher Low)
1573,2021-08-14 02:30:00,46257.0,47428.0,2.531508744622436,HL (Higher Low)
1574,2021-08-14 11:00:00,47428.0,46022.0,-2.9644935481150374,LL (Lower Low)
1575,2021-08-14 20:15:00,46022.0,46328.5,0.665985832862544,HL (Higher Low)
1576,2021-08-15 08:00:00,46328.5,45630.0,-1.5077112360641935,LL (Lower Low)
1577,2021-08-15 13:45:00,45630.0,45510.0,-0.26298487836949375,LL (Lower Low)
1578,2021-08-15 17:00:00,45510.0,45666.0,0.34278180619644033,HL (Higher Low)
1579,2021-08-16 08:15:00,45666.0,47010.0,2.943108658520562,HL (Higher Low)
1580,2021-08-16 15:30:00,47010.0,45950.0,-2.2548393958732182,LL (Lower Low)
1581,2021-08-16 20:15:00,45950.0,45713.0,-0.515778019586507,LL (Lower Low)
1582,2021-08-17 00:15:00,45713.0,45250.0,-1.0128409861527357,LL (Lower Low)
1583,2021-08-17 07:00:00,45250.0,45667.5,0.9226519337016575,HL (Higher Low)
1584,2021-08-17 16:00:00,45667.5,45571.5,-0.21021514205945147,LL (Lower Low)
1585,2021-08-17 22:15:00,45571.5,44420.0,-2.5267985473377,LL (Lower Low)
1586,2021-08-18 01:00:00,44420.0,44300.0,-0.27014858171994593,LL (Lower Low)
1587,2021-08-18 08:30:00,44300.0,44875.0,1.2979683972911964,HL (Higher Low)
1588,2021-08-18 12:15:00,44875.0,44681.0,-0.4323119777158774,LL (Lower Low)
1589,2021-08-18 21:00:00,44681.0,44433.0,-0.5550457688950561,LL (Lower Low)
1590,2021-08-19 00:15:00,44433.0,44527.0,0.21155447527738394,HL (Higher Low)
1591,2021-08-19 04:15:00,44527.0,44000.0,-1.1835515529903204,LL (Lower Low)
1592,2021-08-19 12:00:00,44000.0,44175.0,0.3977272727272727,HL (Higher Low)
1593,2021-08-19 22:15:00,44175.0,46344.5,4.911148839841539,HL (Higher Low)
1594,2021-08-20 07:45:00,46344.5,46730.0,0.8318139153513362,HL (Higher Low)
1595,2021-08-20 11:45:00,46730.0,46870.0,0.2995934089450032,HL (Higher Low)
1596,2021-08-20 18:30:00,46870.0,48307.0,3.06592703221677,HL (Higher Low)
1597,2021-08-21 04:15:00,48307.0,48548.0,0.49889250005175234,HL (Higher Low)
1598,2021-08-21 11:00:00,48548.0,48250.0,-0.613825492296284,LL (Lower Low)
1599,2021-08-21 19:15:00,48250.0,48750.0,1.0362694300518136,HL (Higher Low)
1600,2021-08-22 00:00:00,48750.0,48613.5,-0.27999999999999997,LL (Lower Low)
1601,2021-08-22 03:30:00,48613.5,48628.0,0.029827105639380007,HL (Higher Low)
1602,2021-08-22 08:15:00,48628.0,48877.5,0.5130788845932385,HL (Higher Low)
1603,2021-08-22 15:00:00,48877.5,47974.5,-1.8474758324382383,LL (Lower Low)
1604,2021-08-22 18:00:00,47974.5,48152.0,0.36998822291008765,HL (Higher Low)
1605,2021-08-22 21:00:00,48152.0,48262.5,0.22948164146868252,HL (Higher Low)
1606,2021-08-23 06:30:00,48262.5,49907.0,3.4074074074074074,HL (Higher Low)
1607,2021-08-23 10:00:00,49907.0,49950.0,0.08616025808002886,HL (Higher Low)
1608,2021-08-23 15:30:00,49950.0,49305.5,-1.2902902902902902,LL (Lower Low)
1609,2021-08-23 20:00:00,49305.5,49084.5,-0.4482258571558954,LL (Lower Low)
1610,2021-08-24 01:15:00,49084.5,48815.5,-0.5480345119131295,LL (Lower Low)
1611,2021-08-24 16:15:00,48815.5,47810.0,-2.0597965810039844,LL (Lower Low)
1612,2021-08-24 23:45:00,47810.0,47627.0,-0.3827651119012759,LL (Lower Low)
1613,2021-08-25 04:45:00,47627.0,47926.0,0.6277951582085791,HL (Higher Low)
1614,2021-08-25 09:30:00,47926.0,47200.0,-1.5148353711972624,LL (Lower Low)
1615,2021-08-25 14:00:00,47200.0,47345.0,0.3072033898305085,HL (Higher Low)
1616,2021-08-26 07:15:00,47345.0,46612.0,-1.5482099482521914,LL (Lower Low)
1617,2021-08-26 12:00:00,46612.0,46300.0,-0.66935553076461,LL (Lower Low)
1618,2021-08-26 16:15:00,46300.0,46566.5,0.5755939524838013,HL (Higher Low)
1619,2021-08-27 00:15:00,46566.5,46400.0,-0.35755317663985914,LL (Lower Low)
1620,2021-08-27 04:30:00,46400.0,46627.5,0.49030172413793105,HL (Higher Low)
1621,2021-08-27 13:00:00,46627.5,47074.0,0.9575894053938127,HL (Higher Low)
1622,2021-08-28 06:00:00,47074.0,48652.0,3.3521689255215197,HL (Higher Low)
1623,2021-08-28 14:30:00,48652.0,48411.0,-0.49535476444956017,LL (Lower Low)
1624,2021-08-28 19:30:00,48411.0,48510.0,0.2044989775051125,HL (Higher Low)
1625,2021-08-29 04:00:00,48510.0,47789.5,-1.4852607709750567,LL (Lower Low)
1626,2021-08-29 08:45:00,47789.5,48285.5,1.0378848910325489,HL (Higher Low)
1627,2021-08-29 12:00:00,48285.5,48144.0,-0.29304863778981266,LL (Lower Low)
1628,2021-08-29 15:00:00,48144.0,48228.0,0.1744765702891326,HL (Higher Low)
1629,2021-08-29 21:45:00,48228.0,48350.0,0.2529650825246745,HL (Higher Low)
1630,2021-08-30 06:30:00,48350.0,47668.5,-1.409513960703206,LL (Lower Low)
1631,2021-08-30 13:00:00,47668.5,47460.0,-0.43739576449856826,LL (Lower Low)
1632,2021-08-31 00:30:00,47460.0,46680.0,-1.643489254108723,LL (Lower Low)
1633,2021-08-31 07:00:00,46680.0,46900.0,0.4712939160239932,HL (Higher Low)
1634,2021-08-31 10:15:00,46900.0,47187.5,0.6130063965884861,HL (Higher Low)
1635,2021-08-31 17:30:00,47187.5,47033.0,-0.32741721854304634,LL (Lower Low)
1636,2021-09-01 01:00:00,47033.0,46585.0,-0.9525226968298853,LL (Lower Low)
1637,2021-09-01 07:45:00,46585.0,47118.5,1.1452184179456906,HL (Higher Low)
1638,2021-09-01 13:15:00,47118.5,47307.0,0.400055180024831,HL (Higher Low)
1639,2021-09-01 19:30:00,47307.0,48050.5,1.5716490160018601,HL (Higher Low)
1640,2021-09-02 04:15:00,48050.5,49322.0,2.6461743374158435,HL (Higher Low)
1641,2021-09-02 15:00:00,49322.0,49257.5,-0.13077328575483557,LL (Lower Low)
1642,2021-09-03 01:30:00,49257.5,48400.0,-1.740851646957316,LL (Lower Low)
1643,2021-09-03 07:45:00,48400.0,49250.0,1.756198347107438,HL (Higher Low)
1644,2021-09-03 22:15:00,49250.0,49582.0,0.6741116751269036,HL (Higher Low)
1645,2021-09-04 08:00:00,49582.0,49962.0,0.7664071638901214,HL (Higher Low)
1646,2021-09-04 11:00:00,49962.0,49751.0,-0.4223209639325888,LL (Lower Low)
1647,2021-09-04 17:15:00,49751.0,49430.0,-0.6452131615444915,LL (Lower Low)
1648,2021-09-04 23:15:00,49430.0,49790.0,0.7283026502124216,HL (Higher Low)
1649,2021-09-05 06:15:00,49790.0,49550.0,-0.48202450291223137,LL (Lower Low)
1650,2021-09-05 11:15:00,49550.0,49859.0,0.6236125126135217,HL (Higher Low)
1651,2021-09-05 15:30:00,49859.0,50041.5,0.36603221083455345,HL (Higher Low)
1652,2021-09-06 00:15:00,50041.5,51377.0,2.6687849085259234,HL (Higher Low)
1653,2021-09-06 03:45:00,51377.0,51447.0,0.13624773731436246,HL (Higher Low)
1654,2021-09-06 08:15:00,51447.0,51618.5,0.333352770812681,HL (Higher Low)
1655,2021-09-06 12:00:00,51618.5,51083.5,-1.0364501099412031,LL (Lower Low)
1656,2021-09-07 09:30:00,51083.5,50604.0,-0.938659253966545,LL (Lower Low)
1657,2021-09-07 15:00:00,50604.0,42330.0,-16.350486127578847,LL (Lower Low)
1658,2021-09-07 18:15:00,42330.0,45956.0,8.566028821167022,HL (Higher Low)
1659,2021-09-07 21:15:00,45956.0,46135.0,0.38950300287231265,HL (Higher Low)
1660,2021-09-08 08:15:00,46135.0,44444.0,-3.665330009753983,LL (Lower Low)
1661,2021-09-08 13:15:00,44444.0,45648.5,2.710152101521015,HL (Higher Low)
1662,2021-09-08 20:00:00,45648.5,45850.0,0.44141647589734606,HL (Higher Low)
1663,2021-09-09 03:00:00,45850.0,45500.0,-0.7633587786259541,LL (Lower Low)
1664,2021-09-09 07:00:00,45500.0,45923.0,0.9296703296703297,HL (Higher Low)
1665,2021-09-09 12:30:00,45923.0,45657.5,-0.5781416719290987,LL (Lower Low)
1666,2021-09-09 20:15:00,45657.5,45933.0,0.6034057931336583,HL (Higher Low)
1667,2021-09-10 08:30:00,45933.0,45687.0,-0.5355626673633336,LL (Lower Low)
1668,2021-09-10 15:00:00,45687.0,44711.5,-2.1351806859719393,LL (Lower Low)
1669,2021-09-10 21:45:00,44711.5,44151.0,-1.2535924762085817,LL (Lower Low)
1670,2021-09-11 03:30:00,44151.0,44904.0,1.7055106339607256,HL (Higher Low)
1671,2021-09-11 07:30:00,44904.0,44816.0,-0.19597363263851772,LL (Lower Low)
1672,2021-09-11 13:30:00,44816.0,45377.0,1.2517850767583005,HL (Higher Low)
1673,2021-09-12 01:15:00,45377.0,44772.0,-1.333274566410296,LL (Lower Low)
1674,2021-09-12 07:00:00,44772.0,45078.0,0.6834628785848298,HL (Higher Low)
1675,2021-09-12 13:30:00,45078.0,45715.0,1.4131061715249125,HL (Higher Low)
1676,2021-09-12 21:00:00,45715.0,44900.0,-1.7827846439899375,LL (Lower Low)
1677,2021-09-13 07:15:00,44900.0,44230.0,-1.4922048997772828,LL (Lower Low)
1678,2021-09-13 11:00:00,44230.0,44193.0,-0.08365362875876102,LL (Lower Low)
1679,2021-09-13 14:15:00,44193.0,43199.5,-2.2480935894824974,LL (Lower Low)
1680,2021-09-14 00:15:00,43199.5,44622.0,3.2928621859049296,HL (Higher Low)
1681,2021-09-14 12:15:00,44622.0,45675.0,2.3598225090762406,HL (Higher Low)
1682,2021-09-14 18:30:00,45675.0,46307.0,1.3836891078270388,HL (Higher Low)
1683,2021-09-15 06:15:00,46307.0,46699.0,0.846524283585635,HL (Higher Low)
1684,2021-09-15 12:45:00,46699.0,47280.0,1.2441379901068546,HL (Higher Low)
1685,2021-09-15 18:00:00,47280.0,47816.5,1.1347292724196278,HL (Higher Low)
1686,2021-09-16 03:15:00,47816.5,47351.0,-0.9735133269896374,LL (Lower Low)
1687,2021-09-16 10:30:00,47351.0,47632.5,0.594496420350151,HL (Higher Low)
1688,2021-09-16 14:15:00,47632.5,47250.0,-0.8030231459612659,LL (Lower Low)
1689,2021-09-16 20:45:00,47250.0,47055.0,-0.41269841269841273,LL (Lower Low)
1690,2021-09-17 01:00:00,47055.0,47466.0,0.8734459674848581,HL (Higher Low)
1691,2021-09-17 13:15:00,47466.0,47150.0,-0.6657396873551595,LL (Lower Low)
1692,2021-09-17 18:15:00,47150.0,46788.0,-0.767762460233298,LL (Lower Low)
1693,2021-09-17 21:00:00,46788.0,46821.5,0.07159955544156621,HL (Higher Low)
1694,2021-09-18 12:00:00,46821.5,48220.0,2.9868756874512776,HL (Higher Low)
1695,2021-09-18 20:30:00,48220.0,47810.5,-0.8492326835338034,LL (Lower Low)
1696,2021-09-19 01:30:00,47810.5,47610.0,-0.4193639472500811,LL (Lower Low)
1697,2021-09-19 05:00:00,47610.0,47766.5,0.32871245536651966,HL (Higher Low)
1698,2021-09-19 12:30:00,47766.5,47100.0,-1.3953293626286205,LL (Lower Low)
1699,2021-09-20 03:00:00,47100.0,45078.5,-4.291932059447983,LL (Lower Low)
1700,2021-09-20 07:30:00,45078.5,44333.0,-1.6537817363044467,LL (Lower Low)
1701,2021-09-20 12:30:00,44333.0,42500.0,-4.13461755351544,LL (Lower Low)
1702,2021-09-20 19:15:00,42500.0,42886.0,0.908235294117647,HL (Higher Low)
1703,2021-09-21 00:15:00,42886.0,40033.5,-6.651354754465327,LL (Lower Low)
1704,2021-09-21 05:15:00,40033.5,42143.5,5.27058588432188,HL (Higher Low)
1705,2021-09-21 17:45:00,42143.5,41500.0,-1.5269258604529763,LL (Lower Low)
1706,2021-09-21 21:15:00,41500.0,39520.0,-4.771084337349397,LL (Lower Low)
1707,2021-09-22 04:30:00,39520.0,41801.0,5.771761133603239,HL (Higher Low)
1708,2021-09-22 11:30:00,41801.0,41833.5,0.07774933614028372,HL (Higher Low)
1709,2021-09-22 19:00:00,41833.5,42822.0,2.3629387930725376,HL (Higher Low)
1710,2021-09-22 21:45:00,42822.0,43004.0,0.42501517911353975,HL (Higher Low)
1711,2021-09-23 01:00:00,43004.0,43058.0,0.1255697144451679,HL (Higher Low)
1712,2021-09-23 06:15:00,43058.0,43646.5,1.3667611129174602,HL (Higher Low)
1713,2021-09-23 11:45:00,43646.5,43334.0,-0.7159795172579703,LL (Lower Low)
1714,2021-09-23 16:00:00,43334.0,43560.0,0.5215304379932616,HL (Higher Low)
1715,2021-09-23 22:15:00,43560.0,44270.5,1.6310835629017448,HL (Higher Low)
1716,2021-09-24 05:15:00,44270.5,43875.0,-0.8933714324437266,LL (Lower Low)
1717,2021-09-24 11:15:00,43875.0,40647.5,-7.356125356125356,LL (Lower Low)
1718,2021-09-25 01:30:00,40647.5,42026.0,3.3913524817024414,HL (Higher Low)
1719,2021-09-25 08:30:00,42026.0,41667.0,-0.8542330937990767,LL (Lower Low)
1720,2021-09-25 14:15:00,41667.0,42150.0,1.159190726474188,HL (Higher Low)
1721,2021-09-25 21:15:00,42150.0,42353.0,0.4816132858837485,HL (Higher Low)
1722,2021-09-26 04:30:00,42353.0,41862.0,-1.1593039454111869,LL (Lower Low)
1723,2021-09-26 07:45:00,41862.0,40750.5,-2.655152644403038,LL (Lower Low)
1724,2021-09-26 17:45:00,40750.5,43080.0,5.716494276143851,HL (Higher Low)
1725,2021-09-26 23:00:00,43080.0,42650.0,-0.9981429897864439,LL (Lower Low)
1726,2021-09-27 09:30:00,42650.0,43310.5,1.548651817116061,HL (Higher Low)
1727,2021-09-27 16:45:00,43310.5,42850.0,-1.0632525600027707,LL (Lower Low)
1728,2021-09-28 00:00:00,42850.0,41830.0,-2.3803967327887983,LL (Lower Low)
1729,2021-09-28 08:00:00,41830.0,41555.0,-0.6574229022232847,LL (Lower Low)
1730,2021-09-28 17:15:00,41555.0,41110.0,-1.0708699314161954,LL (Lower Low)
1731,2021-09-29 00:15:00,41110.0,40728.5,-0.9279980540014596,LL (Lower Low)
1732,2021-09-29 12:30:00,40728.5,41835.0,2.716770811593847,HL (Higher Low)
1733,2021-09-29 20:15:00,41835.0,40905.5,-2.2218238317198518,LL (Lower Low)
1734,2021-09-30 10:45:00,40905.5,42701.5,4.3906076200022,HL (Higher Low)
1735,2021-09-30 14:00:00,42701.5,42847.0,0.3407374448204396,HL (Higher Low)
1736,2021-09-30 20:30:00,42847.0,43076.0,0.5344598221579108,HL (Higher Low)
1737,2021-10-01 02:30:00,43076.0,43273.0,0.4573312285263255,HL (Higher Low)
1738,2021-10-02 00:30:00,43273.0,47591.0,9.97850853881173,HL (Higher Low)
1739,2021-10-02 04:45:00,47591.0,47439.0,-0.31938811960244584,LL (Lower Low)
1740,2021-10-02 11:00:00,47439.0,47488.0,0.10329054153755349,HL (Higher Low)
1741,2021-10-03 00:45:00,47488.0,47098.0,-0.8212601078167115,LL (Lower Low)
1742,2021-10-03 15:30:00,47098.0,47783.5,1.4554758163828614,HL (Higher Low)
1743,2021-10-03 21:45:00,47783.5,47635.5,-0.3097303462492283,LL (Lower Low)
1744,2021-10-04 04:00:00,47635.5,47250.0,-0.8092703970778097,LL (Lower Low)
1745,2021-10-04 11:30:00,47250.0,47374.5,0.2634920634920635,HL (Higher Low)
1746,2021-10-04 15:00:00,47374.5,46902.5,-0.9963165838161879,LL (Lower Low)
1747,2021-10-05 04:45:00,46902.5,49070.0,4.621288843878258,HL (Higher Low)
1748,2021-10-05 14:30:00,49070.0,49607.0,1.0943550030568576,HL (Higher Low)
1749,2021-10-06 01:00:00,49607.0,50901.0,2.608502832261576,HL (Higher Low)
1750,2021-10-06 05:00:00,50901.0,51200.5,0.5883970845366496,HL (Higher Low)
1751,2021-10-06 09:15:00,51200.5,50339.5,-1.6816242028886437,LL (Lower Low)
1752,2021-10-07 01:30:00,50339.5,54150.0,7.569602399705996,HL (Higher Low)
1753,2021-10-07 09:30:00,54150.0,53900.0,-0.46168051708217916,LL (Lower Low)
1754,2021-10-07 14:30:00,53900.0,53357.0,-1.007421150278293,LL (Lower Low)
1755,2021-10-07 23:30:00,53357.0,53621.0,0.4947804411792267,HL (Higher Low)
1756,2021-10-08 05:00:00,53621.0,53630.0,0.01678446877156338,HL (Higher Low)
1757,2021-10-08 13:45:00,53630.0,54050.5,0.784076076822674,HL (Higher Low)
1758,2021-10-08 20:45:00,54050.5,53803.0,-0.45790510726080247,LL (Lower Low)
1759,2021-10-09 00:00:00,53803.0,53717.0,-0.15984238797093098,LL (Lower Low)
1760,2021-10-09 09:15:00,53717.0,54503.5,1.4641547368617012,HL (Higher Low)
1761,2021-10-09 16:45:00,54503.5,54620.0,0.21374774097076332,HL (Higher Low)
1762,2021-10-09 20:15:00,54620.0,54361.0,-0.4741852801171732,LL (Lower Low)
1763,2021-10-10 02:00:00,54361.0,54135.0,-0.4157392248119056,LL (Lower Low)
1764,2021-10-10 09:15:00,54135.0,54745.0,1.126812598134294,HL (Higher Low)
1765,2021-10-10 13:00:00,54745.0,54638.0,-0.19545163941912502,LL (Lower Low)
1766,2021-10-10 23:45:00,54638.0,54350.0,-0.5271056773674,LL (Lower Low)
1767,2021-10-11 11:00:00,54350.0,55901.0,2.853725850965961,HL (Higher Low)
1768,2021-10-11 17:00:00,55901.0,57207.0,2.3362730541493,HL (Higher Low)
1769,2021-10-11 20:00:00,57207.0,56743.0,-0.8110895519779048,LL (Lower Low)
1770,2021-10-12 03:00:00,56743.0,56460.5,-0.4978587667201241,LL (Lower Low)
1771,2021-10-12 10:00:00,56460.5,56700.0,0.4241903631742545,HL (Higher Low)
1772,2021-10-12 20:00:00,56700.0,53700.0,-5.291005291005291,LL (Lower Low)
1773,2021-10-13 09:00:00,53700.0,54265.5,1.053072625698324,HL (Higher Low)
1774,2021-10-13 14:00:00,54265.5,54550.5,0.525195566243746,HL (Higher Low)
1775,2021-10-13 20:45:00,54550.5,56604.0,3.7644017928341627,HL (Higher Low)
1776,2021-10-14 00:30:00,56604.0,57150.0,0.9645961416154335,HL (Higher Low)
1777,2021-10-14 09:15:00,57150.0,57260.0,0.19247594050743655,HL (Higher Low)
1778,2021-10-14 15:00:00,57260.0,56915.5,-0.6016416346489697,LL (Lower Low)
1779,2021-10-14 18:15:00,56915.5,56747.0,-0.29605292055766885,LL (Lower Low)
1780,2021-10-15 01:00:00,56747.0,56900.0,0.26961777715121504,HL (Higher Low)
1781,2021-10-15 09:00:00,56900.0,58788.0,3.3181019332161688,HL (Higher Low)
1782,2021-10-15 21:45:00,58788.0,60850.0,3.507518541198884,HL (Higher Low)
1783,2021-10-16 02:00:00,60850.0,61200.0,0.5751848808545604,HL (Higher Low)
1784,2021-10-16 12:45:00,61200.0,60500.0,-1.1437908496732025,LL (Lower Low)
1785,2021-10-16 17:30:00,60500.0,60217.0,-0.4677685950413223,LL (Lower Low)
1786,2021-10-17 07:45:00,60217.0,60369.0,0.2524204128402278,HL (Higher Low)
1787,2021-10-17 15:30:00,60369.0,60543.0,0.2882274014808925,HL (Higher Low)
1788,2021-10-17 20:15:00,60543.0,58803.5,-2.8731645276910625,LL (Lower Low)
1789,2021-10-18 03:30:00,58803.5,61890.0,5.248837229076501,HL (Higher Low)
1790,2021-10-18 09:45:00,61890.0,60620.0,-2.052027791242527,LL (Lower Low)
1791,2021-10-18 13:00:00,60620.0,59917.0,-1.1596832728472453,LL (Lower Low)
1792,2021-10-18 19:30:00,59917.0,61031.0,1.8592386134152243,HL (Higher Low)
1793,2021-10-19 08:30:00,61031.0,61800.0,1.2600154020088152,HL (Higher Low)
1794,2021-10-19 14:15:00,61800.0,61367.5,-0.6998381877022654,LL (Lower Low)
1795,2021-10-20 02:30:00,61367.5,63780.0,3.9312339593433006,HL (Higher Low)
1796,2021-10-20 05:45:00,63780.0,63501.0,-0.43744120413922855,LL (Lower Low)
1797,2021-10-20 11:00:00,63501.0,63821.0,0.5039290719831183,HL (Higher Low)
1798,2021-10-20 17:15:00,63821.0,66241.0,3.791855345419219,HL (Higher Low)
1799,2021-10-20 22:00:00,66241.0,65603.0,-0.9631497109041228,LL (Lower Low)
1800,2021-10-21 02:00:00,65603.0,64175.0,-2.176729722726095,LL (Lower Low)
1801,2021-10-21 06:30:00,64175.0,64224.0,0.07635372029606545,HL (Higher Low)
1802,2021-10-21 11:30:00,64224.0,64200.0,-0.03736920777279522,LL (Lower Low)
1803,2021-10-21 15:15:00,64200.0,61880.0,-3.6137071651090342,LL (Lower Low)
1804,2021-10-21 23:15:00,61880.0,62043.0,0.2634130575307046,HL (Higher Low)
1805,2021-10-22 06:30:00,62043.0,62509.5,0.7518978772786616,HL (Higher Low)
1806,2021-10-22 10:15:00,62509.5,62851.0,0.546316959822107,HL (Higher Low)
1807,2021-10-22 16:15:00,62851.0,60100.0,-4.377018663187539,LL (Lower Low)
1808,2021-10-22 21:45:00,60100.0,60201.5,0.16888519134775373,HL (Higher Low)
1809,2021-10-23 11:00:00,60201.5,59625.0,-0.9576173351162346,LL (Lower Low)
1810,2021-10-23 15:45:00,59625.0,60738.5,1.8675052410901467,HL (Higher Low)
1811,2021-10-23 20:00:00,60738.5,60851.0,0.1852202474542506,HL (Higher Low)
1812,2021-10-24 02:30:00,60851.0,60834.5,-0.027115413058125582,LL (Lower Low)
1813,2021-10-24 08:15:00,60834.5,60502.5,-0.5457429583542234,LL (Lower Low)
1814,2021-10-24 12:15:00,60502.5,59805.0,-1.1528449237634808,LL (Lower Low)
1815,2021-10-24 16:00:00,59805.0,59456.0,-0.5835632472201321,LL (Lower Low)
1816,2021-10-25 00:00:00,59456.0,60708.5,2.1065998385360603,HL (Higher Low)
1817,2021-10-25 06:00:00,60708.5,61850.0,1.8802968282859895,HL (Higher Low)
1818,2021-10-25 10:30:00,61850.0,62534.5,1.1067097817299918,HL (Higher Low)
1819,2021-10-25 20:45:00,62534.5,62590.5,0.0895505680864163,HL (Higher Low)
1820,2021-10-26 07:15:00,62590.5,62272.0,-0.5088631661354359,LL (Lower Low)
1821,2021-10-26 14:00:00,62272.0,61892.5,-0.6094231757451182,LL (Lower Low)
1822,2021-10-26 22:30:00,61892.5,59888.0,-3.2386799693016117,LL (Lower Low)
1823,2021-10-27 02:45:00,59888.0,60451.0,0.9400881645738712,HL (Higher Low)
1824,2021-10-27 08:00:00,60451.0,57919.5,-4.187689202825428,LL (Lower Low)
1825,2021-10-27 12:00:00,57919.5,58312.0,0.6776646897849602,HL (Higher Low)
1826,2021-10-27 16:00:00,58312.0,58556.5,0.41929619975305255,HL (Higher Low)
1827,2021-10-27 19:15:00,58556.5,58255.0,-0.5148873310392527,LL (Lower Low)
1828,2021-10-28 01:00:00,58255.0,58144.0,-0.1905415844133551,LL (Lower Low)
1829,2021-10-28 04:45:00,58144.0,58700.0,0.9562465602641717,HL (Higher Low)
1830,2021-10-28 18:30:00,58700.0,57476.0,-2.085178875638842,LL (Lower Low)
1831,2021-10-29 00:15:00,57476.0,60111.0,4.584522235367806,HL (Higher Low)
1832,2021-10-29 07:30:00,60111.0,60420.0,0.5140490093327345,HL (Higher Low)
1833,2021-10-29 11:45:00,60420.0,60600.0,0.29791459781529295,HL (Higher Low)
1834,2021-10-29 19:00:00,60600.0,61865.0,2.0874587458745877,HL (Higher Low)
1835,2021-10-30 05:00:00,61865.0,61050.0,-1.3173846278186372,LL (Lower Low)
1836,2021-10-30 08:45:00,61050.0,61118.5,0.11220311220311222,HL (Higher Low)
1837,2021-10-30 14:15:00,61118.5,60700.0,-0.6847353910845325,LL (Lower Low)
1838,2021-10-30 22:30:00,60700.0,61256.0,0.9159802306425041,HL (Higher Low)
1839,2021-10-31 13:30:00,61256.0,60000.0,-2.050411388272169,LL (Lower Low)
1840,2021-11-01 04:00:00,60000.0,59444.0,-0.9266666666666666,LL (Lower Low)
1841,2021-11-01 19:00:00,59444.0,60325.0,1.482067155642285,HL (Higher Low)
1842,2021-11-02 00:30:00,60325.0,60667.0,0.5669291338582677,HL (Higher Low)
1843,2021-11-02 08:00:00,60667.0,61383.0,1.1802132955313431,HL (Higher Low)
1844,2021-11-02 23:15:00,61383.0,62700.0,2.145545183519867,HL (Higher Low)
1845,2021-11-03 04:45:00,62700.0,62802.0,0.1626794258373206,HL (Higher Low)
1846,2021-11-03 14:00:00,62802.0,61600.0,-1.9139517849750007,LL (Lower Low)
1847,2021-11-03 18:00:00,61600.0,60077.0,-2.4724025974025974,LL (Lower Low)
1848,2021-11-04 02:00:00,60077.0,62286.5,3.6777801820996388,HL (Higher Low)
1849,2021-11-04 11:30:00,62286.5,61300.0,-1.583810295971037,LL (Lower Low)
1850,2021-11-04 19:00:00,61300.0,60628.0,-1.0962479608482871,LL (Lower Low)
1851,2021-11-04 22:00:00,60628.0,61050.0,0.6960480306129181,HL (Higher Low)
1852,2021-11-05 00:45:00,61050.0,60898.0,-0.24897624897624895,LL (Lower Low)
1853,2021-11-05 16:00:00,60898.0,60764.0,-0.22004006699727413,LL (Lower Low)
1854,2021-11-05 20:30:00,60764.0,60813.0,0.08063985254426964,HL (Higher Low)
1855,2021-11-06 00:00:00,60813.0,60900.0,0.14306151645207438,HL (Higher Low)
1856,2021-11-06 02:45:00,60900.0,60982.5,0.1354679802955665,HL (Higher Low)
1857,2021-11-06 07:15:00,60982.5,60415.0,-0.9305948427827655,LL (Lower Low)
1858,2021-11-06 12:15:00,60415.0,60150.0,-0.4386327898700654,LL (Lower Low)
1859,2021-11-07 09:30:00,60150.0,61502.0,2.2477140482128015,HL (Higher Low)
1860,2021-11-08 14:30:00,61502.0,65238.5,6.075412181717668,HL (Higher Low)
1861,2021-11-08 20:00:00,65238.5,65439.0,0.3073338596074404,HL (Higher Low)
1862,2021-11-09 07:45:00,65439.0,67655.0,3.3863598160118586,HL (Higher Low)
1863,2021-11-09 17:00:00,67655.0,66250.0,-2.076712733722563,LL (Lower Low)
1864,2021-11-09 23:45:00,66250.0,66750.5,0.7554716981132076,HL (Higher Low)
1865,2021-11-10 04:00:00,66750.5,66337.0,-0.619471015198388,LL (Lower Low)
1866,2021-11-10 13:30:00,66337.0,65600.0,-1.1109938646607473,LL (Lower Low)
1867,2021-11-10 21:15:00,65600.0,62512.5,-4.706554878048781,LL (Lower Low)
1868,2021-11-11 02:30:00,62512.5,64127.0,2.5826834633073386,HL (Higher Low)
1869,2021-11-11 14:00:00,64127.0,64454.5,0.5107053191323467,HL (Higher Low)
1870,2021-11-11 18:30:00,64454.5,64602.0,0.22884360285162403,HL (Higher Low)
1871,2021-11-12 01:15:00,64602.0,64075.0,-0.8157642178260736,LL (Lower Low)
1872,2021-11-12 22:45:00,64075.0,63754.0,-0.5009754194303551,LL (Lower Low)
1873,2021-11-13 02:45:00,63754.0,63628.0,-0.1976346582175236,LL (Lower Low)
1874,2021-11-13 05:30:00,63628.0,63550.0,-0.1225875400766958,LL (Lower Low)
1875,2021-11-13 10:00:00,63550.0,63409.5,-0.22108575924468923,LL (Lower Low)
1876,2021-11-13 19:00:00,63409.5,63838.0,0.6757662495367414,HL (Higher Low)
1877,2021-11-14 05:15:00,63838.0,64500.0,1.0369999060120931,HL (Higher Low)
1878,2021-11-14 08:30:00,64500.0,64120.0,-0.5891472868217054,LL (Lower Low)
1879,2021-11-14 16:45:00,64120.0,63650.0,-0.7330006238303182,LL (Lower Low)
1880,2021-11-15 08:15:00,63650.0,65342.0,2.6582875098193246,HL (Higher Low)
1881,2021-11-15 21:00:00,65342.0,63333.0,-3.074592145939824,LL (Lower Low)
1882,2021-11-16 10:00:00,63333.0,58500.0,-7.631092795225237,LL (Lower Low)
1883,2021-11-16 20:45:00,58500.0,59139.0,1.0923076923076922,HL (Higher Low)
1884,2021-11-17 03:15:00,59139.0,58551.5,-0.9934222763320313,LL (Lower Low)
1885,2021-11-17 10:30:00,58551.5,58350.0,-0.34414148228482616,LL (Lower Low)
1886,2021-11-17 15:15:00,58350.0,59377.0,1.760068551842331,HL (Higher Low)
1887,2021-11-17 22:15:00,59377.0,59681.0,0.5119827542651195,HL (Higher Low)
1888,2021-11-18 10:15:00,59681.0,59028.0,-1.0941505671821852,LL (Lower Low)
1889,2021-11-18 17:00:00,59028.0,56550.0,-4.198007725147387,LL (Lower Low)
1890,2021-11-18 23:00:00,56550.0,56483.0,-0.1184792219274978,LL (Lower Low)
1891,2021-11-19 03:45:00,56483.0,55665.5,-1.447338137138608,LL (Lower Low)
1892,2021-11-19 07:45:00,55665.5,55905.5,0.4311467605608501,HL (Higher Low)
1893,2021-11-19 11:15:00,55905.5,56540.0,1.1349509440037204,HL (Higher Low)
1894,2021-11-19 21:00:00,56540.0,57564.0,1.811107180756986,HL (Higher Low)
1895,2021-11-20 05:15:00,57564.0,58300.0,1.2785768883329858,HL (Higher Low)
1896,2021-11-20 16:15:00,58300.0,57291.5,-1.7298456260720412,LL (Lower Low)
1897,2021-11-21 05:00:00,57291.5,58599.0,2.2821884572755122,HL (Higher Low)
1898,2021-11-21 10:30:00,58599.0,58532.0,-0.11433642212324442,LL (Lower Low)
1899,2021-11-21 19:15:00,58532.0,59209.0,1.1566322695277798,HL (Higher Low)
1900,2021-11-22 05:00:00,59209.0,56735.0,-4.1784188214629525,LL (Lower Low)
1901,2021-11-22 10:00:00,56735.0,57020.0,0.5023354190534943,HL (Higher Low)
1902,2021-11-22 13:15:00,57020.0,56601.0,-0.7348298842511399,LL (Lower Low)
1903,2021-11-22 21:00:00,56601.0,55614.0,-1.743785445486829,LL (Lower Low)
1904,2021-11-23 09:30:00,55614.0,55300.0,-0.5646060344517567,LL (Lower Low)
1905,2021-11-24 02:45:00,55300.0,56125.0,1.4918625678119348,HL (Higher Low)
1906,2021-11-24 06:15:00,56125.0,56274.5,0.266369710467706,HL (Higher Low)
1907,2021-11-24 14:15:00,56274.5,55935.0,-0.6032927880301024,LL (Lower Low)
1908,2021-11-25 05:30:00,55935.0,57041.5,1.9781889693394117,HL (Higher Low)
1909,2021-11-25 19:15:00,57041.5,58710.0,2.9250633310835097,HL (Higher Low)
1910,2021-11-25 22:15:00,58710.0,58555.0,-0.26400953840912966,LL (Lower Low)
1911,2021-11-26 12:00:00,58555.0,53563.0,-8.525318077021604,LL (Lower Low)
1912,2021-11-26 18:15:00,53563.0,53963.0,0.7467841607079514,HL (Higher Low)
1913,2021-11-26 23:45:00,53963.0,53570.5,-0.7273502214480292,LL (Lower Low)
1914,2021-11-27 06:00:00,53570.5,54250.0,1.2684219859810903,HL (Higher Low)
1915,2021-11-27 21:15:00,54250.0,54048.0,-0.3723502304147466,LL (Lower Low)
1916,2021-11-28 02:30:00,54048.0,53755.0,-0.5421107164002369,LL (Lower Low)
1917,2021-11-28 09:15:00,53755.0,54177.5,0.7859733978234582,HL (Higher Low)
1918,2021-11-28 18:30:00,54177.5,53122.0,-1.9482257394674911,LL (Lower Low)
1919,2021-11-29 03:15:00,53122.0,57231.0,7.735025036707956,HL (Higher Low)
1920,2021-11-29 09:45:00,57231.0,56686.5,-0.9514074540022016,LL (Lower Low)
1921,2021-11-29 15:30:00,56686.5,56874.0,0.3307665846365537,HL (Higher Low)
1922,2021-11-29 20:00:00,56874.0,57720.0,1.4874986812954953,HL (Higher Low)
1923,2021-11-30 06:15:00,57720.0,55900.0,-3.153153153153153,LL (Lower Low)
1924,2021-11-30 17:00:00,55900.0,56506.5,1.0849731663685152,HL (Higher Low)
1925,2021-12-01 00:00:00,56506.5,56700.0,0.3424384805287887,HL (Higher Low)
1926,2021-12-01 06:00:00,56700.0,56743.5,0.07671957671957673,HL (Higher Low)
1927,2021-12-01 09:00:00,56743.5,56791.0,0.08371002846140968,HL (Higher Low)
1928,2021-12-01 21:00:00,56791.0,56447.0,-0.6057297811272913,LL (Lower Low)
1929,2021-12-02 03:15:00,56447.0,55800.0,-1.1462079472779776,LL (Lower Low)
1930,2021-12-02 12:15:00,55800.0,56082.0,0.5053763440860215,HL (Higher Low)
1931,2021-12-02 16:45:00,56082.0,56072.0,-0.017831033130059556,LL (Lower Low)
1932,2021-12-02 23:45:00,56072.0,56365.5,0.5234341560850335,HL (Higher Low)
1933,2021-12-03 02:45:00,56365.5,56125.0,-0.42667944043785655,LL (Lower Low)
1934,2021-12-03 09:15:00,56125.0,56500.0,0.6681514476614699,HL (Higher Low)
1935,2021-12-03 20:15:00,56500.0,51111.0,-9.538053097345133,LL (Lower Low)
1936,2021-12-04 05:15:00,51111.0,40829.0,-20.11700025434838,LL (Lower Low)
1937,2021-12-04 11:30:00,40829.0,46109.0,12.931984618775871,HL (Higher Low)
1938,2021-12-04 21:45:00,46109.0,48486.0,5.1551757791320565,HL (Higher Low)
1939,2021-12-05 00:30:00,48486.0,48315.0,-0.3526791238708081,LL (Lower Low)
1940,2021-12-05 09:15:00,48315.0,48699.0,0.7947842285004657,HL (Higher Low)
1941,2021-12-05 15:45:00,48699.0,47736.0,-1.9774533357974498,LL (Lower Low)
1942,2021-12-05 19:15:00,47736.0,48247.0,1.0704709234121,HL (Higher Low)
1943,2021-12-06 01:30:00,48247.0,48294.0,0.09741538333989679,HL (Higher Low)
1944,2021-12-06 09:30:00,48294.0,47020.0,-2.6380088623845612,LL (Lower Low)
1945,2021-12-06 14:30:00,47020.0,47800.0,1.658868566567418,HL (Higher Low)
1946,2021-12-06 20:45:00,47800.0,48723.0,1.9309623430962344,HL (Higher Low)
1947,2021-12-07 08:00:00,48723.0,50784.0,4.230035096361061,HL (Higher Low)
1948,2021-12-07 12:15:00,50784.0,50529.5,-0.5011420919974795,LL (Lower Low)
1949,2021-12-07 22:45:00,50529.5,50011.0,-1.0261332488942103,LL (Lower Low)
1950,2021-12-08 04:30:00,50011.0,50090.0,0.157965247645518,HL (Higher Low)
1951,2021-12-08 12:15:00,50090.0,48514.0,-3.146336594130565,LL (Lower Low)
1952,2021-12-08 18:00:00,48514.0,50034.0,3.1331162138764066,HL (Higher Low)
1953,2021-12-08 22:45:00,50034.0,50070.0,0.07195107327017627,HL (Higher Low)
1954,2021-12-09 03:45:00,50070.0,49412.5,-1.3131615737966846,LL (Lower Low)
1955,2021-12-09 09:30:00,49412.5,48778.5,-1.2830761447002277,LL (Lower Low)
1956,2021-12-09 15:30:00,48778.5,48050.0,-1.4934858595487766,LL (Lower Low)
1957,2021-12-09 20:30:00,48050.0,47315.5,-1.5286160249739853,LL (Lower Low)
1958,2021-12-10 00:00:00,47315.5,47434.5,0.2515032071942598,HL (Higher Low)
1959,2021-12-10 07:45:00,47434.5,47568.5,0.28249480863084886,HL (Higher Low)
1960,2021-12-10 16:15:00,47568.5,47218.0,-0.7368321473243848,LL (Lower Low)
1961,2021-12-11 07:30:00,47218.0,47750.5,1.1277478927527638,HL (Higher Low)
1962,2021-12-11 14:00:00,47750.5,48156.5,0.8502528769332258,HL (Higher Low)
1963,2021-12-11 19:45:00,48156.5,48357.0,0.41635085606304445,HL (Higher Low)
1964,2021-12-12 04:45:00,48357.0,48801.0,0.9181711024257088,HL (Higher Low)
1965,2021-12-12 10:00:00,48801.0,48606.0,-0.39958197577918486,LL (Lower Low)
1966,2021-12-13 01:15:00,48606.0,48347.5,-0.5318273464181377,LL (Lower Low)
1967,2021-12-13 08:00:00,48347.5,48000.0,-0.7187548477170485,LL (Lower Low)
1968,2021-12-13 16:15:00,48000.0,46388.5,-3.357291666666667,LL (Lower Low)
1969,2021-12-13 19:30:00,46388.5,45502.0,-1.9110339847160394,LL (Lower Low)
1970,2021-12-14 00:15:00,45502.0,46251.5,1.6471803437211552,HL (Higher Low)
1971,2021-12-14 06:30:00,46251.5,46320.0,0.14810330475768355,HL (Higher Low)
1972,2021-12-14 18:30:00,46320.0,46450.0,0.2806563039723662,HL (Higher Low)
1973,2021-12-15 02:00:00,46450.0,47851.5,3.017222820236814,HL (Higher Low)
1974,2021-12-15 07:00:00,47851.5,47948.5,0.20271046884632665,HL (Higher Low)
1975,2021-12-15 16:00:00,47948.5,46543.5,-2.9302272229579653,LL (Lower Low)
1976,2021-12-15 22:45:00,46543.5,48660.0,4.547358922298495,HL (Higher Low)
1977,2021-12-17 00:00:00,48660.0,47250.0,-2.8976572133168927,LL (Lower Low)
1978,2021-12-17 07:45:00,47250.0,46750.0,-1.0582010582010581,LL (Lower Low)
1979,2021-12-17 10:30:00,46750.0,46700.0,-0.10695187165775401,LL (Lower Low)
1980,2021-12-17 15:15:00,46700.0,45280.0,-3.0406852248394003,LL (Lower Low)
1981,2021-12-17 22:15:00,45280.0,45510.0,0.5079505300353356,HL (Higher Low)
1982,2021-12-18 02:00:00,45510.0,45500.0,-0.021973192704900023,LL (Lower Low)
1983,2021-12-18 08:45:00,45500.0,46193.0,1.523076923076923,HL (Higher Low)
1984,2021-12-18 13:45:00,46193.0,46555.0,0.7836685212045116,HL (Higher Low)
1985,2021-12-18 19:00:00,46555.0,46340.0,-0.46181935345290515,LL (Lower Low)
1986,2021-12-19 01:15:00,46340.0,46421.0,0.17479499352611136,HL (Higher Low)
1987,2021-12-19 10:15:00,46421.0,46828.0,0.8767583636716141,HL (Higher Low)
1988,2021-12-19 19:15:00,46828.0,46425.5,-0.8595284872298625,LL (Lower Low)
1989,2021-12-20 00:00:00,46425.5,46119.5,-0.6591205264348257,LL (Lower Low)
1990,2021-12-20 14:15:00,46119.5,45479.5,-1.3876993462635112,LL (Lower Low)
1991,2021-12-21 01:15:00,45479.5,46658.5,2.5923767851449555,HL (Higher Low)
1992,2021-12-21 15:30:00,46658.5,48280.0,3.47525102607242,HL (Higher Low)
1993,2021-12-21 19:45:00,48280.0,48350.0,0.14498757249378624,HL (Higher Low)
1994,2021-12-22 01:00:00,48350.0,48613.5,0.5449844881075491,HL (Higher Low)
1995,2021-12-22 05:45:00,48613.5,48918.5,0.6273977393110968,HL (Higher Low)
1996,2021-12-22 13:15:00,48918.5,48418.0,-1.0231303085744656,LL (Lower Low)
1997,2021-12-22 19:00:00,48418.0,48526.5,0.22409021438308066,HL (Higher Low)
1998,2021-12-23 00:30:00,48526.5,48031.0,-1.0210915685244146,LL (Lower Low)
1999,2021-12-23 07:45:00,48031.0,48030.0,-0.002081988715621161,LL (Lower Low)
2000,2021-12-23 23:30:00,48030.0,50444.5,5.0270664168228185,HL (Higher Low)
2001,2021-12-24 06:15:00,50444.5,50760.0,0.6254398398239649,HL (Higher Low)
2002,2021-12-24 12:00:00,50760.0,50785.5,0.05023640661938534,HL (Higher Low)
2003,2021-12-24 15:00:00,50785.5,50402.0,-0.7551368008585128,LL (Lower Low)
2004,2021-12-24 23:15:00,50402.0,50519.5,0.23312566961628509,HL (Higher Low)
2005,2021-12-25 03:00:00,50519.5,50716.0,0.3889587189105197,HL (Higher Low)
2006,2021-12-25 10:45:00,50716.0,50576.5,-0.27506112469437655,LL (Lower Low)
2007,2021-12-25 17:15:00,50576.5,50100.0,-0.9421371585617826,LL (Lower Low)
2008,2021-12-26 02:30:00,50100.0,49599.5,-0.999001996007984,LL (Lower Low)
2009,2021-12-26 11:45:00,49599.5,49283.0,-0.6381112712829766,LL (Lower Low)
2010,2021-12-26 21:00:00,49283.0,49861.5,1.1738327618042732,HL (Higher Low)
2011,2021-12-27 01:00:00,49861.5,50464.5,1.2093498992208418,HL (Higher Low)
2012,2021-12-27 09:00:00,50464.5,50533.5,0.1367297803406355,HL (Higher Low)
2013,2021-12-27 12:15:00,50533.5,50601.5,0.1345641999861478,HL (Higher Low)
2014,2021-12-28 04:15:00,50601.5,48400.0,-4.350661541653904,LL (Lower Low)
2015,2021-12-28 10:00:00,48400.0,48638.0,0.4917355371900826,HL (Higher Low)
2016,2021-12-28 14:30:00,48638.0,48143.0,-1.0177227682059296,LL (Lower Low)
2017,2021-12-28 19:00:00,48143.0,47315.0,-1.719876202147768,LL (Lower Low)
2018,2021-12-28 22:30:00,47315.0,47312.0,-0.006340483990277925,LL (Lower Low)
2019,2021-12-29 09:15:00,47312.0,47420.0,0.22827189719310115,HL (Higher Low)
2020,2021-12-29 13:15:00,47420.0,46511.0,-1.9169126950653732,LL (Lower Low)
2021,2021-12-29 19:45:00,46511.0,47030.0,1.1158650641783663,HL (Higher Low)
2022,2021-12-29 23:15:00,47030.0,45807.5,-2.599404635339145,LL (Lower Low)
2023,2021-12-30 09:45:00,45807.5,46681.0,1.9068929760410414,HL (Higher Low)
2024,2021-12-30 16:00:00,46681.0,47057.5,0.8065379919024871,HL (Higher Low)
2025,2021-12-30 22:30:00,47057.5,46688.0,-0.7852095840195505,LL (Lower Low)
2026,2021-12-31 02:15:00,46688.0,46800.0,0.23989033584647018,HL (Higher Low)
2027,2021-12-31 07:45:00,46800.0,46845.5,0.09722222222222222,HL (Higher Low)
2028,2021-12-31 19:45:00,46845.5,45634.0,-2.5861608905871427,LL (Lower Low)
2029,2022-01-01 04:00:00,45634.0,46500.0,1.8977078494105273,HL (Higher Low)
2030,2022-01-01 10:30:00,46500.0,46718.5,0.4698924731182796,HL (Higher Low)
2031,2022-01-01 22:00:00,46718.5,47188.5,1.006025450303413,HL (Higher Low)
2032,2022-01-02 04:45:00,47188.5,46791.5,-0.8413066742956441,LL (Lower Low)
2033,2022-01-02 12:00:00,46791.5,46990.0,0.4242223480760395,HL (Higher Low)
2034,2022-01-02 18:30:00,46990.0,46600.0,-0.8299638220898063,LL (Lower Low)
2035,2022-01-03 03:30:00,46600.0,46710.0,0.23605150214592274,HL (Higher Low)
2036,2022-01-03 09:15:00,46710.0,46810.0,0.21408691928923143,HL (Higher Low)
2037,2022-01-03 16:15:00,46810.0,46286.0,-1.119418927579577,LL (Lower Low)
2038,2022-01-03 20:30:00,46286.0,45700.0,-1.2660415676446442,LL (Lower Low)
2039,2022-01-04 02:00:00,45700.0,45950.0,0.5470459518599562,HL (Higher Low)
2040,2022-01-04 09:45:00,45950.0,46301.0,0.763873775843308,HL (Higher Low)
2041,2022-01-04 13:15:00,46301.0,46423.0,0.26349322908792466,HL (Higher Low)
2042,2022-01-04 18:45:00,46423.0,45500.0,-1.9882385886306357,LL (Lower Low)
2043,2022-01-05 00:00:00,45500.0,45755.0,0.5604395604395604,HL (Higher Low)
2044,2022-01-05 05:30:00,45755.0,46255.0,1.0927767457108513,HL (Higher Low)
2045,2022-01-05 12:30:00,46255.0,45910.5,-0.7447843476380932,LL (Lower Low)
2046,2022-01-05 22:30:00,45910.5,42444.0,-7.5505603293364265,LL (Lower Low)
2047,2022-01-06 04:30:00,42444.0,42610.0,0.3911035717651494,HL (Higher Low)
2048,2022-01-06 09:45:00,42610.0,42179.0,-1.01149964796996,LL (Lower Low)
2049,2022-01-07 04:30:00,42179.0,40952.5,-2.9078451362052204,LL (Lower Low)
2050,2022-01-07 15:45:00,40952.5,40517.5,-1.0622062145168183,LL (Lower Low)
2051,2022-01-07 19:00:00,40517.5,41540.0,2.5236009131856605,HL (Higher Low)
2052,2022-01-07 23:15:00,41540.0,41327.0,-0.5127587867116032,LL (Lower Low)
2053,2022-01-08 03:15:00,41327.0,41660.0,0.8057686258378299,HL (Higher Low)
2054,2022-01-08 06:45:00,41660.0,41753.5,0.2244359097455593,HL (Higher Low)
2055,2022-01-08 19:00:00,41753.5,40550.0,-2.882393092794616,LL (Lower Low)
2056,2022-01-09 10:15:00,40550.0,41434.5,2.181257706535142,HL (Higher Low)
2057,2022-01-09 15:15:00,41434.5,41076.0,-0.865221011475944,LL (Lower Low)
2058,2022-01-10 01:00:00,41076.0,41604.0,1.2854221443178497,HL (Higher Low)
2059,2022-01-10 14:30:00,41604.0,39655.0,-4.684645707143544,LL (Lower Low)
2060,2022-01-10 17:30:00,39655.0,40559.5,2.280922960534611,HL (Higher Low)
2061,2022-01-11 05:15:00,40559.5,41975.0,3.489934540613173,HL (Higher Low)
2062,2022-01-11 10:45:00,41975.0,41589.0,-0.919594997022037,LL (Lower Low)
2063,2022-01-11 14:30:00,41589.0,41279.0,-0.7453894058525091,LL (Lower Low)
2064,2022-01-12 02:45:00,41279.0,42360.0,2.618764989461954,HL (Higher Low)
2065,2022-01-12 07:15:00,42360.0,42463.0,0.24315391879131254,HL (Higher Low)
2066,2022-01-12 16:15:00,42463.0,43299.0,1.968772813979229,HL (Higher Low)
2067,2022-01-13 07:30:00,43299.0,43559.5,0.6016305226448647,HL (Higher Low)
2068,2022-01-13 11:15:00,43559.5,43500.0,-0.13659477266727119,LL (Lower Low)
2069,2022-01-13 20:00:00,43500.0,42303.0,-2.7517241379310344,LL (Lower Low)
2070,2022-01-14 00:00:00,42303.0,42362.5,0.1406519632177387,HL (Higher Low)
2071,2022-01-14 08:00:00,42362.5,42384.0,0.05075243434641487,HL (Higher Low)
2072,2022-01-14 12:00:00,42384.0,41743.0,-1.5123631559078898,LL (Lower Low)
2073,2022-01-14 18:15:00,41743.0,42781.0,2.4866444673358408,HL (Higher Low)
2074,2022-01-15 01:30:00,42781.0,42876.0,0.22206119539047706,HL (Higher Low)
2075,2022-01-15 04:15:00,42876.0,42734.0,-0.33118761078458814,LL (Lower Low)
2076,2022-01-15 09:30:00,42734.0,42888.5,0.36153882154724576,HL (Higher Low)
2077,2022-01-15 12:30:00,42888.5,42563.0,-0.7589447054571739,LL (Lower Low)
2078,2022-01-16 02:30:00,42563.0,42790.0,0.5333270681108004,HL (Higher Low)
2079,2022-01-16 13:30:00,42790.0,42601.0,-0.4416919841084365,LL (Lower Low)
2080,2022-01-16 20:00:00,42601.0,42750.0,0.3497570479566207,HL (Higher Low)
2081,2022-01-17 05:00:00,42750.0,42295.0,-1.064327485380117,LL (Lower Low)
2082,2022-01-17 12:15:00,42295.0,42446.5,0.35819836860148957,HL (Higher Low)
2083,2022-01-17 18:15:00,42446.5,41861.5,-1.3782055057543026,LL (Lower Low)
2084,2022-01-17 22:15:00,41861.5,41550.0,-0.7441204925767113,LL (Lower Low)
2085,2022-01-18 04:15:00,41550.0,41839.0,0.6955475330926595,HL (Higher Low)
2086,2022-01-18 09:15:00,41839.0,41400.0,-1.0492602595664333,LL (Lower Low)
2087,2022-01-18 14:30:00,41400.0,41300.0,-0.24154589371980675,LL (Lower Low)
2088,2022-01-18 18:30:00,41300.0,41402.5,0.24818401937046006,HL (Higher Low)
2089,2022-01-19 00:45:00,41402.5,42169.5,1.8525451361632754,HL (Higher Low)
2090,2022-01-19 03:45:00,42169.5,41566.5,-1.4299434425354818,LL (Lower Low)
2091,2022-01-19 07:30:00,41566.5,41140.0,-1.0260666642608833,LL (Lower Low)
2092,2022-01-19 16:00:00,41140.0,41700.0,1.3612056392805056,HL (Higher Low)
2093,2022-01-19 20:30:00,41700.0,41581.5,-0.2841726618705036,LL (Lower Low)
2094,2022-01-20 00:00:00,41581.5,41628.5,0.11303103543643207,HL (Higher Low)
2095,2022-01-20 05:15:00,41628.5,41790.0,0.3879553671162785,HL (Higher Low)
2096,2022-01-20 09:15:00,41790.0,41830.5,0.09691313711414215,HL (Higher Low)
2097,2022-01-20 12:15:00,41830.5,41946.5,0.27730961857974445,HL (Higher Low)
2098,2022-01-21 03:30:00,41946.5,38220.0,-8.883935489254169,LL (Lower Low)
2099,2022-01-21 06:45:00,38220.0,38533.0,0.8189429618001046,HL (Higher Low)
2100,2022-01-21 12:30:00,38533.0,37605.5,-2.4070277424545194,LL (Lower Low)
2101,2022-01-21 22:45:00,37605.5,35378.0,-5.923335682280517,LL (Lower Low)
2102,2022-01-22 10:00:00,35378.0,33960.0,-4.008140652382837,LL (Lower Low)
2103,2022-01-22 18:00:00,33960.0,34227.0,0.7862190812720848,HL (Higher Low)
2104,2022-01-23 03:15:00,34227.0,34827.0,1.7530020159523183,HL (Higher Low)
2105,2022-01-23 14:45:00,34827.0,35031.0,0.5857524334568007,HL (Higher Low)
2106,2022-01-23 19:45:00,35031.0,34601.0,-1.227484228254974,LL (Lower Low)
2107,2022-01-24 13:00:00,34601.0,32906.0,-4.898702349643074,LL (Lower Low)
2108,2022-01-25 01:15:00,32906.0,35945.0,9.23539779979335,HL (Higher Low)
2109,2022-01-25 07:15:00,35945.0,35701.0,-0.6788148560300459,LL (Lower Low)
2110,2022-01-25 12:15:00,35701.0,36190.0,1.3697095319458839,HL (Higher Low)
2111,2022-01-25 15:00:00,36190.0,35944.0,-0.6797457861287649,LL (Lower Low)
2112,2022-01-25 21:30:00,35944.0,36406.0,1.2853327398174939,HL (Higher Low)
2113,2022-01-26 07:00:00,36406.0,37129.5,1.987309784101522,HL (Higher Low)
2114,2022-01-26 13:00:00,37129.5,37599.0,1.2644931927443137,HL (Higher Low)
2115,2022-01-26 22:00:00,37599.0,36250.0,-3.5878613792920024,LL (Lower Low)
2116,2022-01-27 03:45:00,36250.0,35490.5,-2.0951724137931036,LL (Lower Low)
2117,2022-01-27 08:30:00,35490.5,35795.0,0.8579760781054084,HL (Higher Low)
2118,2022-01-27 21:00:00,35795.0,35549.0,-0.6872468221818689,LL (Lower Low)
2119,2022-01-28 02:00:00,35549.0,36607.0,2.9761737320318433,HL (Higher Low)
2120,2022-01-28 12:30:00,36607.0,36172.5,-1.186931461195946,LL (Lower Low)
2121,2022-01-28 17:45:00,36172.5,36752.5,1.6034280185223582,HL (Higher Low)
2122,2022-01-29 01:30:00,36752.5,37437.5,1.8638187878375618,HL (Higher Low)
2123,2022-01-29 06:00:00,37437.5,37588.5,0.403338898163606,HL (Higher Low)
2124,2022-01-29 09:00:00,37588.5,37566.0,-0.05985873338920149,LL (Lower Low)
2125,2022-01-29 15:45:00,37566.0,37256.0,-0.8252142895171165,LL (Lower Low)
2126,2022-01-30 00:30:00,37256.0,37730.0,1.272278290745115,HL (Higher Low)
2127,2022-01-30 09:15:00,37730.0,37789.5,0.15769944341372913,HL (Higher Low)
2128,2022-01-30 14:15:00,37789.5,37724.0,-0.17332857010545255,LL (Lower Low)
2129,2022-01-30 20:00:00,37724.0,37320.0,-1.0709362739900328,LL (Lower Low)
2130,2022-01-31 02:00:00,37320.0,36632.0,-1.8435155412647373,LL (Lower Low)
2131,2022-01-31 13:00:00,36632.0,36781.0,0.4067481982965713,HL (Higher Low)
2132,2022-01-31 20:15:00,36781.0,38178.5,3.799516054484652,HL (Higher Low)
2133,2022-02-01 01:45:00,38178.5,38111.0,-0.17680107914140156,LL (Lower Low)
2134,2022-02-01 06:15:00,38111.0,38253.0,0.3725958384718323,HL (Higher Low)
2135,2022-02-01 10:15:00,38253.0,37969.5,-0.7411183436593208,LL (Lower Low)
2136,2022-02-01 15:00:00,37969.5,38155.5,0.4898668668273219,HL (Higher Low)
2137,2022-02-01 19:15:00,38155.5,38325.0,0.44423477611353535,HL (Higher Low)
2138,2022-02-02 01:30:00,38325.0,38349.0,0.06262230919765166,HL (Higher Low)
2139,2022-02-02 06:45:00,38349.0,38205.5,-0.37419489426060654,LL (Lower Low)
2140,2022-02-02 16:15:00,38205.5,37080.0,-2.945910929054717,LL (Lower Low)
2141,2022-02-02 21:30:00,37080.0,36500.0,-1.564185544768069,LL (Lower Low)
2142,2022-02-03 02:00:00,36500.0,36634.5,0.3684931506849315,HL (Higher Low)
2143,2022-02-03 10:15:00,36634.5,36200.5,-1.1846756472723798,LL (Lower Low)
2144,2022-02-03 20:45:00,36200.5,36276.0,0.20856065523956852,HL (Higher Low)
2145,2022-02-04 10:30:00,36276.0,37769.0,4.115668761715735,HL (Higher Low)
2146,2022-02-04 14:00:00,37769.0,37310.0,-1.2152823744340595,LL (Lower Low)
2147,2022-02-04 22:00:00,37310.0,40361.0,8.177432323773786,HL (Higher Low)
2148,2022-02-05 09:45:00,40361.0,41206.5,2.0948440326057334,HL (Higher Low)
2149,2022-02-05 17:00:00,41206.5,40919.0,-0.6977054590901921,LL (Lower Low)
2150,2022-02-05 23:45:00,40919.0,41320.0,0.9799848481145679,HL (Higher Low)
2151,2022-02-06 04:15:00,41320.0,41320.5,0.0012100677637947727,HL (Higher Low)
2152,2022-02-06 11:45:00,41320.5,41455.5,0.3267143427596471,HL (Higher Low)
2153,2022-02-06 15:00:00,41455.5,41110.0,-0.8334237917767243,LL (Lower Low)
2154,2022-02-06 18:45:00,41110.0,41410.5,0.7309657017757236,HL (Higher Low)
2155,2022-02-06 23:00:00,41410.5,41470.0,0.14368336533004913,HL (Higher Low)
2156,2022-02-07 09:30:00,41470.0,42213.0,1.7916566192428263,HL (Higher Low)
2157,2022-02-08 00:15:00,42213.0,43544.5,3.154241584346055,HL (Higher Low)
2158,2022-02-08 09:15:00,43544.5,43501.0,-0.09989780569302667,LL (Lower Low)
2159,2022-02-08 17:30:00,43501.0,42650.0,-1.9562768671984552,LL (Lower Low)
2160,2022-02-09 02:30:00,42650.0,43100.5,1.056271981242673,HL (Higher Low)
2161,2022-02-09 05:15:00,43100.5,43122.0,0.04988341202538253,HL (Higher Low)
2162,2022-02-09 08:30:00,43122.0,43191.0,0.1600111312091276,HL (Higher Low)
2163,2022-02-09 16:00:00,43191.0,43490.0,0.6922738533490773,HL (Higher Low)
2164,2022-02-10 03:00:00,43490.0,43526.0,0.0827776500344907,HL (Higher Low)
2165,2022-02-10 14:00:00,43526.0,43150.0,-0.863851491062813,LL (Lower Low)
2166,2022-02-11 00:45:00,43150.0,42570.0,-1.3441483198146003,LL (Lower Low)
2167,2022-02-11 06:00:00,42570.0,42810.0,0.5637773079633545,HL (Higher Low)
2168,2022-02-11 09:00:00,42810.0,42856.0,0.10745153001635133,HL (Higher Low)
2169,2022-02-11 19:00:00,42856.0,42050.0,-1.8807168191151764,LL (Lower Low)
2170,2022-02-11 23:00:00,42050.0,41900.0,-0.356718192627824,LL (Lower Low)
2171,2022-02-12 03:15:00,41900.0,42169.0,0.6420047732696897,HL (Higher Low)
2172,2022-02-12 06:45:00,42169.0,41748.0,-0.9983637269083924,LL (Lower Low)
2173,2022-02-12 11:15:00,41748.0,41825.0,0.18443997317236754,HL (Higher Low)
2174,2022-02-12 14:30:00,41825.0,41800.0,-0.059772863120143446,LL (Lower Low)
2175,2022-02-12 21:30:00,41800.0,41630.0,-0.4066985645933014,LL (Lower Low)
2176,2022-02-13 10:00:00,41630.0,42230.0,1.4412683161181838,HL (Higher Low)
2177,2022-02-13 14:30:00,42230.0,42125.0,-0.24863840871418422,LL (Lower Low)
2178,2022-02-13 18:30:00,42125.0,41823.0,-0.7169139465875372,LL (Lower Low)
2179,2022-02-14 01:30:00,41823.0,41566.5,-0.6132989025177534,LL (Lower Low)
2180,2022-02-14 06:00:00,41566.5,41727.5,0.38733114407034513,HL (Higher Low)
2181,2022-02-14 10:00:00,41727.5,41941.5,0.5128512371936972,HL (Higher Low)
2182,2022-02-14 15:30:00,41941.5,42350.0,0.9739756565692691,HL (Higher Low)
2183,2022-02-14 19:15:00,42350.0,41791.5,-1.3187721369539551,LL (Lower Low)
2184,2022-02-15 05:00:00,41791.5,43367.0,3.7699053635308615,HL (Higher Low)
2185,2022-02-15 13:30:00,43367.0,44024.5,1.5161297760970325,HL (Higher Low)
2186,2022-02-15 17:15:00,44024.5,43848.0,-0.40091312791740963,LL (Lower Low)
2187,2022-02-15 21:30:00,43848.0,43925.5,0.1767469439883233,HL (Higher Low)
2188,2022-02-16 04:15:00,43925.5,43658.0,-0.6089856689166885,LL (Lower Low)
2189,2022-02-16 10:15:00,43658.0,43868.0,0.4810114984653443,HL (Higher Low)
2190,2022-02-16 14:45:00,43868.0,43265.0,-1.3745782802954318,LL (Lower Low)
2191,2022-02-16 23:45:00,43265.0,43803.0,1.2434993643822951,HL (Higher Low)
2192,2022-02-17 04:00:00,43803.0,43350.0,-1.0341757413875763,LL (Lower Low)
2193,2022-02-17 09:15:00,43350.0,42843.5,-1.168396770472895,LL (Lower Low)
2194,2022-02-17 18:15:00,42843.5,40720.0,-4.9564111242078726,LL (Lower Low)
2195,2022-02-17 21:15:00,40720.0,40009.5,-1.744842829076621,LL (Lower Low)
2196,2022-02-18 00:15:00,40009.5,40220.0,0.5261250453017409,HL (Higher Low)
2197,2022-02-18 05:00:00,40220.0,40487.0,0.6638488314271507,HL (Higher Low)
2198,2022-02-18 16:00:00,40487.0,39438.5,-2.58972015708746,LL (Lower Low)
2199,2022-02-18 22:15:00,39438.5,39736.0,0.7543390341924768,HL (Higher Low)
2200,2022-02-19 03:30:00,39736.0,40046.5,0.7814072881014698,HL (Higher Low)
2201,2022-02-19 11:30:00,40046.5,39557.0,-1.2223290424881077,LL (Lower Low)
2202,2022-02-19 21:15:00,39557.0,39798.0,0.6092474151224815,HL (Higher Low)
2203,2022-02-20 09:00:00,39798.0,37917.0,-4.72636815920398,LL (Lower Low)
2204,2022-02-20 14:15:00,37917.0,38007.5,0.238679220402458,HL (Higher Low)
2205,2022-02-20 21:30:00,38007.5,38040.0,0.08550943892652767,HL (Higher Low)
2206,2022-02-21 03:45:00,38040.0,38811.0,2.026813880126183,HL (Higher Low)
2207,2022-02-21 13:00:00,38811.0,37162.0,-4.248795444590451,LL (Lower Low)
2208,2022-02-21 18:15:00,37162.0,37534.5,1.0023680103331358,HL (Higher Low)
2209,2022-02-21 22:00:00,37534.5,36751.0,-2.0874129134529564,LL (Lower Low)
2210,2022-02-22 03:15:00,36751.0,36312.5,-1.1931648118418547,LL (Lower Low)
2211,2022-02-22 07:15:00,36312.5,36501.0,0.519104991394148,HL (Higher Low)
2212,2022-02-22 17:15:00,36501.0,37341.0,2.3013068135119585,HL (Higher Low)
2213,2022-02-22 22:30:00,37341.0,37727.5,1.035055301143515,HL (Higher Low)
2214,2022-02-23 02:30:00,37727.5,37527.0,-0.5314425816711947,LL (Lower Low)
2215,2022-02-24 05:45:00,37527.0,34242.5,-8.752364963892663,LL (Lower Low)
2216,2022-02-24 10:15:00,34242.5,34760.0,1.511279842301234,HL (Higher Low)
2217,2022-02-24 22:45:00,34760.0,37748.0,8.59608745684695,HL (Higher Low)
2218,2022-02-25 05:00:00,37748.0,38261.5,1.3603369714951785,HL (Higher Low)
2219,2022-02-25 09:15:00,38261.5,37959.5,-0.7893051762215282,LL (Lower Low)
2220,2022-02-25 15:00:00,37959.5,38655.0,1.8322159143297463,HL (Higher Low)
2221,2022-02-25 18:00:00,38655.0,38488.0,-0.4320269046695123,LL (Lower Low)
2222,2022-02-26 05:45:00,38488.0,38950.0,1.2003741425898982,HL (Higher Low)
2223,2022-02-26 09:15:00,38950.0,38556.0,-1.011553273427471,LL (Lower Low)
2224,2022-02-26 18:15:00,38556.0,38780.0,0.5809731299927379,HL (Higher Low)
2225,2022-02-27 02:00:00,38780.0,38169.5,-1.5742650850954099,LL (Lower Low)
2226,2022-02-27 05:00:00,38169.5,38440.0,0.7086810149464886,HL (Higher Low)
2227,2022-02-27 13:45:00,38440.0,38431.5,-0.022112382934443287,LL (Lower Low)
2228,2022-02-27 21:15:00,38431.5,36922.0,-3.9277675864850448,LL (Lower Low)
2229,2022-02-28 06:00:00,36922.0,37445.0,1.4164996479063974,HL (Higher Low)
2230,2022-02-28 10:00:00,37445.0,38060.5,1.6437441580985444,HL (Higher Low)
2231,2022-02-28 13:15:00,38060.5,37845.0,-0.5662038070965961,LL (Lower Low)
2232,2022-03-01 03:15:00,37845.0,42850.0,13.224996697053774,HL (Higher Low)
2233,2022-03-01 10:00:00,42850.0,42811.0,-0.09101516919486581,LL (Lower Low)
2234,2022-03-01 16:45:00,42811.0,43202.0,0.9133166709490551,HL (Higher Low)
2235,2022-03-02 01:15:00,43202.0,43800.0,1.3841951761492524,HL (Higher Low)
2236,2022-03-02 07:15:00,43800.0,43651.5,-0.339041095890411,LL (Lower Low)
2237,2022-03-02 13:30:00,43651.5,43334.0,-0.7273518664879787,LL (Lower Low)
2238,2022-03-02 19:15:00,43334.0,43407.5,0.16961277518807405,HL (Higher Low)
2239,2022-03-03 06:00:00,43407.5,42899.5,-1.1703046708518114,LL (Lower Low)
2240,2022-03-03 10:30:00,42899.5,43057.5,0.36830266087017327,HL (Higher Low)
2241,2022-03-03 20:45:00,43057.5,41811.5,-2.893804795912443,LL (Lower Low)
2242,2022-03-04 01:00:00,41811.5,41055.0,-1.809310835535678,LL (Lower Low)
2243,2022-03-04 04:15:00,41055.0,41100.0,0.10960906101571063,HL (Higher Low)
2244,2022-03-04 08:30:00,41100.0,40802.0,-0.7250608272506083,LL (Lower Low)
2245,2022-03-04 16:00:00,40802.0,40366.0,-1.0685750698495173,LL (Lower Low)
2246,2022-03-04 22:30:00,40366.0,38506.0,-4.607838279740376,LL (Lower Low)
2247,2022-03-05 04:30:00,38506.0,38694.0,0.4882355996468083,HL (Higher Low)
2248,2022-03-05 10:00:00,38694.0,38772.0,0.20158164056442862,HL (Higher Low)
2249,2022-03-05 13:30:00,38772.0,38880.0,0.2785515320334262,HL (Higher Low)
2250,2022-03-05 22:15:00,38880.0,39261.5,0.981224279835391,HL (Higher Low)
2251,2022-03-06 04:00:00,39261.5,38780.0,-1.2263922672338041,LL (Lower Low)
2252,2022-03-06 11:00:00,38780.0,38088.0,-1.7844249613202683,LL (Lower Low)
2253,2022-03-06 19:45:00,38088.0,38454.0,0.960932577189666,HL (Higher Low)
2254,2022-03-07 02:45:00,38454.0,37561.0,-2.322255162011754,LL (Lower Low)
2255,2022-03-07 20:00:00,37561.0,37139.0,-1.1235057639572963,LL (Lower Low)
2256,2022-03-08 06:30:00,37139.0,38000.5,2.3196639651040685,HL (Higher Low)
2257,2022-03-08 16:30:00,38000.5,38070.0,0.18289233036407415,HL (Higher Low)
2258,2022-03-08 21:30:00,38070.0,38388.5,0.8366167586025742,HL (Higher Low)
2259,2022-03-09 13:45:00,38388.5,41655.0,8.509058702476002,HL (Higher Low)
2260,2022-03-09 21:00:00,41655.0,41661.0,0.014404033129276198,HL (Higher Low)
2261,2022-03-10 05:45:00,41661.0,38722.0,-7.054559420081132,LL (Lower Low)
2262,2022-03-10 13:30:00,38722.0,38486.0,-0.6094726512060328,LL (Lower Low)
2263,2022-03-10 22:00:00,38486.0,39051.5,1.4693654835524605,HL (Higher Low)
2264,2022-03-11 02:00:00,39051.5,38202.0,-2.1753325736527405,LL (Lower Low)
2265,2022-03-11 11:00:00,38202.0,38759.0,1.4580388461337104,HL (Higher Low)
2266,2022-03-11 16:00:00,38759.0,38571.0,-0.48504863386568287,LL (Lower Low)
2267,2022-03-11 20:45:00,38571.0,38323.0,-0.6429701070752638,LL (Lower Low)
2268,2022-03-12 00:00:00,38323.0,38631.5,0.8049996085901416,HL (Higher Low)
2269,2022-03-12 04:00:00,38631.5,38943.0,0.8063367976910034,HL (Higher Low)
2270,2022-03-12 08:15:00,38943.0,38967.0,0.06162853401124721,HL (Higher Low)
2271,2022-03-12 14:30:00,38967.0,38659.0,-0.7904124002360973,LL (Lower Low)
2272,2022-03-12 18:15:00,38659.0,38912.0,0.6544401045034791,HL (Higher Low)
2273,2022-03-13 00:00:00,38912.0,38702.5,-0.5383943256578948,LL (Lower Low)
2274,2022-03-13 12:15:00,38702.5,38365.0,-0.872036690136296,LL (Lower Low)
2275,2022-03-14 00:00:00,38365.0,37527.0,-2.1842825491984885,LL (Lower Low)
2276,2022-03-14 13:15:00,37527.0,38566.0,2.768673221946865,HL (Higher Low)
2277,2022-03-14 18:30:00,38566.0,38413.5,-0.39542602292174456,LL (Lower Low)
2278,2022-03-15 03:30:00,38413.5,38500.0,0.22518125138297732,HL (Higher Low)
2279,2022-03-15 07:00:00,38500.0,38100.0,-1.0389610389610389,LL (Lower Low)
2280,2022-03-15 13:30:00,38100.0,38456.0,0.9343832020997376,HL (Higher Low)
2281,2022-03-16 03:30:00,38456.0,38750.0,0.7645100894528812,HL (Higher Low)
2282,2022-03-16 18:30:00,38750.0,39231.0,1.241290322580645,HL (Higher Low)
2283,2022-03-16 23:00:00,39231.0,40760.0,3.8974280543447786,HL (Higher Low)
2284,2022-03-17 07:45:00,40760.0,40527.0,-0.5716388616290481,LL (Lower Low)
2285,2022-03-17 10:30:00,40527.0,40400.0,-0.31337133269178574,LL (Lower Low)
2286,2022-03-17 17:00:00,40400.0,40555.0,0.38366336633663367,HL (Higher Low)
2287,2022-03-17 20:15:00,40555.0,40638.0,0.20466033781284676,HL (Higher Low)
2288,2022-03-18 00:45:00,40638.0,40214.0,-1.0433584329937498,LL (Lower Low)
2289,2022-03-18 11:30:00,40214.0,40105.0,-0.2710498831252797,LL (Lower Low)
2290,2022-03-19 03:45:00,40105.0,41460.0,3.378631093379878,HL (Higher Low)
2291,2022-03-19 07:45:00,41460.0,41520.0,0.1447178002894356,HL (Higher Low)
2292,2022-03-19 14:00:00,41520.0,41650.0,0.3131021194605009,HL (Higher Low)
2293,2022-03-19 22:15:00,41650.0,41710.0,0.14405762304921968,HL (Higher Low)
2294,2022-03-20 01:30:00,41710.0,41761.0,0.1222728362502997,HL (Higher Low)
2295,2022-03-20 05:30:00,41761.0,41750.0,-0.026340365412705635,LL (Lower Low)
2296,2022-03-20 12:00:00,41750.0,41314.0,-1.044311377245509,LL (Lower Low)
2297,2022-03-21 02:30:00,41314.0,40473.5,-2.0344193251682237,LL (Lower Low)
2298,2022-03-21 07:00:00,40473.5,40727.5,0.6275711267866629,HL (Higher Low)
2299,2022-03-21 17:00:00,40727.5,40725.0,-0.006138358602909582,LL (Lower Low)
2300,2022-03-22 00:30:00,40725.0,40860.0,0.3314917127071823,HL (Higher Low)
2301,2022-03-22 06:45:00,40860.0,41991.0,2.7679882525697503,HL (Higher Low)
2302,2022-03-22 16:45:00,41991.0,42461.5,1.120478197709033,HL (Higher Low)
2303,2022-03-22 19:45:00,42461.5,42210.0,-0.5923012611424466,LL (Lower Low)
2304,2022-03-23 01:00:00,42210.0,41855.0,-0.8410329305851694,LL (Lower Low)
2305,2022-03-23 04:15:00,41855.0,41697.5,-0.3762991279417035,LL (Lower Low)
2306,2022-03-23 11:15:00,41697.5,41850.0,0.3657293602733977,HL (Higher Low)
2307,2022-03-23 18:15:00,41850.0,42025.0,0.4181600955794504,HL (Higher Low)
2308,2022-03-24 02:15:00,42025.0,42621.0,1.418203450327186,HL (Higher Low)
2309,2022-03-24 09:30:00,42621.0,42800.0,0.41998076065789164,HL (Higher Low)
2310,2022-03-24 13:30:00,42800.0,42556.0,-0.5700934579439252,LL (Lower Low)
2311,2022-03-24 21:00:00,42556.0,43779.0,2.8738603252185357,HL (Higher Low)
2312,2022-03-25 03:15:00,43779.0,43862.0,0.18958861554626646,HL (Higher Low)
2313,2022-03-25 08:00:00,43862.0,43556.0,-0.6976426063562994,LL (Lower Low)
2314,2022-03-25 17:00:00,43556.0,44010.0,1.0423363026907888,HL (Higher Low)
2315,2022-03-26 01:00:00,44010.0,44050.0,0.09088843444671665,HL (Higher Low)
2316,2022-03-26 16:15:00,44050.0,44128.5,0.1782065834279228,HL (Higher Low)
2317,2022-03-26 21:30:00,44128.5,44211.0,0.18695400931370884,HL (Higher Low)
2318,2022-03-27 04:30:00,44211.0,44512.0,0.6808260387686322,HL (Higher Low)
2319,2022-03-27 13:00:00,44512.0,44418.0,-0.2111790079079799,LL (Lower Low)
2320,2022-03-27 20:15:00,44418.0,44655.0,0.5335674726462245,HL (Higher Low)
2321,2022-03-28 06:00:00,44655.0,46721.5,4.62770126525585,HL (Higher Low)
2322,2022-03-28 16:15:00,46721.5,47273.5,1.1814689168798092,HL (Higher Low)
2323,2022-03-28 23:45:00,47273.5,46802.5,-0.9963298676848552,LL (Lower Low)
2324,2022-03-29 04:00:00,46802.5,47286.0,1.0330644730516532,HL (Higher Low)
2325,2022-03-29 08:00:00,47286.0,47318.0,0.06767330710992683,HL (Higher Low)
2326,2022-03-29 16:00:00,47318.0,47100.0,-0.4607126252166195,LL (Lower Low)
2327,2022-03-29 22:30:00,47100.0,46917.0,-0.3885350318471337,LL (Lower Low)
2328,2022-03-30 01:30:00,46917.0,46501.0,-0.886672208367969,LL (Lower Low)
2329,2022-03-30 08:00:00,46501.0,47196.0,1.4945915141609858,HL (Higher Low)
2330,2022-03-30 14:00:00,47196.0,46873.0,-0.6843800322061192,LL (Lower Low)
2331,2022-03-30 19:45:00,46873.0,46801.0,-0.15360655387963218,LL (Lower Low)
2332,2022-03-31 05:00:00,46801.0,46907.5,0.2275592401871755,HL (Higher Low)
2333,2022-03-31 19:45:00,46907.5,45439.0,-3.1306294302616853,LL (Lower Low)
2334,2022-04-01 02:45:00,45439.0,44202.0,-2.7223310372147274,LL (Lower Low)
2335,2022-04-01 12:15:00,44202.0,44650.0,1.013528799601828,HL (Higher Low)
2336,2022-04-01 20:45:00,44650.0,46050.0,3.135498320268757,HL (Higher Low)
2337,2022-04-02 00:00:00,46050.0,46077.0,0.05863192182410424,HL (Higher Low)
2338,2022-04-02 12:00:00,46077.0,46210.0,0.28864726436182914,HL (Higher Low)
2339,2022-04-02 18:00:00,46210.0,45608.0,-1.3027483228738368,LL (Lower Low)
2340,2022-04-03 01:15:00,45608.0,45501.0,-0.23460796351517277,LL (Lower Low)
2341,2022-04-03 11:00:00,45501.0,46080.0,1.2724995055053736,HL (Higher Low)
2342,2022-04-03 16:15:00,46080.0,46197.0,0.25390625,HL (Higher Low)
2343,2022-04-04 01:30:00,46197.0,45731.0,-1.0087235101846441,LL (Lower Low)
2344,2022-04-04 10:30:00,45731.0,45782.5,0.11261507511316174,HL (Higher Low)
2345,2022-04-04 17:30:00,45782.5,45050.0,-1.5999563151859335,LL (Lower Low)
2346,2022-04-05 06:45:00,45050.0,46561.5,3.355160932297447,HL (Higher Low)
2347,2022-04-05 10:00:00,46561.5,46510.0,-0.11060640228514976,LL (Lower Low)
2348,2022-04-05 16:00:00,46510.0,45570.5,-2.019995699849495,LL (Lower Low)
2349,2022-04-05 19:15:00,45570.5,45406.0,-0.3609791422082268,LL (Lower Low)
2350,2022-04-06 00:15:00,45406.0,44304.0,-2.4269920274853543,LL (Lower Low)
2351,2022-04-06 04:00:00,44304.0,45110.0,1.8192488262910798,HL (Higher Low)
2352,2022-04-06 18:15:00,45110.0,43127.0,-4.3959210818000445,LL (Lower Low)
2353,2022-04-07 00:45:00,43127.0,42703.5,-0.9819834442460639,LL (Lower Low)
2354,2022-04-07 09:15:00,42703.5,43228.5,1.2294074256208507,HL (Higher Low)
2355,2022-04-07 15:30:00,43228.5,42990.0,-0.55171935181651,LL (Lower Low)
2356,2022-04-07 21:15:00,42990.0,43178.0,0.4373110025587346,HL (Higher Low)
2357,2022-04-08 00:45:00,43178.0,43300.0,0.28255129927277783,HL (Higher Low)
2358,2022-04-08 07:30:00,43300.0,43394.0,0.21709006928406469,HL (Higher Low)
2359,2022-04-08 13:30:00,43394.0,42750.0,-1.4840761395584643,LL (Lower Low)
2360,2022-04-08 18:00:00,42750.0,42346.0,-0.9450292397660818,LL (Lower Low)
2361,2022-04-08 23:00:00,42346.0,42090.0,-0.6045435224106173,LL (Lower Low)
2362,2022-04-09 03:00:00,42090.0,42121.5,0.07483962936564505,HL (Higher Low)
2363,2022-04-09 07:30:00,42121.5,42345.0,0.5306078843346035,HL (Higher Low)
2364,2022-04-09 10:30:00,42345.0,42303.0,-0.0991852639036486,LL (Lower Low)
2365,2022-04-09 15:45:00,42303.0,42163.5,-0.3297638465357067,LL (Lower Low)
2366,2022-04-09 21:00:00,42163.5,42359.0,0.46367118479253383,HL (Higher Low)
2367,2022-04-10 10:00:00,42359.0,42430.0,0.1676149106447272,HL (Higher Low)
2368,2022-04-11 00:15:00,42430.0,41580.0,-2.003299552203629,LL (Lower Low)
2369,2022-04-11 22:00:00,41580.0,39171.5,-5.7924482924482925,LL (Lower Low)
2370,2022-04-12 02:15:00,39171.5,39216.0,0.11360300218270936,HL (Higher Low)
2371,2022-04-12 14:15:00,39216.0,39773.0,1.4203386372909017,HL (Higher Low)
2372,2022-04-12 20:00:00,39773.0,39241.0,-1.3375908279486084,LL (Lower Low)
2373,2022-04-13 06:45:00,39241.0,39820.0,1.47549756632094,HL (Higher Low)
2374,2022-04-13 13:00:00,39820.0,39600.0,-0.5524861878453038,LL (Lower Low)
2375,2022-04-13 23:00:00,39600.0,41050.0,3.6616161616161618,HL (Higher Low)
2376,2022-04-14 19:00:00,41050.0,39521.0,-3.724725943970767,LL (Lower Low)
2377,2022-04-15 00:45:00,39521.0,39746.0,0.5693175779965082,HL (Higher Low)
2378,2022-04-15 07:15:00,39746.0,39923.0,0.44532783173149504,HL (Higher Low)
2379,2022-04-15 14:15:00,39923.0,39854.0,-0.17283270295318487,LL (Lower Low)
2380,2022-04-15 19:00:00,39854.0,40229.5,0.9421889898128168,HL (Higher Low)
2381,2022-04-16 09:30:00,40229.5,40264.0,0.08575796368336669,HL (Higher Low)
2382,2022-04-16 15:45:00,40264.0,39972.5,-0.7239717862110073,LL (Lower Low)
2383,2022-04-17 02:45:00,39972.5,40120.0,0.36900369003690037,HL (Higher Low)
2384,2022-04-17 07:30:00,40120.0,40222.0,0.2542372881355932,HL (Higher Low)
2385,2022-04-17 14:00:00,40222.0,40193.5,-0.07085674506488987,LL (Lower Low)
2386,2022-04-17 18:00:00,40193.5,39772.5,-1.047433042656151,LL (Lower Low)
2387,2022-04-17 23:30:00,39772.5,39520.5,-0.6336036205921176,LL (Lower Low)
2388,2022-04-18 05:00:00,39520.5,38466.5,-2.666970306549765,LL (Lower Low)
2389,2022-04-18 09:00:00,38466.5,38765.0,0.7759998960134142,HL (Higher Low)
2390,2022-04-18 16:00:00,38765.0,38990.0,0.5804204823939121,HL (Higher Low)
2391,2022-04-19 02:45:00,38990.0,40580.0,4.077968709925622,HL (Higher Low)
2392,2022-04-19 07:15:00,40580.0,40533.0,-0.11582060128141941,LL (Lower Low)
2393,2022-04-19 17:15:00,40533.0,41139.0,1.4950780845237215,HL (Higher Low)
2394,2022-04-19 20:30:00,41139.0,41200.5,0.14949318165244657,HL (Higher Low)
2395,2022-04-20 01:15:00,41200.5,41209.0,0.020630817587165205,HL (Higher Low)
2396,2022-04-20 04:30:00,41209.0,41255.0,0.11162610109442112,HL (Higher Low)
2397,2022-04-20 18:30:00,41255.0,40867.0,-0.9404920615682948,LL (Lower Low)
2398,2022-04-20 23:30:00,40867.0,41245.0,0.924951672498593,HL (Higher Low)
2399,2022-04-21 06:00:00,41245.0,41405.0,0.3879258091889926,HL (Higher Low)
2400,2022-04-21 22:30:00,41405.0,39588.0,-4.3883588938533995,LL (Lower Low)
2401,2022-04-22 10:00:00,39588.0,40118.5,1.3400525411740931,HL (Higher Low)
2402,2022-04-22 18:00:00,40118.5,39007.0,-2.7705422685294816,LL (Lower Low)
2403,2022-04-23 04:15:00,39007.0,39261.0,0.6511651754813239,HL (Higher Low)
2404,2022-04-23 09:30:00,39261.0,39476.5,0.5488907567305977,HL (Higher Low)
2405,2022-04-23 18:45:00,39476.5,39647.5,0.43316910060415686,HL (Higher Low)
2406,2022-04-23 23:30:00,39647.5,39305.0,-0.8638627908443155,LL (Lower Low)
2407,2022-04-24 13:30:00,39305.0,39351.0,0.1170334563032693,HL (Higher Low)
2408,2022-04-24 16:45:00,39351.0,38831.0,-1.3214403700033037,LL (Lower Low)
2409,2022-04-24 21:00:00,38831.0,39424.0,1.5271303855167264,HL (Higher Low)
2410,2022-04-25 00:45:00,39424.0,38634.0,-2.0038555194805197,LL (Lower Low)
2411,2022-04-25 07:00:00,38634.0,38072.0,-1.4546772273127297,LL (Lower Low)
2412,2022-04-26 02:30:00,38072.0,40366.5,6.0267388106745114,HL (Higher Low)
2413,2022-04-26 07:00:00,40366.5,40381.5,0.037159525844450224,HL (Higher Low)
2414,2022-04-26 20:00:00,40381.5,37668.5,-6.7184230402535805,LL (Lower Low)
2415,2022-04-26 23:15:00,37668.5,37700.0,0.08362424837729138,HL (Higher Low)
2416,2022-04-27 11:15:00,37700.0,38592.0,2.36604774535809,HL (Higher Low)
2417,2022-04-27 14:30:00,38592.0,38377.5,-0.5558146766169154,LL (Lower Low)
2418,2022-04-27 19:15:00,38377.5,38655.0,0.7230799296462771,HL (Higher Low)
2419,2022-04-28 05:45:00,38655.0,39196.0,1.399560212132971,HL (Higher Low)
2420,2022-04-28 14:00:00,39196.0,38863.5,-0.8483008470252067,LL (Lower Low)
2421,2022-04-28 22:15:00,38863.5,39575.0,1.8307666576607873,HL (Higher Low)
2422,2022-04-29 03:00:00,39575.0,39180.0,-0.998104864181933,LL (Lower Low)
2423,2022-04-29 06:00:00,39180.0,39318.0,0.3522205206738132,HL (Higher Low)
2424,2022-04-29 11:30:00,39318.0,38596.5,-1.835037387456127,LL (Lower Low)
2425,2022-04-29 19:45:00,38596.5,38162.0,-1.1257497441477855,LL (Lower Low)
2426,2022-04-30 04:30:00,38162.0,38470.0,0.8070855825166395,HL (Higher Low)
2427,2022-04-30 08:30:00,38470.0,38530.0,0.1559656875487393,HL (Higher Low)
2428,2022-04-30 15:00:00,38530.0,38129.0,-1.0407474695042824,LL (Lower Low)
2429,2022-05-01 01:30:00,38129.0,37351.0,-2.0404416585800833,LL (Lower Low)
2430,2022-05-01 12:00:00,37351.0,37820.0,1.2556558057347862,HL (Higher Low)
2431,2022-05-01 20:00:00,37820.0,37634.0,-0.49180327868852464,LL (Lower Low)
2432,2022-05-02 13:30:00,37634.0,38230.0,1.5836743370356592,HL (Higher Low)
2433,2022-05-02 18:00:00,38230.0,38005.0,-0.5885430290347895,LL (Lower Low)
2434,2022-05-03 02:30:00,38005.0,38320.0,0.8288383107485857,HL (Higher Low)
2435,2022-05-03 19:30:00,38320.0,37500.0,-2.1398747390396657,LL (Lower Low)
2436,2022-05-04 14:00:00,37500.0,38648.0,3.0613333333333332,HL (Higher Low)
2437,2022-05-04 18:30:00,38648.0,38575.5,-0.18759056096046367,LL (Lower Low)
2438,2022-05-05 00:15:00,38575.5,39546.0,2.515845549636427,HL (Higher Low)
2439,2022-05-05 09:30:00,39546.0,39411.0,-0.34137460172963136,LL (Lower Low)
2440,2022-05-05 15:00:00,39411.0,36190.0,-8.17284514475654,LL (Lower Low)
2441,2022-05-05 19:15:00,36190.0,35511.0,-1.8762088974854934,LL (Lower Low)
2442,2022-05-06 01:15:00,35511.0,36121.5,1.7191856044605898,HL (Higher Low)
2443,2022-05-06 07:30:00,36121.5,35800.0,-0.8900516312999183,LL (Lower Low)
2444,2022-05-06 13:30:00,35800.0,35200.0,-1.675977653631285,LL (Lower Low)
2445,2022-05-06 17:45:00,35200.0,35810.0,1.7329545454545454,HL (Higher Low)
2446,2022-05-07 03:30:00,35810.0,35711.5,-0.27506283161128176,LL (Lower Low)
2447,2022-05-07 13:15:00,35711.5,35846.0,0.3766293770914131,HL (Higher Low)
2448,2022-05-07 22:45:00,35846.0,34744.0,-3.074262121296658,LL (Lower Low)
2449,2022-05-08 03:00:00,34744.0,34155.0,-1.6952567349758232,LL (Lower Low)
2450,2022-05-08 14:00:00,34155.0,34275.0,0.3513394817742644,HL (Higher Low)
2451,2022-05-08 17:00:00,34275.0,33666.0,-1.776805251641138,LL (Lower Low)
2452,2022-05-09 02:45:00,33666.0,33255.0,-1.2208162537872036,LL (Lower Low)
2453,2022-05-09 10:45:00,33255.0,32600.5,-1.9681250939708315,LL (Lower Low)
2454,2022-05-09 18:30:00,32600.5,30300.5,-7.055106516771215,LL (Lower Low)
2455,2022-05-10 00:30:00,30300.5,29711.0,-1.9455124502895993,LL (Lower Low)
2456,2022-05-10 04:00:00,29711.0,30603.0,3.002255057049578,HL (Higher Low)
2457,2022-05-10 10:15:00,30603.0,31219.5,2.0145083815312224,HL (Higher Low)
2458,2022-05-10 15:00:00,31219.5,30837.5,-1.2235942279664953,LL (Lower Low)
2459,2022-05-10 22:00:00,30837.5,30136.5,-2.2732063234698017,LL (Lower Low)
2460,2022-05-11 02:00:00,30136.5,30618.5,1.5993894446933121,HL (Higher Low)
2461,2022-05-11 07:30:00,30618.5,30200.0,-1.3668207129676502,LL (Lower Low)
2462,2022-05-11 12:45:00,30200.0,29000.0,-3.9735099337748347,LL (Lower Low)
2463,2022-05-11 21:15:00,29000.0,27600.0,-4.827586206896552,LL (Lower Low)
2464,2022-05-12 07:15:00,27600.0,26536.0,-3.8550724637681157,LL (Lower Low)
2465,2022-05-12 13:30:00,26536.0,27888.5,5.096849562858004,HL (Higher Low)
2466,2022-05-12 18:45:00,27888.5,28158.5,0.9681409900138049,HL (Higher Low)
2467,2022-05-12 21:30:00,28158.5,28000.0,-0.5628850968624038,LL (Lower Low)
2468,2022-05-13 10:15:00,28000.0,30140.5,7.644642857142856,HL (Higher Low)
2469,2022-05-13 18:00:00,30140.5,29351.0,-2.6193991473266864,LL (Lower Low)
2470,2022-05-13 23:30:00,29351.0,29181.0,-0.5791966202173691,LL (Lower Low)
2471,2022-05-14 04:45:00,29181.0,29200.0,0.06511085980603817,HL (Higher Low)
2472,2022-05-14 16:00:00,29200.0,28597.5,-2.0633561643835616,LL (Lower Low)
2473,2022-05-14 20:45:00,28597.5,29257.5,2.3078940466824025,HL (Higher Low)
2474,2022-05-15 04:30:00,29257.5,29409.0,0.5178159446295821,HL (Higher Low)
2475,2022-05-15 08:45:00,29409.0,29500.0,0.3094290863341154,HL (Higher Low)
2476,2022-05-15 14:30:00,29500.0,29761.0,0.8847457627118644,HL (Higher Low)
2477,2022-05-16 07:15:00,29761.0,29216.0,-1.8312556701723732,LL (Lower Low)
2478,2022-05-16 10:00:00,29216.0,29380.0,0.5613362541073385,HL (Higher Low)
2479,2022-05-16 16:45:00,29380.0,29050.0,-1.123213070115725,LL (Lower Low)
2480,2022-05-17 01:30:00,29050.0,29759.5,2.442340791738382,HL (Higher Low)
2481,2022-05-17 11:30:00,29759.5,30252.5,1.6566138543994353,HL (Higher Low)
2482,2022-05-17 18:15:00,30252.5,29400.0,-2.817948929840509,LL (Lower Low)
2483,2022-05-18 03:45:00,29400.0,29717.0,1.0782312925170068,HL (Higher Low)
2484,2022-05-18 07:00:00,29717.0,29658.0,-0.1985395564828213,LL (Lower Low)
2485,2022-05-18 16:00:00,29658.0,28715.0,-3.1795805516218225,LL (Lower Low)
2486,2022-05-18 23:45:00,28715.0,28633.0,-0.28556503569562947,LL (Lower Low)
2487,2022-05-19 05:30:00,28633.0,29011.5,1.3219013026926973,HL (Higher Low)
2488,2022-05-19 09:30:00,29011.5,28835.0,-0.6083794357409992,LL (Lower Low)
2489,2022-05-19 20:00:00,28835.0,29935.0,3.8148083925784637,HL (Higher Low)
2490,2022-05-20 06:30:00,29935.0,29840.5,-0.31568398196091535,LL (Lower Low)
2491,2022-05-20 17:15:00,29840.5,28708.0,-3.7951776947437206,LL (Lower Low)
2492,2022-05-21 01:15:00,28708.0,28920.5,0.7402117876550091,HL (Higher Low)
2493,2022-05-21 11:30:00,28920.5,29151.0,0.7970124997838903,HL (Higher Low)
2494,2022-05-21 22:00:00,29151.0,29294.5,0.49226441631504925,HL (Higher Low)
2495,2022-05-22 04:15:00,29294.5,29220.5,-0.25260714468586254,LL (Lower Low)
2496,2022-05-22 15:15:00,29220.5,29661.5,1.5092144213822487,HL (Higher Low)
2497,2022-05-23 02:30:00,29661.5,30035.5,1.2608937511589096,HL (Higher Low)
2498,2022-05-23 08:45:00,30035.5,30275.0,0.7973897554560436,HL (Higher Low)
2499,2022-05-23 14:00:00,30275.0,29941.5,-1.101568951279934,LL (Lower Low)
2500,2022-05-23 20:00:00,29941.5,29000.0,-3.144465040161649,LL (Lower Low)
2501,2022-05-23 23:15:00,29000.0,28839.0,-0.5551724137931034,LL (Lower Low)
2502,2022-05-24 09:00:00,28839.0,29098.5,0.8998231561427233,HL (Higher Low)
2503,2022-05-24 14:00:00,29098.5,28659.0,-1.5103871333573895,LL (Lower Low)
2504,2022-05-24 18:45:00,28659.0,29090.0,1.5038905753864404,HL (Higher Low)
2505,2022-05-25 08:00:00,29090.0,29551.0,1.5847370230319697,HL (Higher Low)
2506,2022-05-25 12:30:00,29551.0,29324.0,-0.7681635139250788,LL (Lower Low)
2507,2022-05-25 16:30:00,29324.0,29405.0,0.27622425317146365,HL (Higher Low)
2508,2022-05-26 00:00:00,29405.0,29480.0,0.2550586634926033,HL (Higher Low)
2509,2022-05-26 09:00:00,29480.0,28861.5,-2.0980325644504747,LL (Lower Low)
2510,2022-05-26 13:15:00,28861.5,27950.0,-3.1581865114425787,LL (Lower Low)
2511,2022-05-26 20:00:00,27950.0,29276.0,4.744186046511628,HL (Higher Low)
2512,2022-05-27 02:00:00,29276.0,28824.5,-1.5422188823609784,LL (Lower Low)
2513,2022-05-27 06:00:00,28824.5,28611.5,-0.7389547086679734,LL (Lower Low)
2514,2022-05-27 10:45:00,28611.5,28775.0,0.5714485434178564,HL (Higher Low)
2515,2022-05-27 18:15:00,28775.0,28256.5,-1.8019113814074716,LL (Lower Low)
2516,2022-05-27 23:30:00,28256.5,28507.0,0.8865216852759542,HL (Higher Low)
2517,2022-05-28 09:45:00,28507.0,28752.0,0.8594380327638826,HL (Higher Low)
2518,2022-05-28 17:15:00,28752.0,28777.5,0.08868948247078465,HL (Higher Low)
2519,2022-05-29 02:00:00,28777.5,28838.5,0.21197115802276084,HL (Higher Low)
2520,2022-05-29 09:15:00,28838.5,28946.5,0.3744993671654212,HL (Higher Low)
2521,2022-05-29 15:00:00,28946.5,29152.0,0.7099303888207555,HL (Higher Low)
2522,2022-05-29 19:15:00,29152.0,29075.0,-0.26413282107574093,LL (Lower Low)
2523,2022-05-30 13:15:00,29075.0,30230.5,3.97420464316423,HL (Higher Low)
2524,2022-05-30 20:00:00,30230.5,30536.0,1.0105687964142174,HL (Higher Low)
2525,2022-05-31 00:45:00,30536.0,31420.5,2.8965810846214306,HL (Higher Low)
2526,2022-05-31 06:45:00,31420.5,31427.5,0.022278448783437564,HL (Higher Low)
2527,2022-05-31 09:45:00,31427.5,31482.5,0.17500596611248112,HL (Higher Low)
2528,2022-05-31 14:00:00,31482.5,31216.0,-0.8465020249344875,LL (Lower Low)
2529,2022-05-31 19:45:00,31216.0,31547.5,1.061955407483342,HL (Higher Low)
2530,2022-06-01 04:00:00,31547.5,31370.0,-0.5626436326174816,LL (Lower Low)
2531,2022-06-01 11:15:00,31370.0,31423.5,0.17054510678992668,HL (Higher Low)
2532,2022-06-01 17:15:00,31423.5,29859.0,-4.9787579359396625,LL (Lower Low)
2533,2022-06-01 20:30:00,29859.0,29291.0,-1.902274021233129,LL (Lower Low)
2534,2022-06-02 04:15:00,29291.0,29637.5,1.1829572223549896,HL (Higher Low)
2535,2022-06-02 13:15:00,29637.5,29584.5,-0.17882749894559258,LL (Lower Low)
2536,2022-06-02 18:45:00,29584.5,29955.5,1.2540350521387889,HL (Higher Low)
2537,2022-06-03 14:45:00,29955.5,29250.0,-2.3551601542287726,LL (Lower Low)
2538,2022-06-04 02:30:00,29250.0,29466.0,0.7384615384615384,HL (Higher Low)
2539,2022-06-04 14:00:00,29466.0,29468.0,0.006787483879725786,HL (Higher Low)
2540,2022-06-05 01:15:00,29468.0,29660.5,0.6532509841183657,HL (Higher Low)
2541,2022-06-05 09:30:00,29660.5,29509.5,-0.5090945870770891,LL (Lower Low)
2542,2022-06-05 14:00:00,29509.5,29615.0,0.3575119876649892,HL (Higher Low)
2543,2022-06-05 21:00:00,29615.0,29800.0,0.6246834374472395,HL (Higher Low)
2544,2022-06-06 17:15:00,29800.0,31033.0,4.1375838926174495,HL (Higher Low)
2545,2022-06-07 02:15:00,31033.0,29119.5,-6.1660168208036605,LL (Lower Low)
2546,2022-06-07 11:00:00,29119.5,29325.0,0.7057126667696905,HL (Higher Low)
2547,2022-06-07 22:45:00,29325.0,30302.5,3.3333333333333335,HL (Higher Low)
2548,2022-06-08 03:30:00,30302.5,29818.0,-1.5988779803646564,LL (Lower Low)
2549,2022-06-08 13:00:00,29818.0,30038.0,0.7378093768864444,HL (Higher Low)
2550,2022-06-08 18:30:00,30038.0,29898.5,-0.4644117451228444,LL (Lower Low)
2551,2022-06-09 02:00:00,29898.5,30043.5,0.48497416258340725,HL (Higher Low)
2552,2022-06-09 13:30:00,30043.5,29896.0,-0.49095478223242967,LL (Lower Low)
2553,2022-06-09 20:00:00,29896.0,29958.5,0.20905806796895904,HL (Higher Low)
2554,2022-06-10 00:15:00,29958.5,29495.5,-1.5454712352087054,LL (Lower Low)
2555,2022-06-10 09:45:00,29495.5,29841.0,1.1713651234934142,HL (Higher Low)
2556,2022-06-10 16:15:00,29841.0,28816.0,-3.434871485540029,LL (Lower Low)
2557,2022-06-10 23:15:00,28816.0,29010.0,0.6732370905052748,HL (Higher Low)
2558,2022-06-11 16:15:00,29010.0,28035.0,-3.3609100310237854,LL (Lower Low)
2559,2022-06-11 20:45:00,28035.0,28366.5,1.1824505082932049,HL (Higher Low)
2560,2022-06-12 05:30:00,28366.5,27161.0,-4.249731197010558,LL (Lower Low)
2561,2022-06-12 10:00:00,27161.0,27325.5,0.6056478038363831,HL (Higher Low)
2562,2022-06-12 14:15:00,27325.5,26847.0,-1.7511115990558268,LL (Lower Low)
2563,2022-06-13 03:15:00,26847.0,24867.0,-7.375125712370097,LL (Lower Low)
2564,2022-06-13 14:45:00,24867.0,22560.5,-9.275344834519645,LL (Lower Low)
2565,2022-06-14 01:45:00,22560.5,20818.5,-7.721460074023182,LL (Lower Low)
2566,2022-06-14 11:45:00,20818.5,21703.0,4.248625021014963,HL (Higher Low)
2567,2022-06-14 21:45:00,21703.0,21316.5,-1.780859788969267,LL (Lower Low)
2568,2022-06-15 09:30:00,21316.5,20071.0,-5.842891656697863,LL (Lower Low)
2569,2022-06-15 18:00:00,20071.0,20190.0,0.5928952219620347,HL (Higher Low)
2570,2022-06-16 10:30:00,20190.0,20849.0,3.263992075284795,HL (Higher Low)
2571,2022-06-16 14:00:00,20849.0,20744.0,-0.5036212767998465,LL (Lower Low)
2572,2022-06-16 23:15:00,20744.0,20228.0,-2.4874662553027385,LL (Lower Low)
2573,2022-06-17 04:00:00,20228.0,20312.0,0.41526596796519677,HL (Higher Low)
2574,2022-06-17 14:30:00,20312.0,20386.0,0.3643166601024025,HL (Higher Low)
2575,2022-06-17 19:00:00,20386.0,20423.0,0.18149710585696066,HL (Higher Low)
2576,2022-06-17 22:30:00,20423.0,20350.0,-0.3574401410174803,LL (Lower Low)
2577,2022-06-18 02:00:00,20350.0,20300.0,-0.2457002457002457,LL (Lower Low)
2578,2022-06-18 08:15:00,20300.0,18675.0,-8.004926108374384,LL (Lower Low)
2579,2022-06-18 20:30:00,18675.0,17600.0,-5.756358768406962,LL (Lower Low)
2580,2022-06-19 02:30:00,17600.0,18203.5,3.4289772727272725,HL (Higher Low)
2581,2022-06-19 05:15:00,18203.5,17953.0,-1.37610899002939,LL (Lower Low)
2582,2022-06-19 13:45:00,17953.0,19133.0,6.572717651645965,HL (Higher Low)
2583,2022-06-20 01:45:00,19133.0,19624.0,2.566246798724716,HL (Higher Low)
2584,2022-06-20 05:15:00,19624.0,19755.0,0.6675499388503873,HL (Higher Low)
2585,2022-06-20 12:30:00,19755.0,20355.0,3.037205770690964,HL (Higher Low)
2586,2022-06-20 18:00:00,20355.0,19813.0,-2.6627364283959714,LL (Lower Low)
2587,2022-06-21 02:30:00,19813.0,20336.0,2.6396810175137535,HL (Higher Low)
2588,2022-06-21 12:00:00,20336.0,20841.0,2.483280881195909,HL (Higher Low)
2589,2022-06-21 20:15:00,20841.0,20661.5,-0.8612830478383954,LL (Lower Low)
2590,2022-06-22 06:30:00,20661.5,19928.0,-3.55008106865426,LL (Lower Low)
2591,2022-06-22 12:45:00,19928.0,20101.0,0.8681252509032517,HL (Higher Low)
2592,2022-06-22 16:00:00,20101.0,19824.0,-1.378040893487886,LL (Lower Low)
2593,2022-06-22 20:30:00,19824.0,19703.0,-0.6103712671509282,LL (Lower Low)
2594,2022-06-23 04:00:00,19703.0,20146.5,2.250926254885043,HL (Higher Low)
2595,2022-06-23 17:00:00,20146.5,20160.0,0.06700915791824882,HL (Higher Low)
2596,2022-06-24 07:15:00,20160.0,20728.5,2.8199404761904763,HL (Higher Low)
2597,2022-06-24 16:30:00,20728.5,20782.5,0.26051089080251827,HL (Higher Low)
2598,2022-06-25 00:00:00,20782.5,21107.5,1.563815710333213,HL (Higher Low)
2599,2022-06-25 06:00:00,21107.5,21173.5,0.31268506455051526,HL (Higher Low)
2600,2022-06-25 12:15:00,21173.5,21033.0,-0.6635653056887147,LL (Lower Low)
2601,2022-06-25 15:45:00,21033.0,20900.0,-0.6323396567299007,LL (Lower Low)
2602,2022-06-26 02:45:00,20900.0,21241.0,1.631578947368421,HL (Higher Low)
2603,2022-06-26 06:15:00,21241.0,21320.5,0.3742761640224095,HL (Higher Low)
2604,2022-06-26 18:15:00,21320.5,21124.0,-0.9216481789826693,LL (Lower Low)
2605,2022-06-27 01:00:00,21124.0,20919.0,-0.9704601401249763,LL (Lower Low)
2606,2022-06-27 14:00:00,20919.0,20581.5,-1.613365839667288,LL (Lower Low)
2607,2022-06-27 18:00:00,20581.5,20500.0,-0.39598668707334256,LL (Lower Low)
2608,2022-06-28 02:00:00,20500.0,20467.5,-0.15853658536585366,LL (Lower Low)
2609,2022-06-28 19:45:00,20467.5,20190.0,-1.3558079882740932,LL (Lower Low)
2610,2022-06-29 00:00:00,20190.0,20143.5,-0.23031203566121844,LL (Lower Low)
2611,2022-06-29 07:00:00,20143.5,19900.5,-1.2063444783677117,LL (Lower Low)
2612,2022-06-29 11:15:00,19900.5,19820.0,-0.40451244943594383,LL (Lower Low)
2613,2022-06-29 17:15:00,19820.0,19927.0,0.5398587285570131,HL (Higher Low)
2614,2022-06-30 01:15:00,19927.0,19942.0,0.07527475284789481,HL (Higher Low)
2615,2022-06-30 09:30:00,19942.0,18914.0,-5.154949353124059,LL (Lower Low)
2616,2022-06-30 13:30:00,18914.0,18701.5,-1.1235063973776038,LL (Lower Low)
2617,2022-06-30 20:45:00,18701.5,18601.0,-0.5373900489265567,LL (Lower Low)
2618,2022-07-01 05:15:00,18601.0,19308.0,3.8008709209182303,HL (Higher Low)
2619,2022-07-01 11:00:00,19308.0,18938.0,-1.9163041226434636,LL (Lower Low)
2620,2022-07-01 19:15:00,18938.0,19260.5,1.7029253353046785,HL (Higher Low)
2621,2022-07-02 03:30:00,19260.5,19056.0,-1.0617585213260299,LL (Lower Low)
2622,2022-07-02 09:15:00,19056.0,18960.0,-0.5037783375314862,LL (Lower Low)
2623,2022-07-02 15:30:00,18960.0,19158.0,1.0443037974683544,HL (Higher Low)
2624,2022-07-02 20:15:00,19158.0,19191.5,0.1748616765841946,HL (Higher Low)
2625,2022-07-03 00:30:00,19191.5,19164.0,-0.14329260349633952,LL (Lower Low)
2626,2022-07-03 04:45:00,19164.0,18777.0,-2.0194113963681906,LL (Lower Low)
2627,2022-07-03 08:45:00,18777.0,18926.0,0.7935239921180167,HL (Higher Low)
2628,2022-07-03 13:30:00,18926.0,18952.0,0.13737715312268836,HL (Higher Low)
2629,2022-07-04 03:00:00,18952.0,19039.0,0.4590544533558463,HL (Higher Low)
2630,2022-07-04 14:00:00,19039.0,19500.0,2.4213456589106572,HL (Higher Low)
2631,2022-07-04 20:15:00,19500.0,19723.0,1.1435897435897437,HL (Higher Low)
2632,2022-07-05 02:45:00,19723.0,20150.0,2.1649850428433806,HL (Higher Low)
2633,2022-07-05 13:00:00,20150.0,19262.5,-4.4044665012406945,LL (Lower Low)
2634,2022-07-06 03:00:00,19262.5,19737.0,2.463335496430889,HL (Higher Low)
2635,2022-07-06 06:15:00,19737.0,19851.0,0.577595379236966,HL (Higher Low)
2636,2022-07-06 12:00:00,19851.0,19951.0,0.5037529595486373,HL (Higher Low)
2637,2022-07-07 05:45:00,19951.0,20248.0,1.4886471856047316,HL (Higher Low)
2638,2022-07-07 12:30:00,20248.0,20368.5,0.5951205057289609,HL (Higher Low)
2639,2022-07-08 09:00:00,20368.5,21317.0,4.656700297027273,HL (Higher Low)
2640,2022-07-08 12:45:00,21317.0,21184.0,-0.6239151850635642,LL (Lower Low)
2641,2022-07-09 00:00:00,21184.0,21400.0,1.0196374622356497,HL (Higher Low)
2642,2022-07-09 11:45:00,21400.0,21310.0,-0.4205607476635514,LL (Lower Low)
2643,2022-07-09 19:00:00,21310.0,21515.0,0.961989676208353,HL (Higher Low)
2644,2022-07-10 02:30:00,21515.0,21125.0,-1.812688821752266,LL (Lower Low)
2645,2022-07-10 16:00:00,21125.0,20652.0,-2.23905325443787,LL (Lower Low)
2646,2022-07-11 06:00:00,20652.0,20350.0,-1.462328103815611,LL (Lower Low)
2647,2022-07-11 13:45:00,20350.0,20263.0,-0.4275184275184275,LL (Lower Low)
2648,2022-07-12 00:45:00,20263.0,19785.5,-2.3565118689236537,LL (Lower Low)
2649,2022-07-12 09:30:00,19785.5,19555.5,-1.1624674635465366,LL (Lower Low)
2650,2022-07-12 14:00:00,19555.5,19680.5,0.6392063613817085,HL (Higher Low)
2651,2022-07-12 19:30:00,19680.5,19219.5,-2.342420162089378,LL (Lower Low)
2652,2022-07-13 04:45:00,19219.5,19410.0,0.9911808319675329,HL (Higher Low)
2653,2022-07-13 12:30:00,19410.0,18867.5,-2.7949510561566204,LL (Lower Low)
2654,2022-07-13 20:15:00,18867.5,19575.0,3.7498343712733537,HL (Higher Low)
2655,2022-07-14 12:30:00,19575.0,19575.0,0.0,같음
2656,2022-07-14 21:45:00,19575.0,20430.0,4.3678160919540225,HL (Higher Low)
2657,2022-07-15 00:30:00,20430.0,20365.0,-0.31815956926089084,LL (Lower Low)
2658,2022-07-15 16:15:00,20365.0,20625.0,1.276700220967346,HL (Higher Low)
2659,2022-07-16 02:15:00,20625.0,20599.5,-0.12363636363636364,LL (Lower Low)
2660,2022-07-16 06:30:00,20599.5,20469.5,-0.6310832787203573,LL (Lower Low)
2661,2022-07-16 20:15:00,20469.5,20910.0,2.1519822174454677,HL (Higher Low)
2662,2022-07-17 01:30:00,20910.0,21077.0,0.7986609277857484,HL (Higher Low)
2663,2022-07-17 10:15:00,21077.0,21207.0,0.6167860701238317,HL (Higher Low)
2664,2022-07-17 17:45:00,21207.0,20795.5,-1.9403970387136322,LL (Lower Low)
2665,2022-07-17 23:30:00,20795.5,20745.0,-0.24284099925464647,LL (Lower Low)
2666,2022-07-18 12:15:00,20745.0,21900.0,5.567606652205351,HL (Higher Low)
2667,2022-07-18 19:45:00,21900.0,21378.0,-2.3835616438356166,LL (Lower Low)
2668,2022-07-19 04:00:00,21378.0,21701.5,1.5132379081298533,HL (Higher Low)
2669,2022-07-19 06:45:00,21701.5,21582.0,-0.550653180655715,LL (Lower Low)
2670,2022-07-19 20:00:00,21582.0,23158.0,7.302381614308221,HL (Higher Low)
2671,2022-07-20 00:45:00,23158.0,22940.0,-0.9413593574574661,LL (Lower Low)
2672,2022-07-20 09:00:00,22940.0,23310.0,1.6129032258064515,HL (Higher Low)
2673,2022-07-20 17:00:00,23310.0,23415.0,0.45045045045045046,HL (Higher Low)
2674,2022-07-20 20:15:00,23415.0,22872.0,-2.319026265214606,LL (Lower Low)
2675,2022-07-20 23:15:00,22872.0,23108.0,1.0318293109478838,HL (Higher Low)
2676,2022-07-21 04:00:00,23108.0,22615.0,-2.1334602734983554,LL (Lower Low)
2677,2022-07-21 11:15:00,22615.0,22456.0,-0.7030731815166924,LL (Lower Low)
2678,2022-07-21 14:30:00,22456.0,22345.5,-0.4920733879586747,LL (Lower Low)
2679,2022-07-21 22:15:00,22345.5,22925.0,2.593363316998948,HL (Higher Low)
2680,2022-07-22 04:30:00,22925.0,22801.0,-0.5408942202835333,LL (Lower Low)
2681,2022-07-22 20:45:00,22801.0,22487.0,-1.3771325819043023,LL (Lower Low)
2682,2022-07-23 00:00:00,22487.0,22506.0,0.08449326277404723,HL (Higher Low)
2683,2022-07-23 04:15:00,22506.0,22713.0,0.9197547320714476,HL (Higher Low)
2684,2022-07-23 12:00:00,22713.0,22101.0,-2.6944921410645883,LL (Lower Low)
2685,2022-07-23 14:45:00,22101.0,22015.0,-0.3891226641328447,LL (Lower Low)
2686,2022-07-23 17:45:00,22015.0,21937.0,-0.3543038837156484,LL (Lower Low)
2687,2022-07-24 04:00:00,21937.0,22254.5,1.4473264347905366,HL (Higher Low)
2688,2022-07-24 12:45:00,22254.5,22432.5,0.7998382349637153,HL (Higher Low)
2689,2022-07-25 04:00:00,22432.5,21735.0,-3.1093279839518555,LL (Lower Low)
2690,2022-07-25 14:15:00,21735.0,21680.0,-0.2530480791350357,LL (Lower Low)
2691,2022-07-25 19:30:00,21680.0,21558.0,-0.5627306273062731,LL (Lower Low)
2692,2022-07-26 03:00:00,21558.0,20836.0,-3.3491047406995085,LL (Lower Low)
2693,2022-07-26 08:15:00,20836.0,20976.5,0.6743136878479555,HL (Higher Low)
2694,2022-07-26 15:30:00,20976.5,20691.0,-1.3610468858007772,LL (Lower Low)
2695,2022-07-26 20:00:00,20691.0,20800.5,0.5292156009859359,HL (Higher Low)
2696,2022-07-27 03:30:00,20800.5,21040.0,1.1514146294560226,HL (Higher Low)
2697,2022-07-27 11:45:00,21040.0,21121.5,0.3873574144486692,HL (Higher Low)
2698,2022-07-28 02:00:00,21121.5,22698.0,7.463958525672893,HL (Higher Low)
2699,2022-07-28 09:15:00,22698.0,22805.5,0.4736100096924839,HL (Higher Low)
2700,2022-07-28 12:30:00,22805.5,22582.0,-0.9800267479336124,LL (Lower Low)
2701,2022-07-28 19:45:00,22582.0,23662.5,4.784784341510938,HL (Higher Low)
2702,2022-07-29 00:15:00,23662.5,23702.0,0.1669307976756471,HL (Higher Low)
2703,2022-07-29 08:00:00,23702.0,23775.0,0.307990886844992,HL (Higher Low)
2704,2022-07-29 13:00:00,23775.0,23418.0,-1.501577287066246,LL (Lower Low)
2705,2022-07-29 16:15:00,23418.0,23604.0,0.7942608250064053,HL (Higher Low)
2706,2022-07-29 21:45:00,23604.0,23686.0,0.34739874597525844,HL (Higher Low)
2707,2022-07-30 04:15:00,23686.0,23634.0,-0.21953896816684962,LL (Lower Low)
2708,2022-07-30 10:15:00,23634.0,23720.5,0.365998138275366,HL (Higher Low)
2709,2022-07-30 22:00:00,23720.5,23506.0,-0.9042811070592948,LL (Lower Low)
2710,2022-07-31 09:00:00,23506.0,23554.0,0.2042031821662554,HL (Higher Low)
2711,2022-07-31 14:30:00,23554.0,23589.0,0.1485947185191475,HL (Higher Low)
2712,2022-07-31 18:30:00,23589.0,23365.0,-0.949595150281911,LL (Lower Low)
2713,2022-07-31 22:30:00,23365.0,23224.0,-0.6034667237320779,LL (Lower Low)
2714,2022-08-01 07:15:00,23224.0,23108.0,-0.4994832931450224,LL (Lower Low)
2715,2022-08-01 11:00:00,23108.0,22930.0,-0.7702960013848018,LL (Lower Low)
2716,2022-08-01 18:30:00,22930.0,22825.0,-0.45791539467945924,LL (Lower Low)
2717,2022-08-02 09:30:00,22825.0,22640.5,-0.8083242059145673,LL (Lower Low)
2718,2022-08-02 14:00:00,22640.5,22650.0,0.04196020405909764,HL (Higher Low)
2719,2022-08-02 19:00:00,22650.0,22833.0,0.8079470198675496,HL (Higher Low)
2720,2022-08-03 01:00:00,22833.0,22679.5,-0.6722725879209915,LL (Lower Low)
2721,2022-08-03 14:30:00,22679.5,23177.0,2.1936109702594857,HL (Higher Low)
2722,2022-08-03 23:15:00,23177.0,22711.0,-2.010613970746861,LL (Lower Low)
2723,2022-08-04 08:45:00,22711.0,22761.0,0.22015763286513143,HL (Higher Low)
2724,2022-08-04 12:15:00,22761.0,22730.0,-0.13619788234260358,LL (Lower Low)
2725,2022-08-04 18:00:00,22730.0,22350.0,-1.6717993840739112,LL (Lower Low)
2726,2022-08-05 08:45:00,22350.0,23090.0,3.3109619686800893,HL (Higher Low)
2727,2022-08-05 13:00:00,23090.0,22866.0,-0.9701169337375488,LL (Lower Low)
2728,2022-08-05 18:45:00,22866.0,22743.5,-0.5357299046619435,LL (Lower Low)
2729,2022-08-06 05:15:00,22743.5,23120.5,1.6576164618462417,HL (Higher Low)
2730,2022-08-06 08:30:00,23120.5,23083.5,-0.16003114119504336,LL (Lower Low)
2731,2022-08-06 17:00:00,23083.5,22943.5,-0.6064938159291269,LL (Lower Low)
2732,2022-08-07 00:45:00,22943.5,22846.0,-0.4249569594874365,LL (Lower Low)
2733,2022-08-07 04:45:00,22846.0,22927.0,0.3545478420730106,HL (Higher Low)
2734,2022-08-07 09:15:00,22927.0,22882.5,-0.1940942992977712,LL (Lower Low)
2735,2022-08-07 16:00:00,22882.5,22988.0,0.461051021522998,HL (Higher Low)
2736,2022-08-07 19:45:00,22988.0,23140.0,0.6612145467200279,HL (Higher Low)
2737,2022-08-07 23:15:00,23140.0,23048.0,-0.3975799481417459,LL (Lower Low)
2738,2022-08-08 16:30:00,23048.0,23835.5,3.416782367233599,HL (Higher Low)
2739,2022-08-08 22:45:00,23835.5,23675.5,-0.6712676469971262,LL (Lower Low)
2740,2022-08-09 02:15:00,23675.5,23624.0,-0.21752444510147623,LL (Lower Low)
2741,2022-08-09 06:00:00,23624.0,23744.5,0.510074500507958,HL (Higher Low)
2742,2022-08-09 14:00:00,23744.5,22847.5,-3.7777169449767314,LL (Lower Low)
2743,2022-08-09 17:45:00,22847.5,22962.0,0.5011489222015538,HL (Higher Low)
2744,2022-08-10 00:30:00,22962.0,22521.0,-1.9205644107656128,LL (Lower Low)
2745,2022-08-10 06:15:00,22521.0,22835.0,1.3942542515874072,HL (Higher Low)
2746,2022-08-10 18:45:00,22835.0,23463.5,2.7523538427851983,HL (Higher Low)
2747,2022-08-11 08:00:00,23463.5,24337.5,3.7249344726916274,HL (Higher Low)
2748,2022-08-12 00:15:00,24337.5,23754.5,-2.3954802259887007,LL (Lower Low)
2749,2022-08-12 06:30:00,23754.5,23865.0,0.4651750194699952,HL (Higher Low)
2750,2022-08-12 11:30:00,23865.0,23557.0,-1.2905929184998952,LL (Lower Low)
2751,2022-08-13 11:30:00,23557.0,24283.0,3.0818864880927115,HL (Higher Low)
2752,2022-08-13 20:00:00,24283.0,24310.0,0.11118889758267102,HL (Higher Low)
2753,2022-08-14 00:15:00,24310.0,24334.5,0.10078157136980666,HL (Higher Low)
2754,2022-08-14 04:30:00,24334.5,24466.0,0.5403850500318478,HL (Higher Low)
2755,2022-08-14 13:30:00,24466.0,24382.0,-0.3433336058203221,LL (Lower Low)
2756,2022-08-14 18:00:00,24382.0,24109.0,-1.119678451316545,LL (Lower Low)
2757,2022-08-15 00:15:00,24109.0,24154.5,0.18872620183334024,HL (Higher Low)
2758,2022-08-15 08:15:00,24154.5,23862.0,-1.210954480531578,LL (Lower Low)
2759,2022-08-15 12:45:00,23862.0,23884.5,0.09429218003520241,HL (Higher Low)
2760,2022-08-15 19:30:00,23884.5,23950.0,0.2742364294835563,HL (Higher Low)
2761,2022-08-15 23:00:00,23950.0,23760.0,-0.7933194154488519,LL (Lower Low)
2762,2022-08-16 05:15:00,23760.0,23776.0,0.06734006734006734,HL (Higher Low)
2763,2022-08-16 15:00:00,23776.0,23665.0,-0.46685733512786004,LL (Lower Low)
2764,2022-08-16 22:30:00,23665.0,23794.0,0.5451088104796112,HL (Higher Low)
2765,2022-08-17 07:15:00,23794.0,23650.0,-0.6051945868706397,LL (Lower Low)
2766,2022-08-17 14:45:00,23650.0,23310.0,-1.437632135306554,LL (Lower Low)
2767,2022-08-17 20:00:00,23310.0,23166.0,-0.6177606177606177,LL (Lower Low)
2768,2022-08-18 04:30:00,23166.0,23322.5,0.6755590088923422,HL (Higher Low)
2769,2022-08-18 18:00:00,23322.5,23229.0,-0.4009004180512381,LL (Lower Low)
2770,2022-08-19 02:00:00,23229.0,22700.0,-2.277325756597357,LL (Lower Low)
2771,2022-08-19 06:30:00,22700.0,21101.0,-7.044052863436123,LL (Lower Low)
2772,2022-08-19 19:00:00,21101.0,21129.0,0.13269513293208854,HL (Higher Low)
2773,2022-08-19 23:45:00,21129.0,20754.5,-1.772445454115197,LL (Lower Low)
2774,2022-08-20 10:00:00,20754.5,21108.0,1.7032450793803753,HL (Higher Low)
2775,2022-08-20 21:00:00,21108.0,20730.0,-1.7907902217168845,LL (Lower Low)
2776,2022-08-21 06:45:00,20730.0,21060.5,1.5943077665219487,HL (Higher Low)
2777,2022-08-21 14:00:00,21060.5,21294.0,1.108710619405997,HL (Higher Low)
2778,2022-08-21 22:00:00,21294.0,21262.0,-0.15027707335399643,LL (Lower Low)
2779,2022-08-22 01:00:00,21262.0,21355.0,0.43740005643871693,HL (Higher Low)
2780,2022-08-22 08:15:00,21355.0,20858.0,-2.3273238117536876,LL (Lower Low)
2781,2022-08-22 13:30:00,20858.0,21062.5,0.9804391600345191,HL (Higher Low)
2782,2022-08-22 18:45:00,21062.5,20955.5,-0.5080118694362018,LL (Lower Low)
2783,2022-08-23 06:00:00,20955.5,20885.0,-0.33642719095225593,LL (Lower Low)
2784,2022-08-23 13:00:00,20885.0,21323.0,2.097198946612401,HL (Higher Low)
2785,2022-08-23 16:30:00,21323.0,21339.0,0.07503634572996294,HL (Higher Low)
2786,2022-08-23 21:15:00,21339.0,21415.0,0.3561553962228783,HL (Higher Low)
2787,2022-08-24 02:45:00,21415.0,21138.5,-1.2911510623394815,LL (Lower Low)
2788,2022-08-24 07:30:00,21138.5,21232.0,0.44232088369562644,HL (Higher Low)
2789,2022-08-24 10:45:00,21232.0,21257.5,0.12010173323285607,HL (Higher Low)
2790,2022-08-25 00:15:00,21257.5,21303.5,0.2163942138068917,HL (Higher Low)
2791,2022-08-25 03:30:00,21303.5,21414.5,0.521041143474077,HL (Higher Low)
2792,2022-08-25 16:45:00,21414.5,21421.5,0.03268813187326344,HL (Higher Low)
2793,2022-08-26 00:45:00,21421.5,21424.5,0.014004621525103286,HL (Higher Low)
2794,2022-08-26 07:00:00,21424.5,21320.0,-0.4877593409414456,LL (Lower Low)
2795,2022-08-26 11:00:00,21320.0,21096.5,-1.048311444652908,LL (Lower Low)
2796,2022-08-26 16:15:00,21096.5,20510.0,-2.7800820041239067,LL (Lower Low)
2797,2022-08-26 23:45:00,20510.0,20085.0,-2.0721599219892735,LL (Lower Low)
2798,2022-08-27 05:00:00,20085.0,19910.0,-0.8712969878018421,LL (Lower Low)
2799,2022-08-27 15:30:00,19910.0,19761.0,-0.7483676544450025,LL (Lower Low)
2800,2022-08-27 22:00:00,19761.0,19840.5,0.40230757552755425,HL (Higher Low)
2801,2022-08-28 05:15:00,19840.5,19931.5,0.4586577959224818,HL (Higher Low)
2802,2022-08-28 14:15:00,19931.5,19797.0,-0.6748112284574668,LL (Lower Low)
2803,2022-08-28 23:45:00,19797.0,19511.0,-1.4446633328282064,LL (Lower Low)
2804,2022-08-29 05:45:00,19511.0,19735.0,1.1480703193070576,HL (Higher Low)
2805,2022-08-29 11:15:00,19735.0,19759.0,0.12161135039270331,HL (Higher Low)
2806,2022-08-29 20:00:00,19759.0,20071.0,1.5790272787084367,HL (Higher Low)
2807,2022-08-30 01:30:00,20071.0,20093.5,0.11210203776593096,HL (Higher Low)
2808,2022-08-30 16:45:00,20093.5,19530.0,-2.804389479184811,LL (Lower Low)
2809,2022-08-30 23:45:00,19530.0,19731.0,1.0291858678955454,HL (Higher Low)
2810,2022-08-31 08:30:00,19731.0,20120.0,1.971516902336425,HL (Higher Low)
2811,2022-08-31 15:00:00,20120.0,19852.0,-1.3320079522862822,LL (Lower Low)
2812,2022-08-31 17:45:00,19852.0,19871.0,0.09570824098327624,HL (Higher Low)
2813,2022-09-01 00:30:00,19871.0,19908.0,0.18620099642695384,HL (Higher Low)
2814,2022-09-01 03:45:00,19908.0,19922.0,0.07032348804500703,HL (Higher Low)
2815,2022-09-01 07:30:00,19922.0,19771.0,-0.7579560285111937,LL (Lower Low)
2816,2022-09-01 16:45:00,19771.0,19560.0,-1.0672196651661525,LL (Lower Low)
2817,2022-09-02 07:00:00,19560.0,20032.5,2.415644171779141,HL (Higher Low)
2818,2022-09-02 11:15:00,20032.5,19980.0,-0.2620741295394983,LL (Lower Low)
2819,2022-09-02 17:45:00,19980.0,19745.5,-1.1736736736736737,LL (Lower Low)
2820,2022-09-03 03:15:00,19745.5,19850.5,0.5317667316603782,HL (Higher Low)
2821,2022-09-03 09:00:00,19850.5,19711.0,-0.7027530792675247,LL (Lower Low)
2822,2022-09-03 15:45:00,19711.0,19750.0,0.1978590634670996,HL (Higher Low)
2823,2022-09-03 19:00:00,19750.0,19642.0,-0.5468354430379746,LL (Lower Low)
2824,2022-09-04 03:15:00,19642.0,19732.5,0.4607473780674066,HL (Higher Low)
2825,2022-09-04 08:00:00,19732.5,19585.0,-0.7474977828455593,LL (Lower Low)
2826,2022-09-04 14:00:00,19585.0,19650.0,0.33188664794485573,HL (Higher Low)
2827,2022-09-04 22:15:00,19650.0,19810.0,0.8142493638676844,HL (Higher Low)
2828,2022-09-05 05:30:00,19810.0,19676.0,-0.6764260474507825,LL (Lower Low)
2829,2022-09-05 10:30:00,19676.0,19623.0,-0.26936369180727787,LL (Lower Low)
2830,2022-09-05 18:30:00,19623.0,19662.0,0.19874636905671916,HL (Higher Low)
2831,2022-09-06 02:00:00,19662.0,19650.0,-0.061031431187061336,LL (Lower Low)
2832,2022-09-06 14:00:00,19650.0,19664.0,0.07124681933842239,HL (Higher Low)
2833,2022-09-06 20:00:00,19664.0,18617.0,-5.324450772986167,LL (Lower Low)
2834,2022-09-07 02:15:00,18617.0,18451.0,-0.8916581618950422,LL (Lower Low)
2835,2022-09-07 12:15:00,18451.0,18669.5,1.184217657579535,HL (Higher Low)
2836,2022-09-08 01:30:00,18669.5,19150.5,2.576394654382817,HL (Higher Low)
2837,2022-09-08 07:15:00,19150.5,19054.0,-0.5039032923422365,LL (Lower Low)
2838,2022-09-08 13:00:00,19054.0,19010.5,-0.22829851999580142,LL (Lower Low)
2839,2022-09-08 22:30:00,19010.5,19245.5,1.23615896478262,HL (Higher Low)
2840,2022-09-09 18:30:00,19245.5,21119.5,9.737341196643372,HL (Higher Low)
2841,2022-09-10 00:30:00,21119.5,21157.0,0.17756102180449346,HL (Higher Low)
2842,2022-09-10 07:45:00,21157.0,21230.0,0.3450394668431252,HL (Higher Low)
2843,2022-09-10 13:45:00,21230.0,21113.0,-0.551106924163919,LL (Lower Low)
2844,2022-09-10 20:45:00,21113.0,21332.0,1.0372756121820679,HL (Higher Low)
2845,2022-09-11 02:45:00,21332.0,21432.5,0.47112319519970003,HL (Higher Low)
2846,2022-09-11 06:30:00,21432.5,21333.0,-0.46424822115945413,LL (Lower Low)
2847,2022-09-11 14:15:00,21333.0,21427.5,0.44297567149486716,HL (Higher Low)
2848,2022-09-11 20:30:00,21427.5,21434.5,0.03266830008167075,HL (Higher Low)
2849,2022-09-12 03:30:00,21434.5,21530.5,0.4478760876157596,HL (Higher Low)
2850,2022-09-12 10:00:00,21530.5,21966.0,2.0227119667448505,HL (Higher Low)
2851,2022-09-12 15:45:00,21966.0,22004.0,0.17299462806154967,HL (Higher Low)
2852,2022-09-12 21:15:00,22004.0,22250.0,1.1179785493546628,HL (Higher Low)
2853,2022-09-13 02:00:00,22250.0,22058.0,-0.8629213483146067,LL (Lower Low)
2854,2022-09-13 08:45:00,22058.0,22181.5,0.5598875691359144,HL (Higher Low)
2855,2022-09-13 21:30:00,22181.5,19835.0,-10.578635349277551,LL (Lower Low)
2856,2022-09-14 07:45:00,19835.0,20130.0,1.4872699773128308,HL (Higher Low)
2857,2022-09-14 12:00:00,20130.0,20063.0,-0.33283656234475906,LL (Lower Low)
2858,2022-09-14 18:15:00,20063.0,19590.5,-2.3550814932961175,LL (Lower Low)
2859,2022-09-15 03:00:00,19590.5,19912.5,1.643653811796534,HL (Higher Low)
2860,2022-09-15 15:15:00,19912.5,19472.0,-2.21217827997489,LL (Lower Low)
2861,2022-09-15 19:15:00,19472.0,19661.0,0.9706244864420707,HL (Higher Low)
2862,2022-09-15 22:45:00,19661.0,19568.5,-0.4704745435125375,LL (Lower Low)
2863,2022-09-16 08:30:00,19568.5,19604.5,0.18396913406750645,HL (Higher Low)
2864,2022-09-16 13:45:00,19604.5,19435.0,-0.864597413859063,LL (Lower Low)
2865,2022-09-16 17:00:00,19435.0,19315.0,-0.6174427579109854,LL (Lower Low)
2866,2022-09-17 06:30:00,19315.0,19770.5,2.3582707740098368,HL (Higher Low)
2867,2022-09-17 12:15:00,19770.5,19734.0,-0.18461849725601276,LL (Lower Low)
2868,2022-09-17 21:15:00,19734.0,19917.5,0.9298672342150603,HL (Higher Low)
2869,2022-09-18 00:15:00,19917.5,19949.0,0.15815237856156647,HL (Higher Low)
2870,2022-09-18 03:45:00,19949.0,19938.0,-0.05514060855180711,LL (Lower Low)
2871,2022-09-18 10:00:00,19938.0,19749.0,-0.9479386096900392,LL (Lower Low)
2872,2022-09-18 18:15:00,19749.0,19550.0,-1.0076459567573042,LL (Lower Low)
2873,2022-09-18 22:00:00,19550.0,19333.0,-1.1099744245524297,LL (Lower Low)
2874,2022-09-19 02:45:00,19333.0,18630.0,-3.6362695908550147,LL (Lower Low)
2875,2022-09-19 06:30:00,18630.0,18110.0,-2.791196994095545,LL (Lower Low)
2876,2022-09-19 18:15:00,18110.0,18871.5,4.2048591938155715,HL (Higher Low)
2877,2022-09-20 03:15:00,18871.5,19161.5,1.536708793683597,HL (Higher Low)
2878,2022-09-20 13:30:00,19161.5,18770.0,-2.043159460376275,LL (Lower Low)
2879,2022-09-20 17:45:00,18770.0,18716.0,-0.2876931273308471,LL (Lower Low)
2880,2022-09-20 23:15:00,18716.0,18769.5,0.2858516777089122,HL (Higher Low)
2881,2022-09-21 06:30:00,18769.5,18788.0,0.09856415994032872,HL (Higher Low)
2882,2022-09-21 15:15:00,18788.0,19080.0,1.5541835213966362,HL (Higher Low)
2883,2022-09-21 18:00:00,19080.0,18474.0,-3.1761006289308176,LL (Lower Low)
2884,2022-09-21 22:15:00,18474.0,18100.0,-2.0244668182310277,LL (Lower Low)
2885,2022-09-22 16:15:00,18100.0,18764.5,3.671270718232044,HL (Higher Low)
2886,2022-09-22 21:45:00,18764.5,19132.0,1.9584854379280023,HL (Higher Low)
2887,2022-09-23 01:30:00,19132.0,19210.5,0.4103073384904872,HL (Higher Low)
2888,2022-09-23 14:15:00,19210.5,18524.5,-3.5709637958408162,LL (Lower Low)
2889,2022-09-24 03:45:00,18524.5,19021.5,2.68293341250776,HL (Higher Low)
2890,2022-09-24 07:00:00,19021.5,18897.0,-0.6545225139973189,LL (Lower Low)
2891,2022-09-24 15:15:00,18897.0,19004.5,0.568873366142774,HL (Higher Low)
2892,2022-09-24 22:45:00,19004.5,18801.5,-1.0681680654581809,LL (Lower Low)
2893,2022-09-25 10:15:00,18801.5,18972.0,0.9068425391591096,HL (Higher Low)
2894,2022-09-25 14:00:00,18972.0,18821.5,-0.7932742989668985,LL (Lower Low)
2895,2022-09-25 18:45:00,18821.5,18855.0,0.17798793932470844,HL (Higher Low)
2896,2022-09-25 22:00:00,18855.0,18620.5,-1.2437019358260408,LL (Lower Low)
2897,2022-09-26 01:00:00,18620.5,18706.0,0.4591713434118311,HL (Higher Low)
2898,2022-09-26 07:00:00,18706.0,18670.0,-0.19245161980113332,LL (Lower Low)
2899,2022-09-26 11:30:00,18670.0,18793.0,0.6588109266202463,HL (Higher Low)
2900,2022-09-26 16:30:00,18793.0,18959.0,0.8833076145373278,HL (Higher Low)
2901,2022-09-26 21:45:00,18959.0,19051.5,0.48789493116725563,HL (Higher Low)
2902,2022-09-27 09:15:00,19051.5,20081.5,5.4063984463165635,HL (Higher Low)
2903,2022-09-27 18:15:00,20081.5,18798.5,-6.388964967756393,LL (Lower Low)
2904,2022-09-27 22:00:00,18798.5,18908.5,0.585153070723728,HL (Higher Low)
2905,2022-09-28 02:30:00,18908.5,18453.0,-2.4089695110664517,LL (Lower Low)
2906,2022-09-28 09:15:00,18453.0,18559.5,0.5771419281417656,HL (Higher Low)
2907,2022-09-28 17:45:00,18559.5,19247.0,3.704302378835637,HL (Higher Low)
2908,2022-09-29 02:00:00,19247.0,19256.0,0.046760534109211827,HL (Higher Low)
2909,2022-09-29 07:30:00,19256.0,19258.0,0.01038637307852098,HL (Higher Low)
2910,2022-09-29 14:15:00,19258.0,18831.0,-2.217260359331187,LL (Lower Low)
2911,2022-09-29 18:00:00,18831.0,19106.5,1.4630131166693219,HL (Higher Low)
2912,2022-09-30 03:00:00,19106.5,19290.0,0.9604061445057965,HL (Higher Low)
2913,2022-09-30 12:30:00,19290.0,19135.5,-0.8009331259720063,LL (Lower Low)
2914,2022-09-30 22:00:00,19135.5,19236.5,0.5278147944919129,HL (Higher Low)
2915,2022-10-01 07:00:00,19236.5,19246.0,0.049385283185610696,HL (Higher Low)
2916,2022-10-01 11:15:00,19246.0,19150.5,-0.4962070040527902,LL (Lower Low)
2917,2022-10-01 20:00:00,19150.5,19192.0,0.2167045246860395,HL (Higher Low)
2918,2022-10-02 00:45:00,19192.0,19226.5,0.17976240100041682,HL (Higher Low)
2919,2022-10-02 10:15:00,19226.5,19028.0,-1.0324291992822408,LL (Lower Low)
2920,2022-10-02 14:45:00,19028.0,19061.0,0.17342863149043516,HL (Higher Low)
2921,2022-10-02 23:00:00,19061.0,18890.5,-0.8944966161271707,LL (Lower Low)
2922,2022-10-03 05:00:00,18890.5,19050.0,0.8443397474921257,HL (Higher Low)
2923,2022-10-03 09:45:00,19050.0,19115.5,0.3438320209973753,HL (Higher Low)
2924,2022-10-03 13:30:00,19115.5,19123.5,0.04185085401898982,HL (Higher Low)
2925,2022-10-04 02:00:00,19123.5,19482.5,1.8772714199806522,HL (Higher Low)
2926,2022-10-04 17:15:00,19482.5,19865.0,1.9633003977928911,HL (Higher Low)
2927,2022-10-05 00:15:00,19865.0,20134.0,1.3541404480241632,HL (Higher Low)
2928,2022-10-05 04:15:00,20134.0,20067.5,-0.330287076586868,LL (Lower Low)
2929,2022-10-05 08:15:00,20067.5,19980.0,-0.4360284041360409,LL (Lower Low)
2930,2022-10-05 14:15:00,19980.0,19734.5,-1.2287287287287287,LL (Lower Low)
2931,2022-10-05 20:45:00,19734.5,19950.0,1.0919962502216929,HL (Higher Low)
2932,2022-10-06 10:00:00,19950.0,20071.0,0.606516290726817,HL (Higher Low)
2933,2022-10-06 14:15:00,20071.0,19871.5,-0.9939714015245876,LL (Lower Low)
2934,2022-10-06 22:00:00,19871.5,19836.5,-0.1761316458244219,LL (Lower Low)
2935,2022-10-07 06:15:00,19836.5,19788.5,-0.2419781715524412,LL (Lower Low)
2936,2022-10-07 12:45:00,19788.5,19463.0,-1.6448947621093057,LL (Lower Low)
2937,2022-10-07 16:30:00,19463.0,19318.0,-0.7450033396701434,LL (Lower Low)
2938,2022-10-07 23:30:00,19318.0,19491.0,0.8955378403561445,HL (Higher Low)
2939,2022-10-08 04:45:00,19491.0,19406.5,-0.43353342568364883,LL (Lower Low)
2940,2022-10-08 08:45:00,19406.5,19445.5,0.2009635946718883,HL (Higher Low)
2941,2022-10-08 14:30:00,19445.5,19412.0,-0.17227636214034095,LL (Lower Low)
2942,2022-10-08 21:30:00,19412.0,19175.0,-1.2208942921903978,LL (Lower Low)
2943,2022-10-09 04:15:00,19175.0,19314.0,0.7249022164276402,HL (Higher Low)
2944,2022-10-09 08:30:00,19314.0,19365.0,0.26405716060888473,HL (Higher Low)
2945,2022-10-09 19:00:00,19365.0,19300.0,-0.3356571133488252,LL (Lower Low)
2946,2022-10-09 22:15:00,19300.0,19350.0,0.2590673575129534,HL (Higher Low)
2947,2022-10-10 08:30:00,19350.0,19122.0,-1.1782945736434107,LL (Lower Low)
2948,2022-10-10 16:15:00,19122.0,19062.5,-0.31115992051040686,LL (Lower Low)
2949,2022-10-11 00:00:00,19062.5,18939.0,-0.6478688524590164,LL (Lower Low)
2950,2022-10-11 06:00:00,18939.0,19010.5,0.37752785257933363,HL (Higher Low)
2951,2022-10-11 09:45:00,19010.5,19030.0,0.10257489282238762,HL (Higher Low)
2952,2022-10-11 14:00:00,19030.0,18850.0,-0.9458749343142407,LL (Lower Low)
2953,2022-10-11 19:00:00,18850.0,18915.5,0.3474801061007957,HL (Higher Low)
2954,2022-10-12 12:30:00,18915.5,18949.5,0.17974676852316884,HL (Higher Low)
2955,2022-10-12 18:00:00,18949.5,19030.0,0.42481331961265467,HL (Higher Low)
2956,2022-10-13 02:30:00,19030.0,19002.0,-0.14713610089332632,LL (Lower Low)
2957,2022-10-13 07:30:00,19002.0,18952.0,-0.2631301968213872,LL (Lower Low)
2958,2022-10-13 12:30:00,18952.0,18071.0,-4.648585901224146,LL (Lower Low)
2959,2022-10-14 00:15:00,18071.0,19329.5,6.964196779370262,HL (Higher Low)
2960,2022-10-14 09:15:00,19329.5,19513.0,0.9493261594971417,HL (Higher Low)
2961,2022-10-14 21:45:00,19513.0,19061.0,-2.316404448316507,LL (Lower Low)
2962,2022-10-15 02:00:00,19061.0,19122.0,0.3200251823094276,HL (Higher Low)
2963,2022-10-15 08:45:00,19122.0,19032.5,-0.46804727538960356,LL (Lower Low)
2964,2022-10-15 13:15:00,19032.5,19084.0,0.2705897806383817,HL (Higher Low)
2965,2022-10-15 23:00:00,19084.0,18962.0,-0.6392789771536366,LL (Lower Low)
2966,2022-10-16 10:30:00,18962.0,19077.5,0.6091129627676406,HL (Higher Low)
2967,2022-10-16 14:30:00,19077.5,19100.0,0.11793998165378064,HL (Higher Low)
2968,2022-10-16 18:45:00,19100.0,19116.0,0.0837696335078534,HL (Higher Low)
2969,2022-10-16 21:45:00,19116.0,19091.0,-0.13078049801213643,LL (Lower Low)
2970,2022-10-17 03:00:00,19091.0,19144.5,0.2802367607773296,HL (Higher Low)
2971,2022-10-17 15:15:00,19144.5,19420.5,1.4416673195957064,HL (Higher Low)
2972,2022-10-17 18:15:00,19420.5,19430.5,0.05149198012409567,HL (Higher Low)
2973,2022-10-17 22:30:00,19430.5,19465.0,0.17755590437713903,HL (Higher Low)
2974,2022-10-18 02:45:00,19465.0,19473.0,0.04109940919599281,HL (Higher Low)
2975,2022-10-18 09:30:00,19473.0,19470.0,-0.015405946695424435,LL (Lower Low)
2976,2022-10-18 15:30:00,19470.0,19280.0,-0.9758602978941963,LL (Lower Low)
2977,2022-10-18 19:15:00,19280.0,19080.0,-1.0373443983402488,LL (Lower Low)
2978,2022-10-19 01:00:00,19080.0,19212.5,0.6944444444444444,HL (Higher Low)
2979,2022-10-19 06:30:00,19212.5,19137.0,-0.3929733246584255,LL (Lower Low)
2980,2022-10-19 13:45:00,19137.0,19061.0,-0.39713643726811937,LL (Lower Low)
2981,2022-10-19 17:00:00,19061.0,19090.0,0.15214311945858033,HL (Higher Low)
2982,2022-10-20 00:45:00,19090.0,18865.0,-1.178627553693033,LL (Lower Low)
2983,2022-10-20 13:00:00,18865.0,19122.0,1.3623111582295255,HL (Higher Low)
2984,2022-10-20 20:30:00,19122.0,18910.5,-1.106055851898337,LL (Lower Low)
2985,2022-10-21 09:15:00,18910.5,18877.0,-0.17715026043732318,LL (Lower Low)
2986,2022-10-21 12:00:00,18877.0,18621.5,-1.3534989669968744,LL (Lower Low)
2987,2022-10-22 03:00:00,18621.5,19102.0,2.5803506699245493,HL (Higher Low)
2988,2022-10-22 18:00:00,19102.0,19127.5,0.13349387498691237,HL (Higher Low)
2989,2022-10-23 01:30:00,19127.5,19158.0,0.1594562802248072,HL (Higher Low)
2990,2022-10-23 07:15:00,19158.0,19142.0,-0.08351602463722727,LL (Lower Low)
2991,2022-10-23 12:15:00,19142.0,19050.0,-0.4806185351582907,LL (Lower Low)
2992,2022-10-24 01:15:00,19050.0,19290.0,1.2598425196850394,HL (Higher Low)
2993,2022-10-24 04:00:00,19290.0,19262.0,-0.14515292897874546,LL (Lower Low)
2994,2022-10-24 07:00:00,19262.0,19251.5,-0.05451147336725158,LL (Lower Low)
2995,2022-10-24 14:15:00,19251.5,19155.0,-0.50125964210581,LL (Lower Low)
2996,2022-10-24 17:15:00,19155.0,19209.0,0.28191072826938135,HL (Higher Low)
2997,2022-10-25 01:15:00,19209.0,19223.5,0.07548544952886667,HL (Higher Low)
2998,2022-10-25 10:00:00,19223.5,19230.0,0.03381278123130543,HL (Higher Low)
2999,2022-10-25 22:30:00,19230.0,19967.0,3.832553302132085,HL (Higher Low)
3000,2022-10-26 05:00:00,19967.0,20125.0,0.791305654329644,HL (Higher Low)
3001,2022-10-26 13:30:00,20125.0,20335.0,1.0434782608695654,HL (Higher Low)
3002,2022-10-26 19:00:00,20335.0,20633.0,1.465453651340054,HL (Higher Low)
3003,2022-10-27 03:00:00,20633.0,20566.5,-0.3222992293898124,LL (Lower Low)
3004,2022-10-27 10:30:00,20566.5,20450.5,-0.5640240196435952,LL (Lower Low)
3005,2022-10-27 13:45:00,20450.5,20416.0,-0.16870003178406395,LL (Lower Low)
3006,2022-10-28 00:15:00,20416.0,20142.0,-1.3420846394984327,LL (Lower Low)
3007,2022-10-28 08:15:00,20142.0,20023.0,-0.5908052824942905,LL (Lower Low)
3008,2022-10-28 12:30:00,20023.0,19963.0,-0.29965539629426163,LL (Lower Low)
3009,2022-10-28 19:15:00,19963.0,20532.5,2.8527776386314683,HL (Higher Low)
3010,2022-10-29 00:30:00,20532.5,20551.0,0.09010105929623767,HL (Higher Low)
3011,2022-10-29 05:45:00,20551.0,20610.0,0.2870906525229916,HL (Higher Low)
3012,2022-10-29 11:30:00,20610.0,20640.5,0.14798641436196022,HL (Higher Low)
3013,2022-10-29 18:00:00,20640.5,20745.0,0.5062861849276906,HL (Higher Low)
3014,2022-10-29 22:45:00,20745.0,20691.5,-0.2578934683056158,LL (Lower Low)
3015,2022-10-30 04:15:00,20691.5,20730.0,0.18606674238213758,HL (Higher Low)
3016,2022-10-30 10:30:00,20730.0,20621.0,-0.5258080077182827,LL (Lower Low)
3017,2022-10-30 13:30:00,20621.0,20606.5,-0.07031666747490423,LL (Lower Low)
3018,2022-10-30 16:45:00,20606.5,20539.0,-0.32756654453691797,LL (Lower Low)
3019,2022-10-30 22:30:00,20539.0,20500.0,-0.18988266225230052,LL (Lower Low)
3020,2022-10-31 02:15:00,20500.0,20417.5,-0.4024390243902439,LL (Lower Low)
3021,2022-10-31 08:00:00,20417.5,20440.0,0.11019958369046161,HL (Higher Low)
3022,2022-10-31 14:30:00,20440.0,20222.0,-1.066536203522505,LL (Lower Low)
3023,2022-11-01 04:00:00,20222.0,20456.0,1.1571555731381664,HL (Higher Low)
3024,2022-11-01 14:00:00,20456.0,20318.0,-0.6746186937817755,LL (Lower Low)
3025,2022-11-01 16:45:00,20318.0,20367.0,0.24116546904222858,HL (Higher Low)
3026,2022-11-02 00:00:00,20367.0,20389.5,0.11047282368537341,HL (Higher Low)
3027,2022-11-02 07:15:00,20389.5,20349.0,-0.19863164864268373,LL (Lower Low)
3028,2022-11-02 10:00:00,20349.0,20333.5,-0.07617081920487494,LL (Lower Low)
3029,2022-11-02 21:15:00,20333.5,20051.5,-1.3868738780829666,LL (Lower Low)
3030,2022-11-03 12:45:00,20051.5,20013.5,-0.18951200658304865,LL (Lower Low)
3031,2022-11-03 18:00:00,20013.5,20172.0,0.791965423339246,HL (Higher Low)
3032,2022-11-03 22:15:00,20172.0,20145.0,-0.1338488994646044,LL (Lower Low)
3033,2022-11-04 12:30:00,20145.0,20350.0,1.0176222387689253,HL (Higher Low)
3034,2022-11-04 16:00:00,20350.0,20654.0,1.4938574938574938,HL (Higher Low)
3035,2022-11-05 08:45:00,20654.0,21230.0,2.7888060424130923,HL (Higher Low)
3036,2022-11-05 18:45:00,21230.0,21250.0,0.09420631182289213,HL (Higher Low)
3037,2022-11-05 23:00:00,21250.0,21230.0,-0.09411764705882353,LL (Lower Low)
3038,2022-11-06 01:45:00,21230.0,21168.5,-0.2896844088553933,LL (Lower Low)
3039,2022-11-06 06:00:00,21168.5,21135.5,-0.15589200935352057,LL (Lower Low)
3040,2022-11-06 11:30:00,21135.5,21167.0,0.14903834780345865,HL (Higher Low)
3041,2022-11-06 16:00:00,21167.0,21138.5,-0.13464354892048944,LL (Lower Low)
3042,2022-11-07 01:15:00,21138.5,20814.0,-1.535113655178939,LL (Lower Low)
3043,2022-11-07 08:00:00,20814.0,20570.0,-1.1722878831555685,LL (Lower Low)
3044,2022-11-07 14:30:00,20570.0,20612.0,0.20418084589207586,HL (Higher Low)
3045,2022-11-07 22:15:00,20612.0,20365.0,-1.198331069280031,LL (Lower Low)
3046,2022-11-08 05:15:00,20365.0,19336.0,-5.052786643751535,LL (Lower Low)
3047,2022-11-08 11:00:00,19336.0,19575.0,1.236036408771204,HL (Higher Low)
3048,2022-11-08 15:15:00,19575.0,19200.5,-1.9131545338441889,LL (Lower Low)
3049,2022-11-08 19:30:00,19200.5,16800.0,-12.502278586495144,LL (Lower Low)
3050,2022-11-09 03:00:00,16800.0,17986.0,7.05952380952381,HL (Higher Low)
3051,2022-11-09 10:15:00,17986.0,17235.0,-4.175469809852108,LL (Lower Low)
3052,2022-11-09 22:00:00,17235.0,15460.5,-10.29590948651001,LL (Lower Low)
3053,2022-11-10 11:15:00,15460.5,16241.5,5.051583066524368,HL (Higher Low)
3054,2022-11-10 17:45:00,16241.5,17087.5,5.208878490287227,HL (Higher Low)
3055,2022-11-11 03:30:00,17087.5,16877.5,-1.2289685442574982,LL (Lower Low)
3056,2022-11-11 10:15:00,16877.5,17201.0,1.916753073618723,HL (Higher Low)
3057,2022-11-11 14:30:00,17201.0,16310.0,-5.179931399337248,LL (Lower Low)
3058,2022-11-11 20:30:00,16310.0,16550.0,1.471489883507051,HL (Higher Low)
3059,2022-11-12 05:45:00,16550.0,16624.5,0.45015105740181266,HL (Higher Low)
3060,2022-11-12 13:30:00,16624.5,16736.0,0.6706968630635508,HL (Higher Low)
3061,2022-11-12 23:30:00,16736.0,16750.5,0.08663957934990439,HL (Higher Low)
3062,2022-11-13 09:00:00,16750.5,16420.0,-1.9730754305841616,LL (Lower Low)
3063,2022-11-13 17:15:00,16420.0,16462.0,0.2557856272838002,HL (Higher Low)
3064,2022-11-13 21:00:00,16462.0,16222.0,-1.4579030494472118,LL (Lower Low)
3065,2022-11-14 04:15:00,16222.0,15802.5,-2.5859943286894342,LL (Lower Low)
3066,2022-11-14 16:15:00,15802.5,16346.5,3.4424932763803193,HL (Higher Low)
3067,2022-11-14 19:45:00,16346.5,16169.0,-1.085859358272413,LL (Lower Low)
3068,2022-11-15 05:45:00,16169.0,16624.0,2.8140268414867955,HL (Higher Low)
3069,2022-11-15 11:15:00,16624.0,16542.0,-0.49326275264677577,LL (Lower Low)
3070,2022-11-15 19:00:00,16542.0,16591.0,0.29621569338653125,HL (Higher Low)
3071,2022-11-16 00:45:00,16591.0,16748.0,0.9462961846784402,HL (Higher Low)
3072,2022-11-16 15:45:00,16748.0,16367.0,-2.2748984953427276,LL (Lower Low)
3073,2022-11-16 19:00:00,16367.0,16433.0,0.40325044296450174,HL (Higher Low)
3074,2022-11-16 22:15:00,16433.0,16476.0,0.26166859368344186,HL (Higher Low)
3075,2022-11-17 04:00:00,16476.0,16400.0,-0.46127700898276286,LL (Lower Low)
3076,2022-11-17 09:30:00,16400.0,16450.0,0.3048780487804878,HL (Higher Low)
3077,2022-11-17 13:15:00,16450.0,16415.0,-0.2127659574468085,LL (Lower Low)
3078,2022-11-17 19:45:00,16415.0,16584.0,1.0295461468169358,HL (Higher Low)
3079,2022-11-18 08:00:00,16584.0,16667.0,0.5004823926676315,HL (Higher Low)
3080,2022-11-18 11:30:00,16667.0,16704.0,0.22199556008879823,HL (Higher Low)
3081,2022-11-18 18:15:00,16704.0,16541.5,-0.9728208812260537,LL (Lower Low)
3082,2022-11-18 22:30:00,16541.5,16605.0,0.3838829610373908,HL (Higher Low)
3083,2022-11-19 02:30:00,16605.0,16562.0,-0.25895814513700693,LL (Lower Low)
3084,2022-11-19 05:15:00,16562.0,16551.0,-0.06641709938413236,LL (Lower Low)
3085,2022-11-19 13:15:00,16551.0,16627.0,0.45918675608724546,HL (Higher Low)
3086,2022-11-19 17:45:00,16627.0,16601.5,-0.1533650087207554,LL (Lower Low)
3087,2022-11-20 02:00:00,16601.5,16655.0,0.32226003674366777,HL (Higher Low)
3088,2022-11-20 05:00:00,16655.0,16660.5,0.03302311618132693,HL (Higher Low)
3089,2022-11-20 08:30:00,16660.5,16540.0,-0.7232676090153356,LL (Lower Low)
3090,2022-11-20 11:30:00,16540.0,16450.0,-0.5441354292623942,LL (Lower Low)
3091,2022-11-21 03:15:00,16450.0,15888.0,-3.4164133738601823,LL (Lower Low)
3092,2022-11-21 07:45:00,15888.0,15952.5,0.4059667673716012,HL (Higher Low)
3093,2022-11-21 16:30:00,15952.5,15900.0,-0.32910202162670427,LL (Lower Low)
3094,2022-11-21 21:45:00,15900.0,15440.0,-2.8930817610062896,LL (Lower Low)
3095,2022-11-22 07:00:00,15440.0,15620.0,1.16580310880829,HL (Higher Low)
3096,2022-11-22 18:00:00,15620.0,16044.0,2.714468629961588,HL (Higher Low)
3097,2022-11-23 05:45:00,16044.0,16436.0,2.4432809773123907,HL (Higher Low)
3098,2022-11-23 16:45:00,16436.0,16301.5,-0.8183256266731566,LL (Lower Low)
3099,2022-11-24 10:45:00,16301.5,16471.5,1.042848817593473,HL (Higher Low)
3100,2022-11-24 14:15:00,16471.5,16450.0,-0.13052848860152386,LL (Lower Low)
3101,2022-11-24 21:00:00,16450.0,16526.0,0.46200607902735563,HL (Higher Low)
3102,2022-11-25 06:00:00,16526.0,16339.0,-1.131550284400339,LL (Lower Low)
3103,2022-11-25 10:00:00,16339.0,16394.0,0.33661790807270947,HL (Higher Low)
3104,2022-11-25 14:00:00,16394.0,16434.0,0.2439917042820544,HL (Higher Low)
3105,2022-11-25 22:00:00,16434.0,16460.5,0.16125106486552268,HL (Higher Low)
3106,2022-11-26 06:45:00,16460.5,16525.0,0.3918471492360499,HL (Higher Low)
3107,2022-11-26 11:00:00,16525.0,16543.0,0.10892586989409984,HL (Higher Low)
3108,2022-11-26 15:15:00,16543.0,16477.0,-0.3989602853170526,LL (Lower Low)
3109,2022-11-26 19:00:00,16477.0,16405.0,-0.43697274989379137,LL (Lower Low)
3110,2022-11-26 22:45:00,16405.0,16376.5,-0.17372752209692166,LL (Lower Low)
3111,2022-11-27 10:00:00,16376.5,16505.0,0.7846609470888163,HL (Higher Low)
3112,2022-11-27 15:00:00,16505.0,16510.0,0.030293850348379277,HL (Higher Low)
3113,2022-11-28 02:00:00,16510.0,16052.0,-2.774076317383404,LL (Lower Low)
3114,2022-11-28 06:15:00,16052.0,16132.5,0.5014951407924246,HL (Higher Low)
3115,2022-11-28 16:15:00,16132.5,15985.0,-0.9143034247636758,LL (Lower Low)
3116,2022-11-29 00:15:00,15985.0,16096.5,0.6975289333750391,HL (Higher Low)
3117,2022-11-29 14:45:00,16096.5,16320.0,1.3885006057217408,HL (Higher Low)
3118,2022-11-29 23:45:00,16320.0,16415.0,0.5821078431372549,HL (Higher Low)
3119,2022-11-30 04:45:00,16415.0,16816.5,2.445933597319525,HL (Higher Low)
3120,2022-11-30 09:15:00,16816.5,16830.0,0.08027829810008028,HL (Higher Low)
3121,2022-11-30 12:45:00,16830.0,16759.0,-0.42186571598336303,LL (Lower Low)
3122,2022-11-30 18:30:00,16759.0,16708.0,-0.30431409988662805,LL (Lower Low)
3123,2022-12-01 02:30:00,16708.0,17070.5,2.1696193440268132,HL (Higher Low)
3124,2022-12-01 08:00:00,17070.5,17053.0,-0.10251603643712838,LL (Lower Low)
3125,2022-12-01 15:30:00,17053.0,16888.5,-0.9646396528470065,LL (Lower Low)
3126,2022-12-01 21:00:00,16888.5,16850.0,-0.22796577552772596,LL (Lower Low)
3127,2022-12-02 02:00:00,16850.0,16856.5,0.03857566765578635,HL (Higher Low)
3128,2022-12-02 07:00:00,16856.5,16902.0,0.2699255480081868,HL (Higher Low)
3129,2022-12-02 13:30:00,16902.0,16769.0,-0.7868891255472725,LL (Lower Low)
3130,2022-12-03 11:00:00,16769.0,16875.0,0.632118790625559,HL (Higher Low)
3131,2022-12-03 14:15:00,16875.0,16913.5,0.22814814814814816,HL (Higher Low)
3132,2022-12-03 22:30:00,16913.5,16855.0,-0.3458775534336477,LL (Lower Low)
3133,2022-12-04 08:15:00,16855.0,16970.0,0.6822901216256304,HL (Higher Low)
3134,2022-12-04 11:30:00,16970.0,16901.0,-0.4065998821449617,LL (Lower Low)
3135,2022-12-05 03:45:00,16901.0,17177.0,1.6330394651204072,HL (Higher Low)
3136,2022-12-05 16:15:00,17177.0,16969.0,-1.2109215811841416,LL (Lower Low)
3137,2022-12-05 19:30:00,16969.0,16867.0,-0.6010961164476398,LL (Lower Low)
3138,2022-12-05 23:15:00,16867.0,16916.5,0.29347246101855695,HL (Higher Low)
3139,2022-12-06 06:00:00,16916.5,16954.0,0.22167706085774244,HL (Higher Low)
3140,2022-12-06 11:15:00,16954.0,16903.5,-0.29786481066415005,LL (Lower Low)
3141,2022-12-06 15:00:00,16903.5,16920.0,0.09761292040110037,HL (Higher Low)
3142,2022-12-06 18:30:00,16920.0,16905.0,-0.08865248226950355,LL (Lower Low)
3143,2022-12-07 08:00:00,16905.0,16666.5,-1.4108251996450754,LL (Lower Low)
3144,2022-12-07 12:30:00,16666.5,16755.5,0.5340053400534005,HL (Higher Low)
3145,2022-12-07 16:30:00,16755.5,16771.5,0.09549103279520157,HL (Higher Low)
3146,2022-12-07 22:30:00,16771.5,16784.5,0.07751244671019289,HL (Higher Low)
3147,2022-12-08 01:30:00,16784.5,16773.5,-0.06553665584318866,LL (Lower Low)
3148,2022-12-08 06:00:00,16773.5,16776.0,0.014904462396041375,HL (Higher Low)
3149,2022-12-08 11:45:00,16776.0,16702.5,-0.4381258941344778,LL (Lower Low)
3150,2022-12-09 00:45:00,16702.5,17169.0,2.792995060619668,HL (Higher Low)
3151,2022-12-09 04:45:00,17169.0,17183.0,0.08154231463684548,HL (Higher Low)
3152,2022-12-09 13:30:00,17183.0,17055.0,-0.7449223069312693,LL (Lower Low)
3153,2022-12-09 21:00:00,17055.0,17045.0,-0.05863383172090296,LL (Lower Low)
3154,2022-12-10 02:45:00,17045.0,17111.0,0.3872103256086829,HL (Higher Low)
3155,2022-12-10 06:00:00,17111.0,17122.5,0.0672082286248612,HL (Higher Low)
3156,2022-12-10 09:15:00,17122.5,17104.5,-0.10512483574244415,LL (Lower Low)
3157,2022-12-10 13:15:00,17104.5,17128.0,0.13739074512555174,HL (Higher Low)
3158,2022-12-10 17:45:00,17128.0,17146.5,0.10801027557216253,HL (Higher Low)
3159,2022-12-10 23:45:00,17146.5,17086.0,-0.35284168780800745,LL (Lower Low)
3160,2022-12-11 11:00:00,17086.0,17134.5,0.283858129462718,HL (Higher Low)
3161,2022-12-11 13:45:00,17134.5,17124.0,-0.061279873938545046,LL (Lower Low)
3162,2022-12-11 20:15:00,17124.0,17076.0,-0.2803083391730904,LL (Lower Low)
3163,2022-12-12 02:45:00,17076.0,16870.0,-1.2063715155774186,LL (Lower Low)
3164,2022-12-12 08:15:00,16870.0,16900.0,0.17783046828689983,HL (Higher Low)
3165,2022-12-12 12:30:00,16900.0,16911.5,0.06804733727810651,HL (Higher Low)
3166,2022-12-12 17:30:00,16911.5,16973.5,0.36661443396505333,HL (Higher Low)
3167,2022-12-13 02:30:00,16973.5,17112.5,0.8189236162252924,HL (Higher Low)
3168,2022-12-13 07:15:00,17112.5,17060.0,-0.30679327976625276,LL (Lower Low)
3169,2022-12-13 17:45:00,17060.0,17606.0,3.2004689331770226,HL (Higher Low)
3170,2022-12-13 22:30:00,17606.0,17693.0,0.49414972168578897,HL (Higher Low)
3171,2022-12-14 05:30:00,17693.0,17727.5,0.19499236986378793,HL (Higher Low)
3172,2022-12-14 09:30:00,17727.5,17776.5,0.2764067127344521,HL (Higher Low)
3173,2022-12-14 19:00:00,17776.5,17514.0,-1.4766686355581808,LL (Lower Low)
3174,2022-12-15 02:00:00,17514.0,17556.5,0.2426630124471851,HL (Higher Low)
3175,2022-12-15 09:00:00,17556.5,17604.5,0.27340301312904053,HL (Higher Low)
3176,2022-12-15 18:45:00,17604.5,17300.0,-1.72967139083757,LL (Lower Low)
3177,2022-12-15 22:15:00,17300.0,17262.0,-0.21965317919075147,LL (Lower Low)
3178,2022-12-16 10:15:00,17262.0,16912.0,-2.02757502027575,LL (Lower Low)
3179,2022-12-16 16:45:00,16912.0,16719.0,-1.14120151371807,LL (Lower Low)
3180,2022-12-16 23:30:00,16719.0,16532.5,-1.1154973383575573,LL (Lower Low)
3181,2022-12-17 02:15:00,16532.5,16574.5,0.2540450627551792,HL (Higher Low)
3182,2022-12-17 10:30:00,16574.5,16652.5,0.47060243144589575,HL (Higher Low)
3183,2022-12-17 14:45:00,16652.5,16638.0,-0.08707401291097433,LL (Lower Low)
3184,2022-12-18 01:30:00,16638.0,16697.0,0.3546099290780142,HL (Higher Low)
3185,2022-12-18 09:30:00,16697.0,16656.0,-0.2455530933700665,LL (Lower Low)
3186,2022-12-18 15:00:00,16656.0,16667.0,0.06604226705091258,HL (Higher Low)
3187,2022-12-19 00:00:00,16667.0,16705.5,0.23099538009239817,HL (Higher Low)
3188,2022-12-19 03:45:00,16705.5,16613.0,-0.5537098560354374,LL (Lower Low)
3189,2022-12-19 17:30:00,16613.0,16513.0,-0.6019382411364593,LL (Lower Low)
3190,2022-12-19 22:30:00,16513.0,16203.0,-1.8773087870162901,LL (Lower Low)
3191,2022-12-20 11:00:00,16203.0,16752.5,3.391347281367648,HL (Higher Low)
3192,2022-12-20 14:45:00,16752.5,16692.0,-0.36114012833905385,LL (Lower Low)
3193,2022-12-20 18:15:00,16692.0,16755.0,0.3774263120057513,HL (Higher Low)
3194,2022-12-21 05:00:00,16755.0,16760.0,0.029841838257236648,HL (Higher Low)
3195,2022-12-21 08:15:00,16760.0,16791.5,0.18794749403341288,HL (Higher Low)
3196,2022-12-21 14:45:00,16791.5,16710.0,-0.48536461900366257,LL (Lower Low)
3197,2022-12-21 19:45:00,16710.0,16717.5,0.04488330341113106,HL (Higher Low)
3198,2022-12-21 23:00:00,16717.5,16744.5,0.16150740242261105,HL (Higher Low)
3199,2022-12-22 07:00:00,16744.5,16778.0,0.2000656932126967,HL (Higher Low)
3200,2022-12-22 18:00:00,16778.0,16560.5,-1.2963404458219097,LL (Lower Low)
3201,2022-12-23 00:45:00,16560.5,16780.5,1.328462304882099,HL (Higher Low)
3202,2022-12-23 06:15:00,16780.5,16809.5,0.1728196418461905,HL (Higher Low)
3203,2022-12-23 13:30:00,16809.5,16705.0,-0.6216722686576044,LL (Lower Low)
3204,2022-12-23 22:15:00,16705.0,16764.0,0.35318766836276566,HL (Higher Low)
3205,2022-12-24 05:15:00,16764.0,16802.0,0.22667621092817944,HL (Higher Low)
3206,2022-12-24 23:00:00,16802.0,16803.5,0.008927508629925009,HL (Higher Low)
3207,2022-12-25 05:15:00,16803.5,16804.5,0.005951141131311929,HL (Higher Low)
3208,2022-12-25 14:30:00,16804.5,16713.5,-0.541521616233747,LL (Lower Low)
3209,2022-12-25 19:00:00,16713.5,16730.0,0.09872258952343914,HL (Higher Low)
3210,2022-12-26 08:15:00,16730.0,16814.5,0.5050806933652122,HL (Higher Low)
3211,2022-12-26 15:45:00,16814.5,16783.0,-0.1873383091974189,LL (Lower Low)
3212,2022-12-26 23:00:00,16783.0,16814.0,0.18471071918012275,HL (Higher Low)
3213,2022-12-27 08:00:00,16814.0,16818.5,0.026763411442845247,HL (Higher Low)
3214,2022-12-27 14:30:00,16818.5,16728.0,-0.5380979278770401,LL (Lower Low)
3215,2022-12-27 19:15:00,16728.0,16587.0,-0.8428981348637016,LL (Lower Low)
3216,2022-12-28 03:00:00,16587.0,16555.0,-0.1929221679628625,LL (Lower Low)
3217,2022-12-28 16:00:00,16555.0,16566.0,0.0664451827242525,HL (Higher Low)
3218,2022-12-28 21:15:00,16566.0,16469.5,-0.5825184112036702,LL (Lower Low)
3219,2022-12-29 20:30:00,16469.5,16551.5,0.4978900391633018,HL (Higher Low)
3220,2022-12-30 02:45:00,16551.5,16584.5,0.1993776999063529,HL (Higher Low)
3221,2022-12-30 07:15:00,16584.5,16428.0,-0.9436522053724864,LL (Lower Low)
3222,2022-12-30 14:45:00,16428.0,16353.0,-0.4565376186997808,LL (Lower Low)
3223,2022-12-31 05:45:00,16353.0,16553.5,1.2260747263499052,HL (Higher Low)
3224,2022-12-31 12:30:00,16553.5,16563.5,0.06041018515721751,HL (Higher Low)
3225,2022-12-31 22:45:00,16563.5,16480.5,-0.5011018202674555,LL (Lower Low)
3226,2023-01-01 07:15:00,16480.5,16511.0,0.1850672006310488,HL (Higher Low)
3227,2023-01-01 15:15:00,16511.0,16550.5,0.23923444976076555,HL (Higher Low)
3228,2023-01-02 01:15:00,16550.5,16552.0,0.00906317029696988,HL (Higher Low)
3229,2023-01-02 14:30:00,16552.0,16666.0,0.6887385210246496,HL (Higher Low)
3230,2023-01-03 00:00:00,16666.0,16644.5,-0.12900516020640826,LL (Lower Low)
3231,2023-01-03 08:30:00,16644.5,16693.0,0.29138754543542916,HL (Higher Low)
3232,2023-01-03 17:45:00,16693.0,16605.0,-0.5271670760198885,LL (Lower Low)
3233,2023-01-04 15:00:00,16605.0,16760.5,0.9364649202047576,HL (Higher Low)
3234,2023-01-04 20:30:00,16760.5,16767.5,0.04176486381671191,HL (Higher Low)
3235,2023-01-05 01:00:00,16767.5,16801.5,0.2027732220068585,HL (Higher Low)
3236,2023-01-05 03:45:00,16801.5,16811.0,0.05654257060381514,HL (Higher Low)
3237,2023-01-05 09:45:00,16811.0,16778.0,-0.19630004163940276,LL (Lower Low)
3238,2023-01-05 14:00:00,16778.0,16747.0,-0.18476576469185838,LL (Lower Low)
3239,2023-01-05 18:00:00,16747.0,16793.0,0.27467606138412853,HL (Higher Low)
3240,2023-01-05 23:15:00,16793.0,16812.0,0.11314238075388555,HL (Higher Low)
3241,2023-01-06 02:00:00,16812.0,16797.0,-0.08922198429693076,LL (Lower Low)
3242,2023-01-06 13:30:00,16797.0,16675.0,-0.7263201762219444,LL (Lower Low)
3243,2023-01-07 06:00:00,16675.0,16916.0,1.4452773613193404,HL (Higher Low)
3244,2023-01-07 14:00:00,16916.0,16904.0,-0.07093875620714117,LL (Lower Low)
3245,2023-01-08 00:30:00,16904.0,16907.0,0.017747278750591577,HL (Higher Low)
3246,2023-01-08 16:30:00,16907.0,16915.0,0.04731767906784172,HL (Higher Low)
3247,2023-01-09 06:45:00,16915.0,17171.0,1.513449600945906,HL (Higher Low)
3248,2023-01-09 13:45:00,17171.0,17183.0,0.06988527167899365,HL (Higher Low)
3249,2023-01-09 23:00:00,17183.0,17120.0,-0.36664144794273407,LL (Lower Low)
3250,2023-01-10 02:30:00,17120.0,17138.5,0.10806074766355139,HL (Higher Low)
3251,2023-01-10 06:30:00,17138.5,17179.5,0.2392274703153718,HL (Higher Low)
3252,2023-01-10 13:30:00,17179.5,17195.0,0.090223813265811,HL (Higher Low)
3253,2023-01-11 03:15:00,17195.0,17361.0,0.9653969177086363,HL (Higher Low)
3254,2023-01-11 06:00:00,17361.0,17381.5,0.11808075571683657,HL (Higher Low)
3255,2023-01-11 15:45:00,17381.5,17309.5,-0.41423352414923914,LL (Lower Low)
3256,2023-01-12 13:30:00,17309.5,17910.5,3.472081804789277,HL (Higher Low)
3257,2023-01-13 00:30:00,17910.5,18692.0,4.363362273526702,HL (Higher Low)
3258,2023-01-13 05:45:00,18692.0,18766.0,0.3958912903916114,HL (Higher Low)
3259,2023-01-14 10:15:00,18766.0,20240.5,7.857295108174357,HL (Higher Low)
3260,2023-01-14 14:30:00,20240.5,20502.0,1.2919641313208667,HL (Higher Low)
3261,2023-01-14 18:15:00,20502.0,20654.0,0.7413910837967027,HL (Higher Low)
3262,2023-01-15 00:30:00,20654.0,20627.0,-0.13072528323811367,LL (Lower Low)
3263,2023-01-15 03:15:00,20627.0,20555.0,-0.34905706113346585,LL (Lower Low)
3264,2023-01-15 09:00:00,20555.0,20573.0,0.08756993432254925,HL (Higher Low)
3265,2023-01-15 12:30:00,20573.0,20658.5,0.4155932532931512,HL (Higher Low)
3266,2023-01-15 18:00:00,20658.5,20642.5,-0.07744996006486435,LL (Lower Low)
3267,2023-01-15 22:30:00,20642.5,20730.0,0.42388276613782244,HL (Higher Low)
3268,2023-01-16 08:00:00,20730.0,20630.5,-0.47998070429329476,LL (Lower Low)
3269,2023-01-16 15:00:00,20630.5,20600.0,-0.14783936404837497,LL (Lower Low)
3270,2023-01-16 21:15:00,20600.0,21024.0,2.058252427184466,HL (Higher Low)
3271,2023-01-17 01:00:00,21024.0,20824.5,-0.9489155251141553,LL (Lower Low)
3272,2023-01-17 07:00:00,20824.5,21051.0,1.087661168335374,HL (Higher Low)
3273,2023-01-17 10:30:00,21051.0,21076.5,0.12113438791506341,HL (Higher Low)
3274,2023-01-17 14:30:00,21076.5,20985.0,-0.4341328019358053,LL (Lower Low)
3275,2023-01-18 00:15:00,20985.0,21086.0,0.4812961639266143,HL (Higher Low)
3276,2023-01-18 09:00:00,21086.0,21036.0,-0.23712415820923835,LL (Lower Low)
3277,2023-01-18 16:30:00,21036.0,20385.0,-3.0946948088990305,LL (Lower Low)
3278,2023-01-18 22:15:00,20385.0,20594.5,1.0277164581800344,HL (Higher Low)
3279,2023-01-19 13:15:00,20594.5,20645.0,0.24521110005098445,HL (Higher Low)
3280,2023-01-19 17:45:00,20645.0,20777.5,0.6418018890772584,HL (Higher Low)
3281,2023-01-19 21:45:00,20777.5,20895.5,0.5679220310431957,HL (Higher Low)
3282,2023-01-20 07:15:00,20895.5,20853.0,-0.20339307506400897,LL (Lower Low)
3283,2023-01-21 10:30:00,20853.0,22567.0,8.219440847839639,HL (Higher Low)
3284,2023-01-21 23:15:00,22567.0,22679.5,0.49851553152833783,HL (Higher Low)
3285,2023-01-22 02:30:00,22679.5,22602.0,-0.34171829184946756,LL (Lower Low)
3286,2023-01-22 08:15:00,22602.0,22807.5,0.9092115741969737,HL (Higher Low)
3287,2023-01-22 12:15:00,22807.5,22702.5,-0.46037487668530086,LL (Lower Low)
3288,2023-01-22 15:15:00,22702.5,22622.0,-0.3545864992842198,LL (Lower Low)
3289,2023-01-22 20:45:00,22622.0,22277.0,-1.525064096896826,LL (Lower Low)
3290,2023-01-23 03:30:00,22277.0,22642.5,1.6407056605467523,HL (Higher Low)
3291,2023-01-23 07:15:00,22642.5,22602.0,-0.17886717456111295,LL (Lower Low)
3292,2023-01-23 14:45:00,22602.0,22459.5,-0.6304751791876826,LL (Lower Low)
3293,2023-01-23 19:45:00,22459.5,22650.0,0.8481934148133305,HL (Higher Low)
3294,2023-01-24 09:30:00,22650.0,22770.0,0.5298013245033113,HL (Higher Low)
3295,2023-01-24 14:30:00,22770.0,22687.0,-0.3645147123407993,LL (Lower Low)
3296,2023-01-25 01:15:00,22687.0,22319.0,-1.6220743156873982,LL (Lower Low)
3297,2023-01-25 10:15:00,22319.0,22467.0,0.6631121466015503,HL (Higher Low)
3298,2023-01-25 15:00:00,22467.0,22333.5,-0.5942048337561757,LL (Lower Low)
3299,2023-01-26 06:15:00,22333.5,22884.5,2.467145767568899,HL (Higher Low)
3300,2023-01-26 10:45:00,22884.5,22850.5,-0.1485721776748454,LL (Lower Low)
3301,2023-01-26 16:00:00,22850.5,22851.0,0.0021881359270037857,HL (Higher Low)
3302,2023-01-26 21:15:00,22851.0,22957.5,0.46606275436523564,HL (Higher Low)
3303,2023-01-27 01:30:00,22957.5,22523.0,-1.8926276815855385,LL (Lower Low)
3304,2023-01-27 14:15:00,22523.0,22838.0,1.3985703503085736,HL (Higher Low)
3305,2023-01-27 22:00:00,22838.0,22941.5,0.45319204834048515,HL (Higher Low)
3306,2023-01-28 09:15:00,22941.5,22901.0,-0.17653597192860102,LL (Lower Low)
3307,2023-01-28 13:15:00,22901.0,22874.0,-0.11789878171258898,LL (Lower Low)
3308,2023-01-28 21:00:00,22874.0,22933.0,0.25793477310483515,HL (Higher Low)
3309,2023-01-29 08:45:00,22933.0,23152.5,0.9571360048837919,HL (Higher Low)
3310,2023-01-30 02:00:00,23152.5,23564.5,1.7795054529748406,HL (Higher Low)
3311,2023-01-30 12:00:00,23564.5,22953.0,-2.5950051984977405,LL (Lower Low)
3312,2023-01-30 22:30:00,22953.0,22480.5,-2.058554437328454,LL (Lower Low)
3313,2023-01-31 06:00:00,22480.5,22734.5,1.1298681079157493,HL (Higher Low)
3314,2023-01-31 11:30:00,22734.5,22801.0,0.2925069827794761,HL (Higher Low)
3315,2023-01-31 21:30:00,22801.0,22801.5,0.002192886276917679,HL (Higher Low)
3316,2023-02-01 03:30:00,22801.5,23040.0,1.0459838168541542,HL (Higher Low)
3317,2023-02-01 09:00:00,23040.0,22910.0,-0.564236111111111,LL (Lower Low)
3318,2023-02-01 16:45:00,22910.0,22914.0,0.017459624618070713,HL (Higher Low)
3319,2023-02-01 19:30:00,22914.0,22755.0,-0.6938989264205289,LL (Lower Low)
3320,2023-02-02 06:15:00,22755.0,23655.0,3.955174686882004,HL (Higher Low)
3321,2023-02-02 14:45:00,23655.0,23510.0,-0.6129782287042909,LL (Lower Low)
3322,2023-02-02 22:00:00,23510.0,23360.0,-0.6380263717566993,LL (Lower Low)
3323,2023-02-03 02:30:00,23360.0,23410.5,0.21618150684931506,HL (Higher Low)
3324,2023-02-03 08:00:00,23410.5,23314.0,-0.4122081971764806,LL (Lower Low)
3325,2023-02-03 14:15:00,23314.0,23218.0,-0.4117697520802951,LL (Lower Low)
3326,2023-02-03 20:00:00,23218.0,23203.0,-0.06460504780773538,LL (Lower Low)
3327,2023-02-04 06:00:00,23203.0,23260.5,0.24781278282980648,HL (Higher Low)
3328,2023-02-04 09:00:00,23260.5,23300.0,0.16981578211990284,HL (Higher Low)
3329,2023-02-04 16:15:00,23300.0,23358.0,0.24892703862660942,HL (Higher Low)
3330,2023-02-05 00:45:00,23358.0,23224.5,-0.571538659131775,LL (Lower Low)
3331,2023-02-05 12:45:00,23224.5,22983.5,-1.0376972593597278,LL (Lower Low)
3332,2023-02-05 19:15:00,22983.5,22760.0,-0.9724367481018992,LL (Lower Low)
3333,2023-02-06 05:15:00,22760.0,22612.5,-0.6480667838312829,LL (Lower Low)
3334,2023-02-06 11:30:00,22612.5,22731.0,0.5240464344941957,HL (Higher Low)
3335,2023-02-06 15:15:00,22731.0,22737.0,0.02639567110993797,HL (Higher Low)
3336,2023-02-06 23:15:00,22737.0,22628.5,-0.4771957602146281,LL (Lower Low)
3337,2023-02-07 08:45:00,22628.5,22862.0,1.0318845703427095,HL (Higher Low)
3338,2023-02-07 18:30:00,22862.0,22760.0,-0.4461551920216954,LL (Lower Low)
3339,2023-02-08 16:15:00,22760.0,22669.0,-0.3998242530755712,LL (Lower Low)
3340,2023-02-08 20:00:00,22669.0,22759.0,0.3970179540341435,HL (Higher Low)
3341,2023-02-09 04:00:00,22759.0,22355.0,-1.7751219297860186,LL (Lower Low)
3342,2023-02-09 12:30:00,22355.0,22532.5,0.7940058152538583,HL (Higher Low)
3343,2023-02-09 21:30:00,22532.5,21698.0,-3.7035393320758905,LL (Lower Low)
3344,2023-02-10 05:30:00,21698.0,21620.0,-0.35948013641810306,LL (Lower Low)
3345,2023-02-10 12:00:00,21620.0,21675.1,0.25485661424606176,HL (Higher Low)
3346,2023-02-10 15:45:00,21675.1,21500.7,-0.8046098979935402,LL (Lower Low)
3347,2023-02-10 21:30:00,21500.7,21431.1,-0.32371039082449493,LL (Lower Low)
3348,2023-02-11 07:15:00,21431.1,21632.6,0.9402223870916566,HL (Higher Low)
3349,2023-02-11 10:30:00,21632.6,21648.4,0.07303791499867289,HL (Higher Low)
3350,2023-02-11 18:45:00,21648.4,21604.5,-0.20278634910663815,LL (Lower Low)
3351,2023-02-12 02:00:00,21604.5,21753.3,0.6887454002638306,HL (Higher Low)
3352,2023-02-12 04:45:00,21753.3,21760.0,0.030799924609143107,HL (Higher Low)
3353,2023-02-12 13:30:00,21760.0,21755.0,-0.022977941176470586,LL (Lower Low)
3354,2023-02-12 22:00:00,21755.0,21625.3,-0.5961847851068753,LL (Lower Low)
3355,2023-02-13 02:30:00,21625.3,21617.0,-0.03838097043740097,LL (Lower Low)
3356,2023-02-13 10:15:00,21617.0,21413.0,-0.9437017162418466,LL (Lower Low)
3357,2023-02-13 17:45:00,21413.0,21327.5,-0.39929015084294583,LL (Lower Low)
3358,2023-02-14 08:30:00,21327.5,21666.0,1.5871527370765444,HL (Higher Low)
3359,2023-02-14 13:30:00,21666.0,21514.2,-0.7006369426751559,LL (Lower Low)
3360,2023-02-15 02:45:00,21514.2,22032.0,2.4067824971414193,HL (Higher Low)
3361,2023-02-15 08:30:00,22032.0,22080.2,0.21877269426289364,HL (Higher Low)
3362,2023-02-16 07:00:00,22080.2,24450.0,10.732692638653631,HL (Higher Low)
3363,2023-02-16 14:30:00,24450.0,24301.0,-0.6094069529652352,LL (Lower Low)
3364,2023-02-17 00:00:00,24301.0,23340.0,-3.954569770791325,LL (Lower Low)
3365,2023-02-17 08:30:00,23340.0,23529.9,0.8136246786632453,HL (Higher Low)
3366,2023-02-17 14:45:00,23529.9,23685.2,0.660011304765423,HL (Higher Low)
3367,2023-02-17 22:00:00,23685.2,24049.6,1.5385135021025695,HL (Higher Low)
3368,2023-02-18 02:30:00,24049.6,24511.5,1.9206140642671874,HL (Higher Low)
3369,2023-02-18 07:45:00,24511.5,24427.4,-0.34310425718539683,LL (Lower Low)
3370,2023-02-18 11:00:00,24427.4,24442.2,0.06058770069675558,HL (Higher Low)
3371,2023-02-18 20:00:00,24442.2,24502.2,0.24547708471414192,HL (Higher Low)
3372,2023-02-19 07:15:00,24502.2,24560.5,0.23793781782860016,HL (Higher Low)
3373,2023-02-19 20:15:00,24560.5,24251.0,-1.2601534985036948,LL (Lower Low)
3374,2023-02-20 01:15:00,24251.0,23816.7,-1.7908539854026608,LL (Lower Low)
3375,2023-02-20 09:15:00,23816.7,24371.0,2.327358534137808,HL (Higher Low)
3376,2023-02-20 16:30:00,24371.0,24638.0,1.095564400311846,HL (Higher Low)
3377,2023-02-20 22:15:00,24638.0,24652.5,0.05885217956002922,HL (Higher Low)
3378,2023-02-21 09:00:00,24652.5,24534.3,-0.479464557347128,LL (Lower Low)
3379,2023-02-21 12:00:00,24534.3,24463.9,-0.28694521547383794,LL (Lower Low)
3380,2023-02-21 16:30:00,24463.9,24280.0,-0.7517198811309785,LL (Lower Low)
3381,2023-02-21 21:15:00,24280.0,24152.0,-0.5271828665568369,LL (Lower Low)
3382,2023-02-22 02:30:00,24152.0,23855.0,-1.2297118251076515,LL (Lower Low)
3383,2023-02-22 08:30:00,23855.0,23860.5,0.023055963110459026,HL (Higher Low)
3384,2023-02-22 16:45:00,23860.5,23570.3,-1.216236038641272,LL (Lower Low)
3385,2023-02-23 06:30:00,23570.3,24317.5,3.1700911740622764,HL (Higher Low)
3386,2023-02-23 12:00:00,24317.5,23590.5,-2.989616531304616,LL (Lower Low)
3387,2023-02-23 18:00:00,23590.5,23726.0,0.5743837561730357,HL (Higher Low)
3388,2023-02-23 22:00:00,23726.0,23750.5,0.10326224395178285,HL (Higher Low)
3389,2023-02-24 08:15:00,23750.5,23762.0,0.04842003326245763,HL (Higher Low)
3390,2023-02-24 16:00:00,23762.0,22900.0,-3.627640770978874,LL (Lower Low)
3391,2023-02-24 19:30:00,22900.0,22800.0,-0.43668122270742354,LL (Lower Low)
3392,2023-02-24 22:30:00,22800.0,22964.4,0.7210526315789538,HL (Higher Low)
3393,2023-02-25 05:30:00,22964.4,23014.4,0.21772830990576716,HL (Higher Low)
3394,2023-02-25 12:45:00,23014.4,22860.0,-0.6708843159065692,LL (Lower Low)
3395,2023-02-25 15:45:00,22860.0,22970.0,0.4811898512685914,HL (Higher Low)
3396,2023-02-25 20:45:00,22970.0,22712.3,-1.1218981279930376,LL (Lower Low)
3397,2023-02-26 02:00:00,22712.3,23060.1,1.5313288394394196,HL (Higher Low)
3398,2023-02-26 06:00:00,23060.1,23089.1,0.12575834449980702,HL (Higher Low)
3399,2023-02-26 12:45:00,23089.1,23117.0,0.12083623874469536,HL (Higher Low)
3400,2023-02-26 17:00:00,23117.0,23135.3,0.07916252108837338,HL (Higher Low)
3401,2023-02-26 22:15:00,23135.3,23313.7,0.771116000224771,HL (Higher Low)
3402,2023-02-27 09:00:00,23313.7,23330.0,0.06991597215370907,HL (Higher Low)
3403,2023-02-27 16:00:00,23330.0,23137.0,-0.8272610372910416,LL (Lower Low)
3404,2023-02-27 20:00:00,23137.0,23083.8,-0.22993473656913485,LL (Lower Low)
3405,2023-02-28 01:30:00,23083.8,23341.0,1.1142013013455356,HL (Higher Low)
3406,2023-02-28 08:00:00,23341.0,23197.5,-0.6147979949445183,LL (Lower Low)
3407,2023-02-28 14:30:00,23197.5,23303.9,0.45867011531415647,HL (Higher Low)
3408,2023-02-28 21:30:00,23303.9,23010.0,-1.261162294723207,LL (Lower Low)
3409,2023-03-01 00:45:00,23010.0,23015.0,0.0217296827466319,HL (Higher Low)
3410,2023-03-01 10:15:00,23015.0,23659.4,2.799913100152081,HL (Higher Low)
3411,2023-03-01 16:00:00,23659.4,23541.0,-0.5004353449369022,LL (Lower Low)
3412,2023-03-01 20:00:00,23541.0,23286.2,-1.0823669342848616,LL (Lower Low)
3413,2023-03-02 03:00:00,23286.2,23422.0,0.583178019599588,HL (Higher Low)
3414,2023-03-02 07:15:00,23422.0,23333.3,-0.3787037827683406,LL (Lower Low)
3415,2023-03-02 14:00:00,23333.3,23186.4,-0.6295723279604591,LL (Lower Low)
3416,2023-03-02 17:15:00,23186.4,23223.1,0.15828244143117123,HL (Higher Low)
3417,2023-03-02 21:30:00,23223.1,23380.5,0.6777734238753718,HL (Higher Low)
3418,2023-03-03 01:30:00,23380.5,21905.0,-6.310814567695301,LL (Lower Low)
3419,2023-03-03 11:00:00,21905.0,22270.7,1.6694818534581177,HL (Higher Low)
3420,2023-03-03 13:45:00,22270.7,22140.0,-0.5868697436542215,LL (Lower Low)
3421,2023-03-03 18:30:00,22140.0,22184.0,0.19873532068654018,HL (Higher Low)
3422,2023-03-03 21:15:00,22184.0,22141.0,-0.19383339343671113,LL (Lower Low)
3423,2023-03-04 05:30:00,22141.0,22262.5,0.5487557020911431,HL (Higher Low)
3424,2023-03-04 21:45:00,22262.5,22152.0,-0.4963503649635037,LL (Lower Low)
3425,2023-03-05 02:30:00,22152.0,22173.0,0.09479956663055254,HL (Higher Low)
3426,2023-03-05 09:00:00,22173.0,22309.1,0.6138095882379405,HL (Higher Low)
3427,2023-03-05 21:30:00,22309.1,22306.7,-0.01075794182641979,LL (Lower Low)
3428,2023-03-06 02:00:00,22306.7,22234.4,-0.32411786593265374,LL (Lower Low)
3429,2023-03-06 05:00:00,22234.4,22302.7,0.30718166444787925,HL (Higher Low)
3430,2023-03-06 11:45:00,22302.7,22349.5,0.20984006420746937,HL (Higher Low)
3431,2023-03-06 21:00:00,22349.5,22310.0,-0.17673773462493567,LL (Lower Low)
3432,2023-03-07 00:15:00,22310.0,22371.7,0.2765575974899181,HL (Higher Low)
3433,2023-03-07 15:00:00,22371.7,21919.0,-2.0235386671553823,LL (Lower Low)
3434,2023-03-07 21:00:00,21919.0,21933.8,0.06752132852775798,HL (Higher Low)
3435,2023-03-08 05:30:00,21933.8,21821.7,-0.5110833508101585,LL (Lower Low)
3436,2023-03-08 15:00:00,21821.7,21865.0,0.19842633708647478,HL (Higher Low)
3437,2023-03-08 18:30:00,21865.0,21935.2,0.32106105648296696,HL (Higher Low)
3438,2023-03-08 23:00:00,21935.2,21559.0,-1.7150516065502057,LL (Lower Low)
3439,2023-03-09 10:45:00,21559.0,21528.8,-0.14008070875272843,LL (Lower Low)
3440,2023-03-09 20:45:00,21528.8,20016.0,-7.026866337185535,LL (Lower Low)
3441,2023-03-10 01:15:00,20016.0,19755.0,-1.3039568345323742,LL (Lower Low)
3442,2023-03-10 07:00:00,19755.0,19764.5,0.048089091369273605,HL (Higher Low)
3443,2023-03-10 10:45:00,19764.5,19535.0,-1.1611728098358167,LL (Lower Low)
3444,2023-03-10 14:45:00,19535.0,19638.3,0.5287944714614756,HL (Higher Low)
3445,2023-03-10 18:45:00,19638.3,19805.2,0.8498698970888593,HL (Higher Low)
3446,2023-03-11 08:00:00,19805.2,19760.0,-0.2282228909579339,LL (Lower Low)
3447,2023-03-11 16:00:00,19760.0,19973.8,1.0819838056680127,HL (Higher Low)
3448,2023-03-12 02:30:00,19973.8,20300.1,1.6336400684897179,HL (Higher Low)
3449,2023-03-12 07:45:00,20300.1,20260.9,-0.19310249703202,LL (Lower Low)
3450,2023-03-12 12:00:00,20260.9,20304.3,0.21420568681548113,HL (Higher Low)
3451,2023-03-12 15:00:00,20304.3,20275.8,-0.14036435631861233,LL (Lower Low)
3452,2023-03-13 09:30:00,20275.8,21804.0,7.537063888971092,HL (Higher Low)
3453,2023-03-13 23:15:00,21804.0,23922.0,9.713813979086407,HL (Higher Low)
3454,2023-03-14 08:00:00,23922.0,24120.0,0.8276899924755455,HL (Higher Low)
3455,2023-03-14 21:00:00,24120.0,23966.0,-0.6384742951907131,LL (Lower Low)
3456,2023-03-15 00:30:00,23966.0,24316.1,1.4608194942835624,HL (Higher Low)
3457,2023-03-15 06:00:00,24316.1,24622.0,1.258014237480523,HL (Higher Low)
3458,2023-03-15 11:30:00,24622.0,24262.5,-1.4600763544797335,LL (Lower Low)
3459,2023-03-15 17:00:00,24262.5,23868.1,-1.6255538382277237,LL (Lower Low)
3460,2023-03-16 01:15:00,23868.1,24123.2,1.0687905614607036,HL (Higher Low)
3461,2023-03-16 04:30:00,24123.2,24183.0,0.24789414339722454,HL (Higher Low)
3462,2023-03-16 09:15:00,24183.0,24375.0,0.7939461605259892,HL (Higher Low)
3463,2023-03-16 13:15:00,24375.0,24489.9,0.47138461538462134,HL (Higher Low)
3464,2023-03-16 18:00:00,24489.9,24593.3,0.42221487225345067,HL (Higher Low)
3465,2023-03-16 20:45:00,24593.3,24615.0,0.08823541371024111,HL (Higher Low)
3466,2023-03-17 14:30:00,24615.0,26100.0,6.032906764168191,HL (Higher Low)
3467,2023-03-17 18:00:00,26100.0,26237.0,0.524904214559387,HL (Higher Low)
3468,2023-03-18 03:00:00,26237.0,27148.1,3.472576895224296,HL (Higher Low)
3469,2023-03-18 08:15:00,27148.1,27046.0,-0.37608525090153105,LL (Lower Low)
3470,2023-03-18 12:15:00,27046.0,27285.2,0.8844191377652916,HL (Higher Low)
3471,2023-03-18 16:30:00,27285.2,26555.0,-2.676176095465676,LL (Lower Low)
3472,2023-03-18 23:00:00,26555.0,26793.0,0.8962530596874411,HL (Higher Low)
3473,2023-03-19 07:00:00,26793.0,26816.2,0.08658978091292774,HL (Higher Low)
3474,2023-03-19 20:30:00,26816.2,27715.5,3.3535698570267196,HL (Higher Low)
3475,2023-03-20 03:45:00,27715.5,27123.0,-2.13779293175299,LL (Lower Low)
3476,2023-03-20 16:15:00,27123.0,27441.4,1.173911440474879,HL (Higher Low)
3477,2023-03-20 23:45:00,27441.4,27564.2,0.44749903430582716,HL (Higher Low)
3478,2023-03-21 07:00:00,27564.2,27292.2,-0.9867872094963757,LL (Lower Low)
3479,2023-03-21 14:15:00,27292.2,27707.9,1.523145807226976,HL (Higher Low)
3480,2023-03-21 18:00:00,27707.9,27913.0,0.7402221027216012,HL (Higher Low)
3481,2023-03-21 21:30:00,27913.0,27886.0,-0.09672912263103214,LL (Lower Low)
3482,2023-03-22 09:15:00,27886.0,27964.4,0.28114466040307484,HL (Higher Low)
3483,2023-03-22 20:00:00,27964.4,26583.4,-4.938421707599662,LL (Lower Low)
3484,2023-03-23 01:45:00,26583.4,27103.5,1.956484121669909,HL (Higher Low)
3485,2023-03-23 13:15:00,27103.5,27264.0,0.5921744424151862,HL (Higher Low)
3486,2023-03-23 19:15:00,27264.0,27733.0,1.7202171361502347,HL (Higher Low)
3487,2023-03-24 01:00:00,27733.0,28110.7,1.3619154076371136,HL (Higher Low)
3488,2023-03-24 04:45:00,28110.7,28075.2,-0.12628643185690858,LL (Lower Low)
3489,2023-03-24 08:45:00,28075.2,27914.1,-0.5738160369293974,LL (Lower Low)
3490,2023-03-24 11:45:00,27914.1,27280.3,-2.2705371120688085,LL (Lower Low)
3491,2023-03-24 17:45:00,27280.3,27470.5,0.6972064090204314,HL (Higher Low)
3492,2023-03-24 21:30:00,27470.5,26956.0,-1.8729182213647368,LL (Lower Low)
3493,2023-03-25 05:45:00,26956.0,27357.2,1.4883513874462113,HL (Higher Low)
3494,2023-03-25 09:15:00,27357.2,27287.6,-0.25441200122820384,LL (Lower Low)
3495,2023-03-25 19:30:00,27287.6,27132.0,-0.5702223720664279,LL (Lower Low)
3496,2023-03-26 04:45:00,27132.0,27446.7,1.1598850066342352,HL (Higher Low)
3497,2023-03-26 16:45:00,27446.7,27602.8,0.5687386826102903,HL (Higher Low)
3498,2023-03-26 20:30:00,27602.8,27657.8,0.1992551480284609,HL (Higher Low)
3499,2023-03-27 02:00:00,27657.8,27755.0,0.35143793071032664,HL (Higher Low)
3500,2023-03-27 06:00:00,27755.0,27642.4,-0.4056926679877447,LL (Lower Low)
3501,2023-03-27 15:00:00,27642.4,26474.3,-4.225754637802803,LL (Lower Low)
3502,2023-03-27 20:00:00,26474.3,26862.0,1.464439097539881,HL (Higher Low)
3503,2023-03-28 01:00:00,26862.0,26785.0,-0.28665028665028663,LL (Lower Low)
3504,2023-03-28 05:30:00,26785.0,26865.5,0.3005413477692738,HL (Higher Low)
3505,2023-03-28 10:45:00,26865.5,26611.0,-0.9473116078241611,LL (Lower Low)
3506,2023-03-28 17:15:00,26611.0,26733.5,0.46033595129833527,HL (Higher Low)
3507,2023-03-28 21:45:00,26733.5,27074.3,1.2748050199188257,HL (Higher Low)
3508,2023-03-29 12:15:00,27074.3,28222.3,4.240183495048811,HL (Higher Low)
3509,2023-03-29 16:45:00,28222.3,28125.0,-0.3447628293937747,LL (Lower Low)
3510,2023-03-29 22:00:00,28125.0,28183.2,0.2069333333333359,HL (Higher Low)
3511,2023-03-30 03:00:00,28183.2,28054.2,-0.45771949246359533,LL (Lower Low)
3512,2023-03-30 09:00:00,28054.2,28479.0,1.5142117757768863,HL (Higher Low)
3513,2023-03-30 18:00:00,28479.0,27650.0,-2.9109168158994345,LL (Lower Low)
3514,2023-03-30 22:45:00,27650.0,27770.0,0.433996383363472,HL (Higher Low)
3515,2023-03-31 07:30:00,27770.0,27486.6,-1.0205257472092237,LL (Lower Low)
3516,2023-03-31 18:15:00,27486.6,28230.4,2.706045855071209,HL (Higher Low)
3517,2023-04-01 00:30:00,28230.4,28385.2,0.5483450464747196,HL (Higher Low)
3518,2023-04-01 07:15:00,28385.2,28322.0,-0.22265124078745518,LL (Lower Low)
3519,2023-04-01 15:00:00,28322.0,28182.5,-0.49254996116093497,LL (Lower Low)
3520,2023-04-02 01:00:00,28182.5,28325.2,0.5063425884857651,HL (Higher Low)
3521,2023-04-02 05:00:00,28325.2,28363.6,0.13556832784939848,HL (Higher Low)
3522,2023-04-02 16:30:00,28363.6,27913.3,-1.5875981892284452,LL (Lower Low)
3523,2023-04-02 19:30:00,27913.3,27822.8,-0.32421820422522596,LL (Lower Low)
3524,2023-04-02 22:15:00,27822.8,27840.1,0.06217921992035047,HL (Higher Low)
3525,2023-04-03 01:45:00,27840.1,27553.6,-1.0290911311381785,LL (Lower Low)
3526,2023-04-03 04:45:00,27553.6,27564.0,0.037744614133911565,HL (Higher Low)
3527,2023-04-03 17:00:00,27564.0,27865.3,1.0930924394137254,HL (Higher Low)
3528,2023-04-03 21:00:00,27865.3,27175.0,-2.477274603180297,LL (Lower Low)
3529,2023-04-04 00:30:00,27175.0,27648.2,1.7413063477460928,HL (Higher Low)
3530,2023-04-04 04:30:00,27648.2,27756.7,0.3924306103109786,HL (Higher Low)
3531,2023-04-04 15:15:00,27756.7,27920.7,0.5908483357171421,HL (Higher Low)
3532,2023-04-04 23:30:00,27920.7,28056.6,0.4867356477452135,HL (Higher Low)
3533,2023-04-05 08:15:00,28056.6,28430.6,1.333019681643535,HL (Higher Low)
3534,2023-04-05 16:15:00,28430.6,27777.2,-2.2982279656426448,LL (Lower Low)
3535,2023-04-06 01:15:00,27777.2,27848.4,0.2563253315668992,HL (Higher Low)
3536,2023-04-06 10:30:00,27848.4,27670.0,-0.6406113098059546,LL (Lower Low)
3537,2023-04-06 13:45:00,27670.0,27726.3,0.20346946151065873,HL (Higher Low)
3538,2023-04-06 18:30:00,27726.3,27925.0,0.7166480922445502,HL (Higher Low)
3539,2023-04-06 22:15:00,27925.0,27867.9,-0.2044762757385803,LL (Lower Low)
3540,2023-04-07 02:30:00,27867.9,27912.1,0.1586054205734809,HL (Higher Low)
3541,2023-04-07 07:45:00,27912.1,27755.0,-0.5628383389282733,LL (Lower Low)
3542,2023-04-07 12:30:00,27755.0,27775.2,0.072779679337059,HL (Higher Low)
3543,2023-04-07 16:45:00,27775.2,27842.7,0.24302255249287133,HL (Higher Low)
3544,2023-04-07 20:45:00,27842.7,27830.0,-0.04561339237933364,LL (Lower Low)
3545,2023-04-08 00:45:00,27830.0,27846.0,0.057491915199425085,HL (Higher Low)
3546,2023-04-08 12:30:00,27846.0,27931.0,0.3052503052503053,HL (Higher Low)
3547,2023-04-08 18:45:00,27931.0,27850.8,-0.28713615695822103,LL (Lower Low)
3548,2023-04-08 22:15:00,27850.8,27870.0,0.06893877375156451,HL (Higher Low)
3549,2023-04-09 08:45:00,27870.0,27764.0,-0.38033728022963764,LL (Lower Low)
3550,2023-04-09 14:15:00,27764.0,27777.8,0.049704653508137416,HL (Higher Low)
3551,2023-04-10 01:30:00,27777.8,28228.0,1.6207187034250399,HL (Higher Low)
3552,2023-04-10 05:15:00,28228.0,28177.2,-0.17996315714892758,LL (Lower Low)
3553,2023-04-10 13:45:00,28177.2,28136.6,-0.14408812799001383,LL (Lower Low)
3554,2023-04-11 05:45:00,28136.6,29768.2,5.79885273984775,HL (Higher Low)
3555,2023-04-11 09:15:00,29768.2,29959.2,0.6416242836315262,HL (Higher Low)
3556,2023-04-11 14:45:00,29959.2,29960.0,0.002670298272314589,HL (Higher Low)
3557,2023-04-11 20:15:00,29960.0,29892.3,-0.22596795727637095,LL (Lower Low)
3558,2023-04-12 02:30:00,29892.3,29810.0,-0.2753217383740939,LL (Lower Low)
3559,2023-04-12 06:15:00,29810.0,29835.0,0.08386447500838644,HL (Higher Low)
3560,2023-04-12 12:15:00,29835.0,29917.5,0.2765208647561589,HL (Higher Low)
3561,2023-04-12 15:00:00,29917.5,29630.0,-0.9609760173811315,LL (Lower Low)
3562,2023-04-12 19:45:00,29630.0,29732.0,0.34424569692878837,HL (Higher Low)
3563,2023-04-12 22:45:00,29732.0,29780.8,0.16413292075877597,HL (Higher Low)
3564,2023-04-13 06:45:00,29780.8,29976.7,0.657806371890619,HL (Higher Low)
3565,2023-04-13 12:30:00,29976.7,30128.8,0.5073940760657395,HL (Higher Low)
3566,2023-04-13 20:00:00,30128.8,30180.8,0.17259233690024164,HL (Higher Low)
3567,2023-04-14 08:45:00,30180.8,30652.3,1.5622514976408843,HL (Higher Low)
3568,2023-04-14 16:45:00,30652.3,29936.0,-2.336855635629298,LL (Lower Low)
3569,2023-04-15 01:15:00,29936.0,30240.2,1.01616782469268,HL (Higher Low)
3570,2023-04-15 17:30:00,30240.2,30180.0,-0.19907275745531025,LL (Lower Low)
3571,2023-04-16 01:00:00,30180.0,30114.0,-0.21868787276341947,LL (Lower Low)
3572,2023-04-16 13:45:00,30114.0,30154.9,0.1358172278674419,HL (Higher Low)
3573,2023-04-16 20:00:00,30154.9,30170.0,0.05007478054975657,HL (Higher Low)
3574,2023-04-17 01:00:00,30170.0,29719.0,-1.4948624461385482,LL (Lower Low)
3575,2023-04-17 13:30:00,29719.0,29219.0,-1.6824253844342003,LL (Lower Low)
3576,2023-04-17 21:15:00,29219.0,29369.7,0.5157602929600628,HL (Higher Low)
3577,2023-04-18 01:15:00,29369.7,29060.0,-1.0544881289219867,LL (Lower Low)
3578,2023-04-18 18:00:00,29060.0,29931.9,3.000344115622854,HL (Higher Low)
3579,2023-04-19 02:00:00,29931.9,30106.0,0.5816536872032799,HL (Higher Low)
3580,2023-04-19 08:15:00,30106.0,28896.4,-4.017803760047826,LL (Lower Low)
3581,2023-04-19 15:30:00,28896.4,28824.2,-0.2498581138134879,LL (Lower Low)
3582,2023-04-19 23:15:00,28824.2,28555.0,-0.9339374553326742,LL (Lower Low)
3583,2023-04-20 03:00:00,28555.0,28524.5,-0.1068114165645246,LL (Lower Low)
3584,2023-04-20 08:30:00,28524.5,28713.0,0.6608354221809322,HL (Higher Low)
3585,2023-04-20 12:15:00,28713.0,28307.0,-1.4139936614077249,LL (Lower Low)
3586,2023-04-20 16:00:00,28307.0,28222.0,-0.30027908291235383,LL (Lower Low)
3587,2023-04-20 19:30:00,28222.0,27981.4,-0.8525263978456472,LL (Lower Low)
3588,2023-04-21 00:30:00,27981.4,28071.1,0.3205700929903332,HL (Higher Low)
3589,2023-04-21 06:45:00,28071.1,27800.0,-0.9657619402160891,LL (Lower Low)
3590,2023-04-21 11:15:00,27800.0,27905.6,0.37985611510790845,HL (Higher Low)
3591,2023-04-21 19:30:00,27905.6,27155.0,-2.6897826959463282,LL (Lower Low)
3592,2023-04-21 22:30:00,27155.0,27058.0,-0.35720861719756947,LL (Lower Low)
3593,2023-04-22 01:15:00,27058.0,27130.0,0.26609505506689335,HL (Higher Low)
3594,2023-04-22 08:45:00,27130.0,27180.0,0.18429782528566163,HL (Higher Low)
3595,2023-04-22 13:30:00,27180.0,27216.2,0.13318616629875174,HL (Higher Low)
3596,2023-04-23 00:30:00,27216.2,27399.2,0.6723936479008825,HL (Higher Low)
3597,2023-04-23 10:30:00,27399.2,27464.3,0.2375981780489888,HL (Higher Low)
3598,2023-04-23 15:15:00,27464.3,27302.2,-0.5902207593129938,LL (Lower Low)
3599,2023-04-23 18:45:00,27302.2,27320.0,0.06519621129432526,HL (Higher Low)
3600,2023-04-24 08:45:00,27320.0,27136.0,-0.6734992679355783,LL (Lower Low)
3601,2023-04-24 17:00:00,27136.0,26933.0,-0.7480837264150944,LL (Lower Low)
3602,2023-04-25 02:15:00,26933.0,27311.0,1.4034827163702521,HL (Higher Low)
3603,2023-04-25 08:15:00,27311.0,27181.1,-0.47563252901761727,LL (Lower Low)
3604,2023-04-25 14:30:00,27181.1,27201.5,0.07505215020731854,HL (Higher Low)
3605,2023-04-26 07:45:00,27201.5,28300.4,4.039850743525179,HL (Higher Low)
3606,2023-04-26 20:00:00,28300.4,27200.0,-3.888284264533368,LL (Lower Low)
3607,2023-04-27 06:45:00,27200.0,28606.0,5.169117647058823,HL (Higher Low)
3608,2023-04-27 12:30:00,28606.0,28636.0,0.1048731035447109,HL (Higher Low)
3609,2023-04-27 15:45:00,28636.0,28804.1,0.5870233272803413,HL (Higher Low)
3610,2023-04-27 22:45:00,28804.1,29230.0,1.4786089480317088,HL (Higher Low)
3611,2023-04-28 03:15:00,29230.0,29321.6,0.3133766678070426,HL (Higher Low)
3612,2023-04-28 09:00:00,29321.6,29112.0,-0.7148313871002897,LL (Lower Low)
3613,2023-04-28 13:45:00,29112.0,28870.0,-0.8312723275625171,LL (Lower Low)
3614,2023-04-29 00:45:00,28870.0,29175.0,1.0564599930723935,HL (Higher Low)
3615,2023-04-29 10:15:00,29175.0,29224.6,0.17000856898028635,HL (Higher Low)
3616,2023-04-29 17:30:00,29224.6,29010.1,-0.7339706959205601,LL (Lower Low)
3617,2023-04-30 02:00:00,29010.1,29074.8,0.22302577378223698,HL (Higher Low)
3618,2023-04-30 11:45:00,29074.8,29148.6,0.25382805728672003,HL (Higher Low)
3619,2023-04-30 20:00:00,29148.6,29137.8,-0.03705152220003456,LL (Lower Low)
3620,2023-05-01 01:45:00,29137.8,28354.0,-2.6899765939775797,LL (Lower Low)
3621,2023-05-01 05:30:00,28354.0,28217.0,-0.4831769767933977,LL (Lower Low)
3622,2023-05-01 16:15:00,28217.0,27981.0,-0.8363752347875394,LL (Lower Low)
3623,2023-05-01 20:45:00,27981.0,27640.1,-1.2183267217040186,LL (Lower Low)
3624,2023-05-02 01:45:00,27640.1,27900.3,0.9413858850004188,HL (Higher Low)
3625,2023-05-02 05:00:00,27900.3,27860.0,-0.1444428912950731,LL (Lower Low)
3626,2023-05-02 09:15:00,27860.0,27926.8,0.2397702799712824,HL (Higher Low)
3627,2023-05-02 14:00:00,27926.8,27891.4,-0.12675995817636757,LL (Lower Low)
3628,2023-05-03 02:00:00,27891.4,28322.2,1.544562123091703,HL (Higher Low)
3629,2023-05-03 14:45:00,28322.2,28069.1,-0.893645267669892,LL (Lower Low)
3630,2023-05-03 19:00:00,28069.1,28188.0,0.4235974790784224,HL (Higher Low)
3631,2023-05-04 08:15:00,28188.0,28970.3,2.77529445153966,HL (Higher Low)
3632,2023-05-04 13:30:00,28970.3,28631.2,-1.1705091076032992,LL (Lower Low)
3633,2023-05-04 18:30:00,28631.2,28653.1,0.07648998295564914,HL (Higher Low)
3634,2023-05-04 22:15:00,28653.1,28731.4,0.2732688609609533,HL (Higher Low)
3635,2023-05-05 09:15:00,28731.4,29007.7,0.9616656341145897,HL (Higher Low)
3636,2023-05-05 12:30:00,29007.7,28750.0,-0.8883848081716259,LL (Lower Low)
3637,2023-05-05 18:45:00,28750.0,29292.3,1.886260869565215,HL (Higher Low)
3638,2023-05-06 08:00:00,29292.3,29128.0,-0.5608982565384052,LL (Lower Low)
3639,2023-05-06 15:00:00,29128.0,28325.0,-2.7567975830815707,LL (Lower Low)
3640,2023-05-06 21:30:00,28325.0,28621.0,1.0450132391879965,HL (Higher Low)
3641,2023-05-07 03:30:00,28621.0,28723.7,0.35882743440131626,HL (Higher Low)
3642,2023-05-07 11:15:00,28723.7,28678.4,-0.15770948728749873,LL (Lower Low)
3643,2023-05-07 19:00:00,28678.4,28764.0,0.29848248158892593,HL (Higher Low)
3644,2023-05-08 03:45:00,28764.0,27992.3,-2.6828674732304294,LL (Lower Low)
3645,2023-05-08 08:45:00,27992.3,27555.0,-1.562215323499674,LL (Lower Low)
3646,2023-05-08 14:30:00,27555.0,27651.3,0.3494828524768618,HL (Higher Low)
3647,2023-05-08 20:00:00,27651.3,27250.0,-1.4512880045422794,LL (Lower Low)
3648,2023-05-09 00:45:00,27250.0,27531.0,1.0311926605504587,HL (Higher Low)
3649,2023-05-09 06:30:00,27531.0,27425.3,-0.3839308415967481,LL (Lower Low)
3650,2023-05-09 11:00:00,27425.3,27503.1,0.283679668043738,HL (Higher Low)
3651,2023-05-09 22:15:00,27503.1,27510.0,0.02508808097996755,HL (Higher Low)
3652,2023-05-10 08:00:00,27510.0,27463.2,-0.1701199563794957,LL (Lower Low)
3653,2023-05-10 17:15:00,27463.2,26700.0,-2.77899152320196,LL (Lower Low)
3654,2023-05-10 21:15:00,26700.0,26945.9,0.9209737827715411,HL (Higher Low)
3655,2023-05-11 03:15:00,26945.9,27355.5,1.5200828326387261,HL (Higher Low)
3656,2023-05-11 08:00:00,27355.5,27251.3,-0.38091060298660495,LL (Lower Low)
3657,2023-05-11 19:45:00,27251.3,26650.0,-2.206500240355503,LL (Lower Low)
3658,2023-05-11 23:00:00,26650.0,26790.0,0.525328330206379,HL (Higher Low)
3659,2023-05-12 06:00:00,26790.0,26102.7,-2.565509518477041,LL (Lower Low)
3660,2023-05-12 16:00:00,26102.7,26227.7,0.4788776639964448,HL (Higher Low)
3661,2023-05-12 19:15:00,26227.7,25764.0,-1.767978129992339,LL (Lower Low)
3662,2023-05-13 06:15:00,25764.0,26681.2,3.5600062102158074,HL (Higher Low)
3663,2023-05-13 14:15:00,26681.2,26724.0,0.1604125751465424,HL (Higher Low)
3664,2023-05-13 18:45:00,26724.0,26752.0,0.1047747343212094,HL (Higher Low)
3665,2023-05-14 00:30:00,26752.0,26534.3,-0.8137709330143569,LL (Lower Low)
3666,2023-05-14 12:15:00,26534.3,26730.4,0.7390434268098356,HL (Higher Low)
3667,2023-05-14 19:15:00,26730.4,26807.6,0.2888097447101319,HL (Higher Low)
3668,2023-05-15 00:15:00,26807.6,26700.2,-0.40063265641086043,LL (Lower Low)
3669,2023-05-15 14:15:00,26700.2,27206.0,1.8943678324506905,HL (Higher Low)
3670,2023-05-15 19:15:00,27206.0,27301.8,0.35212820701315617,HL (Higher Low)
3671,2023-05-16 01:15:00,27301.8,26818.0,-1.7720443340732088,LL (Lower Low)
3672,2023-05-16 06:00:00,26818.0,26974.3,0.582817510627188,HL (Higher Low)
3673,2023-05-16 14:00:00,26974.3,26882.2,-0.3414361077025114,LL (Lower Low)
3674,2023-05-16 19:45:00,26882.2,26865.4,-0.06249488509124726,LL (Lower Low)
3675,2023-05-17 07:45:00,26865.4,26736.0,-0.4816604256776428,LL (Lower Low)
3676,2023-05-17 11:45:00,26736.0,26562.9,-0.6474416517055601,LL (Lower Low)
3677,2023-05-17 14:30:00,26562.9,26501.4,-0.23152592525665494,LL (Lower Low)
3678,2023-05-18 02:15:00,26501.4,27270.6,2.9024881704362677,HL (Higher Low)
3679,2023-05-18 06:15:00,27270.6,27131.7,-0.5093397284988149,LL (Lower Low)
3680,2023-05-18 17:45:00,27131.7,26341.3,-2.9131974774894367,LL (Lower Low)
3681,2023-05-19 01:45:00,26341.3,26733.9,1.4904351721441318,HL (Higher Low)
3682,2023-05-19 10:45:00,26733.9,26780.7,0.17505863342048586,HL (Higher Low)
3683,2023-05-19 15:30:00,26780.7,26602.7,-0.6646577572654934,LL (Lower Low)
3684,2023-05-19 19:15:00,26602.7,26763.4,0.6040740225616223,HL (Higher Low)
3685,2023-05-20 00:30:00,26763.4,26816.2,0.19728435101668426,HL (Higher Low)
3686,2023-05-20 07:15:00,26816.2,26823.0,0.02535780610227874,HL (Higher Low)
3687,2023-05-20 13:15:00,26823.0,26861.3,0.14278790590164886,HL (Higher Low)
3688,2023-05-20 21:00:00,26861.3,26942.2,0.3011767859336721,HL (Higher Low)
3689,2023-05-21 11:45:00,26942.2,26734.3,-0.7716519066742933,LL (Lower Low)
3690,2023-05-21 15:45:00,26734.3,26795.0,0.2270491466019336,HL (Higher Low)
3691,2023-05-21 21:00:00,26795.0,26653.8,-0.5269639858182523,LL (Lower Low)
3692,2023-05-22 00:30:00,26653.8,26510.0,-0.5395103137263703,LL (Lower Low)
3693,2023-05-22 13:00:00,26510.0,26691.5,0.6846473029045643,HL (Higher Low)
3694,2023-05-22 17:15:00,26691.5,26763.3,0.268999494221004,HL (Higher Low)
3695,2023-05-23 00:45:00,26763.3,26787.6,0.09079597807444999,HL (Higher Low)
3696,2023-05-23 07:30:00,26787.6,27186.4,1.4887485254371535,HL (Higher Low)
3697,2023-05-23 13:45:00,27186.4,27155.5,-0.11365977106200693,LL (Lower Low)
3698,2023-05-23 19:00:00,27155.5,27077.6,-0.28686638065954023,LL (Lower Low)
3699,2023-05-24 03:30:00,27077.6,26654.7,-1.56180754572044,LL (Lower Low)
3700,2023-05-24 06:45:00,26654.7,26580.0,-0.2802507625296879,LL (Lower Low)
3701,2023-05-24 15:00:00,26580.0,26050.0,-1.9939804364183598,LL (Lower Low)
3702,2023-05-25 01:15:00,26050.0,25851.0,-0.763915547024952,LL (Lower Low)
3703,2023-05-25 07:45:00,25851.0,26116.5,1.0270395729372173,HL (Higher Low)
3704,2023-05-25 11:30:00,26116.5,26190.5,0.2833457775735646,HL (Higher Low)
3705,2023-05-25 15:30:00,26190.5,26147.9,-0.16265439758690572,LL (Lower Low)
3706,2023-05-26 01:45:00,26147.9,26330.0,0.6964230397087281,HL (Higher Low)
3707,2023-05-26 06:00:00,26330.0,26306.8,-0.08811241929358422,LL (Lower Low)
3708,2023-05-26 12:30:00,26306.8,26341.3,0.13114479906336005,HL (Higher Low)
3709,2023-05-26 18:00:00,26341.3,26592.3,0.9528762817324886,HL (Higher Low)
3710,2023-05-27 00:45:00,26592.3,26623.0,0.11544695268931507,HL (Higher Low)
3711,2023-05-27 10:45:00,26623.0,26657.2,0.12846035382939835,HL (Higher Low)
3712,2023-05-27 13:45:00,26657.2,26530.0,-0.47716939513527573,LL (Lower Low)
3713,2023-05-28 12:30:00,26530.0,27088.0,2.1032793064455335,HL (Higher Low)
3714,2023-05-29 04:30:00,27088.0,27833.0,2.7502953337271117,HL (Higher Low)
3715,2023-05-29 07:30:00,27833.0,27822.0,-0.039521431394387956,LL (Lower Low)
3716,2023-05-29 10:45:00,27822.0,27728.0,-0.337862123499389,LL (Lower Low)
3717,2023-05-29 17:00:00,27728.0,27510.0,-0.7862088863242932,LL (Lower Low)
3718,2023-05-29 22:00:00,27510.0,27541.9,0.11595783351509072,HL (Higher Low)
3719,2023-05-30 05:00:00,27541.9,27663.1,0.44005678620573413,HL (Higher Low)
3720,2023-05-30 08:00:00,27663.1,27702.0,0.1406205378283759,HL (Higher Low)
3721,2023-05-30 16:15:00,27702.0,27529.0,-0.624503645946141,LL (Lower Low)
3722,2023-05-30 21:45:00,27529.0,27624.0,0.34509063169748266,HL (Higher Low)
3723,2023-05-31 02:00:00,27624.0,27559.9,-0.23204459889950238,LL (Lower Low)
3724,2023-05-31 06:00:00,27559.9,26966.0,-2.1549425070482893,LL (Lower Low)
3725,2023-05-31 11:00:00,26966.0,26981.5,0.057479789364384776,HL (Higher Low)
3726,2023-05-31 14:15:00,26981.5,26817.0,-0.6096770009080296,LL (Lower Low)
3727,2023-06-01 03:00:00,26817.0,26584.6,-0.8666144609762518,LL (Lower Low)
3728,2023-06-01 12:15:00,26584.6,26781.3,0.7399020485544291,HL (Higher Low)
3729,2023-06-01 16:45:00,26781.3,26789.0,0.028751404898196605,HL (Higher Low)
3730,2023-06-01 19:30:00,26789.0,26639.0,-0.5599313150920154,LL (Lower Low)
3731,2023-06-02 00:30:00,26639.0,26480.7,-0.5942415255827894,LL (Lower Low)
3732,2023-06-02 07:45:00,26480.7,27028.1,2.0671658981824415,HL (Higher Low)
3733,2023-06-02 13:45:00,27028.1,26828.5,-0.7384906819199224,LL (Lower Low)
3734,2023-06-02 18:30:00,26828.5,26998.0,0.6317908194643755,HL (Higher Low)
3735,2023-06-03 01:30:00,26998.0,27083.7,0.3174309208089515,HL (Higher Low)
3736,2023-06-03 04:30:00,27083.7,27096.9,0.04873780170361039,HL (Higher Low)
3737,2023-06-03 10:00:00,27096.9,27108.6,0.04317837095755267,HL (Higher Low)
3738,2023-06-03 21:00:00,27108.6,26905.9,-0.7477331916808581,LL (Lower Low)
3739,2023-06-04 01:00:00,26905.9,26946.4,0.15052460612728064,HL (Higher Low)
3740,2023-06-04 05:30:00,26946.4,27017.8,0.2649704598758937,HL (Higher Low)
3741,2023-06-04 12:15:00,27017.8,27151.0,0.4930083130380739,HL (Higher Low)
3742,2023-06-04 16:00:00,27151.0,27142.2,-0.03241132923280643,LL (Lower Low)
3743,2023-06-05 05:15:00,27142.2,26730.0,-1.518668346707344,LL (Lower Low)
3744,2023-06-05 16:00:00,26730.0,25361.5,-5.119715675271231,LL (Lower Low)
3745,2023-06-05 19:00:00,25361.5,25372.4,0.04297853044970311,HL (Higher Low)
3746,2023-06-06 02:00:00,25372.4,25583.6,0.8324005612397609,HL (Higher Low)
3747,2023-06-06 08:15:00,25583.6,25664.0,0.31426382526306484,HL (Higher Low)
3748,2023-06-06 12:00:00,25664.0,25324.2,-1.3240336658354086,LL (Lower Low)
3749,2023-06-07 03:30:00,25324.2,26720.3,5.512908601258869,HL (Higher Low)
3750,2023-06-07 10:00:00,26720.3,26335.2,-1.4412263335366688,LL (Lower Low)
3751,2023-06-07 16:00:00,26335.2,26211.0,-0.4716121388863602,LL (Lower Low)
3752,2023-06-07 21:45:00,26211.0,26115.4,-0.36473236427453565,LL (Lower Low)
3753,2023-06-08 03:15:00,26115.4,26190.3,0.2868039547546575,HL (Higher Low)
3754,2023-06-08 10:00:00,26190.3,26359.5,0.6460407097284137,HL (Higher Low)
3755,2023-06-08 13:30:00,26359.5,26285.4,-0.28111307118874995,LL (Lower Low)
3756,2023-06-09 02:15:00,26285.4,26260.0,-0.09663159016032266,LL (Lower Low)
3757,2023-06-09 07:30:00,26260.0,26424.7,0.6271896420411299,HL (Higher Low)
3758,2023-06-09 11:30:00,26424.7,26550.0,0.474177568714117,HL (Higher Low)
3759,2023-06-09 19:00:00,26550.0,26375.1,-0.6587570621468981,LL (Lower Low)
3760,2023-06-10 05:45:00,26375.1,25450.0,-3.507474853175907,LL (Lower Low)
3761,2023-06-10 13:00:00,25450.0,25562.0,0.44007858546168965,HL (Higher Low)
3762,2023-06-10 18:15:00,25562.0,25334.0,-0.8919489867772474,LL (Lower Low)
3763,2023-06-11 01:00:00,25334.0,25705.5,1.4664087787163496,HL (Higher Low)
3764,2023-06-11 04:15:00,25705.5,25615.9,-0.34856353698624243,LL (Lower Low)
3765,2023-06-11 08:30:00,25615.9,25682.3,0.25921400380231735,HL (Higher Low)
3766,2023-06-11 13:45:00,25682.3,25667.0,-0.059574103565487806,LL (Lower Low)
3767,2023-06-11 22:30:00,25667.0,25733.0,0.2571395176686017,HL (Higher Low)
3768,2023-06-12 02:15:00,25733.0,25603.8,-0.5020790424746463,LL (Lower Low)
3769,2023-06-12 06:00:00,25603.8,25730.3,0.4940672868871027,HL (Higher Low)
3770,2023-06-12 14:00:00,25730.3,25719.3,-0.042751153309522234,LL (Lower Low)
3771,2023-06-12 17:15:00,25719.3,25638.0,-0.31610502618655745,LL (Lower Low)
3772,2023-06-13 01:00:00,25638.0,25807.3,0.6603479210546815,HL (Higher Low)
3773,2023-06-13 15:45:00,25807.3,25708.1,-0.3843873632654355,LL (Lower Low)
3774,2023-06-13 22:15:00,25708.1,25791.5,0.32441137229122907,HL (Higher Low)
3775,2023-06-14 05:45:00,25791.5,25825.0,0.12988775371730998,HL (Higher Low)
3776,2023-06-14 13:30:00,25825.0,25908.0,0.3213939980638916,HL (Higher Low)
3777,2023-06-14 20:45:00,25908.0,24779.5,-4.35579743708507,LL (Lower Low)
3778,2023-06-15 07:00:00,24779.5,24861.0,0.3289009059908392,HL (Higher Low)
3779,2023-06-15 11:15:00,24861.0,24780.0,-0.32581151200675756,LL (Lower Low)
3780,2023-06-15 16:00:00,24780.0,24921.0,0.5690072639225181,HL (Higher Low)
3781,2023-06-16 00:15:00,24921.0,25422.8,2.0135628586332786,HL (Higher Low)
3782,2023-06-16 05:30:00,25422.8,25466.0,0.16992620797080074,HL (Higher Low)
3783,2023-06-16 11:45:00,25466.0,25455.0,-0.04319484803267101,LL (Lower Low)
3784,2023-06-16 14:45:00,25455.0,25155.0,-1.1785503830288746,LL (Lower Low)
3785,2023-06-16 21:45:00,25155.0,26269.1,4.428940568475446,HL (Higher Low)
3786,2023-06-17 02:00:00,26269.1,26164.6,-0.3978057870273439,LL (Lower Low)
3787,2023-06-17 12:00:00,26164.6,26385.5,0.8442705028932277,HL (Higher Low)
3788,2023-06-17 15:15:00,26385.5,26282.0,-0.3922609008735859,LL (Lower Low)
3789,2023-06-18 00:45:00,26282.0,26351.8,0.2655810060117163,HL (Higher Low)
3790,2023-06-18 06:00:00,26351.8,26455.0,0.39162410157940153,HL (Higher Low)
3791,2023-06-18 09:15:00,26455.0,26444.5,-0.03969003969003969,LL (Lower Low)
3792,2023-06-18 12:30:00,26444.5,26424.7,-0.07487379228194622,LL (Lower Low)
3793,2023-06-18 20:15:00,26424.7,26335.3,-0.3383198295534158,LL (Lower Low)
3794,2023-06-18 23:00:00,26335.3,26232.0,-0.39224918645316087,LL (Lower Low)
3795,2023-06-19 04:30:00,26232.0,26354.0,0.46508081732235435,HL (Higher Low)
3796,2023-06-19 11:00:00,26354.0,26355.5,0.005691735599908932,HL (Higher Low)
3797,2023-06-19 16:30:00,26355.5,26289.1,-0.2519398228073892,LL (Lower Low)
3798,2023-06-20 09:30:00,26289.1,26685.0,1.505947331783901,HL (Higher Low)
3799,2023-06-20 14:30:00,26685.0,26642.1,-0.16076447442383907,LL (Lower Low)
3800,2023-06-21 21:00:00,26642.1,29749.9,11.664996377913164,HL (Higher Low)
3801,2023-06-22 07:30:00,29749.9,30000.9,0.8437003149590419,HL (Higher Low)
3802,2023-06-22 11:00:00,30000.9,29817.0,-0.6129816105516882,LL (Lower Low)
3803,2023-06-22 14:30:00,29817.0,29503.4,-1.0517490022470355,LL (Lower Low)
3804,2023-06-22 22:45:00,29503.4,29852.6,1.1835923995200452,HL (Higher Low)
3805,2023-06-23 02:00:00,29852.6,29785.3,-0.2254410001138905,LL (Lower Low)
3806,2023-06-23 08:00:00,29785.3,29893.2,0.3622592352603515,HL (Higher Low)
3807,2023-06-23 13:45:00,29893.2,29912.0,0.06289055704976139,HL (Higher Low)
3808,2023-06-23 22:15:00,29912.0,30418.1,1.6919630917357535,HL (Higher Low)
3809,2023-06-24 01:30:00,30418.1,30352.9,-0.2143460636923315,LL (Lower Low)
3810,2023-06-24 07:45:00,30352.9,30544.0,0.6295938773560303,HL (Higher Low)
3811,2023-06-24 16:00:00,30544.0,30248.1,-0.9687663698271395,LL (Lower Low)
3812,2023-06-24 21:15:00,30248.1,30400.1,0.5025109015111693,HL (Higher Low)
3813,2023-06-25 00:30:00,30400.1,30457.0,0.18717043693935698,HL (Higher Low)
3814,2023-06-25 10:15:00,30457.0,30572.0,0.3775815083560429,HL (Higher Low)
3815,2023-06-25 15:00:00,30572.0,30432.6,-0.455972785555415,LL (Lower Low)
3816,2023-06-25 20:45:00,30432.6,30260.0,-0.5671549588270426,LL (Lower Low)
3817,2023-06-26 01:15:00,30260.0,29927.0,-1.1004626569729015,LL (Lower Low)
3818,2023-06-26 10:00:00,29927.0,30115.0,0.6281952751695793,HL (Higher Low)
3819,2023-06-26 17:15:00,30115.0,29917.0,-0.6574796612983563,LL (Lower Low)
3820,2023-06-26 22:00:00,29917.0,30089.8,0.577598021191962,HL (Higher Low)
3821,2023-06-27 06:30:00,30089.8,30225.5,0.45098338972010693,HL (Higher Low)
3822,2023-06-27 09:45:00,30225.5,30321.6,0.31794345833815335,HL (Higher Low)
3823,2023-06-27 15:30:00,30321.6,30358.0,0.12004643554430328,HL (Higher Low)
3824,2023-06-27 20:15:00,30358.0,30536.2,0.586995190724029,HL (Higher Low)
3825,2023-06-28 02:45:00,30536.2,30300.6,-0.7715432830542183,LL (Lower Low)
3826,2023-06-28 08:00:00,30300.6,30121.2,-0.5920674838121945,LL (Lower Low)
3827,2023-06-28 13:00:00,30121.2,29978.0,-0.47541266616204114,LL (Lower Low)
3828,2023-06-28 19:30:00,29978.0,29817.0,-0.5370605110414304,LL (Lower Low)
3829,2023-06-29 00:45:00,29817.0,30027.8,0.7069792400308524,HL (Higher Low)
3830,2023-06-29 14:45:00,30027.8,30380.4,1.1742451994485184,HL (Higher Low)
3831,2023-06-29 20:15:00,30380.4,30220.0,-0.5279719819357265,LL (Lower Low)
3832,2023-06-30 01:00:00,30220.0,30335.1,0.38087359364658685,HL (Higher Low)
3833,2023-06-30 06:30:00,30335.1,30591.7,0.8458848001160445,HL (Higher Low)
3834,2023-06-30 13:45:00,30591.7,29412.8,-3.8536596527816416,LL (Lower Low)
3835,2023-07-01 01:15:00,29412.8,30366.2,3.241445901104286,HL (Higher Low)
3836,2023-07-01 04:15:00,30366.2,30312.0,-0.17848792407347883,LL (Lower Low)
3837,2023-07-01 22:45:00,30312.0,30531.5,0.7241356558458696,HL (Higher Low)
3838,2023-07-02 02:15:00,30531.5,30450.6,-0.26497224178308126,LL (Lower Low)
3839,2023-07-02 06:00:00,30450.6,30452.9,0.007553217342196576,HL (Higher Low)
3840,2023-07-02 15:15:00,30452.9,30138.4,-1.0327423660800776,LL (Lower Low)
3841,2023-07-02 18:00:00,30138.4,30350.2,0.7027579433546548,HL (Higher Low)
3842,2023-07-02 22:30:00,30350.2,30402.0,0.17067432834050278,HL (Higher Low)
3843,2023-07-03 12:00:00,30402.0,30541.6,0.45918031708439755,HL (Higher Low)
3844,2023-07-03 21:15:00,30541.6,30824.3,0.9256227571574533,HL (Higher Low)
3845,2023-07-04 06:00:00,30824.3,30863.9,0.1284700706909879,HL (Higher Low)
3846,2023-07-04 09:00:00,30863.9,30850.0,-0.04503643415122993,LL (Lower Low)
3847,2023-07-04 19:30:00,30850.0,30602.8,-0.8012965964343621,LL (Lower Low)
3848,2023-07-05 00:45:00,30602.8,30738.0,0.4417896401636475,HL (Higher Low)
3849,2023-07-05 13:30:00,30738.0,30176.6,-1.8264037998568592,LL (Lower Low)
3850,2023-07-05 20:00:00,30176.6,30363.0,0.6176971560745792,HL (Higher Low)
3851,2023-07-06 01:15:00,30363.0,30314.8,-0.1587458419787265,LL (Lower Low)
3852,2023-07-06 14:30:00,30314.8,29854.5,-1.5184002533415997,LL (Lower Low)
3853,2023-07-07 00:00:00,29854.5,29675.1,-0.6009144350098024,LL (Lower Low)
3854,2023-07-07 07:45:00,29675.1,29911.8,0.7976384241333668,HL (Higher Low)
3855,2023-07-07 12:30:00,29911.8,30020.0,0.3617301533174223,HL (Higher Low)
3856,2023-07-07 18:45:00,30020.0,30090.4,0.23451032644903883,HL (Higher Low)
3857,2023-07-08 01:00:00,30090.4,30242.4,0.5051444979129556,HL (Higher Low)
3858,2023-07-08 06:15:00,30242.4,30136.0,-0.35182392931778383,LL (Lower Low)
3859,2023-07-08 12:00:00,30136.0,30138.7,0.00895938412530106,HL (Higher Low)
3860,2023-07-08 19:15:00,30138.7,30025.0,-0.37725582058947704,LL (Lower Low)
3861,2023-07-09 11:00:00,30025.0,30229.4,0.6807660283097468,HL (Higher Low)
3862,2023-07-09 14:00:00,30229.4,30170.0,-0.1964974495028067,LL (Lower Low)
3863,2023-07-10 00:00:00,30170.0,29927.5,-0.8037785880013258,LL (Lower Low)
3864,2023-07-10 08:15:00,29927.5,29966.0,0.1286442235402222,HL (Higher Low)
3865,2023-07-10 12:45:00,29966.0,30131.2,0.5512914636588158,HL (Higher Low)
3866,2023-07-10 21:45:00,30131.2,30157.1,0.08595741291418137,HL (Higher Low)
3867,2023-07-11 09:15:00,30157.1,30315.3,0.5245862500041474,HL (Higher Low)
3868,2023-07-11 13:30:00,30315.3,30251.5,-0.21045478685679928,LL (Lower Low)
3869,2023-07-11 18:30:00,30251.5,30390.0,0.45782853742789614,HL (Higher Low)
3870,2023-07-11 22:30:00,30390.0,30490.0,0.3290556103981573,HL (Higher Low)
3871,2023-07-12 01:30:00,30490.0,30490.0,0.0,같음
3872,2023-07-12 16:00:00,30490.0,30408.0,-0.26894063627418824,LL (Lower Low)
3873,2023-07-12 19:30:00,30408.0,30185.0,-0.7333596421994212,LL (Lower Low)
3874,2023-07-13 05:00:00,30185.0,30236.9,0.17193970515157017,HL (Higher Low)
3875,2023-07-13 12:30:00,30236.9,30450.0,0.7047680152396527,HL (Higher Low)
3876,2023-07-13 21:00:00,30450.0,31011.2,1.8430213464696248,HL (Higher Low)
3877,2023-07-14 07:45:00,31011.2,31066.0,0.17671034980909886,HL (Higher Low)
3878,2023-07-14 13:30:00,31066.0,31044.6,-0.0688855984034039,LL (Lower Low)
3879,2023-07-14 19:00:00,31044.6,29873.0,-3.7739252559221206,LL (Lower Low)
3880,2023-07-15 05:15:00,29873.0,30235.6,1.2138051082917636,HL (Higher Low)
3881,2023-07-15 16:15:00,30235.6,30227.2,-0.027781820106092876,LL (Lower Low)
3882,2023-07-16 02:15:00,30227.2,30038.2,-0.6252646622909167,LL (Lower Low)
3883,2023-07-16 13:15:00,30038.2,30250.2,0.7057679887609777,HL (Higher Low)
3884,2023-07-16 18:30:00,30250.2,30125.0,-0.413881561113648,LL (Lower Low)
3885,2023-07-16 23:30:00,30125.0,30108.5,-0.054771784232365145,LL (Lower Low)
3886,2023-07-17 10:15:00,30108.5,29930.1,-0.5925237059302239,LL (Lower Low)
3887,2023-07-17 18:45:00,29930.1,29610.0,-1.069491916164659,LL (Lower Low)
3888,2023-07-18 08:00:00,29610.0,29865.9,0.8642350557244223,HL (Higher Low)
3889,2023-07-18 13:00:00,29865.9,29660.0,-0.6894150184658806,LL (Lower Low)
3890,2023-07-18 16:45:00,29660.0,29362.0,-1.00472016183412,LL (Lower Low)
3891,2023-07-18 19:45:00,29362.0,29652.2,0.9883522920781987,HL (Higher Low)
3892,2023-07-19 09:00:00,29652.2,29843.3,0.6444715737786693,HL (Higher Low)
3893,2023-07-19 15:00:00,29843.3,29734.6,-0.3642358586349389,LL (Lower Low)
3894,2023-07-19 23:00:00,29734.6,29810.0,0.25357664135384855,HL (Higher Low)
3895,2023-07-20 03:30:00,29810.0,29902.5,0.31029855753102986,HL (Higher Low)
3896,2023-07-20 14:45:00,29902.5,29563.7,-1.1330156341442998,LL (Lower Low)
3897,2023-07-20 18:15:00,29563.7,29488.1,-0.2557190067549129,LL (Lower Low)
3898,2023-07-21 00:30:00,29488.1,29710.9,0.7555590221140153,HL (Higher Low)
3899,2023-07-21 11:15:00,29710.9,29710.9,0.0,같음
3900,2023-07-21 19:00:00,29710.9,29750.2,0.1322746870677067,HL (Higher Low)
3901,2023-07-22 06:00:00,29750.2,29830.6,0.27025028403169665,HL (Higher Low)
3902,2023-07-22 12:45:00,29830.6,29814.6,-0.05363619907075286,LL (Lower Low)
3903,2023-07-22 18:00:00,29814.6,29782.9,-0.1063237474257481,LL (Lower Low)
3904,2023-07-22 23:15:00,29782.9,29608.6,-0.5852351517145842,LL (Lower Low)
3905,2023-07-23 13:30:00,29608.6,29837.0,0.7713974993751865,HL (Higher Low)
3906,2023-07-23 21:30:00,29837.0,29900.0,0.21114723330093507,HL (Higher Low)
3907,2023-07-24 04:00:00,29900.0,29636.6,-0.8809364548495032,LL (Lower Low)
3908,2023-07-24 09:45:00,29636.6,28919.7,-2.4189684376750296,LL (Lower Low)
3909,2023-07-24 15:00:00,28919.7,28851.0,-0.23755433147647012,LL (Lower Low)
3910,2023-07-24 18:00:00,28851.0,28983.7,0.45994939516828093,HL (Higher Low)
3911,2023-07-25 01:30:00,28983.7,29026.7,0.14835925019924992,HL (Higher Low)
3912,2023-07-25 13:00:00,29026.7,29068.4,0.1436608364023493,HL (Higher Low)
3913,2023-07-25 20:00:00,29068.4,29158.3,0.30927054808657445,HL (Higher Low)
3914,2023-07-26 01:30:00,29158.3,29076.0,-0.28225239468693053,LL (Lower Low)
3915,2023-07-26 06:45:00,29076.0,29169.7,0.3222589076901937,HL (Higher Low)
3916,2023-07-26 11:45:00,29169.7,29136.0,-0.11553084193529836,LL (Lower Low)
3917,2023-07-26 19:00:00,29136.0,29173.5,0.12870675453047775,HL (Higher Low)
3918,2023-07-26 23:45:00,29173.5,29272.0,0.33763518261435893,HL (Higher Low)
3919,2023-07-27 07:00:00,29272.0,29366.1,0.32146761410220875,HL (Higher Low)
3920,2023-07-27 18:30:00,29366.1,29069.4,-1.0103486673409037,LL (Lower Low)
3921,2023-07-28 08:00:00,29069.4,29111.2,0.14379381755385137,HL (Higher Low)
3922,2023-07-28 17:30:00,29111.2,29180.6,0.23839621863749283,HL (Higher Low)
3923,2023-07-29 08:45:00,29180.6,29242.4,0.2117845417846203,HL (Higher Low)
3924,2023-07-29 12:45:00,29242.4,29249.8,0.02530572046069344,HL (Higher Low)
3925,2023-07-30 02:45:00,29249.8,29292.0,0.1442744907657513,HL (Higher Low)
3926,2023-07-30 06:15:00,29292.0,29255.0,-0.12631435204151303,LL (Lower Low)
3927,2023-07-30 10:45:00,29255.0,29221.6,-0.11416851820202172,LL (Lower Low)
3928,2023-07-30 20:00:00,29221.6,29000.4,-0.7569742929887382,LL (Lower Low)
3929,2023-07-31 09:45:00,29000.4,29312.0,1.0744679383732587,HL (Higher Low)
3930,2023-07-31 19:45:00,29312.0,29100.0,-0.7232532751091704,LL (Lower Low)
3931,2023-08-01 02:00:00,29100.0,28670.0,-1.4776632302405497,LL (Lower Low)
3932,2023-08-01 12:30:00,28670.0,28726.0,0.19532612486920126,HL (Higher Low)
3933,2023-08-01 15:30:00,28726.0,28555.6,-0.5931908375687581,LL (Lower Low)
3934,2023-08-02 08:15:00,28555.6,29365.0,2.834470296544291,HL (Higher Low)
3935,2023-08-02 16:45:00,29365.0,28901.6,-1.5780691299165723,LL (Lower Low)
3936,2023-08-02 21:15:00,28901.6,29044.5,0.4944362941844101,HL (Higher Low)
3937,2023-08-03 08:15:00,29044.5,28951.0,-0.3219198127011999,LL (Lower Low)
3938,2023-08-03 12:45:00,28951.0,29062.2,0.38409726779731523,HL (Higher Low)
3939,2023-08-03 18:00:00,29062.2,29080.0,0.06124794406479644,HL (Higher Low)
3940,2023-08-03 22:30:00,29080.0,29138.7,0.2018569463548856,HL (Higher Low)
3941,2023-08-04 02:15:00,29138.7,29083.9,-0.18806604275413547,LL (Lower Low)
3942,2023-08-04 07:30:00,29083.9,29152.0,0.23415016555550852,HL (Higher Low)
3943,2023-08-04 12:30:00,29152.0,29116.0,-0.12349066959385291,LL (Lower Low)
3944,2023-08-04 20:45:00,29116.0,28788.0,-1.1265283692814947,LL (Lower Low)
3945,2023-08-05 04:45:00,28788.0,29020.0,0.8058913436153953,HL (Higher Low)
3946,2023-08-05 07:30:00,29020.0,29027.3,0.025155065472085708,HL (Higher Low)
3947,2023-08-05 12:45:00,29027.3,28970.3,-0.19636686843075313,LL (Lower Low)
3948,2023-08-05 16:30:00,28970.3,28997.1,0.09250853460267679,HL (Higher Low)
3949,2023-08-06 02:00:00,28997.1,29027.0,0.10311375965183227,HL (Higher Low)
3950,2023-08-06 06:30:00,29027.0,29035.0,0.027560547076859475,HL (Higher Low)
3951,2023-08-06 14:15:00,29035.0,28980.0,-0.18942655415877388,LL (Lower Low)
3952,2023-08-06 21:45:00,28980.0,29012.8,0.1131815044858498,HL (Higher Low)
3953,2023-08-07 00:30:00,29012.8,29011.0,-0.006204158164669637,LL (Lower Low)
3954,2023-08-07 16:15:00,29011.0,28677.1,-1.1509427458550257,LL (Lower Low)
3955,2023-08-08 02:00:00,28677.1,29126.4,1.5667553553183653,HL (Higher Low)
3956,2023-08-08 22:30:00,29126.4,29662.0,1.8388815644913152,HL (Higher Low)
3957,2023-08-09 02:45:00,29662.0,29625.0,-0.12473872294518239,LL (Lower Low)
3958,2023-08-09 06:15:00,29625.0,29655.0,0.10126582278481014,HL (Higher Low)
3959,2023-08-09 10:30:00,29655.0,29727.2,0.24346653178216396,HL (Higher Low)
3960,2023-08-10 09:30:00,29727.2,29464.4,-0.8840388600339059,LL (Lower Low)
3961,2023-08-10 17:30:00,29464.4,29308.8,-0.5280949213287974,LL (Lower Low)
3962,2023-08-11 02:45:00,29308.8,29338.3,0.10065236379517414,HL (Higher Low)
3963,2023-08-11 10:00:00,29338.3,29342.5,0.014315757900085309,HL (Higher Low)
3964,2023-08-11 16:30:00,29342.5,29215.1,-0.43418249978700335,LL (Lower Low)
3965,2023-08-12 03:30:00,29215.1,29371.2,0.5343127355374522,HL (Higher Low)
3966,2023-08-12 21:45:00,29371.2,29389.4,0.06196546276624968,HL (Higher Low)
3967,2023-08-13 05:15:00,29389.4,29354.0,-0.12045159139009798,LL (Lower Low)
3968,2023-08-13 12:15:00,29354.0,29364.8,0.03679225999863484,HL (Higher Low)
3969,2023-08-13 16:15:00,29364.8,29320.0,-0.15256361357815915,LL (Lower Low)
3970,2023-08-14 02:15:00,29320.0,29080.0,-0.8185538881309686,LL (Lower Low)
3971,2023-08-14 13:30:00,29080.0,29327.0,0.8493810178817056,HL (Higher Low)
3972,2023-08-14 18:00:00,29327.0,29230.0,-0.3307532308111979,LL (Lower Low)
3973,2023-08-15 07:30:00,29230.0,29337.0,0.366062264796442,HL (Higher Low)
3974,2023-08-15 19:00:00,29337.0,29049.7,-0.9793094045062524,LL (Lower Low)
3975,2023-08-15 23:00:00,29049.7,29167.6,0.405856170631703,HL (Higher Low)
3976,2023-08-16 06:00:00,29167.6,29109.1,-0.20056501049109288,LL (Lower Low)
3977,2023-08-16 09:30:00,29109.1,29100.0,-0.031261701667171245,LL (Lower Low)
3978,2023-08-16 12:30:00,29100.0,29001.8,-0.33745704467354204,LL (Lower Low)
3979,2023-08-16 16:15:00,29001.8,28940.6,-0.21102138487956174,LL (Lower Low)
3980,2023-08-17 00:45:00,28940.6,28302.6,-2.2045154557956645,LL (Lower Low)
3981,2023-08-17 16:00:00,28302.6,27625.0,-2.394126334683028,LL (Lower Low)
3982,2023-08-17 21:30:00,27625.0,24200.9,-12.394932126696826,LL (Lower Low)
3983,2023-08-18 04:15:00,24200.9,26127.3,7.960034544169835,HL (Higher Low)
3984,2023-08-18 17:00:00,26127.3,25572.9,-2.1219184531122535,LL (Lower Low)
3985,2023-08-18 23:30:00,25572.9,25990.6,1.6333696999558012,HL (Higher Low)
3986,2023-08-19 07:00:00,25990.6,25785.7,-0.7883619462420945,LL (Lower Low)
3987,2023-08-19 18:00:00,25785.7,26008.0,0.862105740778801,HL (Higher Low)
3988,2023-08-20 01:30:00,26008.0,26032.2,0.09304829283297728,HL (Higher Low)
3989,2023-08-20 06:15:00,26032.2,26018.3,-0.05339541029955768,LL (Lower Low)
3990,2023-08-20 15:00:00,26018.3,25940.2,-0.3001733395340916,LL (Lower Low)
3991,2023-08-21 10:00:00,25940.2,25865.7,-0.287199019282812,LL (Lower Low)
3992,2023-08-21 15:15:00,25865.7,25794.2,-0.2764278561956568,LL (Lower Low)
3993,2023-08-22 05:15:00,25794.2,25981.8,0.7272952834358055,HL (Higher Low)
3994,2023-08-22 17:30:00,25981.8,25705.8,-1.0622820589797475,LL (Lower Low)
3995,2023-08-22 21:15:00,25705.8,25267.3,-1.7058407052104974,LL (Lower Low)
3996,2023-08-23 04:00:00,25267.3,25966.3,2.766421422154326,HL (Higher Low)
3997,2023-08-23 13:00:00,25966.3,25801.0,-0.6365943549908892,LL (Lower Low)
3998,2023-08-23 21:45:00,25801.0,26208.0,1.5774582380527886,HL (Higher Low)
3999,2023-08-24 01:45:00,26208.0,26337.3,0.49336080586080305,HL (Higher Low)
4000,2023-08-24 06:00:00,26337.3,26370.0,0.1241585128316142,HL (Higher Low)
4001,2023-08-24 17:30:00,26370.0,25834.0,-2.0326128175957527,LL (Lower Low)
4002,2023-08-24 20:45:00,25834.0,25922.0,0.34063637067430513,HL (Higher Low)
4003,2023-08-25 07:45:00,25922.0,25961.4,0.1519944448730864,HL (Higher Low)
4004,2023-08-25 14:45:00,25961.4,25755.0,-0.7950264623633604,LL (Lower Low)
4005,2023-08-25 17:45:00,25755.0,25817.8,0.24383614832071157,HL (Higher Low)
4006,2023-08-26 00:45:00,25817.8,26016.4,0.7692367281488051,HL (Higher Low)
4007,2023-08-26 08:30:00,26016.4,25995.0,-0.08225580787503825,LL (Lower Low)
4008,2023-08-26 12:30:00,25995.0,25974.3,-0.07963069821119725,LL (Lower Low)
4009,2023-08-27 01:30:00,25974.3,25957.3,-0.06544930950978467,LL (Lower Low)
4010,2023-08-27 18:00:00,25957.3,26026.5,0.26659167170699855,HL (Higher Low)
4011,2023-08-27 21:45:00,26026.5,26025.0,-0.005763356578871535,LL (Lower Low)
4012,2023-08-28 00:45:00,26025.0,25975.0,-0.19212295869356388,LL (Lower Low)
4013,2023-08-28 05:30:00,25975.0,25860.1,-0.44234841193455804,LL (Lower Low)
4014,2023-08-28 09:15:00,25860.1,25842.0,-0.06999199539057678,LL (Lower Low)
4015,2023-08-28 15:45:00,25842.0,26031.8,0.7344632768361553,HL (Higher Low)
4016,2023-08-28 19:15:00,26031.8,25902.2,-0.49785262640308603,LL (Lower Low)
4017,2023-08-29 10:30:00,25902.2,25910.9,0.03358788056613233,HL (Higher Low)
4018,2023-08-29 22:15:00,25910.9,27520.3,6.211285597952976,HL (Higher Low)
4019,2023-08-30 03:15:00,27520.3,27270.9,-0.9062401209289065,LL (Lower Low)
4020,2023-08-30 09:30:00,27270.9,27293.4,0.08250552787036732,HL (Higher Low)
4021,2023-08-30 14:45:00,27293.4,26969.5,-1.1867337891211849,LL (Lower Low)
4022,2023-08-31 01:45:00,26969.5,27164.1,0.7215558315875287,HL (Higher Low)
4023,2023-08-31 21:00:00,27164.1,25627.2,-5.657835157432045,LL (Lower Low)
4024,2023-09-01 08:15:00,25627.2,25940.0,1.2205781357307832,HL (Higher Low)
4025,2023-09-01 17:30:00,25940.0,25305.4,-2.4464148033924387,LL (Lower Low)
4026,2023-09-02 02:45:00,25305.4,25742.5,1.727299311609374,HL (Higher Low)
4027,2023-09-02 08:15:00,25742.5,25762.9,0.07924638244149346,HL (Higher Low)
4028,2023-09-02 13:15:00,25762.9,25772.2,0.036098420597057285,HL (Higher Low)
4029,2023-09-02 18:15:00,25772.2,25749.0,-0.09001947835264637,LL (Lower Low)
4030,2023-09-03 00:30:00,25749.0,25812.0,0.2446696959105208,HL (Higher Low)
4031,2023-09-03 09:00:00,25812.0,25863.0,0.19758251975825197,HL (Higher Low)
4032,2023-09-03 13:00:00,25863.0,25801.1,-0.23933805049685442,LL (Lower Low)
4033,2023-09-03 16:30:00,25801.1,25783.0,-0.07015204778090293,LL (Lower Low)
4034,2023-09-04 01:30:00,25783.0,25866.0,0.3219175425668076,HL (Higher Low)
4035,2023-09-04 06:00:00,25866.0,25897.7,0.12255470501817338,HL (Higher Low)
4036,2023-09-04 12:15:00,25897.7,25812.7,-0.3282144746444665,LL (Lower Low)
4037,2023-09-04 15:00:00,25812.7,25713.8,-0.38314473108199243,LL (Lower Low)
4038,2023-09-04 22:00:00,25713.8,25616.3,-0.3791738288389892,LL (Lower Low)
4039,2023-09-05 03:00:00,25616.3,25542.0,-0.2900496949208093,LL (Lower Low)
4040,2023-09-05 08:30:00,25542.0,25636.1,0.3684128102732697,HL (Higher Low)
4041,2023-09-05 14:30:00,25636.1,25604.2,-0.12443390375290243,LL (Lower Low)
4042,2023-09-05 20:00:00,25604.2,25657.4,0.20777841135439,HL (Higher Low)
4043,2023-09-06 09:15:00,25657.4,25702.2,0.17460849501508052,HL (Higher Low)
4044,2023-09-06 17:00:00,25702.2,25342.4,-1.3998801659001925,LL (Lower Low)
4045,2023-09-07 01:30:00,25342.4,25711.6,1.4568470231706432,HL (Higher Low)
4046,2023-09-07 14:00:00,25711.6,25601.7,-0.4274335319466615,LL (Lower Low)
4047,2023-09-08 02:30:00,25601.7,26178.2,2.251803591167774,HL (Higher Low)
4048,2023-09-08 10:00:00,26178.2,25631.9,-2.086850891199545,LL (Lower Low)
4049,2023-09-08 16:30:00,25631.9,25708.0,0.2968956651672273,HL (Higher Low)
4050,2023-09-09 02:00:00,25708.0,25835.5,0.4959545666718531,HL (Higher Low)
4051,2023-09-09 05:45:00,25835.5,25819.5,-0.06193028971763658,LL (Lower Low)
4052,2023-09-09 13:30:00,25819.5,25784.8,-0.13439454675729867,LL (Lower Low)
4053,2023-09-09 18:30:00,25784.8,25836.0,0.19856659737520063,HL (Higher Low)
4054,2023-09-10 04:15:00,25836.0,25735.0,-0.3909273881405791,LL (Lower Low)
4055,2023-09-10 16:45:00,25735.0,25640.0,-0.36914707596658247,LL (Lower Low)
4056,2023-09-10 19:30:00,25640.0,25543.1,-0.37792511700468584,LL (Lower Low)
4057,2023-09-11 00:45:00,25543.1,25646.0,0.40284851877807104,HL (Higher Low)
4058,2023-09-11 10:15:00,25646.0,25550.1,-0.37393745613351576,LL (Lower Low)
4059,2023-09-11 15:15:00,25550.1,24915.0,-2.4857045569293215,LL (Lower Low)
4060,2023-09-11 20:00:00,24915.0,24853.4,-0.2472406181015394,LL (Lower Low)
4061,2023-09-12 13:15:00,24853.4,26005.3,4.6347783401868465,HL (Higher Low)
4062,2023-09-12 17:15:00,26005.3,25862.0,-0.5510415184596957,LL (Lower Low)
4063,2023-09-13 00:00:00,25862.0,25740.5,-0.46980125280334084,LL (Lower Low)
4064,2023-09-13 03:45:00,25740.5,25822.0,0.3166216662457994,HL (Higher Low)
4065,2023-09-13 07:45:00,25822.0,25831.5,0.03679033382387112,HL (Higher Low)
4066,2023-09-13 12:30:00,25831.5,25999.1,0.6488202388556551,HL (Higher Low)
4067,2023-09-13 19:00:00,25999.1,26032.3,0.12769672796366308,HL (Higher Low)
4068,2023-09-14 01:15:00,26032.3,26105.5,0.28118913810919793,HL (Higher Low)
4069,2023-09-14 05:45:00,26105.5,26145.1,0.15169217214762615,HL (Higher Low)
4070,2023-09-15 01:00:00,26145.1,26429.6,1.088158010487625,HL (Higher Low)
4071,2023-09-15 08:15:00,26429.6,26527.9,0.3719314707752025,HL (Higher Low)
4072,2023-09-15 14:45:00,26527.9,26204.8,-1.2179629748302812,LL (Lower Low)
4073,2023-09-16 10:00:00,26204.8,26430.0,0.8593845402369059,HL (Higher Low)
4074,2023-09-16 15:00:00,26430.0,26466.1,0.13658721150207545,HL (Higher Low)
4075,2023-09-16 19:45:00,26466.1,26489.4,0.08803714941001096,HL (Higher Low)
4076,2023-09-17 00:45:00,26489.4,26388.9,-0.37939704183560213,LL (Lower Low)
4077,2023-09-17 08:00:00,26388.9,26478.5,0.3395366991424369,HL (Higher Low)
4078,2023-09-17 21:00:00,26478.5,26380.0,-0.3719999244670204,LL (Lower Low)
4079,2023-09-18 00:30:00,26380.0,26350.3,-0.11258529188779653,LL (Lower Low)
4080,2023-09-18 18:30:00,26350.3,26615.1,1.0049221450989145,HL (Higher Low)
4081,2023-09-19 01:00:00,26615.1,26651.1,0.1352615620456057,HL (Higher Low)
4082,2023-09-19 06:00:00,26651.1,26746.5,0.3579589585420544,HL (Higher Low)
4083,2023-09-19 14:00:00,26746.5,26868.0,0.4542650440244518,HL (Higher Low)
4084,2023-09-19 21:15:00,26868.0,26973.0,0.3907994640464493,HL (Higher Low)
4085,2023-09-20 06:00:00,26973.0,26925.1,-0.17758499239981262,LL (Lower Low)
4086,2023-09-20 10:15:00,26925.1,26930.5,0.02005563581937098,HL (Higher Low)
4087,2023-09-20 19:15:00,26930.5,26710.5,-0.8169176212844174,LL (Lower Low)
4088,2023-09-21 02:30:00,26710.5,26920.0,0.7843357481140376,HL (Higher Low)
4089,2023-09-21 13:45:00,26920.0,26363.0,-2.0690936106983653,LL (Lower Low)
4090,2023-09-21 20:15:00,26363.0,26476.5,0.43052763342563444,HL (Higher Low)
4091,2023-09-22 00:15:00,26476.5,26455.3,-0.08007100636413698,LL (Lower Low)
4092,2023-09-22 07:15:00,26455.3,26558.9,0.3916039508151568,HL (Higher Low)
4093,2023-09-22 13:45:00,26558.9,26541.2,-0.06664432638400207,LL (Lower Low)
4094,2023-09-22 17:30:00,26541.2,26512.3,-0.10888731481621575,LL (Lower Low)
4095,2023-09-22 21:00:00,26512.3,26464.0,-0.1821795921138463,LL (Lower Low)
4096,2023-09-23 04:00:00,26464.0,26496.1,0.1212968561064032,HL (Higher Low)
4097,2023-09-23 07:45:00,26496.1,26522.5,0.09963730511283342,HL (Higher Low)
4098,2023-09-23 15:15:00,26522.5,26531.9,0.03544160618343465,HL (Higher Low)
4099,2023-09-24 05:30:00,26531.9,26533.0,0.004145952607987158,HL (Higher Low)
4100,2023-09-24 15:30:00,26533.0,26550.2,0.06482493498662317,HL (Higher Low)
4101,2023-09-24 19:15:00,26550.2,26301.3,-0.9374693975939973,LL (Lower Low)
4102,2023-09-25 00:15:00,26301.3,25971.3,-1.2546908327725246,LL (Lower Low)
4103,2023-09-25 06:00:00,25971.3,26025.0,0.20676670016518514,HL (Higher Low)
4104,2023-09-25 12:15:00,26025.0,25981.6,-0.16676272814601903,LL (Lower Low)
4105,2023-09-25 21:45:00,25981.6,26247.0,1.0214921328940538,HL (Higher Low)
4106,2023-09-26 01:30:00,26247.0,26222.0,-0.09524898083590505,LL (Lower Low)
4107,2023-09-26 15:45:00,26222.0,26075.6,-0.5583098161848885,LL (Lower Low)
4108,2023-09-26 21:15:00,26075.6,26081.9,0.024160517878794394,HL (Higher Low)
4109,2023-09-27 08:15:00,26081.9,26207.6,0.48194341669892565,HL (Higher Low)
4110,2023-09-27 14:30:00,26207.6,26151.0,-0.21596788717775967,LL (Lower Low)
4111,2023-09-27 18:00:00,26151.0,26087.5,-0.24282054223547858,LL (Lower Low)
4112,2023-09-28 03:00:00,26087.5,26322.0,0.8988979396262577,HL (Higher Low)
4113,2023-09-28 09:30:00,26322.0,26373.4,0.19527391535598151,HL (Higher Low)
4114,2023-09-28 18:45:00,26373.4,26836.6,1.7563150750377163,HL (Higher Low)
4115,2023-09-28 21:30:00,26836.6,26878.0,0.1542669339633242,HL (Higher Low)
4116,2023-09-29 02:30:00,26878.0,26857.0,-0.07813081330456134,LL (Lower Low)
4117,2023-09-29 14:00:00,26857.0,26641.0,-0.8042595971255166,LL (Lower Low)
4118,2023-09-29 18:15:00,26641.0,26731.1,0.33820051799856815,HL (Higher Low)
4119,2023-09-29 22:30:00,26731.1,26853.1,0.4563972301925473,HL (Higher Low)
4120,2023-09-30 02:00:00,26853.1,26876.2,0.08602358759324691,HL (Higher Low)
4121,2023-09-30 13:00:00,26876.2,26897.7,0.07999642806646773,HL (Higher Low)
4122,2023-09-30 21:45:00,26897.7,26930.7,0.12268706989816973,HL (Higher Low)
4123,2023-10-01 00:30:00,26930.7,26942.9,0.0453014589297743,HL (Higher Low)
4124,2023-10-01 14:30:00,26942.9,27060.3,0.4357363164321503,HL (Higher Low)
4125,2023-10-01 20:00:00,27060.3,27012.0,-0.17849026064012324,LL (Lower Low)
4126,2023-10-02 01:15:00,27012.0,27810.1,2.954612764697166,HL (Higher Low)
4127,2023-10-02 05:30:00,27810.1,27900.0,0.3232638501839312,HL (Higher Low)
4128,2023-10-02 11:30:00,27900.0,28167.0,0.9569892473118279,HL (Higher Low)
4129,2023-10-02 21:45:00,28167.0,27253.6,-3.2428018603330186,LL (Lower Low)
4130,2023-10-03 01:00:00,27253.6,27371.0,0.4307687791704636,HL (Higher Low)
4131,2023-10-03 07:30:00,27371.0,27506.0,0.4932227540097183,HL (Higher Low)
4132,2023-10-03 15:45:00,27506.0,27217.0,-1.0506798516687268,LL (Lower Low)
4133,2023-10-03 20:00:00,27217.0,27150.5,-0.24433258625124002,LL (Lower Low)
4134,2023-10-04 00:30:00,27150.5,27175.6,0.09244765289773132,HL (Higher Low)
4135,2023-10-04 06:15:00,27175.6,27340.0,0.6049544444280953,HL (Higher Low)
4136,2023-10-04 14:45:00,27340.0,27311.0,-0.10607168983174835,LL (Lower Low)
4137,2023-10-04 19:30:00,27311.0,27495.1,0.6740873640657558,HL (Higher Low)
4138,2023-10-05 07:30:00,27495.1,27530.0,0.12693170783158256,HL (Higher Low)
4139,2023-10-05 17:15:00,27530.0,27336.6,-0.7025063567017852,LL (Lower Low)
4140,2023-10-05 22:00:00,27336.6,27359.8,0.08486790603074533,HL (Higher Low)
4141,2023-10-06 06:45:00,27359.8,27443.4,0.3055577891651335,HL (Higher Low)
4142,2023-10-06 13:00:00,27443.4,27132.0,-1.1346990533243018,LL (Lower Low)
4143,2023-10-07 00:15:00,27132.0,27817.5,2.526536930561698,HL (Higher Low)
4144,2023-10-07 03:00:00,27817.5,27853.3,0.12869596477037573,HL (Higher Low)
4145,2023-10-07 13:45:00,27853.3,27881.0,0.09944961638298057,HL (Higher Low)
4146,2023-10-07 19:45:00,27881.0,27829.0,-0.186506940210179,LL (Lower Low)
4147,2023-10-08 07:00:00,27829.0,27856.9,0.10025512954113139,HL (Higher Low)
4148,2023-10-08 13:15:00,27856.9,27665.1,-0.688518822984621,LL (Lower Low)
4149,2023-10-08 18:15:00,27665.1,27783.6,0.4283375082685405,HL (Higher Low)
4150,2023-10-08 22:00:00,27783.6,27777.7,-0.021235549028915682,LL (Lower Low)
4151,2023-10-09 01:00:00,27777.7,27777.3,-0.0014400040320165283,LL (Lower Low)
4152,2023-10-09 13:00:00,27777.3,27339.8,-1.575027090465956,LL (Lower Low)
4153,2023-10-09 16:30:00,27339.8,27250.0,-0.32845887680231484,LL (Lower Low)
4154,2023-10-10 01:00:00,27250.0,27477.4,0.8344954128440419,HL (Higher Low)
4155,2023-10-10 13:30:00,27477.4,27323.0,-0.5619163385182058,LL (Lower Low)
4156,2023-10-10 18:45:00,27323.0,27282.3,-0.1489587526991938,LL (Lower Low)
4157,2023-10-11 04:00:00,27282.3,26942.9,-1.2440300121324002,LL (Lower Low)
4158,2023-10-11 08:00:00,26942.9,27004.0,0.2267758852981622,HL (Higher Low)
4159,2023-10-11 17:45:00,27004.0,26523.0,-1.7812175973929787,LL (Lower Low)
4160,2023-10-12 01:30:00,26523.0,26721.6,0.7487840741997457,HL (Higher Low)
4161,2023-10-12 05:15:00,26721.6,26770.3,0.18224956589426056,HL (Higher Low)
4162,2023-10-12 09:45:00,26770.3,26650.5,-0.4475108609167595,LL (Lower Low)
4163,2023-10-12 17:30:00,26650.5,26540.1,-0.41425113975348105,LL (Lower Low)
4164,2023-10-12 23:15:00,26540.1,26692.2,0.5730950523924258,HL (Higher Low)
4165,2023-10-13 03:45:00,26692.2,26761.0,0.2577532013097432,HL (Higher Low)
4166,2023-10-13 15:45:00,26761.0,26670.2,-0.3392997272149743,LL (Lower Low)
4167,2023-10-14 07:15:00,26670.2,26831.5,0.6047948646804271,HL (Higher Low)
4168,2023-10-14 11:45:00,26831.5,26839.5,0.029815701693904552,HL (Higher Low)
4169,2023-10-14 21:15:00,26839.5,26780.0,-0.22168818346094377,LL (Lower Low)
4170,2023-10-15 00:30:00,26780.0,26804.0,0.08961911874533234,HL (Higher Low)
4171,2023-10-15 04:30:00,26804.0,26859.5,0.2070586479629906,HL (Higher Low)
4172,2023-10-15 13:00:00,26859.5,26800.0,-0.22152311100355557,LL (Lower Low)
4173,2023-10-15 23:15:00,26800.0,27013.9,0.7981343283582144,HL (Higher Low)
4174,2023-10-16 09:15:00,27013.9,27620.0,2.2436597455384026,HL (Higher Low)
4175,2023-10-16 21:00:00,27620.0,28210.8,2.139029688631424,HL (Higher Low)
4176,2023-10-17 00:45:00,28210.8,28222.0,0.03970110737731907,HL (Higher Low)
4177,2023-10-17 04:00:00,28222.0,28026.0,-0.6944936574303734,LL (Lower Low)
4178,2023-10-17 13:45:00,28026.0,28111.4,0.3047170484550113,HL (Higher Low)
4179,2023-10-17 18:45:00,28111.4,28269.0,0.5606266496865988,HL (Higher Low)
4180,2023-10-18 01:15:00,28269.0,28307.7,0.13689907672715954,HL (Higher Low)
4181,2023-10-18 09:45:00,28307.7,28201.1,-0.3765759846260988,LL (Lower Low)
4182,2023-10-18 14:30:00,28201.1,28125.0,-0.2698476300569784,LL (Lower Low)
4183,2023-10-18 20:30:00,28125.0,28173.4,0.17208888888889406,HL (Higher Low)
4184,2023-10-19 01:30:00,28173.4,28074.0,-0.3528150666941209,LL (Lower Low)
4185,2023-10-19 07:15:00,28074.0,28223.1,0.5310963881171139,HL (Higher Low)
4186,2023-10-19 17:30:00,28223.1,28436.1,0.7547009364669367,HL (Higher Low)
4187,2023-10-19 22:00:00,28436.1,28580.0,0.5060468910996988,HL (Higher Low)
4188,2023-10-20 01:00:00,28580.0,28555.6,-0.08537438768369998,LL (Lower Low)
4189,2023-10-20 12:45:00,28555.6,29350.5,2.7836921654596702,HL (Higher Low)
4190,2023-10-20 17:00:00,29350.5,29302.0,-0.16524420367625767,LL (Lower Low)
4191,2023-10-21 03:00:00,29302.0,29450.3,0.5061087980342615,HL (Higher Low)
4192,2023-10-21 09:00:00,29450.3,29618.8,0.5721503685870772,HL (Higher Low)
4193,2023-10-21 13:00:00,29618.8,29651.0,0.10871473523573112,HL (Higher Low)
4194,2023-10-21 20:15:00,29651.0,29894.3,0.8205456814272682,HL (Higher Low)
4195,2023-10-21 23:30:00,29894.3,29822.2,-0.24118310179532068,LL (Lower Low)
4196,2023-10-22 02:30:00,29822.2,29825.1,0.009724299347458661,HL (Higher Low)
4197,2023-10-22 07:30:00,29825.1,29605.9,-0.7349514335241025,LL (Lower Low)
4198,2023-10-22 11:30:00,29605.9,29801.3,0.6600035803674194,HL (Higher Low)
4199,2023-10-22 15:45:00,29801.3,29766.5,-0.11677342934703946,LL (Lower Low)
4200,2023-10-22 21:45:00,29766.5,29675.9,-0.3043690054255574,LL (Lower Low)
4201,2023-10-23 09:45:00,29675.9,30330.0,2.204145451359516,HL (Higher Low)
4202,2023-10-23 13:30:00,30330.0,30372.0,0.13847675568743817,HL (Higher Low)
4203,2023-10-23 18:30:00,30372.0,30577.0,0.6749637824311866,HL (Higher Low)
4204,2023-10-24 07:15:00,30577.0,33714.3,10.260326389116011,HL (Higher Low)
4205,2023-10-24 15:30:00,33714.3,33229.8,-1.4370756622560752,LL (Lower Low)
4206,2023-10-24 18:15:00,33229.8,33364.7,0.4059609146007324,HL (Higher Low)
4207,2023-10-24 21:00:00,33364.7,33483.7,0.35666437881953084,HL (Higher Low)
4208,2023-10-25 07:45:00,33483.7,33685.0,0.6011880407481937,HL (Higher Low)
4209,2023-10-25 17:00:00,33685.0,34378.0,2.0572955321359654,HL (Higher Low)
4210,2023-10-25 23:00:00,34378.0,34246.0,-0.3839664901972191,LL (Lower Low)
4211,2023-10-26 06:00:00,34246.0,34402.9,0.45815569701571407,HL (Higher Low)
4212,2023-10-26 11:45:00,34402.9,33965.0,-1.2728578114054379,LL (Lower Low)
4213,2023-10-26 16:45:00,33965.0,33751.0,-0.63006035624908,LL (Lower Low)
4214,2023-10-27 01:45:00,33751.0,33779.5,0.08444194246096412,HL (Higher Low)
4215,2023-10-27 07:45:00,33779.5,33940.0,0.47514024778341896,HL (Higher Low)
4216,2023-10-27 17:00:00,33940.0,33350.0,-1.7383618149675901,LL (Lower Low)
4217,2023-10-28 08:00:00,33350.0,34053.6,2.1097451274362777,HL (Higher Low)
4218,2023-10-28 12:45:00,34053.6,33920.1,-0.3920290365776306,LL (Lower Low)
4219,2023-10-29 01:15:00,33920.1,33965.2,0.1329595136806747,HL (Higher Low)
4220,2023-10-29 04:00:00,33965.2,33936.1,-0.08567592712540643,LL (Lower Low)
4221,2023-10-29 21:45:00,33936.1,34408.5,1.3920279584277555,HL (Higher Low)
4222,2023-10-30 02:00:00,34408.5,34147.2,-0.7594053794847287,LL (Lower Low)
4223,2023-10-30 07:30:00,34147.2,34126.0,-0.06208415331270819,LL (Lower Low)
4224,2023-10-30 17:15:00,34126.0,34026.4,-0.2918595792064659,LL (Lower Low)
4225,2023-10-31 08:00:00,34026.4,34041.4,0.044083417581642484,HL (Higher Low)
4226,2023-10-31 14:00:00,34041.4,34135.5,0.27642811400235756,HL (Higher Low)
4227,2023-11-01 06:00:00,34135.5,34333.2,0.5791624555081867,HL (Higher Low)
4228,2023-11-01 11:15:00,34333.2,34363.1,0.08708771684550656,HL (Higher Low)
4229,2023-11-01 14:45:00,34363.1,34058.0,-0.8878710011611249,LL (Lower Low)
4230,2023-11-02 06:15:00,34058.0,35067.3,2.963474073639095,HL (Higher Low)
4231,2023-11-02 16:30:00,35067.3,34295.7,-2.2003404881470936,LL (Lower Low)
4232,2023-11-03 01:15:00,34295.7,34358.4,0.1828217531644036,HL (Higher Low)
4233,2023-11-03 04:45:00,34358.4,34301.0,-0.16706249417901142,LL (Lower Low)
4234,2023-11-03 10:15:00,34301.0,34131.7,-0.4935716159878805,LL (Lower Low)
4235,2023-11-03 17:45:00,34131.7,34329.5,0.5795199184336055,HL (Higher Low)
4236,2023-11-04 05:00:00,34329.5,34588.2,0.7535792831238355,HL (Higher Low)
4237,2023-11-04 15:15:00,34588.2,34640.4,0.15091852134544256,HL (Higher Low)
4238,2023-11-04 20:00:00,34640.4,34714.0,0.21246867819077883,HL (Higher Low)
4239,2023-11-05 08:45:00,34714.0,35033.6,0.9206660137120428,HL (Higher Low)
4240,2023-11-05 13:45:00,35033.6,34755.3,-0.794380252100828,LL (Lower Low)
4241,2023-11-05 21:45:00,34755.3,34415.8,-0.9768294332087479,LL (Lower Low)
4242,2023-11-06 02:30:00,34415.8,34844.3,1.2450676724062784,HL (Higher Low)
4243,2023-11-06 05:30:00,34844.3,34750.0,-0.2706324994332011,LL (Lower Low)
4244,2023-11-06 13:45:00,34750.0,34917.1,0.48086330935251376,HL (Higher Low)
4245,2023-11-06 18:15:00,34917.1,34812.3,-0.3001394732093892,LL (Lower Low)
4246,2023-11-06 21:15:00,34812.3,34912.0,0.2863930277516771,HL (Higher Low)
4247,2023-11-07 02:45:00,34912.0,34814.1,-0.2804193400549996,LL (Lower Low)
4248,2023-11-07 12:00:00,34814.1,34526.6,-0.82581482790019,LL (Lower Low)
4249,2023-11-07 17:00:00,34526.6,34562.9,0.10513632967046542,HL (Higher Low)
4250,2023-11-07 22:15:00,34562.9,35206.8,1.8629802476065418,HL (Higher Low)
4251,2023-11-08 06:15:00,35206.8,35160.0,-0.1329288660145282,LL (Lower Low)
4252,2023-11-08 15:15:00,35160.0,35075.0,-0.2417519908987486,LL (Lower Low)
4253,2023-11-08 21:30:00,35075.0,35401.0,0.9294369208838203,HL (Higher Low)
4254,2023-11-09 16:30:00,35401.0,35610.6,0.5920736702353,HL (Higher Low)
4255,2023-11-10 01:00:00,35610.6,36477.5,2.434387513830156,HL (Higher Low)
4256,2023-11-10 08:15:00,36477.5,36360.0,-0.3221163731067096,LL (Lower Low)
4257,2023-11-10 20:15:00,36360.0,37080.0,1.9801980198019802,HL (Higher Low)
4258,2023-11-11 02:15:00,37080.0,36927.0,-0.412621359223301,LL (Lower Low)
4259,2023-11-11 08:00:00,36927.0,36954.3,0.07392964497522926,HL (Higher Low)
4260,2023-11-11 11:15:00,36954.3,36931.9,-0.06061540876163655,LL (Lower Low)
4261,2023-11-11 15:45:00,36931.9,37014.9,0.22473796365743434,HL (Higher Low)
4262,2023-11-11 22:00:00,37014.9,36613.6,-1.0841580012373473,LL (Lower Low)
4263,2023-11-12 00:45:00,36613.6,36748.8,0.36926169510784074,HL (Higher Low)
4264,2023-11-12 13:00:00,36748.8,36950.0,0.5475008707767248,HL (Higher Low)
4265,2023-11-12 18:00:00,36950.0,37083.8,0.36211096075778865,HL (Higher Low)
4266,2023-11-12 23:15:00,37083.8,36962.6,-0.3268273477906912,LL (Lower Low)
4267,2023-11-13 06:30:00,36962.6,36776.3,-0.5040229853960372,LL (Lower Low)
4268,2023-11-13 14:45:00,36776.3,36535.3,-0.6553133403849762,LL (Lower Low)
4269,2023-11-13 18:00:00,36535.3,36622.5,0.2386732830988033,HL (Higher Low)
4270,2023-11-13 21:30:00,36622.5,36327.9,-0.8044235101372067,LL (Lower Low)
4271,2023-11-14 00:45:00,36327.9,36209.7,-0.3253697571288303,LL (Lower Low)
4272,2023-11-14 12:30:00,36209.7,36211.5,0.004971043670626684,HL (Higher Low)
4273,2023-11-14 15:30:00,36211.5,35700.0,-1.4125346920177293,LL (Lower Low)
4274,2023-11-14 18:45:00,35700.0,34542.9,-3.2411764705882313,LL (Lower Low)
4275,2023-11-15 02:15:00,34542.9,35384.9,2.437548671362277,HL (Higher Low)
4276,2023-11-16 04:15:00,35384.9,37339.1,5.522694708759943,HL (Higher Low)
4277,2023-11-16 09:00:00,37339.1,37210.0,-0.3457501653762371,LL (Lower Low)
4278,2023-11-16 19:30:00,37210.0,35500.0,-4.595538833646869,LL (Lower Low)
4279,2023-11-17 05:15:00,35500.0,36125.7,1.7625352112675974,HL (Higher Low)
4280,2023-11-17 10:15:00,36125.7,36137.8,0.03349416066679904,HL (Higher Low)
4281,2023-11-17 14:45:00,36137.8,35870.4,-0.7399454310998496,LL (Lower Low)
4282,2023-11-17 19:45:00,35870.4,36249.0,1.0554663455105004,HL (Higher Low)
4283,2023-11-18 07:00:00,36249.0,36203.3,-0.12607244337774032,LL (Lower Low)
4284,2023-11-18 13:15:00,36203.3,36374.8,0.47371372222974145,HL (Higher Low)
4285,2023-11-18 22:15:00,36374.8,36465.0,0.24797387202128143,HL (Higher Low)
4286,2023-11-19 01:30:00,36465.0,36413.1,-0.14232825997532278,LL (Lower Low)
4287,2023-11-19 11:15:00,36413.1,36378.8,-0.09419686870932614,LL (Lower Low)
4288,2023-11-19 14:00:00,36378.8,36387.9,0.025014568924754375,HL (Higher Low)
4289,2023-11-20 03:45:00,36387.9,37062.4,1.8536381599377816,HL (Higher Low)
4290,2023-11-20 14:00:00,37062.4,36620.1,-1.193392764634786,LL (Lower Low)
4291,2023-11-20 17:15:00,36620.1,36782.0,0.4421069303469992,HL (Higher Low)
4292,2023-11-20 21:15:00,36782.0,37274.8,1.3397857647762572,HL (Higher Low)
4293,2023-11-21 00:45:00,37274.8,37326.0,0.1373582152016834,HL (Higher Low)
4294,2023-11-21 07:00:00,37326.0,37236.8,-0.2389755130471979,LL (Lower Low)
4295,2023-11-21 15:00:00,37236.8,36231.2,-2.7005542903794253,LL (Lower Low)
4296,2023-11-22 00:00:00,36231.2,35613.0,-1.7062642142683577,LL (Lower Low)
4297,2023-11-22 11:45:00,35613.0,36451.9,2.3556004829697064,HL (Higher Low)
4298,2023-11-22 15:00:00,36451.9,36231.1,-0.6057297424825672,LL (Lower Low)
4299,2023-11-22 23:15:00,36231.1,37263.3,2.8489336509242182,HL (Higher Low)
4300,2023-11-23 03:00:00,37263.3,37270.3,0.018785239095839606,HL (Higher Low)
4301,2023-11-23 11:15:00,37270.3,37100.0,-0.4569321953405336,LL (Lower Low)
4302,2023-11-23 15:45:00,37100.0,36867.3,-0.627223719676542,LL (Lower Low)
4303,2023-11-23 22:30:00,36867.3,37180.0,0.8481771108814506,HL (Higher Low)
4304,2023-11-24 03:45:00,37180.0,37300.0,0.32275416890801506,HL (Higher Low)
4305,2023-11-24 16:45:00,37300.0,37553.6,0.6798927613940979,HL (Higher Low)
4306,2023-11-24 23:00:00,37553.6,37580.0,0.0702995185548162,HL (Higher Low)
4307,2023-11-25 05:15:00,37580.0,37733.4,0.4081958488557782,HL (Higher Low)
4308,2023-11-25 11:30:00,37733.4,37582.8,-0.3991159026220763,LL (Lower Low)
4309,2023-11-25 15:15:00,37582.8,37622.9,0.10669774471300314,HL (Higher Low)
4310,2023-11-25 22:00:00,37622.9,37705.2,0.21874975081664524,HL (Higher Low)
4311,2023-11-26 02:00:00,37705.2,37671.5,-0.08937759248060503,LL (Lower Low)
4312,2023-11-26 16:30:00,37671.5,37124.4,-1.4522915201146716,LL (Lower Low)
4313,2023-11-26 23:15:00,37124.4,37320.0,0.5268772020557868,HL (Higher Low)
4314,2023-11-27 03:30:00,37320.0,37189.6,-0.3494105037513437,LL (Lower Low)
4315,2023-11-27 07:30:00,37189.6,37001.4,-0.506055456364137,LL (Lower Low)
4316,2023-11-27 16:00:00,37001.4,36714.5,-0.7753760668515284,LL (Lower Low)
4317,2023-11-27 19:45:00,36714.5,36790.0,0.20564082310803633,HL (Higher Low)
4318,2023-11-28 05:30:00,36790.0,36880.0,0.2446316933949443,HL (Higher Low)
4319,2023-11-28 09:00:00,36880.0,36933.0,0.14370932754880694,HL (Higher Low)
4320,2023-11-28 23:30:00,36933.0,37635.8,1.9029052608778136,HL (Higher Low)
4321,2023-11-29 10:30:00,37635.8,37909.9,0.7282959310018613,HL (Higher Low)
4322,2023-11-29 15:15:00,37909.9,37566.0,-0.907150902534698,LL (Lower Low)
4323,2023-11-29 21:00:00,37566.0,37581.8,0.04205930894958981,HL (Higher Low)
4324,2023-11-30 02:00:00,37581.8,37697.0,0.3065313529421078,HL (Higher Low)
4325,2023-11-30 08:30:00,37697.0,37584.0,-0.2997586014802239,LL (Lower Low)
4326,2023-11-30 14:00:00,37584.0,37429.0,-0.4124095359727543,LL (Lower Low)
4327,2023-11-30 23:00:00,37429.0,37591.0,0.43281947153276873,HL (Higher Low)
4328,2023-12-01 14:15:00,37591.0,38209.0,1.6440105344364342,HL (Higher Low)
4329,2023-12-01 19:15:00,38209.0,38629.0,1.0992174618545367,HL (Higher Low)
4330,2023-12-02 00:00:00,38629.0,38640.0,0.028476015428822905,HL (Higher Low)
4331,2023-12-02 08:15:00,38640.0,38650.0,0.025879917184265012,HL (Higher Low)
4332,2023-12-02 16:30:00,38650.0,38706.9,0.14721862871927932,HL (Higher Low)
4333,2023-12-02 22:45:00,38706.9,39290.3,1.507224810046791,HL (Higher Low)
4334,2023-12-03 03:00:00,39290.3,39280.0,-0.02621512179851747,LL (Lower Low)
4335,2023-12-03 12:45:00,39280.0,39380.8,0.25661914460285873,HL (Higher Low)
4336,2023-12-03 19:15:00,39380.8,39450.6,0.177243732986622,HL (Higher Low)
4337,2023-12-04 11:15:00,39450.6,41339.0,4.786745955701565,HL (Higher Low)
4338,2023-12-04 15:30:00,41339.0,41113.7,-0.5450059266068432,LL (Lower Low)
4339,2023-12-05 01:30:00,41113.7,41641.0,1.282540856210954,HL (Higher Low)
4340,2023-12-05 07:30:00,41641.0,41380.0,-0.6267861002377464,LL (Lower Low)
4341,2023-12-06 02:30:00,41380.0,43560.6,5.269695505074912,HL (Higher Low)
4342,2023-12-06 06:15:00,43560.6,43452.1,-0.24907829552393676,LL (Lower Low)
4343,2023-12-06 11:30:00,43452.1,43379.4,-0.1673106708306321,LL (Lower Low)
4344,2023-12-06 15:45:00,43379.4,43738.5,0.827812279561263,HL (Higher Low)
4345,2023-12-06 21:30:00,43738.5,43612.0,-0.2892188803914172,LL (Lower Low)
4346,2023-12-07 09:15:00,43612.0,42833.4,-1.7852884527194315,LL (Lower Low)
4347,2023-12-07 12:15:00,42833.4,42942.9,0.2556416254605051,HL (Higher Low)
4348,2023-12-07 19:45:00,42942.9,43089.0,0.34021922133809906,HL (Higher Low)
4349,2023-12-08 04:00:00,43089.0,43390.9,0.700642855485162,HL (Higher Low)
4350,2023-12-08 07:15:00,43390.9,43005.0,-0.8893569849899436,LL (Lower Low)
4351,2023-12-08 10:15:00,43005.0,43111.0,0.24648296709684922,HL (Higher Low)
4352,2023-12-08 17:00:00,43111.0,43657.6,1.2678898656955266,HL (Higher Low)
4353,2023-12-09 01:00:00,43657.6,44067.0,0.9377519607124567,HL (Higher Low)
4354,2023-12-09 08:30:00,44067.0,43746.0,-0.7284362448090408,LL (Lower Low)
4355,2023-12-09 14:45:00,43746.0,43758.6,0.028802633383620317,HL (Higher Low)
4356,2023-12-09 23:30:00,43758.6,43326.6,-0.9872345093307373,LL (Lower Low)
4357,2023-12-10 09:45:00,43326.6,43637.0,0.716419012800454,HL (Higher Low)
4358,2023-12-10 19:45:00,43637.0,43753.5,0.26697527327726467,HL (Higher Low)
4359,2023-12-11 02:00:00,43753.5,40167.7,-8.19545864902237,LL (Lower Low)
4360,2023-12-11 05:45:00,40167.7,41555.0,3.453770068985785,HL (Higher Low)
4361,2023-12-11 19:30:00,41555.0,40242.4,-3.158705330285161,LL (Lower Low)
4362,2023-12-12 04:45:00,40242.4,41412.4,2.9073812695067884,HL (Higher Low)
4363,2023-12-12 11:45:00,41412.4,41580.5,0.40591706831769847,HL (Higher Low)
4364,2023-12-12 18:00:00,41580.5,40683.9,-2.1562992268010213,LL (Lower Low)
4365,2023-12-13 02:15:00,40683.9,40510.9,-0.4252296362934723,LL (Lower Low)
4366,2023-12-13 07:00:00,40510.9,40822.0,0.7679414676050114,HL (Higher Low)
4367,2023-12-13 11:45:00,40822.0,40985.4,0.40027436186370446,HL (Higher Low)
4368,2023-12-14 02:30:00,40985.4,42697.6,4.177585188872128,HL (Higher Low)
4369,2023-12-14 09:00:00,42697.6,42706.8,0.021546878513088244,HL (Higher Low)
4370,2023-12-14 13:30:00,42706.8,41190.0,-3.551659220545681,LL (Lower Low)
4371,2023-12-15 03:15:00,41190.0,42443.1,3.0422432629278915,HL (Higher Low)
4372,2023-12-15 06:15:00,42443.1,42533.8,0.2136978684403457,HL (Higher Low)
4373,2023-12-15 15:45:00,42533.8,41671.6,-2.027093746620345,LL (Lower Low)
4374,2023-12-16 00:30:00,41671.6,41619.8,-0.12430528225457059,LL (Lower Low)
4375,2023-12-16 08:30:00,41619.8,42114.8,1.189337767120457,HL (Higher Low)
4376,2023-12-16 22:00:00,42114.8,42157.3,0.10091464283339822,HL (Higher Low)
4377,2023-12-17 02:45:00,42157.3,41872.0,-0.6767511202093182,LL (Lower Low)
4378,2023-12-17 08:15:00,41872.0,41680.0,-0.45854031333588074,LL (Lower Low)
4379,2023-12-17 14:30:00,41680.0,41527.9,-0.3649232245681347,LL (Lower Low)
4380,2023-12-18 02:30:00,41527.9,40810.0,-1.7287173201630746,LL (Lower Low)
4381,2023-12-18 10:30:00,40810.0,40566.0,-0.5978926733643715,LL (Lower Low)
4382,2023-12-18 16:00:00,40566.0,41165.0,1.4766060247497905,HL (Higher Low)
4383,2023-12-19 06:15:00,41165.0,42843.7,4.077978865541108,HL (Higher Low)
4384,2023-12-19 17:45:00,42843.7,41836.4,-2.351104129661994,LL (Lower Low)
4385,2023-12-20 02:00:00,41836.4,42206.3,0.8841582927785409,HL (Higher Low)
4386,2023-12-20 10:15:00,42206.3,42705.1,1.1818140893657951,HL (Higher Low)
4387,2023-12-20 16:45:00,42705.1,43510.0,1.8847865945753586,HL (Higher Low)
4388,2023-12-20 20:00:00,43510.0,43242.0,-0.6159503562399449,LL (Lower Low)
4389,2023-12-21 02:45:00,43242.0,43324.3,0.1903242218213841,HL (Higher Low)
4390,2023-12-21 05:45:00,43324.3,43487.4,0.3764630934602487,HL (Higher Low)
4391,2023-12-21 09:15:00,43487.4,43620.6,0.30629561666137106,HL (Higher Low)
4392,2023-12-21 15:00:00,43620.6,43388.7,-0.5316295511753655,LL (Lower Low)
4393,2023-12-21 17:45:00,43388.7,43394.1,0.012445636767180062,HL (Higher Low)
4394,2023-12-22 00:15:00,43394.1,43759.3,0.8415890639511002,HL (Higher Low)
4395,2023-12-22 09:15:00,43759.3,43500.6,-0.5911886159056574,LL (Lower Low)
4396,2023-12-22 14:15:00,43500.6,43414.1,-0.19884783198392667,LL (Lower Low)
4397,2023-12-23 04:00:00,43414.1,43262.9,-0.3482739478648575,LL (Lower Low)
4398,2023-12-23 11:15:00,43262.9,43513.8,0.579942629828332,HL (Higher Low)
4399,2023-12-23 20:15:00,43513.8,43642.0,0.29461917828366424,HL (Higher Low)
4400,2023-12-24 00:15:00,43642.0,43635.0,-0.0160395948856606,LL (Lower Low)
4401,2023-12-24 05:30:00,43635.0,43451.0,-0.4216798441617967,LL (Lower Low)
4402,2023-12-24 10:30:00,43451.0,43420.8,-0.06950357874386572,LL (Lower Low)
4403,2023-12-24 16:00:00,43420.8,43566.0,0.3344019456113132,HL (Higher Low)
4404,2023-12-24 22:15:00,43566.0,42534.1,-2.36859018500666,LL (Lower Low)
4405,2023-12-25 09:30:00,42534.1,43077.2,1.2768578622799085,HL (Higher Low)
4406,2023-12-26 00:45:00,43077.2,43428.5,0.8155126145617704,HL (Higher Low)
4407,2023-12-26 06:00:00,43428.5,42570.8,-1.9749703535696537,LL (Lower Low)
4408,2023-12-26 09:45:00,42570.8,42100.0,-1.1059223693235807,LL (Lower Low)
4409,2023-12-26 17:30:00,42100.0,41655.0,-1.0570071258907363,LL (Lower Low)
4410,2023-12-27 03:30:00,41655.0,42138.7,1.1612051374384758,HL (Higher Low)
4411,2023-12-27 13:00:00,42138.7,42729.4,1.401799296133968,HL (Higher Low)
4412,2023-12-28 02:00:00,42729.4,43334.9,1.4170571082205694,HL (Higher Low)
4413,2023-12-28 07:15:00,43334.9,42818.8,-1.1909569423259279,LL (Lower Low)
4414,2023-12-28 16:15:00,42818.8,42302.2,-1.2064793969004404,LL (Lower Low)
4415,2023-12-28 21:45:00,42302.2,42380.5,0.18509675619708413,HL (Higher Low)
4416,2023-12-29 01:00:00,42380.5,42120.0,-0.6146694824270597,LL (Lower Low)
4417,2023-12-29 07:30:00,42120.0,42266.2,0.3471035137701735,HL (Higher Low)
4418,2023-12-29 17:45:00,42266.2,41700.0,-1.3396046959508947,LL (Lower Low)
4419,2023-12-29 22:15:00,41700.0,41278.0,-1.0119904076738608,LL (Lower Low)
4420,2023-12-30 03:15:00,41278.0,41856.9,1.402441978778045,HL (Higher Low)
4421,2023-12-30 09:30:00,41856.9,41554.4,-0.7227004388762664,LL (Lower Low)
4422,2023-12-30 22:45:00,41554.4,42113.9,1.3464278151050189,HL (Higher Low)
4423,2023-12-31 02:45:00,42113.9,42012.5,-0.24077561090281702,LL (Lower Low)
4424,2023-12-31 12:45:00,42012.5,42376.3,0.8659327581077131,HL (Higher Low)
4425,2023-12-31 15:30:00,42376.3,42387.4,0.026193886677219447,HL (Higher Low)
4426,2023-12-31 22:45:00,42387.4,42096.0,-0.6874684458117305,LL (Lower Low)
4427,2024-01-01 05:45:00,42096.0,42211.2,0.273660205245147,HL (Higher Low)
4428,2024-01-01 14:15:00,42211.2,42605.4,0.9338753695701718,HL (Higher Low)
4429,2024-01-01 22:15:00,42605.4,43421.8,1.9161890276819404,HL (Higher Low)
4430,2024-01-02 11:30:00,43421.8,45242.3,4.192594503221883,HL (Higher Low)
4431,2024-01-02 15:15:00,45242.3,44868.2,-0.8268810383203459,LL (Lower Low)
4432,2024-01-02 21:00:00,44868.2,44633.0,-0.5242019960684786,LL (Lower Low)
4433,2024-01-03 04:30:00,44633.0,45154.3,1.167969887751222,HL (Higher Low)
4434,2024-01-03 07:45:00,45154.3,44971.0,-0.4059414053589645,LL (Lower Low)
4435,2024-01-03 12:00:00,44971.0,40210.0,-10.586822619021147,LL (Lower Low)
4436,2024-01-03 18:45:00,40210.0,41728.4,3.7761750808256687,HL (Higher Low)
4437,2024-01-04 10:15:00,41728.4,42677.4,2.274230500091065,HL (Higher Low)
4438,2024-01-05 01:45:00,42677.4,42181.0,-1.1631448963620123,LL (Lower Low)
4439,2024-01-05 10:45:00,42181.0,43465.7,3.0456840757687043,HL (Higher Low)
4440,2024-01-05 14:30:00,43465.7,42972.2,-1.1353780107072935,LL (Lower Low)
4441,2024-01-06 07:15:00,42972.2,43400.7,0.9971563010504466,HL (Higher Low)
4442,2024-01-06 12:45:00,43400.7,43525.5,0.2875529657355824,HL (Higher Low)
4443,2024-01-06 20:00:00,43525.5,43548.5,0.05284258652973544,HL (Higher Low)
4444,2024-01-07 02:30:00,43548.5,43840.8,0.6712056672445731,HL (Higher Low)
4445,2024-01-07 05:45:00,43840.8,43850.8,0.022809802740825898,HL (Higher Low)
4446,2024-01-07 09:45:00,43850.8,43885.6,0.07936001167594578,HL (Higher Low)
4447,2024-01-07 17:00:00,43885.6,43639.6,-0.5605483347612884,LL (Lower Low)
4448,2024-01-07 23:30:00,43639.6,43577.0,-0.14344769429600304,LL (Lower Low)
4449,2024-01-08 02:45:00,43577.0,43136.9,-1.0099364343575705,LL (Lower Low)
4450,2024-01-08 09:45:00,43136.9,43640.1,1.166518688176473,HL (Higher Low)
4451,2024-01-08 15:30:00,43640.1,44465.0,1.8902339820486238,HL (Higher Low)
4452,2024-01-09 00:30:00,44465.0,46261.0,4.0391319014955585,HL (Higher Low)
4453,2024-01-09 05:30:00,46261.0,46624.0,0.7846782386891767,HL (Higher Low)
4454,2024-01-09 09:15:00,46624.0,46411.8,-0.45513040494165474,LL (Lower Low)
4455,2024-01-09 12:45:00,46411.8,45500.0,-1.9645865922028511,LL (Lower Low)
4456,2024-01-09 18:30:00,45500.0,46500.0,2.197802197802198,HL (Higher Low)
4457,2024-01-09 21:15:00,46500.0,44750.0,-3.763440860215054,LL (Lower Low)
4458,2024-01-10 01:30:00,44750.0,45633.3,1.9738547486033584,HL (Higher Low)
4459,2024-01-10 08:45:00,45633.3,45322.4,-0.6813007168011112,LL (Lower Low)
4460,2024-01-10 13:00:00,45322.4,44301.0,-2.25363175824758,LL (Lower Low)
4461,2024-01-10 20:00:00,44301.0,44727.6,0.9629579467732072,HL (Higher Low)
4462,2024-01-11 06:15:00,44727.6,45620.0,1.9951886530911596,HL (Higher Low)
4463,2024-01-11 17:15:00,45620.0,45525.3,-0.20758439281016458,LL (Lower Low)
4464,2024-01-12 01:15:00,45525.3,45909.1,0.8430477119315976,HL (Higher Low)
4465,2024-01-12 04:45:00,45909.1,45862.0,-0.10259403909028612,LL (Lower Low)
4466,2024-01-12 09:15:00,45862.0,45530.2,-0.7234747721425209,LL (Lower Low)
4467,2024-01-12 16:45:00,45530.2,43202.6,-5.112211235619432,LL (Lower Low)
4468,2024-01-12 22:15:00,43202.6,41323.0,-4.350664080402565,LL (Lower Low)
4469,2024-01-13 03:00:00,41323.0,42449.0,2.7248747670788664,HL (Higher Low)
4470,2024-01-13 11:45:00,42449.0,42506.0,0.13427878159673962,HL (Higher Low)
4471,2024-01-13 20:00:00,42506.0,42706.3,0.47122759139886816,HL (Higher Low)
4472,2024-01-14 00:45:00,42706.3,42667.0,-0.09202389343025012,LL (Lower Low)
4473,2024-01-14 04:15:00,42667.0,42576.7,-0.21163897157054143,LL (Lower Low)
4474,2024-01-14 12:15:00,42576.7,42695.6,0.27926072241390587,HL (Higher Low)
4475,2024-01-14 23:45:00,42695.6,41708.8,-2.311245186857652,LL (Lower Low)
4476,2024-01-15 07:30:00,41708.8,42488.0,1.8681908853766998,HL (Higher Low)
4477,2024-01-15 10:45:00,42488.0,42502.1,0.03318584070796118,HL (Higher Low)
4478,2024-01-15 14:45:00,42502.1,42159.2,-0.8067836648071541,LL (Lower Low)
4479,2024-01-15 22:15:00,42159.2,42328.5,0.40157308487827786,HL (Higher Low)
4480,2024-01-16 07:15:00,42328.5,42605.6,0.6546416716869214,HL (Higher Low)
4481,2024-01-16 14:30:00,42605.6,42003.9,-1.412255665921844,LL (Lower Low)
4482,2024-01-16 18:30:00,42003.9,42820.2,1.9433909708384118,HL (Higher Low)
4483,2024-01-17 08:00:00,42820.2,42550.0,-0.6310105978019652,LL (Lower Low)
4484,2024-01-17 17:00:00,42550.0,42195.7,-0.8326674500587612,LL (Lower Low)
4485,2024-01-17 22:15:00,42195.7,42442.3,0.5844197394521381,HL (Higher Low)
4486,2024-01-18 01:30:00,42442.3,42503.0,0.14301769696740535,HL (Higher Low)
4487,2024-01-18 12:15:00,42503.0,42347.5,-0.36585652777451005,LL (Lower Low)
4488,2024-01-18 20:30:00,42347.5,40669.0,-3.9636342168959207,LL (Lower Low)
4489,2024-01-19 03:30:00,40669.0,40743.7,0.18367798568933855,HL (Higher Low)
4490,2024-01-19 08:00:00,40743.7,41140.3,0.9734020228894427,HL (Higher Low)
4491,2024-01-19 17:00:00,41140.3,40269.0,-2.117874687350367,LL (Lower Low)
4492,2024-01-20 00:30:00,40269.0,41412.6,2.8399016613275685,HL (Higher Low)
4493,2024-01-20 09:45:00,41412.6,41450.4,0.09127656800105019,HL (Higher Low)
4494,2024-01-20 15:00:00,41450.4,41480.0,0.07141064983691,HL (Higher Low)
4495,2024-01-20 18:00:00,41480.0,41518.9,0.0937801350048251,HL (Higher Low)
4496,2024-01-20 23:45:00,41518.9,41616.9,0.23603708190727593,HL (Higher Low)
4497,2024-01-21 06:15:00,41616.9,41557.6,-0.14249019028328133,LL (Lower Low)
4498,2024-01-21 16:30:00,41557.6,41511.0,-0.11213352070379076,LL (Lower Low)
4499,2024-01-22 05:00:00,41511.0,40669.3,-2.0276553202765464,LL (Lower Low)
4500,2024-01-22 10:15:00,40669.3,40350.0,-0.78511309513565,LL (Lower Low)
4501,2024-01-22 15:15:00,40350.0,40318.0,-0.07930607187112763,LL (Lower Low)
4502,2024-01-22 19:30:00,40318.0,39394.7,-2.290044149015335,LL (Lower Low)
4503,2024-01-22 22:45:00,39394.7,39360.0,-0.08808291470679327,LL (Lower Low)
4504,2024-01-23 14:15:00,39360.0,38531.5,-2.104928861788618,LL (Lower Low)
4505,2024-01-24 04:00:00,38531.5,39561.0,2.671839923179736,HL (Higher Low)
4506,2024-01-24 14:15:00,39561.0,39752.0,0.48279871590708023,HL (Higher Low)
4507,2024-01-24 21:00:00,39752.0,39488.0,-0.6641175286778024,LL (Lower Low)
4508,2024-01-25 05:30:00,39488.0,39775.9,0.7290822528363083,HL (Higher Low)
4509,2024-01-25 17:15:00,39775.9,39537.0,-0.6006149452306584,LL (Lower Low)
4510,2024-01-25 20:45:00,39537.0,39629.2,0.23319928168550244,HL (Higher Low)
4511,2024-01-26 01:00:00,39629.2,39810.0,0.45622924510210383,HL (Higher Low)
4512,2024-01-26 07:30:00,39810.0,39882.2,0.18136146696809116,HL (Higher Low)
4513,2024-01-26 20:45:00,39882.2,41810.5,4.83498904273085,HL (Higher Low)
4514,2024-01-27 00:45:00,41810.5,41693.0,-0.2810298848375408,LL (Lower Low)
4515,2024-01-27 09:00:00,41693.0,41365.0,-0.7867028038279809,LL (Lower Low)
4516,2024-01-27 18:00:00,41365.0,41720.7,0.8599057173939251,HL (Higher Low)
4517,2024-01-28 00:45:00,41720.7,41905.1,0.4419868314769442,HL (Higher Low)
4518,2024-01-28 22:30:00,41905.1,41587.4,-0.7581416104483634,LL (Lower Low)
4519,2024-01-29 08:00:00,41587.4,41939.6,0.8468911256774817,HL (Higher Low)
4520,2024-01-29 14:45:00,41939.6,41767.9,-0.409398277522907,LL (Lower Low)
4521,2024-01-30 08:00:00,41767.9,43172.1,3.3619118988505456,HL (Higher Low)
4522,2024-01-30 14:00:00,43172.1,43083.7,-0.20476187167175436,LL (Lower Low)
4523,2024-01-31 02:15:00,43083.7,42631.0,-1.0507454095168174,LL (Lower Low)
4524,2024-01-31 11:00:00,42631.0,42333.3,-0.6983181253078677,LL (Lower Low)
4525,2024-01-31 21:15:00,42333.3,42255.0,-0.18496077555967266,LL (Lower Low)
4526,2024-02-01 01:30:00,42255.0,41843.5,-0.9738492486096321,LL (Lower Low)
4527,2024-02-01 04:30:00,41843.5,41883.8,0.0963112550336442,HL (Higher Low)
4528,2024-02-01 12:00:00,41883.8,41931.0,0.11269273561615013,HL (Higher Low)
4529,2024-02-01 22:30:00,41931.0,42855.0,2.2036202332403234,HL (Higher Low)
4530,2024-02-02 04:45:00,42855.0,42922.7,0.15797456539492963,HL (Higher Low)
4531,2024-02-02 10:00:00,42922.7,42922.2,-0.001164884781246287,LL (Lower Low)
4532,2024-02-02 13:45:00,42922.2,42520.3,-0.9363452945095876,LL (Lower Low)
4533,2024-02-02 18:00:00,42520.3,42742.0,0.5213980145953746,HL (Higher Low)
4534,2024-02-03 12:00:00,42742.0,42937.7,0.4578634598287331,HL (Higher Low)
4535,2024-02-03 15:00:00,42937.7,42859.1,-0.18305591589674935,LL (Lower Low)
4536,2024-02-03 20:00:00,42859.1,42972.3,0.26412127179526484,HL (Higher Low)
4537,2024-02-04 00:30:00,42972.3,42875.6,-0.22502868126677966,LL (Lower Low)
4538,2024-02-04 07:00:00,42875.6,42711.0,-0.38390133315918273,LL (Lower Low)
4539,2024-02-04 15:15:00,42711.0,42812.0,0.2364730397321533,HL (Higher Low)
4540,2024-02-04 22:30:00,42812.0,42154.0,-1.5369522563767168,LL (Lower Low)
4541,2024-02-05 16:15:00,42154.0,42439.4,0.6770413246667017,HL (Higher Low)
4542,2024-02-05 22:00:00,42439.4,42286.3,-0.36074968072121316,LL (Lower Low)
4543,2024-02-06 06:15:00,42286.3,42615.1,0.7775567973551614,HL (Higher Low)
4544,2024-02-06 12:45:00,42615.1,42631.0,0.03731071850119196,HL (Higher Low)
4545,2024-02-06 18:30:00,42631.0,42968.3,0.791208275667948,HL (Higher Low)
4546,2024-02-06 23:15:00,42968.3,43010.8,0.09891012676787306,HL (Higher Low)
4547,2024-02-07 03:45:00,43010.8,42774.2,-0.5500943948961792,LL (Lower Low)
4548,2024-02-07 08:00:00,42774.2,42850.3,0.17791098372384714,HL (Higher Low)
4549,2024-02-07 10:45:00,42850.3,42807.3,-0.10034935578047294,LL (Lower Low)
4550,2024-02-07 15:00:00,42807.3,42888.0,0.18851924788528376,HL (Higher Low)
4551,2024-02-08 07:00:00,42888.0,44401.0,3.5277933221413913,HL (Higher Low)
4552,2024-02-08 12:30:00,44401.0,44564.8,0.3689106101214002,HL (Higher Low)
4553,2024-02-08 22:30:00,44564.8,45180.1,1.3806861020356775,HL (Higher Low)
4554,2024-02-09 14:15:00,45180.1,46603.2,3.149838092434498,HL (Higher Low)
4555,2024-02-09 22:30:00,46603.2,47000.9,0.8533748755450364,HL (Higher Low)
4556,2024-02-10 10:45:00,47000.9,46840.0,-0.34233387020248857,LL (Lower Low)
4557,2024-02-10 17:15:00,46840.0,47142.3,0.6453885567890754,HL (Higher Low)
4558,2024-02-11 01:15:00,47142.3,47555.7,0.8769194545026316,HL (Higher Low)
4559,2024-02-11 07:45:00,47555.7,48066.0,1.0730574883767938,HL (Higher Low)
4560,2024-02-11 10:45:00,48066.0,47906.4,-0.33204344026962623,LL (Lower Low)
4561,2024-02-11 16:15:00,47906.4,47933.0,0.05552494030024911,HL (Higher Low)
4562,2024-02-11 21:15:00,47933.0,47965.0,0.0667598522938268,HL (Higher Low)
4563,2024-02-12 02:45:00,47965.0,48002.5,0.0781820077139581,HL (Higher Low)
4564,2024-02-12 06:45:00,48002.5,47712.8,-0.6035102338419813,LL (Lower Low)
4565,2024-02-12 10:00:00,47712.8,47725.2,0.025988833185212726,HL (Higher Low)
4566,2024-02-12 19:45:00,47725.2,49528.0,3.7774592877557414,HL (Higher Low)
4567,2024-02-13 03:45:00,49528.0,49762.0,0.47246002261347114,HL (Higher Low)
4568,2024-02-13 14:15:00,49762.0,48362.5,-2.812386961938829,LL (Lower Low)
4569,2024-02-13 17:00:00,48362.5,48300.1,-0.12902558800724004,LL (Lower Low)
4570,2024-02-14 01:15:00,48300.1,49329.0,2.1302233328709494,HL (Higher Low)
4571,2024-02-14 04:30:00,49329.0,49220.5,-0.2199517525188023,LL (Lower Low)
4572,2024-02-14 16:15:00,49220.5,51196.3,4.014181083085306,HL (Higher Low)
4573,2024-02-14 19:15:00,51196.3,51219.3,0.04492512154198643,HL (Higher Low)
4574,2024-02-15 01:30:00,51219.3,51733.5,1.0039184448049798,HL (Higher Low)
4575,2024-02-15 07:30:00,51733.5,51659.1,-0.14381396967149226,LL (Lower Low)
4576,2024-02-15 15:30:00,51659.1,51700.9,0.0809150759498383,HL (Higher Low)
4577,2024-02-15 21:45:00,51700.9,51322.5,-0.7319021525737491,LL (Lower Low)
4578,2024-02-16 09:00:00,51322.5,51586.2,0.5138097325734271,HL (Higher Low)
4579,2024-02-16 15:00:00,51586.2,51600.6,0.027914442234553923,HL (Higher Low)
4580,2024-02-16 19:45:00,51600.6,51672.0,0.13837048406414162,HL (Higher Low)
4581,2024-02-17 01:45:00,51672.0,51861.7,0.3671233937141916,HL (Higher Low)
4582,2024-02-17 05:15:00,51861.7,51815.3,-0.08946872161921839,LL (Lower Low)
4583,2024-02-17 10:15:00,51815.3,51514.6,-0.5803305201359528,LL (Lower Low)
4584,2024-02-17 14:45:00,51514.6,50652.3,-1.6738943911046493,LL (Lower Low)
4585,2024-02-18 02:45:00,50652.3,51176.0,1.0339115894046216,HL (Higher Low)
4586,2024-02-18 06:45:00,51176.0,51425.4,0.4873378146005969,HL (Higher Low)
4587,2024-02-18 13:00:00,51425.4,51564.4,0.27029444593527713,HL (Higher Low)
4588,2024-02-18 20:15:00,51564.4,51616.9,0.10181443011069652,HL (Higher Low)
4589,2024-02-19 01:30:00,51616.9,51930.1,0.6067780126276414,HL (Higher Low)
4590,2024-02-19 05:45:00,51930.1,52012.3,0.15828970096341885,HL (Higher Low)
4591,2024-02-19 08:45:00,52012.3,52102.6,0.17361278005394037,HL (Higher Low)
4592,2024-02-19 16:45:00,52102.6,51701.0,-0.7707868705208542,LL (Lower Low)
4593,2024-02-19 21:30:00,51701.0,51725.0,0.04642076555579196,HL (Higher Low)
4594,2024-02-20 01:15:00,51725.0,51324.9,-0.7735137747704177,LL (Lower Low)
4595,2024-02-20 09:15:00,51324.9,51583.4,0.5036541717567886,HL (Higher Low)
4596,2024-02-20 17:15:00,51583.4,50725.2,-1.6637135202410163,LL (Lower Low)
4597,2024-02-21 12:00:00,50725.2,50430.0,-0.5819592628515947,LL (Lower Low)
4598,2024-02-21 19:00:00,50430.0,50574.4,0.28633749752131954,HL (Higher Low)
4599,2024-02-22 01:45:00,50574.4,51161.3,1.1604685374418706,HL (Higher Low)
4600,2024-02-22 13:45:00,51161.3,50939.9,-0.43274897236778864,LL (Lower Low)
4601,2024-02-22 22:15:00,50939.9,51142.4,0.39752728215014166,HL (Higher Low)
4602,2024-02-23 03:15:00,51142.4,50969.1,-0.33885777749969287,LL (Lower Low)
4603,2024-02-23 08:45:00,50969.1,50846.2,-0.2411264864398262,LL (Lower Low)
4604,2024-02-23 16:15:00,50846.2,50610.1,-0.4643414847127191,LL (Lower Low)
4605,2024-02-23 23:15:00,50610.1,50538.5,-0.1414737374555643,LL (Lower Low)
4606,2024-02-24 02:00:00,50538.5,50600.0,0.12168940510699765,HL (Higher Low)
4607,2024-02-25 01:15:00,50600.0,51465.7,1.7108695652173858,HL (Higher Low)
4608,2024-02-25 09:00:00,51465.7,51562.0,0.1871149134277838,HL (Higher Low)
4609,2024-02-25 16:45:00,51562.0,51300.0,-0.5081261394049882,LL (Lower Low)
4610,2024-02-26 03:00:00,51300.0,51407.5,0.209551656920078,HL (Higher Low)
4611,2024-02-26 09:45:00,51407.5,50922.0,-0.9444147254777999,LL (Lower Low)
4612,2024-02-26 23:45:00,50922.0,54479.5,6.9861749342131105,HL (Higher Low)
4613,2024-02-27 16:00:00,54479.5,56232.3,3.2173569874907133,HL (Higher Low)
4614,2024-02-27 21:45:00,56232.3,56620.6,0.6905283973801456,HL (Higher Low)
4615,2024-02-28 02:00:00,56620.6,56735.4,0.20275306160655823,HL (Higher Low)
4616,2024-02-28 11:45:00,56735.4,58524.1,3.1527053656094735,HL (Higher Low)
4617,2024-02-28 17:30:00,58524.1,58558.5,0.05877920378100894,HL (Higher Low)
4618,2024-02-28 21:00:00,58558.5,59811.7,2.1400821400821353,HL (Higher Low)
4619,2024-02-29 01:15:00,59811.7,61078.7,2.118314644124812,HL (Higher Low)
4620,2024-02-29 10:15:00,61078.7,62170.0,1.7867112430356293,HL (Higher Low)
4621,2024-02-29 13:15:00,62170.0,62056.1,-0.1832073347273628,LL (Lower Low)
4622,2024-02-29 18:45:00,62056.1,60460.9,-2.5705772679881544,LL (Lower Low)
4623,2024-02-29 21:30:00,60460.9,60600.0,0.2300660426821277,HL (Higher Low)
4624,2024-03-01 02:30:00,60600.0,60827.0,0.37458745874587457,HL (Higher Low)
4625,2024-03-01 11:30:00,60827.0,61865.8,1.7077942361122576,HL (Higher Low)
4626,2024-03-01 15:45:00,61865.8,61156.6,-1.1463522657106258,LL (Lower Low)
4627,2024-03-02 01:15:00,61156.6,61972.3,1.3337889941559937,HL (Higher Low)
4628,2024-03-02 05:15:00,61972.3,61788.5,-0.2965841190338311,LL (Lower Low)
4629,2024-03-02 09:30:00,61788.5,61700.4,-0.1425831667705132,LL (Lower Low)
4630,2024-03-02 14:00:00,61700.4,61591.3,-0.17682219240069522,LL (Lower Low)
4631,2024-03-03 02:30:00,61591.3,61694.0,0.1667443291503785,HL (Higher Low)
4632,2024-03-03 07:30:00,61694.0,61317.7,-0.6099458618342187,LL (Lower Low)
4633,2024-03-04 00:45:00,61317.7,62235.0,1.4959791381607643,HL (Higher Low)
4634,2024-03-04 05:30:00,62235.0,63282.1,1.682493773600062,HL (Higher Low)
4635,2024-03-04 14:00:00,63282.1,64557.1,2.0147877519867388,HL (Higher Low)
4636,2024-03-05 05:00:00,64557.1,64878.0,0.4970793297716308,HL (Higher Low)
4637,2024-03-05 08:00:00,64878.0,65561.4,1.053361694256904,HL (Higher Low)
4638,2024-03-05 19:45:00,65561.4,59111.0,-9.838716073787312,LL (Lower Low)
4639,2024-03-06 12:45:00,59111.0,64349.3,8.861802371808974,HL (Higher Low)
4640,2024-03-07 01:00:00,64349.3,65555.0,1.8736800555716957,HL (Higher Low)
4641,2024-03-07 04:00:00,65555.0,65693.0,0.21051025856151326,HL (Higher Low)
4642,2024-03-07 11:15:00,65693.0,66531.3,1.276087254349783,HL (Higher Low)
4643,2024-03-07 14:45:00,66531.3,66572.0,0.061174214242014045,HL (Higher Low)
4644,2024-03-08 00:00:00,66572.0,66790.0,0.32746500030042663,HL (Higher Low)
4645,2024-03-08 05:45:00,66790.0,66806.0,0.023955681988321605,HL (Higher Low)
4646,2024-03-08 16:00:00,66806.0,66135.1,-1.0042511151692874,LL (Lower Low)
4647,2024-03-08 21:45:00,66135.1,67779.5,2.4864255138345506,HL (Higher Low)
4648,2024-03-09 01:45:00,67779.5,67897.4,0.1739463997226214,HL (Higher Low)
4649,2024-03-09 10:15:00,67897.4,67983.5,0.1268089794307379,HL (Higher Low)
4650,2024-03-09 17:15:00,67983.5,68050.1,0.09796494737694561,HL (Higher Low)
4651,2024-03-10 00:30:00,68050.1,68275.0,0.3304917994242391,HL (Higher Low)
4652,2024-03-10 09:30:00,68275.0,69246.4,1.4227755400951947,HL (Higher Low)
4653,2024-03-10 14:30:00,69246.4,68674.8,-0.8254580743547555,LL (Lower Low)
4654,2024-03-10 19:00:00,68674.8,69172.0,0.7239919155206817,HL (Higher Low)
4655,2024-03-11 00:45:00,69172.0,66923.0,-3.251315561209738,LL (Lower Low)
4656,2024-03-11 11:45:00,66923.0,71303.0,6.544835109005873,HL (Higher Low)
4657,2024-03-11 19:45:00,71303.0,71801.7,0.6994095620100095,HL (Higher Low)
4658,2024-03-12 04:00:00,71801.7,71336.3,-0.6481740683019959,LL (Lower Low)
4659,2024-03-12 08:15:00,71336.3,71425.1,0.12448080430300268,HL (Higher Low)
4660,2024-03-12 17:15:00,71425.1,68671.3,-3.8555073776585584,LL (Lower Low)
4661,2024-03-12 21:00:00,68671.3,70631.7,2.854758829379951,HL (Higher Low)
4662,2024-03-13 13:45:00,70631.7,71673.6,1.4751166968939,HL (Higher Low)
4663,2024-03-14 01:30:00,71673.6,72550.0,1.22276542548441,HL (Higher Low)
4664,2024-03-14 04:45:00,72550.0,72697.1,0.2027567195037985,HL (Higher Low)
4665,2024-03-14 19:30:00,72697.1,68613.6,-5.617142912165685,LL (Lower Low)
4666,2024-03-15 03:15:00,68613.6,66586.0,-2.9550992806091005,LL (Lower Low)
4667,2024-03-15 09:00:00,66586.0,65559.2,-1.5420658997386882,LL (Lower Low)
4668,2024-03-15 20:45:00,65559.2,67346.9,2.726848405715746,HL (Higher Low)
4669,2024-03-16 05:15:00,67346.9,68631.0,1.9066950371880604,HL (Higher Low)
4670,2024-03-16 14:00:00,68631.0,67544.2,-1.5835409654529335,LL (Lower Low)
4671,2024-03-16 18:00:00,67544.2,66666.0,-1.3001856562073386,LL (Lower Low)
4672,2024-03-16 23:15:00,66666.0,64696.4,-2.954429544295441,LL (Lower Low)
4673,2024-03-17 07:15:00,64696.4,64539.8,-0.2420536536808826,LL (Lower Low)
4674,2024-03-17 12:45:00,64539.8,66458.2,2.97242941564739,HL (Higher Low)
4675,2024-03-18 01:00:00,66458.2,66832.7,0.5635121023440298,HL (Higher Low)
4676,2024-03-18 08:15:00,66832.7,67325.3,0.7370643412581055,HL (Higher Low)
4677,2024-03-18 17:00:00,67325.3,66533.5,-1.1760809086628694,LL (Lower Low)
4678,2024-03-19 11:15:00,66533.5,62544.6,-5.995325663011868,LL (Lower Low)
4679,2024-03-19 14:30:00,62544.6,62420.1,-0.19905795224527778,LL (Lower Low)
4680,2024-03-19 23:15:00,62420.1,61555.0,-1.3859317751813895,LL (Lower Low)
4681,2024-03-20 05:30:00,61555.0,60761.2,-1.2895784257980716,LL (Lower Low)
4682,2024-03-20 16:30:00,60761.2,62055.6,2.1303068405495638,HL (Higher Low)
4683,2024-03-21 05:15:00,62055.6,66073.5,6.47467754723184,HL (Higher Low)
4684,2024-03-21 09:45:00,66073.5,66666.0,0.8967286431020001,HL (Higher Low)
4685,2024-03-21 20:00:00,66666.0,64528.0,-3.2070320703207034,LL (Lower Low)
4686,2024-03-22 02:00:00,64528.0,65150.0,0.9639226382345649,HL (Higher Low)
4687,2024-03-22 14:45:00,65150.0,62556.8,-3.9803530314658433,LL (Lower Low)
4688,2024-03-22 21:30:00,62556.8,62098.0,-0.7334134738349833,LL (Lower Low)
4689,2024-03-23 03:30:00,62098.0,63001.1,1.4543141486038174,HL (Higher Low)
4690,2024-03-23 13:45:00,63001.1,64272.2,2.017583819965046,HL (Higher Low)
4691,2024-03-23 20:00:00,64272.2,64689.3,0.648958647751292,HL (Higher Low)
4692,2024-03-23 23:45:00,64689.3,63875.6,-1.2578587185206893,LL (Lower Low)
4693,2024-03-24 04:30:00,63875.6,63780.6,-0.14872658730407232,LL (Lower Low)
4694,2024-03-24 07:30:00,63780.6,64028.5,0.3886761805313865,HL (Higher Low)
4695,2024-03-24 17:00:00,64028.5,64601.0,0.8941330813622059,HL (Higher Low)
4696,2024-03-25 02:15:00,64601.0,66374.5,2.74531354003808,HL (Higher Low)
4697,2024-03-25 07:45:00,66374.5,66729.5,0.5348439536267693,HL (Higher Low)
4698,2024-03-25 21:15:00,66729.5,69600.0,4.301695651848133,HL (Higher Low)
4699,2024-03-26 08:00:00,69600.0,70304.8,1.0126436781609236,HL (Higher Low)
4700,2024-03-26 14:30:00,70304.8,69333.0,-1.3822669291428222,LL (Lower Low)
4701,2024-03-26 20:00:00,69333.0,69431.2,0.14163529632353583,HL (Higher Low)
4702,2024-03-27 09:00:00,69431.2,69468.0,0.05300210856214917,HL (Higher Low)
4703,2024-03-27 14:00:00,69468.0,68400.0,-1.5373985144239073,LL (Lower Low)
4704,2024-03-28 02:45:00,68400.0,68955.0,0.8114035087719298,HL (Higher Low)
4705,2024-03-28 18:45:00,68955.0,70452.6,2.171851207309123,HL (Higher Low)
4706,2024-03-28 22:15:00,70452.6,70594.0,0.20070231616717366,HL (Higher Low)
4707,2024-03-29 15:30:00,70594.0,69000.5,-2.2572739892908746,LL (Lower Low)
4708,2024-03-29 21:30:00,69000.5,69313.7,0.45390975427713864,HL (Higher Low)
4709,2024-03-30 03:45:00,69313.7,69817.6,0.7269847086506834,HL (Higher Low)
4710,2024-03-30 08:00:00,69817.6,69878.2,0.08679759831330677,HL (Higher Low)
4711,2024-03-30 23:15:00,69878.2,69582.0,-0.423880409054608,LL (Lower Low)
4712,2024-03-31 03:15:00,69582.0,69828.0,0.35353970854531347,HL (Higher Low)
4713,2024-03-31 09:15:00,69828.0,70215.0,0.5542189379618492,HL (Higher Low)
4714,2024-03-31 15:15:00,70215.0,70343.0,0.18229722993662323,HL (Higher Low)
4715,2024-03-31 21:30:00,70343.0,70681.9,0.48178212473166365,HL (Higher Low)
4716,2024-04-01 06:00:00,70681.9,68850.2,-2.591469669038321,LL (Lower Low)
4717,2024-04-01 16:00:00,68850.2,68043.8,-1.1712384277750743,LL (Lower Low)
4718,2024-04-02 02:30:00,68043.8,65611.0,-3.575344116583734,LL (Lower Low)
4719,2024-04-02 05:15:00,65611.0,66120.0,0.7757845483226898,HL (Higher Low)
4720,2024-04-02 16:00:00,66120.0,64490.0,-2.4652147610405324,LL (Lower Low)
4721,2024-04-02 21:30:00,64490.0,65209.8,1.1161420375252022,HL (Higher Low)
4722,2024-04-03 00:30:00,65209.8,64406.0,-1.2326368122582845,LL (Lower Low)
4723,2024-04-03 11:00:00,64406.0,65566.1,1.8012296990963665,HL (Higher Low)
4724,2024-04-03 18:30:00,65566.1,65460.4,-0.16121135769857342,LL (Lower Low)
4725,2024-04-04 04:15:00,65460.4,65035.7,-0.6487891916334216,LL (Lower Low)
4726,2024-04-04 11:00:00,65035.7,66115.0,1.6595500625041368,HL (Higher Low)
4727,2024-04-04 20:15:00,66115.0,67263.2,1.7366709521288621,HL (Higher Low)
4728,2024-04-05 05:15:00,67263.2,66305.0,-1.4245530988712953,LL (Lower Low)
4729,2024-04-05 09:15:00,66305.0,66374.0,0.10406455018475227,HL (Higher Low)
4730,2024-04-05 12:30:00,66374.0,65943.0,-0.6493506493506493,LL (Lower Low)
4731,2024-04-05 18:00:00,65943.0,67308.9,2.0713343341977075,HL (Higher Low)
4732,2024-04-06 02:30:00,67308.9,67457.9,0.22136745660677862,HL (Higher Low)
4733,2024-04-06 13:30:00,67457.9,67522.0,0.09502222867893283,HL (Higher Low)
4734,2024-04-07 04:30:00,67522.0,69020.0,2.218536180800332,HL (Higher Low)
4735,2024-04-07 11:15:00,69020.0,69190.0,0.24630541871921183,HL (Higher Low)
4736,2024-04-07 19:45:00,69190.0,68855.0,-0.48417401358577833,LL (Lower Low)
4737,2024-04-08 14:45:00,68855.0,71305.0,3.558202018735023,HL (Higher Low)
4738,2024-04-08 20:30:00,71305.0,71540.2,0.3298506416099812,HL (Higher Low)
4739,2024-04-09 01:00:00,71540.2,70876.0,-0.9284290510789698,LL (Lower Low)
4740,2024-04-09 08:00:00,70876.0,69608.0,-1.7890400135447824,LL (Lower Low)
4741,2024-04-09 17:00:00,69608.0,68200.3,-2.0223250201126266,LL (Lower Low)
4742,2024-04-10 02:45:00,68200.3,68505.5,0.44750536287963116,HL (Higher Low)
4743,2024-04-10 13:45:00,68505.5,67506.1,-1.4588609673675752,LL (Lower Low)
4744,2024-04-11 04:30:00,67506.1,70402.9,4.291167761135642,HL (Higher Low)
4745,2024-04-11 23:15:00,70402.9,69742.6,-0.9378875017932334,LL (Lower Low)
4746,2024-04-12 09:45:00,69742.6,70534.6,1.1356043508558613,HL (Higher Low)
4747,2024-04-12 18:30:00,70534.6,64669.0,-8.315918712234854,LL (Lower Low)
4748,2024-04-13 01:45:00,64669.0,65684.7,1.5706134314741174,HL (Higher Low)
4749,2024-04-13 08:45:00,65684.7,67080.0,2.124238978026851,HL (Higher Low)
4750,2024-04-13 12:00:00,67080.0,67150.0,0.10435301132975551,HL (Higher Low)
4751,2024-04-13 20:00:00,67150.0,59765.9,-10.996425912137004,LL (Lower Low)
4752,2024-04-14 03:00:00,59765.9,62088.7,3.8864971497124543,HL (Higher Low)
4753,2024-04-14 11:30:00,62088.7,63842.8,2.8251517586936203,HL (Higher Low)
4754,2024-04-14 14:30:00,63842.8,63407.7,-0.6815177279192106,LL (Lower Low)
4755,2024-04-14 17:15:00,63407.7,62514.2,-1.4091348527071634,LL (Lower Low)
4756,2024-04-14 21:15:00,62514.2,63268.3,1.2062859318362962,HL (Higher Low)
4757,2024-04-15 04:15:00,63268.3,64624.8,2.144043699609441,HL (Higher Low)
4758,2024-04-15 19:00:00,64624.8,62222.0,-3.7180772706453293,LL (Lower Low)
4759,2024-04-16 04:45:00,62222.0,61631.0,-0.9498248208029315,LL (Lower Low)
4760,2024-04-16 10:30:00,61631.0,61512.5,-0.19227336892148433,LL (Lower Low)
4761,2024-04-16 16:15:00,61512.5,61657.5,0.23572444625076205,HL (Higher Low)
4762,2024-04-17 04:15:00,61657.5,63630.1,3.199286380407896,HL (Higher Low)
4763,2024-04-17 16:00:00,63630.1,59605.0,-6.32577978032409,LL (Lower Low)
4764,2024-04-18 00:15:00,59605.0,60902.5,2.1768308027850014,HL (Higher Low)
4765,2024-04-18 06:30:00,60902.5,60757.0,-0.23890644883214976,LL (Lower Low)
4766,2024-04-18 18:00:00,60757.0,62274.7,2.4979837714172803,HL (Higher Low)
4767,2024-04-19 02:30:00,62274.7,59521.7,-4.420735868659344,LL (Lower Low)
4768,2024-04-19 16:15:00,59521.7,63433.5,6.572056913697026,HL (Higher Low)
4769,2024-04-19 23:00:00,63433.5,62888.0,-0.8599557016403004,LL (Lower Low)
4770,2024-04-20 09:45:00,62888.0,63228.0,0.5406436840096679,HL (Higher Low)
4771,2024-04-20 22:00:00,63228.0,64520.0,2.0433984943379517,HL (Higher Low)
4772,2024-04-21 04:15:00,64520.0,64810.0,0.4494730316181029,HL (Higher Low)
4773,2024-04-21 09:15:00,64810.0,64695.9,-0.17605307822866617,LL (Lower Low)
4774,2024-04-21 16:30:00,64695.9,64200.0,-0.7665091605495888,LL (Lower Low)
4775,2024-04-21 20:00:00,64200.0,64300.0,0.1557632398753894,HL (Higher Low)
4776,2024-04-22 02:00:00,64300.0,64463.1,0.25365474339035543,HL (Higher Low)
4777,2024-04-22 12:15:00,64463.1,65562.6,1.7056269400633965,HL (Higher Low)
4778,2024-04-22 15:00:00,65562.6,65601.0,0.05856997739564047,HL (Higher Low)
4779,2024-04-23 04:45:00,65601.0,66115.0,0.7835246413926618,HL (Higher Low)
4780,2024-04-23 08:00:00,66115.0,65915.0,-0.30250321409664976,LL (Lower Low)
4781,2024-04-23 12:45:00,65915.0,65750.0,-0.2503223848896306,LL (Lower Low)
4782,2024-04-23 20:15:00,65750.0,65929.8,0.2734600760456318,HL (Higher Low)
4783,2024-04-24 10:00:00,65929.8,66169.2,0.3631134934430169,HL (Higher Low)
4784,2024-04-24 20:15:00,66169.2,63562.6,-3.939295019435022,LL (Lower Low)
4785,2024-04-24 23:00:00,63562.6,63780.0,0.3420250272959279,HL (Higher Low)
4786,2024-04-25 02:00:00,63780.0,63813.6,0.05268109125117364,HL (Higher Low)
4787,2024-04-25 13:15:00,63813.6,62745.2,-1.6742512567853898,LL (Lower Low)
4788,2024-04-26 01:15:00,62745.2,63780.0,1.649209820034047,HL (Higher Low)
4789,2024-04-26 05:00:00,63780.0,63914.5,0.21088115396676074,HL (Higher Low)
4790,2024-04-26 16:00:00,63914.5,63273.0,-1.0036846099085497,LL (Lower Low)
4791,2024-04-27 01:15:00,63273.0,62370.0,-1.4271490209093927,LL (Lower Low)
4792,2024-04-27 05:00:00,62370.0,62746.3,0.6033349366682748,HL (Higher Low)
4793,2024-04-27 11:00:00,62746.3,62641.0,-0.1678186602237947,LL (Lower Low)
4794,2024-04-27 17:00:00,62641.0,62712.0,0.11334429526987116,HL (Higher Low)
4795,2024-04-28 10:15:00,62712.0,63309.8,0.9532465875749505,HL (Higher Low)
4796,2024-04-28 15:30:00,63309.8,63424.6,0.1813305365046101,HL (Higher Low)
4797,2024-04-28 23:00:00,63424.6,62674.2,-1.1831371423706283,LL (Lower Low)
4798,2024-04-29 03:45:00,62674.2,61832.2,-1.343455520772503,LL (Lower Low)
4799,2024-04-29 06:45:00,61832.2,61856.4,0.03913818366482895,HL (Higher Low)
4800,2024-04-29 13:45:00,61856.4,61729.9,-0.2045059201634754,LL (Lower Low)
4801,2024-04-29 19:15:00,61729.9,62520.0,1.2799307952872085,HL (Higher Low)
4802,2024-04-30 02:00:00,62520.0,63088.0,0.90850927703135,HL (Higher Low)
4803,2024-04-30 19:45:00,63088.0,59132.0,-6.270606137458788,LL (Lower Low)
4804,2024-05-01 02:00:00,59132.0,59550.0,0.7068930528309545,HL (Higher Low)
4805,2024-05-01 08:15:00,59550.0,56505.0,-5.113350125944584,LL (Lower Low)
4806,2024-05-01 17:15:00,56505.0,56580.7,0.13397044509334943,HL (Higher Low)
4807,2024-05-01 20:15:00,56580.7,56723.9,0.25308983451955236,HL (Higher Low)
4808,2024-05-02 01:30:00,56723.9,56887.3,0.28806199855792963,HL (Higher Low)
4809,2024-05-02 05:30:00,56887.3,57163.8,0.48604873143917887,HL (Higher Low)
4810,2024-05-02 10:30:00,57163.8,57518.5,0.6204975876341269,HL (Higher Low)
4811,2024-05-02 20:30:00,57518.5,58572.1,1.83175847770717,HL (Higher Low)
4812,2024-05-03 00:30:00,58572.1,58780.0,0.354947150605837,HL (Higher Low)
4813,2024-05-03 07:45:00,58780.0,58979.7,0.33974140864239044,HL (Higher Low)
4814,2024-05-03 10:45:00,58979.7,58816.1,-0.27738357434845984,LL (Lower Low)
4815,2024-05-04 02:30:00,58816.1,62512.8,6.285183818716311,HL (Higher Low)
4816,2024-05-04 17:15:00,62512.8,63266.0,1.2048732419600419,HL (Higher Low)
4817,2024-05-04 21:30:00,63266.0,63491.7,0.3567477001865095,HL (Higher Low)
4818,2024-05-05 01:30:00,63491.7,62866.1,-0.9853256409892924,LL (Lower Low)
4819,2024-05-05 20:30:00,62866.1,63536.1,1.065757220505169,HL (Higher Low)
4820,2024-05-06 03:00:00,63536.1,63680.0,0.22648541537803146,HL (Higher Low)
4821,2024-05-06 19:15:00,63680.0,62669.0,-1.5876256281407035,LL (Lower Low)
4822,2024-05-07 00:15:00,62669.0,62940.9,0.43386682410761535,HL (Higher Low)
4823,2024-05-07 03:30:00,62940.9,62803.5,-0.2183000243085203,LL (Lower Low)
4824,2024-05-07 14:30:00,62803.5,63020.2,0.3450444640824112,HL (Higher Low)
4825,2024-05-07 18:30:00,63020.2,62780.0,-0.3811476320290908,LL (Lower Low)
4826,2024-05-08 00:30:00,62780.0,62075.5,-1.1221726664542848,LL (Lower Low)
4827,2024-05-08 08:00:00,62075.5,62001.1,-0.11985404869876434,LL (Lower Low)
4828,2024-05-08 13:30:00,62001.1,61742.2,-0.417573236603869,LL (Lower Low)
4829,2024-05-08 23:15:00,61742.2,60850.0,-1.4450408310685352,LL (Lower Low)
4830,2024-05-09 11:00:00,60850.0,60544.5,-0.5020542317173378,LL (Lower Low)
4831,2024-05-09 13:45:00,60544.5,60855.1,0.5130110910156969,HL (Higher Low)
4832,2024-05-10 01:00:00,60855.1,62623.4,2.9057548175912995,HL (Higher Low)
4833,2024-05-10 05:30:00,62623.4,62628.1,0.007505181769110411,HL (Higher Low)
4834,2024-05-10 11:15:00,62628.1,62767.7,0.22290313772890852,HL (Higher Low)
4835,2024-05-10 17:45:00,62767.7,60111.0,-4.232590966372827,LL (Lower Low)
4836,2024-05-11 00:45:00,60111.0,60650.0,0.8966744855350934,HL (Higher Low)
4837,2024-05-11 04:15:00,60650.0,60700.0,0.08244023083264633,HL (Higher Low)
4838,2024-05-11 11:15:00,60700.0,60461.0,-0.39373970345963755,LL (Lower Low)
4839,2024-05-11 20:30:00,60461.0,60751.0,0.47964803757794283,HL (Higher Low)
4840,2024-05-11 23:30:00,60751.0,60720.9,-0.0495465095224746,LL (Lower Low)
4841,2024-05-12 07:30:00,60720.9,60566.6,-0.25411349304770336,LL (Lower Low)
4842,2024-05-12 21:15:00,60566.6,60805.4,0.39427671356820904,HL (Higher Low)
4843,2024-05-13 03:15:00,60805.4,60707.8,-0.1605120597841615,LL (Lower Low)
4844,2024-05-13 18:15:00,60707.8,62530.0,3.0015912288042017,HL (Higher Low)
4845,2024-05-13 22:30:00,62530.0,62675.0,0.23188869342715496,HL (Higher Low)
4846,2024-05-14 06:15:00,62675.0,61368.2,-2.0850418827283654,LL (Lower Low)
4847,2024-05-14 12:30:00,61368.2,61000.1,-0.5998220576780785,LL (Lower Low)
4848,2024-05-14 17:30:00,61000.1,61123.6,0.20245868449395985,HL (Higher Low)
4849,2024-05-15 00:45:00,61123.6,61310.0,0.3049558599297186,HL (Higher Low)
4850,2024-05-16 06:00:00,61310.0,65618.7,7.027727939977161,HL (Higher Low)
4851,2024-05-16 17:30:00,65618.7,64580.4,-1.5823233316112566,LL (Lower Low)
4852,2024-05-17 01:15:00,64580.4,65070.1,0.7582796018606219,HL (Higher Low)
4853,2024-05-17 13:30:00,65070.1,65771.7,1.078221794649153,HL (Higher Low)
4854,2024-05-17 18:00:00,65771.7,66161.0,0.5918959065981311,HL (Higher Low)
4855,2024-05-17 22:15:00,66161.0,66640.0,0.7239914753404574,HL (Higher Low)
4856,2024-05-18 06:30:00,66640.0,66705.1,0.09768907563026084,HL (Higher Low)
4857,2024-05-18 14:30:00,66705.1,66469.0,-0.3539459501597416,LL (Lower Low)
4858,2024-05-18 21:30:00,66469.0,66735.7,0.40123967563826307,HL (Higher Low)
4859,2024-05-19 06:45:00,66735.7,66900.0,0.24619506501018634,HL (Higher Low)
4860,2024-05-19 13:30:00,66900.0,66631.2,-0.40179372197309854,LL (Lower Low)
4861,2024-05-19 19:45:00,66631.2,65822.0,-1.2144460853173844,LL (Lower Low)
4862,2024-05-20 01:30:00,65822.0,66034.0,0.322080763270639,HL (Higher Low)
4863,2024-05-20 06:45:00,66034.0,66250.1,0.3272556561771297,HL (Higher Low)
4864,2024-05-20 14:30:00,66250.1,66708.9,0.6925272565626139,HL (Higher Low)
4865,2024-05-21 04:45:00,66708.9,70800.0,6.132764893440015,HL (Higher Low)
4866,2024-05-21 08:30:00,70800.0,70855.1,0.07782485875707038,HL (Higher Low)
4867,2024-05-21 19:30:00,70855.1,69155.0,-2.39940385378047,LL (Lower Low)
4868,2024-05-22 04:45:00,69155.0,69232.4,0.11192249295060976,HL (Higher Low)
4869,2024-05-22 13:45:00,69232.4,69466.0,0.3374142742415485,HL (Higher Low)
4870,2024-05-22 21:00:00,69466.0,68812.4,-0.9408919471396162,LL (Lower Low)
4871,2024-05-23 14:45:00,68812.4,67631.7,-1.715824473496052,LL (Lower Low)
4872,2024-05-23 20:00:00,67631.7,66311.1,-1.9526346373076402,LL (Lower Low)
4873,2024-05-24 08:15:00,66311.1,66628.2,0.47820048227218553,HL (Higher Low)
4874,2024-05-24 13:45:00,66628.2,66921.1,0.4396036513068171,HL (Higher Low)
4875,2024-05-25 00:00:00,66921.1,68524.4,2.39580640485585,HL (Higher Low)
4876,2024-05-25 06:30:00,68524.4,68626.5,0.1489980211428423,HL (Higher Low)
4877,2024-05-25 15:45:00,68626.5,68821.7,0.28443822721543005,HL (Higher Low)
4878,2024-05-25 21:45:00,68821.7,69054.2,0.33782949273267004,HL (Higher Low)
4879,2024-05-26 02:45:00,69054.2,68808.8,-0.3553730258260818,LL (Lower Low)
4880,2024-05-26 09:30:00,68808.8,69001.1,0.2794700677820321,HL (Higher Low)
4881,2024-05-26 12:30:00,69001.1,68960.9,-0.058259940783569594,LL (Lower Low)
4882,2024-05-26 15:45:00,68960.9,68647.3,-0.4547504455423164,LL (Lower Low)
4883,2024-05-26 21:30:00,68647.3,68121.0,-0.7666725421101819,LL (Lower Low)
4884,2024-05-27 05:30:00,68121.0,68311.7,0.2799430425272634,HL (Higher Low)
4885,2024-05-27 11:30:00,68311.7,68277.0,-0.0507965692553356,LL (Lower Low)
4886,2024-05-27 19:45:00,68277.0,69090.0,1.1907377301287403,HL (Higher Low)
4887,2024-05-28 04:30:00,69090.0,67430.0,-2.4026631929367492,LL (Lower Low)
4888,2024-05-28 08:00:00,67430.0,67563.4,0.1978347916357618,HL (Higher Low)
4889,2024-05-28 14:00:00,67563.4,67522.1,-0.06112777036085863,LL (Lower Low)
4890,2024-05-28 18:30:00,67522.1,67250.0,-0.4029791727449321,LL (Lower Low)
4891,2024-05-29 00:00:00,67250.0,68288.9,1.5448327137546383,HL (Higher Low)
4892,2024-05-29 08:15:00,68288.9,67630.5,-0.964139120706285,LL (Lower Low)
4893,2024-05-29 16:00:00,67630.5,67124.7,-0.7478874176591965,LL (Lower Low)
4894,2024-05-29 20:00:00,67124.7,67173.8,0.07314744050998488,HL (Higher Low)
4895,2024-05-30 01:00:00,67173.8,67483.5,0.46104284706239196,HL (Higher Low)
4896,2024-05-30 08:15:00,67483.5,67137.0,-0.5134588454955655,LL (Lower Low)
4897,2024-05-30 20:00:00,67137.0,68023.8,1.3208811832521605,HL (Higher Low)
4898,2024-05-31 09:15:00,68023.8,67876.0,-0.21727689426348262,LL (Lower Low)
4899,2024-05-31 16:15:00,67876.0,66660.0,-1.7915021509812012,LL (Lower Low)
4900,2024-05-31 23:15:00,66660.0,67246.0,0.8790879087908791,HL (Higher Low)
4901,2024-06-01 07:30:00,67246.0,67600.0,0.5264253635903995,HL (Higher Low)
4902,2024-06-01 17:45:00,67600.0,67563.9,-0.05340236686391394,LL (Lower Low)
4903,2024-06-02 02:45:00,67563.9,67670.0,0.15703652394252823,HL (Higher Low)
4904,2024-06-02 10:15:00,67670.0,67374.5,-0.4366779961578247,LL (Lower Low)
4905,2024-06-02 19:15:00,67374.5,67279.7,-0.14070605347721007,LL (Lower Low)
4906,2024-06-03 00:30:00,67279.7,67621.5,0.5080284246213983,HL (Higher Low)
4907,2024-06-03 11:00:00,67621.5,68868.9,1.84467957676182,HL (Higher Low)
4908,2024-06-03 14:45:00,68868.9,68556.0,-0.4543415097380592,LL (Lower Low)
4909,2024-06-04 00:15:00,68556.0,68668.0,0.16337009160394422,HL (Higher Low)
4910,2024-06-04 06:00:00,68668.0,68807.6,0.20329702335877822,HL (Higher Low)
4911,2024-06-04 09:45:00,68807.6,68604.9,-0.29458955115424984,LL (Lower Low)
4912,2024-06-04 19:30:00,68604.9,70101.0,2.1807480223715885,HL (Higher Low)
4913,2024-06-05 14:15:00,70101.0,70406.0,0.435086518023994,HL (Higher Low)
4914,2024-06-05 19:00:00,70406.0,70888.0,0.684600744254751,HL (Higher Low)
4915,2024-06-05 23:15:00,70888.0,70707.6,-0.2544859496670722,LL (Lower Low)
4916,2024-06-06 05:45:00,70707.6,70820.8,0.16009594442464045,HL (Higher Low)
4917,2024-06-06 20:00:00,70820.8,70144.1,-0.9555102455775664,LL (Lower Low)
4918,2024-06-07 01:30:00,70144.1,70661.3,0.7373392772877505,HL (Higher Low)
4919,2024-06-07 08:00:00,70661.3,71081.4,0.5945262824204922,HL (Higher Low)
4920,2024-06-07 12:30:00,71081.4,70668.0,-0.5815867442115578,LL (Lower Low)
4921,2024-06-07 18:00:00,70668.0,68336.7,-3.2989471896756704,LL (Lower Low)
4922,2024-06-08 05:00:00,68336.7,69265.2,1.3587135463082065,HL (Higher Low)
4923,2024-06-08 13:30:00,69265.2,69204.0,-0.0883560575873557,LL (Lower Low)
4924,2024-06-08 16:15:00,69204.0,69334.5,0.1885729148604127,HL (Higher Low)
4925,2024-06-09 03:15:00,69334.5,69157.1,-0.25586107926067714,LL (Lower Low)
4926,2024-06-09 14:30:00,69157.1,69240.0,0.11987200157322121,HL (Higher Low)
4927,2024-06-09 20:30:00,69240.0,69577.1,0.48685730791450876,HL (Higher Low)
4928,2024-06-10 00:45:00,69577.1,69421.0,-0.22435542728858462,LL (Lower Low)
4929,2024-06-10 09:30:00,69421.0,69168.4,-0.36386684144568043,LL (Lower Low)
4930,2024-06-10 13:30:00,69168.4,69234.6,0.09570844489681943,HL (Higher Low)
4931,2024-06-10 20:00:00,69234.6,69324.0,0.12912618835090284,HL (Higher Low)
4932,2024-06-11 10:00:00,69324.0,66700.1,-3.784980670474863,LL (Lower Low)
4933,2024-06-11 15:30:00,66700.1,65931.6,-1.1521721856488971,LL (Lower Low)
4934,2024-06-12 01:15:00,65931.6,66859.4,1.4072159632103396,HL (Higher Low)
4935,2024-06-12 05:45:00,66859.4,67151.1,0.43628868939896515,HL (Higher Low)
4936,2024-06-12 19:45:00,67151.1,67228.0,0.11451785599937182,HL (Higher Low)
4937,2024-06-13 03:30:00,67228.0,66937.7,-0.4318141250669407,LL (Lower Low)
4938,2024-06-13 06:30:00,66937.7,67268.4,0.4940414743858799,HL (Higher Low)
4939,2024-06-13 09:45:00,67268.4,67152.6,-0.17214620832365327,LL (Lower Low)
4940,2024-06-13 16:00:00,67152.6,66225.9,-1.3799912438237858,LL (Lower Low)
4941,2024-06-13 20:30:00,66225.9,66477.9,0.380515780079999,HL (Higher Low)
4942,2024-06-14 01:30:00,66477.9,66450.5,-0.041216705100483295,LL (Lower Low)
4943,2024-06-14 11:00:00,66450.5,66727.3,0.41655066553299513,HL (Higher Low)
4944,2024-06-14 17:00:00,66727.3,65030.0,-2.5436365625463684,LL (Lower Low)
4945,2024-06-15 20:15:00,65030.0,65808.1,1.1965246809165089,HL (Higher Low)
4946,2024-06-16 04:15:00,65808.1,66007.5,0.3030022140131597,HL (Higher Low)
4947,2024-06-16 09:15:00,66007.5,66156.1,0.22512593265917635,HL (Higher Low)
4948,2024-06-16 20:00:00,66156.1,66421.1,0.4005677480988148,HL (Higher Low)
4949,2024-06-17 03:45:00,66421.1,66110.0,-0.46837526027121773,LL (Lower Low)
4950,2024-06-17 07:00:00,66110.0,65904.3,-0.3111480865224581,LL (Lower Low)
4951,2024-06-17 14:00:00,65904.3,65058.0,-1.2841347226205315,LL (Lower Low)
4952,2024-06-18 02:00:00,65058.0,64500.0,-0.8576962095361064,LL (Lower Low)
4953,2024-06-18 06:45:00,64500.0,65370.0,1.3488372093023255,HL (Higher Low)
4954,2024-06-18 14:00:00,65370.0,64200.0,-1.7898118402937127,LL (Lower Low)
4955,2024-06-18 19:45:00,64200.0,64026.6,-0.27009345794392753,LL (Lower Low)
4956,2024-06-19 01:45:00,64026.6,64780.0,1.1766984347130747,HL (Higher Low)
4957,2024-06-19 15:45:00,64780.0,64710.0,-0.1080580426057425,LL (Lower Low)
4958,2024-06-19 20:15:00,64710.0,64650.0,-0.09272137227630968,LL (Lower Low)
4959,2024-06-19 23:30:00,64650.0,64770.0,0.18561484918793503,HL (Higher Low)
4960,2024-06-20 16:15:00,64770.0,64514.2,-0.3949359271267607,LL (Lower Low)
4961,2024-06-21 00:15:00,64514.2,64601.1,0.13469902750092452,HL (Higher Low)
4962,2024-06-21 04:00:00,64601.1,64259.4,-0.5289383617306781,LL (Lower Low)
4963,2024-06-21 08:45:00,64259.4,63422.1,-1.3030000280114706,LL (Lower Low)
4964,2024-06-21 13:45:00,63422.1,63333.0,-0.1404873064751854,LL (Lower Low)
4965,2024-06-21 21:15:00,63333.0,63801.3,0.7394249443418168,HL (Higher Low)
4966,2024-06-22 00:30:00,63801.3,63904.1,0.1611252435295137,HL (Higher Low)
4967,2024-06-22 09:15:00,63904.1,64171.2,0.41797005199979115,HL (Higher Low)
4968,2024-06-22 19:30:00,64171.2,64190.0,0.02929663151071339,HL (Higher Low)
4969,2024-06-22 23:45:00,64190.0,64214.7,0.03847951394297724,HL (Higher Low)
4970,2024-06-23 05:30:00,64214.7,64299.7,0.13236844523138783,HL (Higher Low)
4971,2024-06-23 11:00:00,64299.7,64224.6,-0.11679681242680533,LL (Lower Low)
4972,2024-06-23 16:45:00,64224.6,63878.3,-0.5392014897718251,LL (Lower Low)
4973,2024-06-24 06:00:00,63878.3,62111.0,-2.7666672406748503,LL (Lower Low)
4974,2024-06-24 09:30:00,62111.0,60348.5,-2.8376616058347155,LL (Lower Low)
4975,2024-06-24 20:30:00,60348.5,58320.0,-3.361309726008103,LL (Lower Low)
4976,2024-06-25 07:45:00,58320.0,60581.0,3.876886145404664,HL (Higher Low)
4977,2024-06-25 18:00:00,60581.0,61110.7,0.8743665505686553,HL (Higher Low)
4978,2024-06-26 00:30:00,61110.7,61589.3,0.7831689049544611,HL (Higher Low)
4979,2024-06-26 10:45:00,61589.3,61120.0,-0.7619830067885215,LL (Lower Low)
4980,2024-06-26 20:15:00,61120.0,60666.0,-0.7428010471204188,LL (Lower Low)
4981,2024-06-27 00:15:00,60666.0,60725.9,0.09873734876207671,HL (Higher Low)
4982,2024-06-27 06:45:00,60725.9,60564.8,-0.26529042797224667,LL (Lower Low)
4983,2024-06-27 20:00:00,60564.8,61323.2,1.252212506274262,HL (Higher Low)
4984,2024-06-28 00:45:00,61323.2,61443.0,0.19535836355572267,HL (Higher Low)
4985,2024-06-28 08:00:00,61443.0,61155.1,-0.46856436046417244,LL (Lower Low)
4986,2024-06-28 20:00:00,61155.1,60011.5,-1.869999394980956,LL (Lower Low)
4987,2024-06-29 16:15:00,60011.5,60880.1,1.447389250393672,HL (Higher Low)
4988,2024-06-29 19:30:00,60880.1,60886.8,0.011005238164859068,HL (Higher Low)
4989,2024-06-29 22:45:00,60886.8,60762.3,-0.2044778178521453,LL (Lower Low)
4990,2024-06-30 05:15:00,60762.3,60673.0,-0.14696612866860356,LL (Lower Low)
4991,2024-06-30 12:30:00,60673.0,61280.5,1.0012690982809487,HL (Higher Low)
4992,2024-06-30 21:15:00,61280.5,61777.2,0.81053516208255,HL (Higher Low)
4993,2024-07-01 04:30:00,61777.2,63165.0,2.2464598589771034,HL (Higher Low)
4994,2024-07-01 13:45:00,63165.0,62464.4,-1.109158552996119,LL (Lower Low)
4995,2024-07-02 00:15:00,62464.4,62738.1,0.43816958139355716,HL (Higher Low)
4996,2024-07-02 08:00:00,62738.1,62401.3,-0.5368348738645188,LL (Lower Low)
4997,2024-07-02 16:00:00,62401.3,61779.6,-0.996293346452725,LL (Lower Low)
4998,2024-07-02 20:00:00,61779.6,61854.7,0.12156116258441063,HL (Higher Low)
4999,2024-07-03 03:15:00,61854.7,60555.1,-2.1010529515137875,LL (Lower Low)
5000,2024-07-03 10:30:00,60555.1,59500.2,-1.742049802576499,LL (Lower Low)
5001,2024-07-03 21:00:00,59500.2,59350.2,-0.2520999929412002,LL (Lower Low)
5002,2024-07-04 02:00:00,59350.2,57770.2,-2.6621645756880348,LL (Lower Low)
5003,2024-07-04 09:15:00,57770.2,56930.0,-1.4543830556238286,LL (Lower Low)
5004,2024-07-04 13:45:00,56930.0,56687.5,-0.4259617073599157,LL (Lower Low)
5005,2024-07-05 04:15:00,56687.5,53314.3,-5.95051819184123,LL (Lower Low)
5006,2024-07-05 13:00:00,53314.3,54810.0,2.805438690932821,HL (Higher Low)
5007,2024-07-05 18:15:00,54810.0,55782.6,1.7744937055281857,HL (Higher Low)
5008,2024-07-06 05:00:00,55782.6,56002.0,0.393312610025351,HL (Higher Low)
5009,2024-07-06 12:45:00,56002.0,56480.7,0.8547909003249832,HL (Higher Low)
5010,2024-07-07 01:15:00,56480.7,57803.6,2.342216013611732,HL (Higher Low)
5011,2024-07-07 07:30:00,57803.6,57057.0,-1.291615055117672,LL (Lower Low)
5012,2024-07-07 14:15:00,57057.0,56520.6,-0.9401125190598901,LL (Lower Low)
5013,2024-07-08 01:15:00,56520.6,54228.3,-4.055689430048505,LL (Lower Low)
5014,2024-07-08 14:30:00,54228.3,54856.0,1.1575136967229234,HL (Higher Low)
5015,2024-07-09 00:30:00,54856.0,56257.0,2.553959457488698,HL (Higher Low)
5016,2024-07-09 07:45:00,56257.0,56974.9,1.2761078621327149,HL (Higher Low)
5017,2024-07-09 15:00:00,56974.9,56862.0,-0.19815743423858828,LL (Lower Low)
5018,2024-07-10 01:00:00,56862.0,57309.1,0.7862896134501047,HL (Higher Low)
5019,2024-07-10 13:30:00,57309.1,57457.9,0.259644628863484,HL (Higher Low)
5020,2024-07-10 20:15:00,57457.9,57127.0,-0.5758999197673452,LL (Lower Low)
5021,2024-07-11 00:30:00,57127.0,57343.8,0.37950531272428606,HL (Higher Low)
5022,2024-07-11 03:15:00,57343.8,57016.1,-0.5714654417740093,LL (Lower Low)
5023,2024-07-11 16:00:00,57016.1,57162.0,0.25589263383500704,HL (Higher Low)
5024,2024-07-11 20:00:00,57162.0,57180.7,0.03271404079632814,HL (Higher Low)
5025,2024-07-12 01:15:00,57180.7,56513.3,-1.1671770370072319,LL (Lower Low)
5026,2024-07-12 04:30:00,56513.3,56680.8,0.2963904072138771,HL (Higher Low)
5027,2024-07-12 10:15:00,56680.8,56733.0,0.09209467756276743,HL (Higher Low)
5028,2024-07-12 20:15:00,56733.0,57118.0,0.6786173831808647,HL (Higher Low)
5029,2024-07-13 05:00:00,57118.0,57711.2,1.0385517700199536,HL (Higher Low)
5030,2024-07-13 09:00:00,57711.2,57885.0,0.30115471520260007,HL (Higher Low)
5031,2024-07-13 17:30:00,57885.0,58530.6,1.1153148484063204,HL (Higher Low)
5032,2024-07-13 22:15:00,58530.6,58228.5,-0.5161402753431514,LL (Lower Low)
5033,2024-07-14 14:30:00,58228.5,59426.0,2.056553062503757,HL (Higher Low)
5034,2024-07-14 20:00:00,59426.0,59850.0,0.7134924107293104,HL (Higher Low)
5035,2024-07-15 11:15:00,59850.0,62275.0,4.051796157059314,HL (Higher Low)
5036,2024-07-16 08:30:00,62275.0,62350.3,0.12091529506222869,HL (Higher Low)
5037,2024-07-16 14:00:00,62350.3,63029.3,1.0890083929026806,HL (Higher Low)
5038,2024-07-16 22:00:00,63029.3,64111.1,1.7163446206764088,HL (Higher Low)
5039,2024-07-17 08:15:00,64111.1,64775.9,1.0369499197486909,HL (Higher Low)
5040,2024-07-17 16:30:00,64775.9,63800.0,-1.5065788356472105,LL (Lower Low)
5041,2024-07-17 21:00:00,63800.0,64001.3,0.3155172413793149,HL (Higher Low)
5042,2024-07-18 00:00:00,64001.3,63858.7,-0.2228079742130329,LL (Lower Low)
5043,2024-07-18 05:15:00,63858.7,64366.2,0.7947233501464953,HL (Higher Low)
5044,2024-07-18 11:00:00,64366.2,64401.2,0.05437636523517002,HL (Higher Low)
5045,2024-07-18 16:00:00,64401.2,63265.4,-1.7636317335701752,LL (Lower Low)
5046,2024-07-18 19:15:00,63265.4,63200.0,-0.10337404015465239,LL (Lower Low)
5047,2024-07-19 01:15:00,63200.0,63281.0,0.1281645569620253,HL (Higher Low)
5048,2024-07-19 08:15:00,63281.0,63361.9,0.12784248036535684,HL (Higher Low)
5049,2024-07-20 01:45:00,63361.9,66202.0,4.48234664680194,HL (Higher Low)
5050,2024-07-20 05:30:00,66202.0,66400.1,0.29923567263829765,HL (Higher Low)
5051,2024-07-20 08:45:00,66400.1,66421.0,0.03147585621105116,HL (Higher Low)
5052,2024-07-20 13:15:00,66421.0,66251.0,-0.255943150509628,LL (Lower Low)
5053,2024-07-20 21:00:00,66251.0,66754.0,0.7592338228856923,HL (Higher Low)
5054,2024-07-21 07:00:00,66754.0,66556.0,-0.2966114390148905,LL (Lower Low)
5055,2024-07-21 13:30:00,66556.0,66562.9,0.01036720956787394,HL (Higher Low)
5056,2024-07-21 18:00:00,66562.9,65738.0,-1.2392789376664692,LL (Lower Low)
5057,2024-07-22 01:30:00,65738.0,67698.5,2.9822933463141563,HL (Higher Low)
5058,2024-07-22 09:00:00,67698.5,66925.0,-1.1425659357297429,LL (Lower Low)
5059,2024-07-22 15:00:00,66925.0,66543.0,-0.5707881957415016,LL (Lower Low)
5060,2024-07-22 23:00:00,66543.0,67132.1,0.8852922170626599,HL (Higher Low)
5061,2024-07-23 07:30:00,67132.1,66230.0,-1.3437684803544143,LL (Lower Low)
5062,2024-07-23 13:45:00,66230.0,65920.7,-0.4670089083496949,LL (Lower Low)
5063,2024-07-23 19:45:00,65920.7,65371.6,-0.8329705236746554,LL (Lower Low)
5064,2024-07-24 02:15:00,65371.6,65449.4,0.11901192566803155,HL (Higher Low)
5065,2024-07-24 05:15:00,65449.4,65603.0,0.23468511552435706,HL (Higher Low)
5066,2024-07-24 21:30:00,65603.0,64903.0,-1.0670243738853407,LL (Lower Low)
5067,2024-07-25 04:00:00,64903.0,63750.0,-1.7764972343343142,LL (Lower Low)
5068,2024-07-25 08:15:00,63750.0,63800.0,0.0784313725490196,HL (Higher Low)
5069,2024-07-25 14:00:00,63800.0,63378.5,-0.6606583072100314,LL (Lower Low)
5070,2024-07-25 18:45:00,63378.5,64330.0,1.5012977587036613,HL (Higher Low)
5071,2024-07-26 05:45:00,64330.0,66835.5,3.894761386600342,HL (Higher Low)
5072,2024-07-26 14:30:00,66835.5,66857.6,0.033066259697325254,HL (Higher Low)
5073,2024-07-27 01:45:00,66857.6,67616.0,1.1343512181113204,HL (Higher Low)
5074,2024-07-27 20:15:00,67616.0,66608.3,-1.4903277330809233,LL (Lower Low)
5075,2024-07-28 00:00:00,66608.3,67226.1,0.9275120367882124,HL (Higher Low)
5076,2024-07-28 05:00:00,67226.1,67026.9,-0.29631348538738916,LL (Lower Low)
5077,2024-07-28 08:30:00,67026.9,67191.7,0.2458714337079634,HL (Higher Low)
5078,2024-07-28 15:30:00,67191.7,67588.0,0.5898049907949984,HL (Higher Low)
5079,2024-07-28 21:00:00,67588.0,67804.0,0.31958335799254306,HL (Higher Low)
5080,2024-07-29 08:30:00,67804.0,69371.0,2.3110730930328596,HL (Higher Low)
5081,2024-07-29 17:00:00,69371.0,66360.9,-4.339133067131807,LL (Lower Low)
5082,2024-07-30 00:15:00,66360.9,65801.4,-0.8431169559183195,LL (Lower Low)
5083,2024-07-30 05:30:00,65801.4,66278.9,0.7256684508232348,HL (Higher Low)
5084,2024-07-30 15:00:00,66278.9,65522.0,-1.141992398787539,LL (Lower Low)
5085,2024-07-30 20:00:00,65522.0,65265.0,-0.3922346692713898,LL (Lower Low)
5086,2024-07-31 00:00:00,65265.0,65850.0,0.8963456676626063,HL (Higher Low)
5087,2024-07-31 04:45:00,65850.0,65477.0,-0.5664388762338648,LL (Lower Low)
5088,2024-07-31 10:30:00,65477.0,65901.3,0.648013806374762,HL (Higher Low)
5089,2024-07-31 14:15:00,65901.3,65940.0,0.058724182982728856,HL (Higher Low)
5090,2024-07-31 21:00:00,65940.0,64502.4,-2.1801637852593245,LL (Lower Low)
5091,2024-08-01 04:45:00,64502.4,63513.5,-1.5331212482016194,LL (Lower Low)
5092,2024-08-01 17:45:00,63513.5,62217.7,-2.040196178765149,LL (Lower Low)
5093,2024-08-02 02:30:00,62217.7,63650.0,2.3020780260279676,HL (Higher Low)
5094,2024-08-02 06:30:00,63650.0,63756.6,0.16747839748625068,HL (Higher Low)
5095,2024-08-02 15:15:00,63756.6,62410.0,-2.1120950615308822,LL (Lower Low)
5096,2024-08-03 01:00:00,62410.0,60465.0,-3.1164877423489825,LL (Lower Low)
5097,2024-08-03 09:00:00,60465.0,61418.8,1.577441495079803,HL (Higher Low)
5098,2024-08-03 21:00:00,61418.8,59822.0,-2.599855418861982,LL (Lower Low)
5099,2024-08-04 01:30:00,59822.0,60270.5,0.7497241817391596,HL (Higher Low)
5100,2024-08-04 04:45:00,60270.5,60508.7,0.3952182245045206,HL (Higher Low)
5101,2024-08-04 08:00:00,60508.7,60076.0,-0.7151037784649101,LL (Lower Low)
5102,2024-08-04 17:30:00,60076.0,57150.0,-4.870497369998002,LL (Lower Low)
5103,2024-08-05 01:00:00,57150.0,52157.6,-8.735608048993878,LL (Lower Low)
5104,2024-08-05 06:15:00,52157.6,48914.1,-6.218652698743807,LL (Lower Low)
5105,2024-08-05 12:45:00,48914.1,49521.1,1.240950973236756,HL (Higher Low)
5106,2024-08-05 19:15:00,49521.1,52521.1,6.058023751491789,HL (Higher Low)
5107,2024-08-05 23:45:00,52521.1,53846.6,2.523747598584188,HL (Higher Low)
5108,2024-08-06 04:45:00,53846.6,55221.1,2.5526217068487145,HL (Higher Low)
5109,2024-08-06 08:45:00,55221.1,54581.1,-1.1589772749909002,LL (Lower Low)
5110,2024-08-06 13:15:00,54581.1,54324.7,-0.469759678716628,LL (Lower Low)
5111,2024-08-07 00:15:00,54324.7,55518.4,2.1973430133990695,HL (Higher Low)
5112,2024-08-07 07:15:00,55518.4,56510.0,1.7860745266434164,HL (Higher Low)
5113,2024-08-07 14:30:00,56510.0,55664.2,-1.4967262431428117,LL (Lower Low)
5114,2024-08-07 22:15:00,55664.2,54517.7,-2.05967210523101,LL (Lower Low)
5115,2024-08-08 04:45:00,54517.7,56660.0,3.929549485763345,HL (Higher Low)
5116,2024-08-08 09:00:00,56660.0,56953.0,0.5171196611366043,HL (Higher Low)
5117,2024-08-08 13:45:00,56953.0,56622.0,-0.581180973785402,LL (Lower Low)
5118,2024-08-08 19:45:00,56622.0,59181.0,4.519444738794108,HL (Higher Low)
5119,2024-08-09 01:00:00,59181.0,60745.3,2.6432469880536034,HL (Higher Low)
5120,2024-08-09 05:00:00,60745.3,60544.2,-0.3310544190250206,LL (Lower Low)
5121,2024-08-09 10:15:00,60544.2,60129.2,-0.6854496384459619,LL (Lower Low)
5122,2024-08-09 14:30:00,60129.2,59488.0,-1.0663704157048441,LL (Lower Low)
5123,2024-08-09 21:15:00,59488.0,59891.0,0.6774475524475524,HL (Higher Low)
5124,2024-08-10 04:15:00,59891.0,60223.0,0.5543403850328096,HL (Higher Low)
5125,2024-08-10 14:00:00,60223.0,60365.0,0.23579031267123857,HL (Higher Low)
5126,2024-08-10 23:15:00,60365.0,60723.5,0.5938871862834424,HL (Higher Low)
5127,2024-08-11 04:45:00,60723.5,60843.9,0.19827579108582585,HL (Higher Low)
5128,2024-08-11 15:00:00,60843.9,59908.3,-1.5377055053998814,LL (Lower Low)
5129,2024-08-11 20:30:00,59908.3,58264.0,-2.7446948085657628,LL (Lower Low)
5130,2024-08-12 00:30:00,58264.0,58024.1,-0.41174653302210873,LL (Lower Low)
5131,2024-08-12 07:15:00,58024.1,57555.0,-0.8084571755529143,LL (Lower Low)
5132,2024-08-12 10:00:00,57555.0,58077.5,0.9078272956302668,HL (Higher Low)
5133,2024-08-12 14:00:00,58077.5,57736.0,-0.5880074038999612,LL (Lower Low)
5134,2024-08-12 18:45:00,57736.0,58396.2,1.1434806706387646,HL (Higher Low)
5135,2024-08-13 04:00:00,58396.2,58815.6,0.7181974169552153,HL (Higher Low)
5136,2024-08-13 10:15:00,58815.6,58380.0,-0.7406198355538302,LL (Lower Low)
5137,2024-08-13 19:15:00,58380.0,60208.2,3.131551901336069,HL (Higher Low)
5138,2024-08-13 23:45:00,60208.2,60357.4,0.2478067771499636,HL (Higher Low)
5139,2024-08-14 08:15:00,60357.4,60587.2,0.38073210575670197,HL (Higher Low)
5140,2024-08-14 14:00:00,60587.2,58769.0,-3.0009638999656647,LL (Lower Low)
5141,2024-08-14 16:45:00,58769.0,58519.9,-0.4238629209276975,LL (Lower Low)
5142,2024-08-14 22:00:00,58519.9,58399.1,-0.2064255065370975,LL (Lower Low)
5143,2024-08-15 02:00:00,58399.1,57905.3,-0.8455609761109258,LL (Lower Low)
5144,2024-08-15 07:30:00,57905.3,57690.0,-0.3718139790312854,LL (Lower Low)
5145,2024-08-15 20:45:00,57690.0,56052.1,-2.8391402322759602,LL (Lower Low)
5146,2024-08-16 01:15:00,56052.1,57071.7,1.81902194565413,HL (Higher Low)
5147,2024-08-16 12:30:00,57071.7,57472.7,0.7026249437111564,HL (Higher Low)
5148,2024-08-16 15:30:00,57472.7,57601.2,0.22358441486131675,HL (Higher Low)
5149,2024-08-16 23:00:00,57601.2,58671.2,1.8576001888849538,HL (Higher Low)
5150,2024-08-17 03:45:00,58671.2,58960.3,0.49274601508066285,HL (Higher Low)
5151,2024-08-17 07:00:00,58960.3,59017.7,0.09735364304454722,HL (Higher Low)
5152,2024-08-17 11:00:00,59017.7,59034.9,0.02914379923311882,HL (Higher Low)
5153,2024-08-17 18:30:00,59034.9,59222.5,0.31777812785318266,HL (Higher Low)
5154,2024-08-17 21:30:00,59222.5,59101.2,-0.2048208029043065,LL (Lower Low)
5155,2024-08-18 04:00:00,59101.2,59222.0,0.20439517302525656,HL (Higher Low)
5156,2024-08-18 14:30:00,59222.0,59633.0,0.6939988517780554,HL (Higher Low)
5157,2024-08-18 17:15:00,59633.0,59324.7,-0.516995623228754,LL (Lower Low)
5158,2024-08-19 00:15:00,59324.7,58140.7,-1.9957960175104132,LL (Lower Low)
5159,2024-08-19 05:30:00,58140.7,58322.2,0.3121737440381695,HL (Higher Low)
5160,2024-08-19 10:00:00,58322.2,57753.1,-0.9757862357729965,LL (Lower Low)
5161,2024-08-20 16:00:00,57753.1,58400.0,1.120113032893475,HL (Higher Low)
5162,2024-08-20 21:00:00,58400.0,58804.5,0.6926369863013698,HL (Higher Low)
5163,2024-08-21 01:15:00,58804.5,58728.4,-0.12941186473824035,LL (Lower Low)
5164,2024-08-21 09:30:00,58728.4,59050.4,0.548286689233829,HL (Higher Low)
5165,2024-08-21 13:30:00,59050.4,58805.0,-0.4155772018479154,LL (Lower Low)
5166,2024-08-22 02:45:00,58805.0,59623.9,1.3925686591276278,HL (Higher Low)
5167,2024-08-22 15:45:00,59623.9,60066.5,0.7423197744528596,HL (Higher Low)
5168,2024-08-22 23:00:00,60066.5,60262.4,0.326138529796145,HL (Higher Low)
5169,2024-08-23 11:45:00,60262.4,60661.1,0.6616065739167326,HL (Higher Low)
5170,2024-08-23 14:45:00,60661.1,60761.1,0.16485029120803943,HL (Higher Low)
5171,2024-08-24 01:30:00,60761.1,63596.8,4.666966200414417,HL (Higher Low)
5172,2024-08-24 11:45:00,63596.8,63818.1,0.3479734829425311,HL (Higher Low)
5173,2024-08-24 16:00:00,63818.1,63818.0,-0.00015669535758436058,LL (Lower Low)
5174,2024-08-24 21:45:00,63818.0,63520.0,-0.4669528973017017,LL (Lower Low)
5175,2024-08-25 07:45:00,63520.0,63750.0,0.3620906801007557,HL (Higher Low)
5176,2024-08-25 16:30:00,63750.0,63963.2,0.33443137254901506,HL (Higher Low)
5177,2024-08-26 02:15:00,63963.2,63729.4,-0.36552267553842777,LL (Lower Low)
5178,2024-08-26 09:30:00,63729.4,63177.0,-0.8667898960291505,LL (Lower Low)
5179,2024-08-26 15:15:00,63177.0,63034.8,-0.2250819127213972,LL (Lower Low)
5180,2024-08-26 18:00:00,63034.8,63150.0,0.18275619181784836,HL (Higher Low)
5181,2024-08-27 00:45:00,63150.0,62620.0,-0.8392715756136183,LL (Lower Low)
5182,2024-08-27 15:30:00,62620.0,61410.0,-1.932290003193868,LL (Lower Low)
5183,2024-08-27 22:15:00,61410.0,57869.5,-5.765347663247028,LL (Lower Low)
5184,2024-08-28 01:30:00,57869.5,58868.8,1.7268163713182298,HL (Higher Low)
5185,2024-08-28 07:45:00,58868.8,58445.9,-0.7183771369554015,LL (Lower Low)
5186,2024-08-28 16:15:00,58445.9,57800.0,-1.1051245681904143,LL (Lower Low)
5187,2024-08-29 01:45:00,57800.0,58833.3,1.7877162629757835,HL (Higher Low)
5188,2024-08-29 18:45:00,58833.3,58868.0,0.05898020338821226,HL (Higher Low)
5189,2024-08-29 22:00:00,58868.0,58618.2,-0.4243391995651337,LL (Lower Low)
5190,2024-08-30 05:15:00,58618.2,58643.0,0.042307679184968,HL (Higher Low)
5191,2024-08-30 16:15:00,58643.0,57665.7,-1.6665245638865729,LL (Lower Low)
5192,2024-08-31 03:00:00,57665.7,59101.8,2.4903885672072064,HL (Higher Low)
5193,2024-08-31 09:15:00,59101.8,58801.7,-0.5077679529219175,LL (Lower Low)
5194,2024-08-31 14:00:00,58801.7,58855.7,0.09183407962694956,HL (Higher Low)
5195,2024-08-31 17:45:00,58855.7,58705.9,-0.2545208025730654,LL (Lower Low)
5196,2024-09-01 02:15:00,58705.9,58227.6,-0.8147392340463274,LL (Lower Low)
5197,2024-09-01 05:30:00,58227.6,57719.8,-0.8720950202309483,LL (Lower Low)
5198,2024-09-01 14:00:00,57719.8,56913.4,-1.3970942380257751,LL (Lower Low)
5199,2024-09-02 00:45:00,56913.4,57072.2,0.27902040644206044,HL (Higher Low)
5200,2024-09-02 07:30:00,57072.2,57322.1,0.4378664218305961,HL (Higher Low)
5201,2024-09-02 14:00:00,57322.1,58062.9,1.2923462329537874,HL (Higher Low)
5202,2024-09-02 17:15:00,58062.9,58271.2,0.3587488740658762,HL (Higher Low)
5203,2024-09-03 08:30:00,58271.2,58680.1,0.7017188594022459,HL (Higher Low)
5204,2024-09-03 14:45:00,58680.1,57540.0,-1.9429073910916965,LL (Lower Low)
5205,2024-09-03 18:00:00,57540.0,57550.0,0.01737921445950643,HL (Higher Low)
5206,2024-09-04 01:00:00,57550.0,55501.0,-3.5603822762814943,LL (Lower Low)
5207,2024-09-04 05:45:00,55501.0,56130.0,1.1333129132808417,HL (Higher Low)
5208,2024-09-04 10:15:00,56130.0,56424.0,0.523784072688402,HL (Higher Low)
5209,2024-09-04 14:00:00,56424.0,56130.0,-0.5210548702679711,LL (Lower Low)
5210,2024-09-04 18:30:00,56130.0,57594.2,2.608587208266519,HL (Higher Low)
5211,2024-09-05 03:30:00,57594.2,56886.0,-1.2296377065746154,LL (Lower Low)
5212,2024-09-05 06:15:00,56886.0,56491.0,-0.6943711985374257,LL (Lower Low)
5213,2024-09-05 12:15:00,56491.0,56294.3,-0.34819705793842753,LL (Lower Low)
5214,2024-09-05 15:30:00,56294.3,55761.7,-0.9460993386541902,LL (Lower Low)
5215,2024-09-05 21:30:00,55761.7,55509.8,-0.45174375960559704,LL (Lower Low)
5216,2024-09-06 07:30:00,55509.8,55205.0,-0.549092232362579,LL (Lower Low)
5217,2024-09-06 21:00:00,55205.0,52500.2,-4.899556199619605,LL (Lower Low)
5218,2024-09-07 09:15:00,52500.2,54141.0,3.125321427346949,HL (Higher Low)
5219,2024-09-07 17:45:00,54141.0,53970.3,-0.3152878594780242,LL (Lower Low)
5220,2024-09-07 23:00:00,53970.3,53782.5,-0.3479691608162321,LL (Lower Low)
5221,2024-09-08 06:30:00,53782.5,54233.7,0.8389345976851151,HL (Higher Low)
5222,2024-09-08 16:00:00,54233.7,53607.5,-1.154632636165331,LL (Lower Low)
5223,2024-09-08 20:30:00,53607.5,54159.9,1.0304528284288608,HL (Higher Low)
5224,2024-09-09 05:45:00,54159.9,54560.3,0.7392923546756944,HL (Higher Low)
5225,2024-09-09 14:30:00,54560.3,54760.0,0.3660170490264846,HL (Higher Low)
5226,2024-09-10 00:15:00,54760.0,56600.2,3.3604821037253414,HL (Higher Low)
5227,2024-09-10 04:30:00,56600.2,56350.0,-0.44204790795791726,LL (Lower Low)
5228,2024-09-10 14:15:00,56350.0,56485.1,0.2397515527950285,HL (Higher Low)
5229,2024-09-11 05:15:00,56485.1,56037.8,-0.7918902507032751,LL (Lower Low)
5230,2024-09-11 14:45:00,56037.8,55530.1,-0.9059955958299655,LL (Lower Low)
5231,2024-09-11 22:15:00,55530.1,57182.5,2.975683458160532,HL (Higher Low)
5232,2024-09-12 06:30:00,57182.5,57801.2,1.08197438027368,HL (Higher Low)
5233,2024-09-12 13:45:00,57801.2,57306.6,-0.8556915773374923,LL (Lower Low)
5234,2024-09-12 21:30:00,57306.6,57645.6,0.5915548994356671,HL (Higher Low)
5235,2024-09-13 01:00:00,57645.6,57835.7,0.3297736514148496,HL (Higher Low)
5236,2024-09-13 06:45:00,57835.7,57700.7,-0.23341984276147779,LL (Lower Low)
5237,2024-09-13 12:15:00,57700.7,57579.0,-0.21091598542131565,LL (Lower Low)
5238,2024-09-14 06:30:00,57579.0,59851.2,3.9462303964987187,HL (Higher Low)
5239,2024-09-14 11:45:00,59851.2,59560.0,-0.48653995241531844,LL (Lower Low)
5240,2024-09-14 18:00:00,59560.0,59357.7,-0.33965748824715064,LL (Lower Low)
5241,2024-09-15 04:15:00,59357.7,60018.9,1.1139245624409375,HL (Higher Low)
5242,2024-09-15 10:30:00,60018.9,59832.0,-0.3114019083988568,LL (Lower Low)
5243,2024-09-15 14:15:00,59832.0,59845.6,0.02273031153897337,HL (Higher Low)
5244,2024-09-15 17:00:00,59845.6,59677.6,-0.28072239228949164,LL (Lower Low)
5245,2024-09-16 02:45:00,59677.6,58065.0,-2.7021864150032817,LL (Lower Low)
5246,2024-09-16 17:00:00,58065.0,57450.0,-1.0591578403513304,LL (Lower Low)
5247,2024-09-16 21:00:00,57450.0,57569.5,0.2080069625761532,HL (Higher Low)
5248,2024-09-17 00:45:00,57569.5,57568.0,-0.0026055463396416506,LL (Lower Low)
5249,2024-09-17 13:45:00,57568.0,58838.5,2.206955252918288,HL (Higher Low)
5250,2024-09-17 19:45:00,58838.5,59531.2,1.1772903795983871,HL (Higher Low)
5251,2024-09-18 00:30:00,59531.2,59835.0,0.5103206385895177,HL (Higher Low)
5252,2024-09-18 10:15:00,59835.0,59353.1,-0.8053814656973367,LL (Lower Low)
5253,2024-09-18 16:00:00,59353.1,59126.2,-0.38228837246917424,LL (Lower Low)
5254,2024-09-18 20:00:00,59126.2,59447.4,0.5432447882664613,HL (Higher Low)
5255,2024-09-19 06:00:00,59447.4,61782.2,3.92750566046622,HL (Higher Low)
5256,2024-09-19 22:15:00,61782.2,62620.0,1.3560540090835274,HL (Higher Low)
5257,2024-09-20 01:00:00,62620.0,62562.5,-0.09182369849888214,LL (Lower Low)
5258,2024-09-20 08:30:00,62562.5,63076.1,0.8209390609390586,HL (Higher Low)
5259,2024-09-20 14:00:00,63076.1,62550.0,-0.8340718592303559,LL (Lower Low)
5260,2024-09-20 18:00:00,62550.0,62310.0,-0.38369304556354916,LL (Lower Low)
5261,2024-09-21 01:15:00,62310.0,62733.1,0.6790242336703556,HL (Higher Low)
5262,2024-09-21 05:00:00,62733.1,62712.8,-0.032359312707319794,LL (Lower Low)
5263,2024-09-21 10:45:00,62712.8,62935.6,0.3552703754257434,HL (Higher Low)
5264,2024-09-21 21:45:00,62935.6,63014.5,0.12536624740210858,HL (Higher Low)
5265,2024-09-22 02:15:00,63014.5,62801.0,-0.3388109086004015,LL (Lower Low)
5266,2024-09-22 06:30:00,62801.0,62757.7,-0.06894794668875162,LL (Lower Low)
5267,2024-09-22 11:15:00,62757.7,62525.0,-0.37079115391417644,LL (Lower Low)
5268,2024-09-22 14:00:00,62525.0,62434.1,-0.1453818472610979,LL (Lower Low)
5269,2024-09-22 22:00:00,62434.1,62350.0,-0.13470202982024013,LL (Lower Low)
5270,2024-09-23 08:15:00,62350.0,63230.0,1.4113873295910184,HL (Higher Low)
5271,2024-09-23 13:45:00,63230.0,63035.6,-0.3074489957298774,LL (Lower Low)
5272,2024-09-23 21:15:00,63035.6,63060.0,0.03870828547678051,HL (Higher Low)
5273,2024-09-24 02:00:00,63060.0,62634.0,-0.6755470980019029,LL (Lower Low)
5274,2024-09-24 11:00:00,62634.0,63335.4,1.1198390650445467,HL (Higher Low)
5275,2024-09-24 14:30:00,63335.4,62666.0,-1.056912879684981,LL (Lower Low)
5276,2024-09-25 00:45:00,62666.0,63957.8,2.061404908562862,HL (Higher Low)
5277,2024-09-25 07:15:00,63957.8,63557.4,-0.6260377936702035,LL (Lower Low)
5278,2024-09-25 10:00:00,63557.4,63377.4,-0.2832085642269822,LL (Lower Low)
5279,2024-09-25 13:30:00,63377.4,63245.7,-0.20780278143313602,LL (Lower Low)
5280,2024-09-25 17:45:00,63245.7,62957.6,-0.4555250396469619,LL (Lower Low)
5281,2024-09-26 01:30:00,62957.6,62650.0,-0.4885827922284181,LL (Lower Low)
5282,2024-09-26 09:00:00,62650.0,63552.8,1.4410215482841227,HL (Higher Low)
5283,2024-09-26 13:30:00,63552.8,64131.0,0.9097946903991596,HL (Higher Low)
5284,2024-09-26 21:00:00,64131.0,64588.0,0.7126038889148774,HL (Higher Low)
5285,2024-09-27 03:00:00,64588.0,64789.0,0.3112033195020747,HL (Higher Low)
5286,2024-09-27 12:15:00,64789.0,65284.0,0.7640185834015033,HL (Higher Low)
5287,2024-09-27 18:30:00,65284.0,65483.6,0.30574106978738824,HL (Higher Low)
5288,2024-09-27 23:30:00,65483.6,65648.6,0.2519714859903965,HL (Higher Low)
5289,2024-09-28 09:00:00,65648.6,65423.7,-0.3425815630493395,LL (Lower Low)
5290,2024-09-28 13:15:00,65423.7,65394.5,-0.04463214400897089,LL (Lower Low)
5291,2024-09-28 16:45:00,65394.5,65466.1,0.10948933014244096,HL (Higher Low)
5292,2024-09-28 21:15:00,65466.1,65310.0,-0.23844401911828952,LL (Lower Low)
5293,2024-09-29 07:45:00,65310.0,65370.5,0.09263512478946563,HL (Higher Low)
5294,2024-09-30 03:00:00,65370.5,64170.0,-1.8364552818167217,LL (Lower Low)
5295,2024-09-30 10:00:00,64170.0,63225.1,-1.4724949353280372,LL (Lower Low)
5296,2024-09-30 18:30:00,63225.1,63018.4,-0.3269271222979436,LL (Lower Low)
5297,2024-09-30 23:30:00,63018.4,62800.0,-0.34656544755182844,LL (Lower Low)
5298,2024-10-01 17:15:00,62800.0,61021.4,-2.832165605095539,LL (Lower Low)
5299,2024-10-01 20:30:00,61021.4,60118.9,-1.4789893381666104,LL (Lower Low)
5300,2024-10-02 05:45:00,60118.9,61327.0,2.0095178055486684,HL (Higher Low)
5301,2024-10-02 13:30:00,61327.0,60502.8,-1.3439431245617706,LL (Lower Low)
5302,2024-10-02 19:45:00,60502.8,59952.9,-0.9088835558023786,LL (Lower Low)
5303,2024-10-03 09:00:00,59952.9,60092.0,0.23201546547372778,HL (Higher Low)
5304,2024-10-03 13:15:00,60092.0,59840.2,-0.41902416295014794,LL (Lower Low)
5305,2024-10-03 17:00:00,59840.2,59893.1,0.08840211095551395,HL (Higher Low)
5306,2024-10-04 00:45:00,59893.1,60414.0,0.8697162110493553,HL (Higher Low)
5307,2024-10-04 14:30:00,60414.0,60753.9,0.5626179362399468,HL (Higher Low)
5308,2024-10-04 23:30:00,60753.9,61948.0,1.9654705294639498,HL (Higher Low)
5309,2024-10-05 03:00:00,61948.0,61650.0,-0.4810486214244205,LL (Lower Low)
5310,2024-10-05 21:00:00,61650.0,61677.5,0.0446066504460665,HL (Higher Low)
5311,2024-10-06 04:30:00,61677.5,61791.3,0.18450812695067553,HL (Higher Low)
5312,2024-10-06 21:45:00,61791.3,62253.8,0.7484872465864936,HL (Higher Low)
5313,2024-10-07 06:00:00,62253.8,63260.7,1.617411306619024,HL (Higher Low)
5314,2024-10-07 11:00:00,63260.7,62633.0,-0.9922432094491479,LL (Lower Low)
5315,2024-10-07 18:45:00,62633.0,62688.0,0.08781313365158941,HL (Higher Low)
5316,2024-10-07 23:00:00,62688.0,62055.0,-1.0097626339969372,LL (Lower Low)
5317,2024-10-08 07:15:00,62055.0,61944.2,-0.1785512851502746,LL (Lower Low)
5318,2024-10-08 15:30:00,61944.2,61803.4,-0.22730134540440533,LL (Lower Low)
5319,2024-10-08 19:15:00,61803.4,61836.0,0.052747907073071296,HL (Higher Low)
5320,2024-10-09 00:30:00,61836.0,61952.7,0.18872501455462365,HL (Higher Low)
5321,2024-10-09 08:30:00,61952.7,62020.6,0.10959974302976538,HL (Higher Low)
5322,2024-10-09 14:45:00,62020.6,61620.0,-0.6459144219823713,LL (Lower Low)
5323,2024-10-09 20:45:00,61620.0,60266.0,-2.1973385264524503,LL (Lower Low)
5324,2024-10-10 00:15:00,60266.0,60339.0,0.12112965851392161,HL (Higher Low)
5325,2024-10-10 09:15:00,60339.0,60591.0,0.41764033212350227,HL (Higher Low)
5326,2024-10-10 18:00:00,60591.0,58900.0,-2.7908435246158674,LL (Lower Low)
5327,2024-10-11 01:30:00,58900.0,60064.4,1.976910016977931,HL (Higher Low)
5328,2024-10-11 22:30:00,60064.4,62306.4,3.732660277968314,HL (Higher Low)
5329,2024-10-12 03:15:00,62306.4,62460.5,0.24732611738119767,HL (Higher Low)
5330,2024-10-12 19:15:00,62460.5,62881.7,0.6743461867900467,HL (Higher Low)
5331,2024-10-13 03:15:00,62881.7,62607.0,-0.4368520571167718,LL (Lower Low)
5332,2024-10-13 07:45:00,62607.0,62686.0,0.12618397303815868,HL (Higher Low)
5333,2024-10-13 11:45:00,62686.0,62488.0,-0.315860000638101,LL (Lower Low)
5334,2024-10-13 15:30:00,62488.0,62012.1,-0.7615862245551169,LL (Lower Low)
5335,2024-10-14 00:45:00,62012.1,62422.5,0.66180632489466,HL (Higher Low)
5336,2024-10-14 13:15:00,62422.5,64611.5,3.5067483679762907,HL (Higher Low)
5337,2024-10-14 17:15:00,64611.5,65543.9,1.4430867570014536,HL (Higher Low)
5338,2024-10-14 21:30:00,65543.9,65650.0,0.16187623867363068,HL (Higher Low)
5339,2024-10-15 05:30:00,65650.0,65210.2,-0.6699162223914743,LL (Lower Low)
5340,2024-10-15 11:45:00,65210.2,65254.0,0.06716740632600868,HL (Higher Low)
5341,2024-10-15 15:00:00,65254.0,64762.1,-0.7538235203972192,LL (Lower Low)
5342,2024-10-15 21:15:00,64762.1,66100.6,2.0667952398084792,HL (Higher Low)
5343,2024-10-16 07:15:00,66100.6,66750.0,0.9824419142942638,HL (Higher Low)
5344,2024-10-16 13:30:00,66750.0,67085.3,0.5023220973782815,HL (Higher Low)
5345,2024-10-16 21:45:00,67085.3,67461.7,0.5610767187446343,HL (Higher Low)
5346,2024-10-17 01:30:00,67461.7,67357.0,-0.15519917227107694,LL (Lower Low)
5347,2024-10-17 07:00:00,67357.0,67050.0,-0.4557803940199237,LL (Lower Low)
5348,2024-10-17 13:30:00,67050.0,66650.1,-0.5964205816554723,LL (Lower Low)
5349,2024-10-17 18:15:00,66650.1,66675.7,0.03840954477186271,HL (Higher Low)
5350,2024-10-18 00:45:00,66675.7,67157.0,0.721852189028391,HL (Higher Low)
5351,2024-10-18 12:45:00,67157.0,67621.6,0.6918117247643668,HL (Higher Low)
5352,2024-10-18 21:45:00,67621.6,68100.0,0.7074662533864833,HL (Higher Low)
5353,2024-10-19 07:15:00,68100.0,68272.4,0.2531571218795803,HL (Higher Low)
5354,2024-10-19 11:30:00,68272.4,68051.9,-0.3229709223639421,LL (Lower Low)
5355,2024-10-19 17:00:00,68051.9,67980.0,-0.10565465475614082,LL (Lower Low)
5356,2024-10-20 03:00:00,67980.0,68074.9,0.13959988231832035,HL (Higher Low)
5357,2024-10-20 13:15:00,68074.9,68177.5,0.15071634332184966,HL (Higher Low)
5358,2024-10-21 03:00:00,68177.5,68600.0,0.6197059147079316,HL (Higher Low)
5359,2024-10-21 09:30:00,68600.0,68122.1,-0.6966472303206912,LL (Lower Low)
5360,2024-10-21 15:00:00,68122.1,66853.3,-1.8625380016176876,LL (Lower Low)
5361,2024-10-22 00:30:00,66853.3,66560.9,-0.4373755670999169,LL (Lower Low)
5362,2024-10-22 09:30:00,66560.9,66732.6,0.2579592523538769,HL (Higher Low)
5363,2024-10-22 13:45:00,66732.6,66613.1,-0.17907289690496098,LL (Lower Low)
5364,2024-10-22 16:45:00,66613.1,66907.0,0.44120450782202625,HL (Higher Low)
5365,2024-10-23 03:15:00,66907.0,66850.5,-0.08444557370678703,LL (Lower Low)
5366,2024-10-23 09:15:00,66850.5,66162.8,-1.0287133230117906,LL (Lower Low)
5367,2024-10-23 12:30:00,66162.8,66060.1,-0.15522317677002345,LL (Lower Low)
5368,2024-10-23 18:15:00,66060.1,65240.2,-1.2411425353579675,LL (Lower Low)
5369,2024-10-24 09:00:00,65240.2,66721.5,2.2705325857370195,HL (Higher Low)
5370,2024-10-24 16:15:00,66721.5,67331.4,0.9140981542681057,HL (Higher Low)
5371,2024-10-25 07:30:00,67331.4,67215.1,-0.17272773178634096,LL (Lower Low)
5372,2024-10-25 18:00:00,67215.1,65950.0,-1.8821663584522017,LL (Lower Low)
5373,2024-10-25 23:15:00,65950.0,65524.5,-0.645185746777862,LL (Lower Low)
5374,2024-10-26 08:00:00,65524.5,66974.7,2.2132179566421675,HL (Higher Low)
5375,2024-10-26 14:45:00,66974.7,66701.5,-0.4079152276904519,LL (Lower Low)
5376,2024-10-27 01:15:00,66701.5,66905.2,0.30539043349849265,HL (Higher Low)
5377,2024-10-27 11:00:00,66905.2,67012.1,0.15977831319539995,HL (Higher Low)
5378,2024-10-27 18:45:00,67012.1,67500.6,0.7289728272953689,HL (Higher Low)
5379,2024-10-28 05:30:00,67500.6,67571.4,0.10488795655148007,HL (Higher Low)
5380,2024-10-28 15:30:00,67571.4,68365.2,1.174757367762105,HL (Higher Low)
5381,2024-10-29 07:45:00,68365.2,70827.8,3.6021250577779425,HL (Higher Low)
5382,2024-10-29 13:30:00,70827.8,70923.4,0.1349752498312686,HL (Higher Low)
5383,2024-10-29 20:30:00,70923.4,71887.1,1.3587899057292963,HL (Higher Low)
5384,2024-10-30 01:00:00,71887.1,72028.6,0.1968364282326036,HL (Higher Low)
5385,2024-10-30 07:45:00,72028.6,72114.4,0.11911934981380778,HL (Higher Low)
5386,2024-10-30 13:45:00,72114.4,71455.1,-0.9142418157815755,LL (Lower Low)
5387,2024-10-30 20:00:00,71455.1,71644.1,0.2645017640448337,HL (Higher Low)
5388,2024-10-31 01:30:00,71644.1,72056.5,0.5756231148133539,HL (Higher Low)
5389,2024-10-31 06:45:00,72056.5,72150.0,0.12975928611575638,HL (Higher Low)
5390,2024-10-31 20:45:00,72150.0,69719.3,-3.368953568953565,LL (Lower Low)
5391,2024-11-01 02:00:00,69719.3,68855.0,-1.2396854242655948,LL (Lower Low)
5392,2024-11-01 07:00:00,68855.0,69086.3,0.33592331711568213,HL (Higher Low)
5393,2024-11-01 15:45:00,69086.3,69018.0,-0.09886185828449766,LL (Lower Low)
5394,2024-11-01 19:00:00,69018.0,68800.0,-0.31585963082094526,LL (Lower Low)
5395,2024-11-02 05:00:00,68800.0,69435.5,0.9236918604651163,HL (Higher Low)
5396,2024-11-02 14:45:00,69435.5,68981.6,-0.6537001965853118,LL (Lower Low)
5397,2024-11-02 18:00:00,68981.6,69209.6,0.33052292205457684,HL (Higher Low)
5398,2024-11-03 02:30:00,69209.6,67820.0,-2.0078139448862666,LL (Lower Low)
5399,2024-11-03 09:45:00,67820.0,68181.4,0.532881156001171,HL (Higher Low)
5400,2024-11-03 15:30:00,68181.4,67456.1,-1.0637798578497777,LL (Lower Low)
5401,2024-11-03 18:45:00,67456.1,67644.0,0.27855153203341754,HL (Higher Low)
5402,2024-11-04 00:30:00,67644.0,68200.0,0.8219502099225355,HL (Higher Low)
5403,2024-11-04 08:45:00,68200.0,68438.3,0.3494134897360746,HL (Higher Low)
5404,2024-11-04 17:15:00,68438.3,67213.2,-1.7900795314904165,LL (Lower Low)
5405,2024-11-04 21:45:00,67213.2,66808.0,-0.6028577719852605,LL (Lower Low)
5406,2024-11-05 01:30:00,66808.0,67449.5,0.9602143455873547,HL (Higher Low)
5407,2024-11-05 10:15:00,67449.5,68620.0,1.7353723897137858,HL (Higher Low)
5408,2024-11-05 19:45:00,68620.0,68678.0,0.08452346254736229,HL (Higher Low)
5409,2024-11-06 08:30:00,68678.0,72729.6,5.899414659716366,HL (Higher Low)
5410,2024-11-06 14:45:00,72729.6,73500.0,1.0592661034846804,HL (Higher Low)
5411,2024-11-07 06:00:00,73500.0,74476.3,1.3282993197278952,HL (Higher Low)
5412,2024-11-07 14:45:00,74476.3,74522.1,0.061496073247466525,HL (Higher Low)
5413,2024-11-07 22:15:00,74522.1,75500.0,1.312228184659308,HL (Higher Low)
5414,2024-11-08 03:00:00,75500.0,75610.0,0.1456953642384106,HL (Higher Low)
5415,2024-11-08 07:00:00,75610.0,75703.0,0.12299960322708636,HL (Higher Low)
5416,2024-11-08 14:45:00,75703.0,75649.0,-0.07133138713128938,LL (Lower Low)
5417,2024-11-08 22:45:00,75649.0,76258.0,0.8050337744054779,HL (Higher Low)
5418,2024-11-09 02:15:00,76258.0,76150.0,-0.14162448529990296,LL (Lower Low)
5419,2024-11-09 17:15:00,76150.0,75703.7,-0.5860801050558148,LL (Lower Low)
5420,2024-11-10 14:45:00,75703.7,79200.8,4.6194571731632745,HL (Higher Low)
5421,2024-11-10 21:00:00,79200.8,78529.9,-0.8470874031575549,LL (Lower Low)
5422,2024-11-11 05:45:00,78529.9,80490.5,2.496628672645713,HL (Higher Low)
5423,2024-11-11 13:15:00,80490.5,81463.7,1.2090867866394135,HL (Higher Low)
5424,2024-11-12 10:45:00,81463.7,85458.2,4.903410967093319,HL (Higher Low)
5425,2024-11-12 13:45:00,85458.2,85150.0,-0.36064415117565907,LL (Lower Low)
5426,2024-11-12 23:15:00,85150.0,87347.2,2.580387551379914,HL (Higher Low)
5427,2024-11-13 06:30:00,87347.2,86113.6,-1.4122948417350427,LL (Lower Low)
5428,2024-11-13 21:15:00,86113.6,87968.8,2.1543635383957898,HL (Higher Low)
5429,2024-11-14 07:00:00,87968.8,89162.0,1.3563899928156313,HL (Higher Low)
5430,2024-11-14 16:00:00,89162.0,87514.1,-1.8482088782216572,LL (Lower Low)
5431,2024-11-14 23:30:00,87514.1,86661.0,-0.9748143442028265,LL (Lower Low)
5432,2024-11-15 04:45:00,86661.0,87083.7,0.48776266140478075,HL (Higher Low)
5433,2024-11-15 08:00:00,87083.7,87400.1,0.36332861373599046,HL (Higher Low)
5434,2024-11-15 15:15:00,87400.1,87768.1,0.42105214982591554,HL (Higher Low)
5435,2024-11-16 00:15:00,87768.1,90935.5,3.6088282644833303,HL (Higher Low)
5436,2024-11-16 08:15:00,90935.5,91100.0,0.18089744929098095,HL (Higher Low)
5437,2024-11-16 12:15:00,91100.0,90551.9,-0.6016465422612577,LL (Lower Low)
5438,2024-11-16 15:45:00,90551.9,90125.0,-0.47144234411425295,LL (Lower Low)
5439,2024-11-16 22:45:00,90125.0,90268.6,0.15933425797504114,HL (Higher Low)
5440,2024-11-17 02:15:00,90268.6,89418.6,-0.9416341895188359,LL (Lower Low)
5441,2024-11-17 14:30:00,89418.6,90000.0,0.6502002938985783,HL (Higher Low)
5442,2024-11-17 22:00:00,90000.0,88735.7,-1.404777777777781,LL (Lower Low)
5443,2024-11-18 13:45:00,88735.7,89424.0,0.7756742776582626,HL (Higher Low)
5444,2024-11-18 19:30:00,89424.0,89721.0,0.3321256038647343,HL (Higher Low)
5445,2024-11-18 23:30:00,89721.0,90303.7,0.6494577635113263,HL (Higher Low)
5446,2024-11-19 09:30:00,90303.7,91242.0,1.0390493412783783,HL (Higher Low)
5447,2024-11-19 14:00:00,91242.0,91020.0,-0.24330900243309003,LL (Lower Low)
5448,2024-11-19 22:30:00,91020.0,91228.0,0.22852120413096025,HL (Higher Low)
5449,2024-11-20 03:00:00,91228.0,91511.0,0.31021177708598235,HL (Higher Low)
5450,2024-11-20 18:45:00,91511.0,93100.0,1.7364032739233533,HL (Higher Low)
5451,2024-11-20 23:15:00,93100.0,93781.2,0.7316863587540248,HL (Higher Low)
5452,2024-11-21 02:30:00,93781.2,94032.0,0.26743099896354805,HL (Higher Low)
5453,2024-11-21 08:30:00,94032.0,96779.3,2.9216649651182607,HL (Higher Low)
5454,2024-11-21 15:30:00,96779.3,95666.1,-1.1502459720208733,LL (Lower Low)
5455,2024-11-21 21:00:00,95666.1,97533.3,1.9517885646012507,HL (Higher Low)
5456,2024-11-22 01:30:00,97533.3,97824.5,0.29856469533994756,HL (Higher Low)
5457,2024-11-22 14:45:00,97824.5,97210.0,-0.6281657457998764,LL (Lower Low)
5458,2024-11-22 22:30:00,97210.0,98536.3,1.3643658059870414,HL (Higher Low)
5459,2024-11-23 02:00:00,98536.3,98334.9,-0.20439168103532274,LL (Lower Low)
5460,2024-11-23 04:45:00,98334.9,98325.0,-0.010067636210535812,LL (Lower Low)
5461,2024-11-23 10:30:00,98325.0,98390.0,0.06610729722857869,HL (Higher Low)
5462,2024-11-23 17:00:00,98390.0,97380.0,-1.0265270860859843,LL (Lower Low)
5463,2024-11-23 20:15:00,97380.0,97185.9,-0.19932224276032637,LL (Lower Low)
5464,2024-11-23 23:15:00,97185.9,97412.9,0.23357297714997755,HL (Higher Low)
5465,2024-11-24 04:30:00,97412.9,97956.0,0.5575236955269844,HL (Higher Low)
5466,2024-11-24 12:30:00,97956.0,96473.1,-1.5138429498958657,LL (Lower Low)
5467,2024-11-24 16:00:00,96473.1,95800.3,-0.6973964763234548,LL (Lower Low)
5468,2024-11-25 01:15:00,95800.3,96938.6,1.1882008720223245,HL (Higher Low)
5469,2024-11-25 07:45:00,96938.6,97811.9,0.9008795258029189,HL (Higher Low)
5470,2024-11-25 15:00:00,97811.9,94650.0,-3.232633248101708,LL (Lower Low)
5471,2024-11-25 22:30:00,94650.0,92620.0,-2.144743792921289,LL (Lower Low)
5472,2024-11-26 04:00:00,92620.0,94135.0,1.6357158281148783,HL (Higher Low)
5473,2024-11-26 11:45:00,94135.0,91500.2,-2.798958941945082,LL (Lower Low)
5474,2024-11-26 14:30:00,91500.2,91783.9,0.3100539670951507,HL (Higher Low)
5475,2024-11-26 20:30:00,91783.9,90835.5,-1.033296689288638,LL (Lower Low)
5476,2024-11-27 05:00:00,90835.5,92419.9,1.7442519719713043,HL (Higher Low)
5477,2024-11-27 12:30:00,92419.9,92889.0,0.5075746673606073,HL (Higher Low)
5478,2024-11-28 00:00:00,92889.0,95777.1,3.1091948454607174,HL (Higher Low)
5479,2024-11-28 03:30:00,95777.1,94840.6,-0.9777911421414931,LL (Lower Low)
5480,2024-11-28 06:15:00,94840.6,95110.8,0.2848990833039828,HL (Higher Low)
5481,2024-11-28 10:00:00,95110.8,94707.0,-0.4245574635057248,LL (Lower Low)
5482,2024-11-28 16:45:00,94707.0,94854.9,0.15616585891221785,HL (Higher Low)
5483,2024-11-28 20:45:00,94854.9,94770.4,-0.08908343164138068,LL (Lower Low)
5484,2024-11-29 07:45:00,94770.4,95669.8,0.9490304989743726,HL (Higher Low)
5485,2024-11-29 18:00:00,95669.8,96910.5,1.296856479265136,HL (Higher Low)
5486,2024-11-30 02:00:00,96910.5,96429.6,-0.49623105855402067,LL (Lower Low)
5487,2024-11-30 11:00:00,96429.6,96151.0,-0.28891543675386583,LL (Lower Low)
5488,2024-12-01 02:45:00,96151.0,95750.0,-0.4170523447494046,LL (Lower Low)
5489,2024-12-01 15:45:00,95750.0,97019.3,1.325639686684076,HL (Higher Low)
5490,2024-12-01 20:30:00,97019.3,96823.7,-0.201609370506699,LL (Lower Low)
5491,2024-12-02 00:00:00,96823.7,97150.0,0.33700426651739496,HL (Higher Low)
5492,2024-12-02 04:00:00,97150.0,96105.0,-1.0756562017498714,LL (Lower Low)
5493,2024-12-02 12:45:00,96105.0,94761.0,-1.3984704229748712,LL (Lower Low)
5494,2024-12-02 17:45:00,94761.0,94455.0,-0.3229176559977206,LL (Lower Low)
5495,2024-12-02 22:30:00,94455.0,95147.4,0.7330474829283724,HL (Higher Low)
5496,2024-12-03 02:00:00,95147.4,95452.6,0.3207654649522863,HL (Higher Low)
5497,2024-12-03 14:30:00,95452.6,93605.4,-1.9352013460083977,LL (Lower Low)
5498,2024-12-04 02:15:00,93605.4,95277.7,1.7865422294012983,HL (Higher Low)
5499,2024-12-04 16:45:00,95277.7,94638.0,-0.671405795899772,LL (Lower Low)
5500,2024-12-05 01:00:00,94638.0,97966.7,3.5172974914939004,HL (Higher Low)
5501,2024-12-05 07:15:00,97966.7,101416.6,3.5215027146979625,HL (Higher Low)
5502,2024-12-05 11:00:00,101416.6,102382.3,0.9522109792676909,HL (Higher Low)
5503,2024-12-05 22:15:00,102382.3,90530.0,-11.576512737064904,LL (Lower Low)
5504,2024-12-06 12:45:00,90530.0,97517.5,7.7184358776096325,HL (Higher Low)
5505,2024-12-06 23:15:00,97517.5,99076.4,1.5985848693824127,HL (Higher Low)
5506,2024-12-07 05:45:00,99076.4,98883.4,-0.1947991650887598,LL (Lower Low)
5507,2024-12-07 14:15:00,98883.4,99063.5,0.18213370494947165,HL (Higher Low)
5508,2024-12-07 23:00:00,99063.5,99653.7,0.5957794747813242,HL (Higher Low)
5509,2024-12-08 05:45:00,99653.7,99344.3,-0.31047517553286447,LL (Lower Low)
5510,2024-12-08 09:45:00,99344.3,98729.1,-0.6192604910397447,LL (Lower Low)
5511,2024-12-08 15:00:00,98729.1,99406.1,0.685714748741759,HL (Higher Low)
5512,2024-12-08 19:15:00,99406.1,99524.0,0.11860439148099983,HL (Higher Low)
5513,2024-12-09 03:45:00,99524.0,98245.5,-1.2846147662875287,LL (Lower Low)
5514,2024-12-09 07:15:00,98245.5,98359.9,0.11644299229989585,HL (Higher Low)
5515,2024-12-09 12:00:00,98359.9,98008.2,-0.3575644139532443,LL (Lower Low)
5516,2024-12-09 21:00:00,98008.2,93888.0,-4.20393395654649,LL (Lower Low)
5517,2024-12-10 03:15:00,93888.0,95559.7,1.7805257327879995,HL (Higher Low)
5518,2024-12-10 18:00:00,95559.7,94190.8,-1.432507636587384,LL (Lower Low)
5519,2024-12-11 01:45:00,94190.8,95574.3,1.4688271041333123,HL (Higher Low)
5520,2024-12-11 07:45:00,95574.3,97212.0,1.7135359610271768,HL (Higher Low)
5521,2024-12-11 18:00:00,97212.0,99605.2,2.4618359873266646,HL (Higher Low)
5522,2024-12-12 01:45:00,99605.2,100372.5,0.7703413074819416,HL (Higher Low)
5523,2024-12-12 06:00:00,100372.5,100426.6,0.05389922538544503,HL (Higher Low)
5524,2024-12-12 11:15:00,100426.6,100158.1,-0.2673594446092967,LL (Lower Low)
5525,2024-12-12 19:45:00,100158.1,99300.0,-0.856745485387608,LL (Lower Low)
5526,2024-12-13 01:45:00,99300.0,99168.0,-0.13293051359516617,LL (Lower Low)
5527,2024-12-13 07:00:00,99168.0,99447.4,0.28174411100354363,HL (Higher Low)
5528,2024-12-13 15:45:00,99447.4,99630.2,0.1838157659224906,HL (Higher Low)
5529,2024-12-13 22:15:00,99630.2,101038.1,1.413125738982767,HL (Higher Low)
5530,2024-12-14 04:30:00,101038.1,101565.8,0.5222782296975073,HL (Higher Low)
5531,2024-12-14 13:15:00,101565.8,100808.0,-0.746117295388805,LL (Lower Low)
5532,2024-12-14 20:45:00,100808.0,100577.1,-0.22904928180302572,LL (Lower Low)
5533,2024-12-15 07:30:00,100577.1,101470.1,0.8878760672160958,HL (Higher Low)
5534,2024-12-15 22:00:00,101470.1,102600.0,1.1135299955356248,HL (Higher Low)
5535,2024-12-16 03:45:00,102600.0,104150.0,1.5107212475633527,HL (Higher Low)
5536,2024-12-16 12:45:00,104150.0,103304.3,-0.8120019203072464,LL (Lower Low)
5537,2024-12-16 23:30:00,103304.3,105476.5,2.102719828700254,HL (Higher Low)
5538,2024-12-17 06:30:00,105476.5,106364.4,0.8417988841116213,HL (Higher Low)
5539,2024-12-17 12:15:00,106364.4,106532.5,0.15804160038509674,HL (Higher Low)
5540,2024-12-17 15:30:00,106532.5,105680.9,-0.7993804707483686,LL (Lower Low)
5541,2024-12-17 22:45:00,105680.9,105300.0,-0.36042463680759174,LL (Lower Low)
5542,2024-12-18 06:45:00,105300.0,103057.1,-2.130009496676158,LL (Lower Low)
5543,2024-12-18 16:15:00,103057.1,103369.0,0.3026477554675943,HL (Higher Low)
5544,2024-12-18 20:30:00,103369.0,100221.4,-3.0450134953419363,LL (Lower Low)
5545,2024-12-19 02:15:00,100221.4,98700.0,-1.5180390615177939,LL (Lower Low)
5546,2024-12-19 20:00:00,98700.0,95640.5,-3.0997973657548124,LL (Lower Low)
5547,2024-12-20 02:00:00,95640.5,95912.0,0.2838755548120305,HL (Higher Low)
5548,2024-12-20 12:15:00,95912.0,92230.0,-3.8389356910501293,LL (Lower Low)
5549,2024-12-20 21:00:00,92230.0,95355.0,3.388268459286566,HL (Higher Low)
5550,2024-12-21 02:00:00,95355.0,97122.6,1.853704577630964,HL (Higher Low)
5551,2024-12-21 13:30:00,97122.6,96326.7,-0.8194797091511231,LL (Lower Low)
5552,2024-12-21 21:45:00,96326.7,96478.5,0.1575887059351176,HL (Higher Low)
5553,2024-12-22 05:00:00,96478.5,95839.1,-0.6627383303015637,LL (Lower Low)
5554,2024-12-22 15:45:00,95839.1,95056.0,-0.8170986580633643,LL (Lower Low)
5555,2024-12-22 22:00:00,95056.0,94200.0,-0.9005217976771587,LL (Lower Low)
5556,2024-12-23 02:15:00,94200.0,93635.9,-0.5988322717622142,LL (Lower Low)
5557,2024-12-23 06:30:00,93635.9,94650.0,1.083024780025616,HL (Higher Low)
5558,2024-12-23 20:15:00,94650.0,92465.8,-2.30765979926043,LL (Lower Low)
5559,2024-12-24 02:15:00,92465.8,93508.6,1.127768320827812,HL (Higher Low)
5560,2024-12-24 07:00:00,93508.6,93751.7,0.2599760877609025,HL (Higher Low)
5561,2024-12-24 10:15:00,93751.7,93800.0,0.05151906578761016,HL (Higher Low)
5562,2024-12-24 20:00:00,93800.0,97198.6,3.6232409381663175,HL (Higher Low)
5563,2024-12-25 02:00:00,97198.6,97688.1,0.5036080766595403,HL (Higher Low)
5564,2024-12-25 06:45:00,97688.1,97759.0,0.07257792914387134,HL (Higher Low)
5565,2024-12-25 12:00:00,97759.0,97562.6,-0.20090221872154398,LL (Lower Low)
5566,2024-12-25 16:30:00,97562.6,98101.5,0.5523633031509966,HL (Higher Low)
5567,2024-12-25 21:45:00,98101.5,98337.1,0.24015942671621313,HL (Higher Low)
5568,2024-12-26 10:00:00,98337.1,95137.5,-3.2537058749953025,LL (Lower Low)
5569,2024-12-26 14:45:00,95137.5,95178.6,0.04320063066614723,HL (Higher Low)
5570,2024-12-26 21:15:00,95178.6,95250.0,0.07501686303433143,HL (Higher Low)
5571,2024-12-27 07:30:00,95250.0,94594.9,-0.6877690288713971,LL (Lower Low)
5572,2024-12-27 17:15:00,94594.9,93380.1,-1.2842129966837412,LL (Lower Low)
5573,2024-12-28 01:15:00,93380.1,94070.2,0.7390225540559404,HL (Higher Low)
5574,2024-12-28 07:45:00,94070.2,94239.5,0.17997197837360068,HL (Higher Low)
5575,2024-12-28 15:45:00,94239.5,94266.8,0.028968744528571254,HL (Higher Low)
5576,2024-12-29 01:45:00,94266.8,94758.0,0.5210742276177796,HL (Higher Low)
5577,2024-12-29 06:00:00,94758.0,94899.3,0.1491166972709459,HL (Higher Low)
5578,2024-12-29 16:30:00,94899.3,93450.1,-1.5270924021568095,LL (Lower Low)
5579,2024-12-29 23:00:00,93450.1,92926.7,-0.5600850079347253,LL (Lower Low)
5580,2024-12-30 05:15:00,92926.7,93163.8,0.25514733655666866,HL (Higher Low)
5581,2024-12-30 15:15:00,93163.8,91463.7,-1.8248504247357942,LL (Lower Low)
5582,2024-12-30 21:45:00,91463.7,91831.4,0.4020174123723369,HL (Higher Low)
5583,2024-12-31 01:30:00,91831.4,91981.4,0.16334282173635598,HL (Higher Low)
5584,2024-12-31 17:30:00,91981.4,93138.2,1.2576455674734273,HL (Higher Low)
5585,2024-12-31 22:45:00,93138.2,93329.7,0.20560843993119904,HL (Higher Low)
5586,2025-01-01 04:45:00,93329.7,93472.9,0.15343454441619023,HL (Higher Low)
5587,2025-01-01 09:15:00,93472.9,92840.0,-0.6770946445440273,LL (Lower Low)
5588,2025-01-01 17:15:00,92840.0,93687.7,0.9130762602326552,HL (Higher Low)
5589,2025-01-02 00:15:00,93687.7,94339.9,0.6961426099690751,HL (Higher Low)
5590,2025-01-02 14:00:00,94339.9,95889.7,1.6427831702174829,HL (Higher Low)
5591,2025-01-02 22:15:00,95889.7,96618.3,0.7598313478924282,HL (Higher Low)
5592,2025-01-03 01:15:00,96618.3,96605.3,-0.013455008005729765,LL (Lower Low)
5593,2025-01-03 08:30:00,96605.3,96062.1,-0.562287990410461,LL (Lower Low)
5594,2025-01-04 01:15:00,96062.1,97750.0,1.757092547425045,HL (Higher Low)
5595,2025-01-04 09:45:00,97750.0,97502.1,-0.25360613810741095,LL (Lower Low)
5596,2025-01-04 15:45:00,97502.1,97442.8,-0.06081920286845402,LL (Lower Low)
5597,2025-01-05 01:45:00,97442.8,98011.0,0.5831113227452384,HL (Higher Low)
5598,2025-01-05 14:15:00,98011.0,97216.0,-0.8111334442052422,LL (Lower Low)
5599,2025-01-05 18:00:00,97216.0,97536.7,0.329883969716916,HL (Higher Low)
5600,2025-01-06 01:15:00,97536.7,97861.0,0.33249023188195104,HL (Higher Low)
5601,2025-01-06 10:45:00,97861.0,98679.2,0.8360838331919733,HL (Higher Low)
5602,2025-01-06 14:15:00,98679.2,98612.2,-0.06789678067921101,LL (Lower Low)
5603,2025-01-06 21:45:00,98612.2,101515.0,2.943652002490567,HL (Higher Low)
5604,2025-01-07 03:45:00,101515.0,101454.1,-0.05999113431512011,LL (Lower Low)
5605,2025-01-07 11:45:00,101454.1,100441.0,-0.9985796532619242,LL (Lower Low)
5606,2025-01-07 20:15:00,100441.0,96113.4,-4.308599078065735,LL (Lower Low)
5607,2025-01-08 07:00:00,96113.4,95202.3,-0.947942742635253,LL (Lower Low)
5608,2025-01-08 11:30:00,95202.3,94458.0,-0.7818088428535895,LL (Lower Low)
5609,2025-01-08 17:30:00,94458.0,92378.5,-2.2015075483283573,LL (Lower Low)
5610,2025-01-08 21:15:00,92378.5,93530.5,1.2470434137813453,HL (Higher Low)
5611,2025-01-09 02:00:00,93530.5,93374.9,-0.16636284420590697,LL (Lower Low)
5612,2025-01-09 08:30:00,93374.9,92705.0,-0.7174304872080123,LL (Lower Low)
5613,2025-01-09 14:00:00,92705.0,91738.0,-1.0430936842672995,LL (Lower Low)
5614,2025-01-09 20:15:00,91738.0,91151.0,-0.6398657045063114,LL (Lower Low)
5615,2025-01-10 15:00:00,91151.0,92161.2,1.1082708911586236,HL (Higher Low)
5616,2025-01-11 04:30:00,92161.2,93800.0,1.778188652057485,HL (Higher Low)
5617,2025-01-11 08:45:00,93800.0,93981.0,0.1929637526652452,HL (Higher Low)
5618,2025-01-11 14:00:00,93981.0,94258.7,0.2954852576584598,HL (Higher Low)
5619,2025-01-11 17:15:00,94258.7,93888.3,-0.39296107415017834,LL (Lower Low)
5620,2025-01-12 01:15:00,93888.3,94255.0,0.3905704970693868,HL (Higher Low)
5621,2025-01-12 09:45:00,94255.0,93660.0,-0.6312662458225028,LL (Lower Low)
5622,2025-01-12 22:30:00,93660.0,93740.0,0.08541533205210335,HL (Higher Low)
5623,2025-01-13 02:45:00,93740.0,93868.4,0.13697461062512714,HL (Higher Low)
5624,2025-01-13 14:30:00,93868.4,89100.0,-5.07987778634769,LL (Lower Low)
5625,2025-01-14 06:30:00,89100.0,94714.4,6.301234567901227,HL (Higher Low)
5626,2025-01-14 13:15:00,94714.4,95712.1,1.0533773111586113,HL (Higher Low)
5627,2025-01-14 16:30:00,95712.1,95308.8,-0.4213678312355521,LL (Lower Low)
5628,2025-01-15 11:15:00,95308.8,96469.6,1.217935804458773,HL (Higher Low)
5629,2025-01-15 17:45:00,96469.6,98555.9,2.1626502027581624,HL (Higher Low)
5630,2025-01-16 03:30:00,98555.9,99129.8,0.5823091260898726,HL (Higher Low)
5631,2025-01-16 08:45:00,99129.8,98599.9,-0.534551668620343,LL (Lower Low)
5632,2025-01-16 15:00:00,98599.9,97291.0,-1.3274861333530705,LL (Lower Low)
5633,2025-01-16 22:30:00,97291.0,99331.0,2.0968023763760266,HL (Higher Low)
5634,2025-01-17 23:45:00,99331.0,104026.0,4.726621095126395,HL (Higher Low)
5635,2025-01-18 04:15:00,104026.0,102630.0,-1.341972199257878,LL (Lower Low)
5636,2025-01-18 08:00:00,102630.0,102244.0,-0.3761083503848777,LL (Lower Low)
5637,2025-01-18 16:45:00,102244.0,103107.3,0.844352724854273,HL (Higher Low)
5638,2025-01-18 20:45:00,103107.3,103734.2,0.608007386479904,HL (Higher Low)
5639,2025-01-19 01:15:00,103734.2,103970.9,0.2281793275506025,HL (Higher Low)
5640,2025-01-19 05:15:00,103970.9,104227.7,0.24699218723700853,HL (Higher Low)
5641,2025-01-19 09:15:00,104227.7,103427.9,-0.7673583893725017,LL (Lower Low)
5642,2025-01-19 17:30:00,103427.9,104471.3,1.0088187036573388,HL (Higher Low)
5643,2025-01-20 00:30:00,104471.3,99500.1,-4.758436048943582,LL (Lower Low)
5644,2025-01-20 12:15:00,99500.1,105517.8,6.047933620167212,HL (Higher Low)
5645,2025-01-20 17:30:00,105517.8,100519.0,-4.737399756249659,LL (Lower Low)
5646,2025-01-21 01:30:00,100519.0,100000.0,-0.5163202976551696,LL (Lower Low)
5647,2025-01-21 06:00:00,100000.0,101073.9,1.073899999999994,HL (Higher Low)
5648,2025-01-21 15:00:00,101073.9,102777.1,1.6851036716699481,HL (Higher Low)
5649,2025-01-21 23:00:00,102777.1,105330.3,2.484210976958872,HL (Higher Low)
5650,2025-01-22 10:00:00,105330.3,104606.8,-0.686886869210474,LL (Lower Low)
5651,2025-01-22 16:30:00,104606.8,103310.0,-1.2396899627940086,LL (Lower Low)
5652,2025-01-22 21:15:00,103310.0,103572.7,0.2542832252444072,HL (Higher Low)
5653,2025-01-23 04:30:00,103572.7,101527.8,-1.9743619699013295,LL (Lower Low)
5654,2025-01-23 10:30:00,101527.8,101205.1,-0.3178439796784694,LL (Lower Low)
5655,2025-01-23 21:15:00,101205.1,102147.3,0.9309807509700568,HL (Higher Low)
5656,2025-01-24 03:15:00,102147.3,102691.8,0.5330537371031834,HL (Higher Low)
5657,2025-01-24 14:30:00,102691.8,104622.3,1.8798969343219225,HL (Higher Low)
5658,2025-01-25 00:45:00,104622.3,104308.6,-0.29984047378044365,LL (Lower Low)
5659,2025-01-25 10:00:00,104308.6,104036.9,-0.26047708434396744,LL (Lower Low)
5660,2025-01-25 17:15:00,104036.9,104380.2,0.3299790747321411,HL (Higher Low)
5661,2025-01-26 00:45:00,104380.2,104466.9,0.08306173009823423,HL (Higher Low)
5662,2025-01-26 09:30:00,104466.9,104400.0,-0.06403942301340826,LL (Lower Low)
5663,2025-01-27 07:15:00,104400.0,97694.2,-6.4231800766283556,LL (Lower Low)
5664,2025-01-27 10:45:00,97694.2,98208.0,0.5259268206300916,HL (Higher Low)
5665,2025-01-27 18:45:00,98208.0,98793.3,0.5959799608993187,HL (Higher Low)
5666,2025-01-28 02:00:00,98793.3,101280.0,2.5170735262411488,HL (Higher Low)
5667,2025-01-28 09:15:00,101280.0,102322.7,1.0295221169036306,HL (Higher Low)
5668,2025-01-28 14:00:00,102322.7,101767.0,-0.5430857473463827,LL (Lower Low)
5669,2025-01-28 22:00:00,101767.0,100205.7,-1.5341908477207769,LL (Lower Low)
5670,2025-01-29 10:00:00,100205.7,102150.0,1.9403087848296086,HL (Higher Low)
5671,2025-01-29 14:45:00,102150.0,101516.2,-0.6204601076847801,LL (Lower Low)
5672,2025-01-29 19:15:00,101516.2,101335.9,-0.17760712083391902,LL (Lower Low)
5673,2025-01-30 00:30:00,101335.9,103235.0,1.8740643740273744,HL (Higher Low)
5674,2025-01-30 07:30:00,103235.0,104777.0,1.493679469172277,HL (Higher Low)
5675,2025-01-30 14:00:00,104777.0,104628.0,-0.14220678202277215,LL (Lower Low)
5676,2025-01-30 18:15:00,104628.0,104711.0,0.0793286691898918,HL (Higher Low)
5677,2025-01-30 21:00:00,104711.0,104733.3,0.021296711902286207,HL (Higher Low)
5678,2025-01-31 03:15:00,104733.3,103875.0,-0.8195101271515391,LL (Lower Low)
5679,2025-01-31 09:15:00,103875.0,103863.0,-0.011552346570397113,LL (Lower Low)
5680,2025-01-31 14:45:00,103863.0,104050.1,0.1801411474731192,HL (Higher Low)
5681,2025-01-31 21:30:00,104050.1,101468.4,-2.481208571640019,LL (Lower Low)
5682,2025-02-01 04:00:00,101468.4,102033.0,0.5564293908251297,HL (Higher Low)
5683,2025-02-01 09:45:00,102033.0,101350.1,-0.6692932678643128,LL (Lower Low)
5684,2025-02-01 15:00:00,101350.1,101670.3,0.315934567405456,HL (Higher Low)
5685,2025-02-01 23:15:00,101670.3,100215.1,-1.431293111164221,LL (Lower Low)
5686,2025-02-02 04:00:00,100215.1,98958.0,-1.254401781767424,LL (Lower Low)
5687,2025-02-02 12:45:00,98958.0,98100.0,-0.86703449948463,LL (Lower Low)
5688,2025-02-02 18:30:00,98100.0,96625.0,-1.5035677879714577,LL (Lower Low)
5689,2025-02-03 02:00:00,96625.0,91166.6,-5.649055627425609,LL (Lower Low)
5690,2025-02-03 04:45:00,91166.6,92609.9,1.5831455818249098,HL (Higher Low)
5691,2025-02-03 14:00:00,92609.9,94091.0,1.599289060888745,HL (Higher Low)
5692,2025-02-04 08:30:00,94091.0,97800.0,3.941928558523132,HL (Higher Low)
5693,2025-02-04 15:15:00,97800.0,98248.5,0.45858895705521474,HL (Higher Low)
5694,2025-02-04 22:00:00,98248.5,96086.1,-2.2009496328188156,LL (Lower Low)
5695,2025-02-05 02:15:00,96086.1,97094.2,1.0491631984230718,HL (Higher Low)
5696,2025-02-05 09:30:00,97094.2,97209.6,0.11885364934260617,HL (Higher Low)
5697,2025-02-05 19:00:00,97209.6,96450.0,-0.7814043057475863,LL (Lower Low)
5698,2025-02-05 23:30:00,96450.0,96100.1,-0.3627786417833014,LL (Lower Low)
5699,2025-02-06 19:45:00,96100.1,95631.8,-0.48730438365829265,LL (Lower Low)
5700,2025-02-07 06:30:00,95631.8,96532.6,0.9419460890624278,HL (Higher Low)
5701,2025-02-07 13:30:00,96532.6,97139.1,0.6282851596248313,HL (Higher Low)
5702,2025-02-07 20:45:00,97139.1,95556.5,-1.6292100709189252,LL (Lower Low)
5703,2025-02-08 07:15:00,95556.5,95723.8,0.17507966491029173,HL (Higher Low)
5704,2025-02-08 11:30:00,95723.8,95819.4,0.09987066957223936,HL (Higher Low)
5705,2025-02-08 15:30:00,95819.4,95635.8,-0.19161046719139474,LL (Lower Low)
5706,2025-02-08 21:15:00,95635.8,96302.0,0.6966010636184328,HL (Higher Low)
5707,2025-02-09 00:30:00,96302.0,96314.4,0.012876160412031091,HL (Higher Low)
5708,2025-02-09 06:15:00,96314.4,96727.0,0.4283886936948222,HL (Higher Low)
5709,2025-02-09 14:00:00,96727.0,95681.0,-1.0813940264869168,LL (Lower Low)
5710,2025-02-09 21:45:00,95681.0,94651.2,-1.0762847378267397,LL (Lower Low)
5711,2025-02-10 01:45:00,94651.2,95202.8,0.5827712696722342,HL (Higher Low)
5712,2025-02-10 15:30:00,95202.8,96812.1,1.690391459074736,HL (Higher Low)
5713,2025-02-10 21:15:00,96812.1,97085.0,0.28188625182182203,HL (Higher Low)
5714,2025-02-11 19:30:00,97085.0,94821.9,-2.331050110727719,LL (Lower Low)
5715,2025-02-12 03:00:00,94821.9,95050.0,0.24055624280889315,HL (Higher Low)
5716,2025-02-12 13:30:00,95050.0,94001.2,-1.1034192530247269,LL (Lower Low)
5717,2025-02-13 08:45:00,94001.2,95610.0,1.711467513180686,HL (Higher Low)
5718,2025-02-13 11:45:00,95610.0,95310.1,-0.3136701181884679,LL (Lower Low)
5719,2025-02-13 16:30:00,95310.1,95156.1,-0.1615778390747675,LL (Lower Low)
5720,2025-02-14 05:45:00,95156.1,96512.6,1.4255523292778916,HL (Higher Low)
5721,2025-02-14 15:15:00,96512.6,96200.0,-0.3238955328112659,LL (Lower Low)
5722,2025-02-14 21:00:00,96200.0,96639.0,0.4563409563409564,HL (Higher Low)
5723,2025-02-15 08:00:00,96639.0,97258.1,0.640631629052459,HL (Higher Low)
5724,2025-02-15 14:30:00,97258.1,97370.0,0.11505468439131977,HL (Higher Low)
5725,2025-02-15 17:30:00,97370.0,97268.9,-0.10383074869056774,LL (Lower Low)
5726,2025-02-16 03:15:00,97268.9,97299.8,0.031767605061853,HL (Higher Low)
5727,2025-02-16 09:15:00,97299.8,97012.0,-0.29578683614971757,LL (Lower Low)
5728,2025-02-16 14:00:00,97012.0,96636.0,-0.387580917824599,LL (Lower Low)
5729,2025-02-16 18:30:00,96636.0,96500.0,-0.14073430191647004,LL (Lower Low)
5730,2025-02-17 00:00:00,96500.0,95980.1,-0.5387564766839318,LL (Lower Low)
5731,2025-02-17 05:00:00,95980.1,95730.3,-0.26026228353586095,LL (Lower Low)
5732,2025-02-17 11:30:00,95730.3,95950.6,0.2301256759876475,HL (Higher Low)
5733,2025-02-17 19:00:00,95950.6,95160.0,-0.8239656656654629,LL (Lower Low)
5734,2025-02-18 00:45:00,95160.0,95500.0,0.3572929802437999,HL (Higher Low)
5735,2025-02-18 08:45:00,95500.0,94988.0,-0.5361256544502617,LL (Lower Low)
5736,2025-02-18 19:00:00,94988.0,93318.1,-1.7580115382995685,LL (Lower Low)
5737,2025-02-19 01:15:00,93318.1,95008.6,1.8115456701325896,HL (Higher Low)
5738,2025-02-19 05:15:00,95008.6,95018.5,0.010420109337464374,HL (Higher Low)
5739,2025-02-19 15:00:00,95018.5,95500.0,0.5067434236490789,HL (Higher Low)
5740,2025-02-19 19:00:00,95500.0,95370.0,-0.13612565445026178,LL (Lower Low)
5741,2025-02-20 06:00:00,95370.0,96750.0,1.4469959106637307,HL (Higher Low)
5742,2025-02-20 15:00:00,96750.0,96758.0,0.0082687338501292,HL (Higher Low)
5743,2025-02-20 21:45:00,96758.0,97954.0,1.236073502966163,HL (Higher Low)
5744,2025-02-21 09:30:00,97954.0,98061.7,0.10994956816464574,HL (Higher Low)
5745,2025-02-21 20:45:00,98061.7,94832.2,-3.2933347066183845,LL (Lower Low)
5746,2025-02-22 08:45:00,94832.2,96152.7,1.3924595232421055,HL (Higher Low)
5747,2025-02-22 19:00:00,96152.7,96344.2,0.19916237401549824,HL (Higher Low)
5748,2025-02-23 01:45:00,96344.2,96351.9,0.007992178044964916,HL (Higher Low)
5749,2025-02-23 06:00:00,96351.9,96121.5,-0.2391234630557303,LL (Lower Low)
5750,2025-02-23 17:30:00,96121.5,95254.0,-0.902503602211784,LL (Lower Low)
5751,2025-02-23 22:15:00,95254.0,95547.9,0.3085434732399628,HL (Higher Low)
5752,2025-02-24 04:30:00,95547.9,95088.5,-0.48080596224510874,LL (Lower Low)
5753,2025-02-24 08:30:00,95088.5,95354.9,0.2801600614164638,HL (Higher Low)
5754,2025-02-24 15:45:00,95354.9,93816.4,-1.6134461889215972,LL (Lower Low)
5755,2025-02-25 00:00:00,93816.4,90821.1,-3.192725365714298,LL (Lower Low)
5756,2025-02-25 10:15:00,90821.1,86833.0,-4.39116020396142,LL (Lower Low)
5757,2025-02-25 15:30:00,86833.0,86055.5,-0.8953969113125194,LL (Lower Low)
5758,2025-02-25 19:15:00,86055.5,86515.7,0.5347711651201806,HL (Higher Low)
5759,2025-02-26 00:45:00,86515.7,88131.6,1.8677534828938662,HL (Higher Low)
5760,2025-02-26 08:00:00,88131.6,88073.5,-0.0659241407168437,LL (Lower Low)
5761,2025-02-26 14:15:00,88073.5,85350.0,-3.0923035873446607,LL (Lower Low)
5762,2025-02-26 20:15:00,85350.0,82055.6,-3.8598711189220785,LL (Lower Low)
5763,2025-02-27 09:15:00,82055.6,85814.3,4.580674567000908,HL (Higher Low)
5764,2025-02-27 20:30:00,85814.3,82670.0,-3.664074635579388,LL (Lower Low)
5765,2025-02-28 08:45:00,82670.0,78210.5,-5.394338937946051,LL (Lower Low)
5766,2025-02-28 18:15:00,78210.5,83168.4,6.339174407528393,HL (Higher Low)
5767,2025-03-01 00:45:00,83168.4,83760.9,0.7124100018757125,HL (Higher Low)
5768,2025-03-01 07:45:00,83760.9,84665.9,1.0804563943319616,HL (Higher Low)
5769,2025-03-01 13:15:00,84665.9,84280.0,-0.45579152882092344,LL (Lower Low)
5770,2025-03-02 04:30:00,84280.0,85486.9,1.4320123398196418,HL (Higher Low)
5771,2025-03-02 09:00:00,85486.9,85613.7,0.14832681966477076,HL (Higher Low)
5772,2025-03-02 14:45:00,85613.7,85007.7,-0.707830639255166,LL (Lower Low)
5773,2025-03-03 02:15:00,85007.7,92411.0,8.708975775135668,HL (Higher Low)
5774,2025-03-03 08:45:00,92411.0,91094.6,-1.4245057406585733,LL (Lower Low)
5775,2025-03-03 15:00:00,91094.6,89130.0,-2.156659121396884,LL (Lower Low)
5776,2025-03-03 21:45:00,89130.0,85023.4,-4.607427353304169,LL (Lower Low)
5777,2025-03-04 02:00:00,85023.4,82378.7,-3.1105554470886805,LL (Lower Low)
5778,2025-03-04 08:00:00,82378.7,82968.0,0.7153548186606524,HL (Higher Low)
5779,2025-03-04 15:15:00,82968.0,81413.7,-1.8733728666473857,LL (Lower Low)
5780,2025-03-05 00:30:00,81413.7,86350.8,6.06421277991297,HL (Higher Low)
5781,2025-03-05 04:00:00,86350.8,86706.1,0.41146115612131323,HL (Higher Low)
5782,2025-03-05 16:15:00,86706.1,87553.2,0.9769785516820515,HL (Higher Low)
5783,2025-03-06 00:45:00,87553.2,89961.3,2.750442016967976,HL (Higher Low)
5784,2025-03-06 19:30:00,89961.3,87800.1,-2.4023663508642015,LL (Lower Low)
5785,2025-03-07 00:45:00,87800.1,84594.7,-3.6507931084361047,LL (Lower Low)
5786,2025-03-07 12:30:00,84594.7,88272.7,4.3477901097822915,HL (Higher Low)
5787,2025-03-07 17:15:00,88272.7,86530.4,-1.9737699198053338,LL (Lower Low)
5788,2025-03-07 21:00:00,86530.4,85453.4,-1.2446492793284212,LL (Lower Low)
5789,2025-03-08 01:30:00,85453.4,85185.9,-0.3130361109095718,LL (Lower Low)
5790,2025-03-08 11:15:00,85185.9,85719.0,0.6258077921346207,HL (Higher Low)
5791,2025-03-08 17:15:00,85719.0,85615.3,-0.12097667961595106,LL (Lower Low)
5792,2025-03-08 22:15:00,85615.3,85813.3,0.23126707492702822,HL (Higher Low)
5793,2025-03-09 17:15:00,85813.3,82151.4,-4.267287238691448,LL (Lower Low)
5794,2025-03-09 23:00:00,82151.4,79913.4,-2.724238418334928,LL (Lower Low)
5795,2025-03-10 08:45:00,79913.4,81085.4,1.466587581056494,HL (Higher Low)
5796,2025-03-10 19:00:00,81085.4,77403.1,-4.54126143547419,LL (Lower Low)
5797,2025-03-11 00:45:00,77403.1,76545.0,-1.1086119289795962,LL (Lower Low)
5798,2025-03-11 14:30:00,76545.0,79000.0,3.2072637010908616,HL (Higher Low)
5799,2025-03-11 23:15:00,79000.0,82518.8,4.454177215189877,HL (Higher Low)
5800,2025-03-12 06:45:00,82518.8,81245.1,-1.5435270508053887,LL (Lower Low)
5801,2025-03-12 15:00:00,81245.1,80534.6,-0.8745142783995588,LL (Lower Low)
5802,2025-03-13 01:00:00,80534.6,83282.0,3.4114529655576535,HL (Higher Low)
5803,2025-03-13 08:30:00,83282.0,82357.7,-1.1098436636968407,LL (Lower Low)
5804,2025-03-13 17:45:00,82357.7,79888.0,-2.998748143767975,LL (Lower Low)
5805,2025-03-14 06:30:00,79888.0,81743.3,2.3223763268576043,HL (Higher Low)
5806,2025-03-14 14:15:00,81743.3,82585.4,1.0301761734600772,HL (Higher Low)
5807,2025-03-14 20:15:00,82585.4,83702.0,1.3520549637102997,HL (Higher Low)
5808,2025-03-14 23:45:00,83702.0,83920.0,0.2604477790255908,HL (Higher Low)
5809,2025-03-15 08:15:00,83920.0,83591.8,-0.3910867492850299,LL (Lower Low)
5810,2025-03-15 19:00:00,83591.8,84061.1,0.5614187037484573,HL (Higher Low)
5811,2025-03-16 02:00:00,84061.1,83718.9,-0.40708484661753375,LL (Lower Low)
5812,2025-03-16 11:45:00,83718.9,82309.1,-1.6839686140166537,LL (Lower Low)
5813,2025-03-16 19:15:00,82309.1,82500.1,0.2320521060247287,HL (Higher Low)
5814,2025-03-16 23:00:00,82500.1,81934.4,-0.6856961385501492,LL (Lower Low)
5815,2025-03-17 06:30:00,81934.4,82642.9,0.8647161631744421,HL (Higher Low)
5816,2025-03-17 14:00:00,82642.9,82400.7,-0.2930681280545541,LL (Lower Low)
5817,2025-03-18 06:45:00,82400.7,82200.1,-0.2434445338449689,LL (Lower Low)
5818,2025-03-18 14:15:00,82200.1,81093.6,-1.346105418363238,LL (Lower Low)
5819,2025-03-18 18:30:00,81093.6,81175.3,0.10074777787642561,HL (Higher Low)
5820,2025-03-19 02:00:00,81175.3,82475.5,1.6017187494225422,HL (Higher Low)
5821,2025-03-19 18:00:00,82475.5,83505.9,1.2493407133027312,HL (Higher Low)
5822,2025-03-20 04:45:00,83505.9,85366.0,2.227507277928872,HL (Higher Low)
5823,2025-03-20 10:15:00,85366.0,84746.4,-0.7258158986013236,LL (Lower Low)
5824,2025-03-20 16:45:00,84746.4,83605.8,-1.3458978788479408,LL (Lower Low)
5825,2025-03-20 23:15:00,83605.8,83880.0,0.3279676768836577,HL (Higher Low)
5826,2025-03-21 03:15:00,83880.0,84222.6,0.40844062947067933,HL (Higher Low)
5827,2025-03-21 08:30:00,84222.6,83684.6,-0.6387834144279564,LL (Lower Low)
5828,2025-03-21 13:30:00,83684.6,83136.3,-0.6551982085114858,LL (Lower Low)
5829,2025-03-22 01:30:00,83136.3,83950.8,0.9797164415544112,HL (Higher Low)
5830,2025-03-22 08:30:00,83950.8,84078.8,0.1524702563882655,HL (Higher Low)
5831,2025-03-22 15:00:00,84078.8,83932.5,-0.17400343487300354,LL (Lower Low)
5832,2025-03-22 23:30:00,83932.5,83616.0,-0.3770887320167992,LL (Lower Low)
5833,2025-03-23 18:15:00,83616.0,84755.5,1.3627774588595483,HL (Higher Low)
5834,2025-03-24 02:00:00,84755.5,85488.4,0.8647226433682702,HL (Higher Low)
5835,2025-03-24 07:30:00,85488.4,86718.1,1.4384407709116227,HL (Higher Low)
5836,2025-03-24 13:00:00,86718.1,87109.2,0.4510015786784895,HL (Higher Low)
5837,2025-03-25 04:00:00,87109.2,86261.0,-0.9737203418238224,LL (Lower Low)
5838,2025-03-25 07:30:00,86261.0,86302.0,0.04753017006526704,HL (Higher Low)
5839,2025-03-25 12:30:00,86302.0,86872.8,0.6613983453454183,HL (Higher Low)
5840,2025-03-25 18:30:00,86872.8,87520.0,0.7449972833844392,HL (Higher Low)
5841,2025-03-25 23:00:00,87520.0,87074.2,-0.509369287020113,LL (Lower Low)
5842,2025-03-26 03:45:00,87074.2,86980.2,-0.10795390597903858,LL (Lower Low)
5843,2025-03-26 19:15:00,86980.2,85800.1,-1.3567455581844963,LL (Lower Low)
5844,2025-03-26 23:15:00,85800.1,86518.6,0.8374116114083783,HL (Higher Low)
5845,2025-03-27 07:00:00,86518.6,87201.3,0.7890788801483115,HL (Higher Low)
5846,2025-03-27 13:30:00,87201.3,85695.4,-1.7269237958608514,LL (Lower Low)
5847,2025-03-28 11:15:00,85695.4,84750.0,-1.1032097405461603,LL (Lower Low)
5848,2025-03-28 17:00:00,84750.0,83545.0,-1.4218289085545723,LL (Lower Low)
5849,2025-03-29 03:00:00,83545.0,83659.1,0.13657310431504677,HL (Higher Low)
5850,2025-03-29 11:45:00,83659.1,81958.3,-2.0330125473499034,LL (Lower Low)
5851,2025-03-29 17:15:00,81958.3,81602.9,-0.43363515348660076,LL (Lower Low)
5852,2025-03-29 22:45:00,81602.9,82221.3,0.7578162050613505,HL (Higher Low)
5853,2025-03-30 06:15:00,82221.3,82813.0,0.7196432068089377,HL (Higher Low)
5854,2025-03-30 13:30:00,82813.0,82513.5,-0.361658193761849,LL (Lower Low)
5855,2025-03-30 17:00:00,82513.5,81985.8,-0.639531712992416,LL (Lower Low)
5856,2025-03-31 00:45:00,81985.8,81212.3,-0.9434560619034027,LL (Lower Low)
5857,2025-03-31 04:15:00,81212.3,81355.0,0.17571229973784402,HL (Higher Low)
5858,2025-03-31 10:00:00,81355.0,81232.4,-0.15069756007621635,LL (Lower Low)
5859,2025-03-31 13:45:00,81232.4,81600.0,0.45252879392952305,HL (Higher Low)
5860,2025-03-31 22:15:00,81600.0,82213.1,0.7513480392156934,HL (Higher Low)
5861,2025-04-01 06:00:00,82213.1,82851.0,0.7759104084385507,HL (Higher Low)
5862,2025-04-01 14:15:00,82851.0,82509.7,-0.4119443338040614,LL (Lower Low)
5863,2025-04-01 18:15:00,82509.7,84671.4,2.619934383472485,HL (Higher Low)
5864,2025-04-02 06:00:00,84671.4,83867.2,-0.9497894212213299,LL (Lower Low)
5865,2025-04-02 12:00:00,83867.2,84403.5,0.6394633420455231,HL (Higher Low)
5866,2025-04-03 00:00:00,84403.5,82107.1,-2.7207402536624596,LL (Lower Low)
5867,2025-04-03 06:45:00,82107.1,82955.0,1.0326756151416796,HL (Higher Low)
5868,2025-04-03 15:00:00,82955.0,81146.0,-2.180700379723947,LL (Lower Low)
5869,2025-04-03 18:15:00,81146.0,81501.0,0.4374830552337761,HL (Higher Low)
5870,2025-04-04 11:30:00,81501.0,81605.0,0.1276057962478988,HL (Higher Low)
5871,2025-04-04 14:45:00,81605.0,81800.0,0.23895594632681819,HL (Higher Low)
5872,2025-04-04 20:15:00,81800.0,83457.1,2.0257946210269018,HL (Higher Low)
5873,2025-04-05 00:30:00,83457.1,83374.6,-0.09885318325223377,LL (Lower Low)
5874,2025-04-05 06:45:00,83374.6,83304.3,-0.08431824560478,LL (Lower Low)
5875,2025-04-06 03:30:00,83304.3,83131.9,-0.20695210211238643,LL (Lower Low)
5876,2025-04-06 13:45:00,83131.9,82159.7,-1.1694668352341244,LL (Lower Low)
5877,2025-04-06 23:15:00,82159.7,77083.5,-6.178454887250072,LL (Lower Low)
5878,2025-04-07 07:00:00,77083.5,74456.2,-3.408381819714988,LL (Lower Low)
5879,2025-04-07 13:30:00,74456.2,75739.6,1.7236979593371793,HL (Higher Low)
5880,2025-04-07 16:45:00,75739.6,77250.0,1.9942011840569454,HL (Higher Low)
5881,2025-04-07 19:45:00,77250.0,77976.0,0.9398058252427184,HL (Higher Low)
5882,2025-04-08 01:00:00,77976.0,78738.9,0.9783779624499771,HL (Higher Low)
5883,2025-04-08 10:00:00,78738.9,78777.2,0.04864177680917934,HL (Higher Low)
5884,2025-04-08 19:30:00,78777.2,76316.1,-3.1241272855597706,LL (Lower Low)
5885,2025-04-09 01:15:00,76316.1,74565.9,-2.293356185654156,LL (Lower Low)
5886,2025-04-09 11:30:00,74565.9,75742.3,1.5776648575287215,HL (Higher Low)
5887,2025-04-10 03:30:00,75742.3,81440.8,7.523537046009957,HL (Higher Low)
5888,2025-04-10 07:30:00,81440.8,81255.5,-0.2275272345065408,LL (Lower Low)
5889,2025-04-10 16:00:00,81255.5,78422.0,-3.487148562251171,LL (Lower Low)
5890,2025-04-11 00:45:00,78422.0,78928.2,0.6454821351151425,HL (Higher Low)
5891,2025-04-11 14:15:00,78928.2,81315.7,3.02490111265682,HL (Higher Low)
5892,2025-04-12 03:00:00,81315.7,82753.3,1.7679242753859414,HL (Higher Low)
5893,2025-04-12 10:45:00,82753.3,83260.1,0.612422707009875,HL (Higher Low)
5894,2025-04-13 08:00:00,83260.1,84242.7,1.1801571220788725,HL (Higher Low)
5895,2025-04-13 13:45:00,84242.7,83413.0,-0.9848924595246795,LL (Lower Low)
5896,2025-04-13 19:30:00,83413.0,82953.1,-0.551352906621263,LL (Lower Low)
5897,2025-04-14 07:15:00,82953.1,84169.7,1.466611856579189,HL (Higher Low)
5898,2025-04-14 15:45:00,84169.7,83639.4,-0.630036699667461,LL (Lower Low)
5899,2025-04-15 00:15:00,83639.4,84300.9,0.7908952001090396,HL (Higher Low)
5900,2025-04-15 11:15:00,84300.9,85327.3,1.2175433476985522,HL (Higher Low)
5901,2025-04-16 01:00:00,85327.3,83055.0,-2.663039847739238,LL (Lower Low)
5902,2025-04-16 08:15:00,83055.0,83075.3,0.024441635061107594,HL (Higher Low)
5903,2025-04-16 13:30:00,83075.3,83456.7,0.45910156207680763,HL (Higher Low)
5904,2025-04-16 18:00:00,83456.7,83224.4,-0.278347933718926,LL (Lower Low)
5905,2025-04-17 00:15:00,83224.4,83889.8,0.7995251392620538,HL (Higher Low)
5906,2025-04-17 03:15:00,83889.8,83762.0,-0.15234271627778695,LL (Lower Low)
5907,2025-04-17 10:15:00,83762.0,84134.1,0.44423485590125095,HL (Higher Low)
5908,2025-04-17 14:30:00,84134.1,83677.4,-0.5428238966126833,LL (Lower Low)
5909,2025-04-17 19:30:00,83677.4,84452.8,0.9266540308374887,HL (Higher Low)
5910,2025-04-18 00:45:00,84452.8,84675.2,0.26334236401871125,HL (Higher Low)
5911,2025-04-18 07:15:00,84675.2,84375.0,-0.3545311968557465,LL (Lower Low)
5912,2025-04-18 16:00:00,84375.0,84250.0,-0.14814814814814814,LL (Lower Low)
5913,2025-04-18 23:00:00,84250.0,84290.0,0.04747774480712166,HL (Higher Low)
5914,2025-04-19 11:30:00,84290.0,85100.0,0.9609680863684897,HL (Higher Low)
5915,2025-04-19 16:45:00,85100.0,84659.4,-0.5177438307873159,LL (Lower Low)
5916,2025-04-20 00:00:00,84659.4,85006.6,0.4101139389128811,HL (Higher Low)
5917,2025-04-20 11:30:00,85006.6,83882.7,-1.3221326344072208,LL (Lower Low)
5918,2025-04-21 04:30:00,83882.7,87033.0,3.755601572195462,HL (Higher Low)
5919,2025-04-21 11:15:00,87033.0,86615.2,-0.48004779796169605,LL (Lower Low)
5920,2025-04-21 17:00:00,86615.2,86350.0,-0.30618182489909057,LL (Lower Low)
5921,2025-04-22 10:15:00,86350.0,88200.1,2.1425593514765557,HL (Higher Low)
5922,2025-04-23 01:45:00,88200.1,92561.0,4.944325459948451,HL (Higher Low)
5923,2025-04-23 15:15:00,92561.0,91911.8,-0.7013753092555148,LL (Lower Low)
5924,2025-04-23 19:30:00,91911.8,92909.0,1.0849531833779744,HL (Higher Low)
5925,2025-04-24 08:45:00,92909.0,91631.5,-1.3750013454024907,LL (Lower Low)
5926,2025-04-24 17:45:00,91631.5,92613.3,1.0714655986205648,HL (Higher Low)
5927,2025-04-24 21:15:00,92613.3,92999.0,0.4164628622454843,HL (Higher Low)
5928,2025-04-25 03:00:00,92999.0,92775.6,-0.240217636748776,LL (Lower Low)
5929,2025-04-25 17:45:00,92775.6,94329.6,1.6750093774656267,HL (Higher Low)
5930,2025-04-25 21:45:00,94329.6,94406.0,0.0809926046543123,HL (Higher Low)
5931,2025-04-26 00:30:00,94406.0,94510.0,0.1101624896722666,HL (Higher Low)
5932,2025-04-26 05:15:00,94510.0,94264.1,-0.2601841075018455,LL (Lower Low)
5933,2025-04-26 13:45:00,94264.1,93839.8,-0.4501183377340927,LL (Lower Low)
5934,2025-04-27 01:45:00,93839.8,93959.1,0.12713155825140604,HL (Higher Low)
5935,2025-04-27 05:30:00,93959.1,93592.8,-0.38985047749499824,LL (Lower Low)
5936,2025-04-27 13:00:00,93592.8,93538.4,-0.058124129206529485,LL (Lower Low)
5937,2025-04-27 16:45:00,93538.4,93673.5,0.14443266081096728,HL (Higher Low)
5938,2025-04-28 01:30:00,93673.5,92750.0,-0.9858711375148788,LL (Lower Low)
5939,2025-04-28 10:15:00,92750.0,94280.5,1.650134770889488,HL (Higher Low)
5940,2025-04-28 16:15:00,94280.5,93381.9,-0.9531133161152157,LL (Lower Low)
5941,2025-04-29 05:30:00,93381.9,94146.8,0.8191094848145184,HL (Higher Low)
5942,2025-04-29 14:00:00,94146.8,94466.8,0.3398947176112199,HL (Higher Low)
5943,2025-04-29 17:00:00,94466.8,94601.4,0.14248392027674406,HL (Higher Low)
5944,2025-04-29 23:00:00,94601.4,93682.0,-0.9718672239522821,LL (Lower Low)
5945,2025-04-30 07:45:00,93682.0,94453.2,0.8232104353024029,HL (Higher Low)
5946,2025-04-30 14:00:00,94453.2,92852.4,-1.6948075872495618,LL (Lower Low)
5947,2025-04-30 23:00:00,92852.4,93923.2,1.1532281341139303,HL (Higher Low)
5948,2025-05-01 13:45:00,93923.2,95772.0,1.9684167490034443,HL (Higher Low)
5949,2025-05-01 20:00:00,95772.0,96236.3,0.4847972267468602,HL (Higher Low)
5950,2025-05-01 23:30:00,96236.3,96132.9,-0.1074438647371197,LL (Lower Low)
5951,2025-05-02 08:00:00,96132.9,96306.9,0.180999428915595,HL (Higher Low)
5952,2025-05-02 22:15:00,96306.9,96500.1,0.20060867912892189,HL (Higher Low)
5953,2025-05-03 06:45:00,96500.1,96056.8,-0.45937776230284,LL (Lower Low)
5954,2025-05-03 10:45:00,96056.8,95819.0,-0.24756185923329,LL (Lower Low)
5955,2025-05-03 17:15:00,95819.0,95783.8,-0.036735929199842504,LL (Lower Low)
5956,2025-05-04 01:30:00,95783.8,95535.4,-0.25933404187347836,LL (Lower Low)
5957,2025-05-04 10:15:00,95535.4,95233.0,-0.31653188242263514,LL (Lower Low)
5958,2025-05-04 13:45:00,95233.0,95187.5,-0.04777755609925131,LL (Lower Low)
5959,2025-05-04 17:30:00,95187.5,95152.6,-0.03666447800393348,LL (Lower Low)
5960,2025-05-05 02:00:00,95152.6,93460.2,-1.778616664179443,LL (Lower Low)
5961,2025-05-05 15:45:00,93460.2,93543.9,0.08955683809792521,HL (Higher Low)
5962,2025-05-05 20:30:00,93543.9,93801.0,0.27484421752781935,HL (Higher Low)
5963,2025-05-06 02:30:00,93801.0,93970.0,0.18016865491839107,HL (Higher Low)
5964,2025-05-06 13:45:00,93970.0,93333.5,-0.6773438331382357,LL (Lower Low)
5965,2025-05-06 21:15:00,93333.5,94401.9,1.1447122415852766,HL (Higher Low)
5966,2025-05-07 03:15:00,94401.9,96157.1,1.8592846118563415,HL (Higher Low)
5967,2025-05-07 10:30:00,96157.1,96780.2,0.6480020716098875,HL (Higher Low)
5968,2025-05-07 19:30:00,96780.2,95724.2,-1.0911322770566707,LL (Lower Low)
5969,2025-05-08 00:30:00,95724.2,96832.1,1.157387578062819,HL (Higher Low)
5970,2025-05-08 13:45:00,96832.1,99055.0,2.2956230423588813,HL (Higher Low)
5971,2025-05-09 03:45:00,99055.0,102314.2,3.290293271414867,HL (Higher Low)
5972,2025-05-09 09:30:00,102314.2,102378.3,0.06265015022353282,HL (Higher Low)
5973,2025-05-09 16:45:00,102378.3,102264.1,-0.11154707589400983,LL (Lower Low)
5974,2025-05-09 23:00:00,102264.1,102692.2,0.41862197975632826,HL (Higher Low)
5975,2025-05-10 09:00:00,102692.2,103328.1,0.6192291137983301,HL (Higher Low)
5976,2025-05-10 15:45:00,103328.1,103053.6,-0.2656586156137585,LL (Lower Low)
5977,2025-05-10 18:30:00,103053.6,102880.0,-0.1684560267666591,LL (Lower Low)
5978,2025-05-11 02:45:00,102880.0,103342.3,0.44935847589424854,HL (Higher Low)
5979,2025-05-11 07:45:00,103342.3,103250.0,-0.08931483042278227,LL (Lower Low)
5980,2025-05-11 16:15:00,103250.0,103713.3,0.4487167070217946,HL (Higher Low)
5981,2025-05-12 02:45:00,103713.3,103666.0,-0.04560649405621353,LL (Lower Low)
5982,2025-05-12 18:45:00,103666.0,100688.0,-2.872687284162599,LL (Lower Low)
5983,2025-05-13 03:30:00,100688.0,101380.0,0.6872715715874782,HL (Higher Low)
5984,2025-05-13 14:15:00,101380.0,102745.0,1.3464194121128428,HL (Higher Low)
5985,2025-05-14 03:30:00,102745.0,103400.0,0.6375006083021072,HL (Higher Low)
5986,2025-05-14 09:00:00,103400.0,102803.4,-0.5769825918762146,LL (Lower Low)
5987,2025-05-14 17:15:00,102803.4,102550.0,-0.24648990208494484,LL (Lower Low)
5988,2025-05-15 09:45:00,102550.0,101450.0,-1.0726474890297415,LL (Lower Low)
5989,2025-05-15 14:45:00,101450.0,101333.0,-0.11532774765894528,LL (Lower Low)
5990,2025-05-15 19:15:00,101333.0,102500.0,1.1516485251596222,HL (Higher Low)
5991,2025-05-16 04:45:00,102500.0,103758.0,1.2273170731707317,HL (Higher Low)
5992,2025-05-16 08:15:00,103758.0,103042.2,-0.689874515699997,LL (Lower Low)
5993,2025-05-16 14:30:00,103042.2,103279.3,0.2300999008173407,HL (Higher Low)
5994,2025-05-17 01:45:00,103279.3,102539.7,-0.7161163950569047,LL (Lower Low)
5995,2025-05-17 11:00:00,102539.7,102700.1,0.15642721794583828,HL (Higher Low)
5996,2025-05-17 13:45:00,102700.1,102600.2,-0.0972735177473135,LL (Lower Low)
5997,2025-05-17 16:45:00,102600.2,102725.0,0.12163718979105588,HL (Higher Low)
5998,2025-05-17 22:30:00,102725.0,102852.8,0.12440983207593372,HL (Higher Low)
5999,2025-05-18 12:00:00,102852.8,103666.7,0.7913250781699614,HL (Higher Low)
6000,2025-05-18 20:00:00,103666.7,103228.0,-0.4231831436710121,LL (Lower Low)
6001,2025-05-19 06:30:00,103228.0,102000.0,-1.1895997210059286,LL (Lower Low)
6002,2025-05-19 12:30:00,102000.0,102100.0,0.09803921568627451,HL (Higher Low)
6003,2025-05-19 19:00:00,102100.0,104573.1,2.422233104799222,HL (Higher Low)
6004,2025-05-20 08:30:00,104573.1,104807.7,0.22434067652196527,HL (Higher Low)
6005,2025-05-20 13:45:00,104807.7,104125.4,-0.6510017870824405,LL (Lower Low)
6006,2025-05-20 22:15:00,104125.4,105888.0,1.6927666064188045,HL (Higher Low)
6007,2025-05-21 02:00:00,105888.0,106136.0,0.23420973103656695,HL (Higher Low)
6008,2025-05-21 09:45:00,106136.0,106001.8,-0.12644154669480392,LL (Lower Low)
6009,2025-05-21 17:45:00,106001.8,106078.5,0.07235726185781476,HL (Higher Low)
6010,2025-05-22 09:00:00,106078.5,110218.4,3.9026758485461186,HL (Higher Low)
6011,2025-05-22 14:45:00,110218.4,110495.3,0.2512284700195328,HL (Higher Low)
6012,2025-05-22 21:15:00,110495.3,110683.2,0.1700524818702643,HL (Higher Low)
6013,2025-05-23 06:45:00,110683.2,110349.0,-0.3019428422741637,LL (Lower Low)
6014,2025-05-23 12:15:00,110349.0,107263.6,-2.7960380248121814,LL (Lower Low)
6015,2025-05-23 16:15:00,107263.6,107977.1,0.6651837156313978,HL (Higher Low)
6016,2025-05-23 23:45:00,107977.1,106755.0,-1.1318140605739604,LL (Lower Low)
6017,2025-05-24 07:45:00,106755.0,107506.1,0.70357360310993,HL (Higher Low)
6018,2025-05-24 13:45:00,107506.1,108469.5,0.8961351960493349,HL (Higher Low)
6019,2025-05-25 01:15:00,108469.5,107118.1,-1.2458801782989635,LL (Lower Low)
6020,2025-05-25 09:30:00,107118.1,106650.2,-0.43680759834239846,LL (Lower Low)
6021,2025-05-25 15:30:00,106650.2,106538.4,-0.10482868292792974,LL (Lower Low)
6022,2025-05-25 21:30:00,106538.4,107106.5,0.5332349650454726,HL (Higher Low)
6023,2025-05-26 11:00:00,107106.5,109505.7,2.2400134445621855,HL (Higher Low)
6024,2025-05-26 19:30:00,109505.7,108816.5,-0.6293736307790345,LL (Lower Low)
6025,2025-05-27 01:15:00,108816.5,107421.7,-1.281790904871966,LL (Lower Low)
6026,2025-05-27 14:30:00,107421.7,108606.6,1.1030359787640753,HL (Higher Low)
6027,2025-05-27 22:15:00,108606.6,108458.6,-0.13627164463301492,LL (Lower Low)
6028,2025-05-28 02:15:00,108458.6,108304.1,-0.14245066781241872,LL (Lower Low)
6029,2025-05-28 10:15:00,108304.1,108171.3,-0.1226177033002471,LL (Lower Low)
6030,2025-05-28 15:45:00,108171.3,106973.9,-1.1069479612429625,LL (Lower Low)
6031,2025-05-28 20:00:00,106973.9,106718.0,-0.2392172296232952,LL (Lower Low)
6032,2025-05-29 04:45:00,106718.0,106880.0,0.15180194531381772,HL (Higher Low)
6033,2025-05-29 14:30:00,106880.0,106339.4,-0.5058008982035983,LL (Lower Low)
6034,2025-05-29 19:15:00,106339.4,105600.0,-0.6953208312252976,LL (Lower Low)
6035,2025-05-30 00:45:00,105600.0,104520.1,-1.0226325757575703,LL (Lower Low)
6036,2025-05-30 09:30:00,104520.1,104555.1,0.033486382045176,HL (Higher Low)
6037,2025-05-30 16:45:00,104555.1,103666.0,-0.8503650228444195,LL (Lower Low)
6038,2025-05-31 03:00:00,103666.0,103036.8,-0.6069492408311279,LL (Lower Low)
6039,2025-05-31 10:45:00,103036.8,103246.0,0.20303425572222458,HL (Higher Low)
6040,2025-05-31 17:45:00,103246.0,104238.1,0.9609088971969915,HL (Higher Low)
6041,2025-06-01 02:00:00,104238.1,103863.4,-0.35946549294357016,LL (Lower Low)
6042,2025-06-01 06:15:00,103863.4,104150.1,0.2760356391183147,HL (Higher Low)
6043,2025-06-01 09:45:00,104150.1,103696.7,-0.435333235397766,LL (Lower Low)
6044,2025-06-01 12:30:00,103696.7,103719.7,0.022180069375399604,HL (Higher Low)
6045,2025-06-01 18:30:00,103719.7,104302.4,0.5618026276589665,HL (Higher Low)
6046,2025-06-02 03:15:00,104302.4,104502.2,0.19155839175321268,HL (Higher Low)
6047,2025-06-02 14:00:00,104502.2,103606.4,-0.8572068339231165,LL (Lower Low)
6048,2025-06-02 19:45:00,103606.4,103985.6,0.36600055595022285,HL (Higher Low)
6049,2025-06-03 04:45:00,103985.6,105061.8,1.0349509932144423,HL (Higher Low)
6050,2025-06-03 08:30:00,105061.8,104813.9,-0.23595636092281755,LL (Lower Low)
6051,2025-06-03 13:30:00,104813.9,104971.9,0.15074336514527178,HL (Higher Low)
6052,2025-06-04 00:30:00,104971.9,105052.5,0.07678245320891193,HL (Higher Low)
6053,2025-06-04 06:30:00,105052.5,105200.0,0.14040598748244926,HL (Higher Low)
6054,2025-06-04 14:00:00,105200.0,104135.3,-1.0120722433460048,LL (Lower Low)
6055,2025-06-04 20:15:00,104135.3,104355.1,0.21107155786750784,HL (Higher Low)
6056,2025-06-05 06:45:00,104355.1,104307.6,-0.04551766037309149,LL (Lower Low)
6057,2025-06-05 20:45:00,104307.6,100350.0,-3.794162649701465,LL (Lower Low)
6058,2025-06-06 12:30:00,100350.0,103463.9,3.1030393622321815,HL (Higher Low)
6059,2025-06-06 19:45:00,103463.9,104012.0,0.5297499900931686,HL (Higher Low)
6060,2025-06-07 00:15:00,104012.0,103811.0,-0.19324693304618698,LL (Lower Low)
6061,2025-06-07 08:45:00,103811.0,104645.4,0.8037683867798154,HL (Higher Low)
6062,2025-06-07 16:45:00,104645.4,105220.7,0.549761384638028,HL (Higher Low)
6063,2025-06-08 01:00:00,105220.7,105340.0,0.11338073211830269,HL (Higher Low)
6064,2025-06-08 10:15:00,105340.0,104924.7,-0.3942471995443354,LL (Lower Low)
6065,2025-06-09 03:15:00,104924.7,105252.6,0.3125098284770018,HL (Higher Low)
6066,2025-06-09 06:00:00,105252.6,105264.1,0.010926095887417508,HL (Higher Low)
6067,2025-06-09 13:45:00,105264.1,106835.4,1.4927216401413095,HL (Higher Low)
6068,2025-06-10 08:45:00,106835.4,109016.0,2.041083760626165,HL (Higher Low)
6069,2025-06-10 15:30:00,109016.0,108279.2,-0.6758640933440989,LL (Lower Low)
6070,2025-06-11 02:15:00,108279.2,109487.9,1.1162808738889807,HL (Higher Low)
6071,2025-06-11 06:45:00,109487.9,109311.0,-0.16157036530976865,LL (Lower Low)
6072,2025-06-11 12:15:00,109311.0,108967.0,-0.3146984292523168,LL (Lower Low)
6073,2025-06-11 18:30:00,108967.0,108355.5,-0.5611790725632531,LL (Lower Low)
6074,2025-06-11 22:15:00,108355.5,108006.6,-0.3219956531971097,LL (Lower Low)
6075,2025-06-12 04:15:00,108006.6,107305.1,-0.6494973455325878,LL (Lower Low)
6076,2025-06-12 13:30:00,107305.1,106554.3,-0.6996871537326771,LL (Lower Low)
6077,2025-06-13 01:00:00,106554.3,102626.9,-3.6858202813025933,LL (Lower Low)
6078,2025-06-13 10:00:00,102626.9,104359.4,1.6881538855797067,HL (Higher Low)
6079,2025-06-13 14:30:00,104359.4,104057.2,-0.28957621450487175,LL (Lower Low)
6080,2025-06-13 18:30:00,104057.2,104590.9,0.51289098688029,HL (Higher Low)
6081,2025-06-14 07:15:00,104590.9,104723.5,0.12677967203648294,HL (Higher Low)
6082,2025-06-14 12:30:00,104723.5,104672.0,-0.04917711879377599,LL (Lower Low)
6083,2025-06-14 20:00:00,104672.0,104250.0,-0.40316416997859983,LL (Lower Low)
6084,2025-06-15 00:30:00,104250.0,105215.1,0.9257553956834589,HL (Higher Low)
6085,2025-06-15 09:30:00,105215.1,104820.0,-0.37551644203161505,LL (Lower Low)
6086,2025-06-15 21:00:00,104820.0,104433.0,-0.3692043503148254,LL (Lower Low)
6087,2025-06-16 01:30:00,104433.0,104921.2,0.46747675543170936,HL (Higher Low)
6088,2025-06-16 13:30:00,104921.2,106440.0,1.447562551705473,HL (Higher Low)
6089,2025-06-17 00:15:00,106440.0,106072.3,-0.3454528372792156,LL (Lower Low)
6090,2025-06-17 17:00:00,106072.3,103303.4,-2.6103893287880138,LL (Lower Low)
6091,2025-06-17 22:45:00,103303.4,104142.8,0.8125579603381968,HL (Higher Low)
6092,2025-06-18 13:30:00,104142.8,103767.1,-0.36075465610680435,LL (Lower Low)
6093,2025-06-18 19:00:00,103767.1,103422.3,-0.3322825828224966,LL (Lower Low)
6094,2025-06-19 02:00:00,103422.3,104394.9,0.940416138492367,HL (Higher Low)
6095,2025-06-19 07:45:00,104394.9,104558.0,0.15623368574519045,HL (Higher Low)
6096,2025-06-19 17:00:00,104558.0,103864.0,-0.6637464373840356,LL (Lower Low)
6097,2025-06-20 01:15:00,103864.0,104341.3,0.45954324886390174,HL (Higher Low)
6098,2025-06-20 04:45:00,104341.3,104191.9,-0.1431839549631917,LL (Lower Low)
6099,2025-06-20 17:30:00,104191.9,102260.0,-1.8541748446856177,LL (Lower Low)
6100,2025-06-20 22:45:00,102260.0,102913.2,0.6387639350674722,HL (Higher Low)
6101,2025-06-21 06:15:00,102913.2,103262.0,0.33892639622517123,HL (Higher Low)
6102,2025-06-21 23:45:00,103262.0,100800.0,-2.384226530572718,LL (Lower Low)
6103,2025-06-22 09:45:00,100800.0,102034.0,1.224206349206349,HL (Higher Low)
6104,2025-06-22 16:15:00,102034.0,98596.0,-3.369465080267362,LL (Lower Low)
6105,2025-06-22 20:15:00,98596.0,98125.0,-0.47770700636942676,LL (Lower Low)
6106,2025-06-23 13:30:00,98125.0,100738.1,2.6630318471337637,HL (Higher Low)
6107,2025-06-23 16:30:00,100738.1,99581.0,-1.1486220208640086,LL (Lower Low)
6108,2025-06-24 04:15:00,99581.0,104650.0,5.090328476315762,HL (Higher Low)
6109,2025-06-24 08:15:00,104650.0,104567.0,-0.07931199235547061,LL (Lower Low)
6110,2025-06-24 13:30:00,104567.0,104755.0,0.17978903478152763,HL (Higher Low)
6111,2025-06-24 19:45:00,104755.0,105182.1,0.40771323564508216,HL (Higher Low)
6112,2025-06-25 04:45:00,105182.1,105931.3,0.7122884977576955,HL (Higher Low)
6113,2025-06-25 15:30:00,105931.3,106672.8,0.6999819694462354,HL (Higher Low)
6114,2025-06-25 23:00:00,106672.8,107005.4,0.3117945718121126,HL (Higher Low)
6115,2025-06-26 05:30:00,107005.4,107447.1,0.4127829062832452,HL (Higher Low)
6116,2025-06-26 15:30:00,107447.1,106457.7,-0.9208252246919728,LL (Lower Low)
6117,2025-06-26 21:30:00,106457.7,106773.4,0.2965497094150983,HL (Higher Low)
6118,2025-06-27 01:00:00,106773.4,106351.6,-0.39504221088771957,LL (Lower Low)
6119,2025-06-27 08:30:00,106351.6,106633.2,0.2647821001282456,HL (Higher Low)
6120,2025-06-27 13:45:00,106633.2,106280.0,-0.33122892307461194,LL (Lower Low)
6121,2025-06-27 18:30:00,106280.0,106388.0,0.10161836657884833,HL (Higher Low)
6122,2025-06-28 01:15:00,106388.0,106761.0,0.35060345151708844,HL (Higher Low)
6123,2025-06-28 10:30:00,106761.0,107202.1,0.4131658564457113,HL (Higher Low)
6124,2025-06-28 13:30:00,107202.1,107037.1,-0.15391489532387892,LL (Lower Low)
6125,2025-06-28 20:15:00,107037.1,107100.0,0.05876467131489378,HL (Higher Low)
6126,2025-06-29 02:00:00,107100.0,107113.8,0.012885154061627367,HL (Higher Low)
6127,2025-06-29 16:45:00,107113.8,107222.0,0.1010140616801916,HL (Higher Low)
6128,2025-06-29 21:00:00,107222.0,107171.2,-0.047378336535415226,LL (Lower Low)
6129,2025-06-30 10:15:00,107171.2,107300.0,0.12018154130960829,HL (Higher Low)
6130,2025-06-30 15:15:00,107300.0,106677.0,-0.5806150978564771,LL (Lower Low)
6131,2025-06-30 18:30:00,106677.0,107057.9,0.3570591598938798,HL (Higher Low)
6132,2025-06-30 21:45:00,107057.9,106858.8,-0.18597413175486469,LL (Lower Low)
6133,2025-07-01 11:15:00,106858.8,106233.7,-0.5849775591715477,LL (Lower Low)
6134,2025-07-01 15:00:00,106233.7,105550.0,-0.6435810858512856,LL (Lower Low)
6135,2025-07-01 20:00:00,105550.0,105180.3,-0.3502605400284198,LL (Lower Low)
6136,2025-07-02 01:15:00,105180.3,105058.6,-0.11570607803932588,LL (Lower Low)
6137,2025-07-02 12:30:00,105058.6,107134.7,1.9761352235799747,HL (Higher Low)
6138,2025-07-03 02:45:00,107134.7,108455.1,1.2324671651668495,HL (Higher Low)
6139,2025-07-03 12:45:00,108455.1,108704.4,0.22986470899016123,HL (Higher Low)
6140,2025-07-03 16:00:00,108704.4,108955.0,0.2305334466682175,HL (Higher Low)
6141,2025-07-04 08:15:00,108955.0,108456.0,-0.45798724243953925,LL (Lower Low)
6142,2025-07-04 16:15:00,108456.0,107300.0,-1.0658700302426791,LL (Lower Low)
6143,2025-07-04 19:15:00,107300.0,107220.3,-0.07427772600186122,LL (Lower Low)
6144,2025-07-05 02:30:00,107220.3,107685.9,0.4342461268994689,HL (Higher Low)
6145,2025-07-05 09:15:00,107685.9,107809.9,0.1151497085505159,HL (Higher Low)
6146,2025-07-05 12:30:00,107809.9,107911.0,0.09377617454427267,HL (Higher Low)
6147,2025-07-05 16:30:00,107911.0,107820.8,-0.08358740072837531,LL (Lower Low)
6148,2025-07-06 04:30:00,107820.8,107888.0,0.06232563661185698,HL (Higher Low)
6149,2025-07-06 09:45:00,107888.0,107762.6,-0.11623164763457862,LL (Lower Low)
6150,2025-07-06 18:45:00,107762.6,108225.7,0.4297409305269094,HL (Higher Low)
6151,2025-07-07 01:00:00,108225.7,108612.0,0.3569392482561933,HL (Higher Low)
6152,2025-07-07 07:00:00,108612.0,108573.5,-0.035447280226862596,LL (Lower Low)
6153,2025-07-07 13:15:00,108573.5,107896.8,-0.6232644245603182,LL (Lower Low)
6154,2025-07-07 18:30:00,107896.8,107449.6,-0.4144701233030053,LL (Lower Low)
6155,2025-07-08 02:15:00,107449.6,107369.7,-0.07436044433856313,LL (Lower Low)
6156,2025-07-08 16:15:00,107369.7,108029.9,0.6148848324992965,HL (Higher Low)
6157,2025-07-08 21:15:00,108029.9,108567.0,0.49717717039449805,HL (Higher Low)
6158,2025-07-09 04:15:00,108567.0,108263.4,-0.27964298543756927,LL (Lower Low)
6159,2025-07-09 09:15:00,108263.4,108527.3,0.24375735474778062,HL (Higher Low)
6160,2025-07-09 14:30:00,108527.3,108447.8,-0.0732534578857117,LL (Lower Low)
6161,2025-07-10 01:00:00,108447.8,110832.8,2.199214737412838,HL (Higher Low)
6162,2025-07-10 05:00:00,110832.8,110863.1,0.027338477418239825,HL (Higher Low)
6163,2025-07-10 13:30:00,110863.1,110450.9,-0.37180991691555765,LL (Lower Low)
6164,2025-07-11 00:15:00,110450.9,115200.0,4.299738616887691,HL (Higher Low)
6165,2025-07-11 16:00:00,115200.0,116600.8,1.2159722222222247,HL (Higher Low)
6166,2025-07-12 00:30:00,116600.8,117101.9,0.4297569141892605,HL (Higher Low)
6167,2025-07-12 05:15:00,117101.9,117456.2,0.302557003771931,HL (Higher Low)
6168,2025-07-12 15:45:00,117456.2,116868.1,-0.5006972811992823,LL (Lower Low)
6169,2025-07-12 21:00:00,116868.1,116940.0,0.061522348699084,HL (Higher Low)
6170,2025-07-13 09:30:00,116940.0,117653.1,0.6097998973832784,HL (Higher Low)
6171,2025-07-13 22:00:00,117653.1,118168.2,0.43781251832717644,HL (Higher Low)
6172,2025-07-14 16:15:00,118168.2,119232.4,0.9005806976834692,HL (Higher Low)
6173,2025-07-14 20:15:00,119232.4,119501.6,0.22577755710697064,HL (Higher Low)
6174,2025-07-15 04:00:00,119501.6,116302.4,-2.6771189674447973,LL (Lower Low)
6175,2025-07-15 08:15:00,116302.4,116114.6,-0.16147560153529794,LL (Lower Low)
6176,2025-07-15 11:15:00,116114.6,116340.4,0.19446305632537883,HL (Higher Low)
6177,2025-07-15 14:45:00,116340.4,115750.0,-0.507476336680976,LL (Lower Low)
6178,2025-07-15 18:30:00,115750.0,116047.2,0.25676025917926315,HL (Higher Low)
6179,2025-07-16 02:30:00,116047.2,117031.0,0.8477584982662252,HL (Higher Low)
6180,2025-07-16 13:45:00,117031.0,118127.9,0.9372730302227565,HL (Higher Low)
6181,2025-07-16 19:30:00,118127.9,118816.3,0.5827581799050087,HL (Higher Low)
6182,2025-07-17 01:45:00,118816.3,117662.2,-0.9713313745672991,LL (Lower Low)
6183,2025-07-17 07:15:00,117662.2,117809.9,0.1255288444377184,HL (Higher Low)
6184,2025-07-17 12:30:00,117809.9,117449.9,-0.3055770355462487,LL (Lower Low)
6185,2025-07-17 20:00:00,117449.9,118423.5,0.8289491945076206,HL (Higher Low)
6186,2025-07-18 00:00:00,118423.5,119028.2,0.5106250026388319,HL (Higher Low)
6187,2025-07-18 04:00:00,119028.2,119782.5,0.6337153716514263,HL (Higher Low)
6188,2025-07-18 08:30:00,119782.5,118444.0,-1.1174420303466701,LL (Lower Low)
6189,2025-07-18 14:30:00,118444.0,117311.7,-0.9559791969200658,LL (Lower Low)
6190,2025-07-18 20:30:00,117311.7,116822.1,-0.41734967611925433,LL (Lower Low)
6191,2025-07-19 08:30:00,116822.1,117935.6,0.9531586917201453,HL (Higher Low)
6192,2025-07-19 14:45:00,117935.6,117612.0,-0.27438703834974837,LL (Lower Low)
6193,2025-07-19 21:15:00,117612.0,117237.7,-0.3182498384518611,LL (Lower Low)
6194,2025-07-20 06:15:00,117237.7,117772.4,0.45608195998385936,HL (Higher Low)
6195,2025-07-20 12:00:00,117772.4,117745.4,-0.022925575092296667,LL (Lower Low)
6196,2025-07-20 22:15:00,117745.4,116455.6,-1.0954143431505505,LL (Lower Low)
6197,2025-07-21 12:00:00,116455.6,117809.4,1.1625031342417096,HL (Higher Low)
6198,2025-07-21 20:00:00,117809.4,116652.0,-0.9824343388558079,LL (Lower Low)
6199,2025-07-22 01:15:00,116652.0,116123.0,-0.4534855810444742,LL (Lower Low)
6200,2025-07-22 04:45:00,116123.0,116562.6,0.37856410874676494,HL (Higher Low)
6201,2025-07-22 14:00:00,116562.6,117601.2,0.8910233642694924,HL (Higher Low)
6202,2025-07-23 10:00:00,117601.2,117850.0,0.21156246704965845,HL (Higher Low)
6203,2025-07-23 14:00:00,117850.0,117300.0,-0.46669495120916415,LL (Lower Low)
6204,2025-07-23 17:15:00,117300.0,117309.4,0.008013640238699216,HL (Higher Low)
6205,2025-07-23 21:30:00,117309.4,117357.7,0.04117317111842948,HL (Higher Low)
6206,2025-07-24 07:00:00,117357.7,117050.1,-0.2621046595153035,LL (Lower Low)
6207,2025-07-24 10:30:00,117050.1,117944.8,0.7643735460285784,HL (Higher Low)
6208,2025-07-24 14:00:00,117944.8,117815.8,-0.10937319830971776,LL (Lower Low)
6209,2025-07-25 04:15:00,117815.8,115090.0,-2.3136115869009104,LL (Lower Low)
6210,2025-07-25 07:45:00,115090.0,114710.0,-0.33017638369971325,LL (Lower Low)
6211,2025-07-25 14:45:00,114710.0,114905.0,0.16999389765495598,HL (Higher Low)
6212,2025-07-26 01:45:00,114905.0,117150.0,1.9537879117531873,HL (Higher Low)
6213,2025-07-26 06:15:00,117150.0,117307.9,0.13478446436192418,HL (Higher Low)
6214,2025-07-26 15:15:00,117307.9,117823.7,0.43969758217477506,HL (Higher Low)
6215,2025-07-26 21:00:00,117823.7,117873.6,0.04235141147325091,HL (Higher Low)
6216,2025-07-27 00:00:00,117873.6,117807.6,-0.055992181455389506,LL (Lower Low)
6217,2025-07-27 09:45:00,117807.6,117850.1,0.03607577100288945,HL (Higher Low)
6218,2025-07-27 12:30:00,117850.1,117876.8,0.022655899316162725,HL (Higher Low)
6219,2025-07-27 20:45:00,117876.8,118730.8,0.7244852252521276,HL (Higher Low)
6220,2025-07-28 01:45:00,118730.8,118950.0,0.18461932371381062,HL (Higher Low)
6221,2025-07-28 18:30:00,118950.0,117401.5,-1.3018074821353511,LL (Lower Low)
6222,2025-07-29 02:15:00,117401.5,117434.0,0.027682780884400966,HL (Higher Low)
6223,2025-07-29 11:00:00,117434.0,118117.9,0.5823696714750364,HL (Higher Low)
6224,2025-07-29 16:30:00,118117.9,116912.6,-1.020421121608146,LL (Lower Low)
6225,2025-07-29 20:30:00,116912.6,117055.6,0.12231359152050335,HL (Higher Low)
6226,2025-07-30 01:15:00,117055.6,117371.4,0.2697863237640816,HL (Higher Low)
6227,2025-07-30 05:15:00,117371.4,117643.1,0.23148739812255087,HL (Higher Low)
6228,2025-07-30 11:45:00,117643.1,117266.4,-0.3202057749243361,LL (Lower Low)
6229,2025-07-30 19:00:00,117266.4,115738.1,-1.3032718664510792,LL (Lower Low)
6230,2025-07-31 06:00:00,115738.1,118257.6,2.176897668097195,HL (Higher Low)
6231,2025-07-31 13:30:00,118257.6,117773.9,-0.4090223376764044,LL (Lower Low)
6232,2025-08-01 00:45:00,117773.9,114240.0,-3.000579924754122,LL (Lower Low)
6233,2025-08-01 08:30:00,114240.0,114013.0,-0.19870448179271707,LL (Lower Low)
6234,2025-08-01 14:00:00,114013.0,113849.5,-0.1434046994640962,LL (Lower Low)
6235,2025-08-01 22:45:00,113849.5,112692.8,-1.015990408390021,LL (Lower Low)
6236,2025-08-02 06:30:00,112692.8,113438.3,0.6615329462041941,HL (Higher Low)
6237,2025-08-02 10:30:00,113438.3,113359.1,-0.06981768943998375,LL (Lower Low)
6238,2025-08-02 19:00:00,113359.1,111950.0,-1.2430409204025135,LL (Lower Low)
6239,2025-08-03 00:30:00,111950.0,111870.0,-0.07146047342563644,LL (Lower Low)
6240,2025-08-03 14:15:00,111870.0,113531.5,1.4852060427281666,HL (Higher Low)
6241,2025-08-03 22:15:00,113531.5,114000.5,0.41310120979640014,HL (Higher Low)
6242,2025-08-04 06:15:00,114000.5,114101.2,0.08833294590812943,HL (Higher Low)
6243,2025-08-04 13:30:00,114101.2,114061.7,-0.03461839139290384,LL (Lower Low)
6244,2025-08-04 20:00:00,114061.7,114551.4,0.42932903858174754,HL (Higher Low)
6245,2025-08-05 07:30:00,114551.4,113628.2,-0.8059264225491762,LL (Lower Low)
6246,2025-08-05 14:45:00,113628.2,112577.7,-0.9245064165409643,LL (Lower Low)
6247,2025-08-05 22:00:00,112577.7,113207.5,0.559435838536409,HL (Higher Low)
6248,2025-08-06 04:30:00,113207.5,113300.2,0.08188503411876165,HL (Higher Low)
6249,2025-08-06 08:45:00,113300.2,113671.5,0.3277134550512735,HL (Higher Low)
6250,2025-08-06 13:30:00,113671.5,113522.0,-0.1315193342218586,LL (Lower Low)
6251,2025-08-06 21:30:00,113522.0,114747.5,1.079526435404591,HL (Higher Low)
6252,2025-08-07 04:45:00,114747.5,114218.0,-0.46144796182923375,LL (Lower Low)
6253,2025-08-07 16:45:00,114218.0,115555.1,1.1706561137474005,HL (Higher Low)
6254,2025-08-08 06:00:00,115555.1,116334.8,0.6747430446600773,HL (Higher Low)
6255,2025-08-08 10:45:00,116334.8,116264.2,-0.06068691397587465,LL (Lower Low)
6256,2025-08-08 15:45:00,116264.2,115854.2,-0.3526450962549091,LL (Lower Low)
6257,2025-08-08 20:00:00,115854.2,116240.0,0.33300475943039004,HL (Higher Low)
6258,2025-08-09 03:30:00,116240.0,116288.2,0.041465932553335416,HL (Higher Low)
6259,2025-08-09 21:15:00,116288.2,116303.1,0.01281299392372462,HL (Higher Low)
6260,2025-08-10 07:45:00,116303.1,117431.0,0.9697935824582442,HL (Higher Low)
6261,2025-08-10 11:00:00,117431.0,117910.0,0.40789910670947194,HL (Higher Low)
6262,2025-08-10 20:15:00,117910.0,118049.4,0.11822576541429411,HL (Higher Low)
6263,2025-08-11 13:00:00,118049.4,119340.6,1.0937793838850614,HL (Higher Low)
6264,2025-08-11 21:45:00,119340.6,117855.3,-1.2445890166464748,LL (Lower Low)
6265,2025-08-12 05:30:00,117855.3,118403.0,0.46472241808386816,HL (Higher Low)
6266,2025-08-12 10:00:00,118403.0,118150.0,-0.21367701831879257,LL (Lower Low)
6267,2025-08-12 17:45:00,118150.0,119120.2,0.8211595429538696,HL (Higher Low)
6268,2025-08-13 02:15:00,119120.2,118974.1,-0.12264922322157894,LL (Lower Low)
6269,2025-08-13 05:45:00,118974.1,118900.5,-0.06186220362247398,LL (Lower Low)
6270,2025-08-13 13:30:00,118900.5,120115.8,1.022115129877505,HL (Higher Low)
6271,2025-08-14 06:15:00,120115.8,121354.6,1.031338092074484,HL (Higher Low)
6272,2025-08-14 12:30:00,121354.6,117224.6,-3.4032496501986738,LL (Lower Low)
6273,2025-08-14 18:15:00,117224.6,117117.0,-0.09178960730086161,LL (Lower Low)
6274,2025-08-14 21:30:00,117117.0,117241.3,0.10613318305626247,HL (Higher Low)
6275,2025-08-15 01:00:00,117241.3,117977.9,0.628276895599069,HL (Higher Low)
6276,2025-08-15 09:45:00,117977.9,118600.0,0.5273021472665693,HL (Higher Low)
6277,2025-08-15 16:00:00,118600.0,116719.3,-1.5857504215851577,LL (Lower Low)
6278,2025-08-15 20:00:00,116719.3,116780.1,0.05209078532856426,HL (Higher Low)
6279,2025-08-16 06:30:00,116780.1,117234.0,0.38867923558893525,HL (Higher Low)
6280,2025-08-16 10:15:00,117234.0,117069.7,-0.14014705631472346,LL (Lower Low)
6281,2025-08-16 22:00:00,117069.7,117156.9,0.07448554151928047,HL (Higher Low)
6282,2025-08-17 01:00:00,117156.9,117101.0,-0.047713792358789094,LL (Lower Low)
6283,2025-08-17 13:15:00,117101.0,117983.0,0.7531959590439022,HL (Higher Low)
6284,2025-08-17 18:45:00,117983.0,117265.0,-0.6085622504937152,LL (Lower Low)
6285,2025-08-18 09:30:00,117265.0,114577.7,-2.291647124035307,LL (Lower Low)
6286,2025-08-18 13:45:00,114577.7,114719.6,0.12384608872407872,HL (Higher Low)
6287,2025-08-18 20:30:00,114719.6,115924.7,1.0504743740389535,HL (Higher Low)
6288,2025-08-19 04:00:00,115924.7,114292.4,-1.4080692035433373,LL (Lower Low)
6289,2025-08-19 07:30:00,114292.4,114551.5,0.22669923809457657,HL (Higher Low)
6290,2025-08-19 19:15:00,114551.5,112712.2,-1.6056533524222754,LL (Lower Low)
6291,2025-08-20 01:30:00,112712.2,112520.0,-0.17052280054865143,LL (Lower Low)
6292,2025-08-20 08:00:00,112520.0,113356.2,0.7431567721293967,HL (Higher Low)
6293,2025-08-20 14:15:00,113356.2,112286.8,-0.9433978908961258,LL (Lower Low)
6294,2025-08-20 18:30:00,112286.8,113194.3,0.8081982922302533,HL (Higher Low)
6295,2025-08-21 19:30:00,113194.3,111945.2,-1.103500794651326,LL (Lower Low)
6296,2025-08-22 04:45:00,111945.2,112667.8,0.6454944026184293,HL (Higher Low)
6297,2025-08-22 12:30:00,112667.8,111618.8,-0.9310557231081108,LL (Lower Low)
6298,2025-08-22 19:45:00,111618.8,116433.1,4.313162298824215,HL (Higher Low)
6299,2025-08-23 03:45:00,116433.1,115432.0,-0.8598070479958069,LL (Lower Low)
6300,2025-08-23 15:00:00,115432.0,114504.7,-0.8033300991059696,LL (Lower Low)
6301,2025-08-23 21:30:00,114504.7,114985.8,0.4201574258523937,HL (Higher Low)
6302,2025-08-24 10:30:00,114985.8,114602.0,-0.3337803450513045,LL (Lower Low)
6303,2025-08-24 14:00:00,114602.0,114312.8,-0.2523516169002261,LL (Lower Low)
6304,2025-08-24 16:45:00,114312.8,114250.1,-0.05484950066833906,LL (Lower Low)
6305,2025-08-24 19:30:00,114250.1,110551.0,-3.237721454948403,LL (Lower Low)
6306,2025-08-25 00:30:00,110551.0,112133.4,1.4313755642192239,HL (Higher Low)
6307,2025-08-25 08:00:00,112133.4,110937.3,-1.0666759413341533,LL (Lower Low)
6308,2025-08-25 13:45:00,110937.3,110552.0,-0.34731330219863193,LL (Lower Low)
6309,2025-08-25 21:30:00,110552.0,109222.6,-1.2025110355307855,LL (Lower Low)
6310,2025-08-26 01:00:00,109222.6,108669.0,-0.506854808437087,LL (Lower Low)
6311,2025-08-26 07:15:00,108669.0,109706.1,0.9543660105457912,HL (Higher Low)
6312,2025-08-26 13:45:00,109706.1,109334.2,-0.33899664649459665,LL (Lower Low)
6313,2025-08-27 03:15:00,109334.2,110877.7,1.4117266143622031,HL (Higher Low)
6314,2025-08-27 08:45:00,110877.7,110312.1,-0.5101115914200883,LL (Lower Low)
6315,2025-08-27 20:15:00,110312.1,110823.9,0.4639563565556166,HL (Higher Low)
6316,2025-08-28 00:30:00,110823.9,110781.5,-0.03825889541876273,LL (Lower Low)
6317,2025-08-28 20:00:00,110781.5,111810.1,0.9284943785740453,HL (Higher Low)
6318,2025-08-29 09:00:00,111810.1,109346.7,-2.203199889813182,LL (Lower Low)
6319,2025-08-29 14:45:00,109346.7,108063.3,-1.173697971680896,LL (Lower Low)
6320,2025-08-29 21:00:00,108063.3,107432.6,-0.5836394039419461,LL (Lower Low)
6321,2025-08-30 01:45:00,107432.6,107300.0,-0.12342622258048842,LL (Lower Low)
6322,2025-08-30 07:00:00,107300.0,108075.0,0.7222739981360671,HL (Higher Low)
6323,2025-08-30 13:00:00,108075.0,108176.0,0.09345362017117742,HL (Higher Low)
6324,2025-08-30 22:00:00,108176.0,108436.9,0.24118103830793725,HL (Higher Low)
6325,2025-08-31 06:30:00,108436.9,108455.0,0.016691735009029048,HL (Higher Low)
6326,2025-08-31 13:00:00,108455.0,108135.9,-0.29422341063114266,LL (Lower Low)
6327,2025-09-01 05:15:00,108135.9,107202.0,-0.86363548090874,LL (Lower Low)
6328,2025-09-01 10:30:00,107202.0,108150.0,0.8843118598533608,HL (Higher Low)
6329,2025-09-01 17:00:00,108150.0,108351.0,0.18585298196948682,HL (Higher Low)
6330,2025-09-01 21:30:00,108351.0,107408.0,-0.8703196094175412,LL (Lower Low)
6331,2025-09-02 07:45:00,107408.0,109953.0,2.369469685684493,HL (Higher Low)
6332,2025-09-02 12:45:00,109953.0,108320.7,-1.484543395814578,LL (Lower Low)
6333,2025-09-02 18:45:00,108320.7,110142.0,1.6813960766501723,HL (Higher Low)
6334,2025-09-03 07:15:00,110142.0,110476.8,0.3039712371302527,HL (Higher Low)
6335,2025-09-03 12:45:00,110476.8,110985.9,0.46082073340284224,HL (Higher Low)
6336,2025-09-03 23:30:00,110985.9,111546.8,0.5053795121722748,HL (Higher Low)
6337,2025-09-04 06:45:00,111546.8,110208.8,-1.1994965341901338,LL (Lower Low)
6338,2025-09-04 15:15:00,110208.8,109276.7,-0.8457582334623058,LL (Lower Low)
6339,2025-09-05 00:45:00,109276.7,110402.2,1.029954235440858,HL (Higher Low)
6340,2025-09-05 17:30:00,110402.2,110155.0,-0.22390858153188714,LL (Lower Low)
6341,2025-09-05 21:15:00,110155.0,110282.7,0.11592755662475339,HL (Higher Low)
6342,2025-09-06 05:30:00,110282.7,110646.4,0.32978880640390296,HL (Higher Low)
6343,2025-09-06 11:15:00,110646.4,110604.2,-0.038139514706305035,LL (Lower Low)
6344,2025-09-06 16:15:00,110604.2,109888.0,-0.6475341804379916,LL (Lower Low)
6345,2025-09-07 07:15:00,109888.0,110416.9,0.4813082411182242,HL (Higher Low)
6346,2025-09-07 13:15:00,110416.9,110994.4,0.523017762679445,HL (Higher Low)
6347,2025-09-07 18:30:00,110994.4,110812.4,-0.16397223643715358,LL (Lower Low)
6348,2025-09-08 02:15:00,110812.4,110555.3,-0.23201374575407743,LL (Lower Low)
6349,2025-09-08 05:30:00,110555.3,110844.0,0.2611362820235638,HL (Higher Low)
6350,2025-09-08 20:45:00,110844.0,111832.6,0.8918840893508047,HL (Higher Low)
6351,2025-09-09 02:15:00,111832.6,111059.9,-0.6909434279449924,LL (Lower Low)
6352,2025-09-09 15:45:00,111059.9,110706.4,-0.31829670295038986,LL (Lower Low)
6353,2025-09-10 01:30:00,110706.4,110865.0,0.14326181684166933,HL (Higher Low)
6354,2025-09-10 05:45:00,110865.0,111255.8,0.3525007892481874,HL (Higher Low)
6355,2025-09-10 19:15:00,111255.8,113100.0,1.6576214453538578,HL (Higher Low)
6356,2025-09-11 00:30:00,113100.0,113608.1,0.4492484526967337,HL (Higher Low)
6357,2025-09-11 09:45:00,113608.1,113710.1,0.08978233066128206,HL (Higher Low)
6358,2025-09-11 12:30:00,113710.1,113242.0,-0.4116608814872256,LL (Lower Low)
6359,2025-09-12 03:30:00,113242.0,115001.0,1.5533106091379523,HL (Higher Low)
6360,2025-09-12 12:00:00,115001.0,114700.8,-0.2610412083373163,LL (Lower Low)
6361,2025-09-12 21:45:00,114700.8,115630.5,0.8105436056243698,HL (Higher Low)
6362,2025-09-13 01:45:00,115630.5,115451.5,-0.15480344718737704,LL (Lower Low)
6363,2025-09-13 05:45:00,115451.5,115594.0,0.12342845264028618,HL (Higher Low)
6364,2025-09-13 16:30:00,115594.0,114978.2,-0.5327266121078974,LL (Lower Low)
6365,2025-09-14 04:15:00,114978.2,115380.0,0.3494575493441391,HL (Higher Low)
6366,2025-09-14 14:30:00,115380.0,115100.0,-0.24267637372161555,LL (Lower Low)
6367,2025-09-14 19:00:00,115100.0,115260.1,0.1390964378801093,HL (Higher Low)
6368,2025-09-15 01:15:00,115260.1,114741.6,-0.44985211708127965,LL (Lower Low)
6369,2025-09-15 09:00:00,114741.6,114526.9,-0.18711609390143735,LL (Lower Low)
6370,2025-09-15 13:30:00,114526.9,114316.3,-0.18388692962089367,LL (Lower Low)
6371,2025-09-16 00:45:00,114316.3,114888.0,0.5001036597580547,HL (Higher Low)
6372,2025-09-16 04:15:00,114888.0,114894.6,0.005744725297686287,HL (Higher Low)
6373,2025-09-16 13:45:00,114894.6,114688.0,-0.17981698008436064,LL (Lower Low)
6374,2025-09-17 04:45:00,114688.0,116100.0,1.2311662946428572,HL (Higher Low)
6375,2025-09-17 18:45:00,116100.0,114710.0,-1.1972437553832902,LL (Lower Low)
6376,2025-09-18 06:30:00,114710.0,116859.0,1.8734199285153865,HL (Higher Low)
6377,2025-09-18 12:00:00,116859.0,116920.0,0.052199659418615596,HL (Higher Low)
6378,2025-09-18 19:30:00,116920.0,117081.8,0.13838522066370415,HL (Higher Low)
6379,2025-09-18 23:15:00,117081.8,116557.9,-0.44746493477210697,LL (Lower Low)
6380,2025-09-19 06:30:00,116557.9,116575.0,0.01467082025328684,HL (Higher Low)
6381,2025-09-19 15:00:00,116575.0,115408.0,-1.0010722710701265,LL (Lower Low)
6382,2025-09-19 20:00:00,115408.0,115035.0,-0.32320116456398174,LL (Lower Low)
6383,2025-09-20 03:45:00,115035.0,115360.0,0.2825227104794193,HL (Higher Low)
6384,2025-09-20 09:30:00,115360.0,115606.0,0.21324549237170595,HL (Higher Low)
6385,2025-09-20 20:00:00,115606.0,115630.2,0.020933169558670906,HL (Higher Low)
6386,2025-09-21 02:15:00,115630.2,115390.0,-0.20773119825097341,LL (Lower Low)
6387,2025-09-21 09:30:00,115390.0,115260.1,-0.11257474651182442,LL (Lower Low)
6388,2025-09-21 16:45:00,115260.1,115117.3,-0.12389369781910904,LL (Lower Low)
6389,2025-09-22 02:30:00,115117.3,114079.8,-0.9012546333174944,LL (Lower Low)
6390,2025-09-22 06:00:00,114079.8,111500.0,-2.261399476506799,LL (Lower Low)
6391,2025-09-22 09:45:00,111500.0,112111.2,0.5481614349775759,HL (Higher Low)
6392,2025-09-22 13:45:00,112111.2,112307.0,0.17464802802931637,HL (Higher Low)
6393,2025-09-22 19:45:00,112307.0,111892.0,-0.3695228258256386,LL (Lower Low)
6394,2025-09-23 03:00:00,111892.0,111410.0,-0.4307725306545597,LL (Lower Low)
6395,2025-09-23 11:00:00,111410.0,112616.6,1.0830266582892074,HL (Higher Low)
6396,2025-09-23 20:30:00,112616.6,111350.7,-1.1240793985966622,LL (Lower Low)
6397,2025-09-24 00:00:00,111350.7,111757.0,0.36488320235077365,HL (Higher Low)
6398,2025-09-24 04:00:00,111757.0,110904.2,-0.7630841915942652,LL (Lower Low)
6399,2025-09-24 08:15:00,110904.2,112330.3,1.2858845742541813,HL (Higher Low)
6400,2025-09-24 13:45:00,112330.3,112750.1,0.37371929034285756,HL (Higher Low)
6401,2025-09-24 19:45:00,112750.1,113217.4,0.4144563951606148,HL (Higher Low)
6402,2025-09-25 07:00:00,113217.4,111373.6,-1.6285482620162521,LL (Lower Low)
6403,2025-09-25 13:30:00,111373.6,110517.0,-0.769123023768654,LL (Lower Low)
6404,2025-09-25 18:00:00,110517.0,108560.0,-1.770768298089887,LL (Lower Low)
6405,2025-09-25 20:45:00,108560.0,108994.8,0.4005158437730314,HL (Higher Low)
6406,2025-09-25 23:30:00,108994.8,108676.7,-0.2918487854466505,LL (Lower Low)
6407,2025-09-26 07:30:00,108676.7,108833.4,0.14418914081859047,HL (Higher Low)
6408,2025-09-26 11:15:00,108833.4,108550.0,-0.26039800281898223,LL (Lower Low)
6409,2025-09-26 14:45:00,108550.0,108700.0,0.1381851681252879,HL (Higher Low)
6410,2025-09-26 19:30:00,108700.0,108951.5,0.23137074517019318,HL (Higher Low)
6411,2025-09-27 01:30:00,108951.5,109261.6,0.2846220566031728,HL (Higher Low)
6412,2025-09-27 09:15:00,109261.6,108988.0,-0.2504081946447845,LL (Lower Low)
6413,2025-09-27 15:00:00,108988.0,109113.9,0.11551730465738813,HL (Higher Low)
6414,2025-09-28 01:45:00,109113.9,109271.0,0.14397798997195208,HL (Higher Low)
6415,2025-09-28 06:30:00,109271.0,109180.7,-0.08263857748167666,LL (Lower Low)
6416,2025-09-28 12:45:00,109180.7,109133.8,-0.04295631004380278,LL (Lower Low)
6417,2025-09-29 07:15:00,109133.8,111487.2,2.1564354947779645,HL (Higher Low)
6418,2025-09-29 13:00:00,111487.2,111864.0,0.3379760187716643,HL (Higher Low)
6419,2025-09-29 17:00:00,111864.0,113409.4,1.381498963026527,HL (Higher Low)
6420,2025-09-29 22:30:00,113409.4,113957.1,0.48294056753674003,HL (Higher Low)
6421,2025-09-30 10:00:00,113957.1,112603.9,-1.1874644054648738,LL (Lower Low)
6422,2025-09-30 16:45:00,112603.9,112726.8,0.1091436442254742,HL (Higher Low)
6423,2025-09-30 23:00:00,112726.8,113716.8,0.8782294893494715,HL (Higher Low)
6424,2025-10-01 03:45:00,113716.8,114039.6,0.2838630703642759,HL (Higher Low)
6425,2025-10-01 06:45:00,114039.6,114177.3,0.12074752980543345,HL (Higher Low)
6426,2025-10-01 17:45:00,114177.3,116678.7,2.190803250733722,HL (Higher Low)
6427,2025-10-02 05:45:00,116678.7,118202.7,1.3061509941403187,HL (Higher Low)
6428,2025-10-02 11:00:00,118202.7,118483.8,0.2378118266334067,HL (Higher Low)
6429,2025-10-02 15:00:00,118483.8,118445.0,-0.03274709285151464,LL (Lower Low)
6430,2025-10-03 01:45:00,118445.0,119736.7,1.0905483557769404,HL (Higher Low)
6431,2025-10-03 08:15:00,119736.7,119160.0,-0.4816401320564181,LL (Lower Low)
6432,2025-10-03 14:15:00,119160.0,119805.0,0.541289023162135,HL (Higher Low)
6433,2025-10-03 21:45:00,119805.0,121934.0,1.7770543800342222,HL (Higher Low)
6434,2025-10-04 02:15:00,121934.0,121628.0,-0.2509554349074089,LL (Lower Low)
6435,2025-10-04 11:15:00,121628.0,121884.2,0.2106422863156486,HL (Higher Low)
6436,2025-10-04 18:45:00,121884.2,121472.9,-0.3374514498187648,LL (Lower Low)
6437,2025-10-05 01:15:00,121472.9,122082.6,0.5019226510604519,HL (Higher Low)
6438,2025-10-05 10:00:00,122082.6,122461.7,0.31052746255403413,HL (Higher Low)
6439,2025-10-05 16:45:00,122461.7,122104.0,-0.2920913232463677,LL (Lower Low)
6440,2025-10-05 20:00:00,122104.0,122418.7,0.2577311144598024,HL (Higher Low)
6441,2025-10-06 05:00:00,122418.7,123251.9,0.6806149714055101,HL (Higher Low)
6442,2025-10-06 07:45:00,123251.9,123230.0,-0.017768488761628974,LL (Lower Low)
6443,2025-10-06 21:15:00,123230.0,124403.3,0.9521220482025505,HL (Higher Low)
6444,2025-10-07 03:30:00,124403.3,124022.9,-0.3057796698319166,LL (Lower Low)
6445,2025-10-07 08:15:00,124022.9,123200.1,-0.663425867319655,LL (Lower Low)
6446,2025-10-07 18:15:00,123200.1,120545.0,-2.155111887084512,LL (Lower Low)
6447,2025-10-07 23:45:00,120545.0,121213.0,0.5541499025260277,HL (Higher Low)
6448,2025-10-08 06:00:00,121213.0,121000.0,-0.1757237260029865,LL (Lower Low)
6449,2025-10-08 13:45:00,121000.0,121615.6,0.5087603305785172,HL (Higher Low)
6450,2025-10-08 20:45:00,121615.6,122689.1,0.8826992589766445,HL (Higher Low)
6451,2025-10-09 02:45:00,122689.1,121401.6,-1.0494004764889464,LL (Lower Low)
6452,2025-10-09 08:45:00,121401.6,121080.0,-0.26490589909853396,LL (Lower Low)
6453,2025-10-09 17:00:00,121080.0,119574.0,-1.2438057482656095,LL (Lower Low)
6454,2025-10-10 02:45:00,119574.0,120882.0,1.0938832856641076,HL (Higher Low)
6455,2025-10-10 07:45:00,120882.0,120822.0,-0.04963518141658808,LL (Lower Low)
6456,2025-10-10 21:15:00,120822.0,101045.9,-16.367962788233935,LL (Lower Low)
6457,2025-10-11 01:45:00,101045.9,110930.2,9.781990164865674,HL (Higher Low)
6458,2025-10-11 07:45:00,110930.2,110050.0,-0.7934719309980484,LL (Lower Low)
6459,2025-10-11 21:00:00,110050.0,109453.4,-0.5421172194457118,LL (Lower Low)
6460,2025-10-12 00:45:00,109453.4,109503.2,0.045498815020824306,HL (Higher Low)
6461,2025-10-12 09:00:00,109503.2,111081.0,1.4408711343595466,HL (Higher Low)
6462,2025-10-12 14:30:00,111081.0,111121.0,0.03600975864459269,HL (Higher Low)
6463,2025-10-13 04:45:00,111121.0,114320.9,2.8796537108197318,HL (Higher Low)
6464,2025-10-13 11:15:00,114320.9,113526.4,-0.6949735350229048,LL (Lower Low)
6465,2025-10-13 14:45:00,113526.4,113707.1,0.15917002565043167,HL (Higher Low)
6466,2025-10-14 06:45:00,113707.1,111200.0,-2.204875509093105,LL (Lower Low)
6467,2025-10-14 10:30:00,111200.0,109947.4,-1.1264388489208685,LL (Lower Low)
6468,2025-10-14 13:30:00,109947.4,109800.0,-0.1340641070184417,LL (Lower Low)
6469,2025-10-14 19:45:00,109800.0,111935.3,1.944717668488163,HL (Higher Low)
6470,2025-10-15 04:00:00,111935.3,111683.0,-0.22539806477492166,LL (Lower Low)
6471,2025-10-15 17:15:00,111683.0,110072.8,-1.4417592650627196,LL (Lower Low)
6472,2025-10-15 21:00:00,110072.8,110413.8,0.30979497205485823,HL (Higher Low)
6473,2025-10-16 00:30:00,110413.8,110281.6,-0.11973141038529339,LL (Lower Low)
6474,2025-10-16 09:30:00,110281.6,109533.0,-0.6788077068160108,LL (Lower Low)
6475,2025-10-16 16:30:00,109533.0,107500.3,-1.855787753462424,LL (Lower Low)
6476,2025-10-16 20:30:00,107500.3,107362.1,-0.1285577807689812,LL (Lower Low)
6477,2025-10-17 10:15:00,107362.1,103437.4,-3.6555730560412023,LL (Lower Low)
6478,2025-10-17 14:30:00,103437.4,104431.7,0.9612577268956904,HL (Higher Low)
6479,2025-10-18 00:15:00,104431.7,106259.7,1.750426355215897,HL (Higher Low)
6480,2025-10-18 04:30:00,106259.7,106383.6,0.11660111970955003,HL (Higher Low)
6481,2025-10-18 16:30:00,106383.6,106430.6,0.044179741990306776,HL (Higher Low)
6482,2025-10-19 01:00:00,106430.6,106688.2,0.24203565515931624,HL (Higher Low)
6483,2025-10-19 09:15:00,106688.2,106060.3,-0.5885374390044955,LL (Lower Low)
6484,2025-10-19 13:00:00,106060.3,107322.6,1.190172005924934,HL (Higher Low)
6485,2025-10-20 00:30:00,107322.6,107373.7,0.04761345699786556,HL (Higher Low)
6486,2025-10-20 13:00:00,107373.7,110537.8,2.946810997478904,HL (Higher Low)
6487,2025-10-20 17:30:00,110537.8,109785.0,-0.6810339992292256,LL (Lower Low)
6488,2025-10-21 05:45:00,109785.0,107412.1,-2.1614063852074454,LL (Lower Low)
6489,2025-10-21 08:30:00,107412.1,107429.9,0.016571689781680422,HL (Higher Low)
6490,2025-10-22 00:30:00,107429.9,107769.0,0.3156476921229619,HL (Higher Low)
6491,2025-10-22 03:15:00,107769.0,107810.1,0.03813712663196821,HL (Higher Low)
6492,2025-10-22 07:00:00,107810.1,107523.1,-0.266208824590646,LL (Lower Low)
6493,2025-10-22 11:00:00,107523.1,106588.0,-0.8696735864200398,LL (Lower Low)
6494,2025-10-22 18:15:00,106588.0,107394.7,0.7568394190715626,HL (Higher Low)
6495,2025-10-22 21:00:00,107394.7,106625.8,-0.71595711892672,LL (Lower Low)
6496,2025-10-23 14:15:00,106625.8,108564.2,1.8179465007530955,HL (Higher Low)
6497,2025-10-23 20:45:00,108564.2,109230.5,0.6137382304663995,HL (Higher Low)
6498,2025-10-24 08:30:00,109230.5,110605.5,1.2588059195920553,HL (Higher Low)
6499,2025-10-24 14:15:00,110605.5,109603.4,-0.9060128112978159,LL (Lower Low)
6500,2025-10-25 00:45:00,109603.4,110618.8,0.9264311143632485,HL (Higher Low)
6501,2025-10-25 10:00:00,110618.8,111349.8,0.660827996687724,HL (Higher Low)
6502,2025-10-25 16:00:00,111349.8,111109.0,-0.21625544006365788,LL (Lower Low)
6503,2025-10-26 03:45:00,111109.0,111187.8,0.07092134750560522,HL (Higher Low)
6504,2025-10-26 16:15:00,111187.8,113236.4,1.842468328359758,HL (Higher Low)
6505,2025-10-26 21:15:00,113236.4,112797.0,-0.3880377687739934,LL (Lower Low)
6506,2025-10-27 09:00:00,112797.0,114766.7,1.746234385666283,HL (Higher Low)
6507,2025-10-27 14:15:00,114766.7,114426.0,-0.2968631144748408,LL (Lower Low)
6508,2025-10-28 02:45:00,114426.0,113507.6,-0.8026147903448466,LL (Lower Low)
6509,2025-10-28 05:45:00,113507.6,113341.6,-0.14624571394338354,LL (Lower Low)
6510,2025-10-28 12:15:00,113341.6,114072.2,0.6446000409381827,HL (Higher Low)
6511,2025-10-28 21:00:00,114072.2,112112.0,-1.7183853734739902,LL (Lower Low)
6512,2025-10-29 01:15:00,112112.0,112030.0,-0.073141144569716,LL (Lower Low)
6513,2025-10-29 10:45:00,112030.0,112665.3,0.567080246362584,HL (Higher Low)
6514,2025-10-29 18:30:00,112665.3,109056.2,-3.2033820528592263,LL (Lower Low)
6515,2025-10-30 00:00:00,109056.2,109665.0,0.5582442813888646,HL (Higher Low)
6516,2025-10-30 04:30:00,109665.0,107842.2,-1.6621529202571494,LL (Lower Low)
6517,2025-10-30 19:30:00,107842.2,106225.0,-1.499598487419579,LL (Lower Low)
6518,2025-10-31 08:00:00,106225.0,109154.8,2.7581077900682542,HL (Higher Low)
6519,2025-10-31 13:30:00,109154.8,109314.3,0.14612275410701134,HL (Higher Low)
6520,2025-10-31 16:45:00,109314.3,108494.5,-0.7499476280779395,LL (Lower Low)
6521,2025-11-01 00:15:00,108494.5,109333.0,0.7728502366479406,HL (Higher Low)
6522,2025-11-01 06:30:00,109333.0,109874.0,0.49481858176396876,HL (Higher Low)
6523,2025-11-01 10:00:00,109874.0,109778.5,-0.08691774214099787,LL (Lower Low)
6524,2025-11-01 13:30:00,109778.5,109661.7,-0.10639606115951931,LL (Lower Low)
6525,2025-11-01 21:45:00,109661.7,109763.0,0.09237500421751889,HL (Higher Low)
6526,2025-11-02 02:00:00,109763.0,109821.8,0.05356996437779845,HL (Higher Low)
6527,2025-11-02 10:30:00,109821.8,110301.4,0.43670746609506605,HL (Higher Low)
6528,2025-11-02 16:00:00,110301.4,109603.2,-0.6329928722572852,LL (Lower Low)
6529,2025-11-03 10:45:00,109603.2,106700.5,-2.6483715803918106,LL (Lower Low)
6530,2025-11-03 16:00:00,106700.5,105178.2,-1.4267037174146353,LL (Lower Low)
6531,2025-11-03 22:30:00,105178.2,105750.0,0.5436487789294768,HL (Higher Low)
6532,2025-11-04 10:30:00,105750.0,103550.1,-2.080283687943257,LL (Lower Low)
6533,2025-11-04 21:30:00,103550.1,98888.1,-4.502168515530163,LL (Lower Low)
6534,2025-11-05 01:30:00,98888.1,98894.6,0.006573086144844526,HL (Higher Low)
6535,2025-11-05 08:15:00,98894.6,101122.8,2.2531058318654376,HL (Higher Low)
6536,2025-11-05 22:15:00,101122.8,103237.5,2.0912197842623,HL (Higher Low)
6537,2025-11-06 01:15:00,103237.5,102662.8,-0.556677563869715,LL (Lower Low)
6538,2025-11-06 16:30:00,102662.8,100234.5,-2.365316356070556,LL (Lower Low)
6539,2025-11-06 21:15:00,100234.5,100455.0,0.21998413719827004,HL (Higher Low)
6540,2025-11-07 00:15:00,100455.0,100682.7,0.2266686576078812,HL (Higher Low)
6541,2025-11-07 12:45:00,100682.7,99201.8,-1.4708584493661714,LL (Lower Low)
6542,2025-11-08 00:30:00,99201.8,102460.0,3.284416210189731,HL (Higher Low)
6543,2025-11-08 07:15:00,102460.0,101832.8,-0.6121413234432921,LL (Lower Low)
6544,2025-11-08 14:15:00,101832.8,101408.7,-0.4164669929531603,LL (Lower Low)
6545,2025-11-08 19:15:00,101408.7,101438.9,0.029780482345200254,HL (Higher Low)
6546,2025-11-09 03:15:00,101438.9,101237.3,-0.19874032545699064,LL (Lower Low)
6547,2025-11-09 10:15:00,101237.3,101450.0,0.21010042741163296,HL (Higher Low)
6548,2025-11-09 22:00:00,101450.0,104050.0,2.562838836865451,HL (Higher Low)
6549,2025-11-10 09:15:00,104050.0,105775.0,1.6578567996155695,HL (Higher Low)
6550,2025-11-10 15:45:00,105775.0,104602.1,-1.1088631529189261,LL (Lower Low)
6551,2025-11-10 21:45:00,104602.1,105200.4,0.5719770444379112,HL (Higher Low)
6552,2025-11-11 07:45:00,105200.4,104686.0,-0.48897152482309403,LL (Lower Low)
6553,2025-11-11 21:30:00,104686.0,102420.5,-2.1640907093594177,LL (Lower Low)
6554,2025-11-12 01:00:00,102420.5,102626.3,0.20093633598742724,HL (Higher Low)
6555,2025-11-12 07:45:00,102626.3,103011.5,0.3753423829953892,HL (Higher Low)
6556,2025-11-12 16:00:00,103011.5,101300.0,-1.661464982065109,LL (Lower Low)
6557,2025-11-12 19:15:00,101300.0,100741.8,-0.5510365251727514,LL (Lower Low)
6558,2025-11-13 03:15:00,100741.8,100855.0,0.11236646555848424,HL (Higher Low)
6559,2025-11-13 09:00:00,100855.0,102482.7,1.6139011452084646,HL (Higher Low)
6560,2025-11-13 20:15:00,102482.7,97931.0,-4.441432553982279,LL (Lower Low)
6561,2025-11-14 01:00:00,97931.0,98628.1,0.7118277154323001,HL (Higher Low)
6562,2025-11-14 06:45:00,98628.1,95858.6,-2.8080232712583935,LL (Lower Low)
6563,2025-11-14 12:30:00,95858.6,94500.0,-1.417295892074374,LL (Lower Low)
6564,2025-11-14 23:00:00,94500.0,93905.9,-0.6286772486772548,LL (Lower Low)
6565,2025-11-15 08:45:00,93905.9,95610.2,1.8149019390687942,HL (Higher Low)
6566,2025-11-15 12:00:00,95610.2,95526.6,-0.08743836954633634,LL (Lower Low)
6567,2025-11-15 16:00:00,95526.6,95667.2,0.1471841350995338,HL (Higher Low)
6568,2025-11-15 20:45:00,95667.2,95038.1,-0.6575921527963516,LL (Lower Low)
6569,2025-11-16 01:45:00,95038.1,94760.9,-0.2916724976614764,LL (Lower Low)
6570,2025-11-16 17:45:00,94760.9,93652.0,-1.170208387636667,LL (Lower Low)
6571,2025-11-16 23:00:00,93652.0,92920.1,-0.7815102720710654,LL (Lower Low)
6572,2025-11-17 06:15:00,92920.1,94843.1,2.069519942402128,HL (Higher Low)
6573,2025-11-17 20:00:00,94843.1,91227.7,-3.811979996436228,LL (Lower Low)
6574,2025-11-18 04:45:00,91227.7,89243.1,-2.1754357503258235,LL (Lower Low)
6575,2025-11-18 13:30:00,89243.1,90868.8,1.8216534387532446,HL (Higher Low)
6576,2025-11-19 00:15:00,90868.8,91865.0,1.0963058827672392,HL (Higher Low)
6577,2025-11-19 05:45:00,91865.0,89972.2,-2.0604147390192162,LL (Lower Low)
6578,2025-11-19 20:00:00,89972.2,88571.6,-1.5567030705039904,LL (Lower Low)
6579,2025-11-20 06:45:00,88571.6,91666.9,3.494686784477178,HL (Higher Low)
6580,2025-11-20 09:45:00,91666.9,91387.0,-0.3053446773044514,LL (Lower Low)
6581,2025-11-20 19:00:00,91387.0,86050.2,-5.839780275093835,LL (Lower Low)
6582,2025-11-21 02:45:00,86050.2,85308.0,-0.8625197849627277,LL (Lower Low)
6583,2025-11-21 07:30:00,85308.0,81300.8,-4.697332020443565,LL (Lower Low)
6584,2025-11-21 12:15:00,81300.8,80607.9,-0.8522671363627524,LL (Lower Low)
6585,2025-11-21 16:00:00,80607.9,82280.0,2.0743624384210553,HL (Higher Low)
6586,2025-11-22 04:30:00,82280.0,83778.0,1.8206125425376762,HL (Higher Low)
6587,2025-11-22 10:45:00,83778.0,83457.5,-0.38255866695313806,LL (Lower Low)
6588,2025-11-22 21:00:00,83457.5,84182.7,0.8689452715453939,HL (Higher Low)
6589,2025-11-23 07:15:00,84182.7,85371.5,1.4121666328117333,HL (Higher Low)
6590,2025-11-23 11:00:00,85371.5,85800.6,0.5026267548303659,HL (Higher Low)
