lh_num,lh_time,lh_price,lh_pct,bb_position,bb_squeeze,bb_width,trend_1h,trend_4h,short_score,long_score,short_ratio,long_ratio,judgment,result,max_gain,max_drop
1,2020-03-25 16:45:00,6695.5,-0.7412348973389715,upper_half,normal,3.0281863698009728,unknown,unknown,50,0,100.0,0.0,강력 숏,drop,1.0678814128892489,-2.08348891046225
2,2020-03-26 04:00:00,6751.0,-0.23644155460321725,upper_half,tight,1.6363821883505703,unknown,unknown,55,0,100.0,0.0,강력 숏,drop,-0.5925048141016132,-3.5402162642571455
3,2020-03-26 13:30:00,6675.5,-1.1183528366167983,above_upper,tight,0.8950601682754191,sideways,unknown,65,0,100.0,0.0,강력 숏,rise,2.434274586173313,-1.6927570968466754
4,2020-03-26 17:00:00,6675.0,-0.007490075649763117,above_upper,tight,1.184904888217588,uptrend,unknown,65,10,86.66666666666667,13.333333333333334,강력 숏,rise,2.441947565543079,-1.0037453183520562
5,2020-03-27 04:00:00,6821.5,-0.241298625329045,upper_half,tight,1.4510981557256104,sideways,unknown,55,0,100.0,0.0,강력 숏,drop,0.0,-3.64289379168804
6,2020-03-27 07:45:00,6720.0,-1.4879425346331465,upper_half,normal,3.474241799465728,sideways,unknown,50,0,100.0,0.0,강력 숏,drop,-0.2678571428571419,-2.187499999999998
7,2020-03-27 11:30:00,6686.5,-0.4985119047619002,upper_half,tight,1.2964621981975792,sideways,unknown,55,0,100.0,0.0,강력 숏,drop,-0.0972107978763126,-7.3356763628206085
8,2020-03-27 19:15:00,6680.0,-0.0972107978763126,above_upper,tight,1.1395968901212463,uptrend,unknown,65,10,86.66666666666667,13.333333333333334,강력 숏,drop,-0.059880239520959666,-8.914670658682633
9,2020-03-28 11:00:00,6300.0,-5.688622754491012,upper_half,normal,2.7960722599201975,sideways,unknown,50,0,100.0,0.0,강력 숏,drop,-0.1825396825396841,-4.6031746031745975
10,2020-03-28 15:00:00,6268.0,-0.5079365079365128,upper_half,tight,1.1941681388762033,uptrend,sideways,55,10,84.61538461538461,15.384615384615385,강력 숏,drop,0.3270580727504857,-4.116145500957247
11,2020-03-28 23:45:00,6247.0,-0.6599348016220086,upper_half,tight,1.2630450633405297,sideways,sideways,55,0,100.0,0.0,강력 숏,drop,0.0,-3.0014406915319314
12,2020-03-29 10:45:00,6204.5,-0.680326556747235,above_upper,tight,1.6479385129923037,sideways,sideways,65,0,100.0,0.0,강력 숏,drop,-0.34652268514787643,-5.584656297848333
13,2020-03-29 16:15:00,6153.5,-0.8219840438391524,above_upper,tight,0.9727793016121212,sideways,sideways,65,0,100.0,0.0,강력 숏,drop,1.0156821321199327,-5.070285203542701
14,2020-03-31 01:45:00,6509.5,-1.0338274420372495,upper_half,normal,2.7762861208284995,sideways,sideways,50,0,100.0,0.0,강력 숏,drop,0.0,-2.857362316614176
15,2020-03-31 08:30:00,6497.5,-0.184345955910592,above_upper,tight,1.5960137100603182,uptrend,sideways,65,10,86.66666666666667,13.333333333333334,강력 숏,drop,-0.04617160446325208,-2.6779530588687983
16,2020-03-31 15:15:00,6494.5,-0.04617160446325208,upper_half,normal,2.587715701249511,sideways,sideways,50,0,100.0,0.0,강력 숏,drop,-0.06928939872199447,-3.8648086842713036
17,2020-03-31 20:00:00,6490.0,-0.06928939872199447,above_upper,tight,1.013906839278905,sideways,sideways,65,0,100.0,0.0,강력 숏,drop,-0.1309707241910596,-3.798151001540828
18,2020-04-01 03:45:00,6372.0,-1.8181818181818188,upper_half,normal,3.17795661339558,sideways,sideways,50,0,100.0,0.0,강력 숏,drop,-0.1098556183301902,-3.5624607658505947
19,2020-04-01 12:00:00,6333.0,-0.6120527306967993,upper_half,tight,1.4458512683608953,sideways,sideways,55,0,100.0,0.0,강력 숏,drop,6.418758882046416,-2.968577293541763
20,2020-04-02 22:30:00,6859.5,-5.131042113270179,upper_half,normal,4.996898682989602,uptrend,sideways,50,10,83.33333333333334,16.666666666666664,강력 숏,rise,2.689700415482177,-1.9826517967781898
21,2020-04-03 02:30:00,6825.0,-0.5029521102121182,upper_half,tight,1.8443638151342117,sideways,downtrend,75,0,100.0,0.0,강력 숏,rise,3.2087912087912063,-1.978021978021982
22,2020-04-03 20:00:00,6810.0,-3.321976149914818,above_upper,normal,2.23830002848343,uptrend,sideways,60,10,85.71428571428571,14.285714285714285,강력 숏,drop,-0.12481644640235379,-2.1292217327459673
23,2020-04-04 01:00:00,6801.5,-0.12481644640235379,above_upper,tight,1.3578514295901296,sideways,sideways,65,0,100.0,0.0,강력 숏,drop,1.433507314562954,-2.2862603837388806
24,2020-04-04 05:30:00,6764.5,-0.543997647577743,upper_half,tight,1.540690766828392,uptrend,downtrend,75,10,88.23529411764706,11.76470588235294,강력 숏,sideways,1.9883213836942915,-1.7517924458570477
25,2020-04-04 17:00:00,6801.5,-1.413248296854619,above_upper,tight,1.760188732625692,uptrend,sideways,65,10,86.66666666666667,13.333333333333334,강력 숏,rise,3.094905535543635,-1.1541571712122334
26,2020-04-05 00:00:00,6889.0,-1.7541357672561375,upper_half,normal,2.544444934297315,sideways,sideways,50,0,100.0,0.0,강력 숏,drop,-0.05080563216722789,-2.1628683408332128
27,2020-04-05 09:15:00,6820.0,-1.0015967484395372,above_upper,tight,0.9420548049725475,uptrend,downtrend,85,10,89.47368421052632,10.526315789473683,강력 숏,drop,0.4105571847507372,-2.052785923753664
28,2020-04-07 16:45:00,7379.0,-1.0658979687604764,upper_half,tight,1.9544175670915283,sideways,sideways,55,0,100.0,0.0,강력 숏,drop,0.047431901341643545,-4.1536793603469295
29,2020-04-08 12:00:00,7338.5,-1.0583793986787104,upper_half,tight,1.4723838282783694,sideways,sideways,55,0,100.0,0.0,강력 숏,sideways,0.6745247666416931,-1.9418137221502985
30,2020-04-09 08:00:00,7344.0,-0.5955603681645938,above_upper,tight,1.169342933676945,uptrend,sideways,65,10,86.66666666666667,13.333333333333334,강력 숏,drop,-0.006808278867098672,-3.009259259259256
31,2020-04-09 14:00:00,7342.5,-0.020424836601307117,upper_half,normal,2.2082545592864746,uptrend,sideways,50,10,83.33333333333334,16.666666666666664,강력 숏,sideways,-0.1566224038134112,-1.8386108273748758
32,2020-04-09 22:00:00,7310.0,-0.44262853251617607,above_upper,tight,0.9772930883059127,uptrend,downtrend,85,10,89.47368421052632,10.526315789473683,강력 숏,drop,-0.07523939808481428,-6.238030095759239
33,2020-04-10 19:00:00,6943.0,-5.020519835841308,above_upper,normal,2.441715883678212,uptrend,sideways,60,10,85.71428571428571,14.285714285714285,강력 숏,sideways,-0.07201497911565324,-1.8291804695376612
34,2020-04-11 04:15:00,6938.0,-0.07201497911565324,above_upper,tight,1.2863388520382415,sideways,sideways,65,0,100.0,0.0,강력 숏,drop,-0.028826751225141667,-2.262899971173249
35,2020-04-11 11:15:00,6886.5,-0.7422888440472786,upper_half,tight,1.2862043843081439,sideways,sideways,55,0,100.0,0.0,강력 숏,sideways,0.28316270964932055,-1.8369273215711912
36,2020-04-12 05:45:00,6838.0,-0.98465102809151,upper_half,tight,1.281076696885664,sideways,sideways,55,0,100.0,0.0,강력 숏,rise,4.855220824802564,-0.4314126937701057
37,2020-04-12 20:15:00,7143.5,-0.36959553695955494,upper_half,normal,2.5343735436902675,uptrend,sideways,50,10,83.33333333333334,16.666666666666664,강력 숏,drop,0.0,-8.210261076503112
38,2020-04-13 06:30:00,6728.0,-5.816476517113456,above_upper,tight,0.7063636305608749,uptrend,downtrend,85,10,89.47368421052632,10.526315789473683,강력 숏,sideways,1.449167657550543,-1.8207491082045224
39,2020-04-13 15:45:00,6796.5,-0.42487729836642174,above_upper,normal,2.336576102934292,uptrend,sideways,60,10,85.71428571428571,14.285714285714285,강력 숏,sideways,1.6994041050540698,-1.0225851541234454
40,2020-04-15 04:00:00,6924.5,-0.6100186593942847,above_upper,tight,1.3584265821121095,uptrend,sideways,65,10,86.66666666666667,13.333333333333334,강력 숏,drop,-0.14441475918839375,-3.574265289912626
41,2020-04-15 18:30:00,6763.5,-2.3250776229330583,above_upper,tight,0.9327520128895692,uptrend,downtrend,85,10,89.47368421052632,10.526315789473683,강력 숏,drop,3.0383677090263905,-4.406002809196419
42,2020-04-16 13:00:00,7079.5,-1.0552061495457732,upper_half,normal,2.2135051465366917,uptrend,sideways,50,10,83.33333333333334,16.666666666666664,강력 숏,sideways,1.5325941097535045,-1.758598771099651
43,2020-04-16 15:45:00,7060.5,-0.26838053534854467,above_upper,tight,1.2781148836501741,sideways,sideways,65,0,100.0,0.0,강력 숏,sideways,1.8058211174845962,-1.4942284540754858
44,2020-04-17 09:45:00,7119.5,-0.9529771841958801,above_upper,tight,1.0541464024232232,uptrend,sideways,65,10,86.66666666666667,13.333333333333334,강력 숏,sideways,-0.133436336821402,-1.9313154013624545
45,2020-04-17 19:45:00,7083.0,-0.5126764519980287,above_upper,tight,0.5667494410668039,sideways,downtrend,85,0,100.0,0.0,강력 숏,sideways,0.783566285472248,-0.9812226457715623
46,2020-04-18 05:15:00,7112.5,-0.3642221755270736,above_upper,tight,0.6329272998509468,sideways,sideways,65,0,100.0,0.0,강력 숏,rise,2.073813708260097,-0.8576449912126582
47,2020-04-19 02:45:00,7238.0,-0.6996844560296367,upper_half,tight,0.9086941702895082,sideways,sideways,55,0,100.0,0.0,강력 숏,drop,-0.05526388505111557,-2.6388505111909377
48,2020-04-19 09:45:00,7176.0,-0.8565902182923413,upper_half,tight,1.4405817723995544,sideways,downtrend,75,0,100.0,0.0,강력 숏,sideways,0.26477146042362953,-1.7976588628762502
49,2020-04-19 17:30:00,7161.0,-0.2090301003344508,upper_half,tight,1.3658975189569598,uptrend,downtrend,75,10,88.23529411764706,11.76470588235294,강력 숏,sideways,0.6982265046781233,-1.0543220220639582
50,2020-04-20 07:30:00,7180.0,-0.4298987657745057,upper_half,tight,0.6339559849131268,sideways,sideways,55,0,100.0,0.0,강력 숏,drop,-0.02089136490250887,-5.988857938718661
51,2020-04-20 15:00:00,7093.5,-1.2047353760445634,upper_half,normal,2.0538984780336387,uptrend,downtrend,70,10,87.5,12.5,강력 숏,drop,-0.14097413124691816,-4.842461408331566
52,2020-04-21 00:30:00,6909.0,-2.600972721505601,above_upper,tight,1.5049728766504031,sideways,sideways,65,0,100.0,0.0,강력 숏,drop,-0.13750180923433053,-2.163844261108694
53,2020-04-21 06:00:00,6894.0,-0.21710811984367862,upper_half,tight,1.0186463898372105,uptrend,sideways,55,10,84.61538461538461,15.384615384615385,강력 숏,sideways,0.6237307803887537,-1.9509718595880465
54,2020-04-21 14:30:00,6872.5,-0.31186539019437687,above_upper,tight,0.8711806084238718,sideways,downtrend,85,0,100.0,0.0,강력 숏,sideways,0.9385230993088411,-1.0476536922517266
55,2020-04-21 21:45:00,6906.5,-0.4396713276632602,above_upper,tight,0.7831204629970181,sideways,sideways,65,0,100.0,0.0,강력 숏,sideways,0.8904655035111952,-1.3175993629189864
56,2020-04-23 21:45:00,7611.0,-1.7111125460063326,above_upper,tight,0.8627110772567155,uptrend,sideways,65,10,86.66666666666667,13.333333333333334,강력 숏,drop,-0.03284719484956122,-2.3387202732886636
57,2020-04-24 03:30:00,7548.0,-0.8277493102089029,above_upper,tight,1.161984073798266,uptrend,sideways,65,10,86.66666666666667,13.333333333333334,강력 숏,sideways,0.8015368309485904,-1.9607843137254943
58,2020-04-24 18:00:00,7544.5,-0.8411644870868096,above_upper,tight,1.1654323173351617,sideways,sideways,65,0,100.0,0.0,강력 숏,sideways,0.5368148982702659,-1.4248790509642784
59,2020-04-24 21:15:00,7542.0,-0.033136722115445494,above_upper,tight,0.5560193276329288,uptrend,sideways,65,10,86.66666666666667,13.333333333333334,강력 숏,sideways,0.5833996287456955,-1.3922036595067633
60,2020-04-25 20:00:00,7550.0,-1.9798766634209652,upper_half,tight,0.7220868633584199,uptrend,downtrend,75,10,88.23529411764706,11.76470588235294,강력 숏,sideways,0.324503311258284,-0.7019867549668879
61,2020-04-26 20:00:00,7656.5,-0.5455608235370502,above_upper,tight,1.7105378741320085,uptrend,sideways,65,10,86.66666666666667,13.333333333333334,강력 숏,sideways,1.7632077319924333,-0.9795598511069037
62,2020-04-27 08:15:00,7736.0,-0.7123147019187592,upper_half,tight,1.1901606230247455,sideways,downtrend,75,0,100.0,0.0,강력 숏,sideways,-0.17450879007239184,-1.4477766287487093
63,2020-04-27 12:00:00,7722.5,-0.17450879007239184,upper_half,tight,0.5869449920175168,uptrend,downtrend,75,10,88.23529411764706,11.76470588235294,강력 숏,sideways,0.718679184202009,-1.2754936872774403
64,2020-04-28 12:45:00,7760.0,-0.2314219593725908,upper_half,tight,1.0530960000368943,sideways,uptrend,55,15,78.57142857142857,21.428571428571427,강력 숏,sideways,0.07087628865980466,-1.1984536082474184
65,2020-04-28 19:00:00,7739.0,-0.27061855670102997,upper_half,tight,0.6273188511885518,uptrend,sideways,55,10,84.61538461538461,15.384615384615385,강력 숏,rise,2.9073523711073745,-0.439333247189555
66,2020-04-29 21:00:00,8931.0,-0.22901189744735095,upper_half,wide,5.224360181687896,uptrend,sideways,50,10,83.33333333333334,16.666666666666664,강력 숏,drop,5.9007949837644125,-3.2303213525920915
67,2020-04-30 20:00:00,8881.0,-6.100655529710297,upper_half,normal,4.341564620666242,uptrend,sideways,50,10,83.33333333333334,16.666666666666664,강력 숏,drop,-0.41661975002814655,-3.3273280036032027
68,2020-05-01 05:30:00,8834.0,-0.5292196824681961,above_upper,tight,1.978487277697501,uptrend,sideways,65,10,86.66666666666667,13.333333333333334,강력 숏,rise,2.5639574371745466,-1.9809825673534065
69,2020-05-01 18:30:00,8780.5,-3.0903371778599364,upper_half,tight,1.5866197831496942,uptrend,downtrend,75,10,88.23529411764706,11.76470588235294,강력 숏,sideways,1.247081601275557,-1.2641649108820707
70,2020-05-02 03:45:00,8858.0,-0.3599550056243017,upper_half,tight,1.198649841193244,sideways,sideways,55,0,100.0,0.0,강력 숏,sideways,1.7159629713253466,-0.9934522465567808
71,2020-05-03 10:00:00,9138.5,-0.5712109672505683,upper_half,normal,2.3014386349400837,uptrend,downtrend,70,10,87.5,12.5,강력 숏,drop,-0.3063960168517843,-4.524812606007556
72,2020-05-03 22:15:00,8956.5,-1.9915741095365758,above_upper,tight,1.3962693250014777,uptrend,sideways,65,10,86.66666666666667,13.333333333333334,강력 숏,drop,-0.10048568079048525,-4.817730140121701
73,2020-05-04 08:15:00,8715.0,-2.696365767878073,upper_half,normal,2.259164461622664,uptrend,downtrend,70,10,87.5,12.5,강력 숏,rise,2.616179001721175,-1.3080895008605875
74,2020-05-05 13:30:00,8951.0,-1.6967766734391265,upper_half,normal,3.4125509582100055,sideways,downtrend,70,0,100.0,0.0,강력 숏,sideways,1.0110602167355598,-1.4746955647413684
75,2020-05-05 17:15:00,8930.0,-0.23461065802703462,above_upper,tight,1.1440258425056797,uptrend,downtrend,85,10,89.47368421052632,10.526315789473683,강력 숏,sideways,1.5565509518477016,-0.9462486002239645
76,2020-05-06 16:00:00,9316.5,-0.6769722814498946,upper_half,tight,1.5990722961221753,uptrend,sideways,55,10,84.61538461538461,15.384615384615385,강력 숏,drop,0.8264906348950829,-2.989320023614017
77,2020-05-07 02:45:00,9371.0,-0.23952733273008286,upper_half,normal,3.010288706256113,uptrend,sideways,50,10,83.33333333333334,16.666666666666664,강력 숏,rise,2.3956888272329557,-1.4299434425354862
78,2020-05-07 08:45:00,9338.0,-0.352150250773664,above_upper,tight,0.8550732249842948,uptrend,sideways,65,10,86.66666666666667,13.333333333333334,강력 숏,rise,6.580638252302418,-0.8674234311415674
79,2020-05-08 10:45:00,9957.0,-1.0189373229285703,above_upper,tight,1.9494639199267159,sideways,sideways,65,0,100.0,0.0,강력 숏,sideways,0.4820729135281754,-1.6721904188008452
80,2020-05-08 22:00:00,9999.5,-0.0549725137431234,upper_half,tight,0.9881756228387604,uptrend,sideways,55,10,84.61538461538461,15.384615384615385,강력 숏,drop,-0.11500575028751125,-4.335216760838046
81,2020-05-09 17:45:00,9795.0,-2.045102255112752,above_upper,tight,1.6599087822931309,uptrend,uptrend,65,25,72.22222222222221,27.77777777777778,강력 숏,drop,-0.08167432363450633,-16.763654925982642
82,2020-05-10 08:00:00,8898.5,-9.15262889229198,above_upper,normal,4.355078989588134,uptrend,sideways,60,10,85.71428571428571,14.285714285714285,강력 숏,drop,-0.35399224588413825,-7.169747710288254
83,2020-05-10 23:00:00,8834.0,-0.7248412653818037,upper_half,normal,4.944731763167245,uptrend,sideways,50,10,83.33333333333334,16.666666666666664,강력 숏,drop,1.7149649083088025,-4.007244736246318
84,2020-05-11 06:15:00,8725.5,-1.228209191759111,upper_half,tight,1.6185187951531919,sideways,downtrend,75,0,100.0,0.0,강력 숏,drop,4.96246633430748,-6.228869405764714
85,2020-05-11 20:00:00,8802.0,-3.8925588251351173,upper_half,wide,8.164794006787025,uptrend,downtrend,70,10,87.5,12.5,강력 숏,drop,-0.2840263576459945,-3.9138832083617348
86,2020-05-12 05:30:00,8777.0,-0.2840263576459945,upper_half,normal,2.550082841323951,uptrend,sideways,50,10,83.33333333333334,16.666666666666664,강력 숏,rise,2.233109262846078,-1.822946337017206
87,2020-05-13 02:00:00,8970.0,-0.033433634236046395,upper_half,normal,2.794741459994712,uptrend,sideways,50,10,83.33333333333334,16.666666666666664,강력 숏,sideways,1.81716833890746,-1.538461538461533
88,2020-05-14 00:15:00,9383.0,-0.18616031062177463,upper_half,normal,2.6540100923590266,sideways,sideways,50,0,100.0,0.0,강력 숏,rise,5.9362677182137835,-1.3268677395289363
89,2020-05-14 16:00:00,9781.0,-1.5995975855130795,upper_half,normal,2.3548838989979326,sideways,sideways,50,0,100.0,0.0,강력 숏,drop,0.9457110724874651,-5.341989571618444
90,2020-05-14 23:30:00,9845.5,-0.28358738036157183,above_upper,normal,2.426722014608329,uptrend,uptrend,60,25,70.58823529411765,29.411764705882355,강력 숏,drop,-0.0507846224163333,-5.962114671677421
91,2020-05-15 07:45:00,9715.0,-1.3254786450662692,above_upper,normal,3.031982900489293,uptrend,downtrend,80,10,88.88888888888889,11.11111111111111,강력 숏,drop,-0.18013381369017534,-5.913535769428724
92,2020-05-15 11:30:00,9650.0,-0.6690684508491973,upper_half,tight,1.7694159782625496,sideways,downtrend,75,0,100.0,0.0,강력 숏,drop,-0.2590673575129543,-5.279792746113987
93,2020-05-15 14:30:00,9612.0,-0.39378238341969407,upper_half,tight,1.4460646840146258,sideways,downtrend,75,0,100.0,0.0,강력 숏,drop,-0.03641281731169288,-4.905326674989596
94,2020-05-15 18:15:00,9530.0,-0.8531002913025332,upper_half,tight,1.803796799413105,sideways,downtrend,75,0,100.0,0.0,강력 숏,drop,0.5561385099685179,-4.0870933892969585
95,2020-05-15 22:30:00,9484.5,-0.4774396642182599,upper_half,normal,3.8455745941907287,uptrend,downtrend,70,10,87.5,12.5,강력 숏,drop,1.0385365596499607,-2.788760609415364
96,2020-05-16 13:00:00,9520.0,-0.6574141709276837,above_upper,tight,1.4358558520096387,uptrend,sideways,65,10,86.66666666666667,13.333333333333334,강력 숏,drop,0.005252100840347218,-2.6943277310924385
97,2020-05-17 07:00:00,9563.0,-0.11489450595362216,above_upper,tight,0.6805500354028546,uptrend,sideways,65,10,86.66666666666667,13.333333333333334,강력 숏,rise,3.3776011711805998,-1.1188957440133818
98,2020-05-17 21:15:00,9790.0,-0.9710702002832305,above_upper,tight,0.5622826579769626,sideways,downtrend,85,0,100.0,0.0,강력 숏,drop,1.7109295199182917,-3.1767109295199214
99,2020-05-18 14:30:00,9729.0,-2.2947526989706257,above_upper,tight,1.555881165277796,uptrend,downtrend,85,10,89.47368421052632,10.526315789473683,강력 숏,sideways,0.25696371672319085,-1.9272278754239869
100,2020-05-20 00:15:00,9800.0,-0.9700889248181133,above_upper,tight,1.6901693614640168,uptrend,uptrend,65,25,72.22222222222221,27.77777777777778,강력 숏,sideways,0.4948979591836711,-1.5306122448979553
101,2020-05-20 10:00:00,9805.0,-0.44169162816672936,upper_half,tight,0.986170529386402,sideways,sideways,55,0,100.0,0.0,강력 숏,drop,-0.08159102498724868,-4.910759816420196
102,2020-05-20 14:00:00,9797.0,-0.08159102498724868,upper_half,tight,0.7131327243932837,uptrend,downtrend,75,10,88.23529411764706,11.76470588235294,강력 숏,drop,-0.16841890374604818,-4.833112177197096
103,2020-05-20 20:45:00,9600.0,-2.0108196386648958,above_upper,tight,1.394571689977512,sideways,sideways,65,0,100.0,0.0,강력 숏,drop,-0.13541666666666563,-3.3802083333333344
104,2020-05-21 00:30:00,9573.0,-0.28124999999999956,upper_half,tight,1.0776607980484705,sideways,sideways,55,0,100.0,0.0,강력 숏,drop,-0.14624464640133894,-3.525540582889375
105,2020-05-21 06:15:00,9529.5,-0.45440300846130155,upper_half,tight,0.8096595653200046,uptrend,downtrend,75,10,88.23529411764706,11.76470588235294,강력 숏,drop,-0.026234324990814795,-7.518757542368437
106,2020-05-21 22:30:00,9161.0,-3.8669395036465715,upper_half,normal,3.3159522155200536,uptrend,sideways,50,10,83.33333333333334,16.666666666666664,강력 숏,drop,0.365680602554308,-2.4833533457046197
107,2020-05-22 07:00:00,9112.0,-0.5348761052286877,upper_half,tight,1.7508581320452483,uptrend,downtrend,75,10,88.23529411764706,11.76470588235294,강력 숏,sideways,1.6736172080772604,-0.691395961369623
108,2020-05-23 07:45:00,9262.5,-0.49417199333942063,upper_half,tight,0.9813556007461071,sideways,sideways,55,0,100.0,0.0,강력 숏,sideways,-0.11875843454790536,-1.9487179487179485
109,2020-05-23 14:45:00,9214.5,-0.5182186234817809,above_upper,tight,1.1062412244787856,sideways,downtrend,85,0,100.0,0.0,강력 숏,sideways,0.3092951326713278,-1.1015247707417686
110,2020-05-24 02:30:00,9227.0,-0.1731039705723303,upper_half,tight,0.993475338477454,sideways,sideways,55,0,100.0,0.0,강력 숏,drop,0.7369675951013344,-2.3734691665763474
111,2020-05-24 21:30:00,9077.0,-2.345346960731576,above_upper,tight,1.69189178116658,uptrend,sideways,65,10,86.66666666666667,13.333333333333334,강력 숏,drop,-0.07711799052549928,-4.808857552054646
112,2020-05-25 08:00:00,8876.5,-2.2088795857662213,above_upper,tight,1.1447973149059179,uptrend,uptrend,65,25,72.22222222222221,27.77777777777778,강력 숏,drop,1.0984059032276283,-2.332000225314035
113,2020-05-25 14:00:00,8856.0,-0.2309468822170868,above_upper,tight,1.6257440879297762,uptrend,sideways,65,10,86.66666666666667,13.333333333333334,강력 숏,sideways,1.332429990966566,-1.3380758807588045
114,2020-05-25 23:00:00,8934.5,-0.4401604635614009,upper_half,tight,0.9570480379479421,sideways,sideways,55,0,100.0,0.0,강력 숏,sideways,0.8562314623090206,-1.1920085063517827
115,2020-05-26 21:00:00,8881.5,-1.4371323937409808,above_upper,tight,1.1422282334676281,uptrend,sideways,65,10,86.66666666666667,13.333333333333334,강력 숏,sideways,0.7600067556156054,-0.8669706693689161
116,2020-05-29 08:15:00,9586.5,-0.29122679286494035,above_upper,tight,0.9044292251529832,sideways,sideways,65,0,100.0,0.0,강력 숏,drop,-0.9336045480623834,-2.6808532832629184
117,2020-05-29 14:00:00,9478.0,-1.1317999269806478,upper_half,tight,1.1477164967908615,sideways,sideways,55,0,100.0,0.0,강력 숏,sideways,-0.1477104874446078,-1.5667862418231704
118,2020-05-29 17:15:00,9452.5,-0.26904410213125507,upper_half,tight,0.8235621923050372,uptrend,downtrend,75,10,88.23529411764706,11.76470588235294,강력 숏,sideways,1.5498545358370697,-1.3224014810896634
119,2020-05-29 23:15:00,9447.5,-0.05289605924359009,above_upper,tight,0.5942938660425385,uptrend,downtrend,85,10,89.47368421052632,10.526315789473683,강력 숏,sideways,1.6035988356708053,-1.2701772955808432
120,2020-05-30 11:30:00,9579.0,-0.20835503698302116,above_upper,tight,0.8828685925017069,sideways,sideways,65,0,100.0,0.0,강력 숏,sideways,1.6285624804259324,-1.8999895604969175
121,2020-05-30 14:30:00,9569.0,-0.10439503079653356,upper_half,tight,0.7743950710156668,uptrend,downtrend,75,10,88.23529411764706,11.76470588235294,강력 숏,sideways,1.7347685233566779,-1.7974710001045002
122,2020-05-31 12:00:00,9633.5,-1.0426296866974827,above_upper,tight,0.7647285166703107,sideways,sideways,65,0,100.0,0.0,강력 숏,drop,-0.11937509731665408,-2.5224477085171504
123,2020-05-31 19:15:00,9529.0,-1.0847563190948262,upper_half,tight,0.9268296418664312,sideways,sideways,55,0,100.0,0.0,강력 숏,sideways,0.8500367299821621,-1.4534578654633257
124,2020-06-01 07:30:00,9574.0,-0.3746097814776306,above_upper,tight,0.5543566311041095,sideways,uptrend,65,15,81.25,18.75,강력 숏,sideways,0.3290160852308377,-0.8721537497388798
125,2020-06-02 08:00:00,10159.0,-1.8643740340030912,above_upper,tight,0.565430005310361,sideways,sideways,65,0,100.0,0.0,강력 숏,drop,0.2903829117039125,-8.573678511664529
126,2020-06-02 18:15:00,9536.0,-6.404279334543849,lower_half,wide,12.443399034931428,uptrend,sideways,40,10,80.0,20.0,강력 숏,sideways,0.14156879194631156,-1.4786073825503343
127,2020-06-03 19:00:00,9622.0,-0.20742584526032282,above_upper,tight,0.7634234454278069,uptrend,sideways,65,10,86.66666666666667,13.333333333333334,강력 숏,sideways,0.743088754936605,-1.018499272500517
128,2020-06-04 03:45:00,9685.0,-0.08768762572858302,upper_half,tight,0.9278059453953592,uptrend,sideways,55,10,84.61538461538461,15.384615384615385,강력 숏,drop,1.760454310789883,-2.3231801755291714
129,2020-06-04 07:30:00,9660.5,-0.2529685080020605,upper_half,tight,0.5408208798052908,uptrend,downtrend,75,10,88.23529411764706,11.76470588235294,강력 숏,drop,2.2307333988923927,-2.075461932612188
130,2020-06-04 23:15:00,9860.0,-0.1620089104900746,above_upper,tight,1.1088861323889487,uptrend,sideways,65,10,86.66666666666667,13.333333333333334,강력 숏,drop,-0.020283975659229903,-2.6267748478701836
131,2020-06-05 08:30:00,9851.5,-0.08620689655172153,above_upper,tight,0.8175747695230131,sideways,sideways,65,0,100.0,0.0,강력 숏,drop,-0.015226107699339853,-2.542759985788967
132,2020-06-05 18:45:00,9753.5,-0.9947723696899002,upper_half,tight,0.9010365913470995,uptrend,sideways,55,10,84.61538461538461,15.384615384615385,강력 숏,drop,-0.10765366278772115,-2.209463269595535
133,2020-06-06 03:45:00,9644.0,-1.1226739119290507,upper_half,tight,1.1973127260486305,sideways,downtrend,75,0,100.0,0.0,강력 숏,sideways,0.8917461634176727,-0.6377021982579834
134,2020-06-06 20:45:00,9715.5,-0.14902363823227072,above_upper,tight,1.1218319878957592,uptrend,sideways,65,10,86.66666666666667,13.333333333333334,강력 숏,sideways,-0.025732077607942827,-1.6159744737790138
135,2020-06-06 23:45:00,9701.0,-0.14924605012608394,upper_half,tight,0.9419161602495809,sideways,sideways,55,0,100.0,0.0,강력 숏,drop,0.09277394083084811,-2.303886197299243
136,2020-06-07 08:45:00,9678.0,-0.32955715756951554,upper_half,tight,0.6984558543640712,sideways,sideways,55,0,100.0,0.0,강력 숏,drop,1.338086381483783,-3.0739822277330076
137,2020-06-07 23:00:00,9776.0,-0.32118276828957404,upper_half,normal,3.7089778707560495,uptrend,sideways,50,10,83.33333333333334,16.666666666666664,강력 숏,sideways,0.23527004909984495,-1.3860474631751218
138,2020-06-08 05:45:00,9751.0,-0.2557283142389566,upper_half,tight,0.4788043631901966,uptrend,downtrend,75,10,88.23529411764706,11.76470588235294,강력 숏,sideways,0.49225720438930143,-1.133217105937856
139,2020-06-08 17:00:00,9739.5,-0.6072048168180411,upper_half,tight,0.8562764943314828,uptrend,downtrend,75,10,88.23529411764706,11.76470588235294,강력 숏,sideways,1.3758406489039476,-1.745469479952766
140,2020-06-09 07:00:00,9700.0,-1.7572289461690427,upper_half,tight,0.5031969146604005,sideways,sideways,55,0,100.0,0.0,강력 숏,sideways,0.49484536082473607,-0.7628865979381394
141,2020-06-10 01:30:00,9810.0,-0.2237591537835648,above_upper,tight,0.6675167428482537,uptrend,sideways,65,10,86.66666666666667,13.333333333333334,강력 숏,sideways,-0.09174311926605228,-1.0703363914373099
142,2020-06-10 07:00:00,9780.0,-0.3058103975535187,upper_half,tight,0.39891906946553846,uptrend,downtrend,75,10,88.23529411764706,11.76470588235294,강력 숏,rise,2.198364008179965,-0.9406952965235194
143,2020-06-10 12:45:00,9770.0,-0.10224948875255935,above_upper,tight,0.4483757971721128,sideways,sideways,65,0,100.0,0.0,강력 숏,rise,2.3029682702149445,-0.8393039918116685
144,2020-06-10 22:30:00,9908.0,-0.8704352176088004,upper_half,tight,1.378943038442752,sideways,sideways,55,0,100.0,0.0,강력 숏,sideways,0.6055712555510739,-1.4735567218409407
145,2020-06-11 21:00:00,9372.0,-5.97913322632424,upper_half,normal,3.4678783116580876,uptrend,downtrend,70,10,87.5,12.5,강력 숏,sideways,1.2857447716602577,-1.4457959880495141
146,2020-06-12 20:30:00,9480.0,-0.7329842931937169,above_upper,tight,1.4118074043421553,uptrend,sideways,65,10,86.66666666666667,13.333333333333334,강력 숏,sideways,0.0,-1.2078059071729985
147,2020-06-13 09:15:00,9464.0,-0.16877637130802148,above_upper,tight,0.7476383692282039,sideways,sideways,65,0,100.0,0.0,강력 숏,sideways,0.3169907016060902,-1.1992814877430313
148,2020-06-13 15:00:00,9461.5,-0.026415891800501967,above_upper,tight,0.6244426719366689,uptrend,sideways,65,10,86.66666666666667,13.333333333333334,강력 숏,sideways,0.34349733128995474,-1.1731755007134193
149,2020-06-14 00:00:00,9477.5,-0.17379397514220019,upper_half,tight,1.0327565258631146,uptrend,sideways,55,10,84.61538461538461,15.384615384615385,강력 숏,sideways,-0.19519915589554238,-1.0393036138222067
150,2020-06-14 11:30:00,9440.5,-0.39039831179108475,upper_half,tight,0.4380799151969733,sideways,sideways,55,0,100.0,0.0,강력 숏,drop,-0.03177797786134695,-2.092050209205021
151,2020-06-14 15:45:00,9437.5,-0.03177797786134695,upper_half,tight,1.1360223351784315,sideways,sideways,55,0,100.0,0.0,강력 숏,drop,-0.0635761589403927,-3.2264900662251628
152,2020-06-14 22:30:00,9411.0,-0.28079470198675294,upper_half,tight,1.1131275630230173,sideways,downtrend,75,0,100.0,0.0,강력 숏,drop,-0.17001381362236057,-5.36074806077994
153,2020-06-15 08:30:00,9167.5,-2.5873977260652437,upper_half,normal,3.092417632457787,uptrend,downtrend,70,10,87.5,12.5,강력 숏,rise,3.485137714753206,-1.3416962094355056
154,2020-06-16 09:15:00,9543.0,-0.3862212943632537,upper_half,tight,1.0441413524430614,sideways,downtrend,75,0,100.0,0.0,강력 숏,sideways,0.4348737294351812,-1.5299172168081299
155,2020-06-16 23:30:00,9531.0,-0.5581929156450505,above_upper,tight,0.4878138536714004,sideways,sideways,65,0,100.0,0.0,강력 숏,sideways,-0.01049207848075051,-1.1331444759206777
156,2020-06-17 07:45:00,9529.5,-0.015738117721120215,above_upper,tight,0.7763259707137082,uptrend,sideways,65,10,86.66666666666667,13.333333333333334,강력 숏,drop,0.36203368487328635,-3.0064536439477374
157,2020-06-17 23:45:00,9469.5,-0.988080301129235,upper_half,tight,1.8299786968332028,uptrend,sideways,55,10,84.61538461538461,15.384615384615385,강력 숏,sideways,0.16896351444108948,-0.9504197687311922
158,2020-06-18 19:30:00,9410.0,-0.7959517157767104,upper_half,tight,0.5716053784293125,sideways,downtrend,75,0,100.0,0.0,강력 숏,sideways,0.021253985122204888,-1.7959617428267793
159,2020-06-19 06:00:00,9328.5,-0.8871653208669783,upper_half,tight,1.0040094308119363,sideways,downtrend,75,0,100.0,0.0,강력 숏,sideways,1.1899019134909095,-0.7128691643886964
160,2020-06-19 12:30:00,9419.0,-0.21717251973091267,upper_half,tight,1.7304153703217873,uptrend,sideways,55,10,84.61538461538461,15.384615384615385,강력 숏,sideways,-0.22295360441660916,-1.656226775666203
161,2020-06-19 22:00:00,9355.0,-0.6794776515553713,above_upper,tight,0.7087689791575654,uptrend,downtrend,85,10,89.47368421052632,10.526315789473683,강력 숏,sideways,-0.09086050240513233,-0.8605024051309473
162,2020-06-20 03:15:00,9346.5,-0.09086050240513233,above_upper,tight,0.5078237445319543,uptrend,downtrend,85,10,89.47368421052632,10.526315789473683,강력 숏,sideways,0.35842293906809264,-1.8188626758679716
163,2020-06-21 15:45:00,9388.5,-0.28676119165206293,above_upper,tight,0.4352367579940418,uptrend,sideways,65,10,86.66666666666667,13.333333333333334,강력 숏,sideways,0.1437929381690406,-1.1663204984821873
164,2020-06-23 00:00:00,9718.0,-0.6542629319157611,upper_half,normal,2.1427993949585145,uptrend,sideways,50,10,83.33333333333334,16.666666666666664,강력 숏,sideways,-0.0926116484873396,-1.399464910475412
165,2020-06-23 07:45:00,9669.0,-0.5042189750977588,above_upper,tight,0.4069248872905603,sideways,downtrend,85,0,100.0,0.0,강력 숏,sideways,0.20167545764815387,-0.899782811045613
166,2020-06-23 22:30:00,9650.0,-0.39737833513959764,upper_half,tight,0.5816330096343445,sideways,downtrend,75,0,100.0,0.0,강력 숏,drop,0.2072538860103723,-3.497409326424872
167,2020-06-24 18:30:00,9330.0,-3.5160289555325797,upper_half,tight,1.2109145358795197,uptrend,downtrend,75,10,88.23529411764706,11.76470588235294,강력 숏,drop,0.0,-3.451232583065378
168,2020-06-24 23:15:00,9322.0,-0.08574490889603492,upper_half,tight,0.8590992947722593,sideways,downtrend,75,0,100.0,0.0,강력 숏,drop,0.0965458056211066,-3.3683758850032164
169,2020-06-26 01:00:00,9290.0,-0.5033736746278272,upper_half,tight,0.9880190912527123,sideways,sideways,55,0,100.0,0.0,강력 숏,drop,-0.11302475780409216,-2.0452099031216364
170,2020-06-26 05:00:00,9263.0,-0.29063509149622746,upper_half,tight,0.5739603707999013,uptrend,downtrend,75,10,88.23529411764706,11.76470588235294,강력 숏,drop,-0.11875202418223374,-2.2994710137104635
171,2020-06-26 10:00:00,9252.0,-0.11875202418223374,upper_half,tight,1.9525929683752004,uptrend,downtrend,75,10,88.23529411764706,11.76470588235294,강력 숏,drop,-0.1945525291828787,-2.1833117163856497
172,2020-06-26 13:00:00,9233.5,-0.19995676610462532,upper_half,tight,1.622689468357435,sideways,downtrend,75,0,100.0,0.0,강력 숏,sideways,-0.23826284724102198,-1.987328748578543
173,2020-06-26 21:00:00,9211.5,-0.23826284724102198,above_upper,tight,0.9453760895976829,uptrend,sideways,65,10,86.66666666666667,13.333333333333334,강력 숏,sideways,0.0,-1.0910275199478958
174,2020-06-27 03:15:00,9185.0,-0.28768387341909785,upper_half,tight,0.7798662980220336,uptrend,sideways,55,10,84.61538461538461,15.384615384615385,강력 숏,sideways,0.09798584648883502,-1.012520413718021
175,2020-06-27 11:30:00,9184.0,-0.10876658690450736,upper_half,tight,0.6869464498583092,sideways,sideways,55,0,100.0,0.0,강력 숏,drop,-0.08710801393728707,-3.745644599303133
176,2020-06-28 10:00:00,9083.0,-1.099738675958184,upper_half,tight,1.4847877816314434,sideways,uptrend,55,15,78.57142857142857,21.428571428571427,강력 숏,sideways,1.178024881647044,-0.6605746999889917
177,2020-06-29 01:00:00,9146.5,-0.4733405875952168,above_upper,tight,0.5884214277865205,uptrend,sideways,65,10,86.66666666666667,13.333333333333334,강력 숏,sideways,-0.005466571912748908,-1.306510687148088
178,2020-06-29 05:30:00,9129.5,-0.1858634450336183,upper_half,tight,0.5800129506059413,sideways,sideways,55,0,100.0,0.0,강력 숏,sideways,0.5421983679281484,-1.1227339941946468
179,2020-06-30 01:30:00,9205.0,-0.3140567468052802,upper_half,tight,0.7285914005894255,uptrend,sideways,55,10,84.61538461538461,15.384615384615385,강력 숏,sideways,-0.07604562737643095,-1.4557305812058718
180,2020-06-30 09:30:00,9171.5,-0.36393264530146796,above_upper,tight,0.4774166007288347,sideways,downtrend,85,0,100.0,0.0,강력 숏,sideways,0.1471951153028339,-1.0957858583655944
181,2020-06-30 21:45:00,9168.0,-0.18508437670113898,upper_half,tight,0.5427093551036324,uptrend,downtrend,75,10,88.23529411764706,11.76470588235294,강력 숏,sideways,0.25087260034903913,-0.7417102966841171
182,2020-07-01 04:45:00,9159.5,-0.0927137870855188,upper_half,tight,0.6022035694164767,sideways,sideways,55,0,100.0,0.0,강력 숏,sideways,1.4138326327856277,-0.2893171024619279
183,2020-07-02 02:15:00,9260.0,-0.3121972225212599,above_upper,tight,0.3482698608650472,uptrend,sideways,65,10,86.66666666666667,13.333333333333334,강력 숏,drop,-0.05399568034557545,-2.4514038876889854
184,2020-07-02 09:00:00,9219.0,-0.4427645788336987,upper_half,tight,0.8306720680865715,sideways,downtrend,75,0,100.0,0.0,강력 숏,drop,0.3904978848031204,-3.031782188957588
185,2020-07-02 21:45:00,9150.0,-1.1345218800648316,above_upper,tight,0.8690577186398488,uptrend,sideways,65,10,86.66666666666667,13.333333333333334,강력 숏,sideways,-0.09836065573770592,-1.1420765027322366
186,2020-07-03 01:15:00,9118.0,-0.34972677595628276,upper_half,tight,0.6432837616562994,uptrend,sideways,55,10,84.61538461538461,15.384615384615385,강력 숏,sideways,0.0712875630620724,-0.7951305110769913
187,2020-07-03 13:15:00,9119.5,-0.05479752315195041,upper_half,tight,0.6660011802465204,uptrend,sideways,55,10,84.61538461538461,15.384615384615385,강력 숏,sideways,-0.010965513460170495,-0.9046548604638383
188,2020-07-03 16:15:00,9110.0,-0.10417237787159195,upper_half,tight,0.3945673083203635,uptrend,downtrend,75,10,88.23529411764706,11.76470588235294,강력 숏,sideways,-0.08232711306256357,-0.8013172338089958
189,2020-07-03 22:15:00,9100.0,-0.1097694840834218,above_upper,tight,0.3037657779844796,uptrend,downtrend,85,10,89.47368421052632,10.526315789473683,강력 숏,sideways,-0.07692307692307443,-0.6923076923076921
190,2020-07-04 02:15:00,9093.0,-0.07692307692307443,upper_half,tight,0.4661293378137483,sideways,downtrend,75,0,100.0,0.0,강력 숏,sideways,-0.021994941163527848,-0.5388760585065433
191,2020-07-04 13:45:00,9080.0,-0.14296711756296432,above_upper,tight,0.23463678669868598,sideways,downtrend,85,0,100.0,0.0,강력 숏,sideways,1.1618942731277615,-0.3303964757709221
192,2020-07-05 00:15:00,9143.5,-0.45724239290185764,above_upper,tight,0.2885009507223149,uptrend,sideways,65,10,86.66666666666667,13.333333333333334,강력 숏,sideways,-0.060152020561055064,-1.6623831136873157
193,2020-07-05 15:00:00,9065.0,-0.8585333843714071,above_upper,tight,0.34052931068885245,sideways,downtrend,85,0,100.0,0.0,강력 숏,sideways,0.5736348593491369,-1.709873138444562
194,2020-07-07 12:00:00,9286.5,-0.8911419423692668,above_upper,tight,0.5480957303247694,uptrend,sideways,65,10,86.66666666666667,13.333333333333334,강력 숏,sideways,-0.09153071663167145,-0.8776180477036544
195,2020-07-07 18:00:00,9278.0,-0.09153071663167145,upper_half,tight,0.4110228725574811,uptrend,sideways,55,10,84.61538461538461,15.384615384615385,강력 숏,sideways,0.44729467557662606,-0.7868075016167264
196,2020-07-08 22:30:00,9462.5,-0.04225426503987606,above_upper,tight,0.4870339027951507,sideways,sideways,65,0,100.0,0.0,강력 숏,sideways,-0.03170409511228378,-1.289299867899607
197,2020-07-09 06:30:00,9413.5,-0.5178335535006573,above_upper,tight,0.3451557444730367,sideways,downtrend,85,0,100.0,0.0,강력 숏,drop,0.12747649652096182,-2.68231794762841
198,2020-07-09 21:15:00,9249.0,-1.8725797039944814,above_upper,tight,0.5094955992866432,uptrend,sideways,65,10,86.66666666666667,13.333333333333334,강력 숏,sideways,0.0,-1.3406854795112944
199,2020-07-10 11:15:00,9197.0,-0.5622229430208625,above_upper,tight,0.5796063061840195,sideways,downtrend,85,0,100.0,0.0,강력 숏,sideways,1.1199304120909082,-0.4186147656844663
200,2020-07-11 07:15:00,9273.5,-0.284946236559136,upper_half,tight,0.31545502706515455,sideways,downtrend,75,0,100.0,0.0,강력 숏,sideways,0.0,-1.0082493125572856
201,2020-07-11 16:00:00,9253.5,-0.21566830215129507,above_upper,tight,0.44448078363130294,sideways,sideways,65,0,100.0,0.0,강력 숏,sideways,0.3890419841141135,-0.5673528934997618
202,2020-07-12 16:45:00,9220.0,-1.2319228709159025,lower_half,tight,0.9045154963975784,sideways,sideways,45,0,100.0,0.0,강력 숏,sideways,1.0574837310195262,-0.6832971800433851
203,2020-07-13 06:00:00,9285.0,-0.3488060101958679,upper_half,tight,0.285683569786298,sideways,downtrend,75,0,100.0,0.0,강력 숏,sideways,0.5438879913839623,-0.4846526655896577
204,2020-07-14 01:30:00,9240.0,-1.0229768089550673,upper_half,tight,0.45030166453998555,sideways,downtrend,75,0,100.0,0.0,강력 숏,sideways,0.08658008658009031,-1.3419913419913443
205,2020-07-15 00:15:00,9265.0,-0.07010731812543414,upper_half,tight,0.3904481545533176,sideways,sideways,55,0,100.0,0.0,강력 숏,sideways,-0.01618996222342295,-0.8256880733944927
206,2020-07-15 10:00:00,9243.0,-0.23745277927684771,upper_half,tight,0.4942946649177498,sideways,sideways,55,0,100.0,0.0,강력 숏,sideways,-0.01622849724115527,-0.8817483501027845
207,2020-07-15 15:00:00,9239.0,-0.04327599264307702,upper_half,tight,0.3811151718217293,sideways,sideways,55,0,100.0,0.0,강력 숏,sideways,-0.05411841108344806,-0.8388353717934893
208,2020-07-15 21:45:00,9234.0,-0.05411841108344806,upper_half,tight,0.6535387665871694,uptrend,sideways,55,10,84.61538461538461,15.384615384615385,강력 숏,drop,-0.04873294346978696,-2.041368854234349
209,2020-07-16 02:00:00,9219.5,-0.15702837340264564,upper_half,tight,0.523320973112323,uptrend,sideways,55,10,84.61538461538461,15.384615384615385,강력 숏,sideways,-0.07050273876023638,-1.8873040837355637
210,2020-07-16 18:30:00,9148.0,-0.7755301263626002,upper_half,tight,0.8431500133259117,sideways,sideways,55,0,100.0,0.0,강력 숏,sideways,-0.06558810668998438,-0.6613467424573694
211,2020-07-16 23:00:00,9141.0,-0.07651945780497993,upper_half,tight,0.5326836130167625,uptrend,sideways,55,10,84.61538461538461,15.384615384615385,강력 숏,sideways,-0.03281916639317206,-0.585275134011598
212,2020-07-17 06:30:00,9125.0,-0.17503555409692506,upper_half,tight,0.38861175916170293,sideways,downtrend,75,0,100.0,0.0,강력 숏,sideways,0.6027397260274014,-0.30684931506849145
213,2020-07-17 20:00:00,9168.0,-0.13071895424836555,above_upper,tight,0.26537587863882395,sideways,sideways,65,0,100.0,0.0,강력 숏,sideways,-0.010907504363000253,-0.4635689354275718
214,2020-07-18 00:15:00,9160.0,-0.08726003490401313,upper_half,tight,0.21646793135812561,uptrend,sideways,55,10,84.61538461538461,15.384615384615385,강력 숏,sideways,0.5895196506550127,-0.37663755458515746
215,2020-07-18 05:15:00,9141.5,-0.2019650655021854,upper_half,tight,0.2896673430282807,uptrend,downtrend,75,10,88.23529411764706,11.76470588235294,강력 숏,sideways,0.7930864737734522,-0.14220860909041066
216,2020-07-18 18:15:00,9195.0,-0.20620794443239054,above_upper,tight,0.30803632187875557,sideways,sideways,65,0,100.0,0.0,강력 숏,sideways,0.0,-0.5818379554105468
217,2020-07-19 00:15:00,9176.0,-0.2066340402392619,upper_half,tight,0.2656325796716038,sideways,sideways,55,0,100.0,0.0,강력 숏,sideways,0.0,-0.7410636442894525
218,2020-07-19 08:45:00,9152.5,-0.25610287707061863,upper_half,tight,0.1483358984674077,uptrend,downtrend,75,10,88.23529411764706,11.76470588235294,강력 숏,sideways,0.21305654192842471,-0.48620595465719285
219,2020-07-20 09:15:00,9189.0,-0.38484470703019635,above_upper,tight,0.1817071850260378,uptrend,sideways,65,10,86.66666666666667,13.333333333333334,강력 숏,sideways,0.08706061595384895,-0.5985417346827782
220,2020-07-21 01:00:00,9183.0,-0.1522235511579817,above_upper,tight,0.2697368303965496,sideways,sideways,65,0,100.0,0.0,강력 숏,rise,2.7659806163563116,-0.19601437438745428
221,2020-07-21 19:00:00,9379.0,-0.614602098124406,upper_half,tight,0.5663064097147038,uptrend,sideways,55,10,84.61538461538461,15.384615384615385,강력 숏,sideways,0.010662117496540446,-1.0928670433948184
222,2020-07-22 07:30:00,9350.0,-0.31982942430703876,upper_half,tight,0.3472390832546231,sideways,sideways,55,0,100.0,0.0,강력 숏,sideways,0.2673796791443861,-0.7860962566844876
223,2020-07-23 08:30:00,9529.0,-0.08388382090803725,above_upper,tight,0.35330507392291155,uptrend,sideways,65,10,86.66666666666667,13.333333333333334,강력 숏,sideways,1.395739322069467,-0.9339909749186748
224,2020-07-23 21:45:00,9604.0,-0.6002897950734831,upper_half,tight,0.5607784619927715,sideways,sideways,55,0,100.0,0.0,강력 숏,sideways,0.0,-1.3744273219491898
225,2020-07-24 10:30:00,9555.0,-0.5102040816326481,above_upper,tight,0.8266314311851309,uptrend,downtrend,85,10,89.47368421052632,10.526315789473683,강력 숏,sideways,0.7849293563579218,-0.5756148613291434
226,2020-07-25 05:00:00,9615.5,-0.15057113187953997,above_upper,tight,0.7779326477078364,sideways,sideways,65,0,100.0,0.0,강력 숏,sideways,0.8319900161197991,-0.6291924496906076
227,2020-07-25 13:30:00,9600.0,-0.1611980656232137,above_upper,tight,0.2836778970629001,uptrend,sideways,65,10,86.66666666666667,13.333333333333334,강력 숏,sideways,1.3541666666666563,-0.3437499999999982
228,2020-07-26 16:00:00,9981.0,-1.5486289208916926,upper_half,tight,1.253338469461022,uptrend,sideways,55,10,84.61538461538461,15.384615384615385,강력 숏,rise,3.426510369702429,-1.3675984370303595
229,2020-07-28 15:00:00,11185.0,-1.8256824365838642,upper_half,normal,4.368541890028388,uptrend,sideways,50,10,83.33333333333334,16.666666666666664,강력 숏,drop,-0.11175681716584229,-3.084488153777376
230,2020-07-28 21:30:00,11049.0,-1.2159141707644205,upper_half,tight,1.6439519956036392,uptrend,downtrend,75,10,88.23529411764706,11.76470588235294,강력 숏,sideways,0.8869580957552747,-1.8915738980903263
231,2020-07-30 13:30:00,11035.0,-2.732481269281617,above_upper,tight,1.105991955305245,uptrend,sideways,65,10,86.66666666666667,13.333333333333334,강력 숏,sideways,1.2233801540552758,-0.6796556411418186
232,2020-07-31 21:30:00,11422.5,-0.18351028968409677,above_upper,tight,1.7194875895114787,uptrend,sideways,65,10,86.66666666666667,13.333333333333334,강력 숏,rise,2.8496388706500397,-1.6852702998467972
233,2020-08-01 10:00:00,11732.0,-0.13619339462036528,upper_half,tight,1.9302322830613956,sideways,sideways,55,0,100.0,0.0,강력 숏,sideways,1.1379133992499124,-1.9348789635185826
234,2020-08-02 17:45:00,11282.0,-6.864242374210594,above_upper,tight,1.9901046793171162,uptrend,sideways,65,10,86.66666666666667,13.333333333333334,강력 숏,drop,-0.11965963481652686,-3.0003545470661197
235,2020-08-03 02:45:00,11207.0,-0.6647757489806727,upper_half,tight,1.337899904410477,uptrend,downtrend,75,10,88.23529411764706,11.76470588235294,강력 숏,sideways,1.5436780583563792,-0.7093780672793759
236,2020-08-04 00:45:00,11418.0,-0.4663731857211362,upper_half,normal,2.4986502913949824,sideways,sideways,50,0,100.0,0.0,강력 숏,drop,-0.3809774040987923,-3.4988614468383306
237,2020-08-04 08:15:00,11312.0,-0.9283587318269393,upper_half,tight,0.692538874968109,uptrend,downtrend,75,10,88.23529411764706,11.76470588235294,강력 숏,drop,-0.01326025459689184,-2.5945898161244707
238,2020-08-04 18:00:00,11266.0,-0.4066478076379054,above_upper,tight,1.3709409851349093,uptrend,sideways,65,10,86.66666666666667,13.333333333333334,강력 숏,sideways,0.4881945677259081,-1.4778981004793135
239,2020-08-07 09:15:00,11847.0,-0.5832249402089484,above_upper,tight,0.7022055164315876,uptrend,sideways,65,10,86.66666666666667,13.333333333333334,강력 숏,drop,-0.17726006583945741,-4.3344306575504365
240,2020-08-08 01:30:00,11658.0,-1.5953405925550723,above_upper,tight,0.7852169046694865,sideways,sideways,65,0,100.0,0.0,강력 숏,sideways,1.3038256990907549,-1.1580030880082304
241,2020-08-09 00:45:00,11799.5,-0.08890770533446224,upper_half,tight,1.0119615870567922,sideways,uptrend,55,15,78.57142857142857,21.428571428571427,강력 숏,sideways,-0.18644857832958994,-1.5848129158015145
242,2020-08-09 03:30:00,11777.5,-0.18644857832958994,upper_half,tight,0.869669336947694,sideways,uptrend,55,15,78.57142857142857,21.428571428571427,강력 숏,sideways,-0.1995330078539581,-1.9486308639354744
243,2020-08-09 08:00:00,11720.0,-0.48821906177032304,upper_half,tight,0.9529764736173243,uptrend,downtrend,75,10,88.23529411764706,11.76470588235294,강력 숏,sideways,-0.0895904436860051,-1.604095563139929
244,2020-08-10 14:30:00,11965.0,-0.8124015584846211,upper_half,normal,3.8644711636820372,uptrend,downtrend,70,10,87.5,12.5,강력 숏,sideways,-0.1253656498119482,-1.5712494776431218
245,2020-08-11 01:45:00,11934.5,-0.254910154617638,above_upper,tight,1.2873709301206608,uptrend,sideways,65,10,86.66666666666667,13.333333333333334,강력 숏,drop,-0.004189534542708984,-3.1128241652352395
246,2020-08-11 23:45:00,11426.5,-4.256567095395702,upper_half,normal,2.4694236410658377,uptrend,downtrend,70,10,87.5,12.5,강력 숏,drop,1.01080820898789,-2.3147945565133665
247,2020-08-12 19:45:00,11596.5,-0.14638136651311529,upper_half,tight,0.9490644853029463,sideways,sideways,55,0,100.0,0.0,강력 숏,sideways,0.46134609580477104,-1.7850213426464867
248,2020-08-13 11:15:00,11617.0,-0.2832618025751077,upper_half,normal,2.966030793353879,uptrend,sideways,50,10,83.33333333333334,16.666666666666664,강력 숏,sideways,1.8765602134802384,-1.8292158044245554
249,2020-08-14 11:45:00,11782.5,-0.44359949302914536,above_upper,tight,0.8801849420167023,uptrend,sideways,65,10,86.66666666666667,13.333333333333334,강력 숏,sideways,1.6847018883938025,-1.0396774877997061
250,2020-08-15 08:00:00,11937.5,-0.3630748685418572,above_upper,tight,0.6568135141767493,sideways,sideways,65,0,100.0,0.0,강력 숏,sideways,-0.06282722513089034,-1.9895287958115238
251,2020-08-15 16:00:00,11911.0,-0.22198952879580736,above_upper,tight,1.2690617193675322,uptrend,sideways,65,10,86.66666666666667,13.333333333333334,강력 숏,sideways,0.5918898497187408,-1.3516917135421025
252,2020-08-16 04:00:00,11936.0,-0.37975211784835317,above_upper,tight,0.9760071945029573,uptrend,sideways,65,10,86.66666666666667,13.333333333333334,강력 숏,sideways,-0.07959115281501727,-1.9227546916890104
253,2020-08-16 16:00:00,11900.0,-0.3016085790884748,above_upper,tight,1.2670368381180135,uptrend,sideways,65,10,86.66666666666667,13.333333333333334,강력 숏,sideways,0.29831932773110026,-0.9243697478991564
254,2020-08-17 03:45:00,11881.0,-0.45662100456621557,upper_half,tight,0.868404515449106,uptrend,uptrend,55,25,68.75,31.25,숏 유리,rise,5.205790758353679,-0.6396767948825821
255,2020-08-17 23:00:00,12424.5,-0.6000240009600422,above_upper,tight,0.6749472573666107,uptrend,sideways,65,10,86.66666666666667,13.333333333333334,강력 숏,drop,-0.23743410197593073,-2.0403235542677756
256,2020-08-18 10:45:00,12310.0,-0.9215662602116814,above_upper,tight,0.6523663446427953,sideways,downtrend,85,0,100.0,0.0,강력 숏,drop,-0.12997562956945652,-4.134849715678312
257,2020-08-18 17:00:00,12056.5,-2.059301380991063,lower_half,normal,4.144460743575923,sideways,downtrend,60,0,100.0,0.0,강력 숏,drop,0.2778584166217346,-3.346742421100646
258,2020-08-19 13:15:00,11922.5,-1.3854425144747773,above_upper,tight,1.0679769341339274,sideways,sideways,65,0,100.0,0.0,강력 숏,drop,-0.3984063745019917,-2.990144684420215
259,2020-08-20 00:15:00,11820.0,-0.8597190186621972,above_upper,tight,1.2842391901971213,sideways,sideways,65,0,100.0,0.0,강력 숏,sideways,0.2834179357021904,-1.1802030456852797
260,2020-08-20 06:15:00,11790.0,-0.25380710659898,above_upper,tight,0.8309034422956894,sideways,sideways,65,0,100.0,0.0,강력 숏,sideways,0.8693808312128848,-0.8269720101781175
261,2020-08-20 21:15:00,11883.0,-0.07988227874711207,upper_half,tight,0.461310476330346,uptrend,sideways,55,10,84.61538461538461,15.384615384615385,강력 숏,sideways,-0.016830766641418027,-0.9004460153159921
262,2020-08-21 00:00:00,11881.0,-0.016830766641418027,upper_half,tight,0.629037984084235,uptrend,downtrend,75,10,88.23529411764706,11.76470588235294,강력 숏,sideways,-0.012625199898996797,-1.944280784445751
263,2020-08-21 03:45:00,11874.5,-0.05470919956233056,upper_half,tight,0.7142686770812695,sideways,downtrend,75,0,100.0,0.0,강력 숏,sideways,-0.02105351804286837,-1.8906059202492775
264,2020-08-21 17:00:00,11767.5,-0.9010905722346196,upper_half,tight,0.9100858126890295,sideways,downtrend,75,0,100.0,0.0,강력 숏,drop,-0.06373486297004405,-3.199490121096238
265,2020-08-22 08:15:00,11623.0,-1.227958359889525,upper_half,normal,2.0572737980924316,uptrend,uptrend,50,25,66.66666666666666,33.33333333333333,숏 유리,sideways,0.12045083025036263,-0.6022541512518242
266,2020-08-23 07:45:00,11617.0,-0.5904501112442229,upper_half,tight,0.396595111990413,sideways,sideways,55,0,100.0,0.0,강력 숏,sideways,0.9081518464319593,-0.7919428423861619
267,2020-08-24 23:30:00,11789.0,-0.3128699475731467,above_upper,tight,0.614427659888486,sideways,sideways,65,0,100.0,0.0,강력 숏,drop,-0.09754856221901864,-2.6974298074476155
268,2020-08-25 05:30:00,11696.5,-0.78462973958775,lower_half,tight,1.1692332034250237,sideways,downtrend,65,0,100.0,0.0,강력 숏,drop,-0.05129739665712396,-4.886077031590652
269,2020-08-25 11:00:00,11661.0,-0.3035095968879631,above_upper,tight,0.8507056646968497,uptrend,downtrend,85,10,89.47368421052632,10.526315789473683,강력 숏,drop,-0.008575593859871944,-4.596518308892894
270,2020-08-25 22:30:00,11389.0,-2.332561529885946,above_upper,tight,1.487718947395812,sideways,downtrend,85,0,100.0,0.0,강력 숏,sideways,0.49170251997541214,-1.115111072087105
271,2020-08-26 20:45:00,11505.0,-0.3162500541524116,upper_half,tight,0.684169063852566,uptrend,sideways,55,10,84.61538461538461,15.384615384615385,강력 숏,sideways,0.0,-1.429813124728374
272,2020-08-27 09:30:00,11453.5,-0.4476314645806223,above_upper,tight,0.5729634696706504,sideways,sideways,65,0,100.0,0.0,강력 숏,drop,1.1481206618064288,-2.7022307591565875
273,2020-08-28 12:00:00,11480.0,-0.9063444108761365,above_upper,tight,0.9400946536018476,uptrend,uptrend,65,25,72.22222222222221,27.77777777777778,강력 숏,sideways,0.5400696864111598,-0.6141114982578411
274,2020-08-29 19:30:00,11543.0,-0.27645788336932986,upper_half,tight,0.6204369264177915,uptrend,sideways,55,10,84.61538461538461,15.384615384615385,강력 숏,sideways,0.7537035432729766,-0.6887290998873752
275,2020-08-30 08:00:00,11611.0,-0.16337059329321058,upper_half,tight,0.32750629296369904,sideways,downtrend,75,0,100.0,0.0,강력 숏,sideways,0.5942640599431614,-0.43062613039359654
276,2020-09-01 22:15:00,12057.0,-0.07458975634012655,above_upper,tight,0.7979473876610289,uptrend,sideways,65,10,86.66666666666667,13.333333333333334,강력 숏,drop,-0.34834535954217927,-6.460977025794145
277,2020-09-02 19:15:00,11409.0,-5.374471261507841,upper_half,tight,1.3251609908410698,uptrend,downtrend,75,10,88.23529411764706,11.76470588235294,강력 숏,sideways,0.4908405644666436,-1.3936366026820912
278,2020-09-03 21:00:00,10791.0,-5.8787614478848615,upper_half,tight,1.6678072349657889,uptrend,sideways,55,10,84.61538461538461,15.384615384615385,강력 숏,drop,-0.36604577888981193,-8.117876007784265
279,2020-09-04 04:15:00,10327.0,-4.299879529237327,upper_half,tight,1.9741004223955398,uptrend,downtrend,75,10,88.23529411764706,11.76470588235294,강력 숏,drop,1.849520673961469,-4.299409315386848
280,2020-09-04 13:30:00,10496.0,-0.20916524054002128,upper_half,tight,1.2947611248624824,sideways,sideways,55,0,100.0,0.0,강력 숏,drop,1.224275914634143,-5.840320121951215
281,2020-09-05 06:30:00,10491.0,-1.256529719045607,above_upper,tight,1.0849323090743475,sideways,downtrend,85,0,100.0,0.0,강력 숏,drop,-0.033361929272712754,-6.262510723477266
282,2020-09-05 14:00:00,10342.5,-1.4154989991421174,upper_half,normal,4.215132690588228,uptrend,downtrend,70,10,87.5,12.5,강력 숏,drop,-0.024172105390374288,-4.916606236403187
283,2020-09-06 00:15:00,10240.0,-0.9910563210055567,above_upper,normal,2.640563332414571,uptrend,sideways,60,10,85.71428571428571,14.285714285714285,강력 숏,drop,0.5712890624999911,-2.2900390625000044
284,2020-09-06 04:00:00,10217.0,-0.22460937499999556,upper_half,tight,1.4244143439930446,uptrend,uptrend,55,25,68.75,31.25,숏 유리,drop,0.7976901243026413,-2.0700792796319867
285,2020-09-07 00:45:00,10307.5,-0.39619268493018556,upper_half,tight,1.4921498446377068,sideways,sideways,55,0,100.0,0.0,강력 숏,drop,-0.25224351200582307,-4.1377637642493355
286,2020-09-07 08:15:00,10183.0,-1.207858355566338,upper_half,tight,1.7374031343938552,uptrend,downtrend,75,10,88.23529411764706,11.76470588235294,강력 숏,drop,0.5302955906903772,-2.9657271923794526
287,2020-09-07 19:15:00,10222.0,-0.14652730292077365,upper_half,normal,2.245533055655401,sideways,sideways,50,0,100.0,0.0,강력 숏,rise,2.1375464684014966,-1.281549598904319
288,2020-09-08 08:00:00,10340.0,-0.9625975767444062,above_upper,tight,0.9096360528336672,sideways,sideways,65,0,100.0,0.0,강력 숏,drop,-0.4787234042553212,-4.008704061895552
289,2020-09-08 18:00:00,10167.5,-1.6682785299806602,upper_half,normal,2.3804078235343766,sideways,sideways,50,0,100.0,0.0,강력 숏,drop,0.5163511187607606,-3.2407179739365577
290,2020-09-09 15:15:00,10274.0,-0.04378070730164385,upper_half,tight,1.0912099821498744,sideways,sideways,55,0,100.0,0.0,강력 숏,sideways,1.2263967296087142,-0.9343975082733103
291,2020-09-11 00:15:00,10371.5,-1.0872156787945286,above_upper,tight,0.877556659588918,sideways,sideways,65,0,100.0,0.0,강력 숏,sideways,-0.10123897218338174,-1.5716145205611487
292,2020-09-11 09:00:00,10335.0,-0.3519259509232042,above_upper,tight,0.8662265266281545,uptrend,sideways,65,10,86.66666666666667,13.333333333333334,강력 숏,sideways,0.04837929366230398,-0.7789066279632273
293,2020-09-12 05:00:00,10370.5,-0.2164918695275686,upper_half,tight,0.37062361509271025,uptrend,downtrend,75,10,88.23529411764706,11.76470588235294,강력 숏,sideways,-0.009642736608650448,-0.9112386095173841
294,2020-09-12 10:15:00,10353.0,-0.1687478906513662,upper_half,tight,0.40602387175936666,uptrend,downtrend,75,10,88.23529411764706,11.76470588235294,강력 숏,sideways,1.2363566116101676,-0.7437457741717335
295,2020-09-13 08:00:00,10553.5,-0.1797115157247564,upper_half,tight,0.8837512773978012,uptrend,sideways,55,10,84.61538461538461,15.384615384615385,강력 숏,drop,-0.0379021177808303,-3.1600890699767903
296,2020-09-14 02:00:00,10370.0,-1.7387596531956206,above_upper,tight,0.6563550916293812,sideways,uptrend,65,15,81.25,18.75,강력 숏,rise,2.9604628736740635,-0.5351976856316276
297,2020-09-14 22:00:00,10730.0,-0.09310986964617962,above_upper,tight,0.5980231125088331,sideways,sideways,65,0,100.0,0.0,강력 숏,sideways,1.276794035414719,-1.1183597390493905
298,2020-09-15 21:30:00,10872.5,-0.43042263839919714,above_upper,tight,1.3047101254784599,uptrend,sideways,65,10,86.66666666666667,13.333333333333334,강력 숏,sideways,0.6484249252701746,-1.9084847091285329
299,2020-09-17 00:45:00,11035.0,-0.500428294486277,upper_half,tight,0.9097962874685476,sideways,downtrend,75,0,100.0,0.0,강력 숏,drop,-0.07702763932940782,-2.6461259628454914
300,2020-09-17 05:45:00,10923.0,-1.01495242410512,upper_half,tight,1.5320668138949265,sideways,downtrend,75,0,100.0,0.0,강력 숏,sideways,-0.04577497024627064,-1.6478989288656987
301,2020-09-18 00:15:00,10949.0,-0.12314709236032062,upper_half,tight,0.5266335449583683,sideways,sideways,55,0,100.0,0.0,강력 숏,sideways,0.7534934697232654,-0.675860809206319
302,2020-09-19 03:00:00,10965.0,-0.6028191995648857,upper_half,tight,0.7469567883913658,sideways,uptrend,55,15,78.57142857142857,21.428571428571427,강력 숏,sideways,1.8513451892384847,-0.7387140902872735
303,2020-09-19 16:15:00,11100.5,-0.6044054441260771,upper_half,tight,0.78037378007404,sideways,sideways,55,0,100.0,0.0,강력 숏,sideways,-0.18467636592945924,-1.80622494482231
304,2020-09-19 20:45:00,11074.5,-0.23422368361785129,upper_half,tight,0.5737022003366801,sideways,downtrend,75,0,100.0,0.0,강력 숏,sideways,0.0045148765181357575,-1.575691904826404
305,2020-09-20 07:30:00,10984.0,-0.8216704288939058,above_upper,tight,0.562415318442958,sideways,downtrend,85,0,100.0,0.0,강력 숏,drop,-0.0728332119446451,-2.0757465404224296
306,2020-09-20 10:30:00,10976.0,-0.0728332119446451,upper_half,tight,0.4846483914478108,sideways,downtrend,75,0,100.0,0.0,강력 숏,drop,0.0,-2.0043731778425666
307,2020-09-20 18:00:00,10888.0,-0.8017492711370311,upper_half,tight,0.8520240119772818,uptrend,downtrend,75,10,88.23529411764706,11.76470588235294,강력 숏,sideways,0.8174136664217402,-0.6245407788390889
308,2020-09-21 20:15:00,10530.0,-4.072150860890956,above_upper,tight,1.5234185060291565,uptrend,sideways,65,10,86.66666666666667,13.333333333333334,강력 숏,sideways,-0.023741690408352056,-1.6049382716049387
309,2020-09-22 06:00:00,10495.0,-0.3323836657169954,above_upper,tight,0.621089787680249,sideways,sideways,65,0,100.0,0.0,강력 숏,sideways,0.20485945688422103,-1.24344926155312
310,2020-09-23 13:30:00,10523.5,-0.45875898600075127,above_upper,tight,0.7381801189426297,uptrend,uptrend,65,25,72.22222222222221,27.77777777777778,강력 숏,drop,-0.08077160640471703,-3.644224830142062
311,2020-09-24 02:30:00,10336.0,-1.7817266118686725,above_upper,tight,1.0438747713060306,uptrend,sideways,65,10,86.66666666666667,13.333333333333334,강력 숏,sideways,1.2480650154798711,-0.6385448916408687
312,2020-09-25 07:15:00,10695.5,-0.8528389339513276,upper_half,tight,0.7831615794247123,uptrend,downtrend,75,10,88.23529411764706,11.76470588235294,강력 숏,sideways,0.40203824038147484,-1.2668879435276503
313,2020-09-25 12:00:00,10680.5,-0.14024589780748942,upper_half,tight,1.3863046303040973,uptrend,downtrend,75,10,88.23529411764706,11.76470588235294,강력 숏,sideways,0.6507185993165132,-1.1094986189785105
314,2020-09-26 10:45:00,10726.5,-0.9556786703601161,upper_half,tight,0.9670843343646781,sideways,sideways,55,0,100.0,0.0,강력 숏,sideways,0.4335058033841488,-0.5593623269472769
315,2020-09-26 21:45:00,10750.0,-0.21349670472478044,above_upper,tight,0.33874629755425184,sideways,sideways,65,0,100.0,0.0,강력 숏,sideways,0.42325581395348255,-1.293023255813952
316,2020-09-27 05:30:00,10785.0,-0.09726274836737714,upper_half,tight,0.2786083622658725,uptrend,sideways,55,10,84.61538461538461,15.384615384615385,강력 숏,sideways,0.0,-1.715345387111733
317,2020-09-27 10:30:00,10674.5,-1.0245711636532207,upper_half,tight,1.5243396456946194,sideways,downtrend,75,0,100.0,0.0,강력 숏,sideways,0.8899714272331272,-0.6979249613564997
318,2020-09-28 05:30:00,10911.0,-0.3698123544719878,upper_half,tight,0.4733025024524074,sideways,sideways,55,0,100.0,0.0,강력 숏,sideways,0.21996150673631032,-0.7332050224544084
319,2020-09-28 17:30:00,10910.5,-0.22405121170553377,upper_half,tight,0.5849125164507477,sideways,sideways,55,0,100.0,0.0,강력 숏,drop,-0.21997158700334252,-2.525090509142569
320,2020-09-28 21:45:00,10883.5,-0.24746803537876172,upper_half,tight,0.4112643598535848,uptrend,downtrend,75,10,88.23529411764706,11.76470588235294,강력 숏,drop,0.0,-2.283272844213713
321,2020-09-29 11:00:00,10787.0,-0.8866632976524125,above_upper,tight,0.7340621987204806,uptrend,uptrend,65,25,72.22222222222221,27.77777777777778,강력 숏,sideways,0.6303884305182139,-1.3812922962825658
322,2020-09-29 14:15:00,10784.5,-0.02317604523963679,upper_half,tight,0.7045213309980356,sideways,sideways,55,0,100.0,0.0,강력 숏,sideways,0.6537159812694204,-1.3584310816449507
323,2020-09-30 17:00:00,10788.0,-0.6172270842929484,above_upper,tight,0.6566354497656035,sideways,uptrend,65,15,81.25,18.75,강력 숏,sideways,0.4959213941416296,-0.9872080088987767
324,2020-10-01 12:00:00,10887.0,-0.20624226591502426,upper_half,tight,0.779076075829874,sideways,sideways,55,0,100.0,0.0,강력 숏,drop,-0.11481583540001727,-3.880775236520617
325,2020-10-01 19:00:00,10630.0,-2.3606135758243774,lower_half,wide,5.51768012334888,uptrend,downtrend,60,10,85.71428571428571,14.285714285714285,강력 숏,drop,0.1693320790216335,-2.234242709313261
326,2020-10-01 22:30:00,10627.5,-0.02351834430855959,upper_half,tight,1.3309707264166486,uptrend,downtrend,75,10,88.23529411764706,11.76470588235294,강력 숏,drop,0.19289578922605521,-2.215949188426247
327,2020-10-02 13:45:00,10595.0,-0.49774605559729235,above_upper,tight,0.9837197250096097,uptrend,sideways,65,10,86.66666666666667,13.333333333333334,강력 숏,sideways,-0.12269938650306678,-1.1514865502595617
328,2020-10-02 22:30:00,10582.0,-0.12269938650306678,above_upper,tight,0.7723329680844856,uptrend,sideways,65,10,86.66666666666667,13.333333333333334,강력 숏,sideways,-0.08977508977509041,-0.756000756000752
329,2020-10-03 05:00:00,10555.5,-0.25042525042524577,upper_half,tight,0.2651413649976073,sideways,downtrend,75,0,100.0,0.0,강력 숏,sideways,0.4310549002889408,-0.506844772867221
330,2020-10-03 08:15:00,10554.0,-0.014210601108421983,upper_half,tight,0.5546709373748985,sideways,sideways,55,0,100.0,0.0,강력 숏,sideways,0.4453287852946852,-0.3932158423346599
331,2020-10-03 19:30:00,10583.5,-0.1650787661541364,upper_half,tight,0.5924357772494064,sideways,sideways,55,0,100.0,0.0,강력 숏,sideways,0.4157414843860785,-0.5905418812302221
332,2020-10-04 13:15:00,10610.0,-0.16466713714420322,above_upper,tight,0.3142329051180648,sideways,downtrend,85,0,100.0,0.0,강력 숏,sideways,1.1215834118755819,-0.249764373232797
333,2020-10-05 08:00:00,10679.5,-0.4613663901575138,upper_half,tight,0.6140432981582,uptrend,sideways,55,10,84.61538461538461,15.384615384615385,강력 숏,sideways,0.7163256706774757,-0.2762301605880424
334,2020-10-06 02:45:00,10781.5,-0.004637358560566351,above_upper,tight,0.4576719602444049,sideways,sideways,65,0,100.0,0.0,강력 숏,sideways,-0.1066641932940704,-1.4051848073088125
335,2020-10-06 15:45:00,10749.0,-0.3014422853962806,above_upper,tight,0.7419415811524298,sideways,sideways,65,0,100.0,0.0,강력 숏,drop,-0.12094148292864926,-2.0280956368034286
336,2020-10-06 23:45:00,10617.5,-1.2233696157782137,above_upper,tight,0.5209851395133877,uptrend,downtrend,85,10,89.47368421052632,10.526315789473683,강력 숏,sideways,0.056510477984450525,-0.5980692253355291
337,2020-10-08 00:00:00,10659.0,-0.08436445444319762,upper_half,tight,0.2111099998401764,sideways,sideways,55,0,100.0,0.0,강력 숏,sideways,-0.07505394502298479,-1.1914813772398891
338,2020-10-08 03:15:00,10641.0,-0.16887137630171578,upper_half,tight,0.41837536174477563,sideways,sideways,55,0,100.0,0.0,강력 숏,rise,2.8568743539141073,-1.0243398176863039
339,2020-10-09 00:00:00,10924.5,-0.1873001370488847,above_upper,tight,0.46514453010000134,uptrend,sideways,65,10,86.66666666666667,13.333333333333334,강력 숏,sideways,1.5332509497002045,-0.9016430957938582
340,2020-10-09 16:00:00,11085.0,-0.06310854670033006,above_upper,tight,0.31483460659661755,uptrend,downtrend,85,10,89.47368421052632,10.526315789473683,강력 숏,rise,3.653585926928282,-0.6811005863779918
341,2020-10-09 23:00:00,11080.5,-0.04059539918809252,above_upper,tight,0.45433128161485464,uptrend,downtrend,85,10,89.47368421052632,10.526315789473683,강력 숏,rise,3.695681602815748,-0.2797707684671247
342,2020-10-10 08:45:00,11395.0,-0.8268059181897325,upper_half,tight,0.49433276557986117,sideways,downtrend,75,0,100.0,0.0,강력 숏,sideways,0.1667397981570895,-1.290039491004824
343,2020-10-10 21:45:00,11374.0,-0.35044681969511604,upper_half,tight,0.2977947500400285,sideways,sideways,55,0,100.0,0.0,강력 숏,sideways,0.27255143309301566,-0.8791981712678032
344,2020-10-11 06:15:00,11369.0,-0.31565103024988606,upper_half,tight,0.6060447391384582,sideways,sideways,55,0,100.0,0.0,강력 숏,sideways,0.6860761720467901,-0.277069223326587
345,2020-10-12 02:45:00,11410.0,-0.3232287935703626,upper_half,tight,0.7124880813631299,uptrend,sideways,55,10,84.61538461538461,15.384615384615385,강력 숏,sideways,1.6783523225241126,-1.8404907975460127
346,2020-10-13 05:45:00,11526.0,-1.730752834853777,above_upper,tight,0.5616733314017169,sideways,downtrend,85,0,100.0,0.0,강력 숏,sideways,0.2949852507374562,-1.761235467638378
347,2020-10-13 21:15:00,11462.0,-0.8477508650518994,above_upper,tight,0.8057548050061483,sideways,sideways,65,0,100.0,0.0,강력 숏,sideways,0.2181120223346822,-0.7764787995114264
348,2020-10-14 08:00:00,11443.0,-0.38304169931226983,above_upper,tight,0.5486814090917731,uptrend,sideways,65,10,86.66666666666667,13.333333333333334,강력 숏,sideways,0.9306999912610303,-1.2933671240059397
349,2020-10-14 23:45:00,11428.0,-1.0519935927962298,above_upper,tight,0.6587457587424335,uptrend,sideways,65,10,86.66666666666667,13.333333333333334,강력 숏,sideways,-0.06562828141406518,-1.4700735036751844
350,2020-10-15 06:30:00,11419.0,-0.07875393769688488,above_upper,tight,0.4238980689017422,uptrend,downtrend,85,10,89.47368421052632,10.526315789473683,강력 숏,sideways,1.0070934407566234,-1.392416148524389
351,2020-10-16 01:15:00,11533.5,-0.6760248019290427,above_upper,tight,0.570402371240591,uptrend,sideways,65,10,86.66666666666667,13.333333333333334,강력 숏,drop,-0.004335197468241514,-2.8612303290414864
352,2020-10-16 11:45:00,11407.0,-1.0968049594659024,above_upper,tight,1.1002212884103908,uptrend,downtrend,85,10,89.47368421052632,10.526315789473683,강력 숏,sideways,-0.1358814762864924,-1.1484176382922762
353,2020-10-16 19:00:00,11366.5,-0.35504514771631523,upper_half,tight,0.5796697157551319,uptrend,downtrend,75,10,88.23529411764706,11.76470588235294,강력 숏,sideways,0.08357893810759798,-0.7961993577618398
354,2020-10-16 22:30:00,11347.0,-0.1715567676945362,upper_half,tight,0.8167381353438873,uptrend,downtrend,75,10,88.23529411764706,11.76470588235294,강력 숏,sideways,0.2555741605710704,-0.6257160482947
355,2020-10-17 11:30:00,11353.0,-0.20218002812939506,upper_half,tight,0.34239673540553783,uptrend,sideways,55,10,84.61538461538461,15.384615384615385,강력 숏,sideways,0.5108781819783248,-0.8147626178102718
356,2020-10-17 21:15:00,11362.0,-0.42941021821050196,above_upper,tight,0.37563823391025786,uptrend,sideways,65,10,86.66666666666667,13.333333333333334,강력 숏,sideways,0.9505368773103262,-0.17162471395880674
357,2020-10-18 18:15:00,11463.5,-0.16981625010885626,above_upper,tight,0.40661159626000537,uptrend,sideways,65,10,86.66666666666667,13.333333333333334,강력 숏,sideways,0.4972303397740685,-0.4972303397740685
358,2020-10-19 22:30:00,11758.5,-0.4824171638948882,upper_half,tight,0.8988824289071334,uptrend,downtrend,75,10,88.23529411764706,11.76470588235294,강력 숏,sideways,1.3649700216864291,-0.6761066462559029
359,2020-10-22 11:00:00,13030.0,-1.5823860417689461,above_upper,normal,2.216231700546544,uptrend,sideways,60,10,85.71428571428571,14.285714285714285,강력 숏,sideways,1.2701458173445923,-1.6193399846508028
360,2020-10-23 03:00:00,13002.0,-1.4664090030692245,upper_half,normal,2.330506367119422,uptrend,sideways,50,10,83.33333333333334,16.666666666666664,강력 숏,sideways,0.23073373327180402,-0.9575449930779856
361,2020-10-23 06:00:00,12996.0,-0.046146746654363024,upper_half,tight,0.8403119669094667,uptrend,downtrend,75,10,88.23529411764706,11.76470588235294,강력 숏,sideways,0.27700831024930483,-1.9467528470298534
362,2020-10-24 03:00:00,13008.0,-0.18416206261510082,above_upper,tight,0.8713447696640166,uptrend,uptrend,65,25,72.22222222222221,27.77777777777778,강력 숏,sideways,1.1838868388683865,-0.6880381303813077
363,2020-10-25 13:15:00,13018.0,-2.559880239520962,upper_half,tight,0.7996265761198629,uptrend,downtrend,75,10,88.23529411764706,11.76470588235294,강력 숏,sideways,0.5876478721769773,-0.6606237517283731
364,2020-10-27 00:30:00,13120.5,-0.9250169901079852,above_upper,tight,0.9601572315721418,uptrend,uptrend,65,25,72.22222222222221,27.77777777777778,강력 숏,rise,2.8581227849548307,-0.5144621012918682
365,2020-10-29 00:15:00,13290.0,-4.0987155433684475,upper_half,tight,1.5593913572155125,uptrend,uptrend,55,25,68.75,31.25,숏 유리,drop,0.18811136192626865,-2.3702031602708784
366,2020-10-30 11:45:00,13362.0,-2.1206460828480433,above_upper,tight,1.6082398239935243,uptrend,downtrend,85,10,89.47368421052632,10.526315789473683,강력 숏,rise,2.1927855111510297,-1.0664571171980275
367,2020-11-01 00:00:00,13875.0,-1.7351274787535398,above_upper,tight,0.8757873843299202,sideways,uptrend,65,15,81.25,18.75,강력 숏,sideways,-0.18738738738738325,-1.9027027027027077
368,2020-11-01 08:00:00,13793.5,-0.5873873873873836,above_upper,tight,1.0839173508860125,uptrend,sideways,65,10,86.66666666666667,13.333333333333334,강력 숏,sideways,0.3479899952876453,-1.0512197774314003
369,2020-11-02 00:30:00,13818.5,-0.18780020946946863,upper_half,tight,1.2151758332599856,sideways,sideways,55,0,100.0,0.0,강력 숏,drop,-0.018091688678223417,-4.425227050692914
370,2020-11-02 06:30:00,13741.0,-0.5608423490248593,above_upper,tight,0.7033635106620887,sideways,downtrend,85,0,100.0,0.0,강력 숏,drop,-0.00727749072120254,-3.8861800451204465
371,2020-11-02 16:15:00,13539.0,-1.470053125682269,upper_half,normal,2.1080641408675374,uptrend,sideways,50,10,83.33333333333334,16.666666666666664,강력 숏,sideways,1.1263756555137006,-1.7209542802274935
372,2020-11-03 02:00:00,13625.5,-0.4820509074973556,upper_half,tight,1.289622063684173,uptrend,sideways,55,10,84.61538461538461,15.384615384615385,강력 숏,drop,1.1045466221422995,-2.5320171736817
373,2020-11-03 09:45:00,13585.5,-0.29356720854281093,above_upper,tight,1.7402975355991188,uptrend,sideways,65,10,86.66666666666667,13.333333333333334,강력 숏,sideways,1.821795296455786,-0.909057450958739
374,2020-11-03 18:15:00,13756.0,-0.1524279596428868,upper_half,tight,0.7451338903040268,uptrend,sideways,55,10,84.61538461538461,15.384615384615385,강력 숏,rise,2.1990404187263835,-0.7705728409421297
375,2020-11-04 03:45:00,13944.5,-0.810897321904902,upper_half,normal,2.6486755519441147,uptrend,sideways,50,10,83.33333333333334,16.666666666666664,강력 숏,drop,0.5521890351034564,-2.96532683136721
376,2020-11-04 22:30:00,14234.0,-0.10527054530142799,above_upper,tight,1.377667484681743,sideways,sideways,65,0,100.0,0.0,강력 숏,rise,3.098215540255733,-1.2083743150203774
377,2020-11-06 07:15:00,15781.0,-1.2205808713069644,upper_half,normal,2.2774164164918136,uptrend,sideways,50,10,83.33333333333334,16.666666666666664,강력 숏,drop,-0.009505101070905742,-2.927571129839679
378,2020-11-06 13:45:00,15720.0,-0.3865407768835927,above_upper,normal,2.3688155257896026,sideways,downtrend,80,0,100.0,0.0,강력 숏,drop,0.23854961832061594,-3.2983460559796396
379,2020-11-06 17:00:00,15566.5,-0.9764631043256977,upper_half,tight,1.94000477133205,uptrend,downtrend,75,10,88.23529411764706,11.76470588235294,강력 숏,drop,1.2269938650306678,-2.344778852021967
380,2020-11-07 11:00:00,15582.0,-1.113755354593049,above_upper,tight,0.7732471492062404,uptrend,downtrend,85,10,89.47368421052632,10.526315789473683,강력 숏,drop,-0.09305609036067697,-7.84559106661532
381,2020-11-08 02:00:00,15120.5,-2.961750738031066,above_upper,normal,2.467959074312757,uptrend,sideways,60,10,85.71428571428571,14.285714285714285,강력 숏,sideways,1.5178069508283487,-1.3954564994543839
382,2020-11-08 05:45:00,15077.0,-0.2876888991766191,upper_half,tight,1.4516435652652138,sideways,sideways,55,0,100.0,0.0,강력 숏,rise,3.800490813822388,-1.110963719572855
383,2020-11-09 01:00:00,15594.0,-0.35782747603834153,upper_half,normal,2.429640858907333,uptrend,sideways,50,10,83.33333333333334,16.666666666666664,강력 숏,drop,1.628831601898173,-2.8151853276901395
384,2020-11-09 05:30:00,15487.0,-0.686161344106706,upper_half,tight,1.533788815520543,sideways,sideways,55,0,100.0,0.0,강력 숏,drop,2.3309872796539066,-4.274552850778068
385,2020-11-09 20:30:00,15477.5,-2.3378344270570395,upper_half,normal,4.481508888983412,uptrend,sideways,50,10,83.33333333333334,16.666666666666664,강력 숏,sideways,-0.009691487643348484,-1.8026167016637062
386,2020-11-10 02:00:00,15428.0,-0.3198190922306554,upper_half,tight,1.425938342378791,uptrend,sideways,55,10,84.61538461538461,15.384615384615385,강력 숏,sideways,0.31112263417163444,-1.7759917033964179
387,2020-11-11 22:15:00,15878.5,-0.6911001313402942,upper_half,normal,2.0288033505192966,sideways,sideways,50,0,100.0,0.0,강력 숏,drop,1.8106244292596996,-2.676575243253454
388,2020-11-13 09:45:00,16355.5,-0.6620304291050427,above_upper,tight,1.0045314838170836,sideways,downtrend,85,0,100.0,0.0,강력 숏,drop,-0.036684907217754414,-2.4120326495674194
389,2020-11-13 23:00:00,16348.0,-0.04585613402219302,upper_half,tight,1.0085872010436838,uptrend,sideways,55,10,84.61538461538461,15.384615384615385,강력 숏,drop,0.0,-3.67323219965745
390,2020-11-14 06:15:00,16197.0,-0.9236603865916293,upper_half,tight,0.9239802685637394,sideways,downtrend,75,0,100.0,0.0,강력 숏,drop,-0.08952275112674712,-2.9974686670371065
391,2020-11-14 14:30:00,16038.0,-0.9816632709761075,above_upper,tight,1.4160631196471005,uptrend,downtrend,85,10,89.47368421052632,10.526315789473683,강력 숏,drop,0.5424616535727678,-2.035789998752957
392,2020-11-15 14:15:00,16094.0,-0.34366389052292723,above_upper,tight,0.854117854228877,uptrend,sideways,65,10,86.66666666666667,13.333333333333334,강력 숏,drop,-0.16776438424257467,-2.0193861066235885
393,2020-11-17 00:45:00,16820.0,-0.3082029397818875,upper_half,tight,1.16798900212536,uptrend,sideways,55,10,84.61538461538461,15.384615384615385,강력 숏,sideways,1.6052318668252186,-1.513079667063022
394,2020-11-17 08:00:00,16787.5,-0.1932223543400724,above_upper,tight,1.1388323544244385,uptrend,sideways,65,10,86.66666666666667,13.333333333333334,강력 숏,rise,6.58525688756515,-0.884586746090843
395,2020-11-18 00:15:00,17832.0,-0.34091544179287725,above_upper,tight,1.624712478150886,uptrend,sideways,65,10,86.66666666666667,13.333333333333334,강력 숏,drop,3.771310004486317,-3.280619111709282
396,2020-11-18 08:30:00,18266.5,-1.2861736334405127,upper_half,wide,5.6164822530281535,uptrend,sideways,50,10,83.33333333333334,16.666666666666664,강력 숏,drop,-0.041058768784385524,-5.233624394383163
397,2020-11-18 22:45:00,17857.0,-2.2418087756275185,upper_half,normal,2.2967234614011693,uptrend,downtrend,70,10,87.5,12.5,강력 숏,drop,1.2236097888783215,-2.8112224897799187
398,2020-11-19 21:15:00,18127.0,-0.373729046441329,above_upper,tight,0.8507352181266583,uptrend,downtrend,85,10,89.47368421052632,10.526315789473683,강력 숏,drop,1.7211893859987892,-2.2645777017708424
399,2020-11-21 08:45:00,18806.0,-0.9245844638200329,upper_half,tight,1.3696634086693065,uptrend,sideways,55,10,84.61538461538461,15.384615384615385,강력 숏,drop,0.7657130702967141,-2.5337658194193313
400,2020-11-22 00:15:00,18775.0,-0.923482849604218,above_upper,tight,0.9251875061039179,uptrend,sideways,65,10,86.66666666666667,13.333333333333334,강력 숏,drop,-0.2396804260985319,-5.901464713715043
401,2020-11-22 20:15:00,18710.0,-0.34620505992010164,upper_half,normal,2.2315981843504464,sideways,uptrend,50,15,76.92307692307693,23.076923076923077,강력 숏,drop,-0.0427578834847675,-3.5542490646713
402,2020-11-23 14:00:00,18714.0,-0.4786215698787455,upper_half,tight,1.7214278279827966,uptrend,sideways,55,10,84.61538461538461,15.384615384615385,강력 숏,drop,-0.23511809340600598,-2.888212033771509
403,2020-11-23 20:00:00,18494.0,-1.17559046703003,upper_half,tight,1.3336227654198884,uptrend,sideways,55,10,84.61538461538461,15.384615384615385,강력 숏,drop,0.665080566670273,-2.4007786309073187
404,2020-11-25 00:00:00,19224.0,-0.9097703667431234,upper_half,tight,1.7533605382144557,uptrend,downtrend,75,10,88.23529411764706,11.76470588235294,강력 숏,drop,0.77247191011236,-2.9858510195588828
405,2020-11-25 19:15:00,19124.0,-2.0838666734934175,upper_half,normal,2.331027058310246,uptrend,sideways,50,10,83.33333333333334,16.666666666666664,강력 숏,drop,-0.11503869483371343,-10.40054381928467
406,2020-11-26 11:15:00,17417.0,-8.925956912779753,upper_half,wide,8.860763498531126,uptrend,downtrend,70,10,87.5,12.5,강력 숏,drop,-0.09760578744903992,-6.975943044152267
407,2020-11-26 21:15:00,17283.0,-0.769363265774814,above_upper,wide,6.140271380403524,uptrend,sideways,60,10,85.71428571428571,14.285714285714285,강력 숏,drop,0.9951975930104773,-3.859283689174331
408,2020-11-27 05:45:00,17337.5,-0.6731595531366374,upper_half,normal,2.250524856139782,sideways,sideways,50,0,100.0,0.0,강력 숏,drop,-0.1989906272530595,-5.107426099495315
409,2020-11-27 13:00:00,17068.0,-1.554434030281182,upper_half,normal,2.8836762426815867,uptrend,downtrend,70,10,87.5,12.5,강력 숏,drop,0.7118584485586998,-3.6090930396062815
410,2020-11-28 07:15:00,17056.5,-0.7737281479973213,upper_half,tight,0.9974105213887393,uptrend,sideways,55,10,84.61538461538461,15.384615384615385,강력 숏,rise,4.710814059156343,-1.111013396652305
411,2020-11-29 14:00:00,18178.5,-0.24419689403500922,upper_half,tight,1.4526714461647485,sideways,sideways,55,0,100.0,0.0,강력 숏,sideways,1.947355392359107,-1.413758010836974
412,2020-11-30 23:45:00,19770.0,-0.8052984119816364,above_upper,normal,2.749620427436979,sideways,sideways,60,0,100.0,0.0,강력 숏,drop,0.9003540718260039,-6.800708143652001
413,2020-12-01 15:00:00,19470.5,-2.393723681572091,upper_half,wide,9.90312822811114,uptrend,sideways,50,10,83.33333333333334,16.666666666666664,강력 숏,drop,-0.3261344084640849,-5.372229783518656
414,2020-12-01 21:30:00,19218.0,-1.2968336714516804,above_upper,normal,2.3026009370382763,uptrend,downtrend,80,10,88.88888888888889,11.11111111111111,강력 숏,drop,0.6556353418669891,-4.610261213445732
415,2020-12-02 01:45:00,18962.5,-1.3294827765636397,upper_half,normal,3.28411827742857,sideways,downtrend,70,0,100.0,0.0,강력 숏,drop,2.011865524060652,-3.3249835201054734
416,2020-12-02 13:30:00,19256.5,-0.45233664185276856,upper_half,normal,2.3779435677146594,sideways,sideways,50,0,100.0,0.0,강력 숏,drop,0.2207046971152593,-2.666632046322026
417,2020-12-03 03:45:00,19179.0,-0.6217938753303232,upper_half,tight,1.6453514733745376,sideways,uptrend,55,15,78.57142857142857,21.428571428571427,강력 숏,rise,2.299389957766307,-1.5798529641795733
418,2020-12-03 11:15:00,19465.0,-0.04364906154518122,upper_half,normal,3.328453694242524,sideways,sideways,50,0,100.0,0.0,강력 숏,sideways,0.7963010531723658,-1.3203185204212708
419,2020-12-03 23:00:00,19542.5,-0.3950050968399621,above_upper,tight,1.0076757383817045,uptrend,sideways,65,10,86.66666666666667,13.333333333333334,강력 숏,drop,-0.07931431495458163,-3.891518485352441
420,2020-12-04 08:30:00,19446.5,-0.49123704746065755,above_upper,tight,1.2903007165513931,sideways,sideways,65,0,100.0,0.0,강력 숏,drop,-0.05913660555884048,-3.8695909289589436
421,2020-12-04 14:15:00,19139.0,-1.581261409508139,upper_half,normal,3.0509703115939915,sideways,sideways,50,0,100.0,0.0,강력 숏,drop,-0.015674800146303625,-3.276033230576314
422,2020-12-04 18:45:00,19073.5,-0.3422331365275144,upper_half,tight,1.2243264157842397,uptrend,downtrend,75,10,88.23529411764706,11.76470588235294,강력 숏,drop,-0.07602170550764509,-2.943875009830388
423,2020-12-05 19:00:00,19174.5,-0.04431006620445599,above_upper,tight,0.7243504960443945,uptrend,sideways,65,10,86.66666666666667,13.333333333333334,강력 숏,sideways,0.8735560249289342,-0.9804688518605387
424,2020-12-06 07:15:00,19259.5,-0.42653293351255783,upper_half,tight,0.6528369296035306,uptrend,sideways,55,10,84.61538461538461,15.384615384615385,강력 숏,drop,-0.012980606973178599,-2.04314753757886
425,2020-12-06 16:00:00,19204.0,-0.28816947480464483,above_upper,tight,1.4323396469797214,uptrend,sideways,65,10,86.66666666666667,13.333333333333334,강력 숏,sideways,1.1820454072068332,-0.973755467610915
426,2020-12-07 07:45:00,19399.0,-0.16468529669085852,above_upper,tight,0.8383535701316469,uptrend,sideways,65,10,86.66666666666667,13.333333333333334,강력 숏,drop,-0.10309809784009305,-2.4640445383782628
427,2020-12-07 15:15:00,19262.0,-0.7062219702046457,upper_half,tight,0.761762679054025,sideways,downtrend,75,0,100.0,0.0,강력 숏,sideways,-0.05970304225937362,-1.7703249922126463
428,2020-12-08 01:00:00,19235.0,-0.14017236008722067,upper_half,tight,1.4040020926247645,uptrend,sideways,55,10,84.61538461538461,15.384615384615385,강력 숏,drop,0.36911879386534174,-3.171302313491031
429,2020-12-08 14:00:00,18967.0,-1.7559307987154216,upper_half,tight,1.6239917902695233,uptrend,downtrend,75,10,88.23529411764706,11.76470588235294,강력 숏,drop,-0.12917171930194593,-4.9928823746507085
430,2020-12-08 17:45:00,18931.0,-0.18980334264775411,upper_half,tight,0.9011059466195773,uptrend,downtrend,75,10,88.23529411764706,11.76470588235294,강력 숏,drop,-0.023770535101153012,-4.812212772700864
431,2020-12-09 14:00:00,18504.0,-2.2555596640431053,above_upper,normal,2.9881920506854365,uptrend,uptrend,60,25,70.58823529411765,29.411764705882355,강력 숏,sideways,0.6917423259835687,-1.850951145698232
432,2020-12-10 04:30:00,18482.0,-0.8050665521683098,upper_half,tight,0.7648308355240098,sideways,downtrend,75,0,100.0,0.0,강력 숏,drop,-0.03516935396602472,-3.0570284601233677
433,2020-12-10 09:30:00,18468.0,-0.0757493777729712,upper_half,tight,1.0909999247113042,uptrend,downtrend,75,10,88.23529411764706,11.76470588235294,강력 숏,drop,-0.23012778860732608,-2.9835390946502005
434,2020-12-10 20:15:00,18425.5,-0.23012778860732608,above_upper,normal,2.1078781094880363,uptrend,uptrend,60,25,70.58823529411765,29.411764705882355,강력 숏,drop,-0.0678407641583667,-3.9564733657159956
435,2020-12-11 04:15:00,18034.0,-2.1247727334400723,upper_half,normal,2.852799049942173,sideways,downtrend,70,0,100.0,0.0,강력 숏,drop,0.45469668404125585,-2.5895530664300725
436,2020-12-11 08:15:00,17983.0,-0.2827991571476063,upper_half,tight,1.5508523270029149,sideways,downtrend,75,0,100.0,0.0,강력 숏,drop,0.7395873880887471,-2.313295890563305
437,2020-12-13 16:15:00,19395.5,-0.1390140301197107,upper_half,tight,1.260685759785074,sideways,sideways,55,0,100.0,0.0,강력 숏,drop,-0.043824598489339284,-2.1602949137686567
438,2020-12-14 03:00:00,19339.5,-0.28872676651801044,above_upper,tight,1.616532138345452,uptrend,sideways,65,10,86.66666666666667,13.333333333333334,강력 숏,sideways,-0.14219602368210627,-1.5874247007420017
439,2020-12-14 09:00:00,19258.5,-0.4188319243000116,above_upper,tight,0.9827528324797062,uptrend,downtrend,85,10,89.47368421052632,10.526315789473683,강력 숏,sideways,0.24924059506192808,-1.1735078017498735
440,2020-12-14 18:45:00,19231.5,-0.38847020433532276,upper_half,tight,0.9875898305387755,sideways,sideways,55,0,100.0,0.0,강력 숏,sideways,1.8407300522580217,-0.9047656189064779
441,2020-12-15 20:00:00,19533.0,-0.26805544918434565,upper_half,tight,1.1817420242066163,sideways,uptrend,55,15,78.57142857142857,21.428571428571427,강력 숏,sideways,-0.02303793580095137,-1.3080427993651722
442,2020-12-16 02:15:00,19472.0,-0.3122920186351297,upper_half,tight,0.9563730571375307,sideways,sideways,55,0,100.0,0.0,강력 숏,rise,7.123048479868532,-0.8653451109285171
443,2020-12-17 17:00:00,23729.0,-0.6863935043736613,upper_half,normal,4.629229066678552,uptrend,sideways,50,10,83.33333333333334,16.666666666666664,강력 숏,drop,-0.16646297779089325,-5.817775717476503
444,2020-12-18 02:30:00,23266.5,-1.949091828564209,above_upper,normal,3.1289214089412867,uptrend,sideways,60,10,85.71428571428571,14.285714285714285,강력 숏,drop,0.18266606494314885,-3.863924526679996
445,2020-12-19 03:00:00,23240.5,-0.29387790123986957,above_upper,tight,1.6007979815476625,uptrend,uptrend,65,25,72.22222222222221,27.77777777777778,강력 숏,drop,1.9040037864934023,-2.043845872507044
446,2020-12-19 21:30:00,24093.0,-0.7620067550869081,above_upper,tight,1.5001762011972068,uptrend,sideways,65,10,86.66666666666667,13.333333333333334,강력 숏,drop,-0.28223965467147893,-4.1858631137674855
447,2020-12-20 08:30:00,23795.5,-1.2347984891877273,above_upper,normal,2.5393616025683077,uptrend,sideways,60,10,85.71428571428571,14.285714285714285,강력 숏,drop,2.3050576789729105,-2.132756193397911
448,2020-12-21 04:15:00,24124.5,-0.9016595465001664,above_upper,normal,2.6828949317247264,uptrend,sideways,60,10,85.71428571428571,14.285714285714285,강력 숏,drop,-0.17409687247403882,-8.976351841488938
449,2020-12-21 08:00:00,24082.5,-0.17409687247403882,above_upper,tight,0.9635833485065822,uptrend,sideways,65,10,86.66666666666667,13.333333333333334,강력 숏,drop,-0.7681926710266795,-8.817606145541369
450,2020-12-21 16:45:00,23300.0,-3.2492473788020337,upper_half,wide,5.987365609603571,uptrend,sideways,50,10,83.33333333333334,16.666666666666664,강력 숏,drop,-0.2639484978540718,-3.4957081545064383
451,2020-12-21 22:15:00,23238.5,-0.2639484978540718,above_upper,normal,2.4159710712116307,uptrend,sideways,60,10,85.71428571428571,14.285714285714285,강력 숏,drop,-0.10327688964434367,-3.6986036103879294
452,2020-12-22 04:00:00,23070.0,-0.7250898293779673,upper_half,normal,2.3870145140341705,uptrend,sideways,50,10,83.33333333333334,16.666666666666664,강력 숏,drop,2.477243172951882,-2.995231902904205
453,2020-12-22 18:30:00,23530.0,-0.47162828077744745,upper_half,tight,1.3863212527993696,sideways,sideways,55,0,100.0,0.0,강력 숏,rise,2.2694432639184026,-1.0199745006374883
454,2020-12-23 18:45:00,23677.5,-2.126736111111116,upper_half,tight,1.7107993472938465,sideways,sideways,55,0,100.0,0.0,강력 숏,drop,-0.2470700031675599,-4.525393305881109
455,2020-12-24 08:45:00,23487.0,-0.8045612923661682,above_upper,normal,2.769575994198431,uptrend,sideways,60,10,85.71428571428571,14.285714285714285,강력 숏,sideways,0.33848511942777826,-1.9606590880061336
456,2020-12-24 14:00:00,23423.0,-0.27249116532549467,above_upper,tight,1.3923691267134402,uptrend,sideways,65,10,86.66666666666667,13.333333333333334,강력 숏,sideways,1.6628954446484157,-1.353370618622718
457,2020-12-26 08:30:00,25009.0,-0.2214287139180926,above_upper,tight,1.066748278335017,uptrend,sideways,65,10,86.66666666666667,13.333333333333334,강력 숏,rise,6.791555040185537,-1.6873925386860722
458,2020-12-27 14:15:00,27820.5,-2.274483630743296,upper_half,wide,5.274939598940645,sideways,sideways,50,0,100.0,0.0,강력 숏,drop,-0.2516130191765109,-7.02898941428084
459,2020-12-27 19:15:00,27304.5,-1.8547473985010998,upper_half,normal,3.4215111098718505,sideways,downtrend,70,0,100.0,0.0,강력 숏,drop,0.25087439799300615,-5.272024757823801
460,2020-12-28 07:00:00,27221.5,-0.5534650933401553,upper_half,tight,1.3780181055229124,sideways,sideways,55,0,100.0,0.0,강력 숏,drop,1.0745183035468342,-2.2959792810829716
461,2020-12-28 23:45:00,27154.0,-1.308424801919028,upper_half,normal,2.501643531580983,sideways,downtrend,70,0,100.0,0.0,강력 숏,drop,-0.149149296604556,-4.507623186270903
462,2020-12-29 12:00:00,27108.0,-0.169404139353313,above_upper,normal,3.016870128831716,uptrend,uptrend,60,25,70.58823529411765,29.411764705882355,강력 숏,drop,2.7242880330529795,-3.0821159805223597
463,2020-12-30 15:00:00,28336.0,-1.0372646945831732,above_upper,normal,2.0378828671922697,uptrend,downtrend,80,10,88.88888888888889,11.11111111111111,강력 숏,rise,3.6031902879728905,-1.376341050254093
464,2020-12-31 07:15:00,29339.0,-0.06131416697890968,above_upper,tight,1.6806827948922298,uptrend,sideways,65,10,86.66666666666667,13.333333333333334,강력 숏,drop,-0.24029448856470736,-5.104127611711373
465,2020-12-31 15:45:00,28789.0,-1.87463785405092,upper_half,normal,4.283177951208637,sideways,downtrend,70,0,100.0,0.0,강력 숏,rise,2.488797804717069,-1.6030428288582477
466,2021-01-02 02:15:00,29468.0,-0.6925371122381896,above_upper,tight,1.2618884133000872,uptrend,sideways,65,10,86.66666666666667,13.333333333333334,강력 숏,rise,7.336772091760557,-0.7601465997013723
467,2021-01-03 12:00:00,34650.0,-0.48822515795520216,upper_half,normal,3.011458733157989,uptrend,downtrend,70,10,87.5,12.5,강력 숏,drop,-0.1919191919191876,-6.519480519480525
468,2021-01-03 21:00:00,33915.0,-2.1212121212121238,above_upper,wide,5.013992641819646,uptrend,sideways,60,10,85.71428571428571,14.285714285714285,강력 숏,drop,-0.33318590594132447,-10.216718266253865
469,2021-01-04 04:00:00,33616.5,-0.88014153029633,upper_half,normal,3.704091921592538,sideways,sideways,50,0,100.0,0.0,강력 숏,drop,-0.2840866836226308,-16.936623384349947
470,2021-01-04 15:00:00,32139.5,-4.393675724718515,upper_half,wide,10.179346112210219,uptrend,downtrend,70,10,87.5,12.5,강력 숏,drop,2.2028967469935656,-4.684267023444666
471,2021-01-04 19:30:00,31887.0,-0.7856376110393803,upper_half,normal,4.551566294952231,sideways,downtrend,70,0,100.0,0.0,강력 숏,drop,3.012199328880105,-6.214131150625645
472,2021-01-06 11:15:00,35338.0,-1.4748933560096988,upper_half,normal,4.631493991584175,uptrend,sideways,50,10,83.33333333333334,16.666666666666664,강력 숏,drop,5.204029656460474,-3.265606429339518
473,2021-01-07 22:30:00,40100.0,-1.135341033764381,upper_half,wide,5.769178458120873,uptrend,sideways,50,10,83.33333333333334,16.666666666666664,강력 숏,drop,3.6284289276808046,-8.916458852867827
474,2021-01-09 00:15:00,41040.5,-2.5166270783848033,upper_half,wide,5.463216891656584,uptrend,sideways,50,10,83.33333333333334,16.666666666666664,강력 숏,drop,0.766316199851369,-5.638332866314977
475,2021-01-09 19:15:00,40917.0,-1.3465781003242916,upper_half,normal,2.345067301147391,uptrend,sideways,50,10,83.33333333333334,16.666666666666664,강력 숏,drop,1.09123347263973,-2.5502847227313885
476,2021-01-10 08:00:00,41150.5,-0.51494675257171,above_upper,normal,2.2468356452918616,sideways,sideways,60,0,100.0,0.0,강력 숏,drop,-0.12636541475802288,-14.135915723988768
477,2021-01-10 22:15:00,39002.0,-5.221078723223293,upper_half,wide,6.800718477734836,uptrend,downtrend,70,10,87.5,12.5,강력 숏,drop,-0.2948566740167191,-16.333777754986922
478,2021-01-11 10:00:00,36350.0,-6.79965129993334,upper_half,wide,10.627103288881987,sideways,sideways,50,0,100.0,0.0,강력 숏,drop,-0.45804676753782303,-16.294360385144422
479,2021-01-11 23:45:00,35562.0,-2.1678129298486892,upper_half,wide,16.126282015844534,uptrend,sideways,50,10,83.33333333333334,16.666666666666664,강력 숏,drop,3.121309262696137,-5.098138462403689
480,2021-01-12 18:15:00,35527.5,-3.1209096858638707,upper_half,wide,8.249650722706475,uptrend,downtrend,70,10,87.5,12.5,강력 숏,drop,-0.4531700795158633,-8.652452325663218
481,2021-01-12 22:00:00,35049.0,-1.3468439940890864,upper_half,normal,4.690106146632585,uptrend,downtrend,70,10,87.5,12.5,강력 숏,drop,0.4393848611943252,-7.405346800194012
482,2021-01-13 03:15:00,34395.0,-1.865959085851232,upper_half,wide,6.392537157415474,uptrend,downtrend,70,10,87.5,12.5,강력 숏,drop,2.567233609536279,-4.602413141444972
483,2021-01-13 14:15:00,35140.0,-0.3911786382447935,above_upper,normal,2.638079074195748,uptrend,sideways,60,10,85.71428571428571,14.285714285714285,강력 숏,drop,8.783437677859984,-2.60102447353443
484,2021-01-14 20:00:00,40007.5,-0.17092524204012083,above_upper,tight,1.8922617996933961,uptrend,sideways,65,10,86.66666666666667,13.333333333333334,강력 숏,drop,-0.5186527526088835,-5.89264512903831
485,2021-01-15 00:30:00,39763.0,-0.6111354121102308,upper_half,normal,4.33920107786249,uptrend,sideways,50,10,83.33333333333334,16.666666666666664,강력 숏,drop,-0.2678369338329656,-6.263360410431806
486,2021-01-15 10:00:00,38794.0,-2.4369388627618616,upper_half,normal,2.836709608641731,uptrend,downtrend,70,10,87.5,12.5,강력 숏,drop,-0.32221477548074473,-11.036500489766453
487,2021-01-16 01:15:00,37626.5,-3.0094860029901582,upper_half,wide,6.613183987991028,uptrend,uptrend,50,25,66.66666666666666,33.33333333333333,숏 유리,drop,0.9727186956001832,-5.563897784805927
488,2021-01-16 15:30:00,37761.0,-0.6093307889715072,upper_half,normal,2.9305086498960975,sideways,sideways,50,0,100.0,0.0,강력 숏,drop,-0.015889409708425006,-6.3054474192950405
489,2021-01-17 02:00:00,36733.5,-2.721061412568526,above_upper,normal,3.0912943246419045,uptrend,downtrend,80,10,88.88888888888889,11.11111111111111,강력 숏,drop,-0.3280384390270452,-7.856588672465192
490,2021-01-17 12:15:00,35516.5,-3.3130521186383044,above_upper,normal,3.588500600192885,uptrend,sideways,60,10,85.71428571428571,14.285714285714285,강력 숏,drop,3.730660397280139,-2.3439809665929956
491,2021-01-18 09:00:00,36649.5,-0.5211514189161659,upper_half,wide,5.796549458257552,uptrend,uptrend,50,25,66.66666666666666,33.33333333333333,숏 유리,drop,2.2906178801893606,-3.1801252404534797
492,2021-01-19 01:45:00,37368.0,-0.3227613433273713,above_upper,normal,3.111850881236182,uptrend,uptrend,60,25,70.58823529411765,29.411764705882355,강력 숏,drop,0.7024727039177892,-3.0119353457503717
493,2021-01-19 22:45:00,36789.5,-2.981276371308017,upper_half,normal,2.324049929041568,uptrend,sideways,50,10,83.33333333333334,16.666666666666664,강력 숏,drop,-0.13862651028146988,-7.527963141657268
494,2021-01-20 08:15:00,35919.0,-2.366164258823844,above_upper,normal,2.4240667027672655,uptrend,sideways,60,10,85.71428571428571,14.285714285714285,강력 숏,drop,-0.19209888916729145,-7.0965227317018815
495,2021-01-20 14:15:00,35118.5,-2.2286255185277937,above_upper,normal,2.433055341470358,uptrend,sideways,60,10,85.71428571428571,14.285714285714285,강력 숏,drop,1.507752324273537,-4.978857297435823
496,2021-01-21 07:30:00,34980.0,-1.8738779174147235,above_upper,normal,2.0056436761129666,uptrend,downtrend,80,10,88.88888888888889,11.11111111111111,강력 숏,drop,-0.2987421383647826,-11.299313893653517
497,2021-01-21 19:30:00,32729.5,-6.433676386506571,above_upper,normal,4.947124525885735,uptrend,downtrend,80,10,88.88888888888889,11.11111111111111,강력 숏,drop,-0.24290013596296456,-11.65920652622252
498,2021-01-22 06:15:00,32030.0,-2.137215661711911,upper_half,wide,7.209767617059365,uptrend,sideways,50,10,83.33333333333334,16.666666666666664,강력 숏,drop,3.9494224164845493,-4.807992507024661
499,2021-01-23 06:00:00,33445.0,-0.9829173698078564,above_upper,normal,3.7886128680148152,uptrend,sideways,60,10,85.71428571428571,14.285714285714285,강력 숏,drop,-0.5770668261324552,-6.129466287935415
500,2021-01-23 22:00:00,32530.0,-2.7358349529077564,above_upper,tight,1.3370752122961758,uptrend,uptrend,65,25,72.22222222222221,27.77777777777778,강력 숏,drop,1.6446357208730333,-2.746695358130957
501,2021-01-24 12:00:00,32925.0,-0.4234084379252989,above_upper,tight,0.931620866658737,uptrend,downtrend,85,10,89.47368421052632,10.526315789473683,강력 숏,drop,-0.3523158694001549,-6.030372057706912
502,2021-01-25 06:45:00,33582.0,-0.6008583690987113,upper_half,normal,4.010542808461381,sideways,uptrend,50,15,76.92307692307693,23.076923076923077,강력 숏,drop,3.6864987195521337,-2.3822285748317573
503,2021-01-26 01:45:00,32837.5,-5.693566915565762,upper_half,normal,2.4229527102771526,uptrend,downtrend,70,10,87.5,12.5,강력 숏,drop,-0.19185382565664044,-5.454130186524553
504,2021-01-26 05:45:00,32316.0,-1.5881233346022094,upper_half,normal,4.390117183964342,sideways,downtrend,70,0,100.0,0.0,강력 숏,drop,0.39608862482980456,-4.564302512687213
505,2021-01-26 19:00:00,32386.5,-0.1772284551843195,upper_half,normal,4.259025326551552,uptrend,sideways,50,10,83.33333333333334,16.666666666666664,강력 숏,drop,1.5700986522162008,-3.1664428079601015
506,2021-01-27 16:30:00,30948.5,-5.917312661498708,upper_half,wide,5.438938936828949,sideways,downtrend,70,0,100.0,0.0,강력 숏,drop,2.3749131621888075,-4.502641485047743
507,2021-01-29 22:15:00,35300.0,-8.62497411472355,upper_half,wide,6.223689495395359,sideways,downtrend,70,0,100.0,0.0,강력 숏,drop,-0.9943342776204012,-7.007082152974508
508,2021-01-30 09:00:00,34430.0,-2.464589235127479,above_upper,normal,3.8314861650391046,uptrend,sideways,60,10,85.71428571428571,14.285714285714285,강력 숏,drop,0.7682253848388054,-2.643043857101368
509,2021-01-31 12:30:00,34208.0,-1.6446233467510063,above_upper,tight,1.9620463587833747,uptrend,sideways,65,10,86.66666666666667,13.333333333333334,강력 숏,drop,-0.19439897100093084,-5.774964920486436
510,2021-02-01 19:30:00,34073.0,-1.7517048485460096,above_upper,normal,2.5006215339523887,sideways,downtrend,80,0,100.0,0.0,강력 숏,sideways,1.235582425967774,-1.7946761365303932
511,2021-02-04 11:30:00,37938.5,-2.168671591949356,upper_half,normal,4.275828088976034,uptrend,sideways,50,10,83.33333333333334,16.666666666666664,강력 숏,drop,-0.33870606376108503,-4.49543339879015
512,2021-02-04 20:00:00,37810.0,-0.33870606376108503,above_upper,normal,3.5875226872012744,uptrend,sideways,60,10,85.71428571428571,14.285714285714285,강력 숏,drop,0.022480825178528008,-3.1605395398042857
513,2021-02-06 22:15:00,40569.0,-0.9304029304029293,upper_half,tight,1.8053296949197846,uptrend,sideways,55,10,84.61538461538461,15.384615384615385,강력 숏,drop,-0.4252015085410066,-6.390347309522049
514,2021-02-07 09:45:00,39727.0,-2.075476348936378,upper_half,normal,4.608567311172336,uptrend,sideways,50,10,83.33333333333334,16.666666666666664,강력 숏,drop,-0.020137438014444786,-5.7580486822564
515,2021-02-08 00:00:00,39124.0,-1.5178593903390603,upper_half,normal,3.320508351869832,uptrend,uptrend,50,25,66.66666666666666,33.33333333333333,숏 유리,drop,11.960689091094977,-2.7170023514977992
516,2021-02-09 20:30:00,47537.0,-1.4225577006822476,above_upper,normal,2.374007324408312,sideways,uptrend,60,15,80.0,20.0,강력 숏,drop,-0.08940404316637451,-3.8443738561541485
517,2021-02-10 10:15:00,47444.0,-0.19563708269347835,above_upper,normal,2.2023828268713763,uptrend,uptrend,60,25,70.58823529411765,29.411764705882355,강력 숏,drop,-0.2508220217519619,-7.680634010623056
518,2021-02-10 20:00:00,45259.5,-4.604375685018125,upper_half,normal,2.673391329803277,uptrend,sideways,50,10,83.33333333333334,16.666666666666664,강력 숏,drop,0.9732763287265689,-2.688938233961935
519,2021-02-12 13:15:00,48222.0,-1.9469494403155818,above_upper,tight,1.9747149771923975,sideways,uptrend,65,15,81.25,18.75,강력 숏,drop,-0.10990834059143584,-4.245987308697274
520,2021-02-12 16:30:00,48010.0,-0.43963336236572115,upper_half,normal,3.807304560551804,sideways,sideways,50,0,100.0,0.0,강력 숏,drop,0.409289731305984,-2.0704019995834155
521,2021-02-13 16:15:00,47389.0,-1.6958294005995023,above_upper,tight,1.3732863271549995,uptrend,sideways,65,10,86.66666666666667,13.333333333333334,강력 숏,sideways,0.7280170503703332,-1.4370423516005815
522,2021-02-14 22:15:00,49394.0,-0.8829313320223187,above_upper,tight,1.3844858829618027,uptrend,sideways,65,10,86.66666666666667,13.333333333333334,강력 숏,drop,-0.14677896100740995,-7.45333441308661
523,2021-02-15 13:00:00,48200.0,-2.4172976474875485,above_upper,tight,1.7945036847299725,uptrend,uptrend,65,25,72.22222222222221,27.77777777777778,강력 숏,drop,1.2344398340248919,-2.198132780082984
524,2021-02-16 08:00:00,49441.0,-1.557055532325824,upper_half,tight,1.988976537502167,uptrend,sideways,55,10,84.61538461538461,15.384615384615385,강력 숏,drop,2.8387370805606604,-3.2301126595335905
525,2021-02-17 02:15:00,50300.0,-1.070912291398285,above_upper,normal,3.0055843044590844,sideways,sideways,60,0,100.0,0.0,강력 숏,drop,2.878727634194833,-2.2027833001988073
526,2021-02-17 15:00:00,51675.0,-0.14106825384555544,upper_half,tight,1.8372371660597242,uptrend,sideways,55,10,84.61538461538461,15.384615384615385,강력 숏,sideways,1.9641993226898968,-1.5887760038703402
527,2021-02-18 00:15:00,52589.5,-0.19073828050863995,upper_half,tight,1.0052630970796232,sideways,sideways,55,0,100.0,0.0,강력 숏,drop,-0.08081461128172096,-2.939750330389146
528,2021-02-18 14:30:00,52313.5,-0.5248195932648136,above_upper,tight,1.907344777152698,uptrend,sideways,65,10,86.66666666666667,13.333333333333334,강력 숏,drop,-0.052567692851746006,-2.8310092041251345
529,2021-02-18 18:30:00,52241.0,-0.13858755388188593,upper_half,tight,1.3508967004453005,sideways,sideways,55,0,100.0,0.0,강력 숏,drop,-0.0468980302827271,-2.6961581899274556
530,2021-02-18 21:30:00,52216.5,-0.0468980302827271,above_upper,tight,0.7429439161550158,uptrend,downtrend,85,10,89.47368421052632,10.526315789473683,강력 숏,drop,1.5215497017226465,-2.6505031934350276
531,2021-02-20 17:00:00,57540.5,-0.21936289385610097,upper_half,normal,3.358707216583559,uptrend,sideways,50,10,83.33333333333334,16.666666666666664,강력 숏,drop,-0.043447658605677564,-6.019238623230594
532,2021-02-21 05:15:00,56937.0,-1.0488264787410606,upper_half,normal,2.158830830927153,sideways,sideways,50,0,100.0,0.0,강력 숏,sideways,1.690464899801536,-1.887173542687537
533,2021-02-22 08:00:00,56676.0,-2.9503929861812717,upper_half,tight,1.9917839454667126,uptrend,sideways,55,10,84.61538461538461,15.384615384615385,강력 숏,drop,-0.22231632437010873,-15.308066906627149
534,2021-02-22 16:30:00,53835.0,-5.012703789964002,upper_half,wide,6.678123422498516,uptrend,downtrend,70,10,87.5,12.5,강력 숏,drop,2.0488529766880204,-9.6164205442556
535,2021-02-23 13:15:00,49581.0,-9.750992027376315,above_upper,wide,8.269737753850691,uptrend,downtrend,80,10,88.88888888888889,11.11111111111111,강력 숏,drop,1.926141062100406,-8.634355902462632
536,2021-02-24 12:30:00,51300.0,-0.15958896111478715,above_upper,normal,2.263925307060391,sideways,sideways,60,0,100.0,0.0,강력 숏,drop,-0.44834307992203115,-6.237816764132553
537,2021-02-24 16:00:00,50120.0,-2.30019493177388,upper_half,wide,5.645295517625815,uptrend,downtrend,70,10,87.5,12.5,강력 숏,drop,1.596169193934549,-4.030327214684759
538,2021-02-25 06:45:00,50580.0,-0.667714061272584,upper_half,normal,2.558599574387253,uptrend,sideways,50,10,83.33333333333334,16.666666666666664,강력 숏,drop,2.8805852115460606,-3.7880585211546025
539,2021-02-26 02:30:00,47792.5,-8.156696196936796,upper_half,wide,5.769078581548428,sideways,downtrend,70,0,100.0,0.0,강력 숏,drop,-0.031385677669093504,-7.621488727310766
540,2021-02-27 02:30:00,48043.5,-0.7837184808871855,upper_half,wide,7.343540367615114,uptrend,sideways,50,10,83.33333333333334,16.666666666666664,강력 숏,drop,0.6868775172499841,-3.6675096527105655
541,2021-02-27 12:30:00,47862.0,-1.0573971285931294,above_upper,normal,2.8602571347892236,uptrend,sideways,60,10,85.71428571428571,14.285714285714285,강력 숏,drop,-0.2841502653462058,-5.979691613388494
542,2021-02-27 20:00:00,47592.5,-0.56307718022649,above_upper,normal,2.084074563372946,uptrend,sideways,60,10,85.71428571428571,14.285714285714285,강력 숏,drop,-0.3508956243105543,-7.96659137469139
543,2021-02-28 10:15:00,45500.0,-4.396701160897198,upper_half,normal,3.3067928979589825,uptrend,downtrend,70,10,87.5,12.5,강력 숏,drop,0.8175824175824076,-5.3186813186813175
544,2021-03-02 09:45:00,49286.0,-1.8324503047444485,upper_half,normal,2.094525224503586,uptrend,downtrend,70,10,87.5,12.5,강력 숏,drop,0.7588361806598165,-4.445481475469704
545,2021-03-03 18:00:00,51636.5,-1.8727908479343247,upper_half,normal,2.6222730160276924,uptrend,sideways,50,10,83.33333333333334,16.666666666666664,강력 숏,drop,0.3166364877557504,-4.854124504952894
546,2021-03-03 22:00:00,51340.0,-0.5742062300891804,upper_half,normal,2.333428899601309,sideways,downtrend,70,0,100.0,0.0,강력 숏,drop,0.8959875340864842,-5.308726139462405
547,2021-03-04 08:15:00,50756.5,-2.0144787644787665,above_upper,normal,2.6769850707793594,sideways,sideways,60,0,100.0,0.0,강력 숏,drop,-0.3122752750879143,-6.328253524179173
548,2021-03-04 14:30:00,50598.0,-0.3122752750879143,above_upper,normal,2.166702167472229,sideways,sideways,60,0,100.0,0.0,강력 숏,drop,-1.0474722321040408,-8.275030633621883
549,2021-03-04 23:30:00,48710.0,-3.731372781532871,above_upper,tight,1.7177396727055025,sideways,downtrend,85,0,100.0,0.0,강력 숏,drop,-0.3192362964483664,-4.719770067747897
550,2021-03-05 07:00:00,47500.0,-2.484089509341003,above_upper,tight,1.5933984212101115,uptrend,downtrend,85,10,89.47368421052632,10.526315789473683,강력 숏,drop,4.029473684210516,-2.166315789473683
551,2021-03-05 22:45:00,49400.0,-0.12736793158522053,upper_half,normal,2.706155136499155,sideways,uptrend,50,15,76.92307692307693,23.076923076923077,강력 숏,drop,-0.46255060728744857,-2.7894736842105305
552,2021-03-06 07:15:00,49117.5,-0.5718623481781426,above_upper,tight,1.7611920750721326,uptrend,downtrend,85,10,89.47368421052632,10.526315789473683,강력 숏,drop,-0.035628849188173994,-3.964981931083622
553,2021-03-08 06:00:00,50958.5,-1.7506482989983918,upper_half,normal,3.276079702887487,uptrend,sideways,50,10,83.33333333333334,16.666666666666664,강력 숏,drop,0.6367926842430593,-3.0878067447040247
554,2021-03-09 10:00:00,54392.5,-0.05328776310833394,upper_half,tight,1.5535918335490078,uptrend,sideways,55,10,84.61538461538461,15.384615384615385,강력 숏,sideways,0.9789952658914469,-1.3393390632899793
555,2021-03-10 09:30:00,55500.0,-0.6311266281724182,above_upper,normal,3.5682480932394975,uptrend,sideways,60,10,85.71428571428571,14.285714285714285,강력 숏,rise,3.4684684684684663,-1.6738738738738768
556,2021-03-10 22:00:00,57249.5,-0.30561602089682616,upper_half,normal,2.5913404128688278,uptrend,sideways,50,10,83.33333333333334,16.666666666666664,강력 숏,drop,-0.2628843920034263,-4.881265338561914
557,2021-03-12 06:00:00,57451.0,-1.2665841754313623,above_upper,tight,1.4290946439634844,uptrend,downtrend,85,10,89.47368421052632,10.526315789473683,강력 숏,drop,0.49781552975578514,-3.992967920488766
558,2021-03-12 23:30:00,57484.0,-0.438193879141624,upper_half,normal,2.174212183691058,uptrend,sideways,50,10,83.33333333333334,16.666666666666664,강력 숏,drop,5.331048639621461,-2.3075986361422274
559,2021-03-14 00:15:00,61775.5,-0.26477449769533035,upper_half,tight,1.8388174392701524,uptrend,sideways,55,10,84.61538461538461,15.384615384615385,강력 숏,drop,-0.07527255950984246,-3.6203672977151102
560,2021-03-14 04:00:00,61600.0,-0.2840932084726133,upper_half,tight,1.2679009106650383,uptrend,downtrend,75,10,88.23529411764706,11.76470588235294,강력 숏,drop,-0.2012987012987022,-3.6534090909090877
561,2021-03-14 09:30:00,61175.0,-0.6899350649350655,upper_half,tight,1.142499763300559,sideways,downtrend,75,0,100.0,0.0,강력 숏,drop,-0.009807928075189487,-2.984062116877806
562,2021-03-14 23:15:00,60743.0,-0.7061708214139761,above_upper,tight,1.309906959823385,sideways,sideways,65,0,100.0,0.0,강력 숏,drop,-0.06420492896300756,-9.93612432708295
563,2021-03-15 04:00:00,60704.0,-0.06420492896300756,upper_half,normal,2.479144496326463,uptrend,sideways,50,10,83.33333333333334,16.666666666666664,강력 숏,drop,-0.2528663679493892,-9.878261729045867
564,2021-03-15 14:00:00,57280.0,-5.640484976278337,above_upper,normal,3.2629804217807266,uptrend,downtrend,80,10,88.88888888888889,11.11111111111111,강력 숏,drop,-0.13704608938547302,-6.815642458100557
565,2021-03-15 20:30:00,56953.5,-0.5700069832402233,above_upper,normal,2.2139599847375244,uptrend,sideways,60,10,85.71428571428571,14.285714285714285,강력 숏,drop,-0.03950591271827397,-6.2814401222049625
566,2021-03-16 09:30:00,56378.0,-1.0104734564161943,upper_half,wide,5.424839069443436,uptrend,sideways,50,10,83.33333333333334,16.666666666666664,강력 숏,drop,0.8035049132640415,-2.9408634573769965
567,2021-03-16 16:00:00,56076.0,-0.5356699421760314,above_upper,tight,1.7883829917663387,uptrend,sideways,65,10,86.66666666666667,13.333333333333334,강력 숏,rise,2.002639275269269,-1.868892217704543
568,2021-03-17 07:00:00,56300.0,-1.5717057990524363,upper_half,tight,1.5875419064602083,uptrend,sideways,55,10,84.61538461538461,15.384615384615385,강력 숏,drop,3.4182948490230958,-3.7140319715808223
569,2021-03-17 12:45:00,55411.5,-1.5781527531083528,upper_half,normal,3.100606270511386,sideways,downtrend,70,0,100.0,0.0,강력 숏,rise,7.477689649260522,-1.897620530034383
570,2021-03-18 10:00:00,58679.5,-1.4700696834858529,upper_half,tight,1.9864528658030611,sideways,downtrend,75,0,100.0,0.0,강력 숏,drop,2.6014195758314207,-2.6712906551691784
571,2021-03-19 09:00:00,58858.0,-2.238979503703953,above_upper,tight,1.53930517822969,uptrend,uptrend,65,25,72.22222222222221,27.77777777777778,강력 숏,sideways,1.0516837133439871,-1.3736450440042125
572,2021-03-19 16:00:00,59183.0,-0.09621877110060906,upper_half,tight,1.7223527614177416,uptrend,sideways,55,10,84.61538461538461,15.384615384615385,강력 숏,drop,0.49676427352449704,-2.197421556865997
573,2021-03-20 02:00:00,58925.0,-0.9280898498579271,above_upper,tight,1.424534054088225,uptrend,sideways,65,10,86.66666666666667,13.333333333333334,강력 숏,sideways,1.6546457361052092,-1.4849384811200683
574,2021-03-20 18:30:00,59533.0,-0.6126878130217062,upper_half,tight,0.945207529354505,uptrend,sideways,55,10,84.61538461538461,15.384615384615385,강력 숏,drop,-0.10666353115078575,-4.635244318277254
575,2021-03-21 15:15:00,57509.0,-3.399795071640943,upper_half,normal,3.5347493164147314,sideways,sideways,50,0,100.0,0.0,강력 숏,sideways,1.0041906484202556,-1.9657792693317577
576,2021-03-22 06:45:00,57896.5,-0.327098379141455,upper_half,normal,2.295901039635626,sideways,sideways,50,0,100.0,0.0,강력 숏,drop,0.8739733835378738,-3.7791576347447564
577,2021-03-23 01:45:00,55341.5,-5.24121398912718,above_upper,tight,1.9345147479910882,sideways,downtrend,85,0,100.0,0.0,강력 숏,drop,0.1590126758400201,-4.177696665251219
578,2021-03-24 03:30:00,54798.0,-1.853742410402448,upper_half,tight,1.9634500161484794,uptrend,downtrend,75,10,88.23529411764706,11.76470588235294,강력 숏,rise,4.292127449906924,-1.781999343041718
579,2021-03-25 06:00:00,53261.0,-6.804899387576557,above_upper,normal,2.471969706801481,uptrend,sideways,60,10,85.71428571428571,14.285714285714285,강력 숏,drop,-0.14081598167514642,-5.1763954863784045
580,2021-03-25 11:00:00,53123.5,-0.25816263307110177,upper_half,tight,1.6910704366394635,uptrend,sideways,55,10,84.61538461538461,15.384615384615385,강력 숏,drop,-0.16659293909475625,-4.930962756595481
581,2021-03-25 22:15:00,52673.5,-0.8470827411597548,above_upper,normal,2.0985996198524766,sideways,uptrend,60,15,80.0,20.0,강력 숏,drop,2.062707053831625,-2.6759186308105587
582,2021-03-27 05:45:00,55300.0,-0.3603603603603567,above_upper,tight,1.099642067832123,uptrend,sideways,65,10,86.66666666666667,13.333333333333334,강력 숏,drop,1.7079566003616709,-2.3173598553345442
583,2021-03-28 04:30:00,56440.0,-0.3979493695458469,above_upper,tight,1.1245428217000908,uptrend,sideways,65,10,86.66666666666667,13.333333333333334,강력 숏,sideways,0.12579730687456436,-1.9117647058823573
584,2021-03-28 16:00:00,56494.5,-0.029197855284812668,above_upper,tight,1.7631145539789204,uptrend,sideways,65,10,86.66666666666667,13.333333333333334,강력 숏,drop,-0.26020232057988313,-3.1029569250104028
585,2021-03-29 00:15:00,55882.0,-1.0841763357494982,upper_half,normal,2.2955198387658826,uptrend,sideways,50,10,83.33333333333334,16.666666666666664,강력 숏,rise,4.595397444615434,-1.5675888479295685
586,2021-03-29 17:00:00,58360.5,-0.1531223267750237,upper_half,tight,1.6422847812286763,sideways,sideways,55,0,100.0,0.0,강력 숏,sideways,-0.07710694733595869,-1.988502497408351
587,2021-03-29 22:00:00,57958.5,-0.6888220628678665,upper_half,tight,1.3583386480298922,sideways,downtrend,75,0,100.0,0.0,강력 숏,rise,2.5595900515023695,-1.3069696420714871
588,2021-03-30 18:00:00,59183.5,-0.4348776959052558,above_upper,tight,0.8685782878213382,uptrend,downtrend,85,10,89.47368421052632,10.526315789473683,강력 숏,sideways,1.1346067738474463,-1.2359863813393934
589,2021-03-31 01:45:00,59050.0,-0.22556962666959723,above_upper,tight,0.7209707292481601,uptrend,downtrend,85,10,89.47368421052632,10.526315789473683,강력 숏,drop,1.3632514817950803,-3.471634208298058
590,2021-03-31 16:00:00,59667.0,-0.31409238994235533,above_upper,normal,3.0465874444492114,uptrend,uptrend,60,25,70.58823529411765,29.411764705882355,강력 숏,drop,-0.11228987547555747,-2.0798766487338027
591,2021-03-31 19:15:00,59600.0,-0.11228987547555747,upper_half,tight,1.6353775672220805,uptrend,uptrend,55,25,68.75,31.25,숏 유리,sideways,-0.010906040268454653,-1.9697986577181248
592,2021-04-01 01:15:00,59356.0,-0.4093959731543584,above_upper,tight,1.0118307218349814,uptrend,downtrend,85,10,89.47368421052632,10.526315789473683,강력 숏,sideways,0.23586495046836742,-1.9475705910101726
593,2021-04-01 15:15:00,59229.0,-0.4487696651875761,above_upper,tight,1.1835230501140916,sideways,sideways,65,0,100.0,0.0,강력 숏,drop,1.8082358304209123,-2.0007091120903597
594,2021-04-01 23:00:00,59075.0,-0.26000776646575297,upper_half,tight,0.7827762969988578,uptrend,downtrend,75,10,88.23529411764706,11.76470588235294,강력 숏,rise,2.073635209479474,-0.8548455353364348
595,2021-04-02 07:30:00,59825.5,-0.7868988391376397,upper_half,tight,0.726386923691798,uptrend,sideways,55,10,84.61538461538461,15.384615384615385,강력 숏,sideways,-0.09778438959975322,-1.9648811961454515
596,2021-04-02 10:30:00,59767.0,-0.09778438959975322,upper_half,tight,0.4929062741412641,uptrend,downtrend,75,10,88.23529411764706,11.76470588235294,강력 숏,drop,-0.02844379005136899,-2.0111432730436474
597,2021-04-02 15:00:00,59697.0,-0.11712148844680303,upper_half,tight,0.9571146268556858,sideways,downtrend,75,0,100.0,0.0,강력 숏,sideways,-0.05192890765030045,-1.8962426922625952
598,2021-04-03 00:15:00,59461.5,-0.3944921855369654,above_upper,tight,0.9754669915129984,uptrend,sideways,65,10,86.66666666666667,13.333333333333334,강력 숏,sideways,0.6752268274429651,-1.069599656920861
599,2021-04-03 14:00:00,59522.5,-0.5687987571621922,upper_half,tight,0.6218237133030025,uptrend,sideways,55,10,84.61538461538461,15.384615384615385,강력 숏,drop,-0.1764038808853785,-4.9426687387122525
600,2021-04-04 04:00:00,57728.0,-3.0148263261791763,upper_half,tight,1.6860561414055002,uptrend,sideways,55,10,84.61538461538461,15.384615384615385,강력 숏,sideways,1.2125831485587657,-1.1571507760532174
601,2021-04-05 00:00:00,58398.0,-0.05134524543026764,above_upper,tight,0.7300355443801815,uptrend,uptrend,65,25,72.22222222222221,27.77777777777778,강력 숏,drop,-0.2774067605054942,-2.5617315661495277
602,2021-04-05 19:15:00,59118.0,-0.22699464157630578,upper_half,tight,0.599207045776222,sideways,sideways,55,0,100.0,0.0,강력 숏,sideways,0.7341249703981756,-1.1908386616597322
603,2021-04-06 05:30:00,59047.5,-0.8471587855991447,upper_half,tight,1.1488645964388222,sideways,sideways,55,0,100.0,0.0,강력 숏,drop,0.14987933443413315,-2.4852872687243344
604,2021-04-06 20:00:00,58321.5,-1.3773336038961026,upper_half,tight,0.8312625281922791,sideways,sideways,55,0,100.0,0.0,강력 숏,sideways,0.5118181116740894,-1.8209408194233667
605,2021-04-07 00:15:00,58221.0,-0.1723206707646363,upper_half,tight,0.9819107888364474,uptrend,sideways,55,10,84.61538461538461,15.384615384615385,강력 숏,drop,0.685319729994327,-4.244173064701739
606,2021-04-07 14:30:00,56899.0,-2.935858068918462,upper_half,normal,3.2482738205949104,uptrend,downtrend,70,10,87.5,12.5,강력 숏,drop,-0.11511625863371844,-2.3972301797922646
607,2021-04-09 05:00:00,58259.0,-0.15937757060597857,upper_half,tight,0.6520487367333084,uptrend,sideways,55,10,84.61538461538461,15.384615384615385,강력 숏,sideways,1.033316740761081,-0.982680787517809
608,2021-04-09 20:00:00,58590.5,-0.45955726202409064,above_upper,tight,0.8508237794676835,sideways,sideways,65,0,100.0,0.0,강력 숏,rise,5.258531673223477,-1.1307293844565192
609,2021-04-10 10:15:00,61076.5,-0.9647892462482655,above_upper,tight,0.6768456564093137,sideways,sideways,65,0,100.0,0.0,강력 숏,drop,-0.1522680572724422,-4.297070067865705
610,2021-04-10 16:00:00,60661.0,-0.680294384910729,upper_half,tight,1.1047389890322523,sideways,downtrend,75,0,100.0,0.0,강력 숏,drop,0.09643757933432973,-3.641548935889616
611,2021-04-11 08:15:00,60200.0,-0.8555735801513475,upper_half,tight,1.753780766254219,sideways,downtrend,75,0,100.0,0.0,강력 숏,sideways,0.12043189368771134,-1.4401993355481757
612,2021-04-12 13:15:00,60610.0,-1.164307612027915,upper_half,tight,1.8684697539013209,uptrend,downtrend,75,10,88.23529411764706,11.76470588235294,강력 숏,sideways,0.24253423527471618,-1.4213826101303395
613,2021-04-12 19:15:00,60274.5,-0.5535390199637003,above_upper,tight,0.6817166815331172,uptrend,downtrend,85,10,89.47368421052632,10.526315789473683,강력 숏,rise,2.2530257405702248,-0.687687164555495
614,2021-04-14 11:30:00,64900.0,-0.06698129912924289,upper_half,normal,2.141369073310001,sideways,sideways,50,0,100.0,0.0,강력 숏,drop,-0.22881355932203862,-5.224961479198765
615,2021-04-14 17:30:00,63860.5,-1.601694915254237,upper_half,normal,2.787425305947656,uptrend,downtrend,70,10,87.5,12.5,강력 숏,drop,-0.6631642408061356,-3.682244893165576
616,2021-04-15 00:00:00,63379.0,-0.7539872064891484,above_upper,normal,2.1021910092019715,uptrend,sideways,60,10,85.71428571428571,14.285714285714285,강력 숏,sideways,0.09151296170655243,-1.8917938118304223
617,2021-04-15 13:45:00,63104.5,-0.5241420622034476,above_upper,tight,1.3075943926145146,uptrend,downtrend,85,10,89.47368421052632,10.526315789473683,강력 숏,sideways,1.175035060891072,-1.0577692557583007
618,2021-04-16 00:45:00,63565.0,-0.4401215424615468,upper_half,tight,0.862288697970102,sideways,sideways,55,0,100.0,0.0,강력 숏,drop,-0.014158735152991486,-5.2269330606465765
619,2021-04-16 21:00:00,62000.0,-2.4620467238260058,upper_half,tight,1.2123103196444454,uptrend,uptrend,55,25,68.75,31.25,숏 유리,sideways,0.7935483870967763,-1.3435483870967713
620,2021-04-17 09:00:00,62490.0,-0.003200409652437397,above_upper,tight,0.661966818399739,uptrend,sideways,65,10,86.66666666666667,13.333333333333334,강력 숏,drop,-0.42806849095855526,-4.384701552248361
621,2021-04-17 14:00:00,61330.0,-1.8562970075212015,lower_half,normal,2.238439453981983,uptrend,sideways,40,10,80.0,20.0,강력 숏,drop,-0.17365074188814278,-4.208380890265772
622,2021-04-17 21:30:00,61022.5,-0.5013859448883107,upper_half,tight,1.7395888952716945,uptrend,sideways,55,10,84.61538461538461,15.384615384615385,강력 숏,drop,-0.23761727231759178,-17.243639641115983
623,2021-04-18 08:00:00,56442.0,-7.5062476955221396,upper_half,normal,4.989427153144212,uptrend,sideways,50,10,83.33333333333334,16.666666666666664,강력 숏,drop,-0.29410722511604703,-5.891889018815776
624,2021-04-18 16:15:00,55947.0,-0.8770064845327941,upper_half,wide,5.0061326138193545,sideways,sideways,50,0,100.0,0.0,강력 숏,rise,2.2771551647094546,-1.851752551521979
625,2021-04-19 11:45:00,57310.5,-0.21850407409986783,upper_half,tight,1.8643535651295013,sideways,uptrend,55,15,78.57142857142857,21.428571428571427,강력 숏,drop,-0.32891006011115387,-5.289606616588582
626,2021-04-19 21:45:00,56539.0,-1.3461756571657935,above_upper,normal,2.4155574616840836,uptrend,sideways,60,10,85.71428571428571,14.285714285714285,강력 숏,drop,-0.40503015617537885,-5.582871999858508
627,2021-04-20 05:00:00,55412.0,-1.9933143493871541,above_upper,normal,2.69534376692752,uptrend,downtrend,80,10,88.88888888888889,11.11111111111111,강력 숏,drop,1.8344401934599075,-3.6625640655453706
628,2021-04-21 06:15:00,55837.0,-2.049802212067253,upper_half,normal,2.250324762299642,uptrend,downtrend,70,10,87.5,12.5,강력 숏,drop,0.8578541110733084,-2.6398266382506197
629,2021-04-22 01:15:00,54632.0,-2.990269195255346,upper_half,normal,3.2713612479510887,sideways,downtrend,70,0,100.0,0.0,강력 숏,drop,1.4863083906867747,-3.6855688973495337
630,2021-04-22 16:15:00,55147.5,-0.534773825842294,upper_half,tight,1.7496990026092345,uptrend,sideways,55,10,84.61538461538461,15.384615384615385,강력 숏,drop,-0.020853166508005838,-11.752119316378806
631,2021-04-23 12:00:00,50240.5,-8.897955483022802,upper_half,wide,5.4929432179398265,uptrend,sideways,50,10,83.33333333333334,16.666666666666664,강력 숏,drop,1.960569659935718,-3.386709925259501
632,2021-04-24 00:00:00,51138.0,-0.17081336443763862,upper_half,tight,1.945644748906356,uptrend,sideways,55,10,84.61538461538461,15.384615384615385,강력 숏,drop,-0.7636200086041711,-4.684383433063477
633,2021-04-24 04:45:00,50597.0,-1.0579217020610931,upper_half,normal,2.3358111626212796,uptrend,downtrend,70,10,87.5,12.5,강력 숏,drop,-0.14230092693242602,-3.6652370693914693
634,2021-04-25 02:15:00,50457.5,-1.0054934275063765,upper_half,normal,2.382492857763155,uptrend,sideways,50,10,83.33333333333334,16.666666666666664,강력 숏,drop,-0.014863994450775575,-2.5784075707278364
635,2021-04-25 08:45:00,50269.0,-0.37358172719615945,above_upper,tight,1.3667231444110253,sideways,sideways,65,0,100.0,0.0,강력 숏,drop,0.46947422864986876,-6.44333485846148
636,2021-04-26 22:15:00,54246.0,-0.15001610602365378,upper_half,normal,3.2678664856857096,sideways,sideways,50,0,100.0,0.0,강력 숏,sideways,1.2977915422335284,-1.789993732256756
637,2021-04-28 12:00:00,55255.0,-0.7579431363040401,above_upper,normal,2.2351917065877607,uptrend,uptrend,60,25,70.58823529411765,29.411764705882355,강력 숏,drop,2.1753687449099557,-2.2712876662745463
638,2021-04-29 00:00:00,55178.0,-2.265440955063147,upper_half,normal,2.2413807289040912,uptrend,sideways,50,10,83.33333333333334,16.666666666666664,강력 숏,drop,-0.23197651237811812,-2.9486389503062815
639,2021-04-29 09:30:00,54727.5,-0.8164485845808089,upper_half,normal,2.1267470214480806,sideways,sideways,50,0,100.0,0.0,강력 숏,drop,-0.06486684025398537,-4.276643369421218
640,2021-04-30 00:30:00,53790.0,-1.7130327531862388,above_upper,normal,2.109772617304066,uptrend,sideways,60,10,85.71428571428571,14.285714285714285,강력 숏,sideways,1.97248559211749,-1.0791968767428939
641,2021-05-01 12:00:00,58077.5,-0.6177434396844594,above_upper,tight,1.2449301651885292,uptrend,sideways,65,10,86.66666666666667,13.333333333333334,강력 숏,sideways,-0.0740389996125912,-1.694287805088024
642,2021-05-01 19:15:00,58034.5,-0.0740389996125912,above_upper,tight,1.219893786974561,sideways,sideways,65,0,100.0,0.0,강력 숏,drop,-0.014646460295164587,-3.0214786032446206
643,2021-05-01 23:30:00,57968.0,-0.11458701289750461,upper_half,tight,1.029636661994795,sideways,downtrend,75,0,100.0,0.0,강력 숏,drop,-0.059515594810932715,-3.2052166712669083
644,2021-05-02 02:45:00,57733.0,-0.4053960805961876,upper_half,tight,0.987991890975058,sideways,downtrend,75,0,100.0,0.0,강력 숏,drop,-0.022517451024539614,-2.8112171548334564
645,2021-05-02 12:00:00,57300.0,-0.7500043302790416,above_upper,tight,1.476666963749791,uptrend,sideways,65,10,86.66666666666667,13.333333333333334,강력 숏,sideways,0.517452006980812,-1.7853403141361301
646,2021-05-02 14:45:00,57000.0,-0.5235602094240788,upper_half,tight,0.6510205360624353,sideways,sideways,55,0,100.0,0.0,강력 숏,rise,2.38508771929824,-1.2684210526315742
647,2021-05-03 11:30:00,58959.0,-0.06271611634687257,upper_half,tight,1.666358169532179,sideways,uptrend,55,15,78.57142857142857,21.428571428571427,강력 숏,drop,-0.1865703285333864,-4.1138757441611995
648,2021-05-03 17:30:00,58190.0,-1.3042962058379515,upper_half,normal,2.4769382422076394,sideways,downtrend,70,0,100.0,0.0,강력 숏,drop,-0.06874033339061558,-6.169444921807877
649,2021-05-03 23:30:00,57478.5,-1.2227186801855972,upper_half,normal,2.1084662589486705,uptrend,downtrend,70,10,87.5,12.5,강력 숏,drop,-0.2444392251015559,-5.007959497899217
650,2021-05-04 10:15:00,56635.5,-1.4666353506093577,above_upper,tight,1.7079822886843576,uptrend,sideways,65,10,86.66666666666667,13.333333333333334,강력 숏,drop,-0.23924923413759513,-5.956511375374108
651,2021-05-04 20:45:00,54850.5,-3.1517334533993746,above_upper,normal,2.0836211644721514,sideways,sideways,60,0,100.0,0.0,강력 숏,drop,1.2807540496440284,-3.50133544817276
652,2021-05-05 22:30:00,57650.0,-0.37155448025576465,above_upper,tight,1.6655029279762201,sideways,sideways,65,0,100.0,0.0,강력 숏,drop,1.2940156114483958,-2.0676496097137953
653,2021-05-06 04:30:00,57627.5,-0.03902862098872362,above_upper,tight,1.684700193730947,sideways,sideways,65,0,100.0,0.0,강력 숏,drop,1.33356470435122,-2.0294130406489974
654,2021-05-07 00:15:00,57083.5,-2.247585451058287,above_upper,tight,1.8973078228077767,uptrend,sideways,65,10,86.66666666666667,13.333333333333334,강력 숏,drop,0.9976613206968743,-3.105100423064455
655,2021-05-08 04:15:00,58619.0,-0.19749723333617464,above_upper,normal,2.6370505123767547,uptrend,uptrend,60,25,70.58823529411765,29.411764705882355,강력 숏,sideways,1.4261587539876164,-1.8483768061550054
656,2021-05-09 01:45:00,59274.0,-0.423344420925309,above_upper,tight,1.3422792180534908,uptrend,sideways,65,10,86.66666666666667,13.333333333333334,강력 숏,drop,-0.1636467928602725,-4.890845902081853
657,2021-05-09 16:15:00,57909.5,-2.3020211222458453,upper_half,normal,2.3997681900779626,sideways,downtrend,70,0,100.0,0.0,강력 숏,rise,2.8950344934769,-1.405641561401838
658,2021-05-10 16:00:00,58680.0,-1.5204913905951023,above_upper,normal,2.585251647241833,uptrend,sideways,60,10,85.71428571428571,14.285714285714285,강력 숏,drop,-0.4251874573960479,-8.961315610088615
659,2021-05-11 00:15:00,56400.0,-3.885480572597133,above_upper,normal,2.4620239930043986,sideways,sideways,60,0,100.0,0.0,강력 숏,drop,-0.08687943262410958,-3.347517730496452
660,2021-05-11 10:15:00,56201.0,-0.35283687943262754,upper_half,normal,2.60067023680788,uptrend,sideways,50,10,83.33333333333334,16.666666666666664,강력 숏,drop,1.1423284283197832,-2.4198857671571705
661,2021-05-12 13:45:00,56906.0,-1.7668027516204998,upper_half,normal,2.2006005351596523,uptrend,downtrend,70,10,87.5,12.5,강력 숏,drop,-0.021087407303277406,-19.658735458475384
662,2021-05-12 21:15:00,54746.0,-3.795733314588967,upper_half,normal,2.8280966739659177,uptrend,downtrend,70,10,87.5,12.5,강력 숏,drop,0.0,-16.488875899609102
663,2021-05-13 07:00:00,51318.5,-6.260731377634898,upper_half,normal,3.7865497077332515,uptrend,sideways,50,10,83.33333333333334,16.666666666666664,강력 숏,drop,-0.11886551633426556,-8.385864746631333
664,2021-05-13 14:00:00,50866.0,-0.8817482973976221,above_upper,normal,3.6989027624975335,uptrend,downtrend,80,10,88.88888888888889,11.11111111111111,강력 숏,drop,-0.12385483427043154,-7.570872488499192
665,2021-05-14 01:15:00,50380.0,-0.9554515786576512,upper_half,normal,3.1173181179128,uptrend,sideways,50,10,83.33333333333334,16.666666666666664,강력 숏,drop,1.2107979356887677,-2.935688765383093
666,2021-05-15 01:45:00,50688.0,-1.521244972897362,above_upper,normal,2.539789639799213,uptrend,sideways,60,10,85.71428571428571,14.285714285714285,강력 숏,drop,-0.03649779040404422,-5.630523989898995
667,2021-05-15 15:00:00,49575.0,-2.195785984848486,upper_half,normal,3.139358052011353,uptrend,sideways,50,10,83.33333333333334,16.666666666666664,강력 숏,drop,-0.4034291477559293,-6.160363086232978
668,2021-05-15 21:30:00,48758.0,-1.6480080685829512,upper_half,normal,3.048219798603439,uptrend,downtrend,70,10,87.5,12.5,강력 숏,drop,1.5084704048566433,-4.58796505188892
669,2021-05-16 14:15:00,49301.0,-0.9980320494799022,upper_half,normal,2.655505587177547,sideways,sideways,50,0,100.0,0.0,강력 숏,drop,-1.3650838725380865,-10.975436603720002
670,2021-05-17 00:00:00,46629.0,-5.419768361696519,upper_half,wide,5.611117589585092,uptrend,sideways,50,10,83.33333333333334,16.666666666666664,강력 숏,drop,-0.5704604430719074,-9.54127259859744
671,2021-05-17 12:00:00,45788.0,-1.8035986188852382,upper_half,normal,2.782573034453717,uptrend,uptrend,50,25,66.66666666666666,33.33333333333333,숏 유리,drop,-0.4105879269677648,-7.95950904167031
672,2021-05-17 20:45:00,44939.0,-1.854197606359742,upper_half,wide,7.045686717960684,uptrend,sideways,50,10,83.33333333333334,16.666666666666664,강력 숏,drop,1.9493090633970533,-5.378401833596658
673,2021-05-18 11:45:00,45662.5,-0.3328604168940319,above_upper,tight,1.860715342957163,uptrend,sideways,65,10,86.66666666666667,13.333333333333334,강력 숏,drop,-0.6558992608814651,-7.325485901998352
674,2021-05-18 17:30:00,43840.0,-3.9912400766493272,upper_half,normal,3.110339579643093,sideways,downtrend,70,0,100.0,0.0,강력 숏,drop,-0.40944343065693056,-11.856751824817513
675,2021-05-19 00:00:00,43598.5,-0.5508667883211693,upper_half,normal,2.5992319862493294,sideways,sideways,50,0,100.0,0.0,강력 숏,drop,-0.36010413202288705,-26.516967326857575
676,2021-05-19 08:45:00,40790.0,-6.441735380804381,above_upper,normal,4.7010028769835515,uptrend,downtrend,80,10,88.88888888888889,11.11111111111111,강력 숏,drop,-0.24638391762686895,-29.392007845060064
677,2021-05-19 17:00:00,40555.0,-0.5761215984309898,upper_half,wide,24.123306504707053,uptrend,sideways,50,10,83.33333333333334,16.666666666666664,강력 숏,drop,-0.10109727530513979,-13.820737270373563
678,2021-05-19 20:00:00,40192.0,-0.8950807545308859,upper_half,wide,11.027470465957192,sideways,sideways,50,0,100.0,0.0,강력 숏,drop,1.4269008757961776,-13.04239649681529
679,2021-05-21 00:30:00,42215.0,-0.43632075471697895,above_upper,wide,5.236814152846899,sideways,uptrend,60,15,80.0,20.0,강력 숏,drop,-0.42757313751036197,-7.115954044770811
680,2021-05-21 14:00:00,41686.5,-1.2519246713253551,above_upper,normal,2.6138487480127117,sideways,uptrend,60,15,80.0,20.0,강력 숏,drop,-2.366473558586113,-19.868542573734903
681,2021-05-22 02:15:00,38086.0,-8.637088745757016,upper_half,wide,5.5399756892341525,uptrend,sideways,50,10,83.33333333333334,16.666666666666664,강력 숏,drop,1.8733917975108927,-7.525074830646428
682,2021-05-22 13:30:00,38799.0,-0.0012886764004682583,upper_half,wide,6.294536507713127,uptrend,sideways,50,10,83.33333333333334,16.666666666666664,강력 숏,drop,-0.22165519729889782,-5.4717905100646895
683,2021-05-22 21:45:00,38328.5,-1.2126601201061904,upper_half,normal,2.8687828995554185,uptrend,downtrend,70,10,87.5,12.5,강력 숏,drop,-0.13566928003965195,-11.813663461914759
684,2021-05-23 00:45:00,38230.0,-0.2569889246905044,upper_half,normal,2.8579849174371406,sideways,downtrend,70,0,100.0,0.0,강력 숏,drop,-0.13078733978550972,-14.726654459848287
685,2021-05-24 00:15:00,35675.5,-6.681925189641646,above_upper,wide,7.876238230067948,uptrend,uptrend,60,25,70.58823529411765,29.411764705882355,강력 숏,drop,8.200305531807551,-3.601911676080227
686,2021-05-25 00:30:00,39800.0,-0.20685764433021614,above_upper,normal,4.539576322927556,uptrend,sideways,60,10,85.71428571428571,14.285714285714285,강력 숏,drop,-0.3140703517587995,-8.375628140703517
687,2021-05-25 06:45:00,39184.0,-1.5477386934673376,above_upper,normal,2.1885546323850136,sideways,downtrend,80,0,100.0,0.0,강력 숏,drop,-0.03700489995916989,-6.935228664761128
688,2021-05-25 15:30:00,38480.0,-1.7966516945692068,above_upper,normal,4.590522851206498,uptrend,downtrend,80,10,88.88888888888889,11.11111111111111,강력 숏,drop,3.170478170478175,-3.4433471933471904
689,2021-05-26 23:45:00,39428.0,-3.5306207335274453,above_upper,normal,3.0791539225644304,sideways,sideways,60,0,100.0,0.0,강력 숏,drop,1.194582530181587,-5.711676980825809
690,2021-05-27 21:30:00,39150.0,-3.0376580436640155,upper_half,normal,2.447310978321208,sideways,downtrend,70,0,100.0,0.0,강력 숏,drop,-0.022988505747123522,-9.657726692209456
691,2021-05-28 13:00:00,37238.5,-4.88250319284802,above_upper,wide,5.287363972784787,uptrend,downtrend,80,10,88.88888888888889,11.11111111111111,강력 숏,drop,-0.269881976986186,-6.81149885199458
692,2021-05-28 19:00:00,36562.0,-1.8166682331458017,upper_half,normal,4.104268581201465,uptrend,downtrend,70,10,87.5,12.5,강력 숏,drop,2.0513101033860393,-5.087249056397347
693,2021-05-29 23:30:00,35081.0,-5.979309605488847,above_upper,normal,3.2671633971165708,sideways,sideways,60,0,100.0,0.0,강력 숏,drop,3.8924203985063244,-4.905789458681342
694,2021-05-30 20:15:00,36310.0,-0.37452155899743156,upper_half,normal,2.9443192731530314,uptrend,sideways,50,10,83.33333333333334,16.666666666666664,강력 숏,drop,-0.05783530707793583,-5.875791792894525
695,2021-06-01 06:00:00,37433.0,-1.1382843862243863,upper_half,normal,2.6125568324890596,uptrend,sideways,50,10,83.33333333333334,16.666666666666664,강력 숏,drop,-0.12288622338578747,-4.896748857959555
696,2021-06-01 13:30:00,37387.0,-0.12288622338578747,above_upper,normal,3.3186377373640448,sideways,sideways,60,0,100.0,0.0,강력 숏,drop,-0.13373632546072045,-4.434696552277528
697,2021-06-02 00:00:00,36858.0,-1.4149303233744304,above_upper,normal,2.760945112238783,uptrend,uptrend,60,25,70.58823529411765,29.411764705882355,강력 숏,drop,1.7391068424765344,-2.5991643605187464
698,2021-06-03 00:00:00,37860.0,-0.8848630818367509,upper_half,tight,1.3209053088764617,sideways,downtrend,75,0,100.0,0.0,강력 숏,rise,4.173269941891178,-1.7023243528790255
699,2021-06-03 17:15:00,38968.5,-1.195486815415825,upper_half,normal,2.0197438791706066,uptrend,downtrend,70,10,87.5,12.5,강력 숏,drop,0.7621540474999078,-5.98047140639234
700,2021-06-04 12:45:00,37100.0,-5.515019546421163,upper_half,normal,3.2181983780903463,sideways,sideways,50,0,100.0,0.0,강력 숏,drop,1.7547169811320762,-2.500000000000002
701,2021-06-05 15:45:00,36420.0,-3.8212691789685005,above_upper,normal,2.369343963558377,sideways,downtrend,80,0,100.0,0.0,강력 숏,drop,-0.26633717737506446,-4.3822075782537055
702,2021-06-06 01:45:00,36243.0,-0.4859967051070835,above_upper,normal,4.135889678301159,uptrend,sideways,60,10,85.71428571428571,14.285714285714285,강력 숏,drop,0.5628673123085903,-2.1135115746488964
703,2021-06-06 09:00:00,36370.0,-0.211265673443628,above_upper,tight,1.4004803068370217,uptrend,sideways,65,10,86.66666666666667,13.333333333333334,강력 숏,drop,0.17871872422325907,-2.4553203189441875
704,2021-06-08 08:15:00,33324.5,-9.404904306220097,above_upper,normal,2.2011413287804937,uptrend,sideways,60,10,85.71428571428571,14.285714285714285,강력 숏,drop,1.5214031718405296,-7.035364371558462
705,2021-06-08 11:45:00,33200.0,-0.37359900373599153,upper_half,tight,1.7651302310846557,uptrend,sideways,55,10,84.61538461538461,15.384615384615385,강력 숏,drop,1.9021084337349503,-6.686746987951809
706,2021-06-10 03:15:00,37431.0,-0.7108941881747488,upper_half,tight,1.9376156622171044,sideways,uptrend,55,15,78.57142857142857,21.428571428571427,강력 숏,drop,2.696962410835946,-3.1778472389196066
707,2021-06-10 14:00:00,38175.0,-0.6906778007570114,upper_half,normal,4.154918682963285,sideways,sideways,50,0,100.0,0.0,강력 숏,drop,-1.5848068107400137,-6.1715782580222704
708,2021-06-11 00:00:00,37240.0,-2.4492468893254737,above_upper,normal,3.0092385918424385,sideways,sideways,60,0,100.0,0.0,강력 숏,drop,1.1184210526315796,-3.478786251342647
709,2021-06-11 22:30:00,37459.0,-0.5244778457902388,upper_half,normal,2.16790216686925,sideways,sideways,50,0,100.0,0.0,강력 숏,drop,-0.06273525721455231,-7.5522571344670215
710,2021-06-12 07:00:00,35550.0,-5.096238554152544,upper_half,normal,2.6013476263654995,sideways,downtrend,70,0,100.0,0.0,강력 숏,drop,1.7721518987341867,-2.587904360056259
711,2021-06-12 20:45:00,36072.0,-0.29850746268657025,above_upper,tight,1.9431075189860956,sideways,sideways,65,0,100.0,0.0,강력 숏,drop,-0.2550454646263023,-3.633011754269244
712,2021-06-13 01:00:00,35875.0,-0.5461299622976257,upper_half,tight,1.771894876578568,sideways,sideways,55,0,100.0,0.0,강력 숏,drop,0.6285714285714228,-3.1038327526132448
713,2021-06-14 06:45:00,39732.0,-0.20846414667838875,above_upper,normal,2.2620977742158885,uptrend,sideways,60,10,85.71428571428571,14.285714285714285,강력 숏,drop,3.1787979462398086,-2.124232356790501
714,2021-06-15 00:15:00,40832.0,-0.3976094645688488,above_upper,normal,2.8754670043236326,uptrend,sideways,60,10,85.71428571428571,14.285714285714285,강력 숏,drop,-0.32082680250783424,-3.1152037617554806
715,2021-06-15 03:45:00,40576.0,-0.6269592476489061,upper_half,tight,1.7622660692767398,sideways,sideways,55,0,100.0,0.0,강력 숏,drop,-0.08625788643532584,-2.5039432176656162
716,2021-06-15 12:45:00,40434.0,-0.3499605678233486,above_upper,tight,1.7348159239330683,sideways,sideways,65,0,100.0,0.0,강력 숏,drop,2.1417618835633423,-2.211010535687785
717,2021-06-15 23:15:00,40341.0,-2.322033898305087,upper_half,normal,2.5327303631130826,uptrend,sideways,50,10,83.33333333333334,16.666666666666664,강력 숏,drop,0.3234922287498998,-3.5410624426761905
718,2021-06-16 18:00:00,39691.0,-1.9285175988040915,above_upper,normal,2.4593694160971764,sideways,sideways,60,0,100.0,0.0,강력 숏,drop,-1.0606938600690285,-3.823284875664512
719,2021-06-17 09:45:00,39532.5,-0.39933486180746547,upper_half,normal,2.417547330141346,uptrend,uptrend,50,25,66.66666666666666,33.33333333333333,숏 유리,drop,-0.04300259280338725,-5.39429583254284
720,2021-06-17 15:45:00,39167.5,-0.9232909631315955,upper_half,tight,1.9214735429217575,uptrend,sideways,55,10,84.61538461538461,15.384615384615385,강력 숏,drop,-0.1748898959596623,-4.871385715197551
721,2021-06-18 00:15:00,38223.0,-2.411438054509474,above_upper,tight,1.7310765510513308,uptrend,sideways,65,10,86.66666666666667,13.333333333333334,강력 숏,drop,-0.27077937367553373,-2.9027025612850865
722,2021-06-18 04:30:00,38100.0,-0.32179577741150434,upper_half,normal,2.0728031798162143,uptrend,sideways,50,10,83.33333333333334,16.666666666666664,강력 숏,drop,-0.11154855643044082,-4.712598425196846
723,2021-06-18 11:00:00,38006.0,-0.24671916010499118,above_upper,tight,1.5634420854647741,sideways,downtrend,85,0,100.0,0.0,강력 숏,drop,-0.19733726253748918,-7.49092248592328
724,2021-06-19 01:15:00,36270.0,-4.567699836867867,above_upper,normal,2.318743455013961,sideways,sideways,60,0,100.0,0.0,강력 숏,drop,0.42735042735042583,-4.052936311000832
725,2021-06-19 08:30:00,35911.0,-0.989798731734215,upper_half,normal,2.6167760350535945,sideways,sideways,50,0,100.0,0.0,강력 숏,sideways,1.4313163097658066,-1.5218178274066463
726,2021-06-19 15:00:00,36318.5,-0.29238160603980434,above_upper,tight,1.9984097028560028,uptrend,uptrend,65,25,72.22222222222221,27.77777777777778,강력 숏,drop,-0.36895796907912004,-3.1898343819265707
727,2021-06-19 20:45:00,36155.5,-0.44880708179027007,above_upper,tight,1.8526022247835146,uptrend,downtrend,85,10,89.47368421052632,10.526315789473683,강력 숏,drop,-0.11616489883973236,-2.826679205100191
728,2021-06-20 05:15:00,35889.0,-0.7370939414473643,upper_half,tight,1.6384341153864157,uptrend,sideways,55,10,84.61538461538461,15.384615384615385,강력 숏,drop,-0.16578896040569946,-7.108027529326533
729,2021-06-21 09:00:00,33529.0,-7.247780021577366,upper_half,wide,8.0982080222015,uptrend,downtrend,70,10,87.5,12.5,강력 숏,drop,-0.4607951325718007,-6.618151450982735
730,2021-06-21 14:00:00,33189.0,-1.014047540934715,upper_half,normal,4.417565609590928,uptrend,downtrend,70,10,87.5,12.5,강력 숏,drop,-0.3314351140438099,-6.053210401036491
731,2021-06-21 18:45:00,32898.0,-0.8767965289704471,upper_half,normal,3.2069424126750525,sideways,downtrend,70,0,100.0,0.0,강력 숏,drop,1.0152592862787913,-5.222201957565808
732,2021-06-23 06:00:00,34355.5,-0.04800418945652973,above_upper,tight,1.7798805136268323,uptrend,sideways,65,10,86.66666666666667,13.333333333333334,강력 숏,drop,1.2778157791328848,-4.0997802389719284
733,2021-06-24 00:00:00,33836.5,-2.7533087125838906,above_upper,normal,2.663337099502398,uptrend,sideways,60,10,85.71428571428571,14.285714285714285,강력 숏,drop,1.1481683980317126,-4.450814948354587
734,2021-06-25 19:15:00,32482.0,-8.413691986691473,upper_half,normal,4.90046148288618,uptrend,downtrend,70,10,87.5,12.5,강력 숏,drop,0.6711409395973256,-7.256326580875561
735,2021-06-26 00:30:00,32182.0,-0.9235884489871338,upper_half,normal,3.2123889633039213,sideways,downtrend,70,0,100.0,0.0,강력 숏,drop,1.6095954260145318,-6.466347647753401
736,2021-06-26 12:15:00,31975.0,-2.2171253822629966,upper_half,wide,6.797164627436804,uptrend,sideways,50,10,83.33333333333334,16.666666666666664,강력 숏,drop,1.907740422204851,-4.653635652853794
737,2021-06-26 18:00:00,31888.0,-0.27208756841282655,above_upper,normal,3.7674804083022697,uptrend,sideways,60,10,85.71428571428571,14.285714285714285,강력 숏,drop,4.4185900652282895,-3.05287255393879
738,2021-06-27 16:00:00,33372.0,-0.5275865152463588,upper_half,tight,1.877652356611642,sideways,sideways,55,0,100.0,0.0,강력 숏,drop,4.806424547524868,-2.798753446002633
739,2021-06-28 16:00:00,34981.0,-0.6870510745819458,above_upper,normal,2.4105721309999257,uptrend,sideways,60,10,85.71428571428571,14.285714285714285,강력 숏,drop,0.4616791972785306,-2.8929990566307406
740,2021-06-30 08:30:00,35320.0,-3.426024663002758,upper_half,tight,1.8344320713764417,uptrend,sideways,55,10,84.61538461538461,15.384615384615385,강력 숏,drop,-0.5959796149490382,-3.595696489241218
741,2021-06-30 12:00:00,34986.5,-0.9442242355605868,upper_half,normal,2.678082268910798,uptrend,sideways,50,10,83.33333333333334,16.666666666666664,강력 숏,drop,0.5344918754376593,-2.676746745173142
742,2021-07-01 06:00:00,34450.0,-2.0569462805805516,upper_half,normal,2.7742309036191597,uptrend,downtrend,70,10,87.5,12.5,강력 숏,drop,-0.19593613933236442,-4.2089985486211905
743,2021-07-01 12:30:00,33800.5,-1.8853410740203191,above_upper,tight,1.867995045314456,uptrend,sideways,65,10,86.66666666666667,13.333333333333334,강력 숏,drop,0.36537921036670085,-3.226283634857474
744,2021-07-01 18:45:00,33623.0,-0.5251401606485073,upper_half,tight,1.8173660911668745,sideways,sideways,55,0,100.0,0.0,강력 숏,drop,0.8952205335633456,-2.7600154656039044
745,2021-07-02 08:15:00,33570.0,-1.043509020162714,above_upper,normal,2.1472493573603444,uptrend,sideways,60,10,85.71428571428571,14.285714285714285,강력 숏,drop,0.5406613047363784,-2.3696753053321418
746,2021-07-03 21:45:00,34865.5,-0.09885386819483699,above_upper,tight,0.921512457285255,uptrend,sideways,65,10,86.66666666666667,13.333333333333334,강력 숏,rise,2.285927349385486,-1.7180307180450605
747,2021-07-04 10:45:00,35596.5,-0.18506834910619885,upper_half,tight,1.4442743288027662,sideways,sideways,55,0,100.0,0.0,강력 숏,sideways,0.9649825123256406,-1.025381708875872
748,2021-07-05 10:45:00,34539.0,-3.898163606010019,above_upper,tight,1.1291269539559325,uptrend,sideways,65,10,86.66666666666667,13.333333333333334,강력 숏,drop,-0.18674541822287782,-4.111294478705229
749,2021-07-05 15:00:00,33722.0,-2.365441964156456,lower_half,normal,4.170247808475663,sideways,sideways,40,0,100.0,0.0,강력 숏,sideways,1.536089199928825,-1.7881501690291235
750,2021-07-06 13:00:00,34466.0,-1.6984441624003588,upper_half,normal,4.061634560544326,uptrend,sideways,50,10,83.33333333333334,16.666666666666664,강력 숏,drop,-0.2756339581036382,-2.767945221377588
751,2021-07-06 19:45:00,34155.0,-0.9023385365287573,above_upper,tight,1.2323676864668696,uptrend,downtrend,85,10,89.47368421052632,10.526315789473683,강력 숏,rise,2.2222222222222143,-1.5195432586736946
752,2021-07-07 18:00:00,34767.0,-0.7677817102409001,upper_half,tight,0.9519375825679913,uptrend,sideways,55,10,84.61538461538461,15.384615384615385,강력 숏,drop,-0.10498461184456076,-5.614519515632644
753,2021-07-08 06:15:00,33478.0,-3.707538758017659,upper_half,tight,1.385341906796198,sideways,downtrend,75,0,100.0,0.0,강력 숏,drop,-0.39727582292848895,-4.148993368779497
754,2021-07-08 12:30:00,32945.0,-1.5920903279765808,above_upper,tight,1.428563660192334,sideways,sideways,65,0,100.0,0.0,강력 숏,drop,0.661708908787384,-2.016998027014727
755,2021-07-09 09:30:00,33038.0,-0.6898624783948315,upper_half,tight,1.2704291016257332,sideways,sideways,55,0,100.0,0.0,강력 숏,rise,2.9117985350202824,-1.1925661359646456
756,2021-07-10 04:30:00,33891.5,-0.9903448678809879,upper_half,tight,1.5096759313538186,sideways,sideways,55,0,100.0,0.0,강력 숏,sideways,0.7642034138353182,-1.606597524453035
757,2021-07-11 00:15:00,33785.0,-1.0702625144580646,above_upper,tight,1.8614890208916406,sideways,sideways,65,0,100.0,0.0,강력 숏,sideways,0.14799467219179796,-1.3201124759508631
758,2021-07-12 07:15:00,34457.0,-0.470826112073941,upper_half,tight,1.0026848698259472,uptrend,sideways,55,10,84.61538461538461,15.384615384615385,강력 숏,drop,-0.04933685463041071,-5.099109034448734
759,2021-07-12 19:00:00,33376.5,-3.135792436950402,upper_half,tight,1.7561396169409387,sideways,downtrend,75,0,100.0,0.0,강력 숏,drop,-0.2112264617320614,-2.0268751966203813
760,2021-07-12 23:45:00,33283.0,-0.2801372222971277,above_upper,tight,1.4299868038414973,uptrend,downtrend,85,10,89.47368421052632,10.526315789473683,강력 숏,drop,0.08713156866868577,-2.634978818015199
761,2021-07-13 03:30:00,33190.0,-0.2794219271099352,upper_half,tight,0.7843687224220001,sideways,downtrend,75,0,100.0,0.0,강력 숏,drop,0.36758059656523123,-2.6514010244049424
762,2021-07-13 17:00:00,32925.5,-1.1602425552353468,above_upper,tight,1.6106758005202126,uptrend,downtrend,85,10,89.47368421052632,10.526315789473683,강력 숏,drop,-0.33105040166436783,-3.8617484928095247
763,2021-07-14 00:00:00,32797.0,-0.3902750148061518,above_upper,tight,1.3959197806783294,uptrend,sideways,65,10,86.66666666666667,13.333333333333334,강력 숏,drop,-0.329298411440071,-3.6680184163185636
764,2021-07-15 09:15:00,32605.0,-1.6306889321325624,upper_half,tight,0.8834500388819028,sideways,downtrend,75,0,100.0,0.0,강력 숏,drop,-0.0981444563717182,-4.4318356080355725
765,2021-07-16 02:00:00,32028.0,-1.7696672289526094,above_upper,tight,1.2586331844084018,sideways,uptrend,65,15,81.25,18.75,강력 숏,drop,-0.09054577244910211,-3.0348445110528255
766,2021-07-17 08:45:00,31914.0,-0.8881987577639805,above_upper,tight,1.5642058624129918,sideways,sideways,65,0,100.0,0.0,강력 숏,drop,-0.07990223726264123,-2.049257379206615
767,2021-07-17 19:45:00,31888.5,-0.07990223726264123,above_upper,tight,1.1157511199735113,uptrend,sideways,65,10,86.66666666666667,13.333333333333334,강력 숏,sideways,1.541307995045238,-1.2872979287203878
768,2021-07-18 17:45:00,31754.5,-1.9317479925880177,upper_half,tight,1.7160803834422533,uptrend,downtrend,75,10,88.23529411764706,11.76470588235294,강력 숏,sideways,0.42198743485175605,-1.0423719472830606
769,2021-07-19 05:45:00,31849.0,-0.12386910641767335,above_upper,tight,0.9738623724799155,uptrend,sideways,65,10,86.66666666666667,13.333333333333334,강력 숏,drop,-0.09105466419667696,-4.511915601745741
770,2021-07-20 00:15:00,31032.0,-2.5652296775408923,above_upper,tight,0.8439613608974612,uptrend,uptrend,65,25,72.22222222222221,27.77777777777778,강력 숏,drop,-0.34802784222738303,-5.669953596287702
771,2021-07-20 07:45:00,29842.5,-3.833139984532097,upper_half,tight,1.7103922419461546,sideways,sideways,55,0,100.0,0.0,강력 숏,sideways,0.35017173494178433,-1.910027645136969
772,2021-07-20 20:15:00,29940.5,-0.02170501218820009,above_upper,tight,1.0229182777365258,uptrend,downtrend,85,10,89.47368421052632,10.526315789473683,강력 숏,rise,3.3867169886942383,-1.4411916968654515
773,2021-07-20 23:45:00,29860.0,-0.26886658539436725,upper_half,tight,1.3606515721157095,sideways,downtrend,75,0,100.0,0.0,강력 숏,rise,6.222371064969856,-1.1754855994641655
774,2021-07-22 00:30:00,32344.0,-1.5103532277710108,upper_half,normal,2.826554215307935,uptrend,sideways,50,10,83.33333333333334,16.666666666666664,강력 숏,sideways,-0.25661637397972337,-1.9122557506801918
775,2021-07-22 07:00:00,32261.0,-0.25661637397972337,above_upper,tight,1.210213030794709,sideways,sideways,65,0,100.0,0.0,강력 숏,sideways,0.8648213012615757,-1.6598989491956262
776,2021-07-22 21:30:00,32450.0,-0.27658266748616933,above_upper,tight,0.805251395974399,sideways,downtrend,85,0,100.0,0.0,강력 숏,sideways,1.3066255778120262,-1.2095531587057007
777,2021-07-23 13:45:00,32569.0,-0.9277848755855689,above_upper,tight,0.7670210990269172,sideways,sideways,65,0,100.0,0.0,강력 숏,rise,3.7044428751266567,-1.661088765390406
778,2021-07-25 00:15:00,34360.5,-0.22359346642468747,above_upper,tight,1.7277156624910306,uptrend,sideways,65,10,86.66666666666667,13.333333333333334,강력 숏,sideways,1.1626722544782586,-1.5468343010142438
779,2021-07-25 19:30:00,34562.0,-0.56962025316456,above_upper,tight,1.4792476580318126,uptrend,sideways,65,10,86.66666666666667,13.333333333333334,강력 숏,rise,15.596608992535144,-0.8260517331172945
780,2021-07-26 06:30:00,39299.0,-1.6356923847068439,above_upper,normal,2.7324685740754346,uptrend,sideways,60,10,85.71428571428571,14.285714285714285,강력 숏,drop,3.1960100765922705,-4.025547723860656
781,2021-07-26 12:30:00,38877.0,-1.0738186722308418,above_upper,normal,2.3953327610329556,uptrend,sideways,60,10,85.71428571428571,14.285714285714285,강력 숏,drop,4.316176659721682,-5.47624559508193
782,2021-07-27 13:30:00,38745.0,-4.463074836641601,above_upper,normal,4.643681375622736,uptrend,uptrend,60,25,70.58823529411765,29.411764705882355,강력 숏,drop,3.7785520712350085,-3.603045554265072
783,2021-07-28 19:00:00,40653.0,-0.5406860106669242,above_upper,normal,3.8735439645680616,uptrend,downtrend,80,10,88.88888888888889,11.11111111111111,강력 숏,drop,-0.37635598848793084,-3.451159816003735
784,2021-07-29 00:00:00,40278.0,-0.9224411482547379,upper_half,tight,1.6283529660841678,sideways,downtrend,75,0,100.0,0.0,강력 숏,drop,0.8044093549828712,-2.552261780624654
785,2021-07-29 05:30:00,40240.0,-0.0943443070658967,above_upper,tight,1.9097312325161466,uptrend,downtrend,85,10,89.47368421052632,10.526315789473683,강력 숏,sideways,0.8996023856858937,-1.9607355864811105
786,2021-07-29 15:00:00,40179.0,-1.0418205999704444,upper_half,tight,1.9287616598784214,uptrend,sideways,55,10,84.61538461538461,15.384615384615385,강력 숏,sideways,0.4965280370342606,-1.963712387067873
787,2021-07-30 07:30:00,39880.0,-1.2345679012345734,upper_half,tight,1.1320818878560135,uptrend,downtrend,75,10,88.23529411764706,11.76470588235294,강력 숏,drop,0.8801404212637864,-3.9493480441323947
788,2021-07-30 16:15:00,39208.0,-1.6850551654964852,above_upper,tight,1.3548981304491499,sideways,sideways,65,0,100.0,0.0,강력 숏,rise,8.196031422158745,-0.915629463374823
789,2021-07-31 09:15:00,41985.0,-1.0289593720165469,above_upper,tight,1.208308510679863,uptrend,sideways,65,10,86.66666666666667,13.333333333333334,강력 숏,drop,0.2524711206383312,-2.3079671311182604
790,2021-07-31 15:45:00,41686.0,-0.7121591044420672,upper_half,tight,1.1545172220672422,sideways,sideways,55,0,100.0,0.0,강력 숏,rise,2.1925826416542726,-1.6072542340354046
791,2021-08-01 09:30:00,41946.0,-1.5352112676056295,upper_half,tight,0.7851463993453888,uptrend,downtrend,75,10,88.23529411764706,11.76470588235294,강력 숏,drop,-0.1072807895866168,-3.3519286701950146
792,2021-08-01 19:30:00,41500.0,-1.063271825680634,upper_half,tight,1.9177800064430797,sideways,downtrend,75,0,100.0,0.0,강력 숏,drop,-0.004819277108436548,-5.481927710843371
793,2021-08-02 07:00:00,40450.0,-2.530120481927711,above_upper,tight,1.9000494467790217,uptrend,sideways,65,10,86.66666666666667,13.333333333333334,강력 숏,drop,-0.38195302843015977,-3.9678615574783693
794,2021-08-02 16:15:00,40000.0,-1.1124845488257096,above_upper,normal,2.3369010581465335,uptrend,sideways,60,10,85.71428571428571,14.285714285714285,강력 숏,drop,-0.20250000000000545,-4.997499999999999
795,2021-08-03 00:45:00,39780.0,-0.5499999999999949,above_upper,normal,2.422519956821216,uptrend,sideways,60,10,85.71428571428571,14.285714285714285,강력 숏,drop,-1.0897435897435859,-5.354449472096534
796,2021-08-03 10:30:00,38800.0,-2.463549522373054,above_upper,tight,1.274874487783373,sideways,downtrend,85,0,100.0,0.0,강력 숏,drop,-0.036082474226806216,-3.110824742268037
797,2021-08-03 14:30:00,38688.5,-0.28737113402061976,upper_half,tight,1.4004274342349257,uptrend,downtrend,75,10,88.23529411764706,11.76470588235294,강력 숏,drop,0.029724595163926892,-2.8315907827907494
798,2021-08-06 06:15:00,41240.0,-0.2575792388714859,above_upper,normal,2.2307280631262367,uptrend,sideways,60,10,85.71428571428571,14.285714285714285,강력 숏,drop,5.4352570320077565,-2.399369544131913
799,2021-08-06 12:15:00,41041.5,-0.48132880698351643,above_upper,tight,1.536326557303122,sideways,sideways,65,0,100.0,0.0,강력 숏,rise,5.945201807926126,-1.164674780405195
800,2021-08-07 16:45:00,43827.5,-1.6813603427776602,upper_half,normal,3.465981601749144,uptrend,sideways,50,10,83.33333333333334,16.666666666666664,강력 숏,rise,2.3079116992755777,-1.374707660715302
801,2021-08-08 13:00:00,45189.5,-0.2868522379990912,above_upper,tight,1.9061592914182073,uptrend,sideways,65,10,86.66666666666667,13.333333333333334,강력 숏,drop,-0.45253875347148753,-5.287732769780595
802,2021-08-08 22:15:00,44651.0,-1.1916485024175971,above_upper,normal,2.527505566007018,sideways,sideways,60,0,100.0,0.0,강력 숏,drop,2.676311840720258,-4.145483863743249
803,2021-08-10 08:45:00,46264.0,-1.0131051083177356,above_upper,tight,1.9086551188510832,uptrend,sideways,65,10,86.66666666666667,13.333333333333334,강력 숏,drop,-0.1815666609026434,-3.4519280650181616
804,2021-08-10 13:30:00,46120.0,-0.3112571329759617,upper_half,normal,2.1740290754116964,uptrend,sideways,50,10,83.33333333333334,16.666666666666664,강력 숏,drop,-0.28620988725065466,-3.1504770164787477
805,2021-08-10 21:15:00,45981.5,-0.3003035559410283,above_upper,normal,2.4196521722825195,uptrend,sideways,60,10,85.71428571428571,14.285714285714285,강력 숏,sideways,1.3146591563998555,-1.5799832541348202
806,2021-08-11 20:15:00,46645.0,-0.17869180478722324,above_upper,tight,0.8466906088510102,sideways,sideways,65,0,100.0,0.0,강력 숏,drop,-0.19723443027119814,-3.927537785400359
807,2021-08-12 02:45:00,46220.0,-0.9111373137528189,upper_half,tight,1.649496360748728,uptrend,sideways,55,10,84.61538461538461,15.384615384615385,강력 숏,drop,0.0,-4.9199480744266495
808,2021-08-12 10:15:00,45633.0,-1.2700129813933314,above_upper,tight,1.2210708850693415,uptrend,downtrend,85,10,89.47368421052632,10.526315789473683,강력 숏,drop,-0.4152696513488041,-3.99491595994127
809,2021-08-12 21:00:00,44560.0,-2.3513685271623563,upper_half,tight,1.5664303105233135,uptrend,sideways,55,10,84.61538461538461,15.384615384615385,강력 숏,rise,4.203321364452428,-1.4474865350089794
810,2021-08-13 23:45:00,47850.0,-0.221035949620485,upper_half,normal,4.427816584385415,sideways,sideways,50,0,100.0,0.0,강력 숏,drop,0.899686520376175,-3.820271682340648
811,2021-08-14 16:00:00,47015.0,-2.621141040378616,upper_half,tight,1.9101225941896924,sideways,sideways,55,0,100.0,0.0,강력 숏,sideways,0.9252366266085277,-1.4601722854408195
812,2021-08-15 01:30:00,47382.0,-0.1433087460484761,above_upper,tight,1.4332433489638057,uptrend,sideways,65,10,86.66666666666667,13.333333333333334,강력 숏,drop,-0.08019923177577937,-3.9508674180068426
813,2021-08-15 14:00:00,46540.5,-1.775990882613654,above_upper,tight,1.3673468282527468,sideways,sideways,65,0,100.0,0.0,강력 숏,rise,3.8686735209118917,-1.8790086054081945
814,2021-08-16 06:00:00,47744.0,-1.234976520965636,upper_half,tight,1.0846522211124832,uptrend,sideways,55,10,84.61538461538461,15.384615384615385,강력 숏,drop,-0.050268096514749505,-3.7575402144772063
815,2021-08-16 12:00:00,47720.0,-0.050268096514749505,above_upper,tight,1.3044204329231028,uptrend,sideways,65,10,86.66666666666667,13.333333333333334,강력 숏,drop,-0.6003772003352892,-5.176026823134949
816,2021-08-16 18:15:00,46691.0,-2.1563285834031887,above_upper,tight,1.2663144267362818,uptrend,sideways,65,10,86.66666666666667,13.333333333333334,강력 숏,drop,-0.1306461630721123,-3.086247885031379
817,2021-08-17 03:30:00,46630.0,-0.1306461630721123,upper_half,normal,2.5225897945917892,uptrend,sideways,50,10,83.33333333333334,16.666666666666664,강력 숏,drop,1.4368432339695536,-2.2699978554578615
818,2021-08-17 18:00:00,46223.0,-2.276955602537001,upper_half,normal,2.216885050056506,sideways,downtrend,70,0,100.0,0.0,강력 숏,drop,-0.06490275404019696,-4.1602665339765865
819,2021-08-18 06:15:00,45490.0,-1.5857906237154662,above_upper,tight,1.7349066187639164,uptrend,sideways,65,10,86.66666666666667,13.333333333333334,강력 숏,sideways,1.1211255220927585,-1.7784128379863762
820,2021-08-19 01:45:00,45200.0,-1.7391304347826098,upper_half,tight,1.477557634637895,sideways,sideways,55,0,100.0,0.0,강력 숏,drop,0.5530973451327359,-2.6548672566371723
821,2021-08-19 08:00:00,45000.0,-0.4424778761061954,above_upper,tight,1.3407857037570732,uptrend,sideways,65,10,86.66666666666667,13.333333333333334,강력 숏,rise,4.217777777777787,-1.8333333333333313
822,2021-08-20 06:00:00,47200.0,-0.4639392661324293,upper_half,tight,0.679795942834589,sideways,sideways,55,0,100.0,0.0,강력 숏,rise,4.103813559322034,-0.9957627118644119
823,2021-08-21 13:00:00,49449.0,-0.061641689992830706,above_upper,tight,1.949819169567985,sideways,uptrend,65,15,81.25,18.75,강력 숏,sideways,0.7098222410968802,-1.68961960808105
824,2021-08-21 23:00:00,49369.5,-0.8644578313253048,upper_half,tight,1.5231095010130495,uptrend,sideways,55,10,84.61538461538461,15.384615384615385,강력 숏,sideways,0.14989011434185517,-1.5313098167897166
825,2021-08-22 06:30:00,49250.0,-0.24205227924123385,upper_half,tight,1.2685763297106027,uptrend,sideways,55,10,84.61538461538461,15.384615384615385,강력 숏,drop,0.3928934010152263,-2.589847715736038
826,2021-08-23 23:15:00,49747.5,-1.4705882352941124,upper_half,tight,1.362757175726663,uptrend,downtrend,75,10,88.23529411764706,11.76470588235294,강력 숏,sideways,0.18593899190915142,-1.8734609779385902
827,2021-08-24 10:15:00,49820.0,-0.040128410914930246,upper_half,tight,0.7053170771245874,sideways,sideways,55,0,100.0,0.0,강력 숏,drop,-0.541951023685272,-4.03452428743476
828,2021-08-24 19:45:00,48478.0,-2.6936973103171447,upper_half,tight,1.4697100092243678,sideways,downtrend,75,0,100.0,0.0,강력 숏,drop,0.26816287800652816,-2.0153471677874513
829,2021-08-26 12:15:00,47443.0,-3.841827376186957,above_upper,tight,1.3437853007447151,uptrend,sideways,65,10,86.66666666666667,13.333333333333334,강력 숏,drop,0.3815104441118766,-2.198427586788354
830,2021-08-27 08:00:00,47539.0,-0.24341622075333413,above_upper,tight,1.8829733665995865,uptrend,sideways,65,10,86.66666666666667,13.333333333333334,강력 숏,rise,3.376175350764643,-1.1338059277645751
831,2021-08-28 12:45:00,48963.0,-0.6341894044707863,upper_half,tight,0.8273505324421125,sideways,downtrend,75,0,100.0,0.0,강력 숏,sideways,1.5266629904213458,-1.1273819006188401
832,2021-08-29 10:00:00,48670.0,-2.09311915993603,above_upper,tight,0.6917681576947401,sideways,sideways,65,0,100.0,0.0,강력 숏,sideways,1.4279843846311868,-1.080747893979861
833,2021-08-30 08:30:00,48239.5,-2.279955434011949,above_upper,tight,0.742490306522585,sideways,sideways,65,0,100.0,0.0,강력 숏,sideways,0.9338819846806068,-1.615895687144353
834,2021-08-31 08:30:00,47950.0,-1.5198192647360886,above_upper,normal,2.2776615387484145,uptrend,uptrend,60,25,70.58823529411765,29.411764705882355,강력 숏,drop,0.5901981230448383,-2.167883211678834
835,2021-08-31 23:30:00,47403.0,-1.7208135508884004,upper_half,tight,1.2798802294655465,sideways,downtrend,75,0,100.0,0.0,강력 숏,sideways,0.8744172309769427,-1.7256291795877843
836,2021-09-02 21:45:00,49885.0,-1.0218253968253932,above_upper,tight,1.0392098570205095,uptrend,sideways,65,10,86.66666666666667,13.333333333333334,강력 숏,drop,1.808158765159873,-2.9768467475192906
837,2021-09-03 04:45:00,49749.0,-0.2726270421970489,upper_half,normal,3.1515459351108674,uptrend,sideways,50,10,83.33333333333334,16.666666666666664,강력 숏,rise,2.590001809081599,-1.0030352368891826
838,2021-09-04 04:15:00,50450.0,-1.151114376683815,above_upper,tight,1.7054900759043707,uptrend,sideways,65,10,86.66666666666667,13.333333333333334,강력 숏,sideways,0.2021803766105057,-1.565906838453912
839,2021-09-04 22:00:00,50279.0,-0.5400379806931421,upper_half,tight,1.4991409298644942,sideways,sideways,55,0,100.0,0.0,강력 숏,sideways,0.003977803854482431,-1.44990950496231
840,2021-09-08 02:15:00,47330.0,-10.45820878580347,upper_half,normal,2.2030038509906955,uptrend,sideways,50,10,83.33333333333334,16.666666666666664,강력 숏,drop,-0.10564124234101469,-6.097612507923089
841,2021-09-08 13:30:00,46891.0,-0.927530107754071,above_upper,normal,2.119198700820421,sideways,sideways,60,0,100.0,0.0,강력 숏,drop,-0.2985647565630911,-2.612441619927064
842,2021-09-08 16:45:00,46541.0,-0.7464118914077278,upper_half,tight,1.898680166148281,uptrend,sideways,55,10,84.61538461538461,15.384615384615385,강력 숏,drop,0.45121505769107895,-2.236737500268582
843,2021-09-09 08:15:00,46520.5,-0.49303758208381065,above_upper,tight,0.9902291863176611,sideways,sideways,65,0,100.0,0.0,강력 숏,sideways,1.950752893885488,-1.8550961404112165
844,2021-09-10 01:30:00,47043.0,-0.8117567681538373,above_upper,tight,1.3534767790718176,uptrend,sideways,65,10,86.66666666666667,13.333333333333334,강력 숏,drop,-0.16580575218416715,-3.9176923240439643
845,2021-09-10 12:00:00,46478.0,-1.2010288459494478,above_upper,tight,1.084522144364616,sideways,sideways,65,0,100.0,0.0,강력 숏,drop,-0.4130986703386519,-5.0066698222815065
846,2021-09-10 18:15:00,45850.0,-1.3511769008993535,upper_half,normal,2.1166194667494986,uptrend,sideways,50,10,83.33333333333334,16.666666666666664,강력 숏,drop,-0.09487459105779195,-3.7055616139585634
847,2021-09-11 01:45:00,45499.0,-0.7655398037077377,upper_half,normal,2.8309962114130225,uptrend,downtrend,70,10,87.5,12.5,강력 숏,sideways,0.618694916371787,-1.5011318930086337
848,2021-09-11 04:30:00,45466.5,-0.07143014132178216,upper_half,tight,1.4035942694425882,sideways,downtrend,75,0,100.0,0.0,강력 숏,sideways,1.110707883826545,-1.4307237196617306
849,2021-09-12 04:30:00,45491.5,-1.044125164504095,upper_half,tight,1.5737337264582318,uptrend,sideways,55,10,84.61538461538461,15.384615384615385,강력 숏,sideways,1.6640471296835768,-0.9089610146950533
850,2021-09-12 16:30:00,46096.0,-0.3297404240137469,upper_half,tight,0.7337303928709046,sideways,sideways,55,0,100.0,0.0,강력 숏,drop,0.7896563693162051,-3.6792780284623405
851,2021-09-13 21:00:00,45518.0,-2.946695095948826,above_upper,normal,2.3033045990271734,uptrend,sideways,60,10,85.71428571428571,14.285714285714285,강력 숏,sideways,1.4763390307131141,-1.96845204095083
852,2021-09-14 00:15:00,45365.0,-0.3361307614570097,above_upper,tight,1.1876060263813084,sideways,sideways,65,0,100.0,0.0,강력 숏,rise,2.682684889231779,-1.2719056541386498
853,2021-09-16 04:45:00,48435.0,-0.024769335562568884,above_upper,tight,1.8376691236631721,sideways,sideways,65,0,100.0,0.0,강력 숏,drop,-0.004129245380402047,-2.4465778878909883
854,2021-09-16 15:15:00,48222.0,-0.4397646330133176,upper_half,tight,1.6664362909620656,sideways,downtrend,75,0,100.0,0.0,강력 숏,drop,-0.0321430052673044,-2.420057235286799
855,2021-09-17 01:30:00,48064.0,-0.3276512794989861,above_upper,tight,1.6350314431924522,sideways,sideways,65,0,100.0,0.0,강력 숏,sideways,0.09154460719040802,-1.9016311584553969
856,2021-09-17 16:30:00,47720.0,-0.8065186663340773,above_upper,tight,0.9149582843200419,uptrend,sideways,65,10,86.66666666666667,13.333333333333334,강력 숏,sideways,1.4249790444258226,-1.9530595138306794
857,2021-09-17 20:00:00,47570.0,-0.31433361274099125,upper_half,normal,2.0265252156894915,uptrend,sideways,50,10,83.33333333333334,16.666666666666664,강력 숏,rise,2.58566323313012,-1.573470674795041
858,2021-09-18 09:15:00,48730.0,-0.1434426229508179,upper_half,tight,1.2428463270225234,sideways,sideways,55,0,100.0,0.0,강력 숏,sideways,-0.16724810178534444,-1.8869279704494146
859,2021-09-18 12:15:00,48648.5,-0.16724810178534444,upper_half,tight,0.5687317263332954,sideways,downtrend,75,0,100.0,0.0,강력 숏,sideways,-0.19527837446170482,-1.9579226492080992
860,2021-09-18 15:30:00,48528.5,-0.24666742037267042,upper_half,tight,0.5905619543345911,uptrend,downtrend,75,10,88.23529411764706,11.76470588235294,강력 숏,sideways,-0.1102444955026427,-1.8927022265266769
861,2021-09-18 23:15:00,48350.5,-0.3667947700835561,upper_half,tight,1.1209171241466083,sideways,downtrend,75,0,100.0,0.0,강력 숏,drop,-0.02068230938666593,-2.441546623095936
862,2021-09-19 09:00:00,48300.5,-0.10341154693332966,upper_half,tight,1.1940091448431853,uptrend,sideways,55,10,84.61538461538461,15.384615384615385,강력 숏,drop,-0.17391124315483397,-2.485481516754484
863,2021-09-19 15:30:00,47744.0,-1.1521619859007681,upper_half,tight,1.9218422473648757,uptrend,sideways,55,10,84.61538461538461,15.384615384615385,강력 숏,drop,0.09006367292225814,-5.582900469168905
864,2021-09-20 10:15:00,45277.0,-5.25247452235964,upper_half,normal,3.072864295502704,uptrend,downtrend,70,10,87.5,12.5,강력 숏,drop,-0.6835700245157561,-6.133356892020236
865,2021-09-20 17:30:00,44254.5,-2.2583210018331634,above_upper,tight,1.6174627886862512,uptrend,sideways,65,10,86.66666666666667,13.333333333333334,강력 숏,drop,-0.25082195031014276,-9.538013083415242
866,2021-09-21 02:45:00,43060.0,-2.69916053734649,upper_half,wide,6.986057745175549,sideways,downtrend,70,0,100.0,0.0,강력 숏,drop,1.2540640966093752,-2.128425452856475
867,2021-09-21 15:30:00,43322.0,-0.6376146788990789,upper_half,normal,3.0269214037013414,sideways,sideways,50,0,100.0,0.0,강력 숏,drop,-0.1719680531831358,-8.776141452379848
868,2021-09-22 03:15:00,42370.0,-2.1974978071187867,upper_half,wide,6.548417807731539,sideways,sideways,50,0,100.0,0.0,강력 숏,rise,2.4758083549681453,-1.3429313193297099
869,2021-09-22 21:30:00,43899.0,-0.1614737320900561,above_upper,normal,2.056914699310785,sideways,sideways,60,0,100.0,0.0,강력 숏,drop,1.141256065058438,-2.0387708148249417
870,2021-09-24 14:30:00,42703.0,-5.27284826974268,upper_half,wide,5.178731558632228,uptrend,downtrend,70,10,87.5,12.5,강력 숏,drop,1.128726318993989,-2.5290963164180558
871,2021-09-25 04:00:00,42883.5,-0.6981590830149376,upper_half,tight,1.8341979505664776,uptrend,downtrend,75,10,88.23529411764706,11.76470588235294,강력 숏,drop,0.1550712978185098,-2.8367553954318114
872,2021-09-25 18:00:00,42800.0,-0.34924330616996624,above_upper,tight,1.240003951452692,sideways,sideways,65,0,100.0,0.0,강력 숏,drop,-0.017523364485982906,-2.1915887850467275
873,2021-09-26 16:00:00,43500.0,-0.9404959806890933,above_upper,tight,0.9125844919892108,uptrend,sideways,65,10,86.66666666666667,13.333333333333334,강력 숏,sideways,1.939080459770115,-1.9540229885057436
874,2021-09-27 05:15:00,44179.0,-0.3709675600708118,upper_half,tight,1.562309799999749,sideways,sideways,55,0,100.0,0.0,강력 숏,drop,-0.07243260372574722,-3.008216573485145
875,2021-09-27 09:15:00,44100.0,-0.17881799044795477,upper_half,tight,1.2633607334932164,sideways,downtrend,75,0,100.0,0.0,강력 숏,drop,-0.03401360544217358,-3.57142857142857
876,2021-09-27 14:30:00,44085.0,-0.03401360544217358,above_upper,tight,1.2174178808924492,sideways,downtrend,85,0,100.0,0.0,강력 숏,drop,-1.443801746625839,-5.115118521038897
877,2021-09-27 22:30:00,43395.0,-1.5651582170806422,above_upper,tight,1.4661926909551444,uptrend,downtrend,85,10,89.47368421052632,10.526315789473683,강력 숏,drop,-0.40327226639014224,-4.240119829473443
878,2021-09-28 04:15:00,42730.0,-1.5324346122825183,above_upper,tight,1.4620225191192393,uptrend,sideways,65,10,86.66666666666667,13.333333333333334,강력 숏,drop,-0.04914579920430873,-3.729230049145804
879,2021-09-28 13:00:00,42590.5,-0.32646852328575005,above_upper,tight,1.1607015560563763,sideways,sideways,65,0,100.0,0.0,강력 숏,drop,-0.281752973080851,-4.371866965637872
880,2021-09-28 20:15:00,41988.0,-1.4146347190101105,above_upper,tight,1.5708925146129773,sideways,sideways,65,0,100.0,0.0,강력 숏,drop,1.1955796894350668,-2.9996665714013493
881,2021-09-30 12:45:00,43773.0,-0.04795177421564878,above_upper,tight,1.7945742194639454,sideways,sideways,65,0,100.0,0.0,강력 숏,drop,0.7470358440134328,-2.115459301395839
882,2021-10-01 00:30:00,43990.0,-0.24943310657596918,upper_half,tight,1.6338762832965845,sideways,sideways,55,0,100.0,0.0,강력 숏,rise,9.000909297567627,-1.6299158899749977
883,2021-10-02 06:30:00,47889.0,-1.1374896779521082,above_upper,tight,0.8803650846447022,uptrend,downtrend,85,10,89.47368421052632,10.526315789473683,강력 숏,sideways,0.8895571007955905,-0.8373530455845768
884,2021-10-02 09:30:00,47866.0,-0.04802773079413125,upper_half,tight,0.702847056740372,sideways,downtrend,75,0,100.0,0.0,강력 숏,sideways,0.9380353486817317,-0.7897045919859624
885,2021-10-02 22:00:00,48261.0,-0.11176653213287313,above_upper,tight,1.1298765121054977,sideways,sideways,65,0,100.0,0.0,강력 숏,drop,-0.08702679181947781,-2.409813306810882
886,2021-10-03 05:30:00,48055.0,-0.426845693209843,upper_half,tight,1.927144623304412,sideways,sideways,55,0,100.0,0.0,강력 숏,rise,2.7093954843408596,-0.8781604411611688
887,2021-10-04 01:15:00,48336.0,-2.0686022246084623,upper_half,tight,1.8400986726754707,sideways,downtrend,75,0,100.0,0.0,강력 숏,drop,0.3392916252896283,-2.2467725918570047
888,2021-10-04 05:00:00,47830.0,-1.0468387951009572,upper_half,tight,1.383946904490444,uptrend,downtrend,75,10,88.23529411764706,11.76470588235294,강력 숏,rise,3.4915325109763806,-1.9391595233117287
889,2021-10-05 14:00:00,50320.0,-0.0595829195630615,above_upper,tight,1.1329526934100798,uptrend,sideways,65,10,86.66666666666667,13.333333333333334,강력 숏,rise,3.1558028616852196,-1.4169316375198693
890,2021-10-06 05:15:00,51800.0,-0.2080604145796361,above_upper,tight,1.1402458198846919,sideways,sideways,65,0,100.0,0.0,강력 숏,drop,8.905405405405409,-2.819498069498072
891,2021-10-06 23:00:00,55800.0,-1.0866289685001695,above_upper,tight,1.4382643867777722,sideways,sideways,65,0,100.0,0.0,강력 숏,drop,-0.31362007168458383,-3.405017921146958
892,2021-10-07 04:30:00,55260.5,-0.9668458781362022,upper_half,tight,1.7612913686339837,uptrend,downtrend,75,10,88.23529411764706,11.76470588235294,강력 숏,drop,-0.07238443372752368,-3.4445942400086915
893,2021-10-07 13:30:00,54747.0,-0.9292351679771271,above_upper,tight,1.590399453334745,sideways,downtrend,85,0,100.0,0.0,강력 숏,drop,-0.008219628472794227,-2.5389519060405097
894,2021-10-07 22:00:00,54648.0,-0.1808318264014508,above_upper,tight,1.2063514210661017,uptrend,sideways,65,10,86.66666666666667,13.333333333333334,강력 숏,rise,2.9314888010540274,-1.8793002488654675
895,2021-10-08 02:00:00,54436.5,-0.38702239789196735,upper_half,tight,1.6428487935961338,uptrend,sideways,55,10,84.61538461538461,15.384615384615385,강력 숏,rise,3.3314044804497067,-1.4815427149063587
896,2021-10-08 20:00:00,54778.0,-2.616888888888891,above_upper,tight,1.2019470257945566,uptrend,sideways,65,10,86.66666666666667,13.333333333333334,강력 숏,sideways,0.8415787359888904,-1.9369089780568838
897,2021-10-09 18:00:00,55167.5,-0.6885688568856851,upper_half,tight,1.205476773059991,sideways,sideways,55,0,100.0,0.0,강력 숏,sideways,1.7718765577559248,-1.8715729369646938
898,2021-10-10 08:30:00,55950.0,-0.3473149879775539,upper_half,tight,1.7521438393311668,sideways,sideways,55,0,100.0,0.0,강력 숏,drop,1.2797140303842713,-2.59874888293119
899,2021-10-10 15:45:00,55582.0,-0.6577301161751592,above_upper,tight,1.0538276931688402,uptrend,downtrend,85,10,89.47368421052632,10.526315789473683,강력 숏,drop,2.190457342305052,-2.216544924615882
900,2021-10-11 23:45:00,57540.0,-0.5891397868039605,upper_half,tight,1.231550527969423,sideways,sideways,55,0,100.0,0.0,강력 숏,sideways,0.5100799443865212,-1.876086200903715
901,2021-10-12 13:15:00,57470.0,-0.6285284480448183,upper_half,tight,1.292912143188162,sideways,downtrend,75,0,100.0,0.0,강력 숏,drop,-0.07308160779536665,-6.559944318775013
902,2021-10-13 01:00:00,56696.0,-1.3467896293718473,upper_half,normal,2.576701368725235,sideways,uptrend,50,15,76.92307692307693,23.076923076923077,강력 숏,drop,-0.43918442218146003,-4.286898546634688
903,2021-10-14 11:15:00,58200.0,-0.772339010792289,above_upper,tight,1.2028725652117738,uptrend,sideways,65,10,86.66666666666667,13.333333333333334,강력 숏,drop,-0.11168384879725046,-2.4965635738831593
904,2021-10-14 15:15:00,57859.0,-0.5859106529209623,upper_half,tight,1.2154358332618995,sideways,sideways,55,0,100.0,0.0,강력 숏,rise,2.8189218617673983,-1.9219136175875784
905,2021-10-16 05:15:00,62419.5,-2.1653265622795903,above_upper,tight,1.8664561352862417,uptrend,sideways,65,10,86.66666666666667,13.333333333333334,강력 숏,drop,-0.03925055471447614,-3.5285447656581703
906,2021-10-16 11:45:00,61843.5,-0.9227885516545298,upper_half,tight,0.9846245682716643,uptrend,sideways,55,10,84.61538461538461,15.384615384615385,강력 숏,drop,-0.1932296846071102,-2.6300257909076974
907,2021-10-16 21:00:00,61410.0,-0.700962914453418,above_upper,tight,1.5152626233142457,sideways,sideways,65,0,100.0,0.0,강력 숏,sideways,0.14655593551538004,-1.6951636541279957
908,2021-10-17 10:30:00,61492.5,-0.012195121951219523,above_upper,tight,1.5065695108683044,uptrend,sideways,65,10,86.66666666666667,13.333333333333334,강력 숏,drop,0.33743952514533326,-4.3728910029678385
909,2021-10-17 17:45:00,61104.5,-0.63097125665732,upper_half,tight,0.9219775396099359,sideways,downtrend,75,0,100.0,0.0,강력 숏,drop,2.480177401009742,-3.765680105393221
910,2021-10-18 16:15:00,62400.0,-0.5878698083448874,upper_half,normal,3.675448882748364,sideways,sideways,50,0,100.0,0.0,강력 숏,drop,1.041666666666674,-2.1939102564102586
911,2021-10-19 08:45:00,62610.0,-0.6978588421887366,upper_half,tight,1.4318375852476348,sideways,downtrend,75,0,100.0,0.0,강력 숏,rise,2.844593515412863,-1.984507267209712
912,2021-10-20 08:30:00,64288.0,-0.29776674937965764,above_upper,tight,0.7700223229939038,sideways,sideways,65,0,100.0,0.0,강력 숏,rise,4.545171727227482,-0.7264186162269759
913,2021-10-20 19:00:00,66790.0,-0.6249070078857333,upper_half,tight,1.0827434630521866,uptrend,sideways,55,10,84.61538461538461,15.384615384615385,강력 숏,drop,-0.017966761491239325,-3.9152567749663136
914,2021-10-20 23:00:00,66272.0,-0.7755652043719086,upper_half,tight,1.869221662214932,uptrend,downtrend,75,10,88.23529411764706,11.76470588235294,강력 숏,drop,0.685055528730083,-3.164232254949295
915,2021-10-21 19:30:00,63550.0,-4.759763810208916,upper_half,normal,2.3441177781403595,sideways,downtrend,70,0,100.0,0.0,강력 숏,drop,0.11014948859167095,-2.3713611329661655
916,2021-10-22 03:30:00,63396.5,-0.2415420928402856,above_upper,tight,1.8706297143190695,sideways,sideways,65,0,100.0,0.0,강력 숏,drop,0.5954587398357969,-5.199813869850855
917,2021-10-22 13:00:00,63700.0,-0.11603474770282007,above_upper,tight,0.9115658431766673,uptrend,sideways,65,10,86.66666666666667,13.333333333333334,강력 숏,drop,-0.3265306122449019,-5.651491365777083
918,2021-10-22 20:00:00,61271.0,-3.8131868131868085,upper_half,tight,1.8653096395042343,uptrend,downtrend,75,10,88.23529411764706,11.76470588235294,강력 숏,sideways,0.4635145501134197,-1.7455239836137837
919,2021-10-23 08:15:00,61150.5,-0.657135894728289,upper_half,tight,1.1133507159762264,sideways,uptrend,55,15,78.57142857142857,21.428571428571427,강력 숏,drop,1.076851374886556,-2.4946648024137152
920,2021-10-23 16:00:00,61670.0,-0.2248863434127668,upper_half,tight,1.263927800732086,uptrend,downtrend,75,10,88.23529411764706,11.76470588235294,강력 숏,sideways,-0.22863628993027296,-1.354791632884711
921,2021-10-24 00:00:00,61521.0,-0.24160856169936906,above_upper,tight,0.9262535475755663,sideways,sideways,65,0,100.0,0.0,강력 숏,drop,-0.11540774694819289,-2.7892914614521924
922,2021-10-24 03:15:00,61311.5,-0.34053412655841164,upper_half,tight,0.8245196964525763,uptrend,sideways,55,10,84.61538461538461,15.384615384615385,강력 숏,drop,0.03506683085554574,-3.0263490536033166
923,2021-10-25 21:00:00,63539.0,-0.3317621038266383,upper_half,tight,1.9030579137198194,sideways,sideways,55,0,100.0,0.0,강력 숏,sideways,-0.3737861785674923,-1.9940508978737448
924,2021-10-26 00:15:00,63301.5,-0.3737861785674923,upper_half,tight,1.1452638984977959,uptrend,downtrend,75,10,88.23529411764706,11.76470588235294,강력 숏,sideways,-0.014217672566996242,-1.6263437675252512
925,2021-10-26 08:15:00,63161.0,-0.22195366618484869,above_upper,tight,1.2257220657045198,sideways,sideways,65,0,100.0,0.0,강력 숏,drop,-0.06887161381231577,-2.0083595889868744
926,2021-10-26 11:00:00,63117.5,-0.06887161381231577,upper_half,tight,1.433607263090312,uptrend,sideways,55,10,84.61538461538461,15.384615384615385,강력 숏,drop,-0.19645898522596683,-5.116647522477913
927,2021-10-26 15:45:00,62808.5,-0.4895631164098746,upper_half,tight,1.9381081194504644,sideways,sideways,55,0,100.0,0.0,강력 숏,drop,-0.013533200124182798,-4.649848348551544
928,2021-10-27 01:15:00,60850.0,-3.1182085227317913,lower_half,normal,4.233341479031758,uptrend,downtrend,60,10,85.71428571428571,14.285714285714285,강력 숏,drop,1.101068200493005,-4.815940838126542
929,2021-10-27 14:45:00,59479.0,-3.3176202860858206,above_upper,tight,1.2658515643525827,uptrend,downtrend,85,10,89.47368421052632,10.526315789473683,강력 숏,drop,0.3446594596412167,-2.244489651809878
930,2021-10-28 04:00:00,59237.0,-0.7489444407211332,above_upper,tight,1.4582859745363073,uptrend,sideways,65,10,86.66666666666667,13.333333333333334,강력 숏,rise,4.495501122609169,-0.9065280145854837
931,2021-10-29 01:15:00,62149.0,-0.8226348251402338,above_upper,normal,2.953760179574103,uptrend,sideways,60,10,85.71428571428571,14.285714285714285,강력 숏,drop,-0.11987320793577227,-2.7820238459186797
932,2021-10-29 20:00:00,62715.5,-0.4334124483040602,upper_half,tight,1.4215962909138837,uptrend,sideways,55,10,84.61538461538461,15.384615384615385,강력 숏,drop,-0.31092792053001306,-2.6556433417576186
933,2021-10-30 13:30:00,62277.5,-0.6983919445751052,above_upper,tight,0.9792058211779339,sideways,uptrend,65,15,81.25,18.75,강력 숏,drop,0.1967002529003281,-2.5330175424511214
934,2021-10-30 20:30:00,61958.0,-0.5130263738910568,above_upper,tight,1.319291762639001,uptrend,sideways,65,10,86.66666666666667,13.333333333333334,강력 숏,drop,0.7133864876206486,-2.1934213499467337
935,2021-10-31 17:15:00,60991.0,-2.2580128205128225,above_upper,tight,1.150404028007985,sideways,sideways,65,0,100.0,0.0,강력 숏,drop,1.2788772113918379,-2.536439802593826
936,2021-11-01 19:45:00,61471.0,-1.7038049778929087,upper_half,normal,2.1905275783400824,sideways,downtrend,70,0,100.0,0.0,강력 숏,sideways,0.6165508939174558,-1.6528118950399406
937,2021-11-03 00:45:00,63600.0,-1.0247671514274415,above_upper,tight,1.0902258104772398,uptrend,downtrend,85,10,89.47368421052632,10.526315789473683,강력 숏,drop,-0.06210691823899106,-2.6729559748427723
938,2021-11-03 07:45:00,63546.0,-0.08490566037735459,above_upper,tight,0.8581568979115124,sideways,downtrend,85,0,100.0,0.0,강력 숏,drop,-0.1534321593806065,-5.459037547603307
939,2021-11-03 19:00:00,63448.5,-0.1534321593806065,above_upper,normal,2.5390473483261125,uptrend,sideways,60,10,85.71428571428571,14.285714285714285,강력 숏,drop,-0.30024350457457105,-2.5185780593709906
940,2021-11-04 04:30:00,62899.0,-0.866056723169184,upper_half,tight,1.3452915936349088,uptrend,downtrend,75,10,88.23529411764706,11.76470588235294,강력 숏,drop,-0.15024086233484946,-3.243294805958763
941,2021-11-04 14:00:00,62392.5,-0.8052592251069135,above_upper,tight,1.448757791584008,uptrend,sideways,65,10,86.66666666666667,13.333333333333334,강력 숏,drop,-0.0008013783707960798,-2.8280642705453385
942,2021-11-04 20:15:00,61580.0,-1.302239852546383,above_upper,tight,1.0091266824370266,sideways,sideways,65,0,100.0,0.0,강력 숏,sideways,1.7270217603117866,-1.1075024358558005
943,2021-11-05 13:30:00,61961.0,-1.0894985114177858,upper_half,tight,1.4981001650269898,sideways,downtrend,75,0,100.0,0.0,강력 숏,sideways,-0.14767353657946236,-1.9318603637772158
944,2021-11-05 18:45:00,61468.5,-0.7948548280369949,upper_half,tight,1.5814366941296893,uptrend,downtrend,75,10,88.23529411764706,11.76470588235294,강력 숏,sideways,0.21393071247874929,-1.7138859741168244
945,2021-11-05 22:15:00,61400.0,-0.1114391924318947,above_upper,tight,0.8044361536677286,uptrend,downtrend,85,10,89.47368421052632,10.526315789473683,강력 숏,sideways,0.32573289902280145,-1.9739413680781803
946,2021-11-07 04:00:00,62299.5,-0.0705767241171884,upper_half,tight,1.884869772299337,uptrend,sideways,55,10,84.61538461538461,15.384615384615385,강력 숏,sideways,0.11396560165009006,-1.280106581914786
947,2021-11-09 09:45:00,68250.0,-0.5102040816326481,above_upper,tight,0.7103047525097528,sideways,downtrend,85,0,100.0,0.0,강력 숏,drop,-0.0021978021978008577,-2.930402930402931
948,2021-11-09 13:45:00,68165.5,-0.12380952380952603,upper_half,tight,1.3164665864497018,sideways,downtrend,75,0,100.0,0.0,강력 숏,drop,-0.02347228436672122,-2.8100725440288743
949,2021-11-09 21:45:00,67822.0,-0.5039206049981315,above_upper,normal,2.349707381857709,uptrend,sideways,60,10,85.71428571428571,14.285714285714285,강력 숏,drop,-0.09362743652502337,-2.1895550116481366
950,2021-11-10 10:15:00,67180.5,-0.9458582760756062,above_upper,tight,0.9391777370753579,sideways,sideways,65,0,100.0,0.0,강력 숏,drop,2.9145362121449025,-6.94844486123205
951,2021-11-11 09:15:00,65594.0,-5.126666039905404,above_upper,tight,1.6993968320525916,uptrend,uptrend,65,25,72.22222222222221,27.77777777777778,강력 숏,sideways,-0.021343415556296375,-1.7372015733146284
952,2021-11-11 14:30:00,65495.0,-0.1509284385767029,upper_half,tight,1.5853506276602698,sideways,sideways,55,0,100.0,0.0,강력 숏,drop,-0.04580502328421776,-2.1681044354530887
953,2021-11-11 22:30:00,65330.5,-0.25116421100847,above_upper,tight,0.9117362777002258,sideways,sideways,65,0,100.0,0.0,강력 숏,drop,0.20587627524664143,-2.7429760984532536
954,2021-11-12 08:45:00,64956.5,-0.7767509356144453,upper_half,tight,1.1872759306408542,sideways,downtrend,75,0,100.0,0.0,강력 숏,drop,-0.09159976291825966,-4.012685412545314
955,2021-11-12 20:00:00,64595.5,-0.555756544764574,above_upper,normal,2.805814984669493,sideways,sideways,60,0,100.0,0.0,강력 숏,sideways,-0.09907810915621429,-1.6185337987940307
956,2021-11-13 00:00:00,64444.5,-0.23376241379043927,above_upper,tight,1.1269433508832136,uptrend,sideways,65,10,86.66666666666667,13.333333333333334,강력 숏,sideways,-0.0737068330113555,-1.606033098247328
957,2021-11-13 07:45:00,64200.0,-0.3793962246584237,above_upper,tight,0.5914224313648859,uptrend,downtrend,85,10,89.47368421052632,10.526315789473683,강력 숏,sideways,1.4680685358255507,-1.2313084112149486
958,2021-11-14 06:00:00,65200.0,-0.26768642447418944,above_upper,tight,0.6376843124418281,sideways,sideways,65,0,100.0,0.0,강력 숏,drop,-0.16334355828221403,-2.3773006134969354
959,2021-11-14 13:30:00,64800.0,-0.6134969325153339,above_upper,tight,0.8069754491768536,uptrend,sideways,65,10,86.66666666666667,13.333333333333334,강력 숏,rise,2.1604938271605034,-1.7746913580246937
960,2021-11-14 18:00:00,64450.0,-0.5401234567901203,upper_half,tight,1.9382885914376968,uptrend,sideways,55,10,84.61538461538461,15.384615384615385,강력 숏,rise,2.7152831652443865,-1.0131885182311895
961,2021-11-15 05:15:00,65915.0,-0.43051359516615983,upper_half,tight,0.4234109967370738,sideways,sideways,55,0,100.0,0.0,강력 숏,drop,0.7100053098687775,-2.9811120382310596
962,2021-11-16 09:00:00,61370.0,-7.551632194989677,upper_half,tight,1.6983445766370115,sideways,downtrend,75,0,100.0,0.0,강력 숏,drop,0.0945087176144721,-4.676552061267724
963,2021-11-16 22:30:00,61159.5,-0.43709708927525126,above_upper,normal,2.543587653875341,uptrend,sideways,60,10,85.71428571428571,14.285714285714285,강력 숏,drop,-0.6466697732976923,-4.5937262404041945
964,2021-11-17 07:45:00,60155.0,-1.6424267693489925,above_upper,tight,1.996576233399243,sideways,downtrend,85,0,100.0,0.0,강력 숏,drop,1.2891696450835433,-3.000581830271798
965,2021-11-17 18:45:00,60650.0,-0.4603605747532047,upper_half,normal,2.266654245008599,uptrend,downtrend,70,10,87.5,12.5,강력 숏,sideways,0.7370156636438585,-1.7971970321516872
966,2021-11-18 11:00:00,59975.0,-1.8364240470072235,upper_half,tight,1.4424784491648242,uptrend,downtrend,75,10,88.23529411764706,11.76470588235294,강력 숏,drop,-0.02501042100875317,-5.8224260108378445
967,2021-11-18 20:45:00,58470.0,-2.509378907878279,upper_half,normal,2.366009827930421,uptrend,downtrend,70,10,87.5,12.5,강력 숏,drop,-0.38652300324952815,-4.796476825722595
968,2021-11-19 09:15:00,57509.0,-1.6435779031982234,above_upper,normal,3.2010694814052894,uptrend,sideways,60,10,85.71428571428571,14.285714285714285,강력 숏,sideways,1.3884783251317145,-1.684953659427224
969,2021-11-20 06:30:00,58844.0,-0.21028354361687374,upper_half,tight,0.9818886018059805,sideways,sideways,55,0,100.0,0.0,강력 숏,drop,1.4309020460879562,-2.638331860512544
970,2021-11-20 12:15:00,58839.0,-0.00849704302902099,above_upper,tight,0.591454332859748,sideways,sideways,65,0,100.0,0.0,강력 숏,drop,1.7411920664865077,-2.6300582946685025
971,2021-11-21 06:45:00,59272.5,-0.9872459846150039,upper_half,tight,1.2401220980775791,uptrend,downtrend,75,10,88.23529411764706,11.76470588235294,강력 숏,sideways,1.3075203509215871,-1.2493146062676597
972,2021-11-21 20:45:00,59693.5,-0.5895332861484692,upper_half,tight,1.1416785981257704,uptrend,sideways,55,10,84.61538461538461,15.384615384615385,강력 숏,drop,-0.06449613442000013,-4.956151004715759
973,2021-11-22 09:00:00,57865.0,-3.0631475788821194,above_upper,tight,1.174127978229326,sideways,sideways,65,0,100.0,0.0,강력 숏,drop,3.157349001987386,-3.8900890002592226
974,2021-11-23 03:00:00,57293.0,-4.018964015278426,above_upper,tight,1.8978159879867378,uptrend,sideways,65,10,86.66666666666667,13.333333333333334,강력 숏,drop,0.7950360427975589,-3.478609952350198
975,2021-11-23 15:00:00,57740.0,-0.014718997030227499,above_upper,normal,3.268769139034128,uptrend,sideways,60,10,85.71428571428571,14.285714285714285,강력 숏,drop,0.2805680637339769,-2.7970211291998615
976,2021-11-24 08:30:00,57472.0,-0.7426341059030728,above_upper,tight,0.8475308593768801,sideways,sideways,65,0,100.0,0.0,강력 숏,drop,0.04001948775056441,-2.6743457683741645
977,2021-11-24 15:45:00,57193.0,-0.48545378619153645,above_upper,tight,1.730266769017245,sideways,sideways,65,0,100.0,0.0,강력 숏,sideways,1.9880055251516815,-1.1198922945115708
978,2021-11-25 23:00:00,59337.0,-0.17412370353546702,above_upper,tight,1.1430256426013383,sideways,sideways,65,0,100.0,0.0,강력 숏,drop,-0.24183898747830446,-9.499974720663328
979,2021-11-26 14:30:00,54881.5,-7.508805635606786,upper_half,normal,2.444353896759515,uptrend,downtrend,70,10,87.5,12.5,강력 숏,drop,-0.27604930623251756,-2.3887831054180353
980,2021-11-26 20:45:00,54595.0,-0.5220338365387267,upper_half,tight,0.9673066873909946,uptrend,downtrend,75,10,88.23529411764706,11.76470588235294,강력 숏,sideways,1.2885795402509448,-1.8765454711969998
981,2021-11-27 03:30:00,54611.5,-0.07044830741079755,upper_half,tight,1.9481290654199437,uptrend,sideways,55,10,84.61538461538461,15.384615384615385,강력 숏,sideways,1.257976799758298,-0.661948490702513
982,2021-11-27 14:15:00,55218.5,-0.14466938524553274,above_upper,tight,1.3148936223154555,uptrend,sideways,65,10,86.66666666666667,13.333333333333334,강력 숏,drop,-0.03350326430453521,-2.6503798545777224
983,2021-11-27 20:00:00,55075.0,-0.25987667176761153,upper_half,tight,0.7292588055859588,sideways,downtrend,75,0,100.0,0.0,강력 숏,drop,-0.005447117566959037,-2.3967317294598223
984,2021-11-28 10:45:00,54975.0,-0.1815705855651384,above_upper,tight,0.9248913681480345,sideways,sideways,65,0,100.0,0.0,강력 숏,drop,4.475670759436112,-3.370623010459295
985,2021-11-29 07:30:00,57674.5,-0.9879828326180284,above_upper,tight,0.778290474900987,uptrend,sideways,65,10,86.66666666666667,13.333333333333334,강력 숏,rise,2.0754406193378427,-1.7130620985010725
986,2021-11-29 13:30:00,57522.5,-0.2635480151540137,above_upper,tight,1.3084666262905857,sideways,downtrend,85,0,100.0,0.0,강력 숏,rise,2.3451692815854575,-1.1273849363292676
987,2021-11-29 21:45:00,58444.0,-0.7261578182991779,upper_half,tight,1.9090603395434156,sideways,sideways,55,0,100.0,0.0,강력 숏,drop,-0.10950653617137762,-4.352884812812263
988,2021-11-30 18:45:00,58414.0,-1.3277027027027044,upper_half,wide,5.016769410082643,sideways,sideways,50,0,100.0,0.0,강력 숏,drop,-0.07104461259287431,-2.9342280960043876
989,2021-12-01 00:45:00,57697.5,-1.2265895162118623,upper_half,tight,1.4253798501470856,sideways,downtrend,75,0,100.0,0.0,강력 숏,sideways,0.43589410286406505,-1.6534511893929515
990,2021-12-02 01:30:00,57390.5,-2.8481709071826344,above_upper,tight,1.263492837732482,sideways,downtrend,85,0,100.0,0.0,강력 숏,drop,-0.23000322353002867,-2.7713645986705115
991,2021-12-02 08:30:00,57200.0,-0.33193647032174756,above_upper,tight,1.4049034797593296,uptrend,sideways,65,10,86.66666666666667,13.333333333333334,강력 숏,sideways,0.30594405594406293,-1.9720279720279676
992,2021-12-02 20:30:00,57200.0,-0.3050108932461826,above_upper,tight,1.7714978836676818,uptrend,sideways,65,10,86.66666666666667,13.333333333333334,강력 숏,sideways,-0.06730769230769429,-1.8793706293706247
993,2021-12-03 05:45:00,57066.5,-0.23339160839160877,above_upper,tight,1.2423610319470817,uptrend,sideways,65,10,86.66666666666667,13.333333333333334,강력 숏,drop,1.0925849666616916,-4.2064959301867155
994,2021-12-04 15:00:00,48522.0,-15.891835673426936,above_upper,normal,3.7795793783654776,uptrend,sideways,60,10,85.71428571428571,14.285714285714285,강력 숏,rise,2.4607394583900044,-1.5930917934132927
995,2021-12-05 07:00:00,49631.5,-0.1699654034918341,above_upper,tight,1.6249680513422498,uptrend,sideways,65,10,86.66666666666667,13.333333333333334,강력 숏,drop,-0.019141069683570322,-3.819147114231891
996,2021-12-05 12:15:00,49622.0,-0.019141069683570322,above_upper,tight,1.1927831756234122,sideways,sideways,65,0,100.0,0.0,강력 숏,drop,-0.06448752569424565,-3.800733545604773
997,2021-12-05 18:00:00,49351.0,-0.5461287332231723,upper_half,normal,3.627879511632057,uptrend,sideways,50,10,83.33333333333334,16.666666666666664,강력 숏,drop,0.264432331665021,-2.7243622216368446
998,2021-12-06 04:15:00,49230.0,-0.5082707678627396,upper_half,tight,1.8222200720242716,uptrend,downtrend,75,10,88.23529411764706,11.76470588235294,강력 숏,drop,0.4377412147064774,-4.489132642697546
999,2021-12-06 11:45:00,48900.0,-1.1032348747611054,above_upper,normal,3.3227229081764666,sideways,sideways,60,0,100.0,0.0,강력 숏,drop,4.089979550102241,-2.249488752556239
1000,2021-12-07 09:00:00,51487.0,-0.05532315516688646,above_upper,tight,0.8689440591470736,sideways,sideways,65,0,100.0,0.0,강력 숏,drop,0.8477868199739724,-2.587060811466968
1001,2021-12-08 01:00:00,50788.5,-2.1859081148227655,upper_half,tight,1.2267921148436804,uptrend,downtrend,75,10,88.23529411764706,11.76470588235294,강력 숏,drop,-0.0856493103753797,-4.478376010317298
1002,2021-12-08 06:45:00,50662.0,-0.24907213247092885,upper_half,tight,1.1866604245030417,uptrend,downtrend,75,10,88.23529411764706,11.76470588235294,강력 숏,drop,1.1260905609727256,-4.239864198018239
1003,2021-12-08 19:30:00,50833.0,-0.7797784609378855,upper_half,tight,1.3194884799816617,uptrend,sideways,55,10,84.61538461538461,15.384615384615385,강력 숏,drop,-0.03049200322624568,-3.3875631971357234
1004,2021-12-09 07:30:00,50388.5,-0.8744319634882869,above_upper,tight,1.2367621215011293,sideways,downtrend,85,0,100.0,0.0,강력 숏,drop,-0.41378489139386465,-5.997400200442559
1005,2021-12-09 12:15:00,49669.0,-1.427905176776445,upper_half,normal,2.331694294934975,uptrend,downtrend,70,10,87.5,12.5,강력 숏,drop,-0.5033320582254475,-4.738367996134407
1006,2021-12-10 02:15:00,48800.0,-1.7495822343916778,above_upper,normal,2.1301946486969165,sideways,sideways,60,0,100.0,0.0,강력 숏,drop,2.765368852459016,-2.523565573770492
1007,2021-12-10 21:00:00,48550.0,-3.1894635041226693,above_upper,normal,2.466123906291824,uptrend,sideways,60,10,85.71428571428571,14.285714285714285,강력 숏,drop,0.8650875386199797,-3.7075180226570525
1008,2021-12-11 13:00:00,48901.0,-0.14090259342454114,above_upper,tight,1.1875567060552423,uptrend,sideways,65,10,86.66666666666667,13.333333333333334,강력 숏,sideways,1.6011942496063414,-1.522463753297476
1009,2021-12-12 07:15:00,49341.5,-0.6893567345624296,upper_half,tight,1.0473837210798587,uptrend,sideways,55,10,84.61538461538461,15.384615384615385,강력 숏,rise,2.9356626774621697,-1.4906316184145174
1010,2021-12-13 05:45:00,49295.0,-2.943492813545978,above_upper,tight,1.265115415638655,sideways,downtrend,85,0,100.0,0.0,강력 숏,drop,-0.13591642154376915,-5.8961355107008835
1011,2021-12-13 12:15:00,48976.5,-0.6461101531595514,upper_half,tight,0.9179043253209815,sideways,downtrend,75,0,100.0,0.0,강력 숏,drop,-0.18784519106102016,-7.094218655885987
1012,2021-12-13 22:00:00,47297.5,-3.4281747368635984,upper_half,normal,3.9991790602270734,sideways,downtrend,70,0,100.0,0.0,강력 숏,drop,0.39642687245626806,-2.2115333791426606
1013,2021-12-14 04:15:00,47150.0,-0.31185580633226184,upper_half,tight,1.5242936316295395,uptrend,downtrend,75,10,88.23529411764706,11.76470588235294,강력 숏,sideways,1.6330858960763583,-1.7603393425238645
1014,2021-12-15 00:15:00,48747.0,-0.16282141869681244,upper_half,normal,4.565449365430985,sideways,sideways,50,0,100.0,0.0,강력 숏,drop,0.053336615586596636,-2.8032494307342004
1015,2021-12-15 04:15:00,48417.5,-0.6759390321455672,upper_half,tight,1.3626144257920958,uptrend,downtrend,75,10,88.23529411764706,11.76470588235294,강력 숏,drop,0.7342386533794709,-3.870501368306911
1016,2021-12-16 00:45:00,49286.5,-0.44036400731246594,upper_half,tight,1.3123742559508567,sideways,sideways,55,0,100.0,0.0,강력 숏,sideways,0.33173384192426436,-1.8270723220354501
1017,2021-12-16 20:15:00,48426.5,-2.0697674418604706,upper_half,normal,2.036705827773584,sideways,downtrend,70,0,100.0,0.0,강력 숏,drop,-0.07433946289737703,-3.4619474874294065
1018,2021-12-17 01:15:00,47982.5,-0.9168533757343611,upper_half,tight,1.3872623391437273,uptrend,downtrend,75,10,88.23529411764706,11.76470588235294,강력 숏,drop,-0.06252279476892664,-2.863544000416818
1019,2021-12-17 05:00:00,47952.5,-0.06252279476892664,above_upper,tight,0.5577776704682809,uptrend,downtrend,85,10,89.47368421052632,10.526315789473683,강력 숏,drop,-0.09280016683176351,-5.573223502424273
1020,2021-12-17 12:15:00,47342.5,-1.2720921745477343,above_upper,tight,0.9659146137536048,uptrend,sideways,65,10,86.66666666666667,13.333333333333334,강력 숏,drop,0.22706870148385683,-4.356550668004433
1021,2021-12-17 21:30:00,47185.0,-0.5584826132771337,above_upper,normal,2.0877283421494024,sideways,sideways,60,0,100.0,0.0,강력 숏,drop,-0.3963123874112573,-3.5710501218607638
1022,2021-12-18 05:30:00,46907.0,-0.5891702871675286,above_upper,normal,2.7432551673418892,sideways,sideways,60,0,100.0,0.0,강력 숏,sideways,0.8836634191058845,-1.522160871511713
1023,2021-12-18 15:15:00,47202.5,-0.25147131853385796,upper_half,tight,1.3470481806810626,sideways,sideways,55,0,100.0,0.0,강력 숏,sideways,1.689529156294678,-1.8272337270271666
1024,2021-12-18 22:00:00,47098.5,-0.22032731317197518,above_upper,tight,1.169580426780389,uptrend,sideways,65,10,86.66666666666667,13.333333333333334,강력 숏,rise,2.2038918436892985,-1.4384746860303443
1025,2021-12-19 22:45:00,47650.0,-1.5292415788386027,above_upper,tight,1.538348704204682,uptrend,sideways,65,10,86.66666666666667,13.333333333333334,강력 숏,drop,-0.45015739769149743,-4.022035676810076
1026,2021-12-20 05:00:00,47046.0,-1.2675760755508914,upper_half,tight,1.3861231462229482,uptrend,downtrend,75,10,88.23529411764706,11.76470588235294,강력 숏,drop,-0.20405560515240895,-3.329719848658763
1027,2021-12-21 12:30:00,49299.0,-0.03852548765156394,above_upper,tight,1.3467623591327378,uptrend,sideways,65,10,86.66666666666667,13.333333333333334,강력 숏,drop,0.0020284387107327717,-2.0669790462281235
1028,2021-12-21 17:15:00,48863.5,-0.8833850585204583,upper_half,tight,1.3529460344861386,sideways,downtrend,75,0,100.0,0.0,강력 숏,sideways,1.4786087775128687,-1.050886653637173
1029,2021-12-22 08:30:00,49500.0,-0.17343605049812139,above_upper,tight,0.9930716812146906,uptrend,sideways,65,10,86.66666666666667,13.333333333333334,강력 숏,drop,-0.1030303030303048,-2.185858585858591
1030,2021-12-22 16:00:00,49251.5,-0.5020202020202036,above_upper,tight,1.5557968794809847,sideways,sideways,65,0,100.0,0.0,강력 숏,drop,-0.1289300833477114,-2.478097113793487
1031,2021-12-22 20:45:00,49100.0,-0.30760484452250214,upper_half,tight,1.1568447731586151,uptrend,sideways,55,10,84.61538461538461,15.384615384615385,강력 숏,drop,-0.002036659877802105,-2.1792260692464316
1032,2021-12-23 02:15:00,48750.5,-0.7118126272912417,upper_half,normal,2.190343935444094,sideways,downtrend,70,0,100.0,0.0,강력 숏,sideways,0.2041004707644012,-1.4779335596557974
1033,2021-12-24 11:15:00,51450.0,-0.20366598778004397,above_upper,tight,0.8571958237231364,sideways,sideways,65,0,100.0,0.0,강력 숏,drop,1.0301263362487934,-2.0369290573372223
1034,2021-12-25 02:30:00,51069.0,-1.7525971527510564,upper_half,tight,0.9918355656354522,uptrend,downtrend,75,10,88.23529411764706,11.76470588235294,강력 숏,sideways,-0.05580684955648341,-0.9643815230374608
1035,2021-12-25 07:30:00,51040.5,-0.05580684955648341,above_upper,tight,0.5918478343032865,sideways,downtrend,85,0,100.0,0.0,강력 숏,sideways,0.2125762874579884,-1.8426543627119596
1036,2021-12-25 12:30:00,50888.0,-0.2987823395147027,upper_half,tight,0.6827977922234055,sideways,downtrend,75,0,100.0,0.0,강력 숏,sideways,0.512891054865583,-1.548498663732123
1037,2021-12-25 21:30:00,51081.5,-0.13196738939177388,upper_half,tight,1.504409872281225,sideways,sideways,55,0,100.0,0.0,강력 숏,drop,-0.03817429010503082,-2.9012460479821423
1038,2021-12-26 09:45:00,50173.5,-1.777551559762336,above_upper,tight,0.5027266971870378,uptrend,sideways,65,10,86.66666666666667,13.333333333333334,강력 숏,rise,2.2332506203474045,-1.7748413006866137
1039,2021-12-27 03:45:00,51090.0,-0.397707334191133,above_upper,tight,1.1651140246834573,uptrend,sideways,65,10,86.66666666666667,13.333333333333334,강력 숏,sideways,1.4131924055588163,-1.089254257193184
1040,2021-12-28 09:00:00,49409.5,-5.198679943974371,upper_half,tight,1.0731612232251286,uptrend,downtrend,75,10,88.23529411764706,11.76470588235294,강력 숏,drop,-0.12952974630384695,-4.239063338022042
1041,2021-12-28 12:30:00,49345.5,-0.12952974630384695,upper_half,tight,1.1705386542444731,uptrend,downtrend,75,10,88.23529411764706,11.76470588235294,강력 숏,drop,-0.1732680791561525,-4.120943145778233
1042,2021-12-29 03:00:00,48137.0,-2.449058171464469,above_upper,tight,1.345658667840967,uptrend,sideways,65,10,86.66666666666667,13.333333333333334,강력 숏,drop,-0.039470677441466595,-3.377859027359409
1043,2021-12-29 09:45:00,48118.0,-0.039470677441466595,above_upper,tight,1.0627731516748642,sideways,sideways,65,0,100.0,0.0,강력 숏,drop,-0.16210150047799576,-3.339706554719646
1044,2021-12-29 15:00:00,48040.0,-0.16210150047799576,upper_half,normal,3.514345328984346,uptrend,sideways,50,10,83.33333333333334,16.666666666666664,강력 숏,drop,-0.011448792672774655,-4.6471690258118254
1045,2021-12-30 08:00:00,47234.0,-1.6777685262281405,above_upper,tight,1.343078008036275,uptrend,uptrend,65,25,72.22222222222221,27.77777777777778,강력 숏,sideways,1.4534022102722588,-1.1707668205106492
1046,2021-12-31 00:00:00,47400.0,-1.0861739756471644,upper_half,normal,2.1035362766149546,sideways,downtrend,70,0,100.0,0.0,강력 숏,rise,2.4345991561181446,-1.2658227848101222
1047,2021-12-31 14:30:00,48136.5,-0.8598673641718513,upper_half,tight,1.1758718867399627,sideways,sideways,55,0,100.0,0.0,강력 숏,drop,-0.0197355437142277,-5.198757699458834
1048,2022-01-01 01:15:00,46929.5,-2.5074527645341904,above_upper,normal,2.3243951778623315,uptrend,sideways,60,10,85.71428571428571,14.285714285714285,강력 숏,sideways,1.3264577717640336,-0.9152025911207229
1049,2022-01-01 08:15:00,47351.5,-0.42164367429340377,upper_half,normal,2.0553694769203865,sideways,sideways,50,0,100.0,0.0,강력 숏,sideways,1.1910921512518158,-1.3368108718836758
1050,2022-01-01 23:45:00,47845.0,-0.1471340171760649,above_upper,tight,0.8543538867359708,sideways,sideways,65,0,100.0,0.0,강력 숏,drop,-0.2623053610617654,-2.2019019751280178
1051,2022-01-02 09:15:00,47552.0,-0.6123941895704865,above_upper,tight,0.98464518749533,sideways,sideways,65,0,100.0,0.0,강력 숏,drop,0.9421265141319024,-2.0020188425302843
1052,2022-01-02 12:30:00,47436.5,-0.24289199192463196,above_upper,tight,0.6572911234026502,uptrend,sideways,65,10,86.66666666666667,13.333333333333334,강력 숏,sideways,1.1879038293297395,-1.7634100323590474
1053,2022-01-02 23:30:00,47477.5,-1.0885416666666647,above_upper,tight,1.320975543561047,uptrend,sideways,65,10,86.66666666666667,13.333333333333334,강력 숏,sideways,0.20851982518035328,-1.6165552103628023
1054,2022-01-03 05:30:00,47199.0,-0.5865936496235014,above_upper,tight,0.8386208186989423,sideways,downtrend,85,0,100.0,0.0,강력 숏,sideways,0.7998050806161228,-1.9343630161655967
1055,2022-01-04 00:15:00,46608.0,-2.0356688701354653,upper_half,normal,2.211869323870295,uptrend,sideways,50,10,83.33333333333334,16.666666666666664,강력 숏,sideways,0.29823206316512696,-1.4117748026089894
1056,2022-01-05 03:15:00,46566.5,-1.9136387572406544,above_upper,tight,1.5158676659924089,uptrend,sideways,65,10,86.66666666666667,13.333333333333334,강력 숏,sideways,1.0597747307613758,-1.4087380412957762
1057,2022-01-05 14:30:00,46826.5,-0.49617509562260853,upper_half,normal,2.2080186938970088,uptrend,sideways,50,10,83.33333333333334,16.666666666666664,강력 숏,drop,-0.03096537217174289,-9.359016796044973
1058,2022-01-06 01:15:00,43795.0,-6.47389832680213,upper_half,normal,2.6599129223426106,uptrend,downtrend,70,10,87.5,12.5,강력 숏,drop,-0.34022148647105954,-3.689918940518322
1059,2022-01-06 14:30:00,43220.0,-1.3129352665829486,above_upper,tight,1.516898262473835,uptrend,downtrend,85,10,89.47368421052632,10.526315789473683,강력 숏,drop,0.7612216566404539,-2.755668671911149
1060,2022-01-07 08:15:00,43260.0,-0.6636202897885135,above_upper,normal,2.0257222305370512,sideways,sideways,60,0,100.0,0.0,강력 숏,drop,-1.1234396671289892,-6.339574664817382
1061,2022-01-07 13:30:00,42774.0,-1.1234396671289892,above_upper,normal,2.135345729205996,uptrend,sideways,60,10,85.71428571428571,14.285714285714285,강력 숏,drop,-0.8638425211577094,-5.2754009444989975
1062,2022-01-07 16:45:00,42404.5,-0.8638425211577094,upper_half,normal,3.964035468652832,sideways,downtrend,70,0,100.0,0.0,강력 숏,drop,-0.38321404567911443,-2.541003902887662
1063,2022-01-07 20:45:00,42043.0,-0.8525038616184588,upper_half,tight,1.9109320465973665,sideways,downtrend,75,0,100.0,0.0,강력 숏,sideways,0.4733249292391051,-1.7030183383678565
1064,2022-01-08 04:30:00,41973.5,-0.6356233132900901,upper_half,tight,1.247076382321416,sideways,sideways,55,0,100.0,0.0,강력 숏,drop,0.4205034128676344,-2.0096012960558407
1065,2022-01-08 13:45:00,42100.0,-0.11862396204033177,upper_half,tight,0.9951154368105194,uptrend,sideways,55,10,84.61538461538461,15.384615384615385,강력 숏,drop,0.4798099762470365,-3.6817102137767233
1066,2022-01-09 02:45:00,42136.0,-0.39241643421115135,upper_half,normal,2.0035640631792044,uptrend,sideways,50,10,83.33333333333334,16.666666666666664,강력 숏,drop,-0.0913707993165036,-2.515663565597115
1067,2022-01-09 08:00:00,41943.0,-0.458040630339851,upper_half,tight,0.7194960485910902,sideways,downtrend,75,0,100.0,0.0,강력 숏,drop,1.9741077176167687,-2.0670910521421892
1068,2022-01-10 04:45:00,42200.0,-1.3350167169343674,above_upper,tight,1.3723515765331842,sideways,sideways,65,0,100.0,0.0,강력 숏,drop,0.0,-6.030805687203788
1069,2022-01-10 17:00:00,42121.5,-0.18601895734596807,above_upper,normal,4.557631954002462,uptrend,sideways,60,10,85.71428571428571,14.285714285714285,강력 숏,drop,0.613700841612963,-3.7083199791080546
1070,2022-01-10 21:00:00,41972.0,-0.3549256318032379,upper_half,normal,2.8044269719167145,uptrend,sideways,50,10,83.33333333333334,16.666666666666664,강력 숏,sideways,1.7344896597731863,-1.1066901744019808
1071,2022-01-12 00:00:00,42938.5,-0.5201214002733878,above_upper,tight,0.8361615369824122,uptrend,downtrend,85,10,89.47368421052632,10.526315789473683,강력 숏,sideways,1.0910954038916065,-1.34727575485869
1072,2022-01-13 10:00:00,43995.0,-1.0236220472440993,above_upper,tight,0.8546429215068773,uptrend,sideways,65,10,86.66666666666667,13.333333333333334,강력 숏,drop,0.8444141379702286,-3.8458915785884784
1073,2022-01-14 06:15:00,42936.0,-3.224279580313971,above_upper,tight,0.9631515415646951,uptrend,sideways,65,10,86.66666666666667,13.333333333333334,강력 숏,drop,0.8477734302217321,-2.778554127072852
1074,2022-01-15 10:15:00,43289.0,-0.9507030168518171,above_upper,tight,0.7374840540804248,sideways,sideways,65,0,100.0,0.0,강력 숏,sideways,1.133082307283595,-1.677100418120081
1075,2022-01-16 08:00:00,43295.0,-1.1066823513288138,above_upper,tight,0.7742194986662945,uptrend,uptrend,65,25,72.22222222222221,27.77777777777778,강력 숏,sideways,0.36955768564499447,-1.602956461485161
1076,2022-01-16 22:45:00,43227.5,-0.5235300885974015,above_upper,tight,0.9239786225927376,sideways,sideways,65,0,100.0,0.0,강력 숏,drop,-0.011566711005728258,-2.1571916025678095
1077,2022-01-17 07:00:00,42929.0,-0.6905326470418083,upper_half,tight,1.2162320572201348,uptrend,downtrend,75,10,88.23529411764706,11.76470588235294,강력 숏,drop,-0.11647138298119808,-2.486664026648655
1078,2022-01-17 09:45:00,42879.0,-0.11647138298119808,upper_half,tight,1.061327147868307,sideways,downtrend,75,0,100.0,0.0,강력 숏,drop,-0.010494647729653028,-3.099419296158956
1079,2022-01-18 01:00:00,42395.5,-1.1275915949532367,upper_half,normal,2.129243859075066,uptrend,sideways,50,10,83.33333333333334,16.666666666666664,강력 숏,drop,-0.034201743109529836,-2.3481265700369125
1080,2022-01-18 06:45:00,42304.0,-0.21582479272563848,upper_half,tight,0.8626170856371409,uptrend,sideways,55,10,84.61538461538461,15.384615384615385,강력 숏,drop,-0.1477401664145228,-2.3732980332829
1081,2022-01-18 15:30:00,41890.0,-0.978630862329799,upper_half,tight,1.3816235805029944,sideways,downtrend,75,0,100.0,0.0,강력 숏,sideways,1.8142754834089336,-1.1637622344234932
1082,2022-01-19 02:15:00,42484.5,-0.3880422039859277,upper_half,tight,0.7199595039918002,sideways,sideways,55,0,100.0,0.0,강력 숏,drop,0.1447586766938569,-3.1646835904859394
1083,2022-01-19 22:45:00,41988.0,-1.3115216471583646,upper_half,tight,1.3751704353206569,sideways,downtrend,75,0,100.0,0.0,강력 숏,sideways,0.5025245308183379,-0.8561970086691462
1084,2022-01-20 19:00:00,43380.5,-0.23342992502645155,upper_half,normal,2.0368107378949794,sideways,uptrend,50,15,76.92307692307693,23.076923076923077,강력 숏,drop,-0.6028054079597944,-11.89589792648771
1085,2022-01-21 08:00:00,39273.0,-9.468540012217474,above_upper,tight,1.5370565712935305,uptrend,sideways,65,10,86.66666666666667,13.333333333333334,강력 숏,drop,-0.2113411249458963,-4.2459195885213745
1086,2022-01-21 16:15:00,39034.0,-0.6085605886996137,above_upper,normal,2.5714058048699138,uptrend,sideways,60,10,85.71428571428571,14.285714285714285,강력 숏,drop,-0.2907721473587088,-9.366193574832193
1087,2022-01-22 13:15:00,36189.0,-7.288517702515751,above_upper,normal,3.9884397671534004,uptrend,sideways,60,10,85.71428571428571,14.285714285714285,강력 숏,drop,-1.0141203128022358,-5.421536931111659
1088,2022-01-22 21:45:00,35738.0,-1.2462350437978387,above_upper,normal,4.106524785689388,uptrend,sideways,60,10,85.71428571428571,14.285714285714285,강력 숏,drop,1.1332475236442985,-2.8205271699591417
1089,2022-01-23 01:30:00,35498.0,-0.6715540880855131,upper_half,normal,2.1405799353271684,uptrend,sideways,50,10,83.33333333333334,16.666666666666664,강력 숏,sideways,1.8170037748605594,-1.8902473378781925
1090,2022-01-23 14:00:00,36028.5,-0.31679716680961256,above_upper,tight,1.1825226301155454,uptrend,sideways,65,10,86.66666666666667,13.333333333333334,강력 숏,drop,1.6223267690855803,-3.962141082753934
1091,2022-01-24 08:45:00,35572.5,-2.841886761532786,above_upper,tight,1.530854530218418,sideways,sideways,65,0,100.0,0.0,강력 숏,drop,5.559069505938585,-7.495958957059523
1092,2022-01-25 03:45:00,36488.0,-2.8282290279627142,upper_half,normal,2.256228667417861,uptrend,sideways,50,10,83.33333333333334,16.666666666666664,강력 숏,drop,1.8142951107213312,-2.1568734926551203
1093,2022-01-27 00:15:00,37049.0,-4.728965233491056,upper_half,normal,4.28726454200837,uptrend,downtrend,70,10,87.5,12.5,강력 숏,drop,-0.11336338362708531,-4.206591271019455
1094,2022-01-28 16:15:00,37342.5,-0.4133608907260444,upper_half,normal,3.7185009730962295,uptrend,uptrend,50,25,66.66666666666666,33.33333333333333,숏 유리,sideways,1.6643234919997418,-1.5799692039900948
1095,2022-01-29 04:45:00,37885.5,-0.20677483932146634,upper_half,tight,1.4859385503428018,uptrend,downtrend,75,10,88.23529411764706,11.76470588235294,강력 숏,sideways,0.6981562867059976,-1.6615855670375157
1096,2022-01-30 05:00:00,38358.0,-1.0601253578890302,above_upper,tight,1.1007830524074314,uptrend,sideways,65,10,86.66666666666667,13.333333333333334,강력 숏,sideways,-0.044319307575990674,-1.6528494707753305
1097,2022-01-30 08:00:00,38341.0,-0.044319307575990674,above_upper,tight,1.0141409795236922,uptrend,sideways,65,10,86.66666666666667,13.333333333333334,강력 숏,drop,-0.28950731592811696,-2.6629456717352173
1098,2022-01-30 11:15:00,38230.0,-0.28950731592811696,upper_half,tight,1.061772271789975,uptrend,sideways,55,10,84.61538461538461,15.384615384615385,강력 숏,drop,-0.07847240387131027,-2.3803295840962635
1099,2022-01-30 16:00:00,38058.0,-0.4499084488621463,upper_half,tight,0.7786201474852508,uptrend,downtrend,75,10,88.23529411764706,11.76470588235294,강력 숏,drop,0.37311471963845655,-3.746912607073416
1100,2022-01-31 22:30:00,38700.0,-0.18312656366872293,above_upper,tight,0.8460305990619224,sideways,sideways,65,0,100.0,0.0,강력 숏,sideways,1.0258397932816576,-1.8875968992248082
1101,2022-02-01 03:45:00,38631.0,-0.1782945736434116,above_upper,tight,0.9074794175415364,uptrend,downtrend,85,10,89.47368421052632,10.526315789473683,강력 숏,sideways,1.206285107814975,-1.7123553622738208
1102,2022-02-01 23:30:00,38857.5,-1.0000000000000009,upper_half,tight,1.4154841839603751,uptrend,sideways,55,10,84.61538461538461,15.384615384615385,강력 숏,sideways,-0.11194750048253432,-1.6779257543588777
1103,2022-02-02 03:15:00,38715.0,-0.36672457054622853,upper_half,tight,1.1185711144025898,sideways,downtrend,75,0,100.0,0.0,강력 숏,drop,-0.019372336303757898,-4.143096990830431
1104,2022-02-02 12:45:00,38707.5,-0.019372336303757898,above_upper,tight,1.0360515640493997,sideways,uptrend,65,15,81.25,18.75,강력 숏,drop,-0.005166957308011533,-5.703029128721826
1105,2022-02-02 19:30:00,37641.0,-2.755279984499126,upper_half,tight,1.4713011492395067,sideways,sideways,55,0,100.0,0.0,강력 숏,drop,-0.015940065354269617,-3.0312690948699594
1106,2022-02-03 08:00:00,37066.0,-1.5275895964506736,above_upper,tight,0.7461957161022419,uptrend,uptrend,65,25,72.22222222222221,27.77777777777778,강력 숏,drop,0.3345383909782562,-2.335024011223219
1107,2022-02-05 06:30:00,41696.0,-0.5296054201059164,above_upper,tight,0.8712556371668154,sideways,sideways,65,0,100.0,0.0,강력 숏,sideways,0.3621450498848766,-1.8634881043745222
1108,2022-02-05 10:00:00,41636.0,-0.14389869531850064,above_upper,tight,0.5823122590948706,sideways,downtrend,85,0,100.0,0.0,강력 숏,sideways,0.5067729849169034,-1.722067441637043
1109,2022-02-05 21:15:00,41730.0,-0.2795899347623476,upper_half,tight,1.605518042861575,uptrend,downtrend,75,10,88.23529411764706,11.76470588235294,강력 숏,sideways,-0.01078360891445529,-0.982506589983223
1110,2022-02-06 01:45:00,41606.0,-0.29714833453151623,upper_half,tight,0.9863138065146875,sideways,downtrend,75,0,100.0,0.0,강력 숏,sideways,1.523818679998068,-0.6861991058981887
1111,2022-02-06 17:30:00,41699.5,-1.279592803030305,upper_half,tight,1.1665137741340477,uptrend,sideways,55,10,84.61538461538461,15.384615384615385,강력 숏,rise,3.09476132807347,-0.6930538735476444
1112,2022-02-08 21:00:00,44360.0,-2.50549450549451,above_upper,normal,3.972329490397222,uptrend,sideways,60,10,85.71428571428571,14.285714285714285,강력 숏,drop,-0.10482416591524046,-2.8392696122632954
1113,2022-02-09 07:45:00,44000.0,-0.8115419296663706,above_upper,tight,1.5407202384538508,uptrend,downtrend,85,10,89.47368421052632,10.526315789473683,강력 숏,sideways,1.836363636363636,-1.838636363636359
1114,2022-02-11 09:15:00,43582.0,-5.100763209180281,above_upper,tight,1.6953295527389092,uptrend,sideways,65,10,86.66666666666667,13.333333333333334,강력 숏,drop,0.6745904272406067,-3.5152127024918545
1115,2022-02-12 01:00:00,42483.5,-3.1737168383626613,upper_half,tight,1.3002389323128853,sideways,downtrend,75,0,100.0,0.0,강력 숏,sideways,-0.005884637565167772,-1.731260371673704
1116,2022-02-12 09:45:00,42437.0,-0.10945425871220493,upper_half,tight,1.3130361048274257,uptrend,sideways,55,10,84.61538461538461,15.384615384615385,강력 숏,sideways,1.267761623111907,-1.9016424346678606
1117,2022-02-13 00:30:00,42467.5,-1.1809191390343199,upper_half,normal,2.5525920927927808,uptrend,downtrend,70,10,87.5,12.5,강력 숏,sideways,0.3120032966386077,-0.8512391829045729
1118,2022-02-13 21:00:00,42508.0,-0.5660818713450255,above_upper,tight,1.390074811867756,uptrend,downtrend,85,10,89.47368421052632,10.526315789473683,강력 숏,drop,-0.2305448386186182,-2.214877199585963
1119,2022-02-14 08:00:00,42399.0,-0.2564223205043792,above_upper,tight,1.7270804285610748,uptrend,uptrend,65,25,72.22222222222221,27.77777777777778,강력 숏,sideways,1.0519116016887153,-1.4328168117172524
1120,2022-02-16 08:15:00,44314.0,-1.0848214285714253,above_upper,tight,1.1559588934314957,uptrend,sideways,65,10,86.66666666666667,13.333333333333334,강력 숏,drop,0.18504310150291303,-2.367197725323822
1121,2022-02-16 23:30:00,44157.0,-0.5383367870979372,upper_half,tight,0.8892653602182521,uptrend,uptrend,55,25,68.75,31.25,숏 유리,drop,-0.022646466018982903,-2.974613311592722
1122,2022-02-17 08:00:00,43990.0,-0.37819598251692677,above_upper,tight,1.222738533615932,uptrend,sideways,65,10,86.66666666666667,13.333333333333334,강력 숏,drop,-0.15344396453739195,-7.43350761536713
1123,2022-02-17 12:00:00,43348.0,-1.4594225960445573,lower_half,normal,2.617540694787606,sideways,sideways,40,0,100.0,0.0,강력 숏,drop,-0.02076220356187486,-7.701624065700841
1124,2022-02-18 01:30:00,40921.5,-5.597720771431202,above_upper,tight,1.4001923120835653,sideways,downtrend,85,0,100.0,0.0,강력 숏,drop,0.0061092579695332105,-2.0722603032635623
1125,2022-02-18 15:00:00,40782.0,-0.34698465448147475,upper_half,normal,2.347314469137725,uptrend,sideways,50,10,83.33333333333334,16.666666666666664,강력 숏,drop,-0.5370016183610438,-3.2943455446030057
1126,2022-02-19 01:00:00,40330.0,-1.1083321073022456,above_upper,tight,1.074207627238897,uptrend,sideways,65,10,86.66666666666667,13.333333333333334,강력 숏,sideways,0.29754525167369206,-1.9166873295313636
1127,2022-02-19 16:15:00,40347.5,-0.25339925834363397,above_upper,tight,1.2196067385115568,sideways,sideways,65,0,100.0,0.0,강력 숏,drop,-0.2627176404981668,-2.1488320218105206
1128,2022-02-19 23:45:00,40095.0,-0.6258132474130984,upper_half,tight,0.529359928545289,sideways,sideways,55,0,100.0,0.0,강력 숏,drop,0.0,-5.432098765432103
1129,2022-02-20 12:15:00,38599.0,-3.731138545953361,upper_half,tight,1.975118317756041,sideways,downtrend,75,0,100.0,0.0,강력 숏,sideways,1.6477110805979356,-1.5324231197699434
1130,2022-02-20 16:15:00,38476.0,-0.31866110520998303,above_upper,tight,0.9383010193490564,uptrend,downtrend,85,10,89.47368421052632,10.526315789473683,강력 숏,rise,2.3755068094396536,-1.1331739266035923
1131,2022-02-20 19:00:00,38424.5,-0.13384967252313418,upper_half,tight,0.899525740605448,sideways,downtrend,75,0,100.0,0.0,강력 숏,rise,2.7469453083319273,-1.0006636390844426
1132,2022-02-21 15:00:00,39368.0,-0.28368794326241176,above_upper,wide,5.4751213702712445,uptrend,sideways,60,10,85.71428571428571,14.285714285714285,강력 숏,drop,-0.4267425320056861,-7.761379800853485
1133,2022-02-22 05:45:00,37250.0,-5.380004064214594,upper_half,normal,2.657469730148337,sideways,downtrend,70,0,100.0,0.0,강력 숏,drop,3.0214765100671226,-2.0107382550335617
1134,2022-02-22 20:00:00,38260.0,-0.3009732772211393,above_upper,tight,1.9510971790934775,uptrend,sideways,65,10,86.66666666666667,13.333333333333334,강력 숏,sideways,1.3591217982226844,-1.915838996340824
1135,2022-02-24 08:00:00,35851.5,-8.635321100917427,above_upper,normal,3.2128757358256266,uptrend,sideways,60,10,85.71428571428571,14.285714285714285,강력 숏,drop,11.571342900575976,-3.0445030193994693
1136,2022-02-25 03:45:00,39000.0,-2.500000000000002,above_upper,normal,2.1584144179615525,sideways,sideways,60,0,100.0,0.0,강력 숏,drop,1.73461538461539,-2.6679487179487205
1137,2022-02-25 07:00:00,38818.0,-0.4666666666666708,upper_half,tight,1.4950727884748893,uptrend,downtrend,75,10,88.23529411764706,11.76470588235294,강력 숏,drop,2.2116028646504304,-2.2116028646504193
1138,2022-02-26 08:15:00,39550.0,-1.8610421836228297,above_upper,tight,1.4144475248878856,uptrend,sideways,65,10,86.66666666666667,13.333333333333334,강력 숏,drop,0.0,-2.513274336283189
1139,2022-02-26 14:30:00,39404.0,-0.36915297092288135,above_upper,tight,1.0650849290878015,uptrend,sideways,65,10,86.66666666666667,13.333333333333334,강력 숏,drop,0.6166886610496469,-3.1329306669373613
1140,2022-02-28 01:30:00,38482.5,-3.5344989659710446,above_upper,normal,2.5696851148980118,sideways,sideways,60,0,100.0,0.0,강력 숏,drop,1.7345546677060897,-2.6960306632885067
1141,2022-03-01 08:15:00,43700.0,-1.4600597553413364,above_upper,tight,1.184938915861985,uptrend,sideways,65,10,86.66666666666667,13.333333333333334,강력 숏,drop,2.7459954233409523,-2.0343249427917653
1142,2022-03-02 00:00:00,44747.0,-0.34075723830735427,above_upper,normal,2.0763099463212007,uptrend,uptrend,60,25,70.58823529411765,29.411764705882355,강력 숏,drop,-0.46260084474937235,-2.448208818468278
1143,2022-03-02 03:45:00,44515.0,-0.5184705119896327,upper_half,tight,1.562386377258072,sideways,uptrend,55,15,78.57142857142857,21.428571428571427,강력 숏,drop,1.9251937549140674,-2.6530383016960535
1144,2022-03-02 10:30:00,44308.5,-0.46388857688419716,above_upper,tight,1.2607595460230894,sideways,downtrend,85,0,100.0,0.0,강력 숏,drop,2.4002166627170807,-2.1993522687520417
1145,2022-03-02 22:00:00,44391.5,-2.161024420347346,above_upper,tight,1.4987361870014084,uptrend,downtrend,85,10,89.47368421052632,10.526315789473683,강력 숏,drop,-0.4685581699199193,-3.361003795771711
1146,2022-03-03 07:00:00,43680.0,-1.6027843168174072,upper_half,tight,1.9516513780680989,sideways,downtrend,75,0,100.0,0.0,강력 숏,drop,0.8814102564102644,-3.7316849816849795
1147,2022-03-03 22:30:00,42696.0,-3.106774083739927,above_upper,tight,1.7153856386855557,sideways,downtrend,85,0,100.0,0.0,강력 숏,drop,-0.23421397789019638,-4.436012741240402
1148,2022-03-04 11:45:00,41900.0,-1.8643432640059965,above_upper,tight,1.3161924771922013,sideways,sideways,65,0,100.0,0.0,강력 숏,drop,-0.23866348448687846,-8.100238663484483
1149,2022-03-05 03:30:00,39086.0,-6.715990453460618,upper_half,tight,1.200208442404348,sideways,downtrend,75,0,100.0,0.0,강력 숏,sideways,0.9287212812771894,-1.0029166453461635
1150,2022-03-05 20:45:00,39550.0,-0.06317119393556281,upper_half,tight,0.9199366336218897,uptrend,sideways,55,10,84.61538461538461,15.384615384615385,강력 숏,drop,0.5006321112515755,-2.092288242730722
1151,2022-03-06 05:00:00,39621.0,-0.31951293146824655,upper_half,tight,1.834014033621025,uptrend,sideways,55,10,84.61538461538461,15.384615384615385,강력 숏,drop,-0.13124353247015996,-3.8691602937836023
1152,2022-03-06 16:30:00,39351.0,-0.6814568032104229,above_upper,normal,2.729112244269117,sideways,sideways,60,0,100.0,0.0,강력 숏,drop,-0.21600467586592176,-4.5488043505882985
1153,2022-03-06 21:00:00,39266.0,-0.21600467586592176,above_upper,tight,1.7383238477199587,sideways,sideways,65,0,100.0,0.0,강력 숏,drop,-0.2444863240462447,-4.342178984363065
1154,2022-03-07 05:15:00,38225.0,-2.6511485763765053,upper_half,normal,2.701438552875486,sideways,downtrend,70,0,100.0,0.0,강력 숏,rise,3.429692609548729,-1.4924787442773035
1155,2022-03-07 23:30:00,38517.5,-2.576133144475923,upper_half,normal,3.4767931475978986,uptrend,sideways,50,10,83.33333333333334,16.666666666666664,강력 숏,sideways,1.735574738755119,-1.6940351788148234
1156,2022-03-08 14:45:00,39145.0,-0.1046292043076602,above_upper,tight,1.0731971745535684,sideways,uptrend,65,15,81.25,18.75,강력 숏,drop,4.62638906629198,-2.7462000255460417
1157,2022-03-09 23:30:00,42128.5,-1.3337861258138517,upper_half,tight,1.1830670989497165,uptrend,downtrend,75,10,88.23529411764706,11.76470588235294,강력 숏,drop,-0.20176365168472765,-8.085975052517892
1158,2022-03-10 13:30:00,40371.0,-4.171760209834197,above_upper,tight,1.6004362330544653,uptrend,sideways,65,10,86.66666666666667,13.333333333333334,강력 숏,drop,-1.7017165787322597,-5.3726684996656005
1159,2022-03-10 20:45:00,39650.0,-1.7859354487131829,above_upper,tight,1.526028068335136,uptrend,sideways,65,10,86.66666666666667,13.333333333333334,강력 숏,drop,-0.13366960907944536,-3.6519546027742766
1160,2022-03-11 07:30:00,39300.0,-0.8827238335435084,above_upper,normal,2.6646908702937666,uptrend,downtrend,80,10,88.88888888888889,11.11111111111111,강력 숏,drop,2.4173027989821794,-2.0725190839694707
1161,2022-03-12 01:00:00,39283.0,-2.402484472049693,above_upper,tight,1.9292537279089215,uptrend,uptrend,65,25,72.22222222222221,27.77777777777778,강력 숏,sideways,-0.05854949978362223,-0.8655143446274494
1162,2022-03-12 06:00:00,39241.5,-0.10564366265305436,above_upper,tight,0.4785450465267517,uptrend,sideways,65,10,86.66666666666667,13.333333333333334,강력 숏,sideways,0.5236802874507784,-1.4843978950855652
1163,2022-03-12 20:45:00,39195.0,-0.6388318503308232,above_upper,tight,0.43565231927076875,sideways,sideways,65,0,100.0,0.0,강력 숏,sideways,0.2819237147595466,-1.2565378237019975
1164,2022-03-13 15:00:00,39047.0,-0.6576687740901366,upper_half,tight,1.648846277090717,sideways,downtrend,75,0,100.0,0.0,강력 숏,drop,-0.00512203242246656,-3.8927446410735755
1165,2022-03-13 19:15:00,39045.0,-0.00512203242246656,above_upper,tight,0.458966616560869,sideways,downtrend,85,0,100.0,0.0,강력 숏,drop,0.3969778460750417,-3.887821744141373
1166,2022-03-14 04:15:00,38912.0,-0.3406326034063212,above_upper,normal,2.7448451743393694,sideways,sideways,60,0,100.0,0.0,강력 숏,sideways,0.9251644736842035,-1.3414884868421018
1167,2022-03-14 14:00:00,39155.0,-0.29792218374414814,upper_half,tight,1.3044935374637507,sideways,sideways,55,0,100.0,0.0,강력 숏,sideways,1.958881368918397,-1.8937555867705291
1168,2022-03-15 06:15:00,38964.0,-2.3996793747808276,upper_half,tight,1.0921002754948932,sideways,downtrend,75,0,100.0,0.0,강력 숏,drop,1.8504260342880663,-2.217431475207887
1169,2022-03-16 09:00:00,40685.5,-2.519347341687228,above_upper,normal,3.9008933884305304,uptrend,sideways,60,10,85.71428571428571,14.285714285714285,강력 숏,drop,1.9085423553846015,-3.5749837165575005
1170,2022-03-17 02:00:00,41351.5,-0.2665090926631586,above_upper,tight,0.9637926049158153,uptrend,sideways,65,10,86.66666666666667,13.333333333333334,강력 숏,drop,0.2297377362368902,-2.3010048003095362
1171,2022-03-17 12:15:00,41180.5,-0.6417912248320112,above_upper,tight,0.8976615360451995,sideways,sideways,65,0,100.0,0.0,강력 숏,drop,-0.07649251466106399,-2.3469846165053876
1172,2022-03-17 22:00:00,41046.0,-0.32661089593375436,above_upper,tight,0.6609459480562453,uptrend,sideways,65,10,86.66666666666667,13.333333333333334,강력 숏,drop,-0.17297666033231351,-2.0269941041758055
1173,2022-03-18 05:00:00,40870.5,-0.427569068849587,above_upper,tight,1.2244891270683795,uptrend,downtrend,85,10,89.47368421052632,10.526315789473683,강력 숏,rise,2.0185708518368983,-1.8729890752498757
1174,2022-03-19 00:30:00,41994.5,-0.8042990433447472,above_upper,tight,0.9346112244862842,uptrend,sideways,65,10,86.66666666666667,13.333333333333334,강력 숏,sideways,-0.03571896319756185,-1.2727857219397731
1175,2022-03-19 04:45:00,41935.0,-0.14168522068366274,above_upper,tight,0.7655373509215077,uptrend,downtrend,85,10,89.47368421052632,10.526315789473683,강력 숏,sideways,0.472159294145702,-0.9896268033861899
1176,2022-03-20 06:15:00,41980.0,-0.9835601575583164,upper_half,tight,0.5260746469515144,sideways,downtrend,75,0,100.0,0.0,강력 숏,drop,0.0,-2.525011910433539
1177,2022-03-20 20:15:00,41664.0,-0.7527393997141529,above_upper,tight,1.4381663697117162,uptrend,sideways,65,10,86.66666666666667,13.333333333333334,강력 숏,drop,-0.1908122119815614,-2.857382872503844
1178,2022-03-21 01:00:00,41433.0,-0.5544354838709631,upper_half,tight,0.984701844728198,sideways,sideways,55,0,100.0,0.0,강력 숏,drop,0.2510076509062875,-2.3157869331209446
1179,2022-03-21 22:00:00,41340.0,-0.47427594674627205,above_upper,tight,1.2103221281280057,uptrend,sideways,65,10,86.66666666666667,13.333333333333334,강력 숏,rise,5.111272375423326,-1.1611030478954953
1180,2022-03-22 14:30:00,43204.5,-0.571882263595147,above_upper,tight,1.24122856129126,sideways,sideways,65,0,100.0,0.0,강력 숏,drop,-0.6376650580379395,-3.123517226214867
1181,2022-03-22 21:45:00,42869.0,-0.7765394808411208,above_upper,tight,1.2082037524419182,sideways,sideways,65,0,100.0,0.0,강력 숏,drop,-0.11313536588211104,-2.73274394084303
1182,2022-03-23 08:15:00,42343.0,-1.2269938650306789,above_upper,tight,1.244748143714741,uptrend,sideways,65,10,86.66666666666667,13.333333333333334,강력 숏,sideways,0.9210495241244177,-1.1643010651111174
1183,2022-03-24 09:30:00,43200.0,-0.6896551724137945,upper_half,tight,0.9729105459238588,sideways,sideways,55,0,100.0,0.0,강력 숏,rise,2.312500000000006,-1.490740740740737
1184,2022-03-24 22:15:00,44077.5,-0.2748930971288921,above_upper,tight,0.6448596920257219,uptrend,sideways,65,10,86.66666666666667,13.333333333333334,강력 숏,sideways,0.7044410413476365,-1.183143327094327
1185,2022-03-25 06:00:00,44184.0,-0.4595836712624979,above_upper,tight,0.6264151400973695,sideways,sideways,65,0,100.0,0.0,강력 숏,sideways,1.9724334600760507,-1.4213289878689084
1186,2022-03-25 20:45:00,44592.0,-1.0287312314811725,above_upper,tight,1.076818958799088,sideways,sideways,65,0,100.0,0.0,강력 숏,sideways,-0.14128094725511797,-1.2154646573376393
1187,2022-03-26 08:15:00,44529.0,-0.14128094725511797,above_upper,tight,0.3494482531241569,sideways,uptrend,65,15,81.25,18.75,강력 숏,sideways,0.49630577825685585,-0.899413865121601
1188,2022-03-27 07:45:00,44727.0,-0.42300242669812693,upper_half,tight,0.41182097873268075,uptrend,sideways,55,10,84.61538461538461,15.384615384615385,강력 숏,rise,4.781228340823218,-0.6908578710845825
1189,2022-03-28 05:00:00,47438.5,-0.7562761506276106,above_upper,tight,1.072598676583958,uptrend,sideways,65,10,86.66666666666667,13.333333333333334,강력 숏,sideways,1.003404407812214,-1.5114305890784885
1190,2022-03-29 06:15:00,47720.0,-0.9650306111860574,above_upper,tight,0.8128066762068065,sideways,sideways,65,0,100.0,0.0,강력 숏,sideways,0.730301760268226,-1.2992455993294239
1191,2022-03-29 15:15:00,47971.0,-0.20283553678605015,upper_half,tight,1.050673376717047,sideways,uptrend,55,15,78.57142857142857,21.428571428571427,강력 숏,drop,-0.04377644827082694,-3.064351378958119
1192,2022-03-29 19:15:00,47857.0,-0.2376435763273621,upper_half,tight,1.7814757415228577,uptrend,sideways,55,10,84.61538461538461,15.384615384615385,강력 숏,drop,-0.11074659924358299,-2.8334412938546105
1193,2022-03-29 23:45:00,47500.0,-0.7459723760369408,upper_half,tight,1.4577963744432887,sideways,downtrend,75,0,100.0,0.0,강력 숏,drop,0.14736842105262937,-2.10315789473684
1194,2022-03-30 11:30:00,47436.5,-0.28063905822998114,upper_half,tight,0.7109026271670508,sideways,sideways,55,0,100.0,0.0,강력 숏,sideways,0.5048854784817536,-1.3396856850737326
1195,2022-03-30 21:30:00,47270.5,-0.85053276281567,upper_half,tight,1.7723160466331145,uptrend,sideways,55,10,84.61538461538461,15.384615384615385,강력 숏,sideways,0.26337779376144344,-0.9572566399763116
1196,2022-04-01 08:15:00,45300.0,-4.810935185282473,above_upper,tight,1.7190304107890182,uptrend,sideways,65,10,86.66666666666667,13.333333333333334,강력 숏,rise,3.083885209713033,-1.4348785871964642
1197,2022-04-01 21:15:00,46426.0,-0.5803370666209839,upper_half,tight,1.0172565088045133,sideways,downtrend,75,0,100.0,0.0,강력 숏,sideways,1.7317882221169256,-0.7517339421875713
1198,2022-04-02 06:45:00,46649.0,-1.2301503281812454,upper_half,tight,0.8693541451275504,sideways,sideways,55,0,100.0,0.0,강력 숏,drop,0.6398850993590388,-2.23155909022702
1199,2022-04-03 06:00:00,46580.0,-0.7827892859044727,above_upper,normal,2.0610214886176017,uptrend,sideways,60,10,85.71428571428571,14.285714285714285,강력 숏,sideways,0.46908544439674404,-1.07342206955775
1200,2022-04-04 06:45:00,46300.0,-2.511949129345381,upper_half,tight,1.0043837539818534,uptrend,downtrend,75,10,88.23529411764706,11.76470588235294,강력 숏,drop,0.17278617710583255,-2.699784017278617
1201,2022-04-05 04:30:00,46866.5,-0.028796928327645688,above_upper,tight,0.7113583744312305,uptrend,sideways,65,10,86.66666666666667,13.333333333333334,강력 숏,drop,0.6902585002080297,-2.7653014413280275
1202,2022-04-05 17:30:00,46188.5,-2.1222716677262166,upper_half,normal,2.566854421315399,uptrend,sideways,50,10,83.33333333333334,16.666666666666664,강력 숏,drop,-0.16021304004243397,-4.080019918377953
1203,2022-04-05 22:45:00,46043.0,-0.31501347738073227,upper_half,tight,0.9179143266477721,sideways,downtrend,75,0,100.0,0.0,강력 숏,drop,-0.3551028386508226,-3.7769041982494644
1204,2022-04-06 07:00:00,45495.0,-1.1901917772517034,above_upper,tight,0.7435265951442721,uptrend,sideways,65,10,86.66666666666667,13.333333333333334,강력 숏,drop,-0.06044620287943836,-5.204967578854824
1205,2022-04-06 10:15:00,45434.0,-0.13408066820529418,upper_half,tight,0.8047693167774496,uptrend,sideways,55,10,84.61538461538461,15.384615384615385,강력 숏,drop,-0.037416912444421246,-5.077695118193426
1206,2022-04-06 18:00:00,44284.0,-2.53114407712286,upper_half,normal,2.8922458108233617,sideways,downtrend,70,0,100.0,0.0,강력 숏,drop,-0.5487309186162026,-3.569009122933786
1207,2022-04-07 12:00:00,43883.0,-0.9055189233131644,above_upper,tight,1.2417116599279752,uptrend,uptrend,65,25,72.22222222222221,27.77777777777778,강력 숏,drop,-0.1196363056308769,-2.034956589111958
1208,2022-04-07 18:15:00,43830.5,-0.1196363056308769,above_upper,tight,1.4738829118435617,uptrend,sideways,65,10,86.66666666666667,13.333333333333334,강력 숏,sideways,-0.16540993144043004,-1.4886893829639147
1209,2022-04-07 23:15:00,43731.5,-0.22587011327728224,above_upper,tight,0.9660317703035657,uptrend,downtrend,85,10,89.47368421052632,10.526315789473683,강력 숏,sideways,0.5728136469135503,-1.1056103723860344
1210,2022-04-08 02:45:00,43673.5,-0.13262751106182247,upper_half,tight,0.7764217997837868,uptrend,downtrend,75,10,88.23529411764706,11.76470588235294,강력 숏,drop,0.7063780095481142,-2.114554592601925
1211,2022-04-08 15:00:00,43942.5,-0.08980946750943852,above_upper,normal,2.51251027526995,uptrend,sideways,60,10,85.71428571428571,14.285714285714285,강력 숏,drop,-0.09671730101837861,-4.215736473800991
1212,2022-04-09 01:00:00,42450.0,-3.3964840416453312,upper_half,normal,2.0028017692105573,uptrend,downtrend,70,10,87.5,12.5,강력 숏,sideways,0.3863368669022371,-0.7738515901060117
1213,2022-04-09 11:15:00,42518.0,-0.22527807762706686,above_upper,tight,0.3479173013203987,uptrend,sideways,65,10,86.66666666666667,13.333333333333334,강력 숏,sideways,0.6115057152265013,-0.8337645232607382
1214,2022-04-10 12:00:00,42823.0,-0.12827090815803466,above_upper,tight,0.6842626021714074,uptrend,sideways,65,10,86.66666666666667,13.333333333333334,강력 숏,drop,1.354412348504308,-2.9026457744669942
1215,2022-04-11 01:15:00,42400.0,-2.3109001681911434,lower_half,normal,3.8361380022245677,uptrend,sideways,40,10,80.0,20.0,강력 숏,drop,-0.16509433962264008,-4.1049528301886795
1216,2022-04-11 06:45:00,42330.0,-0.16509433962264008,upper_half,tight,0.9789276634822797,uptrend,downtrend,75,10,88.23529411764706,11.76470588235294,강력 숏,drop,0.0,-6.104417670682727
1217,2022-04-12 08:00:00,40398.0,-4.564138908575477,above_upper,tight,1.9060221920345364,uptrend,uptrend,65,25,72.22222222222221,27.77777777777778,강력 숏,drop,0.7797415713649114,-2.8640031684736833
1218,2022-04-12 23:15:00,40278.0,-1.0684547933092592,above_upper,tight,1.84487542437055,uptrend,downtrend,85,10,89.47368421052632,10.526315789473683,강력 숏,sideways,-0.09558567952728803,-1.7329559561050645
1219,2022-04-13 03:15:00,40239.5,-0.09558567952728803,upper_half,tight,1.7187216915439611,uptrend,downtrend,75,10,88.23529411764706,11.76470588235294,강력 숏,rise,2.8839821568359403,-1.5892344586786566
1220,2022-04-13 07:15:00,40200.0,-0.09816225350712804,above_upper,tight,0.6882719158130822,uptrend,downtrend,85,10,89.47368421052632,10.526315789473683,강력 숏,rise,3.365671641791046,-1.4925373134328401
1221,2022-04-13 22:30:00,41391.5,-0.38866026520347763,above_upper,tight,0.8426201983296867,sideways,sideways,65,0,100.0,0.0,강력 숏,sideways,0.17274078011186855,-1.1632823164176243
1222,2022-04-14 07:45:00,41340.0,-0.2966500253237858,upper_half,tight,0.55601511725975,sideways,sideways,55,0,100.0,0.0,강력 숏,drop,-0.09192065795838866,-4.400096758587324
1223,2022-04-14 13:00:00,41290.5,-0.11973875181422455,above_upper,tight,0.9019778393657246,uptrend,downtrend,85,10,89.47368421052632,10.526315789473683,강력 숏,drop,-0.025429578232283312,-4.285489398287745
1224,2022-04-15 00:15:00,40187.0,-2.672527578983064,above_upper,tight,0.9171108596311933,sideways,sideways,65,0,100.0,0.0,강력 숏,sideways,0.6432428397242784,-1.0973697962027518
1225,2022-04-15 10:45:00,40387.0,-0.1446390822217536,above_upper,tight,0.9948081421254638,sideways,sideways,65,0,100.0,0.0,강력 숏,sideways,1.1439324535122752,-1.3197315968009549
1226,2022-04-16 01:15:00,40695.0,-0.37699821293054603,above_upper,tight,0.6619189885275124,sideways,sideways,65,0,100.0,0.0,강력 숏,sideways,-0.26293156407420915,-1.0590981693082702
1227,2022-04-16 10:15:00,40475.0,-0.5406069541712744,above_upper,tight,0.3035747730622023,sideways,downtrend,85,0,100.0,0.0,강력 숏,sideways,0.49413218035825324,-1.2415071031500968
1228,2022-04-17 05:45:00,40400.0,-0.6760909649661917,upper_half,tight,0.6353700875421167,uptrend,sideways,55,10,84.61538461538461,15.384615384615385,강력 숏,sideways,0.40099009900989024,-1.5532178217821824
1229,2022-04-17 19:45:00,40444.0,-0.2909126768896986,upper_half,tight,1.5223634738276335,sideways,sideways,55,0,100.0,0.0,강력 숏,drop,-0.03832459697359347,-4.889476807437443
1230,2022-04-18 03:00:00,39854.0,-1.458807239639992,upper_half,tight,1.6614606120049353,sideways,downtrend,75,0,100.0,0.0,강력 숏,drop,-0.05520148542178527,-3.481457319215131
1231,2022-04-18 13:30:00,39670.0,-0.46168515080041717,above_upper,tight,1.8639593067123053,uptrend,sideways,65,10,86.66666666666667,13.333333333333334,강력 숏,rise,4.108898411898165,-1.7141416687673328
1232,2022-04-18 21:15:00,41092.0,-0.39510362380317243,upper_half,normal,4.401494786582565,uptrend,sideways,50,10,83.33333333333334,16.666666666666664,강력 숏,sideways,0.5061812518251774,-1.3603621142801559
1233,2022-04-19 04:45:00,40864.5,-1.0544794188862006,upper_half,tight,1.1121921831936954,uptrend,sideways,55,10,84.61538461538461,15.384615384615385,강력 숏,rise,2.2146361756536947,-0.8112175604742533
1234,2022-04-19 08:30:00,40833.0,-0.0770840215835289,above_upper,tight,0.5273497023078894,sideways,sideways,65,0,100.0,0.0,강력 숏,rise,2.2934881101070115,-0.6918423823867981
1235,2022-04-19 19:15:00,41525.0,-0.5853553430134384,upper_half,tight,1.0178783404076743,uptrend,sideways,55,10,84.61538461538461,15.384615384615385,강력 숏,sideways,0.18061408789886713,-0.7814569536423788
1236,2022-04-20 00:00:00,41517.5,-0.01806140878988227,upper_half,tight,0.7684711781447114,uptrend,sideways,55,10,84.61538461538461,15.384615384615385,강력 숏,sideways,1.5692177997230106,-0.7430601553561789
1237,2022-04-20 21:15:00,41649.0,-1.233133344399917,above_upper,tight,1.4724488548859798,uptrend,sideways,65,10,86.66666666666667,13.333333333333334,강력 숏,sideways,0.8787725995822226,-0.9700112847847442
1238,2022-04-21 04:15:00,41715.0,-0.07904570278816081,upper_half,tight,1.0446441530377668,sideways,uptrend,55,15,78.57142857142857,21.428571428571427,강력 숏,rise,2.9605657437372646,-0.7431379599664334
1239,2022-04-22 06:15:00,40767.0,-5.082654249126895,above_upper,tight,0.8239248599775228,uptrend,sideways,65,10,86.66666666666667,13.333333333333334,강력 숏,drop,-0.014717786444917724,-4.317217357176151
1240,2022-04-22 13:30:00,40627.5,-0.3421885348443565,upper_half,tight,1.124643939247518,uptrend,downtrend,75,10,88.23529411764706,11.76470588235294,강력 숏,drop,-0.48243185034767544,-3.9886776198387763
1241,2022-04-22 19:30:00,39756.5,-2.143868069657251,upper_half,tight,1.670251828092274,uptrend,downtrend,75,10,88.23529411764706,11.76470588235294,강력 숏,sideways,0.19619433300215317,-1.2463370769559723
1242,2022-04-23 08:45:00,39649.5,-0.46442154413887105,upper_half,tight,0.603249796402857,sideways,sideways,55,0,100.0,0.0,강력 숏,sideways,1.0050568103002533,-0.43632328276522747
1243,2022-04-23 21:45:00,39931.0,-0.2921494206951647,above_upper,tight,0.5367104446023446,uptrend,sideways,65,10,86.66666666666667,13.333333333333334,강력 숏,sideways,-0.06511231874983814,-1.5677042899000737
1244,2022-04-24 03:45:00,39794.0,-0.3430918334126343,upper_half,tight,1.0762155014123505,sideways,downtrend,75,0,100.0,0.0,강력 숏,sideways,0.3028094687641314,-1.113233150726245
1245,2022-04-24 07:30:00,39775.5,-0.04648942051566074,upper_half,tight,0.6146393326744279,uptrend,downtrend,75,10,88.23529411764706,11.76470588235294,강력 숏,drop,0.34946135183717697,-2.3745773151814586
1246,2022-04-24 22:00:00,39757.5,-0.39334076588708466,upper_half,tight,1.1834475351789766,sideways,downtrend,75,0,100.0,0.0,강력 숏,drop,-0.06288121738037278,-4.239451675784444
1247,2022-04-25 03:15:00,39323.0,-1.092875558070805,upper_half,normal,2.556790946909413,sideways,downtrend,70,0,100.0,0.0,강력 숏,drop,0.25176105587061404,-3.1813442514558865
1248,2022-04-26 08:15:00,40787.0,-0.039212802980170824,above_upper,tight,0.4760002006104479,uptrend,sideways,65,10,86.66666666666667,13.333333333333334,강력 숏,drop,-0.43028415916835927,-7.645818520607062
1249,2022-04-26 12:30:00,40611.5,-0.43028415916835927,upper_half,tight,0.7437129618212978,uptrend,sideways,55,10,84.61538461538461,15.384615384615385,강력 숏,drop,-0.47277249055071024,-7.246715831722539
1250,2022-04-27 08:15:00,39195.5,-3.4866971178114547,above_upper,normal,2.5716674595621476,uptrend,uptrend,60,25,70.58823529411765,29.411764705882355,강력 숏,drop,0.7232973172940804,-2.0869742700054816
1251,2022-04-27 21:30:00,39390.0,-0.22543630791053149,above_upper,tight,1.6415103523874863,uptrend,sideways,65,10,86.66666666666667,13.333333333333334,강력 숏,sideways,1.2858593551662967,-1.0154861640010115
1252,2022-04-29 01:15:00,39909.0,-1.092936802973976,upper_half,tight,0.9721329378439971,uptrend,downtrend,75,10,88.23529411764706,11.76470588235294,강력 숏,drop,-0.045102608434188785,-3.2887318649928554
1253,2022-04-29 13:45:00,39374.0,-1.3405497506828068,above_upper,tight,1.8183705913510755,uptrend,downtrend,85,10,89.47368421052632,10.526315789473683,강력 숏,drop,-0.20317976329558007,-3.078173413927976
1254,2022-04-30 00:15:00,38770.0,-1.534007212881594,above_upper,tight,0.9567390896186982,uptrend,sideways,65,10,86.66666666666667,13.333333333333334,강력 숏,sideways,-0.009027598658761793,-0.7737941707505858
1255,2022-04-30 05:45:00,38766.5,-0.009027598658761793,above_upper,tight,0.564535335633429,sideways,sideways,65,0,100.0,0.0,강력 숏,sideways,-0.1457443927102009,-1.6444610681903171
1256,2022-04-30 13:15:00,38623.5,-0.3688751886293584,above_upper,tight,0.235547524146454,sideways,downtrend,85,0,100.0,0.0,강력 숏,drop,-0.016829132522944157,-3.294626328530559
1257,2022-04-30 19:45:00,38478.0,-0.3767136587828679,upper_half,tight,0.8838642886756988,sideways,downtrend,75,0,100.0,0.0,강력 숏,drop,-0.07146941109205107,-2.9289464109361174
1258,2022-05-01 01:45:00,38059.0,-1.0889339362752715,upper_half,normal,3.21848904504787,sideways,downtrend,70,0,100.0,0.0,강력 숏,sideways,0.2469849444283856,-0.7724848261909112
1259,2022-05-01 10:45:00,38073.0,-0.20968206956202273,above_upper,tight,0.4955755731034387,sideways,sideways,65,0,100.0,0.0,강력 숏,sideways,1.5496546108791032,-1.1530480918236052
1260,2022-05-02 09:30:00,39059.5,-0.20567194685743306,above_upper,tight,0.428517830620266,sideways,sideways,65,0,100.0,0.0,강력 숏,drop,0.501798538127729,-2.6997273390596432
1261,2022-05-02 22:15:00,38922.0,-0.849562481690469,above_upper,tight,1.8961721667771536,uptrend,sideways,65,10,86.66666666666667,13.333333333333334,강력 숏,sideways,-0.48044807563845104,-1.5466831098093659
1262,2022-05-03 08:15:00,38630.0,-0.7502183854889211,above_upper,tight,0.3547538172563386,sideways,sideways,65,0,100.0,0.0,강력 숏,drop,-0.025886616619208436,-2.9251876779704866
1263,2022-05-03 12:00:00,38585.0,-0.11648977478643241,upper_half,tight,0.5668440612366067,uptrend,sideways,55,10,84.61538461538461,15.384615384615385,강력 숏,drop,-0.10237138784501276,-2.8119735648568067
1264,2022-05-03 21:15:00,38042.0,-1.40728262278087,upper_half,normal,2.4548271390649954,uptrend,downtrend,70,10,87.5,12.5,강력 숏,rise,2.739077861311179,-1.0803848378108438
1265,2022-05-05 05:15:00,39840.0,-0.5454522760462877,above_upper,tight,0.4450887311112709,sideways,sideways,65,0,100.0,0.0,강력 숏,drop,-0.33258032128513637,-9.161646586345384
1266,2022-05-06 00:00:00,36666.0,-7.966867469879513,upper_half,tight,1.9611407055819663,uptrend,sideways,55,10,84.61538461538461,15.384615384615385,강력 숏,drop,-0.35591556210112785,-3.034146075383193
1267,2022-05-06 06:00:00,36526.0,-0.3818251240931603,upper_half,tight,0.8823115868668293,uptrend,sideways,55,10,84.61538461538461,15.384615384615385,강력 숏,drop,-0.0711821716037897,-3.6302907517932415
1268,2022-05-06 15:15:00,36423.0,-0.28199091058424,above_upper,normal,2.1240122541427247,uptrend,downtrend,80,10,88.88888888888889,11.11111111111111,강력 숏,sideways,-0.33083491200615045,-1.9534360157043573
1269,2022-05-06 23:15:00,36100.0,-0.8868022952529975,above_upper,tight,0.6678608485874398,sideways,downtrend,85,0,100.0,0.0,강력 숏,sideways,0.09695290858726668,-1.076177285318558
1270,2022-05-07 15:15:00,36070.0,-0.1798810017988095,upper_half,tight,0.7997248707270123,sideways,sideways,55,0,100.0,0.0,강력 숏,drop,-0.20515663986692134,-5.309121153313001
1271,2022-05-07 18:15:00,35983.5,-0.2398114776822835,upper_half,tight,0.3350625127579791,sideways,downtrend,75,0,100.0,0.0,강력 숏,drop,-0.09587727708533222,-5.08149568552253
1272,2022-05-08 06:45:00,34958.5,-2.84852779746273,above_upper,tight,1.3933554958047263,sideways,downtrend,85,0,100.0,0.0,강력 숏,drop,-0.17306234535234832,-3.697241014345576
1273,2022-05-08 11:15:00,34863.0,-0.27318105753965094,above_upper,tight,0.8960028447371492,uptrend,downtrend,85,10,89.47368421052632,10.526315789473683,강력 숏,drop,-0.06740670625018375,-3.4334394630410436
1274,2022-05-08 19:15:00,34773.0,-0.2581533430857874,upper_half,normal,2.7479417382469706,uptrend,downtrend,70,10,87.5,12.5,강력 숏,drop,-0.22143617174243957,-4.365455957208175
1275,2022-05-09 09:00:00,33780.5,-2.85422597992695,upper_half,tight,1.5014899806739994,sideways,downtrend,75,0,100.0,0.0,강력 숏,drop,-0.19537899083791332,-10.301801335089767
1276,2022-05-09 13:30:00,33450.0,-0.9783750980595363,upper_half,normal,3.6738967171740153,sideways,downtrend,70,0,100.0,0.0,강력 숏,drop,-0.8565022421524682,-11.177877428998507
1277,2022-05-09 20:00:00,31900.0,-4.6337817638266054,upper_half,wide,8.457639793171868,sideways,downtrend,70,0,100.0,0.0,강력 숏,drop,2.3996865203761653,-6.862068965517243
1278,2022-05-10 01:00:00,31499.0,-1.2570532915360477,upper_half,wide,5.591884808281924,sideways,downtrend,70,0,100.0,0.0,강력 숏,drop,3.7032921680053343,-2.8445347471348303
1279,2022-05-10 13:30:00,32385.5,-0.8571734704810874,above_upper,normal,3.52112838744335,uptrend,sideways,60,10,85.71428571428571,14.285714285714285,강력 숏,drop,-0.5048555680783107,-6.944465887511386
1280,2022-05-10 17:30:00,31795.0,-1.8233468681971843,upper_half,normal,4.833830070308339,sideways,sideways,50,0,100.0,0.0,강력 숏,drop,0.4780625884573064,-5.216228966818681
1281,2022-05-11 14:45:00,32060.0,-0.527458889233634,upper_half,wide,11.0377557138753,uptrend,sideways,50,10,83.33333333333334,16.666666666666664,강력 숏,drop,-0.7002495321272617,-13.911416094822204
1282,2022-05-12 00:30:00,30233.0,-5.698689956331881,above_upper,wide,6.174853624338626,sideways,sideways,60,0,100.0,0.0,강력 숏,drop,-0.23980418747725496,-12.228359739357654
1283,2022-05-12 07:45:00,28561.0,-5.530380709820393,upper_half,wide,8.683760175300765,uptrend,sideways,50,10,83.33333333333334,16.666666666666664,강력 숏,drop,4.880781485242114,-3.9616960190469563
1284,2022-05-13 09:15:00,30749.0,-0.9662146929047655,upper_half,normal,2.205374489529522,sideways,sideways,50,0,100.0,0.0,강력 숏,drop,0.8162867085108383,-4.546489316725744
1285,2022-05-14 01:45:00,29788.5,-3.9080645161290284,upper_half,normal,3.480362499850573,sideways,downtrend,70,0,100.0,0.0,강력 숏,drop,-0.05874750323111577,-3.887406213807343
1286,2022-05-14 06:30:00,29600.0,-0.6327945348037045,upper_half,tight,1.4337971659345798,sideways,downtrend,75,0,100.0,0.0,강력 숏,drop,1.0641891891891797,-3.3868243243243223
1287,2022-05-15 07:00:00,30029.0,-0.9630289238481526,above_upper,tight,1.408959973300075,uptrend,downtrend,85,10,89.47368421052632,10.526315789473683,강력 숏,sideways,1.7349895101401946,-1.7616304239235436
1288,2022-05-16 12:30:00,30310.5,-3.8311441081286923,above_upper,normal,2.5540300279736523,sideways,sideways,60,0,100.0,0.0,강력 숏,drop,-0.1996007984031989,-4.158624898962405
1289,2022-05-16 21:00:00,30250.0,-0.1996007984031989,above_upper,normal,2.933593564688185,sideways,sideways,60,0,100.0,0.0,강력 숏,sideways,1.7685950413223184,-1.6214876033057823
1290,2022-05-17 13:30:00,30741.0,-0.14292675004060618,above_upper,tight,1.4305525050417471,uptrend,sideways,65,10,86.66666666666667,13.333333333333334,강력 숏,drop,-0.03903581536058853,-4.362252366546304
1291,2022-05-18 00:30:00,30692.5,-0.15776975374905966,upper_half,normal,2.3576286661402426,sideways,uptrend,50,15,76.92307692307693,23.076923076923077,강력 숏,drop,-0.5196709293801449,-4.310499307648453
1292,2022-05-18 06:00:00,30070.0,-2.0281827808096398,upper_half,normal,2.3364081361885103,uptrend,sideways,50,10,83.33333333333334,16.666666666666664,강력 숏,drop,-0.02327901563019541,-4.506152311273692
1293,2022-05-18 10:15:00,30020.0,-0.16627868307282911,upper_half,tight,1.2696003987138333,uptrend,downtrend,75,10,88.23529411764706,11.76470588235294,강력 숏,drop,-0.024983344437046195,-4.347101932045305
1294,2022-05-18 19:00:00,29536.5,-1.6105929380413109,above_upper,tight,1.7203150993798606,uptrend,downtrend,85,10,89.47368421052632,10.526315789473683,강력 숏,drop,-0.3808846681224942,-3.058927090210417
1295,2022-05-18 22:15:00,29403.0,-0.45198313950536306,above_upper,tight,1.3505927389402572,uptrend,downtrend,85,10,89.47368421052632,10.526315789473683,강력 숏,drop,0.07142128354249433,-2.6187803965581735
1296,2022-05-19 02:45:00,29322.0,-0.27548209366391463,above_upper,tight,1.8674890637568493,sideways,downtrend,85,0,100.0,0.0,강력 숏,rise,4.06179660323307,-1.660868972102858
1297,2022-05-19 21:15:00,30475.0,-0.2487643612320345,above_upper,tight,1.5591754418186972,sideways,sideways,65,0,100.0,0.0,강력 숏,drop,0.9581624282198442,-2.0820344544708824
1298,2022-05-20 11:45:00,30524.5,-0.7881821432053848,above_upper,tight,1.0496124329503347,uptrend,sideways,65,10,86.66666666666667,13.333333333333334,강력 숏,drop,-0.26372258349850464,-5.950957427640091
1299,2022-05-20 19:45:00,29353.0,-3.8379007027142142,upper_half,normal,2.4400166764530233,uptrend,downtrend,70,10,87.5,12.5,강력 숏,sideways,0.6370728715974439,-1.4734439409941014
1300,2022-05-21 19:00:00,29583.5,-0.23605982430404682,upper_half,tight,1.1839579433800362,sideways,uptrend,55,15,78.57142857142857,21.428571428571427,강력 숏,sideways,-0.14704142511873242,-1.2270353406459655
1301,2022-05-22 01:15:00,29540.0,-0.14704142511873242,above_upper,tight,0.6494835778854315,sideways,sideways,65,0,100.0,0.0,강력 숏,rise,2.6201760324983114,-1.0815842924847718
1302,2022-05-22 17:15:00,30169.0,-0.47832684568186457,upper_half,tight,1.6860201172305977,sideways,downtrend,75,0,100.0,0.0,강력 숏,sideways,1.093838045676021,-1.15018727833206
1303,2022-05-23 12:15:00,30600.0,-0.17778792673179833,above_upper,tight,0.8862191396010436,uptrend,sideways,65,10,86.66666666666667,13.333333333333334,강력 숏,drop,-0.1372549019607816,-5.754901960784309
1304,2022-05-24 04:45:00,29422.0,-3.8496732026143787,above_upper,tight,0.9967533741986072,uptrend,sideways,65,10,86.66666666666667,13.333333333333334,강력 숏,drop,0.8004214533342324,-2.593297532458705
1305,2022-05-25 08:45:00,29937.5,-0.9118591334855819,upper_half,normal,2.091504546446598,sideways,downtrend,70,0,100.0,0.0,강력 숏,drop,0.3874739039666064,-2.0492693110647164
1306,2022-05-25 14:15:00,29908.0,-0.09853862212944042,upper_half,normal,2.1158689255109446,uptrend,downtrend,70,10,87.5,12.5,강력 숏,sideways,0.48649190851945967,-1.6818242610672773
1307,2022-05-25 22:00:00,29869.0,-0.6139052023890756,upper_half,tight,1.1994532768488488,uptrend,sideways,55,10,84.61538461538461,15.384615384615385,강력 숏,drop,0.030131574542169304,-3.3730623723593034
1308,2022-05-26 16:15:00,29800.0,-0.26106165071290155,above_upper,normal,4.723264443421252,uptrend,sideways,60,10,85.71428571428571,14.285714285714285,강력 숏,drop,-0.18120805369127302,-3.273489932885909
1309,2022-05-26 21:00:00,29686.0,-0.38255033557047513,upper_half,tight,1.2082290438853571,sideways,sideways,55,0,100.0,0.0,강력 숏,drop,-0.0741090076130213,-3.619551303644819
1310,2022-05-27 03:30:00,29144.5,-1.8240921646567432,upper_half,normal,2.6308654104599425,sideways,downtrend,70,0,100.0,0.0,강력 숏,sideways,0.74628145962361,-1.8288184734684076
1311,2022-05-27 19:45:00,29053.0,-1.052380628022609,above_upper,normal,2.8566467474455086,sideways,sideways,60,0,100.0,0.0,강력 숏,sideways,-0.14456338415997916,-1.8793239940797846
1312,2022-05-28 05:45:00,28930.0,-0.4233641964685231,upper_half,tight,1.4183624257538154,uptrend,sideways,55,10,84.61538461538461,15.384615384615385,강력 숏,sideways,1.1406844106463865,-0.615278257863805
1313,2022-05-28 19:45:00,29069.0,-0.6527682843472271,above_upper,tight,0.6869366063636776,sideways,sideways,65,0,100.0,0.0,강력 숏,sideways,0.42313117066290484,-0.7929409336406512
1314,2022-05-29 17:30:00,29360.0,-0.4745762711864443,upper_half,tight,0.7326625018878983,uptrend,sideways,55,10,84.61538461538461,15.384615384615385,강력 숏,rise,5.74250681198909,-0.9707084468664862
1315,2022-05-30 12:15:00,30981.5,-0.20775623268698418,above_upper,tight,0.7934967913788122,sideways,sideways,65,0,100.0,0.0,강력 숏,drop,4.362280715911115,-2.4240272420638087
1316,2022-05-31 03:45:00,31837.5,-1.5324900256703633,upper_half,tight,1.194614588402301,uptrend,sideways,55,10,84.61538461538461,15.384615384615385,강력 숏,sideways,1.9238319591676545,-1.9521005104043976
1317,2022-06-01 00:30:00,31982.5,-1.4406779661017,above_upper,tight,0.9215656067490638,uptrend,sideways,65,10,86.66666666666667,13.333333333333334,강력 숏,sideways,-0.10161807238333598,-1.9151098256859234
1318,2022-06-01 09:30:00,31694.0,-0.9020558117720623,above_upper,tight,0.7055594007577586,uptrend,sideways,65,10,86.66666666666667,13.333333333333334,강력 숏,drop,0.6326118508235057,-7.5818766959045885
1319,2022-06-01 23:00:00,30064.0,-5.739234037216445,upper_half,normal,4.007120854864293,sideways,downtrend,70,0,100.0,0.0,강력 숏,sideways,0.41245343267695134,-1.683076104310799
1320,2022-06-02 02:30:00,29887.0,-0.5887440127727461,upper_half,tight,1.330998828760957,uptrend,downtrend,75,10,88.23529411764706,11.76470588235294,강력 숏,sideways,1.5341118211931626,-1.0121457489878583
1321,2022-06-03 01:30:00,30698.0,-0.04233010973266893,above_upper,tight,1.4062788506482948,sideways,sideways,65,0,100.0,0.0,강력 숏,drop,-0.15636197797902485,-4.1957130757704135
1322,2022-06-03 05:30:00,30541.0,-0.5114339696397185,upper_half,tight,0.7656325856946503,sideways,downtrend,75,0,100.0,0.0,강력 숏,drop,-0.01800857863200056,-4.2271045479846725
1323,2022-06-03 17:00:00,29687.0,-2.7962411184964453,upper_half,tight,1.294896825295385,sideways,downtrend,75,0,100.0,0.0,강력 숏,sideways,0.5995890457102471,-0.8825411796409166
1324,2022-06-04 04:00:00,29728.5,-0.4570567553992988,upper_half,tight,1.1064019175046287,uptrend,downtrend,75,10,88.23529411764706,11.76470588235294,강력 숏,sideways,0.913265048690648,-0.8762635181727929
1325,2022-06-04 22:00:00,29952.0,-0.16000000000000458,above_upper,tight,0.9202974044911565,uptrend,sideways,65,10,86.66666666666667,13.333333333333334,강력 숏,sideways,-0.023370726495730576,-1.4773637820512775
1326,2022-06-05 05:45:00,29816.5,-0.4523904914529919,upper_half,tight,0.495671246716522,sideways,downtrend,75,0,100.0,0.0,강력 숏,sideways,1.2744621266748357,-1.029631244445195
1327,2022-06-06 21:15:00,31598.0,-0.4787401574803174,above_upper,tight,1.1140654837212585,uptrend,sideways,65,10,86.66666666666667,13.333333333333334,강력 숏,drop,-0.030065193999617712,-7.8438508766377595
1328,2022-06-07 08:30:00,29725.5,-5.926007975188307,above_upper,tight,0.849630609781009,uptrend,sideways,65,10,86.66666666666667,13.333333333333334,강력 숏,rise,6.29930531025551,-1.3473280516728026
1329,2022-06-08 06:00:00,30696.0,-2.8546110513323675,upper_half,wide,5.5258374679997875,uptrend,downtrend,70,10,87.5,12.5,강력 숏,drop,0.6645817044566016,-2.598058378941881
1330,2022-06-08 21:45:00,30545.0,-1.1488673139158578,above_upper,tight,1.1239348459776886,uptrend,sideways,65,10,86.66666666666667,13.333333333333334,강력 숏,sideways,0.4894418071697437,-1.6418399083319657
1331,2022-06-09 17:00:00,30446.5,-0.8079623385296997,above_upper,tight,1.2568832424692071,sideways,sideways,65,0,100.0,0.0,강력 숏,drop,-0.23155370896490446,-3.1235117336968155
1332,2022-06-09 21:00:00,30249.5,-0.647036605192719,upper_half,tight,1.2759917057993384,uptrend,sideways,55,10,84.61538461538461,15.384615384615385,강력 숏,drop,0.4181887303922327,-2.4926031835236895
1333,2022-06-10 06:15:00,30230.0,-0.4806426125888885,upper_half,tight,1.2422631115719456,uptrend,sideways,55,10,84.61538461538461,15.384615384615385,강력 숏,drop,-0.18193847171683597,-4.677472709229247
1334,2022-06-10 12:15:00,30175.0,-0.18193847171683597,above_upper,tight,0.810881409407285,uptrend,sideways,65,10,86.66666666666667,13.333333333333334,강력 숏,drop,-0.27174813587407254,-4.503728251864125
1335,2022-06-10 21:45:00,29420.0,-2.5020712510356202,above_upper,tight,1.0940283115790534,uptrend,downtrend,85,10,89.47368421052632,10.526315789473683,강력 숏,drop,0.023793337865396502,-2.3368456832086992
1336,2022-06-11 18:30:00,28786.0,-2.17827165528256,above_upper,tight,1.6064167626553518,uptrend,downtrend,85,10,89.47368421052632,10.526315789473683,강력 숏,drop,-0.12853470437017567,-5.645105259501149
1337,2022-06-11 22:30:00,28678.0,-0.3751823803237686,upper_half,tight,1.0318529190875165,uptrend,downtrend,75,10,88.23529411764706,11.76470588235294,강력 숏,drop,-0.0836878443406075,-5.289769161029357
1338,2022-06-12 08:30:00,27697.0,-3.4207406374224147,above_upper,tight,1.4850727412127396,uptrend,sideways,65,10,86.66666666666667,13.333333333333334,강력 숏,drop,2.252951583203955,-3.068924432248976
1339,2022-06-13 04:15:00,26248.5,-7.317891317396985,upper_half,wide,7.910269554696151,sideways,downtrend,70,0,100.0,0.0,강력 숏,drop,-0.37335466788578353,-14.050326685334403
1340,2022-06-13 12:15:00,24368.0,-7.164218907747111,upper_half,wide,6.427585131454053,sideways,downtrend,70,0,100.0,0.0,강력 숏,drop,-0.4247373604727489,-11.984980302035453
1341,2022-06-13 16:00:00,24206.0,-0.6648063033486529,upper_half,wide,7.035237990844996,sideways,downtrend,70,0,100.0,0.0,강력 숏,drop,-0.045443278525980624,-13.994464182434108
1342,2022-06-14 05:15:00,23450.0,-3.1231925968768115,above_upper,wide,9.291703658247764,uptrend,sideways,60,10,85.71428571428571,14.285714285714285,강력 숏,drop,-1.7697228144989308,-7.449893390191898
1343,2022-06-14 15:45:00,22799.0,-2.7761194029850778,above_upper,normal,4.879517979962628,sideways,downtrend,80,0,100.0,0.0,강력 숏,drop,-0.1359708759156142,-8.298609588139827
1344,2022-06-14 23:30:00,22327.5,-2.0680731611035563,upper_half,wide,5.196230939300647,sideways,downtrend,70,0,100.0,0.0,강력 숏,drop,-0.2037845705967989,-10.106371067069752
1345,2022-06-15 07:00:00,21448.5,-3.936849177023849,upper_half,wide,6.283004889068708,uptrend,downtrend,70,10,87.5,12.5,강력 숏,drop,4.813856446837783,-6.422360538032967
1346,2022-06-16 12:30:00,21504.5,-6.406545818553743,upper_half,wide,5.068219650571086,sideways,downtrend,70,0,100.0,0.0,강력 숏,drop,-0.19065776930410339,-5.93596689065079
1347,2022-06-16 17:15:00,21463.5,-0.19065776930410339,above_upper,normal,2.5065033471196205,sideways,downtrend,80,0,100.0,0.0,강력 숏,drop,-0.23994222750249872,-5.756283923870753
1348,2022-06-17 02:00:00,21040.0,-1.973117152374959,above_upper,normal,3.959863038020834,uptrend,sideways,60,10,85.71428571428571,14.285714285714285,강력 숏,drop,1.4971482889733823,-3.4600760456273805
1349,2022-06-17 20:30:00,20719.5,-2.975883867946616,upper_half,tight,1.5308022339896945,sideways,downtrend,75,0,100.0,0.0,강력 숏,drop,0.24131856463718293,-9.867516108014184
1350,2022-06-18 05:00:00,20532.5,-1.1410963191217927,upper_half,tight,1.5370590992203048,sideways,sideways,55,0,100.0,0.0,강력 숏,drop,-0.37988554730306046,-10.047485693412883
1351,2022-06-18 10:15:00,19548.0,-4.794837452818701,upper_half,wide,11.3987877197811,sideways,downtrend,70,0,100.0,0.0,강력 숏,drop,-0.24554941682013443,-9.965213832617149
1352,2022-06-18 22:30:00,19490.0,-0.29670554532432725,above_upper,wide,9.736020185427563,uptrend,sideways,60,10,85.71428571428571,14.285714285714285,강력 숏,drop,3.0708055413032342,-7.886095433555673
1353,2022-06-19 15:45:00,19929.0,-0.7939866092540493,above_upper,normal,3.96660338505799,sideways,sideways,60,0,100.0,0.0,강력 숏,drop,4.470871594159265,-2.832555572281603
1354,2022-06-20 23:30:00,20784.0,-1.6142011834319514,above_upper,normal,3.9811817747706564,sideways,downtrend,80,0,100.0,0.0,강력 숏,drop,3.4233063895304117,-2.155504234026173
1355,2022-06-22 05:30:00,20587.5,-5.222815578675998,upper_half,tight,1.674986106561583,sideways,downtrend,75,0,100.0,0.0,강력 숏,drop,1.4474802671524012,-3.708561020036427
1356,2022-06-23 01:30:00,20599.0,-1.3717651001891262,above_upper,normal,4.00547124488421,uptrend,sideways,60,10,85.71428571428571,14.285714285714285,강력 숏,drop,1.0558764988591651,-2.196708578086315
1357,2022-06-25 23:45:00,21580.0,-0.23116042533518621,upper_half,normal,2.418183487845408,sideways,sideways,50,0,100.0,0.0,강력 숏,sideways,1.3901760889712733,-1.5708989805375384
1358,2022-06-26 06:30:00,21510.0,-0.32437442075996525,above_upper,tight,0.6770285098854985,sideways,downtrend,85,0,100.0,0.0,강력 숏,sideways,1.7201301720130235,-1.794514179451423
1359,2022-06-26 21:45:00,21419.5,-2.1046617915904897,above_upper,tight,1.3524201019772781,uptrend,downtrend,85,10,89.47368421052632,10.526315789473683,강력 숏,drop,0.749317210952638,-2.3366558509769098
1360,2022-06-27 20:00:00,20958.0,-2.8822984244671,above_upper,tight,1.2424318307353224,sideways,sideways,65,0,100.0,0.0,강력 숏,drop,1.0258612463021288,-2.3403950758660197
1361,2022-06-28 12:15:00,21120.0,-0.365609152022639,upper_half,tight,1.6186160670617202,sideways,sideways,55,0,100.0,0.0,강력 숏,drop,0.0,-4.6235795454545485
1362,2022-06-28 22:15:00,20454.0,-3.1534090909090873,upper_half,normal,2.028869056987731,uptrend,downtrend,70,10,87.5,12.5,강력 숏,drop,-0.26400704018774146,-2.706072161924322
1363,2022-06-29 09:30:00,20233.0,-1.0804732570646292,upper_half,tight,1.9713418508569578,uptrend,downtrend,75,10,88.23529411764706,11.76470588235294,강력 숏,drop,0.9884841595413363,-2.041219789452875
1364,2022-06-29 12:15:00,20178.0,-0.2718331438738675,above_upper,tight,0.9320764881709144,sideways,downtrend,85,0,100.0,0.0,강력 숏,sideways,1.263752601843593,-1.4495985727029481
1365,2022-06-30 12:45:00,19312.0,-5.486223266284929,upper_half,normal,2.283730056999826,uptrend,downtrend,70,10,87.5,12.5,강력 숏,drop,8.831296603148298,-3.6816487158243594
1366,2022-06-30 16:30:00,19283.0,-0.15016570008284935,upper_half,normal,2.5417897272579237,uptrend,downtrend,70,10,87.5,12.5,강력 숏,drop,8.994969662396922,-3.536794067313176
1367,2022-07-01 08:00:00,19886.5,-5.381229927441423,upper_half,normal,4.342377994755058,uptrend,sideways,50,10,83.33333333333334,16.666666666666664,강력 숏,drop,-0.6210243129761372,-4.769567294395694
1368,2022-07-01 13:45:00,19670.0,-1.088678249063435,above_upper,normal,2.7926596890379645,uptrend,sideways,60,10,85.71428571428571,14.285714285714285,강력 숏,drop,0.11947127605491659,-2.760549059481443
1369,2022-07-02 05:15:00,19291.0,-2.043821565491155,upper_half,tight,1.1212750395664226,uptrend,downtrend,75,10,88.23529411764706,11.76470588235294,강력 숏,sideways,0.8242185475092034,-1.7158260328650643
1370,2022-07-02 18:45:00,19400.0,-0.25706940874036244,above_upper,tight,0.8488018711004424,uptrend,sideways,65,10,86.66666666666667,13.333333333333334,강력 숏,drop,0.0,-3.2113402061855645
1371,2022-07-02 21:45:00,19370.0,-0.1546391752577314,above_upper,tight,0.687248153418235,sideways,downtrend,85,0,100.0,0.0,강력 숏,drop,0.10067114093958995,-3.0614352090862162
1372,2022-07-03 11:15:00,19141.5,-1.2790427808865634,upper_half,tight,1.0657018583252158,uptrend,sideways,55,10,84.61538461538461,15.384615384615385,강력 숏,rise,2.5964527335893273,-0.9899955593866694
1373,2022-07-05 05:15:00,20439.0,-0.20019531249999556,above_upper,tight,1.147103240116869,sideways,sideways,65,0,100.0,0.0,강력 숏,drop,-0.07338910905622109,-5.7561524536425495
1374,2022-07-06 04:15:00,20317.5,-2.0843373493975914,upper_half,normal,3.497697385781666,sideways,downtrend,70,0,100.0,0.0,강력 숏,drop,0.4601944136827907,-2.2960502030269447
1375,2022-07-06 08:00:00,20303.0,-0.07136704811123717,upper_half,normal,2.351259750819219,uptrend,downtrend,70,10,87.5,12.5,강력 숏,sideways,0.8422400630448745,-1.7337339309461686
1376,2022-07-07 09:45:00,20606.0,-0.290331946191813,above_upper,tight,1.5094456962450031,uptrend,sideways,65,10,86.66666666666667,13.333333333333334,강력 숏,rise,5.881782005241187,-1.152576919343884
1377,2022-07-08 04:15:00,22250.0,-1.5486725663716783,upper_half,normal,4.431088430574588,sideways,sideways,50,0,100.0,0.0,강력 숏,drop,-0.584269662921344,-4.791011235955056
1378,2022-07-08 15:30:00,22120.0,-0.584269662921344,above_upper,normal,3.961990694767517,uptrend,sideways,60,10,85.71428571428571,14.285714285714285,강력 숏,drop,-0.31645569620253333,-3.2549728752260365
1379,2022-07-08 20:30:00,22050.0,-0.31645569620253333,above_upper,tight,1.5265495869103185,sideways,sideways,65,0,100.0,0.0,강력 숏,drop,-0.12018140589569182,-2.947845804988658
1380,2022-07-09 07:00:00,21723.5,-1.4807256235827682,above_upper,tight,0.711444202547666,sideways,sideways,65,0,100.0,0.0,강력 숏,sideways,1.1807489585011544,-1.9034685939190332
1381,2022-07-09 21:45:00,21745.0,-1.0691537761601477,upper_half,tight,1.764033213965911,sideways,sideways,55,0,100.0,0.0,강력 숏,drop,-0.022993791676251263,-2.851230167854679
1382,2022-07-10 08:15:00,21414.0,-1.5221890089675782,above_upper,tight,0.7350739164692265,sideways,sideways,65,0,100.0,0.0,강력 숏,drop,-0.08405715886803389,-3.5584197254132865
1383,2022-07-10 21:15:00,21162.0,-1.176800224152419,above_upper,tight,1.8088633384797774,uptrend,sideways,65,10,86.66666666666667,13.333333333333334,강력 숏,drop,-0.1535771666194119,-3.837066439845005
1384,2022-07-11 09:15:00,20623.0,-2.5470182402419383,above_upper,tight,1.145426447145922,uptrend,sideways,65,10,86.66666666666667,13.333333333333334,강력 숏,drop,0.6085438587984271,-2.671774232652868
1385,2022-07-11 18:30:00,20698.0,-0.24339108851242353,above_upper,tight,1.7847203228309554,uptrend,sideways,65,10,86.66666666666667,13.333333333333334,강력 숏,drop,-0.07005507778529152,-5.208232679485936
1386,2022-07-12 05:15:00,20046.5,-3.1476471156633545,above_upper,tight,1.1259050862192455,uptrend,sideways,65,10,86.66666666666667,13.333333333333334,강력 숏,drop,-0.03741301474072811,-2.449305365026311
1387,2022-07-12 13:30:00,20005.0,-0.20701868156536296,above_upper,normal,2.0275444613025053,uptrend,sideways,60,10,85.71428571428571,14.285714285714285,강력 숏,drop,-0.054986253436639654,-3.9265183704073947
1388,2022-07-12 16:30:00,19994.0,-0.054986253436639654,above_upper,tight,1.1688031210316132,uptrend,sideways,65,10,86.66666666666667,13.333333333333334,강력 숏,drop,-0.22506752025607257,-3.8736620986295933
1389,2022-07-13 03:00:00,19575.0,-2.0956286886065767,above_upper,tight,1.197961380597578,uptrend,sideways,65,10,86.66666666666667,13.333333333333334,강력 숏,drop,3.157088122605356,-3.6143039591315484
1390,2022-07-13 17:00:00,20073.0,-0.594265339474076,above_upper,wide,5.222508643744649,sideways,sideways,60,0,100.0,0.0,강력 숏,drop,1.7386539132167478,-2.4809445523838014
1391,2022-07-15 02:15:00,20827.0,-0.3445140915833256,above_upper,tight,1.782622222400565,uptrend,sideways,65,10,86.66666666666667,13.333333333333334,강력 숏,sideways,1.2843904546982365,-1.8989772890958823
1392,2022-07-16 03:30:00,20770.5,-2.0051426010238016,upper_half,tight,1.496111973621655,sideways,sideways,55,0,100.0,0.0,강력 숏,rise,3.0042608507257818,-1.449170698827662
1393,2022-07-17 00:00:00,21341.5,-1.0868557656655509,upper_half,tight,1.6267428572547993,sideways,sideways,55,0,100.0,0.0,강력 숏,sideways,1.5345687978820521,-1.2393693039383313
1394,2022-07-17 12:00:00,21490.0,-0.8260648853200436,upper_half,tight,1.3363724751558634,uptrend,downtrend,75,10,88.23529411764706,11.76470588235294,강력 숏,drop,-0.03489995346672714,-3.4667287110283884
1395,2022-07-17 17:15:00,21350.0,-0.6514657980456029,upper_half,tight,1.4613317443669644,sideways,downtrend,75,0,100.0,0.0,강력 숏,drop,2.4824355971897027,-2.833723653395781
1396,2022-07-19 06:15:00,22127.0,-3.6049576335794753,upper_half,normal,2.048570297909886,uptrend,sideways,50,10,83.33333333333334,16.666666666666664,강력 숏,drop,7.237763817959952,-2.463054187192115
1397,2022-07-20 19:00:00,23941.5,-1.381966470321705,upper_half,normal,3.8918832924525573,uptrend,sideways,50,10,83.33333333333334,16.666666666666664,강력 숏,drop,-0.5910239542217477,-5.540588517845579
1398,2022-07-20 21:45:00,23800.0,-0.5910239542217477,upper_half,normal,4.016534551728198,sideways,downtrend,70,0,100.0,0.0,강력 숏,drop,-0.6932773109243673,-4.97899159663866
1399,2022-07-21 07:15:00,23081.0,-3.021008403361347,above_upper,tight,1.551745394092289,sideways,downtrend,85,0,100.0,0.0,강력 숏,drop,0.9271695333824326,-3.186603700013002
1400,2022-07-21 10:00:00,23060.0,-0.0909839261730383,above_upper,tight,1.1150254475604038,uptrend,downtrend,85,10,89.47368421052632,10.526315789473683,강력 숏,drop,1.01908065915004,-3.098438855160446
1401,2022-07-23 05:00:00,22987.5,-3.27161792552072,above_upper,tight,1.204587874429178,uptrend,uptrend,65,25,72.22222222222221,27.77777777777778,강력 숏,drop,-0.03697661772702476,-4.569874932028273
1402,2022-07-24 00:00:00,22671.0,-1.376835236541596,above_upper,normal,2.043579601150021,uptrend,uptrend,60,25,70.58823529411765,29.411764705882355,강력 숏,sideways,0.6925146663137927,-1.8371487803802267
1403,2022-07-24 11:00:00,22800.0,-0.12265638689329394,upper_half,tight,1.2554022629890436,sideways,sideways,55,0,100.0,0.0,강력 숏,sideways,0.8333333333333304,-1.6118421052631615
1404,2022-07-25 09:00:00,22099.0,-3.875598086124399,above_upper,tight,1.249020447861756,uptrend,sideways,65,10,86.66666666666667,13.333333333333334,강력 숏,drop,0.6742386533327371,-2.4480745735101173
1405,2022-07-25 17:00:00,21993.5,-0.4773971672926369,above_upper,tight,1.0472602666149176,uptrend,sideways,65,10,86.66666666666667,13.333333333333334,강력 숏,drop,1.1571600700206908,-5.262918589583288
1406,2022-07-26 04:15:00,21247.0,-4.499280834232289,upper_half,normal,2.537606473989523,uptrend,downtrend,70,10,87.5,12.5,강력 숏,drop,-0.27297971478326133,-2.616840024474043
1407,2022-07-26 12:00:00,21189.0,-0.27297971478326133,above_upper,tight,0.5998625255672945,uptrend,sideways,65,10,86.66666666666667,13.333333333333334,강력 숏,drop,0.47666241917976304,-2.3502760866487282
1408,2022-07-26 17:00:00,21066.0,-0.5804898768228761,upper_half,tight,1.7347783246258506,sideways,sideways,55,0,100.0,0.0,강력 숏,sideways,1.0633247887591457,-1.2603246938194257
1409,2022-07-28 06:00:00,23272.0,-0.7675251577690556,upper_half,normal,3.2710399842813382,uptrend,sideways,50,10,83.33333333333334,16.666666666666664,강력 숏,drop,3.5450326572705304,-2.9649364042626303
1410,2022-07-29 10:15:00,24120.0,-1.450459652706848,upper_half,tight,1.401660269584102,uptrend,sideways,55,10,84.61538461538461,15.384615384615385,강력 숏,drop,0.4187396351575501,-2.910447761194035
1411,2022-07-29 18:00:00,24052.0,-0.697741629164772,upper_half,normal,2.8904920776874956,sideways,sideways,50,0,100.0,0.0,강력 숏,sideways,0.29103608847496076,-1.7379012140362526
1412,2022-07-30 15:45:00,24595.5,-0.4029155699534326,upper_half,normal,4.078583494600502,sideways,uptrend,50,15,76.92307692307693,23.076923076923077,강력 숏,drop,-0.04269073611026242,-4.429672094488835
1413,2022-07-31 02:00:00,23878.5,-2.9151674086723145,upper_half,tight,1.722509401142231,uptrend,downtrend,75,10,88.23529411764706,11.76470588235294,강력 숏,sideways,-0.11097849529911885,-1.3589630839458078
1414,2022-07-31 05:00:00,23827.0,-0.21567518897752658,above_upper,tight,0.6418728456048824,uptrend,downtrend,85,10,89.47368421052632,10.526315789473683,강력 숏,sideways,0.1049229865278889,-1.1457590128845396
1415,2022-08-01 08:15:00,23377.5,-3.3288535097694583,upper_half,tight,1.31663861224878,uptrend,downtrend,75,10,88.23529411764706,11.76470588235294,강력 숏,drop,0.4812319538017418,-2.3633835953373983
1416,2022-08-02 00:15:00,23429.5,-0.257556406981696,above_upper,normal,2.6580276758091252,uptrend,uptrend,60,25,70.58823529411765,29.411764705882355,강력 숏,drop,-0.5633923045732958,-3.3675494568812803
1417,2022-08-02 06:00:00,22930.5,-2.129793636227828,upper_half,tight,1.5895626211631617,uptrend,sideways,55,10,84.61538461538461,15.384615384615385,강력 숏,rise,2.341859095963894,-1.2646911318985654
1418,2022-08-02 21:45:00,23146.5,-1.3678491530840553,upper_half,normal,2.08123498590565,sideways,sideways,50,0,100.0,0.0,강력 숏,drop,1.1794439764111209,-2.017583651956023
1419,2022-08-03 17:15:00,23572.0,-0.35087719298245723,above_upper,tight,1.1208912859734674,uptrend,sideways,65,10,86.66666666666667,13.333333333333334,강력 숏,drop,-0.13999660614287812,-3.652638723909718
1420,2022-08-04 01:45:00,23201.0,-1.5739012387578466,upper_half,normal,3.239141162918306,uptrend,downtrend,70,10,87.5,12.5,강력 숏,drop,-0.11852937373388883,-2.0300849101331786
1421,2022-08-04 06:00:00,23172.0,-0.12499461230119913,upper_half,tight,0.6750520662810985,sideways,downtrend,75,0,100.0,0.0,강력 숏,drop,-0.20283100293457812,-3.547384774728124
1422,2022-08-04 13:45:00,23124.5,-0.2049887795615435,above_upper,tight,1.1040982616127937,uptrend,sideways,65,10,86.66666666666667,13.333333333333334,강력 숏,drop,-0.03459534260200625,-3.3492616056563396
1423,2022-08-06 00:45:00,23333.0,-0.6852813484293896,upper_half,normal,2.154176627741912,uptrend,uptrend,50,25,66.66666666666666,33.33333333333333,숏 유리,sideways,-0.23571765310933523,-1.0693009900141437
1424,2022-08-06 08:15:00,23243.5,-0.3835769082415452,above_upper,tight,0.33801704838477803,uptrend,sideways,65,10,86.66666666666667,13.333333333333334,강력 숏,sideways,0.06023189278723251,-1.2906834168692316
1425,2022-08-06 13:00:00,23227.0,-0.07098758792780657,above_upper,tight,0.32771243897467606,uptrend,sideways,65,10,86.66666666666667,13.333333333333334,강력 숏,sideways,0.13131269643087418,-1.6403323718086726
1426,2022-08-06 22:00:00,23205.0,-0.22573363431150906,upper_half,tight,0.40252034480691257,uptrend,sideways,55,10,84.61538461538461,15.384615384615385,강력 숏,sideways,-0.14221073044602406,-1.5470803706097769
1427,2022-08-07 07:45:00,23015.5,-0.8166343460461079,above_upper,tight,0.29278586091184644,uptrend,downtrend,85,10,89.47368421052632,10.526315789473683,강력 숏,sideways,1.1861571549607763,-0.5778714344680802
1428,2022-08-08 00:15:00,23330.5,-0.24798512089274638,upper_half,tight,1.1614021977323763,sideways,sideways,55,0,100.0,0.0,강력 숏,rise,3.8833286899123465,-0.7350892608388171
1429,2022-08-08 20:45:00,24087.5,-0.6147752356982283,above_upper,tight,0.6358950366313773,sideways,sideways,65,0,100.0,0.0,강력 숏,drop,-0.13284898806434908,-2.212765957446805
1430,2022-08-09 05:30:00,23910.0,-0.7368967306694341,above_upper,tight,0.7883169884113681,uptrend,sideways,65,10,86.66666666666667,13.333333333333334,강력 숏,drop,-0.08364700961940308,-4.4437473860309495
1431,2022-08-09 22:30:00,23249.0,-2.764533667921376,above_upper,tight,1.2105087026265544,uptrend,sideways,65,10,86.66666666666667,13.333333333333334,강력 숏,drop,-0.09462772592369051,-3.1313174760204787
1432,2022-08-10 04:45:00,22989.0,-1.118327670007313,upper_half,tight,1.365655724860495,uptrend,downtrend,75,10,88.23529411764706,11.76470588235294,강력 숏,rise,5.137239549349681,-0.6698855974596518
1433,2022-08-11 21:30:00,24325.5,-2.503006012024045,upper_half,tight,1.4356772092867458,uptrend,downtrend,75,10,88.23529411764706,11.76470588235294,강력 숏,drop,-0.4789212965817802,-2.347330990113261
1434,2022-08-12 02:45:00,24084.5,-0.9907298924996422,upper_half,tight,1.5213513658850055,sideways,downtrend,75,0,100.0,0.0,강력 숏,drop,0.1868421598953729,-2.190205318773486
1435,2022-08-13 15:00:00,24585.0,-1.1340330558571643,above_upper,tight,0.7947507916133834,sideways,downtrend,85,0,100.0,0.0,강력 숏,sideways,0.16270083384177791,-1.118568232662187
1436,2022-08-13 18:00:00,24575.0,-0.04067520846043893,above_upper,tight,0.6017926935176922,uptrend,downtrend,85,10,89.47368421052632,10.526315789473683,강력 숏,sideways,0.37232960325535025,-1.0783316378433327
1437,2022-08-13 21:30:00,24534.0,-0.16683621566633278,upper_half,tight,0.9306234363760664,uptrend,downtrend,75,10,88.23529411764706,11.76470588235294,강력 숏,rise,2.0257601695606198,-0.8131572511616558
1438,2022-08-14 16:15:00,24539.0,-1.9655627022492128,above_upper,tight,0.37959144208038664,uptrend,downtrend,85,10,89.47368421052632,10.526315789473683,강력 숏,rise,2.689596153062479,-1.7523126451770676
1439,2022-08-14 21:30:00,24422.5,-0.474754472472394,above_upper,tight,0.6966351449460633,uptrend,downtrend,85,10,89.47368421052632,10.526315789473683,강력 숏,drop,3.1794451837444893,-2.295014842870302
1440,2022-08-15 11:00:00,24295.0,-3.58744394618834,upper_half,normal,2.068942081810985,uptrend,downtrend,70,10,87.5,12.5,강력 숏,drop,-0.11319201481786445,-2.2020991973657145
1441,2022-08-15 16:00:00,24267.5,-0.11319201481786445,above_upper,tight,1.0850466509533692,uptrend,sideways,65,10,86.66666666666667,13.333333333333334,강력 숏,drop,-0.028845163284230146,-2.091274338106519
1442,2022-08-16 01:30:00,24227.0,-0.16688987328732363,upper_half,tight,1.4106116428939137,sideways,sideways,55,0,100.0,0.0,강력 숏,drop,-0.19399843150204044,-2.133982746522478
1443,2022-08-16 11:15:00,24134.5,-0.3818054237008317,above_upper,tight,0.6313857790593179,sideways,sideways,65,0,100.0,0.0,강력 숏,sideways,-0.258965381507803,-1.9453479458865885
1444,2022-08-16 18:15:00,24045.0,-0.3708384263191644,above_upper,tight,1.2076111764748083,sideways,downtrend,85,0,100.0,0.0,강력 숏,sideways,1.6281971303805376,-1.4327302973591194
1445,2022-08-17 18:30:00,23618.5,-3.3474515581200293,above_upper,tight,0.9479080255171665,uptrend,downtrend,85,10,89.47368421052632,10.526315789473683,강력 숏,sideways,-0.24557020979316668,-1.915871033300165
1446,2022-08-18 02:15:00,23501.0,-0.49749137328788384,above_upper,tight,1.007018613743183,sideways,sideways,65,0,100.0,0.0,강력 숏,sideways,0.3404110463384624,-0.7595421471426778
1447,2022-08-18 20:30:00,23440.0,-0.5979390187014988,upper_half,tight,0.9266401608226393,uptrend,downtrend,75,10,88.23529411764706,11.76470588235294,강력 숏,drop,-0.06399317406143856,-9.978668941979517
1448,2022-08-19 16:30:00,21645.0,-7.657849829351537,above_upper,tight,1.2192430826882479,sideways,sideways,65,0,100.0,0.0,강력 숏,drop,-0.32802032802032866,-4.114114114114109
1449,2022-08-20 07:00:00,21365.0,-1.2936012936012986,above_upper,tight,1.2223879147902692,uptrend,sideways,65,10,86.66666666666667,13.333333333333334,강력 숏,drop,-0.0842499414930975,-2.0641235665808555
1450,2022-08-20 16:00:00,21343.0,-0.10297215071378707,above_upper,tight,0.48931523702644547,sideways,uptrend,65,15,81.25,18.75,강력 숏,drop,-0.060909900201466805,-2.872136063346298
1451,2022-08-21 02:45:00,21307.0,-0.16867356978869097,above_upper,tight,1.0520367209959252,sideways,sideways,65,0,100.0,0.0,강력 숏,sideways,1.2108696672455066,-1.1568967944806885
1452,2022-08-22 10:30:00,21330.0,-2.066115702479343,upper_half,normal,2.583644030244822,uptrend,downtrend,70,10,87.5,12.5,강력 숏,sideways,0.9751523675574303,-1.7557430848570088
1453,2022-08-23 00:15:00,21455.0,-0.3853654006871543,above_upper,normal,2.2303339853410824,uptrend,sideways,60,10,85.71428571428571,14.285714285714285,강력 숏,drop,0.5127010020974154,-2.656723374504777
1454,2022-08-23 20:15:00,21650.0,-0.1314666605161774,above_upper,tight,1.029803460751261,sideways,sideways,65,0,100.0,0.0,강력 숏,drop,-0.2979214780600481,-2.3625866050808297
1455,2022-08-23 23:15:00,21585.5,-0.2979214780600481,above_upper,tight,0.7254478812006309,uptrend,sideways,65,10,86.66666666666667,13.333333333333334,강력 숏,drop,-0.176044103680717,-2.070834588033632
1456,2022-08-24 05:30:00,21487.0,-0.45632484769868586,above_upper,tight,1.4944592633187588,uptrend,downtrend,85,10,89.47368421052632,10.526315789473683,강력 숏,sideways,1.8290128915158022,-1.1867640899148268
1457,2022-08-24 19:30:00,21800.0,-0.3656307129798919,upper_half,tight,1.5714515824207367,sideways,uptrend,55,15,78.57142857142857,21.428571428571427,강력 숏,drop,0.04587155963302614,-2.277522935779819
1458,2022-08-25 01:30:00,21636.5,-0.7499999999999951,upper_half,normal,2.121026358918712,sideways,downtrend,70,0,100.0,0.0,강력 숏,sideways,0.8018857024010284,-1.0260439535044963
1459,2022-08-25 12:00:00,21768.5,-0.1902796882164104,above_upper,tight,0.5390729626436958,uptrend,sideways,65,10,86.66666666666667,13.333333333333334,강력 숏,sideways,-0.08268828812274531,-1.5940464432551593
1460,2022-08-25 21:00:00,21667.5,-0.463973172244303,above_upper,tight,0.9655547088448813,uptrend,sideways,65,10,86.66666666666667,13.333333333333334,강력 숏,sideways,-0.15922464520595758,-1.6037844698280845
1461,2022-08-26 08:45:00,21464.5,-0.936887042806045,upper_half,tight,0.9630955236142231,sideways,downtrend,75,0,100.0,0.0,강력 숏,drop,1.8845069766358469,-4.446877402222271
1462,2022-08-26 20:00:00,20739.0,-5.167131556083959,upper_half,tight,1.344453488763803,sideways,downtrend,75,0,100.0,0.0,강력 숏,drop,-0.019287333044026855,-3.9972997733738413
1463,2022-08-27 07:45:00,20262.5,-2.297603548869276,upper_half,tight,1.4083344223325527,uptrend,downtrend,75,10,88.23529411764706,11.76470588235294,강력 숏,drop,-0.004935225169644397,-2.4750154225786525
1464,2022-08-27 11:45:00,20239.5,-0.11351017890190995,upper_half,tight,0.7165197257152912,uptrend,downtrend,75,10,88.23529411764706,11.76470588235294,강력 숏,drop,-0.04940833518614074,-2.3641888386570775
1465,2022-08-27 22:30:00,20093.5,-0.7213616937177258,above_upper,tight,0.7753713917795567,sideways,sideways,65,0,100.0,0.0,강력 숏,sideways,0.40062706845498397,-0.8609749421454649
1466,2022-08-28 08:00:00,20096.5,-0.3841578269059176,above_upper,tight,0.7115917048075691,uptrend,sideways,65,10,86.66666666666667,13.333333333333334,강력 숏,sideways,0.19406364292289258,-1.4903092578309685
1467,2022-08-28 12:00:00,20039.0,-0.28611947354016953,upper_half,tight,0.5408121572399671,uptrend,sideways,55,10,84.61538461538461,15.384615384615385,강력 숏,drop,0.4815609561355405,-2.6348620190628225
1468,2022-08-29 03:30:00,19942.0,-0.9609892975093737,above_upper,normal,2.0661618878394576,uptrend,downtrend,80,10,88.88888888888889,11.11111111111111,강력 숏,rise,2.447096580082242,-1.038010229666031
1469,2022-08-29 08:00:00,19900.0,-0.21061077123658567,above_upper,tight,0.6834468704632644,uptrend,downtrend,85,10,89.47368421052632,10.526315789473683,강력 숏,rise,2.6633165829145655,-0.708542713567839
1470,2022-08-29 23:45:00,20334.5,-0.4674498286833084,above_upper,tight,1.019992001624884,uptrend,sideways,65,10,86.66666666666667,13.333333333333334,강력 숏,sideways,1.1532125205930832,-1.1851778996287088
1471,2022-08-30 10:15:00,20497.0,-0.3500413243230138,upper_half,tight,0.7398944450942193,sideways,sideways,55,0,100.0,0.0,강력 숏,drop,-0.04390886471190569,-4.717763575157341
1472,2022-08-30 19:15:00,20079.0,-2.039322827730883,above_upper,normal,2.3249838587391016,uptrend,downtrend,80,10,88.88888888888889,11.11111111111111,강력 숏,rise,2.0942278001892634,-1.7331540415359337
1473,2022-08-31 13:45:00,20425.0,-0.3634234981340967,above_upper,tight,1.0789885058233049,uptrend,sideways,65,10,86.66666666666667,13.333333333333334,강력 숏,drop,-0.4455324357405144,-2.8053855569155406
1474,2022-08-31 19:45:00,20318.0,-0.5238678090575322,above_upper,tight,1.6882496608998085,sideways,sideways,65,0,100.0,0.0,강력 숏,drop,-0.13780883945270217,-2.69219411359386
1475,2022-09-01 02:15:00,20197.5,-0.5930701840732411,upper_half,tight,1.547859160909867,uptrend,downtrend,75,10,88.23529411764706,11.76470588235294,강력 숏,drop,-0.0742666171555939,-2.713207080084168
1476,2022-09-01 11:45:00,20120.0,-0.38371085530387594,above_upper,tight,1.2103488080307723,uptrend,downtrend,85,10,89.47368421052632,10.526315789473683,강력 숏,drop,0.27584493041750147,-2.7833001988071593
1477,2022-09-03 00:30:00,20043.0,-1.88466810260427,above_upper,tight,0.6677914063374447,sideways,sideways,65,0,100.0,0.0,강력 숏,sideways,-0.06486054981789113,-1.6564386568876932
1478,2022-09-03 05:45:00,19950.0,-0.46400239485107075,upper_half,tight,0.43990659333227966,sideways,sideways,55,0,100.0,0.0,강력 숏,sideways,-0.070175438596487,-1.1979949874686757
1479,2022-09-03 10:45:00,19871.5,-0.3934837092731791,upper_half,tight,0.851915185795746,sideways,downtrend,75,0,100.0,0.0,강력 숏,sideways,0.13587298392170322,-1.1549203633344218
1480,2022-09-04 00:00:00,19849.0,-0.2487624695328816,above_upper,tight,0.7222532343080904,uptrend,uptrend,65,25,72.22222222222221,27.77777777777778,강력 숏,sideways,0.41563806740894105,-1.3300418157086047
1481,2022-09-04 20:15:00,19918.5,-0.1253541254042645,upper_half,tight,1.1471796825546237,uptrend,uptrend,55,25,68.75,31.25,숏 유리,sideways,0.632577754348973,-1.2174611542033809
1482,2022-09-05 09:00:00,19794.5,-1.247224924542889,upper_half,tight,1.005605008767365,sideways,downtrend,75,0,100.0,0.0,강력 숏,sideways,0.7274748036070644,-0.8664022834625751
1483,2022-09-06 08:45:00,20020.0,-0.71660591633812,above_upper,tight,1.4368681964607475,uptrend,sideways,65,10,86.66666666666667,13.333333333333334,강력 숏,drop,-0.017482517482514393,-7.007992007992003
1484,2022-09-06 21:30:00,19070.0,-4.745254745254746,upper_half,normal,4.207853572093658,sideways,downtrend,70,0,100.0,0.0,강력 숏,drop,-0.43261667540639426,-3.245936025170426
1485,2022-09-07 08:00:00,18846.5,-1.1719979024646054,above_upper,tight,0.7773186014581717,sideways,sideways,65,0,100.0,0.0,강력 숏,rise,3.149125832382671,-0.9391664234738584
1486,2022-09-08 04:45:00,19372.0,-0.38822470754595884,above_upper,tight,1.1573860993745309,sideways,sideways,65,0,100.0,0.0,강력 숏,sideways,0.13421432996076899,-1.8660953954160675
1487,2022-09-10 05:30:00,21656.5,-0.04384750300009399,above_upper,tight,1.967628852484875,uptrend,sideways,65,10,86.66666666666667,13.333333333333334,강력 숏,drop,-0.19162837947036548,-2.5096391383649275
1488,2022-09-11 08:15:00,21727.5,-0.3234241673548022,above_upper,tight,1.0609786552010467,sideways,sideways,65,0,100.0,0.0,강력 숏,sideways,0.6995742722356368,-1.380738695201933
1489,2022-09-13 00:00:00,22436.5,-0.22901102810387597,above_upper,tight,0.6794665166058187,sideways,sideways,65,0,100.0,0.0,강력 숏,drop,1.5933857776391225,-4.904953981235938
1490,2022-09-14 02:15:00,20518.0,-9.985083793980875,above_upper,tight,1.7747456519360945,uptrend,sideways,65,10,86.66666666666667,13.333333333333334,강력 숏,drop,-0.29729993176722536,-2.2175650648211365
1491,2022-09-14 08:45:00,20408.5,-0.5336777463690434,upper_half,tight,1.177044218712244,sideways,sideways,55,0,100.0,0.0,강력 숏,drop,-0.07594874684567765,-4.008133865791219
1492,2022-09-14 13:00:00,20375.0,-0.164147291569694,upper_half,tight,1.2540775202319645,sideways,sideways,55,0,100.0,0.0,강력 숏,drop,0.012269938650311119,-3.850306748466259
1493,2022-09-15 07:15:00,20319.0,-0.2870813397129135,above_upper,tight,1.2639343500776543,uptrend,sideways,65,10,86.66666666666667,13.333333333333334,강력 숏,drop,-0.4995324573059734,-4.168512229932575
1494,2022-09-15 21:15:00,19895.5,-2.0842561149662875,upper_half,tight,1.031758149318771,uptrend,downtrend,75,10,88.23529411764706,11.76470588235294,강력 숏,sideways,-0.0728808021914551,-1.6435877459727077
1495,2022-09-16 01:00:00,19799.5,-0.48252117312960197,upper_half,tight,1.3401286202613616,uptrend,downtrend,75,10,88.23529411764706,11.76470588235294,강력 숏,sideways,0.3989999747468387,-1.8409555796863541
1496,2022-09-17 09:15:00,19907.0,-0.8590851365820829,upper_half,tight,0.6787010706049339,uptrend,downtrend,75,10,88.23529411764706,11.76470588235294,강력 숏,sideways,1.3537951474355658,-0.8690410408399019
1497,2022-09-17 23:00:00,20135.0,-0.20568483136321758,upper_half,tight,0.9691723127778178,uptrend,sideways,55,10,84.61538461538461,15.384615384615385,강력 숏,sideways,-0.014899428855230656,-1.9170598460392374
1498,2022-09-18 08:15:00,20092.0,-0.21355848025825797,above_upper,tight,0.567727522629726,sideways,sideways,65,0,100.0,0.0,강력 숏,drop,-0.11696197491538607,-3.5262791160661
1499,2022-09-18 20:30:00,19745.0,-1.7270555444953262,upper_half,tight,0.9541750258325343,uptrend,downtrend,75,10,88.23529411764706,11.76470588235294,강력 숏,drop,-0.05824259306153046,-8.280577361357311
1500,2022-09-19 14:45:00,19424.5,-1.6231957457584212,above_upper,wide,5.55512589652375,uptrend,sideways,60,10,85.71428571428571,14.285714285714285,강력 숏,drop,1.2896084841308664,-2.8469201266441813
1501,2022-09-20 07:15:00,19582.5,-0.47013977128335105,above_upper,tight,1.5219552622386667,sideways,downtrend,85,0,100.0,0.0,강력 숏,drop,-0.5617260308949268,-4.424869143367804
1502,2022-09-20 11:30:00,19333.0,-1.274096770075317,upper_half,tight,1.5938038623134383,sideways,downtrend,75,0,100.0,0.0,강력 숏,drop,-0.10086380799668726,-3.1914343350747387
1503,2022-09-20 16:00:00,19313.5,-0.10086380799668726,upper_half,normal,2.6097573541060295,uptrend,sideways,50,10,83.33333333333334,16.666666666666664,강력 숏,drop,-0.6731043052786934,-3.0936909415693714
1504,2022-09-21 05:30:00,19128.0,-0.9604680663784393,above_upper,tight,0.9524434744660106,sideways,sideways,65,0,100.0,0.0,강력 숏,drop,4.794019238812219,-3.4190715181932285
1505,2022-09-22 08:45:00,19285.0,-3.791469194312791,above_upper,normal,3.6841391347619714,uptrend,uptrend,60,25,70.58823529411765,29.411764705882355,강력 숏,drop,1.0059631838216232,-2.6989888514389437
1506,2022-09-23 04:45:00,19486.5,-0.1639470246176722,above_upper,tight,0.9896783401569064,uptrend,sideways,65,10,86.66666666666667,13.333333333333334,강력 숏,drop,-0.1667821312190454,-4.936751084083857
1507,2022-09-23 23:15:00,19394.5,-0.47212172529700336,above_upper,normal,4.7343195489952645,uptrend,sideways,60,10,85.71428571428571,14.285714285714285,강력 숏,drop,-0.0747634638686212,-2.5651602258372264
1508,2022-09-24 13:00:00,19213.0,-0.9358323235968968,above_upper,tight,1.2055486736516674,uptrend,sideways,65,10,86.66666666666667,13.333333333333334,강력 숏,drop,-0.140529849581017,-2.1417790037995155
1509,2022-09-24 16:00:00,19186.0,-0.140529849581017,above_upper,tight,0.9005254433949306,sideways,sideways,65,0,100.0,0.0,강력 숏,drop,-0.1146669446471349,-2.004065464401128
1510,2022-09-24 20:45:00,19140.0,-0.2397581569894669,upper_half,tight,0.44310921187495866,sideways,downtrend,75,0,100.0,0.0,강력 숏,sideways,0.0,-1.7685475444096155
1511,2022-09-25 07:15:00,19119.5,-0.10710553814001766,above_upper,tight,0.7711608849811988,uptrend,sideways,65,10,86.66666666666667,13.333333333333334,강력 숏,sideways,0.3425821804963425,-1.5586181647009645
1512,2022-09-25 16:15:00,19110.0,-0.3909304143862369,upper_half,tight,1.6978197478241401,uptrend,downtrend,75,10,88.23529411764706,11.76470588235294,강력 숏,drop,-0.2799581371009996,-2.561486132914703
1513,2022-09-26 03:15:00,18946.0,-0.8581894296180059,above_upper,tight,0.9114265556338393,uptrend,sideways,65,10,86.66666666666667,13.333333333333334,강력 숏,sideways,1.966114219360282,-1.4567718779689653
1514,2022-09-26 14:15:00,19268.0,-0.26140745917125896,upper_half,normal,2.544620870289715,uptrend,sideways,50,10,83.33333333333334,16.666666666666664,강력 숏,rise,5.34565082001246,-1.6036952460037335
1515,2022-09-26 19:45:00,19255.0,-0.06746937928171493,above_upper,tight,1.2818512523661858,uptrend,downtrend,85,10,89.47368421052632,10.526315789473683,강력 숏,rise,5.741365878992477,-1.0568683458841877
1516,2022-09-28 00:15:00,19222.0,-5.698236318591022,above_upper,tight,1.400238301453934,uptrend,sideways,65,10,86.66666666666667,13.333333333333334,강력 숏,drop,-0.026011861408803405,-4.000624284673815
1517,2022-09-28 06:00:00,18870.0,-1.8312350431796909,upper_half,normal,2.4051952351308183,uptrend,sideways,50,10,83.33333333333334,16.666666666666664,강력 숏,rise,4.144144144144146,-1.6454689984101711
1518,2022-09-29 01:30:00,19592.0,-1.005507553938656,upper_half,tight,1.6268834984090506,sideways,sideways,55,0,100.0,0.0,강력 숏,drop,0.1811964066966043,-3.884238464679457
1519,2022-09-29 11:15:00,19534.0,-0.47637243663227746,above_upper,tight,1.0927745834830473,sideways,sideways,65,0,100.0,0.0,강력 숏,drop,0.5349646769734928,-3.59885328145797
1520,2022-09-30 07:30:00,19626.0,-0.3503427265803549,above_upper,tight,1.2689421027281738,uptrend,sideways,65,10,86.66666666666667,13.333333333333334,강력 숏,drop,2.746356873535105,-2.499235707734637
1521,2022-10-01 00:15:00,19473.5,-3.4292090255393037,upper_half,tight,1.6393655780963152,uptrend,downtrend,75,10,88.23529411764706,11.76470588235294,강력 숏,sideways,-0.15405551133591544,-1.65866433871672
1522,2022-10-01 13:15:00,19395.5,-0.4005443294733846,above_upper,tight,0.758758256575206,sideways,sideways,65,0,100.0,0.0,강력 숏,sideways,-0.16756464128276916,-1.0492124461859764
1523,2022-10-01 19:00:00,19321.5,-0.3815317986130773,upper_half,tight,0.534722730781296,sideways,sideways,55,0,100.0,0.0,강력 숏,sideways,0.3312372227829208,-0.6702378179747948
1524,2022-10-02 19:00:00,19332.0,-0.2759794691908901,above_upper,tight,0.9390620278851554,uptrend,sideways,65,10,86.66666666666667,13.333333333333334,강력 숏,drop,-0.07759155803848117,-2.283778191599417
1525,2022-10-03 01:45:00,19247.0,-0.4396854955514229,upper_half,tight,1.6568909887709105,sideways,downtrend,75,0,100.0,0.0,강력 숏,sideways,1.2339585389930852,-1.0235361355016348
1526,2022-10-05 06:45:00,20286.5,-0.8043616449073365,above_upper,tight,0.7548233305101095,sideways,downtrend,85,0,100.0,0.0,강력 숏,drop,0.2563280999679618,-2.7210213688906415
1527,2022-10-06 12:30:00,20316.0,-0.5823342304869139,above_upper,tight,0.9312358000717625,uptrend,sideways,65,10,86.66666666666667,13.333333333333334,강력 숏,drop,-0.1525890923410156,-2.360208702500488
1528,2022-10-06 17:15:00,20270.0,-0.22642252411891883,above_upper,tight,1.870888245929892,sideways,sideways,65,0,100.0,0.0,강력 숏,drop,-0.6734089787863828,-2.13862851504687
1529,2022-10-07 02:30:00,20042.0,-1.1248149975332966,upper_half,tight,0.8738437684601863,sideways,downtrend,75,0,100.0,0.0,강력 숏,drop,0.17962279213650234,-2.8889332401955903
1530,2022-10-07 08:30:00,20025.0,-0.08482187406446684,upper_half,tight,0.9997362475012144,sideways,sideways,55,0,100.0,0.0,강력 숏,drop,0.26466916354557224,-3.530586766541821
1531,2022-10-07 21:15:00,19636.5,-2.19892419563702,above_upper,tight,1.1823541946990797,uptrend,sideways,65,10,86.66666666666667,13.333333333333334,강력 숏,sideways,-0.04837929366231508,-1.1712881623507254
1532,2022-10-08 00:15:00,19614.0,-0.11458253762126613,upper_half,tight,0.884900756106082,sideways,sideways,55,0,100.0,0.0,강력 숏,sideways,-0.12745997756704597,-1.0579178138064638
1533,2022-10-08 06:45:00,19533.5,-0.4104211277658809,upper_half,tight,0.8176706634621562,uptrend,downtrend,75,10,88.23529411764706,11.76470588235294,강력 숏,sideways,0.030716461463642375,-0.6220083446387026
1534,2022-10-08 16:45:00,19521.5,-0.09212108805241037,upper_half,tight,0.3885258080555513,uptrend,downtrend,75,10,88.23529411764706,11.76470588235294,강력 숏,sideways,-0.010245114361084884,-1.7749660630586805
1535,2022-10-09 00:00:00,19444.5,-0.394436902901929,upper_half,tight,1.0777388851113032,uptrend,downtrend,75,10,88.23529411764706,11.76470588235294,강력 숏,sideways,0.5528555632698273,-0.6711409395973145
1536,2022-10-09 06:45:00,19429.0,-0.07971405795983433,above_upper,tight,0.49371501649400695,uptrend,downtrend,85,10,89.47368421052632,10.526315789473683,강력 숏,sideways,0.6330742704204972,-0.663955942148331
1537,2022-10-09 16:00:00,19547.0,-0.025572831423892328,above_upper,tight,0.3445986026469965,uptrend,sideways,65,10,86.66666666666667,13.333333333333334,강력 숏,sideways,-0.11254924029262536,-1.2636210160126837
1538,2022-10-09 19:00:00,19525.0,-0.11254924029262536,upper_half,tight,0.4277221056337898,uptrend,sideways,55,10,84.61538461538461,15.384615384615385,강력 숏,sideways,-0.01280409731113652,-0.8962868117797673
1539,2022-10-10 01:45:00,19522.5,-0.01280409731113652,above_upper,tight,0.773991352211762,uptrend,sideways,65,10,86.66666666666667,13.333333333333334,강력 숏,drop,-0.16647458061211928,-2.051479062620054
1540,2022-10-10 13:00:00,19434.5,-0.4507619413497199,above_upper,tight,1.1544150674414053,uptrend,sideways,65,10,86.66666666666667,13.333333333333334,강력 숏,drop,-0.1775193599012015,-2.549589647276751
1541,2022-10-10 17:45:00,19358.0,-0.3936298849983255,upper_half,tight,1.4176073234976854,sideways,sideways,55,0,100.0,0.0,강력 숏,drop,-0.20663291662361694,-2.164479801632402
1542,2022-10-11 03:15:00,19090.0,-1.3844405413782401,upper_half,tight,1.2183987407862928,sideways,downtrend,75,0,100.0,0.0,강력 숏,sideways,0.8800419067574561,-1.2572027239392325
1543,2022-10-11 15:45:00,19186.0,-0.373870599231485,upper_half,tight,1.2776897764993136,sideways,uptrend,55,15,78.57142857142857,21.428571428571427,강력 숏,sideways,-0.04690920462837589,-1.4098822057750482
1544,2022-10-12 00:45:00,19123.0,-0.3283644323986201,above_upper,tight,0.5336450925671375,uptrend,sideways,65,10,86.66666666666667,13.333333333333334,강력 숏,sideways,0.3477487841865745,-0.907284421900334
1545,2022-10-12 09:30:00,19186.0,-0.018239141197007314,above_upper,tight,0.646877526642906,sideways,sideways,65,0,100.0,0.0,강력 숏,sideways,0.21630355467527895,-1.2326696549567417
1546,2022-10-12 12:30:00,19185.0,-0.005212133847598555,above_upper,tight,0.5072588312829122,sideways,downtrend,85,0,100.0,0.0,강력 숏,sideways,0.2215272348188746,-0.8600469116497256
1547,2022-10-13 12:15:00,19195.0,-0.16902873488493508,above_upper,normal,2.9279130522353385,sideways,sideways,60,0,100.0,0.0,강력 숏,drop,1.703568637666053,-5.855691586350609
1548,2022-10-14 12:45:00,19835.0,-0.5465302847974307,above_upper,tight,1.2055728343823513,sideways,sideways,65,0,100.0,0.0,강력 숏,drop,-0.1814973531635955,-3.902193093017392
1549,2022-10-15 00:00:00,19216.5,-3.118225359213511,upper_half,tight,0.6367717320408123,uptrend,sideways,55,10,84.61538461538461,15.384615384615385,강력 숏,sideways,-0.05984440454817053,-0.957510472770795
1550,2022-10-15 03:45:00,19205.0,-0.05984440454817053,upper_half,tight,0.307590138896334,sideways,sideways,55,0,100.0,0.0,강력 숏,sideways,-0.04425930747201656,-0.8982035928143728
1551,2022-10-15 12:15:00,19190.0,-0.07810466024472662,upper_half,tight,0.6186923556581112,sideways,sideways,55,0,100.0,0.0,강력 숏,sideways,-0.013027618551331166,-1.1881188118811892
1552,2022-10-16 01:30:00,19155.0,-0.18238665971860302,above_upper,tight,0.6078953298527707,uptrend,sideways,65,10,86.66666666666667,13.333333333333334,강력 숏,sideways,0.1513965022187369,-0.4045941007569831
1553,2022-10-16 15:45:00,19165.5,-0.09643452877398095,above_upper,tight,0.2816346448947578,sideways,sideways,65,0,100.0,0.0,강력 숏,sideways,1.2809475359369715,-0.38871931334950593
1554,2022-10-17 06:00:00,19312.0,-0.5100200917005804,above_upper,tight,0.6771933465157962,uptrend,sideways,65,10,86.66666666666667,13.333333333333334,강력 숏,sideways,1.8434134217067077,-0.4945111847555972
1555,2022-10-17 22:15:00,19616.5,-0.26184665446410404,above_upper,tight,0.5978607963592037,sideways,sideways,65,0,100.0,0.0,강력 숏,sideways,0.3950755741340295,-0.7723090255652099
1556,2022-10-18 01:00:00,19614.0,-0.012744373359163674,above_upper,tight,0.6646139798455307,uptrend,sideways,65,10,86.66666666666667,13.333333333333334,강력 숏,sideways,0.40787192821454266,-0.7341694707861723
1557,2022-10-18 13:30:00,19661.0,-0.16756372499238115,above_upper,tight,0.7590806568226807,uptrend,sideways,65,10,86.66666666666667,13.333333333333334,강력 숏,drop,-0.39163826865368234,-2.9550887543868587
1558,2022-10-18 20:45:00,19426.0,-1.1952596510859115,upper_half,tight,1.979416467739299,sideways,downtrend,75,0,100.0,0.0,강력 숏,sideways,-0.3114382785956993,-1.4876969010604313
1559,2022-10-19 09:45:00,19275.0,-0.7773087614537211,upper_half,tight,0.7443767915746037,sideways,downtrend,75,0,100.0,0.0,강력 숏,sideways,0.11154345006485489,-1.1102464332036321
1560,2022-10-19 20:00:00,19243.0,-0.2772523514626979,upper_half,tight,0.6096833439382411,uptrend,downtrend,75,10,88.23529411764706,11.76470588235294,강력 숏,sideways,-0.16629423686534972,-1.9643506729719928
1561,2022-10-20 04:45:00,19198.0,-0.23385127059190047,above_upper,tight,1.2115950192710065,sideways,sideways,65,0,100.0,0.0,강력 숏,sideways,0.7657047609126,-0.6563183664965111
1562,2022-10-21 02:30:00,19125.0,-1.1372447660894291,above_upper,tight,0.5638246608026475,uptrend,sideways,65,10,86.66666666666667,13.333333333333334,강력 숏,drop,-0.031372549019603735,-2.6326797385620937
1563,2022-10-21 07:15:00,19077.0,-0.2509803921568632,upper_half,tight,0.5456835428898802,uptrend,sideways,55,10,84.61538461538461,15.384615384615385,강력 숏,drop,0.8911254390103318,-2.3876919851129608
1564,2022-10-22 08:00:00,19167.5,-0.4130513846313688,above_upper,tight,0.20470348731580815,uptrend,sideways,65,10,86.66666666666667,13.333333333333334,강력 숏,sideways,0.37563584191990795,-0.208686578844397
1565,2022-10-22 20:45:00,19215.0,-0.12734218664726127,above_upper,tight,0.38292553148253256,uptrend,downtrend,85,10,89.47368421052632,10.526315789473683,강력 숏,sideways,-0.015612802498043976,-0.37991152745251444
1566,2022-10-23 04:30:00,19212.0,-0.015612802498043976,above_upper,tight,0.2603632798632419,sideways,sideways,65,0,100.0,0.0,강력 숏,sideways,-0.015615240474697867,-0.8432229856339735
1567,2022-10-23 08:45:00,19175.0,-0.19258796585467364,upper_half,tight,0.34559003501753394,sideways,sideways,55,0,100.0,0.0,강력 숏,rise,2.482398956975218,-0.6518904823989535
1568,2022-10-24 10:30:00,19439.0,-1.2421571366880935,above_upper,tight,0.7352164955567007,uptrend,sideways,65,10,86.66666666666667,13.333333333333334,강력 숏,sideways,-0.01800504141159509,-1.4609805031122969
1569,2022-10-24 19:15:00,19412.0,-0.13889603374659387,above_upper,tight,0.7883590454124474,uptrend,downtrend,85,10,89.47368421052632,10.526315789473683,강력 숏,sideways,-0.02575726354832053,-0.9710488357716929
1570,2022-10-25 04:00:00,19365.0,-0.24211827735420854,above_upper,tight,0.519363284383211,uptrend,sideways,65,10,86.66666666666667,13.333333333333334,강력 숏,rise,2.3754195713916904,-0.6971340046475594
1571,2022-10-26 03:15:00,20299.5,-0.49264705882352544,above_upper,tight,1.434465117275789,sideways,sideways,65,0,100.0,0.0,강력 숏,rise,3.4951599793098254,-0.859627084410941
1572,2022-10-26 23:00:00,20901.0,-0.5140654005426293,above_upper,tight,0.8549908163197723,uptrend,downtrend,85,10,89.47368421052632,10.526315789473683,강력 숏,drop,-0.1889861729103881,-2.1553992631931473
1573,2022-10-27 05:30:00,20861.5,-0.1889861729103881,above_upper,tight,0.8905777446227238,uptrend,sideways,65,10,86.66666666666667,13.333333333333334,강력 숏,drop,-0.05991898952616426,-2.135512786712368
1574,2022-10-27 12:30:00,20822.5,-0.1869472473216227,above_upper,tight,1.220108569757242,uptrend,sideways,65,10,86.66666666666667,13.333333333333334,강력 숏,drop,-0.4562372433665529,-3.268099411694081
1575,2022-10-27 19:15:00,20665.0,-0.7563933245287591,above_upper,tight,0.6403533814388481,sideways,sideways,65,0,100.0,0.0,강력 숏,drop,-0.014517299782235149,-2.99056375514154
1576,2022-10-28 06:00:00,20295.0,-1.79046697314299,upper_half,tight,0.46182539470067546,sideways,downtrend,75,0,100.0,0.0,강력 숏,rise,2.1828036462182787,-1.6358709041635833
1577,2022-10-28 20:30:00,20723.5,-0.06991995370816406,upper_half,tight,1.2522561777247945,sideways,sideways,55,0,100.0,0.0,강력 숏,sideways,1.1894708905348939,-0.8323883513885244
1578,2022-10-29 16:00:00,20968.0,-0.6255924170616156,above_upper,tight,1.4320292041244067,uptrend,sideways,65,10,86.66666666666667,13.333333333333334,강력 숏,sideways,-0.014307516215184002,-1.318676077832892
1579,2022-10-29 21:00:00,20895.0,-0.34814956123616625,upper_half,tight,0.5162084044746261,uptrend,sideways,55,10,84.61538461538461,15.384615384615385,강력 숏,sideways,0.11964584828907388,-1.2706389088298686
1580,2022-10-30 20:15:00,20724.5,-0.9345124282982842,above_upper,tight,0.5686871584994662,uptrend,sideways,65,10,86.66666666666667,13.333333333333334,강력 숏,sideways,-0.038601655045955585,-1.481338512388719
1581,2022-10-31 05:00:00,20578.5,-0.7044802045887755,upper_half,tight,0.869829637505965,uptrend,downtrend,75,10,88.23529411764706,11.76470588235294,강력 숏,sideways,1.2318682119688118,-1.7323906018417268
1582,2022-11-01 02:45:00,20579.0,-1.2144777265745033,above_upper,tight,0.6358319555698799,uptrend,sideways,65,10,86.66666666666667,13.333333333333334,강력 숏,sideways,0.5345254871470972,-1.2682832013217404
1583,2022-11-01 19:00:00,20489.0,-0.9666972787471639,above_upper,tight,0.39734011986964424,uptrend,downtrend,85,10,89.47368421052632,10.526315789473683,강력 숏,sideways,0.29772072819562734,-0.6832934745473196
1584,2022-11-02 09:00:00,20525.0,-0.12165450121655041,upper_half,tight,0.7618038279292613,uptrend,sideways,55,10,84.61538461538461,15.384615384615385,강력 숏,drop,1.2862362971985286,-2.3069427527405595
1585,2022-11-03 04:15:00,20382.0,-1.9577661263168067,upper_half,tight,1.4275282602585688,uptrend,uptrend,55,25,68.75,31.25,숏 유리,sideways,-0.01962515945441723,-1.807967814738498
1586,2022-11-03 10:00:00,20326.0,-0.2747522323618856,upper_half,tight,0.553007900246292,uptrend,sideways,55,10,84.61538461538461,15.384615384615385,강력 숏,sideways,0.04181836072025824,-1.5374397323624889
1587,2022-11-05 11:15:00,21414.0,-0.2608290638099642,upper_half,tight,0.9289023265140491,sideways,downtrend,75,0,100.0,0.0,강력 숏,sideways,-0.018679368637342098,-0.9596525637433406
1588,2022-11-05 15:30:00,21346.0,-0.31754926683478235,upper_half,tight,0.8942223589702526,uptrend,downtrend,75,10,88.23529411764706,11.76470588235294,강력 숏,sideways,0.12414503888316109,-0.831537524594772
1589,2022-11-06 00:30:00,21345.0,-0.12867001988536853,upper_half,tight,0.4740183850411537,sideways,sideways,55,0,100.0,0.0,강력 숏,sideways,0.0,-0.9814944951979432
1590,2022-11-06 08:45:00,21300.5,-0.20847973764347438,above_upper,tight,0.6163953325013162,uptrend,sideways,65,10,86.66666666666667,13.333333333333334,강력 숏,sideways,-0.0680735194009574,-0.7605455271002981
1591,2022-11-06 15:00:00,21278.0,-0.1056313232083772,above_upper,tight,0.3773257175283157,uptrend,sideways,65,10,86.66666666666667,13.333333333333334,강력 숏,drop,-0.014099069461415148,-2.180656076698939
1592,2022-11-07 02:00:00,21062.5,-1.0127831563116807,upper_half,normal,2.097138586533424,uptrend,downtrend,70,10,87.5,12.5,강력 숏,drop,-0.023738872403555877,-2.338278931750737
1593,2022-11-07 10:15:00,20799.0,-1.2510385756676512,upper_half,tight,1.5868103769418107,uptrend,downtrend,75,10,88.23529411764706,11.76470588235294,강력 숏,drop,0.38463387662868165,-2.0866387807106146
1594,2022-11-07 13:00:00,20794.0,-0.02403961728929538,above_upper,tight,0.6303238919398663,sideways,downtrend,85,0,100.0,0.0,강력 숏,drop,0.4087717610849362,-2.0630951235933392
1595,2022-11-07 16:00:00,20793.0,-0.004809079542178463,above_upper,tight,0.532760894545265,uptrend,sideways,65,10,86.66666666666667,13.333333333333334,강력 숏,drop,0.4136007310152401,-6.093396816236229
1596,2022-11-08 02:15:00,20669.0,-1.0057952967096107,upper_half,tight,1.325848179815827,uptrend,downtrend,75,10,88.23529411764706,11.76470588235294,강력 숏,drop,-0.07741061493057311,-6.621026658280515
1597,2022-11-08 07:30:00,19841.5,-4.003580240940541,lower_half,wide,6.070560558594253,sideways,downtrend,60,0,100.0,0.0,강력 숏,drop,4.185671446211225,-15.328982183806673
1598,2022-11-08 22:00:00,18728.0,-9.404024767801856,upper_half,wide,11.753152859963963,uptrend,sideways,50,10,83.33333333333334,16.666666666666664,강력 숏,drop,-0.20557454079452864,-7.972020504058097
1599,2022-11-09 05:45:00,18499.5,-1.2200982486117007,upper_half,normal,2.4129023009659445,uptrend,downtrend,70,10,87.5,12.5,강력 숏,drop,-0.2702775750695996,-11.348955377172354
1600,2022-11-09 12:45:00,18048.5,-2.437903727127755,upper_half,wide,5.053186718552619,uptrend,downtrend,70,10,87.5,12.5,강력 숏,drop,-1.238330055129233,-14.339141756932705
1601,2022-11-10 08:45:00,16943.0,-6.125162755907699,above_upper,normal,3.8606900456747293,uptrend,uptrend,60,25,70.58823529411765,29.411764705882355,강력 숏,drop,7.365873812193824,-4.140352948120163
1602,2022-11-11 08:45:00,17532.0,-3.622670551371554,above_upper,normal,2.6413731327765033,uptrend,sideways,60,10,85.71428571428571,14.285714285714285,강력 숏,drop,-0.017111567419580975,-6.970111795573808
1603,2022-11-11 13:15:00,17529.0,-0.017111567419580975,above_upper,tight,1.1185373167994852,sideways,sideways,65,0,100.0,0.0,강력 숏,drop,-0.4221575674596356,-6.9541901990986315
1604,2022-11-11 18:00:00,17036.5,-2.8096297564036754,upper_half,wide,6.031175731053223,uptrend,downtrend,70,10,87.5,12.5,강력 숏,drop,0.5693657734863411,-2.8556334927948845
1605,2022-11-12 10:15:00,16960.0,-1.0126360638515242,above_upper,tight,1.3969347532367016,sideways,sideways,65,0,100.0,0.0,강력 숏,sideways,0.17393867924528905,-1.3207547169811318
1606,2022-11-13 03:00:00,16943.5,-0.27075546661172734,above_upper,tight,0.7169795366239339,sideways,sideways,65,0,100.0,0.0,강력 숏,drop,-0.16820609673325881,-3.0896804084162066
1607,2022-11-13 11:30:00,16729.0,-1.2659722017292818,upper_half,normal,2.140113307637083,sideways,downtrend,70,0,100.0,0.0,강력 숏,drop,-0.08966465419332215,-3.894434813796399
1608,2022-11-13 20:00:00,16581.0,-0.8846912547073926,upper_half,tight,0.6258346169228011,uptrend,downtrend,75,10,88.23529411764706,11.76470588235294,강력 숏,drop,2.1410047644894847,-4.695132983535377
1609,2022-11-14 18:15:00,16666.0,-3.1778307093475844,upper_half,normal,3.233858132285909,sideways,sideways,50,0,100.0,0.0,강력 숏,drop,1.2240489619584682,-2.9821192847713895
1610,2022-11-16 02:30:00,17011.0,-0.8682983682983703,above_upper,tight,1.079284117528486,sideways,sideways,65,0,100.0,0.0,강력 숏,drop,-0.279231085768028,-3.5506437011345593
1611,2022-11-16 17:30:00,16634.5,-2.2132737640350397,above_upper,tight,1.2007299536259988,sideways,downtrend,85,0,100.0,0.0,강력 숏,sideways,0.7424328954882986,-1.4097207610688667
1612,2022-11-17 08:00:00,16631.5,-0.7548633488483114,above_upper,tight,0.9474889440183814,sideways,sideways,65,0,100.0,0.0,강력 숏,sideways,0.6493701710609479,-1.301746685506422
1613,2022-11-17 11:45:00,16606.0,-0.15332351261161392,above_upper,tight,0.6279821891694113,sideways,sideways,65,0,100.0,0.0,강력 숏,rise,2.131759604962058,-1.150186679513432
1614,2022-11-18 10:30:00,16848.0,-0.8766252868153246,above_upper,tight,0.6651467549786207,uptrend,downtrend,85,10,89.47368421052632,10.526315789473683,강력 숏,sideways,-0.21070750237417446,-1.8192070275403593
1615,2022-11-18 13:15:00,16812.5,-0.21070750237417446,above_upper,tight,0.5311288147082812,uptrend,downtrend,85,10,89.47368421052632,10.526315789473683,강력 숏,sideways,-0.02676579925650069,-1.6118959107806696
1616,2022-11-18 20:00:00,16683.0,-0.7702602230483246,upper_half,tight,1.120820192484074,uptrend,downtrend,75,10,88.23529411764706,11.76470588235294,강력 숏,sideways,0.2097944014865405,-0.7912245998921041
1617,2022-11-19 08:45:00,16655.0,-0.3768393348486665,above_upper,tight,0.45101344044533925,sideways,sideways,65,0,100.0,0.0,강력 숏,sideways,0.1501050735514875,-0.3212248574001819
1618,2022-11-19 15:00:00,16664.0,-0.09592326139088447,above_upper,tight,0.21822652413873295,uptrend,sideways,65,10,86.66666666666667,13.333333333333334,강력 숏,sideways,0.8101296207393194,-0.3750600096015355
1619,2022-11-20 07:45:00,16730.5,-0.4077623668075514,above_upper,tight,0.30256761108440533,uptrend,downtrend,85,10,89.47368421052632,10.526315789473683,강력 숏,sideways,-0.06574818445354014,-1.6765787035653457
1620,2022-11-20 15:15:00,16619.0,-0.666447506051826,above_upper,tight,0.6962881487535194,sideways,downtrend,85,0,100.0,0.0,강력 숏,drop,-0.08724953366628929,-4.3985799386244695
1621,2022-11-20 19:45:00,16604.5,-0.08724953366628929,above_upper,tight,0.28635022564701584,uptrend,downtrend,85,10,89.47368421052632,10.526315789473683,강력 숏,drop,1.111144569243283,-4.31509530548948
1622,2022-11-21 09:45:00,16231.0,-3.323604741199593,upper_half,tight,1.9459225245612468,sideways,sideways,55,0,100.0,0.0,강력 숏,drop,0.33885774135913316,-4.873390425728541
1623,2022-11-22 15:45:00,16296.0,-0.024539877300611135,upper_half,normal,4.629384574382641,sideways,sideways,50,0,100.0,0.0,강력 숏,sideways,1.7304860088365182,-1.546391752577314
1624,2022-11-22 19:15:00,16237.0,-0.362052037309768,above_upper,tight,0.9861607067316573,sideways,sideways,65,0,100.0,0.0,강력 숏,rise,2.485064975056961,-0.9176572026852292
1625,2022-11-24 16:15:00,16664.0,-0.8685306365258771,above_upper,tight,0.7623674417274846,sideways,sideways,65,0,100.0,0.0,강력 숏,sideways,-0.04200672107537162,-1.8813010081613069
1626,2022-11-24 22:45:00,16636.5,-0.1650264042246774,above_upper,tight,0.33050749815995634,sideways,sideways,65,0,100.0,0.0,강력 숏,sideways,-0.14426111261383046,-1.7882367084422812
1627,2022-11-25 11:15:00,16594.5,-0.25245694707420885,above_upper,tight,0.7481107545762872,uptrend,sideways,65,10,86.66666666666667,13.333333333333334,강력 숏,sideways,0.31034378860466116,-0.967187923709667
1628,2022-11-26 05:30:00,16640.0,-0.2697033263410198,upper_half,tight,0.4413268052449199,uptrend,sideways,55,10,84.61538461538461,15.384615384615385,강력 숏,sideways,0.21334134615385025,-0.9795673076923084
1629,2022-11-26 10:15:00,16620.0,-0.12019230769231282,upper_half,tight,0.5505812162856084,uptrend,downtrend,75,10,88.23529411764706,11.76470588235294,강력 숏,sideways,0.33393501805054626,-1.4651022864019203
1630,2022-11-26 21:15:00,16535.5,-0.8395550358310078,above_upper,tight,0.46554942942548233,uptrend,sideways,65,10,86.66666666666667,13.333333333333334,강력 숏,sideways,0.3205225121707844,-0.9615675365123533
1631,2022-11-27 10:30:00,16583.0,-0.0331554992916816,above_upper,tight,0.4258304338489387,sideways,sideways,65,0,100.0,0.0,강력 숏,sideways,-0.018090815895799306,-0.9919797382861972
1632,2022-11-27 15:45:00,16574.0,-0.054272447687386816,above_upper,tight,0.2382485667991357,sideways,downtrend,85,0,100.0,0.0,강력 숏,drop,0.03620127911185822,-3.149511282731987
1633,2022-11-28 04:15:00,16237.0,-2.068757539203858,lower_half,normal,3.356137159272077,uptrend,downtrend,60,10,85.71428571428571,14.285714285714285,강력 숏,sideways,0.8807045636509248,-1.5520108394407872
1634,2022-11-28 20:45:00,16265.0,-0.7020757020756996,upper_half,tight,1.3952881032581237,uptrend,sideways,55,10,84.61538461538461,15.384615384615385,강력 숏,sideways,1.7337841992007386,-1.0359667998770417
1635,2022-11-29 20:00:00,16516.0,-0.18734513809149922,above_upper,tight,0.7020412058269332,uptrend,sideways,65,10,86.66666666666667,13.333333333333334,강력 숏,rise,3.6873334947929326,-0.6115282150641832
1636,2022-11-30 08:15:00,16924.5,-1.170802919708025,above_upper,tight,0.44532764574152134,uptrend,sideways,65,10,86.66666666666667,13.333333333333334,강력 숏,sideways,1.2851192058849659,-1.2792106118349134
1637,2022-12-01 08:45:00,17124.0,-0.8453966415749803,upper_half,tight,0.6074148955760977,sideways,downtrend,75,0,100.0,0.0,강력 숏,sideways,1.5533753795841987,-1.6000934361130592
1638,2022-12-02 01:00:00,17041.5,-2.0040253018976384,above_upper,tight,0.7666708597868409,uptrend,sideways,65,10,86.66666666666667,13.333333333333334,강력 숏,sideways,0.3432796408766814,-1.5990376433999365
1639,2022-12-03 09:45:00,16977.0,-1.0087463556851306,upper_half,tight,0.5837631022655676,sideways,downtrend,75,0,100.0,0.0,강력 숏,sideways,0.01767096660187928,-0.718619308476176
1640,2022-12-04 08:15:00,17039.0,-0.1640592957168785,upper_half,tight,0.5725115011267098,sideways,sideways,55,0,100.0,0.0,강력 숏,sideways,0.6309055695756793,-0.8099066846645964
1641,2022-12-05 08:30:00,17369.5,-0.3213681099538013,upper_half,tight,1.134298704651364,uptrend,sideways,55,10,84.61538461538461,15.384615384615385,강력 숏,drop,-0.03166469961713991,-2.893002101384612
1642,2022-12-05 18:15:00,17137.5,-1.3356746020322996,upper_half,tight,1.7005079623756307,sideways,downtrend,75,0,100.0,0.0,강력 숏,sideways,-0.25966447848285723,-1.578409919766599
1643,2022-12-06 01:00:00,17093.0,-0.25966447848285723,above_upper,tight,0.9406270819497711,uptrend,sideways,65,10,86.66666666666667,13.333333333333334,강력 숏,sideways,-0.011700696191419002,-1.108640964137364
1644,2022-12-06 08:45:00,17038.5,-0.31884397121628716,above_upper,tight,0.3200379266906403,sideways,sideways,65,0,100.0,0.0,강력 숏,sideways,-0.04695248994923684,-0.7923232678933023
1645,2022-12-06 13:15:00,17027.0,-0.06749420430202102,upper_half,tight,0.5860383252943058,uptrend,sideways,55,10,84.61538461538461,15.384615384615385,강력 숏,sideways,0.6342867210900272,-0.7165090738239233
1646,2022-12-07 09:45:00,16828.5,-1.7887365042311032,lower_half,normal,2.3880465362652457,sideways,downtrend,60,0,100.0,0.0,강력 숏,sideways,0.3357399649404291,-0.4337879193035632
1647,2022-12-08 00:15:00,16878.5,-0.038495706248153905,above_upper,tight,0.3903975148037394,sideways,uptrend,65,15,81.25,18.75,강력 숏,sideways,-0.008887045649785819,-1.042746689575491
1648,2022-12-09 01:15:00,17280.0,-0.03471017007983246,above_upper,tight,0.5936039282020211,sideways,sideways,65,0,100.0,0.0,강력 숏,sideways,0.3935185185185208,-1.302083333333337
1649,2022-12-10 00:15:00,17157.5,-1.098109292137417,above_upper,tight,0.39874630892039375,uptrend,sideways,65,10,86.66666666666667,13.333333333333334,강력 숏,sideways,0.08451114672882731,-0.3089028121812665
1650,2022-12-11 06:00:00,17185.0,-0.2003542495426669,above_upper,tight,0.254059172510777,uptrend,sideways,65,10,86.66666666666667,13.333333333333334,강력 숏,sideways,0.1309281350014624,-0.3549607215594941
1651,2022-12-12 05:45:00,16940.0,-1.8625264316542545,upper_half,tight,0.41912398034060067,uptrend,downtrend,75,10,88.23529411764706,11.76470588235294,강력 숏,sideways,0.6434474616292762,-0.23612750885477762
1652,2022-12-13 19:45:00,17780.0,-1.2222222222222245,upper_half,tight,1.0668999990414147,sideways,sideways,55,0,100.0,0.0,강력 숏,sideways,0.5511811023622082,-0.4893138357705329
1653,2022-12-15 06:45:00,17735.0,-3.5039991294412154,upper_half,tight,0.5537243713050468,uptrend,downtrend,75,10,88.23529411764706,11.76470588235294,강력 숏,drop,-0.04792782633211701,-2.4527769946433575
1654,2022-12-15 11:30:00,17716.0,-0.10713278827177986,upper_half,tight,0.6300335180437068,sideways,downtrend,75,0,100.0,0.0,강력 숏,drop,-0.008466922555883105,-2.562655226913524
1655,2022-12-15 19:30:00,17467.5,-1.4026868367577383,above_upper,tight,0.5403586081715672,sideways,downtrend,85,0,100.0,0.0,강력 숏,sideways,0.35780735651924633,-1.17647058823529
1656,2022-12-16 00:45:00,17418.0,-0.2833834263632484,upper_half,tight,0.8376253036403531,sideways,downtrend,75,0,100.0,0.0,강력 숏,drop,0.6430129750832458,-2.905040762429667
1657,2022-12-16 14:45:00,17078.0,-2.578436965202513,above_upper,tight,0.6646365058760947,sideways,downtrend,85,0,100.0,0.0,강력 숏,drop,-0.33961822227427385,-3.1941679353554298
1658,2022-12-16 20:15:00,16954.0,-0.726080337276025,upper_half,tight,1.4010329717746157,uptrend,downtrend,75,10,88.23529411764706,11.76470588235294,강력 숏,drop,-0.07372891353073507,-2.4861389642562237
1659,2022-12-17 06:30:00,16763.0,-1.1265777987495618,above_upper,tight,0.780653379987839,uptrend,sideways,65,10,86.66666666666667,13.333333333333334,강력 숏,sideways,-0.10737934737219401,-0.7456899123068683
1660,2022-12-17 10:45:00,16745.0,-0.10737934737219401,above_upper,tight,0.4235876082934853,sideways,sideways,65,0,100.0,0.0,강력 숏,sideways,0.28366676619886455,-0.6389967154374454
1661,2022-12-18 04:15:00,16788.0,-0.026797677534617925,above_upper,tight,0.5091968574086432,uptrend,sideways,65,10,86.66666666666667,13.333333333333334,강력 숏,sideways,0.0,-0.786275911365264
1662,2022-12-18 08:00:00,16755.0,-0.196568977841316,upper_half,tight,0.3580353002687921,uptrend,sideways,55,10,84.61538461538461,15.384615384615385,강력 숏,sideways,0.18501939719486327,-0.5908683974932827
1663,2022-12-18 12:45:00,16728.0,-0.1611459265890791,upper_half,tight,0.4760998622054486,uptrend,downtrend,75,10,88.23529411764706,11.76470588235294,강력 숏,sideways,1.0282161645145838,-0.36465805834529075
1664,2022-12-19 10:15:00,16775.0,-0.7396449704141994,above_upper,tight,0.46647390769155955,uptrend,sideways,65,10,86.66666666666667,13.333333333333334,강력 숏,drop,-0.044709388971686526,-3.409836065573768
1665,2022-12-19 14:30:00,16760.0,-0.08941877794337305,upper_half,tight,0.49190692731486935,uptrend,sideways,55,10,84.61538461538461,15.384615384615385,강력 숏,drop,1.3723150357995317,-3.323389021479717
1666,2022-12-19 21:15:00,16644.5,-0.6891408114558462,upper_half,tight,0.726745912136626,uptrend,downtrend,75,10,88.23529411764706,11.76470588235294,강력 숏,drop,2.075760761813217,-2.6525278620565307
1667,2022-12-20 09:30:00,16856.0,-0.7886992348440258,above_upper,tight,0.5653827062503747,sideways,downtrend,85,0,100.0,0.0,강력 숏,sideways,1.1746559088751773,-0.9729473184622695
1668,2022-12-20 20:15:00,16922.5,-0.7710800985106125,upper_half,tight,1.1342030590014678,uptrend,downtrend,75,10,88.23529411764706,11.76470588235294,강력 숏,sideways,-0.005909292362238361,-0.9602600088639335
1669,2022-12-20 23:30:00,16918.5,-0.023637169448953443,upper_half,tight,0.5697027122982262,uptrend,downtrend,75,10,88.23529411764706,11.76470588235294,강력 숏,sideways,-0.005910689481924969,-0.9368442828855961
1670,2022-12-21 08:45:00,16894.0,-0.14481189230723945,above_upper,tight,0.46742910820759787,sideways,sideways,65,0,100.0,0.0,강력 숏,sideways,0.14502190126672865,-1.0891440748194592
1671,2022-12-21 11:45:00,16891.0,-0.017757783828575846,upper_half,tight,0.5409198141686584,sideways,sideways,55,0,100.0,0.0,강력 숏,sideways,0.1628085962938952,-1.071576579243383
1672,2022-12-22 00:45:00,16855.0,-0.37532878210243537,above_upper,tight,0.673622009890532,uptrend,sideways,65,10,86.66666666666667,13.333333333333334,강력 숏,sideways,0.04449718184516005,-0.5695639276179221
1673,2022-12-22 04:15:00,16850.0,-0.029664787896765965,upper_half,tight,0.3080766672071686,uptrend,sideways,55,10,84.61538461538461,15.384615384615385,강력 숏,sideways,0.07418397626113293,-1.4302670623145386
1674,2022-12-23 10:30:00,16888.5,-0.0887390185464576,above_upper,tight,0.26646305857481234,sideways,sideways,65,0,100.0,0.0,강력 숏,sideways,0.6010006809367363,-1.0865381768659144
1675,2022-12-23 19:30:00,16862.0,-0.7533843437316112,upper_half,tight,0.4358982594007839,sideways,sideways,55,0,100.0,0.0,강력 숏,sideways,-0.05930494603250125,-0.5811884711184878
1676,2022-12-24 04:15:00,16840.0,-0.13047088127149387,upper_half,tight,0.37548270951990104,uptrend,sideways,55,10,84.61538461538461,15.384615384615385,강력 숏,sideways,0.071258907363414,-0.22565320665083322
1677,2022-12-25 05:15:00,16834.5,-0.14532297289281404,upper_half,tight,0.18785725376646067,sideways,downtrend,75,0,100.0,0.0,강력 숏,sideways,0.11286346490837484,-0.7187620659954264
1678,2022-12-25 21:45:00,16844.5,-0.05340137063517547,above_upper,tight,0.5231688461531906,uptrend,sideways,65,10,86.66666666666667,13.333333333333334,강력 숏,sideways,0.400724272017583,-0.23449790732880116
1679,2022-12-26 11:15:00,16860.0,-0.3074739829706741,above_upper,tight,0.19585205177715861,uptrend,sideways,65,10,86.66666666666667,13.333333333333334,강력 숏,sideways,0.599051008303686,-0.45670225385527896
1680,2022-12-26 19:15:00,16854.5,-0.03262158956108818,above_upper,tight,0.23123144897369236,uptrend,downtrend,85,10,89.47368421052632,10.526315789473683,강력 숏,sideways,0.6318787267495241,-0.24029191017235219
1681,2022-12-27 05:00:00,16888.5,-0.4274512116030915,upper_half,tight,0.29238093674683896,uptrend,sideways,55,10,84.61538461538461,15.384615384615385,강력 숏,sideways,-0.05033010628534562,-1.666814696391039
1682,2022-12-27 15:15:00,16839.5,-0.29013825976256236,upper_half,tight,0.5168025311341535,sideways,downtrend,75,0,100.0,0.0,강력 숏,sideways,-0.1039223254847288,-1.689480091451645
1683,2022-12-28 01:30:00,16749.5,-0.5344576739214402,above_upper,tight,0.47643488420847335,sideways,sideways,65,0,100.0,0.0,강력 숏,sideways,-0.24478342637093142,-1.1612286933938343
1684,2022-12-29 00:45:00,16591.5,-1.1115746811300564,upper_half,tight,0.8255289913180321,uptrend,downtrend,75,10,88.23529411764706,11.76470588235294,강력 숏,sideways,0.4128620076545131,-0.6117590332399114
1685,2022-12-29 05:45:00,16584.0,-0.0452038694512269,upper_half,tight,0.4400446495561896,uptrend,downtrend,75,10,88.23529411764706,11.76470588235294,강력 숏,sideways,0.48842257597685457,-0.3527496382054962
1686,2022-12-29 23:30:00,16653.5,-0.06900690069007176,above_upper,tight,0.4193840147435881,uptrend,downtrend,85,10,89.47368421052632,10.526315789473683,강력 숏,sideways,-0.027021346864020135,-1.3540697150749126
1687,2022-12-30 15:30:00,16585.0,-0.41132494670790276,above_upper,tight,0.6028130953085263,uptrend,sideways,65,10,86.66666666666667,13.333333333333334,강력 숏,sideways,0.8441362677117814,-0.364787458546878
1688,2022-12-30 23:45:00,16637.5,-0.5231689088191382,upper_half,tight,0.7305283527143577,sideways,sideways,55,0,100.0,0.0,강력 숏,sideways,-0.06311044327573789,-0.5048835462058587
1689,2022-12-31 08:30:00,16595.0,-0.25544703230653276,above_upper,tight,0.22317683587930207,uptrend,sideways,65,10,86.66666666666667,13.333333333333334,강력 숏,sideways,0.33443808376016904,-0.21994576679722488
1690,2023-01-01 02:30:00,16577.5,-0.43842527251434227,upper_half,tight,0.36917256394537745,uptrend,downtrend,75,10,88.23529411764706,11.76470588235294,강력 숏,sideways,0.027145226964253588,-0.40114613180515235
1691,2023-01-01 06:15:00,16560.0,-0.10556477152767751,upper_half,tight,0.31710659196226854,sideways,downtrend,75,0,100.0,0.0,강력 숏,sideways,0.33816425120773985,-0.29589371980676127
1692,2023-01-02 00:00:00,16627.0,-0.02405147014611364,upper_half,tight,0.2113663690478249,uptrend,sideways,55,10,84.61538461538461,15.384615384615385,강력 숏,sideways,0.8841041679196415,-0.4510735550610434
1693,2023-01-02 15:30:00,16749.5,-0.14605937760819865,above_upper,tight,0.3631211753566754,sideways,downtrend,85,0,100.0,0.0,강력 숏,sideways,0.29553120988685677,-0.6268843846084948
1694,2023-01-03 06:30:00,16774.0,-0.14881838204654496,above_upper,tight,0.5250687440547677,uptrend,sideways,65,10,86.66666666666667,13.333333333333334,강력 숏,sideways,-0.023846428997253977,-1.0075116251341387
1695,2023-01-03 09:45:00,16750.0,-0.14307857398354606,upper_half,tight,0.3839354253111223,uptrend,sideways,55,10,84.61538461538461,15.384615384615385,강력 숏,sideways,0.11940298507462366,-0.8656716417910437
1696,2023-01-05 00:15:00,16873.5,-0.6740051801271463,above_upper,tight,0.44800539897603486,uptrend,sideways,65,10,86.66666666666667,13.333333333333334,강력 숏,sideways,-0.07408065902154704,-0.5659762349245812
1697,2023-01-05 05:15:00,16841.5,-0.18964648709515197,upper_half,tight,0.18945181925662663,uptrend,sideways,55,10,84.61538461538461,15.384615384615385,강력 숏,sideways,0.16922483151737833,-0.5611139150313194
1698,2023-01-05 11:45:00,16832.5,-0.05343942047917327,above_upper,tight,0.2702937304071669,uptrend,downtrend,85,10,89.47368421052632,10.526315789473683,강력 숏,sideways,0.22278330610425723,-0.5079459379177198
1699,2023-01-05 19:45:00,16864.0,-0.03556609365737984,upper_half,tight,0.4159240870563803,uptrend,sideways,55,10,84.61538461538461,15.384615384615385,강력 숏,sideways,-0.023719165085389626,-0.5396110056925973
1700,2023-01-06 00:45:00,16860.0,-0.023719165085389626,above_upper,tight,0.25137086370981554,sideways,sideways,65,0,100.0,0.0,강력 숏,sideways,-0.014827995255040083,-1.0972716488730772
1701,2023-01-07 01:00:00,16974.0,-0.33760972316002613,upper_half,tight,0.5162388132043182,uptrend,sideways,55,10,84.61538461538461,15.384615384615385,강력 숏,sideways,-0.07364204076822922,-0.4035583834099188
1702,2023-01-07 08:00:00,16941.5,-0.19146930599740486,upper_half,tight,0.16854034985594013,uptrend,downtrend,75,10,88.23529411764706,11.76470588235294,강력 숏,sideways,0.04426998789952563,-0.22134993949768367
1703,2023-01-07 14:45:00,16937.5,-0.02361066021309144,above_upper,tight,0.17141529399056937,uptrend,downtrend,85,10,89.47368421052632,10.526315789473683,강력 숏,sideways,0.06789667896678342,-0.18007380073801205
1704,2023-01-08 00:00:00,16946.0,-0.01770015930143698,above_upper,tight,0.12174733254863973,uptrend,sideways,65,10,86.66666666666667,13.333333333333334,강력 숏,sideways,0.09441756166645998,-0.23014280656201702
1705,2023-01-10 01:00:00,17230.0,-0.8915731952832906,upper_half,tight,0.46398082609262636,uptrend,downtrend,75,10,88.23529411764706,11.76470588235294,강력 숏,sideways,0.2553685432385322,-0.5310504933255911
1706,2023-01-11 09:15:00,17461.5,-0.19148328093741007,above_upper,tight,0.34263484820050716,sideways,sideways,65,0,100.0,0.0,강력 숏,sideways,0.6471379892907247,-0.8704864988689387
1707,2023-01-11 14:45:00,17431.0,-0.1746699882598901,upper_half,tight,0.4062325972153086,sideways,sideways,55,0,100.0,0.0,강력 숏,rise,5.427112615455232,-0.697034019849696
1708,2023-01-12 13:15:00,18350.0,-0.1469227839146714,above_upper,tight,1.0914972043787143,uptrend,sideways,65,10,86.66666666666667,13.333333333333334,강력 숏,drop,4.269754768392375,-2.3950953678474107
1709,2023-01-13 03:45:00,18865.5,-1.4006846630255865,upper_half,tight,0.8698511429500695,uptrend,sideways,55,10,84.61538461538461,15.384615384615385,강력 숏,rise,2.2395377806048167,-0.5274177731838581
1710,2023-01-14 08:30:00,21039.0,-2.371229698375865,above_upper,tight,0.9547472847767351,sideways,downtrend,85,0,100.0,0.0,강력 숏,drop,0.9720043728314032,-3.7953324777793673
1711,2023-01-14 17:15:00,20934.5,-1.4545625720808752,upper_half,tight,1.2520104286820968,sideways,sideways,55,0,100.0,0.0,강력 숏,sideways,0.7571234087272227,-1.8127970574888352
1712,2023-01-15 06:30:00,20795.5,-1.4104205186554752,above_upper,tight,0.6382032252427566,uptrend,downtrend,85,10,89.47368421052632,10.526315789473683,강력 숏,sideways,1.3007621841263806,-1.0699430165179935
1713,2023-01-15 10:00:00,20773.0,-0.10819648481642519,upper_half,tight,1.0147232339547996,sideways,downtrend,75,0,100.0,0.0,강력 숏,sideways,1.4104847638761964,-0.6282193231598732
1714,2023-01-16 06:45:00,21300.0,-0.6993006993006978,upper_half,tight,1.3191643468796628,uptrend,sideways,55,10,84.61538461538461,15.384615384615385,강력 숏,drop,0.6079812206572832,-3.2863849765258246
1715,2023-01-17 00:00:00,21297.0,-0.8888682055100516,upper_half,tight,1.3799058621322535,sideways,sideways,55,0,100.0,0.0,강력 숏,drop,0.23007935389960377,-2.218622341174814
1716,2023-01-17 04:30:00,21230.0,-0.3145983002300845,upper_half,tight,1.5650158617643253,uptrend,downtrend,75,10,88.23529411764706,11.76470588235294,강력 숏,sideways,1.8676401318888258,-1.1540273198304307
1717,2023-01-17 18:45:00,21413.0,-0.9872147596698522,above_upper,tight,1.551915802124573,sideways,sideways,65,0,100.0,0.0,강력 숏,sideways,-0.08873114463177068,-1.5271096997151234
1718,2023-01-18 03:15:00,21369.5,-0.2031476206043048,above_upper,tight,1.168954683401309,uptrend,downtrend,85,10,89.47368421052632,10.526315789473683,강력 숏,drop,1.420248484990294,-2.8358174033084493
1719,2023-01-19 04:30:00,20871.0,-3.7004567895538187,above_upper,tight,0.8013299538443733,uptrend,sideways,65,10,86.66666666666667,13.333333333333334,강력 숏,sideways,0.35455895740501564,-1.0828422212639577
1720,2023-01-22 06:30:00,22978.5,-1.7214832556349147,above_upper,tight,1.4111706268268722,uptrend,sideways,65,10,86.66666666666667,13.333333333333334,강력 숏,sideways,0.4547729399221101,-1.5514502687294596
1721,2023-01-23 01:00:00,22829.5,-1.0982108044881533,upper_half,normal,2.0462716001418446,uptrend,sideways,50,10,83.33333333333334,16.666666666666664,강력 숏,sideways,0.6942771414178983,-0.9965176635493567
1722,2023-01-23 06:45:00,22791.5,-0.1664513020434133,above_upper,tight,0.5214519459515108,uptrend,sideways,65,10,86.66666666666667,13.333333333333334,강력 숏,sideways,1.7352960533532302,-1.4566834126757744
1723,2023-01-24 02:15:00,23145.5,-0.17897960063828489,above_upper,tight,1.0829970561910076,uptrend,sideways,65,10,86.66666666666667,13.333333333333334,강력 숏,sideways,0.08640988529087235,-1.9809466202933668
1724,2023-01-24 12:30:00,23030.0,-0.5849215428115118,upper_half,tight,1.3289194435190788,sideways,downtrend,75,0,100.0,0.0,강력 숏,drop,0.24533217542335173,-3.0872774641771628
1725,2023-01-25 07:15:00,22769.0,-1.3752625993545986,above_upper,tight,0.877019595006692,sideways,sideways,65,0,100.0,0.0,강력 숏,sideways,0.7488251570117344,-1.9126883042733578
1726,2023-01-25 12:00:00,22752.0,-0.07466291888093002,upper_half,tight,1.0760568343264045,uptrend,sideways,55,10,84.61538461538461,15.384615384615385,강력 숏,rise,4.935829817158921,-1.8393987341772111
1727,2023-01-26 14:30:00,23241.5,-2.6534031413612547,above_upper,tight,1.4490314488579332,uptrend,sideways,65,10,86.66666666666667,13.333333333333334,강력 숏,drop,-0.2689155175010227,-3.091452789191751
1728,2023-01-26 20:30:00,23179.0,-0.2689155175010227,above_upper,tight,0.8334624320886383,sideways,sideways,65,0,100.0,0.0,강력 숏,drop,-0.12942749902928874,-2.8301479787738892
1729,2023-01-27 05:45:00,23099.5,-0.3429828724276329,above_upper,tight,1.563397584750674,uptrend,sideways,65,10,86.66666666666667,13.333333333333334,강력 숏,sideways,0.6861620381393596,-1.1320591354791243
1730,2023-01-28 00:30:00,23193.0,-1.3714358614530853,upper_half,tight,1.6937325658747782,sideways,sideways,55,0,100.0,0.0,강력 숏,sideways,-0.07545380071573016,-1.3754149959039341
1731,2023-01-28 09:45:00,23019.0,-0.7502263614021509,upper_half,tight,0.6952806896344459,sideways,downtrend,75,0,100.0,0.0,강력 숏,sideways,0.1715973760806344,-0.6299144185238248
1732,2023-01-28 19:45:00,23046.5,-0.052041546501291336,upper_half,tight,0.305918635035346,uptrend,uptrend,55,25,68.75,31.25,숏 유리,rise,2.028507582496264,-0.49248258954721624
1733,2023-01-29 06:00:00,23267.5,-1.048311644126898,upper_half,tight,1.1816413210992183,uptrend,sideways,55,10,84.61538461538461,15.384615384615385,강력 숏,rise,2.1768561297947686,-0.4942516385516238
1734,2023-01-29 23:15:00,23883.5,-0.34423767003254335,upper_half,tight,1.0576876798598756,sideways,sideways,55,0,100.0,0.0,강력 숏,drop,-0.3517072455879622,-3.895995143090414
1735,2023-01-30 04:00:00,23764.0,-0.5003454267590635,upper_half,tight,0.850921276576028,uptrend,downtrend,75,10,88.23529411764706,11.76470588235294,강력 숏,drop,-0.06312068675307092,-3.4127251304494233
1736,2023-01-30 15:00:00,23300.5,-1.9504292206699247,upper_half,tight,1.3895188317512852,uptrend,downtrend,75,10,88.23529411764706,11.76470588235294,강력 숏,drop,-0.21458766979249866,-3.519237784596896
1737,2023-01-31 02:30:00,22914.0,-1.6587626874959738,above_upper,tight,0.9741392771717627,sideways,sideways,65,0,100.0,0.0,강력 숏,sideways,1.1957755084228028,-0.7833638823426692
1738,2023-02-01 01:45:00,23179.5,-0.8363636363636351,upper_half,tight,1.5901673274712775,sideways,sideways,55,0,100.0,0.0,강력 숏,sideways,-0.06471235358830318,-1.162665286136455
1739,2023-02-01 05:30:00,23164.5,-0.06471235358830318,upper_half,tight,0.522974669397386,uptrend,downtrend,75,10,88.23529411764706,11.76470588235294,강력 숏,sideways,-0.09713138638866026,-1.0986639038183421
1740,2023-02-01 13:15:00,23142.0,-0.09713138638866026,above_upper,tight,0.840060218828866,uptrend,sideways,65,10,86.66666666666667,13.333333333333334,강력 숏,rise,4.917466078990573,-1.6722841586725434
1741,2023-02-02 14:15:00,23949.5,-1.361202635914338,above_upper,tight,0.4968198351349813,sideways,sideways,65,0,100.0,0.0,강력 숏,drop,0.87684502807992,-2.4614292573957752
1742,2023-02-03 16:30:00,23723.0,-1.8067426892112826,upper_half,tight,1.784307532235395,uptrend,uptrend,55,25,68.75,31.25,숏 유리,drop,-0.2529191080386073,-2.1919656030013113
1743,2023-02-03 23:30:00,23475.0,-1.0453989798929308,above_upper,tight,0.6862901527260151,uptrend,sideways,65,10,86.66666666666667,13.333333333333334,강력 숏,sideways,-0.06176783812567033,-0.9137380191693301
1744,2023-02-04 07:00:00,23371.5,-0.4408945686900978,upper_half,tight,0.4323774756038982,uptrend,downtrend,75,10,88.23529411764706,11.76470588235294,강력 숏,sideways,0.9242025543931609,-0.30592816036625337
1745,2023-02-04 18:00:00,23471.5,-0.49178590355061225,upper_half,tight,0.6345886327760947,uptrend,sideways,55,10,84.61538461538461,15.384615384615385,강력 숏,sideways,-0.048995590396860855,-1.0523400720022114
1746,2023-02-04 22:30:00,23450.0,-0.09160045161152874,upper_half,tight,0.30788477013826265,sideways,downtrend,75,0,100.0,0.0,강력 숏,sideways,-0.06609808102345793,-0.9616204690831576
1747,2023-02-05 06:30:00,23434.5,-0.06609808102345793,above_upper,tight,0.4695214779313376,uptrend,sideways,65,10,86.66666666666667,13.333333333333334,강력 숏,drop,-0.05334016087392701,-2.878235080757008
1748,2023-02-06 00:30:00,23098.0,-1.435917130726061,above_upper,tight,1.1046204771303807,sideways,sideways,65,0,100.0,0.0,강력 숏,drop,-0.043293791670273585,-2.1019135855918303
1749,2023-02-06 08:00:00,22934.0,-0.7100181833925023,upper_half,tight,1.2424126054191726,uptrend,sideways,55,10,84.61538461538461,15.384615384615385,강력 숏,sideways,1.0072381616813564,-0.8851486875381509
1750,2023-02-06 19:15:00,23126.0,-0.1683574357867479,upper_half,tight,1.7384385796950907,sideways,uptrend,55,15,78.57142857142857,21.428571428571427,강력 숏,drop,-0.28539306408371656,-2.151258323964367
1751,2023-02-07 06:15:00,22984.0,-0.6140275015134478,above_upper,tight,0.7067757464718587,uptrend,sideways,65,10,86.66666666666667,13.333333333333334,강력 숏,sideways,1.6489731987469503,-0.9745910198398877
1752,2023-02-08 18:00:00,23041.0,-1.796483750665956,upper_half,tight,1.6747405690771735,uptrend,downtrend,75,10,88.23529411764706,11.76470588235294,강력 숏,drop,-0.1302026821752511,-2.977301332407445
1753,2023-02-09 00:00:00,23011.0,-0.1302026821752511,above_upper,tight,0.858207672069752,sideways,sideways,65,0,100.0,0.0,강력 숏,drop,-0.06953196297423414,-2.850810481943422
1754,2023-02-09 08:15:00,22760.0,-1.09078266915823,above_upper,tight,1.1201150217035873,uptrend,sideways,65,10,86.66666666666667,13.333333333333334,강력 숏,drop,0.38444639718804297,-4.083919156414762
1755,2023-02-10 02:45:00,21939.5,-3.9741766057555528,above_upper,tight,0.7154223846027773,uptrend,downtrend,85,10,89.47368421052632,10.526315789473683,강력 숏,sideways,-0.03737550992501948,-1.4562774903712494
1756,2023-02-10 07:45:00,21931.3,-0.03737550992501948,above_upper,tight,0.7256751674976867,uptrend,downtrend,85,10,89.47368421052632,10.526315789473683,강력 숏,sideways,-0.012767141026748252,-1.9634039021854566
1757,2023-02-10 15:15:00,21900.0,-0.14271839790618301,above_upper,tight,0.7339640379316175,uptrend,downtrend,85,10,89.47368421052632,10.526315789473683,강력 숏,drop,-0.23652968036529387,-2.14109589041096
1758,2023-02-10 19:30:00,21794.0,-0.4840182648401803,upper_half,tight,1.5108206057837086,uptrend,downtrend,75,10,88.23529411764706,11.76470588235294,강력 숏,sideways,-0.01192988896026037,-1.6651371937230541
1759,2023-02-11 03:00:00,21715.0,-0.3624850876387975,above_upper,tight,0.6677531742513586,sideways,downtrend,85,0,100.0,0.0,강력 숏,sideways,0.28091181211145066,-0.37946120193415034
1760,2023-02-11 07:45:00,21706.0,-0.041446005065626235,above_upper,tight,0.23532262385832642,sideways,downtrend,85,0,100.0,0.0,강력 숏,sideways,0.3224914770109555,-0.4676126416659043
1761,2023-02-13 00:45:00,21867.1,-0.9597354952670001,upper_half,tight,1.743035665725394,uptrend,downtrend,75,10,88.23529411764706,11.76470588235294,강력 숏,drop,0.09100429412223221,-2.076635676427141
1762,2023-02-13 04:15:00,21861.0,-0.027895788650522668,above_upper,tight,0.7608423156956592,uptrend,sideways,65,10,86.66666666666667,13.333333333333334,강력 숏,drop,0.1189332601436277,-2.3009011481633923
1763,2023-02-13 12:15:00,21694.0,-0.8818019829122337,upper_half,tight,1.883759225173976,sideways,downtrend,75,0,100.0,0.0,강력 숏,sideways,0.6868258504655556,-1.6894072093666446
1764,2023-02-13 18:45:00,21673.0,-0.09680095879044393,upper_half,tight,1.2213041598221082,sideways,downtrend,75,0,100.0,0.0,강력 숏,sideways,0.7843861025238708,-0.6459650256078975
1765,2023-02-14 21:15:00,22286.5,-0.1084681341239846,above_upper,tight,1.4965472497182128,uptrend,sideways,65,10,86.66666666666667,13.333333333333334,강력 숏,sideways,-0.19069840486393153,-1.1419469185381281
1766,2023-02-16 10:00:00,24673.3,-1.0689698034074047,upper_half,tight,0.7358129010785268,sideways,downtrend,75,0,100.0,0.0,강력 숏,drop,2.5241860634775293,-2.866661532912096
1767,2023-02-17 03:30:00,23915.5,-5.457758310569605,upper_half,normal,2.214131064145915,sideways,downtrend,70,0,100.0,0.0,강력 숏,sideways,1.7482385900357444,-1.6123434592628105
1768,2023-02-17 09:00:00,23869.3,-0.19318015512952424,above_upper,tight,0.9304972852349054,uptrend,downtrend,85,10,89.47368421052632,10.526315789473683,강력 숏,rise,4.920965424205992,-0.8035426258834577
1769,2023-02-18 00:15:00,24794.9,-0.9942540898182806,upper_half,normal,2.980843153241722,sideways,sideways,50,0,100.0,0.0,강력 숏,sideways,-0.22181980971893722,-1.482159637667424
1770,2023-02-18 06:00:00,24678.8,-0.4682414528794365,upper_half,tight,0.5912943223655265,sideways,downtrend,75,0,100.0,0.0,강력 숏,sideways,0.8420182504822016,-1.0186881047700824
1771,2023-02-19 01:00:00,24774.1,-0.4520505010728648,above_upper,tight,0.8275633230200955,uptrend,sideways,65,10,86.66666666666667,13.333333333333334,강력 숏,sideways,0.32856894902337785,-0.8621907556682129
1772,2023-02-19 11:15:00,24722.5,-0.5350928365955188,above_upper,tight,0.597397016601663,uptrend,sideways,65,10,86.66666666666667,13.333333333333334,강력 숏,drop,1.921326726665984,-2.239660228536766
1773,2023-02-19 21:00:00,24583.9,-2.435162218474052,upper_half,normal,3.0409832667492664,sideways,sideways,50,0,100.0,0.0,강력 숏,drop,1.521727634752823,-3.120741623582912
1774,2023-02-20 04:15:00,24550.9,-0.13423419392366576,upper_half,normal,2.5182885421228245,uptrend,sideways,50,10,83.33333333333334,16.666666666666664,강력 숏,rise,2.438607138638482,-0.732763361017319
1775,2023-02-21 02:30:00,25113.3,-0.14433629163087547,above_upper,tight,1.4563762752988019,sideways,sideways,65,0,100.0,0.0,강력 숏,drop,0.7235210028152528,-2.9996057865752435
1776,2023-02-21 14:30:00,24789.0,-2.0003953350464565,upper_half,tight,1.1115652661322732,uptrend,sideways,55,10,84.61538461538461,15.384615384615385,강력 숏,drop,-0.12102142079147837,-3.7678002339747496
1777,2023-02-21 18:00:00,24759.0,-0.12102142079147837,upper_half,tight,1.8710097328877917,uptrend,downtrend,75,10,88.23529411764706,11.76470588235294,강력 숏,drop,-0.11712912476271597,-3.6511975443273115
1778,2023-02-22 00:00:00,24476.0,-1.1430187002706038,upper_half,normal,2.0826537551107416,uptrend,downtrend,70,10,87.5,12.5,강력 숏,drop,-0.029825134825944843,-2.5371792776597513
1779,2023-02-22 12:15:00,24234.3,-0.9874979571825482,upper_half,tight,1.4093392734047352,uptrend,sideways,55,10,84.61538461538461,15.384615384615385,강력 숏,drop,0.0482786793924328,-2.73991821509183
1780,2023-02-22 19:00:00,23981.7,-1.0423243089340284,upper_half,tight,1.83750253961372,uptrend,sideways,55,10,84.61538461538461,15.384615384615385,강력 숏,rise,2.5903084435215273,-1.0820750822502112
1781,2023-02-23 08:15:00,24500.0,-0.41824337781318777,upper_half,tight,0.7795906490406466,uptrend,downtrend,75,10,88.23529411764706,11.76470588235294,강력 숏,drop,-0.039999999999995595,-3.7122448979591827
1782,2023-02-23 20:00:00,24079.6,-1.715918367346947,above_upper,tight,1.3465449888932925,uptrend,sideways,65,10,86.66666666666667,13.333333333333334,강력 숏,sideways,0.20930580242197738,-1.3667170551005747
1783,2023-02-24 08:30:00,23970.0,-0.6630750103605476,upper_half,tight,0.9654288860191249,sideways,downtrend,75,0,100.0,0.0,강력 숏,drop,0.25031289111390187,-4.881101376720897
1784,2023-02-24 20:15:00,23326.7,-2.926758218893044,upper_half,tight,1.8351587959598297,uptrend,downtrend,75,10,88.23529411764706,11.76470588235294,강력 숏,sideways,-0.266647232570405,-1.5531558257275924
1785,2023-02-25 02:00:00,23212.8,-0.4882816686458069,upper_half,tight,0.6879179958890013,sideways,downtrend,75,0,100.0,0.0,강력 숏,sideways,-0.1908429831816938,-1.5198511166253037
1786,2023-02-25 08:15:00,23150.0,-0.2705403915081339,above_upper,tight,0.463715595755281,uptrend,sideways,65,10,86.66666666666667,13.333333333333334,강력 숏,sideways,-0.021166306695474812,-1.8907127429805604
1787,2023-02-25 13:30:00,23085.8,-0.2773218142548606,upper_half,tight,0.9109190070713823,uptrend,sideways,55,10,84.61538461538461,15.384615384615385,강력 숏,sideways,0.44269637612732726,-1.6178776563948394
1788,2023-02-25 16:30:00,23078.0,-0.033787003266072535,upper_half,tight,0.676992950134505,sideways,downtrend,75,0,100.0,0.0,강력 숏,sideways,0.7396654822775073,-1.584626050784299
1789,2023-02-27 02:00:00,23637.2,-0.20476490034071482,above_upper,tight,0.9642591087811052,sideways,sideways,65,0,100.0,0.0,강력 숏,sideways,0.9006988983466746,-1.2996463202071373
1790,2023-02-27 23:45:00,23575.0,-1.3144124911046884,above_upper,tight,1.5486984430415673,uptrend,downtrend,85,10,89.47368421052632,10.526315789473683,강력 숏,sideways,-0.1310710498409362,-1.6012725344644707
1791,2023-02-28 03:00:00,23516.4,-0.24856839872745562,upper_half,tight,0.7449248420849668,uptrend,downtrend,75,10,88.23529411764706,11.76470588235294,강력 숏,sideways,0.23132792434215066,-1.3560749094249203
1792,2023-03-01 14:45:00,23886.0,-0.5926320520717177,above_upper,tight,0.685884940447354,sideways,sideways,65,0,100.0,0.0,강력 숏,drop,-0.40944486309971717,-2.511094364899935
1793,2023-03-02 00:15:00,23788.2,-0.40944486309971717,above_upper,tight,1.6028814370411575,uptrend,sideways,65,10,86.66666666666667,13.333333333333334,강력 숏,drop,-0.33588081485779187,-2.338974785818182
1794,2023-03-02 04:45:00,23539.5,-1.0454763285998925,upper_half,tight,1.1230243124370705,sideways,sideways,55,0,100.0,0.0,강력 숏,sideways,-0.013169353639619352,-1.5000318613394459
1795,2023-03-02 08:30:00,23476.8,-0.26636079780794075,upper_half,tight,0.7422979849675111,sideways,downtrend,75,0,100.0,0.0,강력 숏,sideways,0.38420909152865335,-1.236965855653227
1796,2023-03-03 05:00:00,22403.1,-4.93868544999364,lower_half,wide,7.9631862182782935,sideways,downtrend,60,0,100.0,0.0,강력 숏,sideways,0.41021108685852514,-1.1743910440965677
1797,2023-03-03 17:45:00,22438.1,-0.2529450989108728,above_upper,tight,0.5440749320220425,sideways,sideways,65,0,100.0,0.0,강력 숏,sideways,-0.13414683061399035,-1.3240871553295452
1798,2023-03-04 00:30:00,22377.8,-0.2687393317616027,upper_half,tight,0.8205096162539218,uptrend,sideways,55,10,84.61538461538461,15.384615384615385,강력 숏,sideways,0.07596814700283616,-0.5152427852603836
1799,2023-03-04 12:45:00,22385.0,-0.04376015860824145,above_upper,tight,0.22073002026734037,uptrend,sideways,65,10,86.66666666666667,13.333333333333334,강력 숏,sideways,1.286129104310918,-1.0408755863301367
1800,2023-03-05 10:15:00,22440.4,-1.0254532944616646,above_upper,tight,0.3935730224269319,uptrend,downtrend,85,10,89.47368421052632,10.526315789473683,강력 숏,sideways,0.5739648134614361,-0.5958004313648679
1801,2023-03-06 01:15:00,22498.9,-0.31148645056093827,above_upper,tight,0.5899453486023344,uptrend,sideways,65,10,86.66666666666667,13.333333333333334,강력 숏,sideways,-0.09689362591061013,-1.175613029970357
1802,2023-03-06 08:30:00,22435.0,-0.28401388512327985,above_upper,tight,0.4600147938041438,sideways,sideways,65,0,100.0,0.0,강력 숏,sideways,0.7118341876532153,-0.5571651437486058
1803,2023-03-07 03:00:00,22541.2,-0.23678119204946224,above_upper,tight,0.6050003508642297,sideways,sideways,65,0,100.0,0.0,강력 숏,drop,-0.24621581814632254,-2.760278955867479
1804,2023-03-07 10:30:00,22422.3,-0.5274785725693509,upper_half,tight,0.39462888376994865,sideways,downtrend,75,0,100.0,0.0,강력 숏,drop,0.28275422235899406,-2.2446403803356496
1805,2023-03-08 00:00:00,22280.0,-0.9148036307519924,above_upper,tight,1.2525363838494477,uptrend,sideways,65,10,86.66666666666667,13.333333333333334,강력 숏,drop,-0.12567324955116144,-2.0570017953321362
1806,2023-03-08 10:30:00,22139.0,-0.632854578096953,above_upper,tight,0.6435583862483126,sideways,downtrend,85,0,100.0,0.0,강력 숏,drop,0.3974885947874762,-2.619811192917476
1807,2023-03-08 20:30:00,22130.0,-0.4364061726728763,upper_half,tight,0.987530261014738,uptrend,downtrend,75,10,88.23529411764706,11.76470588235294,강력 숏,drop,-0.0994125621328501,-2.580207862629913
1808,2023-03-09 03:30:00,21805.7,-1.4654315408947127,above_upper,tight,0.5674599833072057,uptrend,downtrend,85,10,89.47368421052632,10.526315789473683,강력 숏,sideways,0.14583342887410922,-1.2698514608565747
1809,2023-03-10 16:30:00,20297.2,-7.05346307956497,above_upper,normal,2.786037674258015,sideways,uptrend,60,15,80.0,20.0,강력 숏,drop,1.8426186863212735,-2.423979662219422
1810,2023-03-11 14:30:00,20198.4,-2.2872402182747,above_upper,tight,0.7276798047355353,uptrend,downtrend,85,10,89.47368421052632,10.526315789473683,강력 숏,sideways,1.6258713561470017,-1.1119692648922763
1811,2023-03-12 11:30:00,20486.6,-0.1958415339945896,above_upper,tight,0.7966839135154715,uptrend,sideways,65,10,86.66666666666667,13.333333333333334,강력 숏,rise,8.567063348725522,-1.0289652748625921
1812,2023-03-13 08:00:00,22535.0,-0.23463786081104887,above_upper,tight,1.2507066666499564,sideways,sideways,65,0,100.0,0.0,강력 숏,drop,8.986021743953842,-3.243842911027295
1813,2023-03-13 19:00:00,24450.0,-0.44788273615634644,upper_half,normal,4.824308716993172,uptrend,sideways,50,10,83.33333333333334,16.666666666666664,강력 숏,drop,1.639672801635994,-2.159509202453991
1814,2023-03-15 01:15:00,25099.1,-5.286415094339625,above_upper,normal,2.6720241374600024,sideways,downtrend,80,0,100.0,0.0,강력 숏,drop,0.4458327191014799,-3.333187245757807
1815,2023-03-15 07:45:00,24941.6,-0.627512540290287,above_upper,tight,0.9310493564592901,sideways,downtrend,85,0,100.0,0.0,강력 숏,drop,1.080123167719793,-4.304054270776536
1816,2023-03-15 18:30:00,24526.0,-2.717067946531271,upper_half,normal,3.7434374793139753,sideways,sideways,50,0,100.0,0.0,강력 숏,sideways,0.4933539916822882,-1.642338742558913
1817,2023-03-16 02:15:00,24443.3,-0.8264697529111076,upper_half,tight,1.6175323060902211,sideways,sideways,55,0,100.0,0.0,강력 숏,rise,2.558574333252883,-1.0649134936771998
1818,2023-03-16 14:45:00,25031.0,-0.15038673724605545,above_upper,tight,1.194969977459926,sideways,sideways,65,0,100.0,0.0,강력 숏,rise,3.4237545443649875,-1.7486316966961013
1819,2023-03-18 06:00:00,27602.4,-0.5892098249657751,above_upper,tight,1.2848318164767076,uptrend,downtrend,85,10,89.47368421052632,10.526315789473683,강력 숏,drop,0.13622003883719813,-3.7945975712256996
1820,2023-03-18 20:45:00,27448.9,-0.6913892908827712,above_upper,tight,1.1122435999785727,uptrend,downtrend,85,10,89.47368421052632,10.526315789473683,강력 숏,drop,-0.4149528760715393,-2.3895310923206403
1821,2023-03-19 04:00:00,27276.9,-0.6266189173336656,above_upper,tight,1.4214916873146632,uptrend,sideways,65,10,86.66666666666667,13.333333333333334,강력 숏,rise,3.3434884462677283,-1.6889749201705495
1822,2023-03-19 23:15:00,28298.9,-0.41594673629609114,upper_half,tight,1.7686234194974888,sideways,uptrend,55,15,78.57142857142857,21.428571428571427,강력 숏,drop,0.6399542031668926,-4.155285187763491
1823,2023-03-20 21:00:00,28189.5,-1.0200140449438178,above_upper,normal,2.2133348673765947,uptrend,sideways,60,10,85.71428571428571,14.285714285714285,강력 숏,drop,-0.2770535128327922,-3.183100090459212
1824,2023-03-21 04:30:00,27949.7,-0.850671349261245,above_upper,tight,0.7848669259739064,sideways,sideways,65,0,100.0,0.0,강력 숏,drop,1.865136298421799,-2.3524402766398222
1825,2023-03-22 05:30:00,28289.3,-0.6381932492711906,above_upper,tight,1.0379625785543645,sideways,uptrend,65,15,81.25,18.75,강력 숏,rise,2.1481620259250045,-1.1484907721293847
1826,2023-03-23 00:15:00,27411.1,-5.142056268816841,upper_half,normal,2.479103570575204,uptrend,downtrend,70,10,87.5,12.5,강력 숏,sideways,1.1889344097828936,-1.1221731342412333
1827,2023-03-23 19:45:00,28441.3,-1.1768589298123744,upper_half,normal,2.923654494783919,sideways,sideways,50,0,100.0,0.0,강력 숏,sideways,0.005977223263364806,-1.7720708968999355
1828,2023-03-24 06:15:00,28335.4,-0.3783004605702578,above_upper,tight,0.7539777545007986,uptrend,downtrend,85,10,89.47368421052632,10.526315789473683,강력 숏,drop,-0.02540991127706338,-3.7236107483924807
1829,2023-03-24 14:00:00,28249.1,-0.30456601989032883,above_upper,tight,1.9939188190309924,sideways,downtrend,85,0,100.0,0.0,강력 숏,drop,-0.10761404788116602,-4.577490964313902
1830,2023-03-25 02:15:00,27656.6,-2.09741195294717,above_upper,tight,1.4383983760185823,sideways,downtrend,85,0,100.0,0.0,강력 숏,sideways,-0.02422568211565279,-1.334220403086428
1831,2023-03-25 07:15:00,27568.2,-0.31963437298871966,upper_half,tight,0.7554244023513137,sideways,downtrend,75,0,100.0,0.0,강력 숏,sideways,0.7954817507127787,-1.5822578187912217
1832,2023-03-26 01:30:00,27642.0,-0.5236167341430509,above_upper,tight,0.9713044425096864,uptrend,sideways,65,10,86.66666666666667,13.333333333333334,강력 숏,rise,2.006728890818321,-0.7065335359235925
1833,2023-03-26 18:00:00,27939.9,-0.9107448744001934,upper_half,tight,1.6283529836299184,sideways,sideways,55,0,100.0,0.0,강력 숏,sideways,0.6803889777701411,-1.0647854859895722
1834,2023-03-27 04:15:00,27917.6,-0.7550657660860383,upper_half,tight,0.7833050402529854,uptrend,downtrend,75,10,88.23529411764706,11.76470588235294,강력 숏,drop,0.24823050692037718,-5.16985700776571
1835,2023-03-27 22:00:00,27235.7,-2.684112924260995,above_upper,tight,0.9826711840876301,uptrend,downtrend,85,10,89.47368421052632,10.526315789473683,강력 숏,drop,-0.21295578964374284,-2.2936807205249043
1836,2023-03-28 01:30:00,27174.1,-0.22617373520784634,upper_half,tight,1.0071420048717405,sideways,downtrend,75,0,100.0,0.0,강력 숏,drop,0.08059144553085318,-2.072193743307038
1837,2023-03-28 06:30:00,27135.0,-0.14388701005736415,above_upper,tight,0.7588432311884526,uptrend,downtrend,85,10,89.47368421052632,10.526315789473683,강력 숏,sideways,0.9379030772065589,-1.9310853141698892
1838,2023-03-28 15:30:00,27082.4,-0.4177084865421343,above_upper,tight,1.1416516126530736,sideways,uptrend,65,15,81.25,18.75,강력 숏,sideways,1.5308835258322606,-1.2882905503205033
1839,2023-03-29 01:15:00,27465.6,-0.11419427573917673,above_upper,tight,0.7869656322518324,uptrend,downtrend,85,10,89.47368421052632,10.526315789473683,강력 숏,rise,4.292278340906441,-0.6684725620412335
1840,2023-03-29 14:15:00,28594.5,-0.17455357922113723,above_upper,tight,0.6771803408689716,uptrend,sideways,65,10,86.66666666666667,13.333333333333334,강력 숏,rise,2.107747993495246,-1.8895242092010656
1841,2023-03-29 21:15:00,28530.0,-0.22556785395793089,above_upper,tight,1.14887445338468,uptrend,sideways,65,10,86.66666666666667,13.333333333333334,강력 숏,rise,2.3385909568874874,-1.6677181913774985
1842,2023-03-30 07:30:00,28777.8,-1.4364391105996521,upper_half,tight,1.679886136559329,uptrend,sideways,55,10,84.61538461538461,15.384615384615385,강력 숏,drop,-0.13135124992180724,-3.918993112746627
1843,2023-03-30 11:30:00,28688.7,-0.30961366052998374,upper_half,tight,0.8125291449451347,uptrend,downtrend,75,10,88.23529411764706,11.76470588235294,강력 숏,drop,-0.022308435028428608,-3.6205892912540505
1844,2023-03-30 21:00:00,28199.4,-1.7055495717826163,upper_half,normal,2.1045204076521635,uptrend,downtrend,70,10,87.5,12.5,강력 숏,drop,0.6049774108668915,-2.5277133556033227
1845,2023-03-31 22:30:00,28633.4,-0.14542233505723257,above_upper,tight,1.1053580086172554,uptrend,sideways,65,10,86.66666666666667,13.333333333333334,강력 숏,sideways,0.7166455957029028,-1.0875411233035592
1846,2023-04-01 16:30:00,28420.3,-1.4504865007316514,upper_half,tight,0.47949352984359644,sideways,downtrend,75,0,100.0,0.0,강력 숏,sideways,0.5478478411558019,-0.5742374288800645
1847,2023-04-01 23:15:00,28543.7,-0.1130319148936132,upper_half,tight,0.8717019986540273,uptrend,sideways,55,10,84.61538461538461,15.384615384615385,강력 숏,sideways,-0.06551358093029869,-0.9203431930688732
1848,2023-04-02 03:30:00,28525.0,-0.06551358093029869,above_upper,tight,0.6714557359286923,sideways,sideways,65,0,100.0,0.0,강력 숏,sideways,-0.14303242769500013,-1.9982471516213796
1849,2023-04-02 06:45:00,28484.2,-0.14303242769500013,upper_half,tight,0.44697646572217553,sideways,downtrend,75,0,100.0,0.0,강력 숏,drop,-0.04950112694055431,-2.3219890325162806
1850,2023-04-02 17:45:00,28229.9,-0.8927756440412549,upper_half,tight,1.2868012915273275,sideways,downtrend,75,0,100.0,0.0,강력 숏,drop,-0.10697877073599926,-2.3956868426739164
1851,2023-04-02 23:45:00,28188.1,-0.14806995419750502,upper_half,tight,1.1223828296592444,sideways,downtrend,75,0,100.0,0.0,강력 숏,drop,1.2838751104189416,-2.2509498689163188
1852,2023-04-03 13:45:00,28366.5,-0.642732049036776,upper_half,tight,1.1278903707977235,sideways,sideways,55,0,100.0,0.0,강력 숏,drop,-0.27779246646572053,-4.2003772055065
1853,2023-04-03 18:30:00,28235.2,-0.4628699346059584,upper_half,tight,1.3693927937069246,sideways,downtrend,75,0,100.0,0.0,강력 숏,drop,-0.01700005666684934,-3.7548875162917272
1854,2023-04-03 23:00:00,28019.4,-0.764294214314043,upper_half,normal,3.395037117974791,uptrend,downtrend,70,10,87.5,12.5,강력 숏,sideways,1.4953924780687577,-1.324796391071903
1855,2023-04-04 03:30:00,27955.8,-0.2269855885565053,above_upper,tight,0.9452741902247571,uptrend,downtrend,85,10,89.47368421052632,10.526315789473683,강력 숏,sideways,1.7262965109208217,-0.7121956803239349
1856,2023-04-04 20:30:00,28296.8,-0.49791830764037703,above_upper,tight,0.9323993470432171,sideways,sideways,65,0,100.0,0.0,강력 숏,sideways,1.7680444431879216,-0.8488592349665036
1857,2023-04-05 05:30:00,28617.2,-0.6247156831764245,upper_half,tight,0.8143090446422672,sideways,sideways,55,0,100.0,0.0,강력 숏,drop,0.4640565813566644,-2.935297653159641
1858,2023-04-05 08:15:00,28600.0,-0.060103713850412355,above_upper,tight,0.4526697033093624,sideways,downtrend,85,0,100.0,0.0,강력 숏,drop,0.5244755244755206,-2.876923076923077
1859,2023-04-05 19:45:00,28298.0,-1.572173913043473,above_upper,tight,1.4505278958842411,sideways,sideways,65,0,100.0,0.0,강력 숏,sideways,-0.03251113152873408,-1.6820976747473293
1860,2023-04-06 03:45:00,28148.0,-0.5300727966640717,upper_half,tight,0.8876697402376446,uptrend,downtrend,75,10,88.23529411764706,11.76470588235294,강력 숏,sideways,0.090592582066229,-1.6981668324570154
1861,2023-04-06 12:30:00,28087.9,-0.21351428165410358,above_upper,tight,0.6404038138685332,uptrend,sideways,65,10,86.66666666666667,13.333333333333334,강력 숏,sideways,0.3047575646452749,-1.2873870955108835
1862,2023-04-06 20:30:00,28123.8,-0.17640690720003294,upper_half,tight,0.6211781629753981,sideways,downtrend,75,0,100.0,0.0,강력 숏,sideways,-0.10560450579224501,-1.3113448396020466
1863,2023-04-07 00:45:00,28094.1,-0.10560450579224501,upper_half,tight,0.6968484771192985,uptrend,downtrend,75,10,88.23529411764706,11.76470588235294,강력 숏,sideways,-0.007118932444893922,-1.207014996031186
1864,2023-04-07 12:30:00,28000.0,-0.3349457715320914,above_upper,tight,0.5477678282620908,sideways,sideways,65,0,100.0,0.0,강력 숏,sideways,-0.07535714285713535,-0.6360714285714275
1865,2023-04-07 22:45:00,27970.0,-0.1071428571428612,above_upper,tight,0.3373525839462871,sideways,sideways,65,0,100.0,0.0,강력 숏,sideways,0.6943153378619948,-0.443332141580266
1866,2023-04-08 14:15:00,28036.4,-0.45376754887409554,upper_half,tight,0.30894132571996996,sideways,downtrend,75,0,100.0,0.0,강력 숏,sideways,0.1366081237248684,-0.6619965473456002
1867,2023-04-09 05:15:00,28059.0,-0.05592223603457791,above_upper,tight,0.21061790624795884,sideways,sideways,65,0,100.0,0.0,강력 숏,sideways,-0.023165472753838845,-1.0513560711358227
1868,2023-04-09 12:30:00,27958.9,-0.356748280409136,above_upper,tight,0.32600569846503863,uptrend,sideways,65,10,86.66666666666667,13.333333333333334,강력 숏,rise,2.022611762265325,-0.647736498932372
1869,2023-04-10 08:30:00,28360.0,-0.5763486699106757,above_upper,tight,0.44411381733347094,uptrend,sideways,65,10,86.66666666666667,13.333333333333334,강력 숏,rise,3.275740479548661,-0.7877291960507793
1870,2023-04-11 07:15:00,30150.0,-1.0430684197743179,upper_half,tight,0.7685780893955101,sideways,sideways,55,0,100.0,0.0,강력 숏,sideways,1.3615257048092966,-0.6328358208955165
1871,2023-04-12 00:15:00,30344.0,-0.708430817558614,above_upper,tight,0.7501569227838784,sideways,sideways,65,0,100.0,0.0,강력 숏,sideways,0.44819404165568066,-1.7598207223833429
1872,2023-04-12 07:15:00,30067.0,-0.9128658054310623,above_upper,tight,0.46669861269327106,sideways,sideways,65,0,100.0,0.0,강력 숏,sideways,1.3735989623175016,-1.45342069378388
1873,2023-04-12 17:30:00,30079.1,-1.3152887139107672,upper_half,tight,1.4755297814407673,sideways,sideways,55,0,100.0,0.0,강력 숏,sideways,0.4684315687637053,-1.1539573989913232
1874,2023-04-12 21:30:00,29974.4,-0.3480822232048042,upper_half,tight,0.9298019696899513,uptrend,downtrend,75,10,88.23529411764706,11.76470588235294,강력 숏,sideways,1.3224618340984318,-0.6458844880965153
1875,2023-04-13 18:15:00,30552.0,-0.15686274509804088,above_upper,tight,1.1216825733011142,sideways,sideways,65,0,100.0,0.0,강력 숏,sideways,1.6683032207384096,-1.2149777428646313
1876,2023-04-14 12:00:00,30860.0,-0.6493527398693577,upper_half,tight,0.7533451521595418,sideways,sideways,55,0,100.0,0.0,강력 숏,drop,-0.033376539209328815,-2.994167206740117
1877,2023-04-14 20:30:00,30509.4,-1.1360985093972764,above_upper,tight,1.1405090600730627,sideways,sideways,65,0,100.0,0.0,강력 숏,sideways,0.24123712691825894,-0.882351013130378
1878,2023-04-15 07:45:00,30460.0,-0.4021842199914971,above_upper,tight,0.30968984010245215,uptrend,sideways,65,10,86.66666666666667,13.333333333333334,강력 숏,sideways,-0.02659225213393901,-0.9192383453709763
1879,2023-04-15 23:00:00,30365.4,-0.3105712409717576,upper_half,tight,0.4188727895358164,uptrend,sideways,55,10,84.61538461538461,15.384615384615385,강력 숏,sideways,0.08101325851133101,-0.8279159833231242
1880,2023-04-17 06:00:00,29998.9,-1.8534028672943959,upper_half,tight,0.4104393827445732,uptrend,downtrend,75,10,88.23529411764706,11.76470588235294,강력 숏,drop,-0.037668047828431916,-2.5997619912730197
1881,2023-04-17 19:30:00,29580.0,-1.3963845340995928,upper_half,tight,0.8743659219540244,uptrend,downtrend,75,10,88.23529411764706,11.76470588235294,강력 숏,sideways,0.8586883029073622,-1.7579445571331953
1882,2023-04-17 22:30:00,29535.3,-0.15111561866125722,upper_half,tight,0.5227716539965438,sideways,downtrend,75,0,100.0,0.0,강력 숏,sideways,1.6735905848256127,-1.6092607828598338
1883,2023-04-18 20:45:00,30475.8,-0.07934426229508906,above_upper,tight,1.1808230985850465,sideways,sideways,65,0,100.0,0.0,강력 숏,drop,-0.06726648685185799,-5.1824726504308245
1884,2023-04-19 00:15:00,30416.2,-0.19556500567663448,upper_half,tight,0.7491127132997242,sideways,sideways,55,0,100.0,0.0,강력 숏,drop,-0.17819451476516202,-4.996679401108617
1885,2023-04-19 05:45:00,30335.0,-0.2669629999802803,above_upper,tight,0.532426872479879,sideways,downtrend,85,0,100.0,0.0,강력 숏,drop,-0.23372342179001082,-4.980385693093781
1886,2023-04-19 14:30:00,29494.6,-2.7703972309213842,above_upper,tight,1.164179484026098,uptrend,downtrend,85,10,89.47368421052632,10.526315789473683,강력 숏,drop,-0.09798403775606035,-3.2890766445383135
1887,2023-04-20 06:15:00,29082.8,-1.3961877767455722,above_upper,tight,0.8221493684876244,sideways,sideways,65,0,100.0,0.0,강력 숏,drop,-0.3294043214546072,-3.0285942206390026
1888,2023-04-20 12:45:00,28959.1,-0.4253373127759419,upper_half,tight,1.1972032293777028,sideways,sideways,55,0,100.0,0.0,강력 숏,drop,-0.24206553380456963,-3.3761408331059894
1889,2023-04-21 00:45:00,28368.0,-2.0411545938927578,above_upper,tight,0.7193176904721802,sideways,sideways,65,0,100.0,0.0,강력 숏,drop,-0.07332205301747718,-2.0022560631697717
1890,2023-04-21 04:00:00,28347.2,-0.07332205301747718,above_upper,tight,0.6602664571123802,uptrend,sideways,65,10,86.66666666666667,13.333333333333334,강력 숏,sideways,-0.04868205678162374,-1.9303493819495476
1891,2023-04-21 13:30:00,28299.9,-0.16685951346164796,above_upper,tight,1.167830222364418,uptrend,sideways,65,10,86.66666666666667,13.333333333333334,강력 숏,drop,-0.06855147898049418,-4.388354729168665
1892,2023-04-22 05:45:00,27395.8,-3.194710935374334,above_upper,tight,0.77910190771618,sideways,sideways,65,0,100.0,0.0,강력 숏,sideways,1.3826936975740889,-0.7877119850488001
1893,2023-04-23 08:00:00,27756.7,-0.44368086541083374,above_upper,tight,0.6878320250932585,uptrend,sideways,65,10,86.66666666666667,13.333333333333334,강력 숏,sideways,-0.06016565369802995,-1.6374424913624508
1894,2023-04-23 12:30:00,27726.7,-0.10808201263118322,upper_half,tight,0.920120708504517,sideways,sideways,55,0,100.0,0.0,강력 숏,sideways,0.946019540731502,-1.5310152308064096
1895,2023-04-23 16:45:00,27678.3,-0.17456098273506138,upper_half,tight,1.223530038911673,sideways,downtrend,75,0,100.0,0.0,강력 숏,sideways,1.12254004039265,-1.2945159204141854
1896,2023-04-24 13:45:00,27700.0,-1.032548501196895,above_upper,tight,1.4959419624353583,uptrend,sideways,65,10,86.66666666666667,13.333333333333334,강력 숏,drop,-0.05415162454873723,-2.7689530685920616
1897,2023-04-24 18:15:00,27569.9,-0.46967509025269694,upper_half,normal,2.1700861229548973,uptrend,sideways,50,10,83.33333333333334,16.666666666666664,강력 숏,sideways,0.052593589385518946,-1.0710956514169534
1898,2023-04-25 05:45:00,27447.0,-0.4981076260495154,upper_half,tight,0.5230847081943061,uptrend,sideways,55,10,84.61538461538461,15.384615384615385,강력 숏,sideways,1.1695267242321616,-0.9687761868328093
1899,2023-04-26 16:00:00,29893.7,-0.5598429911516156,upper_half,normal,4.535860638367961,sideways,sideways,50,0,100.0,0.0,강력 숏,drop,-0.03679705088363017,-9.010928724112443
1900,2023-04-27 00:15:00,29480.0,-1.3839036318689213,above_upper,wide,5.309791012889171,sideways,sideways,60,0,100.0,0.0,강력 숏,drop,-0.10176390773405375,-3.2232021709633685
1901,2023-04-27 05:30:00,29277.3,-0.6875848032564469,above_upper,tight,1.6404877605683863,uptrend,sideways,65,10,86.66666666666667,13.333333333333334,강력 숏,drop,1.569816888852471,-2.292902692529708
1902,2023-04-27 11:00:00,29135.6,-0.483992717907733,above_upper,tight,1.0976897637789764,uptrend,downtrend,85,10,89.47368421052632,10.526315789473683,강력 숏,rise,2.5669627534699924,-1.7147407295542205
1903,2023-04-28 01:00:00,29593.8,-0.969431291515388,upper_half,tight,1.469495356720368,uptrend,downtrend,75,10,88.23529411764706,11.76470588235294,강력 숏,drop,-0.12097128452580597,-2.445782562563781
1904,2023-04-28 05:45:00,29558.0,-0.12097128452580597,above_upper,tight,0.6377377485383146,uptrend,downtrend,85,10,89.47368421052632,10.526315789473683,강력 숏,drop,-0.14107855741254394,-2.327627038365243
1905,2023-04-28 12:30:00,29471.9,-0.2912916976791302,above_upper,tight,1.0041755618948602,sideways,downtrend,85,0,100.0,0.0,강력 숏,drop,-0.13470458300958166,-2.0422843454273476
1906,2023-04-28 19:00:00,29432.2,-0.13470458300958166,above_upper,tight,1.0741888924203793,sideways,downtrend,85,0,100.0,0.0,강력 숏,sideways,-0.014609849076863135,-0.8738728331555312
1907,2023-04-28 22:45:00,29422.2,-0.033976393202006516,upper_half,tight,1.0024552376297453,sideways,downtrend,75,0,100.0,0.0,강력 숏,sideways,0.019373126414756747,-0.8401819034606572
1908,2023-04-29 14:00:00,29381.7,-0.15699387316118196,above_upper,tight,0.46140694509832186,uptrend,sideways,65,10,86.66666666666667,13.333333333333334,강력 숏,sideways,-0.07385549508708289,-1.2647328098782662
1909,2023-04-29 19:30:00,29298.0,-0.28487119533587846,upper_half,tight,0.8234318091164041,sideways,sideways,55,0,100.0,0.0,강력 숏,sideways,-0.04778483172912518,-0.7618267458529671
1910,2023-05-01 07:00:00,28699.1,-4.192622266733437,above_upper,tight,0.7072086667818834,sideways,downtrend,85,0,100.0,0.0,강력 숏,drop,-0.12578791669424216,-3.1708311410462375
1911,2023-05-01 13:30:00,28608.8,-0.3146440132268946,above_upper,tight,0.36122982519442753,uptrend,downtrend,85,10,89.47368421052632,10.526315789473683,강력 숏,drop,-0.14820614636055218,-3.3860210844215755
1912,2023-05-01 22:30:00,28167.2,-1.5435809960571478,upper_half,normal,2.195960181326795,uptrend,downtrend,70,10,87.5,12.5,강력 숏,sideways,-0.061063932517257946,-1.0906302365872422
1913,2023-05-02 07:15:00,28150.0,-0.061063932517257946,above_upper,tight,0.5657450353764258,uptrend,sideways,65,10,86.66666666666667,13.333333333333334,강력 숏,rise,2.5541740674955626,-0.9186500888099469
1914,2023-05-02 22:30:00,28796.5,-0.25113443486092235,upper_half,tight,0.8791535707211375,sideways,sideways,55,0,100.0,0.0,강력 숏,sideways,-0.09237233691593572,-1.6470751653846816
1915,2023-05-03 08:30:00,28757.6,-0.13508586112895848,above_upper,tight,1.1016427981756605,sideways,sideways,65,0,100.0,0.0,강력 숏,drop,0.9263638133919505,-2.3941497204217344
1916,2023-05-04 02:00:00,29176.0,-0.2966223327911188,above_upper,tight,1.0555386611851478,sideways,sideways,65,0,100.0,0.0,강력 숏,sideways,0.713600219358379,-1.8672881820674503
1917,2023-05-04 16:15:00,28964.8,-1.4272976633701195,upper_half,normal,2.0627513177307417,uptrend,downtrend,70,10,87.5,12.5,강력 숏,sideways,1.967560625310738,-1.0761337899795609
1918,2023-05-04 20:30:00,28911.8,-0.18298072142738375,upper_half,tight,0.7802384563556739,uptrend,downtrend,75,10,88.23529411764706,11.76470588235294,강력 숏,rise,2.1544836364391085,-0.6239666848829817
1919,2023-05-06 07:30:00,29424.2,-1.3702946401635718,upper_half,tight,0.38537757868811484,uptrend,sideways,55,10,84.61538461538461,15.384615384615385,강력 숏,drop,-0.14036065551484844,-3.7357005458092396
1920,2023-05-06 18:30:00,28953.0,-1.6014029268425323,above_upper,tight,1.6277668352971908,uptrend,downtrend,85,10,89.47368421052632,10.526315789473683,강력 숏,sideways,0.6089179014264534,-1.1466860083583774
1921,2023-05-07 08:15:00,28939.6,-0.6512343242027763,upper_half,tight,0.6736828990591389,uptrend,sideways,55,10,84.61538461538461,15.384615384615385,강력 숏,sideways,0.49102268172331875,-0.9025694895575476
1922,2023-05-07 21:30:00,28944.7,-0.47108662836079507,upper_half,tight,0.5425990182598691,uptrend,downtrend,75,10,88.23529411764706,11.76470588235294,강력 숏,drop,-0.3551600120229259,-4.80122440377686
1923,2023-05-08 05:45:00,28250.0,-2.4000939722989,upper_half,tight,1.5832176881356106,sideways,downtrend,75,0,100.0,0.0,강력 숏,drop,-0.007079646017693619,-3.4148672566371663
1924,2023-05-08 11:00:00,27963.0,-1.0159292035398226,upper_half,tight,1.9935202594735282,uptrend,downtrend,75,10,88.23529411764706,11.76470588235294,강력 숏,drop,0.4041054250259357,-2.549797947287491
1925,2023-05-09 01:30:00,27739.1,-1.199957258868789,above_upper,tight,0.9014113817856795,sideways,sideways,65,0,100.0,0.0,강력 숏,sideways,0.2577589034972405,-1.3201581882613223
1926,2023-05-09 08:00:00,27659.3,-0.2876805664206783,upper_half,tight,0.7190645222636096,uptrend,sideways,55,10,84.61538461538461,15.384615384615385,강력 숏,sideways,0.5470131203609618,-1.1786270802225607
1927,2023-05-09 17:00:00,27750.0,-0.21790252637483576,upper_half,tight,1.8798650680659241,uptrend,sideways,55,10,84.61538461538461,15.384615384615385,강력 숏,sideways,0.33873873873873084,-1.0090090090090098
1928,2023-05-10 16:30:00,28286.9,-0.021560103205731096,upper_half,normal,2.5332915871797677,sideways,sideways,50,0,100.0,0.0,강력 숏,drop,-0.292361481816672,-5.610017357858233
1929,2023-05-10 20:15:00,27970.4,-1.1188924908703268,upper_half,wide,5.032875126258856,uptrend,downtrend,70,10,87.5,12.5,강력 숏,drop,-0.19806652747190734,-3.662800674999289
1930,2023-05-11 07:30:00,27544.9,-1.521251036810345,above_upper,tight,0.5210242070388058,uptrend,downtrend,85,10,89.47368421052632,10.526315789473683,강력 숏,drop,0.265384880685704,-3.248877287628571
1931,2023-05-11 21:00:00,27057.0,-2.031283945253093,upper_half,tight,1.6482981572322999,sideways,downtrend,75,0,100.0,0.0,강력 숏,drop,0.08094023727687194,-3.5269985585985153
1932,2023-05-12 14:15:00,26597.9,-1.7762907651344806,above_upper,tight,0.6780095947856793,uptrend,sideways,65,10,86.66666666666667,13.333333333333334,강력 숏,drop,1.4207888592708384,-3.1352099225878782
1933,2023-05-13 05:15:00,26857.7,-0.4377998057518151,upper_half,tight,0.6288461650287036,sideways,sideways,55,0,100.0,0.0,강력 숏,sideways,0.14446508822423265,-0.657167218339616
1934,2023-05-14 06:15:00,26885.0,-0.5603535960645778,upper_half,tight,0.7183963358436078,sideways,sideways,55,0,100.0,0.0,강력 숏,sideways,1.166449693137439,-0.575041844894919
1935,2023-05-14 21:00:00,26949.0,-0.9176942930886112,upper_half,tight,0.6787356454526416,uptrend,downtrend,75,10,88.23529411764706,11.76470588235294,강력 숏,rise,2.1741066458866865,-0.9232253515900402
1936,2023-05-16 08:15:00,27273.0,-1.356336805555558,above_upper,tight,0.979363975337027,uptrend,sideways,65,10,86.66666666666667,13.333333333333334,강력 숏,sideways,-0.18809811901880913,-1.4945183881494462
1937,2023-05-16 12:30:00,27126.0,-0.5389946100539,upper_half,tight,1.131374411483738,uptrend,sideways,55,10,84.61538461538461,15.384615384615385,강력 숏,sideways,0.07925975079259295,-0.9607019096070091
1938,2023-05-17 10:30:00,26897.0,-1.2102179861531948,upper_half,tight,1.1175317740920299,uptrend,downtrend,75,10,88.23529411764706,11.76470588235294,강력 숏,rise,2.4842919284678633,-1.4707959995538533
1939,2023-05-18 00:15:00,27474.6,-0.32867528623047315,above_upper,tight,0.5134404649290321,uptrend,sideways,65,10,86.66666666666667,13.333333333333334,강력 숏,sideways,-0.02183835251469146,-1.24806184621431
1940,2023-05-18 07:45:00,27443.6,-0.1128314879925485,above_upper,tight,0.9834129352477303,sideways,downtrend,85,0,100.0,0.0,강력 숏,drop,0.09109592036029568,-4.016601320526458
1941,2023-05-18 21:30:00,27049.0,-1.5275623803178817,upper_half,normal,2.5210034157858985,sideways,downtrend,70,0,100.0,0.0,강력 숏,sideways,-0.2458501238493116,-1.164922917667932
1942,2023-05-19 07:15:00,26952.8,-0.35565085585419487,above_upper,tight,0.6089279092094131,uptrend,sideways,65,10,86.66666666666667,13.333333333333334,강력 숏,sideways,0.816612745243539,-1.298937401679967
1943,2023-05-19 22:00:00,26907.6,-0.9763403979700436,upper_half,tight,0.5373862699413726,uptrend,downtrend,75,10,88.23529411764706,11.76470588235294,강력 숏,sideways,-0.024900028244800865,-0.339680982324686
1944,2023-05-20 05:00:00,26864.6,-0.15980615142190402,upper_half,tight,0.16955146050810166,sideways,downtrend,75,0,100.0,0.0,강력 숏,sideways,0.987544947626251,-0.1548506212636691
1945,2023-05-21 10:00:00,27076.6,-0.7532411361295455,upper_half,tight,0.33635966518817645,uptrend,downtrend,75,10,88.23529411764706,11.76470588235294,강력 숏,sideways,-0.0978704859546653,-1.5614959042124954
1946,2023-05-21 15:00:00,26967.7,-0.4021922988853732,upper_half,tight,0.789773731588512,uptrend,downtrend,75,10,88.23529411764706,11.76470588235294,강력 숏,sideways,-0.12199779736500327,-1.6972155578710901
1947,2023-05-21 20:00:00,26916.6,-0.18948594058819657,upper_half,tight,0.35764417310554925,uptrend,downtrend,75,10,88.23529411764706,11.76470588235294,강력 숏,sideways,-0.06167197937332336,-1.5105919766983944
1948,2023-05-22 06:15:00,26900.0,-0.06167197937332336,above_upper,tight,1.0415491198513285,uptrend,sideways,65,10,86.66666666666667,13.333333333333334,강력 숏,sideways,0.740892193308551,-0.7750929368029791
1949,2023-05-22 20:45:00,26959.4,-0.5162494972194787,above_upper,tight,0.5098587933343596,sideways,sideways,65,0,100.0,0.0,강력 숏,sideways,1.988916667284868,-0.6372545383057648
1950,2023-05-23 12:30:00,27376.5,-0.4331602147252589,above_upper,tight,0.471635620536044,uptrend,sideways,65,10,86.66666666666667,13.333333333333334,강력 숏,sideways,-0.05004292002265265,-1.0918123207860786
1951,2023-05-23 15:15:00,27362.8,-0.05004292002265265,upper_half,tight,0.5938440904319658,uptrend,sideways,55,10,84.61538461538461,15.384615384615385,강력 숏,drop,-0.1001359509991584,-2.587819959945614
1952,2023-05-23 23:15:00,27243.0,-0.4378206908649651,above_upper,tight,0.37305721405697556,sideways,downtrend,85,0,100.0,0.0,강력 숏,drop,-0.01725213816393678,-2.433652681422749
1953,2023-05-24 09:15:00,26840.4,-1.4778108137870172,above_upper,tight,0.5811811212839175,sideways,sideways,65,0,100.0,0.0,강력 숏,drop,-0.16989314615282192,-2.944814533315454
1954,2023-05-24 20:30:00,26492.8,-1.2950626667262877,above_upper,tight,0.864742592746767,uptrend,sideways,65,10,86.66666666666667,13.333333333333334,강력 숏,drop,-0.09059065104480846,-2.422544993356679
1955,2023-05-25 06:00:00,26286.6,-0.7783246768933494,upper_half,tight,1.1523615279445776,uptrend,downtrend,75,10,88.23529411764706,11.76470588235294,강력 숏,sideways,0.8498626676709753,-0.6470977608363127
1956,2023-05-25 23:15:00,26538.9,-0.33236440658870325,above_upper,tight,0.6482474092722375,sideways,sideways,65,0,100.0,0.0,강력 숏,sideways,-0.006028885899578285,-0.8745652608058485
1957,2023-05-26 08:30:00,26537.3,-0.006028885899578285,above_upper,tight,0.7685490565426967,uptrend,sideways,65,10,86.66666666666667,13.333333333333334,강력 숏,sideways,1.4794270705761337,-0.738583051026287
1958,2023-05-27 03:30:00,26772.3,-0.585223116313105,above_upper,tight,0.48043529660922163,uptrend,downtrend,85,10,89.47368421052632,10.526315789473683,강력 숏,sideways,-0.0063498466698841405,-0.9050399106539153
1959,2023-05-27 13:30:00,26764.5,-0.029134590602974964,above_upper,tight,0.27414771756992556,uptrend,sideways,65,10,86.66666666666667,13.333333333333334,강력 숏,sideways,1.4627585047357616,-0.8761605858506605
1960,2023-05-28 08:00:00,27218.0,-0.20715320170855422,upper_half,tight,0.4141607598387037,uptrend,uptrend,55,25,68.75,31.25,숏 유리,rise,2.072158130648827,-0.47762510103608324
1961,2023-05-29 10:15:00,27964.9,-1.701641533973075,upper_half,tight,0.786821972628775,sideways,downtrend,75,0,100.0,0.0,강력 숏,sideways,-0.09941033223792584,-1.6266820192455622
1962,2023-05-29 13:15:00,27937.1,-0.09941033223792584,upper_half,tight,0.3809026893670896,uptrend,downtrend,75,10,88.23529411764706,11.76470588235294,강력 숏,sideways,-0.03651058986078315,-1.528791463680912
1963,2023-05-29 23:00:00,27822.0,-0.4119969502919041,above_upper,tight,0.6174242766839142,sideways,sideways,65,0,100.0,0.0,강력 숏,sideways,0.7716914671842545,-0.8996477607648545
1964,2023-05-30 19:30:00,27860.0,-0.6302453569785316,above_upper,tight,0.84856613518398,uptrend,downtrend,85,10,89.47368421052632,10.526315789473683,강력 숏,drop,-0.0254845656855629,-3.2089016511127055
1965,2023-05-31 01:15:00,27824.0,-0.12921751615219135,above_upper,tight,0.6582861339322956,uptrend,downtrend,85,10,89.47368421052632,10.526315789473683,강력 숏,drop,-0.0740368027602023,-3.0836687751581326
1966,2023-05-31 13:45:00,27212.5,-2.197742955721682,above_upper,tight,0.4927969198349571,sideways,sideways,65,0,100.0,0.0,강력 숏,sideways,0.4810289389067579,-1.453376205787782
1967,2023-06-01 09:15:00,26943.1,-1.4639730245690097,above_upper,tight,0.6502966429453816,uptrend,sideways,65,10,86.66666666666667,13.333333333333334,강력 숏,sideways,0.8566200622794007,-1.1286748740864994
1968,2023-06-02 09:00:00,27173.7,-0.15542328042327247,upper_half,tight,0.6713324931448931,uptrend,sideways,55,10,84.61538461538461,15.384615384615385,강력 숏,sideways,0.4404994535157192,-1.27034595951232
1969,2023-06-02 22:30:00,27291.9,-0.005495834157709378,upper_half,tight,1.123291196873197,sideways,sideways,55,0,100.0,0.0,강력 숏,sideways,-0.061923134702979166,-0.7628637068141098
1970,2023-06-03 06:15:00,27209.3,-0.30265390097429234,above_upper,tight,0.2579751314038698,uptrend,downtrend,85,10,89.47368421052632,10.526315789473683,강력 숏,sideways,0.42485473716706856,-0.3700940487259885
1971,2023-06-03 10:30:00,27172.8,-0.13414531061071155,upper_half,tight,0.2557392841361561,sideways,downtrend,75,0,100.0,0.0,강력 숏,sideways,0.559750927397995,-0.9822322322322274
1972,2023-06-03 23:30:00,27075.1,-0.9141844983879266,upper_half,tight,0.7638296082112273,uptrend,downtrend,75,10,88.23529411764706,11.76470588235294,강력 숏,sideways,0.6156948635462234,-0.4753445047294247
1973,2023-06-05 14:00:00,26812.2,-2.3234972677595556,above_upper,tight,0.45432016658693797,sideways,downtrend,85,0,100.0,0.0,강력 숏,drop,-0.022750837305418603,-5.410596668680679
1974,2023-06-05 23:30:00,25854.9,-3.570389598764734,above_upper,tight,1.603787705482936,uptrend,downtrend,85,10,89.47368421052632,10.526315789473683,강력 숏,drop,-0.21272563421247392,-2.052608983210147
1975,2023-06-06 06:45:00,25799.9,-0.21272563421247392,above_upper,tight,0.41302758713837134,uptrend,sideways,65,10,86.66666666666667,13.333333333333334,강력 숏,rise,4.551955627734983,-1.84380559614572
1976,2023-06-06 10:45:00,25780.0,-0.07713208190730514,upper_half,tight,0.45965215751589833,uptrend,sideways,55,10,84.61538461538461,15.384615384615385,강력 숏,rise,6.115981380915447,-1.7680372381691178
1977,2023-06-07 11:30:00,26979.0,-1.5257144942877,above_upper,tight,1.7051902483541361,sideways,sideways,65,0,100.0,0.0,강력 숏,drop,-0.30505207754178976,-3.201008191556387
1978,2023-06-08 01:00:00,26457.3,-1.9337262315133996,upper_half,tight,1.11786591741877,uptrend,downtrend,75,10,88.23529411764706,11.76470588235294,강력 숏,sideways,0.5106341161040806,-1.0091732716490331
1979,2023-06-08 21:00:00,26638.7,-0.640793718878796,above_upper,tight,0.8392061146973299,uptrend,downtrend,85,10,89.47368421052632,10.526315789473683,강력 숏,sideways,0.147529721795725,-1.4216159196957845
1980,2023-06-09 01:30:00,26585.7,-0.19895865789246736,upper_half,tight,0.8555918559188629,sideways,downtrend,75,0,100.0,0.0,강력 숏,sideways,0.6932298190380548,-1.2250946937639395
1981,2023-06-09 21:30:00,26492.1,-1.0381023533806544,upper_half,tight,0.39069631096695473,sideways,downtrend,75,0,100.0,0.0,강력 숏,drop,0.13437968299985226,-3.9336254959025485
1982,2023-06-10 08:30:00,25748.0,-2.9391918635991887,upper_half,normal,3.4584702283542774,uptrend,downtrend,70,10,87.5,12.5,강력 숏,sideways,1.544585987261149,-1.6078918750970894
1983,2023-06-10 11:45:00,25723.0,-0.09709491999378983,upper_half,tight,0.5387485414089093,uptrend,downtrend,75,10,88.23529411764706,11.76470588235294,강력 숏,sideways,1.6432764452046777,-1.51226528787467
1984,2023-06-10 22:30:00,25917.0,-0.8747136240376041,upper_half,tight,1.8427349507826867,sideways,sideways,55,0,100.0,0.0,강력 숏,sideways,-0.08527221514835759,-1.1617857005054577
1985,2023-06-11 05:45:00,25819.5,-0.37620094918393576,upper_half,tight,0.617539437985082,sideways,downtrend,75,0,100.0,0.0,강력 숏,sideways,0.9806541567420002,-0.5906388582273103
1986,2023-06-12 09:00:00,26095.0,-0.38859708055944964,above_upper,tight,0.8986342236363036,uptrend,sideways,65,10,86.66666666666667,13.333333333333334,강력 숏,sideways,-0.18087756275149136,-1.7512933512167095
1987,2023-06-12 17:45:00,25964.7,-0.4993293734431803,above_upper,tight,0.5261091537622242,uptrend,downtrend,85,10,89.47368421052632,10.526315789473683,강력 숏,sideways,0.7136612400682418,-0.8461488097301406
1988,2023-06-13 18:15:00,25963.0,-1.7297501892505673,upper_half,tight,1.436870344285025,uptrend,sideways,55,10,84.61538461538461,15.384615384615385,강력 숏,sideways,0.32892963062820524,-0.6605554057697471
1989,2023-06-15 00:45:00,25197.4,-3.4523189161021373,upper_half,normal,2.515573072465737,uptrend,downtrend,70,10,87.5,12.5,강력 숏,sideways,-0.013096589330652275,-1.656520117154947
1990,2023-06-15 13:45:00,25103.0,-0.3746418281251329,above_upper,tight,0.8727099222409251,sideways,sideways,65,0,100.0,0.0,강력 숏,rise,2.5773811894992615,-0.7250129466597643
1991,2023-06-16 06:30:00,25623.2,-0.4924271844660155,above_upper,tight,0.5533562864956667,sideways,sideways,65,0,100.0,0.0,강력 숏,rise,3.421898904118148,-1.8272503044116317
1992,2023-06-16 09:15:00,25616.8,-0.024977364263645274,upper_half,tight,0.577998674355431,sideways,sideways,55,0,100.0,0.0,강력 숏,rise,3.44773742231661,-1.8027232128915327
1993,2023-06-17 22:00:00,26589.0,-1.1076067066367101,above_upper,tight,0.5500122584366512,sideways,sideways,65,0,100.0,0.0,강력 숏,sideways,0.2914739177855452,-0.8920982361126817
1994,2023-06-18 12:30:00,26560.0,-0.39937749610935436,above_upper,tight,0.4503416059827463,sideways,downtrend,85,0,100.0,0.0,강력 숏,sideways,0.5195783132530218,-1.2349397590361466
1995,2023-06-19 02:00:00,26469.7,-0.8551202337253705,above_upper,tight,0.4813397457779341,uptrend,sideways,65,10,86.66666666666667,13.333333333333334,강력 숏,sideways,0.4057469483975895,-0.4371035561415493
1996,2023-06-20 05:15:00,27023.7,-0.523816535375099,upper_half,tight,0.8552024245711498,sideways,sideways,55,0,100.0,0.0,강력 숏,rise,3.6090542745812026,-1.412093828750327
1997,2023-06-20 12:00:00,26968.8,-0.20315500838153921,above_upper,tight,0.6822519896461765,uptrend,sideways,65,10,86.66666666666667,13.333333333333334,강력 숏,rise,5.624647741093414,-1.2113998398148973
1998,2023-06-21 06:00:00,28996.6,-0.41555622716158425,above_upper,tight,0.940737245589373,uptrend,sideways,65,10,86.66666666666667,13.333333333333334,강력 숏,rise,6.219349854810563,-0.8228550933557677
1999,2023-06-22 02:45:00,30497.6,-0.9818181818181837,above_upper,tight,1.8135209115534605,sideways,sideways,65,0,100.0,0.0,강력 숏,drop,-0.06426735218508783,-3.2599286501232783
2000,2023-06-22 10:15:00,30236.8,-0.8551492576465036,upper_half,tight,0.8746163416257785,uptrend,downtrend,75,10,88.23529411764706,11.76470588235294,강력 숏,drop,0.374378241083706,-2.4255212191766296
