datetime,type,entry_price,bb_lower,tp_ratio,sl_ratio,bb_upper
2023-01-01 07:30:00,강력한 반전 (BB 찢고 복귀),16537.5,16523.369023249335,1.5,1.0,
2023-01-01 16:15:00,추세확정 (BB 상단 돌파),16589.0,,2.0,1.0,16584.615170982233
2023-01-01 17:15:00,추세확정 (BB 상단 돌파),16592.5,,2.0,1.0,16589.57354569724
2023-01-01 18:00:00,추세확정 (BB 상단 돌파),16600.5,,2.0,1.0,16600.33418124387
2023-01-01 19:15:00,추세확정 (BB 상단 돌파),16629.5,,2.0,1.0,16624.58056026986
2023-01-02 01:30:00,역추세 반등 (BB 하단),16574.5,16570.411803533916,1.0,1.0,
2023-01-02 01:30:00,강력한 반전 (BB 찢고 복귀),16574.5,16570.411803533916,1.5,1.0,
2023-01-02 02:00:00,강력한 반전 (BB 찢고 복귀),16576.5,16563.823663328247,1.5,1.0,
2023-01-02 03:45:00,추세확정 (BB 상단 돌파),16664.5,,2.0,1.0,16643.17376718146
2023-01-02 07:00:00,추세확정 (BB 상단 돌파),16698.0,,2.0,1.0,16693.936899957404
2023-01-02 13:45:00,역추세 반등 (BB 하단),16694.0,16698.117998993068,1.0,1.0,
2023-01-02 14:00:00,역추세 반등 (BB 하단),16706.5,16696.642055672586,1.0,1.0,
2023-01-02 14:00:00,강력한 반전 (BB 찢고 복귀),16706.5,16696.642055672586,1.5,1.0,
2023-01-02 14:30:00,역추세 반등 (BB 하단),16700.5,16688.643807466906,1.0,1.0,
2023-01-02 14:30:00,강력한 반전 (BB 찢고 복귀),16700.5,16688.643807466906,1.5,1.0,
2023-01-02 21:45:00,추세확정 (BB 상단 돌파),16752.0,,2.0,1.0,16743.87781414397
2023-01-02 23:00:00,역추세 반등 (BB 하단),16713.0,16696.360179182106,1.0,1.0,
2023-01-02 23:00:00,강력한 반전 (BB 찢고 복귀),16713.0,16696.360179182106,1.5,1.0,
2023-01-03 00:00:00,역추세 반등 (BB 하단),16682.0,16676.10224863864,1.0,1.0,
2023-01-03 00:00:00,강력한 반전 (BB 찢고 복귀),16682.0,16676.10224863864,1.5,1.0,
2023-01-03 05:45:00,추세확정 (BB 상단 돌파),16719.5,,2.0,1.0,16713.417948748553
2023-01-03 14:30:00,추세확정 (BB 상단 돌파),16748.0,,2.0,1.0,16746.685344078807
2023-01-03 15:00:00,역추세 반등 (BB 하단),16658.5,16671.466787901412,1.0,1.0,
2023-01-03 15:30:00,역추세 반등 (BB 하단),16653.0,16648.140119909265,1.0,1.0,
2023-01-03 15:30:00,강력한 반전 (BB 찢고 복귀),16653.0,16648.140119909265,1.5,1.0,
2023-01-04 01:00:00,추세확정 (BB 상단 돌파),16692.0,,2.0,1.0,16684.703451168636
2023-01-04 02:30:00,추세확정 (BB 상단 돌파),16739.0,,2.0,1.0,16727.795140723538
2023-01-04 03:00:00,추세확정 (BB 상단 돌파),16831.5,,2.0,1.0,16774.779865889042
2023-01-04 03:45:00,추세확정 (BB 상단 돌파),16853.5,,2.0,1.0,16835.83492682518
2023-01-04 10:45:00,역추세 반등 (BB 하단),16838.0,16825.353216572563,1.0,1.0,
2023-01-04 12:00:00,강력한 반전 (BB 찢고 복귀),16840.0,16823.732674819654,1.5,1.0,
2023-01-04 13:00:00,역추세 반등 (BB 하단),16819.5,16816.120129800547,1.0,1.0,
2023-01-04 13:00:00,강력한 반전 (BB 찢고 복귀),16819.5,16816.120129800547,1.5,1.0,
2023-01-04 14:15:00,역추세 반등 (BB 하단),16816.0,16806.038980225418,1.0,1.0,
2023-01-04 14:15:00,강력한 반전 (BB 찢고 복귀),16816.0,16806.038980225418,1.5,1.0,
2023-01-04 14:30:00,강력한 반전 (BB 찢고 복귀),16834.0,16806.73958273569,1.5,1.0,
2023-01-04 15:15:00,역추세 반등 (BB 하단),16815.5,16796.85731029012,1.0,1.0,
2023-01-04 15:15:00,강력한 반전 (BB 찢고 복귀),16815.5,16796.85731029012,1.5,1.0,
2023-01-04 16:00:00,추세확정 (BB 상단 돌파),16874.5,,2.0,1.0,16865.15342663662
2023-01-04 17:30:00,추세확정 (BB 상단 돌파),16911.5,,2.0,1.0,16891.62184349408
2023-01-04 18:30:00,추세확정 (BB 상단 돌파),16928.0,,2.0,1.0,16927.66631738785
2023-01-04 20:45:00,강력한 반전 (BB 찢고 복귀),16801.5,16773.203900094835,1.5,1.0,
2023-01-05 07:30:00,역추세 반등 (BB 하단),16806.5,16794.32746028947,1.0,1.0,
2023-01-05 07:30:00,강력한 반전 (BB 찢고 복귀),16806.5,16794.32746028947,1.5,1.0,
2023-01-05 09:45:00,강력한 반전 (BB 찢고 복귀),16803.0,16780.30996151331,1.5,1.0,
2023-01-05 14:00:00,역추세 반등 (BB 하단),16800.0,16781.39215751251,1.0,1.0,
2023-01-05 14:00:00,강력한 반전 (BB 찢고 복귀),16800.0,16781.39215751251,1.5,1.0,
2023-01-05 14:45:00,강력한 반전 (BB 찢고 복귀),16823.5,16779.844010863482,1.5,1.0,
2023-01-05 15:00:00,추세확정 (BB 상단 돌파),16857.5,,2.0,1.0,16849.348146697343
2023-01-05 15:30:00,추세확정 (BB 상단 돌파),16870.0,,2.0,1.0,16862.959065951916
2023-01-05 23:00:00,강력한 반전 (BB 찢고 복귀),16829.5,16820.26230494121,1.5,1.0,
2023-01-06 04:30:00,역추세 반등 (BB 하단),16810.0,16800.577501298205,1.0,1.0,
2023-01-06 04:30:00,강력한 반전 (BB 찢고 복귀),16810.0,16800.577501298205,1.5,1.0,
2023-01-06 06:30:00,강력한 반전 (BB 찢고 복귀),16796.0,16790.557737700638,1.5,1.0,
2023-01-06 07:15:00,역추세 반등 (BB 하단),16792.0,16776.013193069437,1.0,1.0,
2023-01-06 07:15:00,강력한 반전 (BB 찢고 복귀),16792.0,16776.013193069437,1.5,1.0,
2023-01-06 09:30:00,강력한 반전 (BB 찢고 복귀),16781.0,16769.10269609524,1.5,1.0,
2023-01-06 11:30:00,역추세 반등 (BB 하단),16747.0,16745.296659072766,1.0,1.0,
2023-01-06 11:30:00,강력한 반전 (BB 찢고 복귀),16747.0,16745.296659072766,1.5,1.0,
2023-01-06 12:30:00,역추세 반등 (BB 하단),16732.5,16715.4898238144,1.0,1.0,
2023-01-06 12:30:00,강력한 반전 (BB 찢고 복귀),16732.5,16715.4898238144,1.5,1.0,
2023-01-06 13:00:00,강력한 반전 (BB 찢고 복귀),16728.0,16705.973595196298,1.5,1.0,
2023-01-06 13:30:00,역추세 반등 (BB 하단),16774.5,16693.24839043777,1.0,1.0,
2023-01-06 13:30:00,강력한 반전 (BB 찢고 복귀),16774.5,16693.24839043777,1.5,1.0,
2023-01-06 15:30:00,추세확정 (BB 상단 돌파),16817.5,,2.0,1.0,16801.99408928735
2023-01-06 19:30:00,추세확정 (BB 상단 돌파),16920.0,,2.0,1.0,16895.095116432505
2023-01-07 10:45:00,역추세 반등 (BB 하단),16914.0,16909.992483222424,1.0,1.0,
2023-01-07 11:15:00,강력한 반전 (BB 찢고 복귀),16913.0,16906.60857701356,1.5,1.0,
2023-01-07 14:00:00,강력한 반전 (BB 찢고 복귀),16910.5,16904.679204972275,1.5,1.0,
2023-01-07 14:30:00,추세확정 (BB 상단 돌파),16935.0,,2.0,1.0,16929.09031641085
2023-01-08 00:45:00,역추세 반등 (BB 하단),16918.0,16917.408568160405,1.0,1.0,
2023-01-08 00:45:00,강력한 반전 (BB 찢고 복귀),16918.0,16917.408568160405,1.5,1.0,
2023-01-08 01:00:00,강력한 반전 (BB 찢고 복귀),16925.5,16916.930598744697,1.5,1.0,
2023-01-08 01:45:00,역추세 반등 (BB 하단),16924.0,16913.093843334165,1.0,1.0,
2023-01-08 01:45:00,강력한 반전 (BB 찢고 복귀),16924.0,16913.093843334165,1.5,1.0,
2023-01-08 09:15:00,추세확정 (BB 상단 돌파),16948.0,,2.0,1.0,16947.25507358626
2023-01-08 09:45:00,역추세 반등 (BB 하단),16927.0,16926.89218331042,1.0,1.0,
2023-01-08 09:45:00,강력한 반전 (BB 찢고 복귀),16927.0,16926.89218331042,1.5,1.0,
2023-01-08 14:30:00,추세확정 (BB 상단 돌파),16940.0,,2.0,1.0,16939.26757840954
2023-01-08 15:45:00,추세확정 (BB 상단 돌파),16990.0,,2.0,1.0,16966.35859974475
2023-01-08 23:00:00,추세확정 (BB 상단 돌파),17025.0,,2.0,1.0,17000.447889994688
2023-01-09 00:45:00,추세확정 (BB 상단 돌파),17175.5,,2.0,1.0,17174.115991646777
2023-01-09 09:30:00,추세확정 (BB 상단 돌파),17237.5,,2.0,1.0,17230.198852878148
2023-01-09 10:15:00,추세확정 (BB 상단 돌파),17247.0,,2.0,1.0,17239.332341709207
2023-01-09 14:00:00,강력한 반전 (BB 찢고 복귀),17217.5,17206.54873746385,1.5,1.0,
2023-01-09 14:15:00,강력한 반전 (BB 찢고 복귀),17233.5,17211.9801118415,1.5,1.0,
2023-01-09 16:00:00,추세확정 (BB 상단 돌파),17284.5,,2.0,1.0,17276.919908421427
2023-01-09 18:00:00,추세확정 (BB 상단 돌파),17375.5,,2.0,1.0,17373.74233105055
2023-01-09 20:15:00,역추세 반등 (BB 하단),17228.5,17225.63338742038,1.0,1.0,
2023-01-09 20:15:00,강력한 반전 (BB 찢고 복귀),17228.5,17225.63338742038,1.5,1.0,
2023-01-09 21:00:00,강력한 반전 (BB 찢고 복귀),17211.5,17193.917843439474,1.5,1.0,
2023-01-10 08:15:00,추세확정 (BB 상단 돌파),17244.0,,2.0,1.0,17230.644415766856
2023-01-10 08:45:00,추세확정 (BB 상단 돌파),17248.0,,2.0,1.0,17242.910684858525
2023-01-10 09:15:00,추세확정 (BB 상단 돌파),17269.5,,2.0,1.0,17261.268663554307
2023-01-10 13:00:00,강력한 반전 (BB 찢고 복귀),17213.0,17207.11075865382,1.5,1.0,
2023-01-10 15:00:00,추세확정 (BB 상단 돌파),17325.5,,2.0,1.0,17301.729375209714
2023-01-10 18:30:00,추세확정 (BB 상단 돌파),17391.5,,2.0,1.0,17373.270040170068
2023-01-11 03:00:00,역추세 반등 (BB 하단),17388.5,17380.890395381575,1.0,1.0,
2023-01-11 03:00:00,강력한 반전 (BB 찢고 복귀),17388.5,17380.890395381575,1.5,1.0,
2023-01-11 03:15:00,강력한 반전 (BB 찢고 복귀),17403.0,17379.329649461342,1.5,1.0,
2023-01-11 07:15:00,추세확정 (BB 상단 돌파),17441.5,,2.0,1.0,17437.968116764427
2023-01-11 12:30:00,역추세 반등 (BB 하단),17407.5,17400.318149632756,1.0,1.0,
2023-01-11 12:30:00,강력한 반전 (BB 찢고 복귀),17407.5,17400.318149632756,1.5,1.0,
2023-01-11 13:45:00,강력한 반전 (BB 찢고 복귀),17409.0,17393.210751882725,1.5,1.0,
2023-01-11 14:15:00,역추세 반등 (BB 하단),17391.5,17380.457395837635,1.0,1.0,
2023-01-11 14:15:00,강력한 반전 (BB 찢고 복귀),17391.5,17380.457395837635,1.5,1.0,
2023-01-11 14:30:00,강력한 반전 (BB 찢고 복귀),17414.0,17381.882545023283,1.5,1.0,
2023-01-11 16:00:00,역추세 반등 (BB 하단),17344.0,17340.750533680944,1.0,1.0,
2023-01-11 16:00:00,강력한 반전 (BB 찢고 복귀),17344.0,17340.750533680944,1.5,1.0,
2023-01-11 16:15:00,강력한 반전 (BB 찢고 복귀),17353.0,17335.798896738375,1.5,1.0,
2023-01-11 18:00:00,추세확정 (BB 상단 돌파),17509.5,,2.0,1.0,17463.71246007832
2023-01-11 23:15:00,추세확정 (BB 상단 돌파),17629.5,,2.0,1.0,17591.763026224166
2023-01-12 00:45:00,추세확정 (BB 상단 돌파),18259.0,,2.0,1.0,18112.251727837836
2023-01-12 06:00:00,역추세 반등 (BB 하단),18112.5,18104.137193233655,1.0,1.0,
2023-01-12 06:00:00,강력한 반전 (BB 찢고 복귀),18112.5,18104.137193233655,1.5,1.0,
2023-01-12 12:45:00,추세확정 (BB 상단 돌파),18264.5,,2.0,1.0,18251.11760257287
2023-01-12 13:30:00,역추세 반등 (BB 하단),18146.0,18079.979324806405,1.0,1.0,
2023-01-12 13:30:00,강력한 반전 (BB 찢고 복귀),18146.0,18079.979324806405,1.5,1.0,
2023-01-12 14:45:00,역추세 반등 (BB 하단),17987.0,18004.38039373652,1.0,1.0,
2023-01-12 15:00:00,역추세 반등 (BB 하단),18095.5,17999.956424420754,1.0,1.0,
2023-01-12 15:00:00,강력한 반전 (BB 찢고 복귀),18095.5,17999.956424420754,1.5,1.0,
2023-01-12 17:30:00,추세확정 (BB 상단 돌파),18642.0,,2.0,1.0,18443.2631934858
2023-01-13 00:45:00,역추세 반등 (BB 하단),18753.0,18688.32759832081,1.0,1.0,
2023-01-13 09:30:00,추세확정 (BB 상단 돌파),18877.0,,2.0,1.0,18870.205821602616
2023-01-13 10:45:00,추세확정 (BB 상단 돌파),19024.5,,2.0,1.0,18976.75126596801
2023-01-13 15:00:00,추세확정 (BB 상단 돌파),19114.5,,2.0,1.0,19058.466659275375
2023-01-13 21:30:00,추세확정 (BB 상단 돌파),19750.0,,2.0,1.0,19592.264815643935
2023-01-14 00:00:00,추세확정 (BB 상단 돌파),20244.0,,2.0,1.0,20214.24569755557
2023-01-14 08:30:00,추세확정 (BB 상단 돌파),21032.0,,2.0,1.0,21021.624921767587
2023-01-14 09:45:00,역추세 반등 (BB 하단),20536.5,20524.26535597028,1.0,1.0,
2023-01-14 09:45:00,강력한 반전 (BB 찢고 복귀),20536.5,20524.26535597028,1.5,1.0,
2023-01-14 10:30:00,역추세 반등 (BB 하단),20434.0,20312.620935410145,1.0,1.0,
2023-01-14 10:30:00,강력한 반전 (BB 찢고 복귀),20434.0,20312.620935410145,1.5,1.0,
2023-01-14 18:30:00,강력한 반전 (BB 찢고 복귀),20754.5,20671.258955139052,1.5,1.0,
2023-01-14 21:00:00,추세확정 (BB 상단 돌파),20933.5,,2.0,1.0,20925.1134576871
2023-01-14 22:30:00,추세확정 (BB 상단 돌파),20985.5,,2.0,1.0,20984.732907591664
2023-01-14 23:15:00,추세확정 (BB 상단 돌파),21066.0,,2.0,1.0,21058.60008180746
2023-01-15 00:45:00,역추세 반등 (BB 하단),20765.0,20704.47886868838,1.0,1.0,
2023-01-15 00:45:00,강력한 반전 (BB 찢고 복귀),20765.0,20704.47886868838,1.5,1.0,
2023-01-15 08:30:00,역추세 반등 (BB 하단),20692.5,20673.353389213346,1.0,1.0,
2023-01-15 08:30:00,강력한 반전 (BB 찢고 복귀),20692.5,20673.353389213346,1.5,1.0,
2023-01-15 09:15:00,역추세 반등 (BB 하단),20648.0,20616.86362036678,1.0,1.0,
2023-01-15 09:15:00,강력한 반전 (BB 찢고 복귀),20648.0,20616.86362036678,1.5,1.0,
2023-01-15 14:45:00,추세확정 (BB 상단 돌파),20801.5,,2.0,1.0,20787.20191485883
2023-01-16 00:30:00,강력한 반전 (BB 찢고 복귀),20838.0,20809.374167379297,1.5,1.0,
2023-01-16 00:45:00,추세확정 (BB 상단 돌파),20975.0,,2.0,1.0,20960.900222176853
2023-01-16 02:15:00,추세확정 (BB 상단 돌파),21355.0,,2.0,1.0,21302.439718852882
2023-01-16 08:15:00,역추세 반등 (BB 하단),20809.5,20878.60505673054,1.0,1.0,
2023-01-16 09:00:00,역추세 반등 (BB 하단),20808.5,20728.06554009826,1.0,1.0,
2023-01-16 09:00:00,강력한 반전 (BB 찢고 복귀),20808.5,20728.06554009826,1.5,1.0,
2023-01-16 13:45:00,강력한 반전 (BB 찢고 복귀),20830.0,20786.788159539065,1.5,1.0,
2023-01-16 14:15:00,강력한 반전 (BB 찢고 복귀),20868.0,20783.730642403152,1.5,1.0,
2023-01-16 15:15:00,역추세 반등 (BB 하단),20893.0,20736.890957675463,1.0,1.0,
2023-01-16 15:15:00,강력한 반전 (BB 찢고 복귀),20893.0,20736.890957675463,1.5,1.0,
2023-01-16 15:30:00,추세확정 (BB 상단 돌파),20970.5,,2.0,1.0,20942.954175134153
2023-01-16 18:45:00,추세확정 (BB 상단 돌파),21272.5,,2.0,1.0,21248.65493222655
2023-01-17 00:00:00,강력한 반전 (BB 찢고 복귀),21269.5,21070.68716797085,1.5,1.0,
2023-01-17 01:15:00,역추세 반등 (BB 하단),20987.5,20994.712638366866,1.0,1.0,
2023-01-17 01:30:00,역추세 반등 (BB 하단),21026.0,20981.611720580775,1.0,1.0,
2023-01-17 01:30:00,강력한 반전 (BB 찢고 복귀),21026.0,20981.611720580775,1.5,1.0,
2023-01-17 12:00:00,추세확정 (BB 상단 돌파),21258.5,,2.0,1.0,21241.17240319427
2023-01-17 14:00:00,추세확정 (BB 상단 돌파),21384.0,,2.0,1.0,21334.399552009378
2023-01-17 15:45:00,강력한 반전 (BB 찢고 복귀),21170.5,21099.006052366818,1.5,1.0,
2023-01-17 23:00:00,강력한 반전 (BB 찢고 복귀),21242.5,21213.534081311056,1.5,1.0,
2023-01-18 00:15:00,역추세 반등 (BB 하단),21146.0,21093.720486165083,1.0,1.0,
2023-01-18 00:15:00,강력한 반전 (BB 찢고 복귀),21146.0,21093.720486165083,1.5,1.0,
2023-01-18 03:00:00,추세확정 (BB 상단 돌파),21339.5,,2.0,1.0,21334.23533309104
2023-01-18 08:30:00,역추세 반등 (BB 하단),21246.0,21231.44088271063,1.0,1.0,
2023-01-18 08:30:00,강력한 반전 (BB 찢고 복귀),21246.0,21231.44088271063,1.5,1.0,
2023-01-18 09:15:00,강력한 반전 (BB 찢고 복귀),21242.0,21222.729013851607,1.5,1.0,
2023-01-18 09:45:00,역추세 반등 (BB 하단),21218.0,21195.120596194378,1.0,1.0,
2023-01-18 09:45:00,강력한 반전 (BB 찢고 복귀),21218.0,21195.120596194378,1.5,1.0,
2023-01-18 11:00:00,역추세 반등 (BB 하단),21198.5,21160.792946010984,1.0,1.0,
2023-01-18 11:00:00,강력한 반전 (BB 찢고 복귀),21198.5,21160.792946010984,1.5,1.0,
2023-01-18 13:00:00,추세확정 (BB 상단 돌파),21278.5,,2.0,1.0,21276.573039600225
2023-01-18 13:30:00,추세확정 (BB 상단 돌파),21316.0,,2.0,1.0,21296.320145689704
2023-01-18 16:45:00,역추세 반등 (BB 하단),20848.0,20638.80996417408,1.0,1.0,
2023-01-18 16:45:00,강력한 반전 (BB 찢고 복귀),20848.0,20638.80996417408,1.5,1.0,
2023-01-18 22:15:00,강력한 반전 (BB 찢고 복귀),20734.0,20663.59508636356,1.5,1.0,
2023-01-19 04:15:00,추세확정 (BB 상단 돌파),20818.5,,2.0,1.0,20815.466222410058
2023-01-19 09:00:00,역추세 반등 (BB 하단),20760.0,20764.975270274113,1.0,1.0,
2023-01-19 09:30:00,역추세 반등 (BB 하단),20789.0,20753.636717729387,1.0,1.0,
2023-01-19 09:30:00,강력한 반전 (BB 찢고 복귀),20789.0,20753.636717729387,1.5,1.0,
2023-01-19 11:30:00,역추세 반등 (BB 하단),20723.0,20713.0564944929,1.0,1.0,
2023-01-19 11:30:00,강력한 반전 (BB 찢고 복귀),20723.0,20713.0564944929,1.5,1.0,
2023-01-19 12:00:00,강력한 반전 (BB 찢고 복귀),20750.0,20705.724389340154,1.5,1.0,
2023-01-19 13:15:00,역추세 반등 (BB 하단),20757.5,20687.129743003057,1.0,1.0,
2023-01-19 13:15:00,강력한 반전 (BB 찢고 복귀),20757.5,20687.129743003057,1.5,1.0,
2023-01-19 13:30:00,강력한 반전 (BB 찢고 복귀),20764.5,20688.359505605713,1.5,1.0,
2023-01-19 15:00:00,추세확정 (BB 상단 돌파),20831.5,,2.0,1.0,20819.075591136036
2023-01-19 19:00:00,추세확정 (BB 상단 돌파),21011.5,,2.0,1.0,20990.88894897134
2023-01-20 05:00:00,역추세 반등 (BB 하단),21006.5,20992.02906244377,1.0,1.0,
2023-01-20 05:00:00,강력한 반전 (BB 찢고 복귀),21006.5,20992.02906244377,1.5,1.0,
2023-01-20 06:15:00,강력한 반전 (BB 찢고 복귀),20967.5,20922.665270806046,1.5,1.0,
2023-01-20 07:15:00,강력한 반전 (BB 찢고 복귀),20964.5,20883.7502706711,1.5,1.0,
2023-01-20 09:15:00,강력한 반전 (BB 찢고 복귀),20937.0,20900.645792517917,1.5,1.0,
2023-01-20 12:00:00,추세확정 (BB 상단 돌파),20992.5,,2.0,1.0,20985.035303938213
2023-01-20 16:30:00,추세확정 (BB 상단 돌파),21299.0,,2.0,1.0,21252.817543850342
2023-01-20 20:00:00,추세확정 (BB 상단 돌파),21839.5,,2.0,1.0,21640.046058898915
2023-01-21 08:00:00,추세확정 (BB 상단 돌파),22735.0,,2.0,1.0,22685.255938244325
2023-01-21 08:30:00,추세확정 (BB 상단 돌파),22755.5,,2.0,1.0,22722.115412226478
2023-01-21 09:30:00,추세확정 (BB 상단 돌파),22840.5,,2.0,1.0,22800.936468269123
2023-01-21 15:15:00,추세확정 (BB 상단 돌파),23222.5,,2.0,1.0,23156.98030356743
2023-01-21 17:00:00,추세확정 (BB 상단 돌파),23284.0,,2.0,1.0,23283.256360461695
2023-01-21 21:00:00,강력한 반전 (BB 찢고 복귀),23118.0,23073.540581670244,1.5,1.0,
2023-01-21 23:00:00,역추세 반등 (BB 하단),22927.0,22880.330644814698,1.0,1.0,
2023-01-21 23:00:00,강력한 반전 (BB 찢고 복귀),22927.0,22880.330644814698,1.5,1.0,
2023-01-21 23:45:00,역추세 반등 (BB 하단),22781.5,22714.030012811876,1.0,1.0,
2023-01-22 11:30:00,역추세 반등 (BB 하단),22807.0,22790.847050814245,1.0,1.0,
2023-01-22 11:30:00,강력한 반전 (BB 찢고 복귀),22807.0,22790.847050814245,1.5,1.0,
2023-01-22 12:30:00,역추세 반등 (BB 하단),22804.0,22728.11407030969,1.0,1.0,
2023-01-22 12:30:00,강력한 반전 (BB 찢고 복귀),22804.0,22728.11407030969,1.5,1.0,
2023-01-22 15:00:00,추세확정 (BB 상단 돌파),23037.5,,2.0,1.0,23027.102769999434
2023-01-22 20:15:00,역추세 반등 (BB 하단),22568.5,22599.837914741925,1.0,1.0,
2023-01-22 21:15:00,역추세 반등 (BB 하단),22449.5,22386.004799920156,1.0,1.0,
2023-01-22 21:15:00,강력한 반전 (BB 찢고 복귀),22449.5,22386.004799920156,1.5,1.0,
2023-01-23 07:30:00,강력한 반전 (BB 찢고 복귀),22707.0,22662.019944279768,1.5,1.0,
2023-01-23 10:00:00,추세확정 (BB 상단 돌파),22858.0,,2.0,1.0,22824.128185214387
2023-01-23 14:15:00,역추세 반등 (BB 하단),22792.0,22748.417331289078,1.0,1.0,
2023-01-23 14:15:00,강력한 반전 (BB 찢고 복귀),22792.0,22748.417331289078,1.5,1.0,
2023-01-23 14:30:00,강력한 반전 (BB 찢고 복귀),22805.0,22756.002066068155,1.5,1.0,
2023-01-23 15:00:00,역추세 반등 (BB 하단),22777.5,22697.498019738996,1.0,1.0,
2023-01-23 15:00:00,강력한 반전 (BB 찢고 복귀),22777.5,22697.498019738996,1.5,1.0,
2023-01-23 17:45:00,추세확정 (BB 상단 돌파),23067.5,,2.0,1.0,23017.324040374795
2023-01-23 19:45:00,강력한 반전 (BB 찢고 복귀),22792.0,22680.322841259593,1.5,1.0,
2023-01-24 01:45:00,추세확정 (BB 상단 돌파),23092.5,,2.0,1.0,23049.051393833393
2023-01-24 09:15:00,역추세 반등 (BB 하단),22913.0,22945.039257572455,1.0,1.0,
2023-01-24 09:45:00,역추세 반등 (BB 하단),22850.0,22852.708008848345,1.0,1.0,
2023-01-24 10:00:00,역추세 반등 (BB 하단),22882.0,22831.34248698183,1.0,1.0,
2023-01-24 14:00:00,강력한 반전 (BB 찢고 복귀),22933.5,22808.172427989135,1.5,1.0,
2023-01-24 14:45:00,강력한 반전 (BB 찢고 복귀),22864.5,22810.63899871157,1.5,1.0,
2023-01-24 15:00:00,강력한 반전 (BB 찢고 복귀),22890.5,22811.509744446463,1.5,1.0,
2023-01-24 17:00:00,강력한 반전 (BB 찢고 복귀),22880.0,22805.87513956973,1.5,1.0,
2023-01-24 18:00:00,추세확정 (BB 상단 돌파),22999.5,,2.0,1.0,22983.084057962304
2023-01-24 22:30:00,역추세 반등 (BB 하단),22830.0,22794.515097652133,1.0,1.0,
2023-01-24 22:30:00,강력한 반전 (BB 찢고 복귀),22830.0,22794.515097652133,1.5,1.0,
2023-01-24 23:45:00,역추세 반등 (BB 하단),22631.0,22572.402166026142,1.0,1.0,
2023-01-24 23:45:00,강력한 반전 (BB 찢고 복귀),22631.0,22572.402166026142,1.5,1.0,
2023-01-25 01:30:00,역추세 반등 (BB 하단),22473.0,22358.5855150989,1.0,1.0,
2023-01-25 09:15:00,강력한 반전 (BB 찢고 복귀),22652.5,22604.59234703421,1.5,1.0,
2023-01-25 10:15:00,역추세 반등 (BB 하단),22586.0,22567.497320958304,1.0,1.0,
2023-01-25 10:15:00,강력한 반전 (BB 찢고 복귀),22586.0,22567.497320958304,1.5,1.0,
2023-01-25 10:45:00,역추세 반등 (BB 하단),22609.5,22539.12324783771,1.0,1.0,
2023-01-25 10:45:00,강력한 반전 (BB 찢고 복귀),22609.5,22539.12324783771,1.5,1.0,
2023-01-25 15:15:00,역추세 반등 (BB 하단),22552.5,22438.298123794248,1.0,1.0,
2023-01-25 15:15:00,강력한 반전 (BB 찢고 복귀),22552.5,22438.298123794248,1.5,1.0,
2023-01-25 20:00:00,추세확정 (BB 상단 돌파),22916.0,,2.0,1.0,22826.825953011965
2023-01-25 21:30:00,추세확정 (BB 상단 돌파),23247.5,,2.0,1.0,23128.445862678902
2023-01-26 06:00:00,강력한 반전 (BB 찢고 복귀),23154.0,23118.38239146777,1.5,1.0,
2023-01-26 06:30:00,역추세 반등 (BB 하단),23047.0,23053.305751162676,1.0,1.0,
2023-01-26 06:45:00,역추세 반등 (BB 하단),23090.0,23045.613607527124,1.0,1.0,
2023-01-26 08:30:00,강력한 반전 (BB 찢고 복귀),23028.5,22937.39611109516,1.5,1.0,
2023-01-26 10:15:00,강력한 반전 (BB 찢고 복귀),22973.0,22897.947650558526,1.5,1.0,
2023-01-26 10:45:00,강력한 반전 (BB 찢고 복귀),22937.0,22894.621952595695,1.5,1.0,
2023-01-26 12:30:00,추세확정 (BB 상단 돌파),23088.5,,2.0,1.0,23070.366088385737
2023-01-26 14:00:00,추세확정 (BB 상단 돌파),23174.0,,2.0,1.0,23160.717722494865
2023-01-26 16:00:00,강력한 반전 (BB 찢고 복귀),22957.5,22909.84052221354,1.5,1.0,
2023-01-26 21:15:00,강력한 반전 (BB 찢고 복귀),23049.0,22962.88127230673,1.5,1.0,
2023-01-27 01:00:00,강력한 반전 (BB 찢고 복귀),22952.0,22913.753045069,1.5,1.0,
2023-01-27 02:00:00,역추세 반등 (BB 하단),22734.0,22698.388686558555,1.0,1.0,
2023-01-27 02:00:00,강력한 반전 (BB 찢고 복귀),22734.0,22698.388686558555,1.5,1.0,
2023-01-27 05:45:00,추세확정 (BB 상단 돌파),23028.0,,2.0,1.0,22988.154322930313
2023-01-27 10:45:00,강력한 반전 (BB 찢고 복귀),22950.0,22908.887151008257,1.5,1.0,
2023-01-27 12:45:00,강력한 반전 (BB 찢고 복귀),22930.0,22910.252879529988,1.5,1.0,
2023-01-27 13:30:00,강력한 반전 (BB 찢고 복귀),22957.0,22914.15847503761,1.5,1.0,
2023-01-27 14:00:00,역추세 반등 (BB 하단),22907.5,22901.63188484798,1.0,1.0,
2023-01-27 14:00:00,강력한 반전 (BB 찢고 복귀),22907.5,22901.63188484798,1.5,1.0,
2023-01-27 14:30:00,역추세 반등 (BB 하단),22932.5,22891.81427921583,1.0,1.0,
2023-01-27 14:30:00,강력한 반전 (BB 찢고 복귀),22932.5,22891.81427921583,1.5,1.0,
2023-01-27 15:00:00,추세확정 (BB 상단 돌파),23096.0,,2.0,1.0,23034.848240199575
2023-01-27 22:15:00,역추세 반등 (BB 하단),23081.0,23030.019464803758,1.0,1.0,
2023-01-27 22:15:00,강력한 반전 (BB 찢고 복귀),23081.0,23030.019464803758,1.5,1.0,
2023-01-28 05:45:00,역추세 반등 (BB 하단),23064.5,23047.992412326184,1.0,1.0,
2023-01-28 05:45:00,강력한 반전 (BB 찢고 복귀),23064.5,23047.992412326184,1.5,1.0,
2023-01-28 06:30:00,역추세 반등 (BB 하단),23018.5,23019.6832091366,1.0,1.0,
2023-01-28 06:45:00,역추세 반등 (BB 하단),23035.5,23014.242098459355,1.0,1.0,
2023-01-28 06:45:00,강력한 반전 (BB 찢고 복귀),23035.5,23014.242098459355,1.5,1.0,
2023-01-28 07:30:00,역추세 반등 (BB 하단),22990.0,22969.008746899442,1.0,1.0,
2023-01-28 07:30:00,강력한 반전 (BB 찢고 복귀),22990.0,22969.008746899442,1.5,1.0,
2023-01-28 09:15:00,강력한 반전 (BB 찢고 복귀),22979.0,22921.649623511308,1.5,1.0,
2023-01-28 11:15:00,강력한 반전 (BB 찢고 복귀),22973.5,22940.448603791145,1.5,1.0,
2023-01-28 13:30:00,역추세 반등 (BB 하단),22947.0,22919.563772952362,1.0,1.0,
2023-01-28 15:00:00,추세확정 (BB 상단 돌파),23038.0,,2.0,1.0,23023.16434117098
2023-01-28 15:30:00,추세확정 (BB 상단 돌파),23039.0,,2.0,1.0,23031.858765573903
2023-01-28 21:00:00,역추세 반등 (BB 하단),23002.5,22969.120728024845,1.0,1.0,
2023-01-28 21:00:00,강력한 반전 (BB 찢고 복귀),23002.5,22969.120728024845,1.5,1.0,
2023-01-29 00:30:00,추세확정 (BB 상단 돌파),23106.5,,2.0,1.0,23063.413982103415
2023-01-29 09:30:00,추세확정 (BB 상단 돌파),23334.0,,2.0,1.0,23283.666939506453
2023-01-29 10:00:00,추세확정 (BB 상단 돌파),23394.5,,2.0,1.0,23337.956847952468
2023-01-29 18:30:00,추세확정 (BB 상단 돌파),23709.5,,2.0,1.0,23662.921801421213
2023-01-29 19:00:00,추세확정 (BB 상단 돌파),23782.5,,2.0,1.0,23729.209925848714
2023-01-30 01:15:00,강력한 반전 (BB 찢고 복귀),23687.5,23666.485474418605,1.5,1.0,
2023-01-30 02:15:00,역추세 반등 (BB 하단),23634.0,23606.147852973347,1.0,1.0,
2023-01-30 02:15:00,강력한 반전 (BB 찢고 복귀),23634.0,23606.147852973347,1.5,1.0,
2023-01-30 07:45:00,강력한 반전 (BB 찢고 복귀),23646.5,23619.498938912944,1.5,1.0,
2023-01-30 08:30:00,역추세 반등 (BB 하단),23571.0,23574.956380311814,1.0,1.0,
2023-01-30 09:45:00,역추세 반등 (BB 하단),23193.0,23213.411727962288,1.0,1.0,
2023-01-30 10:00:00,역추세 반등 (BB 하단),23263.5,23170.62791742555,1.0,1.0,
2023-01-30 10:00:00,강력한 반전 (BB 찢고 복귀),23263.5,23170.62791742555,1.5,1.0,
2023-01-30 12:00:00,강력한 반전 (BB 찢고 복귀),23120.5,22962.915312822486,1.5,1.0,
2023-01-30 18:00:00,강력한 반전 (BB 찢고 복귀),23125.5,23063.570795936568,1.5,1.0,
2023-01-30 19:45:00,역추세 반등 (BB 하단),22787.5,22746.835184355026,1.0,1.0,
2023-01-30 19:45:00,강력한 반전 (BB 찢고 복귀),22787.5,22746.835184355026,1.5,1.0,
2023-01-30 22:30:00,강력한 반전 (BB 찢고 복귀),22719.5,22490.962945078656,1.5,1.0,
2023-01-30 23:45:00,추세확정 (BB 상단 돌파),22830.5,,2.0,1.0,22828.379169988395
2023-01-31 02:00:00,추세확정 (BB 상단 돌파),22891.5,,2.0,1.0,22879.915078237515
2023-01-31 06:00:00,역추세 반등 (BB 하단),22759.0,22760.849815638492,1.0,1.0,
2023-01-31 06:15:00,역추세 반등 (BB 하단),22778.0,22758.4421986299,1.0,1.0,
2023-01-31 06:15:00,강력한 반전 (BB 찢고 복귀),22778.0,22758.4421986299,1.5,1.0,
2023-01-31 07:45:00,추세확정 (BB 상단 돌파),22970.5,,2.0,1.0,22936.434483391662
2023-01-31 13:30:00,추세확정 (BB 상단 돌파),23071.0,,2.0,1.0,22990.63492227658
2023-01-31 19:15:00,강력한 반전 (BB 찢고 복귀),23123.0,23087.520768425333,1.5,1.0,
2023-01-31 19:30:00,추세확정 (BB 상단 돌파),23169.0,,2.0,1.0,23168.740629882606
2023-01-31 20:30:00,강력한 반전 (BB 찢고 복귀),23089.5,23073.624098920212,1.5,1.0,
2023-01-31 21:45:00,역추세 반등 (BB 하단),22937.5,22937.65811572847,1.0,1.0,
2023-01-31 22:30:00,강력한 반전 (BB 찢고 복귀),22981.5,22865.521887605155,1.5,1.0,
2023-02-01 07:00:00,강력한 반전 (BB 찢고 복귀),23075.0,23052.430303303812,1.5,1.0,
2023-02-01 08:30:00,역추세 반등 (BB 하단),22992.0,22990.16928383216,1.0,1.0,
2023-02-01 08:30:00,강력한 반전 (BB 찢고 복귀),22992.0,22990.16928383216,1.5,1.0,
2023-02-01 09:00:00,강력한 반전 (BB 찢고 복귀),22984.5,22957.948399714733,1.5,1.0,
2023-02-01 16:00:00,역추세 반등 (BB 하단),23018.0,23002.70783043856,1.0,1.0,
2023-02-01 16:00:00,강력한 반전 (BB 찢고 복귀),23018.0,23002.70783043856,1.5,1.0,
2023-02-01 17:45:00,강력한 반전 (BB 찢고 복귀),22997.0,22948.93674613783,1.5,1.0,
2023-02-01 19:30:00,추세확정 (BB 상단 돌파),23258.5,,2.0,1.0,23173.92331516583
2023-02-01 19:30:00,강력한 반전 (BB 찢고 복귀),23258.5,22904.276684834167,1.5,1.0,
2023-02-01 21:00:00,추세확정 (BB 상단 돌파),23693.5,,2.0,1.0,23675.059598590222
2023-02-02 00:30:00,추세확정 (BB 상단 돌파),24194.0,,2.0,1.0,24014.04856318246
2023-02-02 06:30:00,역추세 반등 (BB 하단),23797.5,23750.940908479453,1.0,1.0,
2023-02-02 06:30:00,강력한 반전 (BB 찢고 복귀),23797.5,23750.940908479453,1.5,1.0,
2023-02-02 14:00:00,강력한 반전 (BB 찢고 복귀),23812.5,23762.63226692766,1.5,1.0,
2023-02-02 14:15:00,추세확정 (BB 상단 돌파),23904.0,,2.0,1.0,23871.90323541279
2023-02-02 15:15:00,역추세 반등 (BB 하단),23683.0,23630.769308273913,1.0,1.0,
2023-02-02 15:15:00,강력한 반전 (BB 찢고 복귀),23683.0,23630.769308273913,1.5,1.0,
2023-02-02 18:00:00,추세확정 (BB 상단 돌파),24005.5,,2.0,1.0,23999.801300808802
2023-02-02 18:30:00,추세확정 (BB 상단 돌파),24120.5,,2.0,1.0,24085.853486160016
2023-02-02 22:00:00,역추세 반등 (BB 하단),23514.0,23509.470547060828,1.0,1.0,
2023-02-02 22:00:00,강력한 반전 (BB 찢고 복귀),23514.0,23509.470547060828,1.5,1.0,
2023-02-03 02:45:00,역추세 반등 (BB 하단),23481.0,23444.528859993523,1.0,1.0,
2023-02-03 02:45:00,강력한 반전 (BB 찢고 복귀),23481.0,23444.528859993523,1.5,1.0,
2023-02-03 03:15:00,강력한 반전 (BB 찢고 복귀),23507.0,23429.52174418263,1.5,1.0,
2023-02-03 07:30:00,강력한 반전 (BB 찢고 복귀),23475.5,23458.508429478203,1.5,1.0,
2023-02-03 08:15:00,역추세 반등 (BB 하단),23396.5,23412.866984082088,1.0,1.0,
2023-02-03 08:30:00,역추세 반등 (BB 하단),23398.5,23395.47014600171,1.0,1.0,
2023-02-03 08:30:00,강력한 반전 (BB 찢고 복귀),23398.5,23395.47014600171,1.5,1.0,
2023-02-03 08:45:00,강력한 반전 (BB 찢고 복귀),23431.0,23387.484709454693,1.5,1.0,
2023-02-03 11:45:00,추세확정 (BB 상단 돌파),23543.0,,2.0,1.0,23534.50888949861
2023-02-03 20:00:00,강력한 반전 (BB 찢고 복귀),23328.0,23283.7757324732,1.5,1.0,
2023-02-04 05:30:00,역추세 반등 (BB 하단),23315.0,23289.417070927884,1.0,1.0,
2023-02-04 05:30:00,강력한 반전 (BB 찢고 복귀),23315.0,23289.417070927884,1.5,1.0,
2023-02-04 12:45:00,추세확정 (BB 상단 돌파),23420.5,,2.0,1.0,23399.93208481713
2023-02-04 20:45:00,역추세 반등 (BB 하단),23409.5,23397.26480955554,1.0,1.0,
2023-02-04 20:45:00,강력한 반전 (BB 찢고 복귀),23409.5,23397.26480955554,1.5,1.0,
2023-02-04 21:00:00,강력한 반전 (BB 찢고 복귀),23414.5,23398.465795204567,1.5,1.0,
2023-02-04 23:45:00,역추세 반등 (BB 하단),23323.5,23333.58630906462,1.0,1.0,
2023-02-05 00:00:00,역추세 반등 (BB 하단),23339.0,23325.366213324352,1.0,1.0,
2023-02-05 00:00:00,강력한 반전 (BB 찢고 복귀),23339.0,23325.366213324352,1.5,1.0,
2023-02-05 00:30:00,강력한 반전 (BB 찢고 복귀),23343.5,23307.89578603568,1.5,1.0,
2023-02-05 01:00:00,역추세 반등 (BB 하단),23307.5,23282.85541453263,1.0,1.0,
2023-02-05 01:00:00,강력한 반전 (BB 찢고 복귀),23307.5,23282.85541453263,1.5,1.0,
2023-02-05 12:15:00,강력한 반전 (BB 찢고 복귀),23360.5,23349.629057336217,1.5,1.0,
2023-02-05 13:15:00,역추세 반등 (BB 하단),23152.5,23156.935714083596,1.0,1.0,
2023-02-05 13:30:00,역추세 반등 (BB 하단),23197.0,23138.551267818606,1.0,1.0,
2023-02-05 13:30:00,강력한 반전 (BB 찢고 복귀),23197.0,23138.551267818606,1.5,1.0,
2023-02-05 16:15:00,강력한 반전 (BB 찢고 복귀),23148.0,23006.728453499913,1.5,1.0,
2023-02-05 17:15:00,강력한 반전 (BB 찢고 복귀),23055.0,23010.650163137034,1.5,1.0,
2023-02-05 18:00:00,역추세 반등 (BB 하단),22906.5,22895.92631383949,1.0,1.0,
2023-02-05 18:00:00,강력한 반전 (BB 찢고 복귀),22906.5,22895.92631383949,1.5,1.0,
2023-02-05 19:15:00,강력한 반전 (BB 찢고 복귀),22879.5,22772.045712680672,1.5,1.0,
2023-02-05 22:15:00,추세확정 (BB 상단 돌파),22975.5,,2.0,1.0,22967.37713004651
2023-02-06 00:15:00,추세확정 (BB 상단 돌파),23061.0,,2.0,1.0,23048.249393305563
2023-02-06 03:00:00,역추세 반등 (BB 하단),22911.5,22883.834721053056,1.0,1.0,
2023-02-06 03:00:00,강력한 반전 (BB 찢고 복귀),22911.5,22883.834721053056,1.5,1.0,
2023-02-06 05:30:00,역추세 반등 (BB 하단),22730.5,22743.262335292937,1.0,1.0,
2023-02-06 05:45:00,역추세 반등 (BB 하단),22770.5,22728.683712103408,1.0,1.0,
2023-02-06 05:45:00,강력한 반전 (BB 찢고 복귀),22770.5,22728.683712103408,1.5,1.0,
2023-02-06 11:30:00,역추세 반등 (BB 하단),22789.5,22760.382835247387,1.0,1.0,
2023-02-06 11:30:00,강력한 반전 (BB 찢고 복귀),22789.5,22760.382835247387,1.5,1.0,
2023-02-06 15:45:00,추세확정 (BB 상단 돌파),23049.5,,2.0,1.0,22977.77874160487
2023-02-06 22:15:00,역추세 반등 (BB 하단),22890.0,22887.441433953063,1.0,1.0,
2023-02-06 22:15:00,강력한 반전 (BB 찢고 복귀),22890.0,22887.441433953063,1.5,1.0,
2023-02-06 23:30:00,역추세 반등 (BB 하단),22758.0,22733.677433856425,1.0,1.0,
2023-02-06 23:30:00,강력한 반전 (BB 찢고 복귀),22758.0,22733.677433856425,1.5,1.0,
2023-02-07 06:15:00,추세확정 (BB 상단 돌파),22967.0,,2.0,1.0,22957.643839049648
2023-02-07 09:45:00,추세확정 (BB 상단 돌파),23007.5,,2.0,1.0,22988.92227597303
2023-02-07 14:30:00,강력한 반전 (BB 찢고 복귀),23007.0,22952.378369885446,1.5,1.0,
2023-02-07 15:30:00,역추세 반등 (BB 하단),22942.0,22922.92571503479,1.0,1.0,
2023-02-07 15:30:00,강력한 반전 (BB 찢고 복귀),22942.0,22922.92571503479,1.5,1.0,
2023-02-07 16:00:00,역추세 반등 (BB 하단),22922.0,22902.78758414678,1.0,1.0,
2023-02-07 16:00:00,강력한 반전 (BB 찢고 복귀),22922.0,22902.78758414678,1.5,1.0,
2023-02-07 16:15:00,강력한 반전 (BB 찢고 복귀),22933.5,22898.826144074974,1.5,1.0,
2023-02-07 17:30:00,강력한 반전 (BB 찢고 복귀),22997.5,22886.680278369084,1.5,1.0,
2023-02-07 17:45:00,추세확정 (BB 상단 돌파),23284.0,,2.0,1.0,23134.673745690867
2023-02-07 18:30:00,강력한 반전 (BB 찢고 복귀),22889.5,22760.858741023705,1.5,1.0,
2023-02-08 01:00:00,추세확정 (BB 상단 돌파),23378.5,,2.0,1.0,23339.735366543995
2023-02-08 06:00:00,강력한 반전 (BB 찢고 복귀),23229.5,23196.37560774288,1.5,1.0,
2023-02-08 08:30:00,강력한 반전 (BB 찢고 복귀),23208.0,23175.503659816113,1.5,1.0,
2023-02-08 09:45:00,강력한 반전 (BB 찢고 복귀),23203.5,23182.810484272315,1.5,1.0,
2023-02-08 10:15:00,역추세 반등 (BB 하단),23172.0,23169.392471578944,1.0,1.0,
2023-02-08 10:15:00,강력한 반전 (BB 찢고 복귀),23172.0,23169.392471578944,1.5,1.0,
2023-02-08 10:45:00,역추세 반등 (BB 하단),23157.5,23152.020879390093,1.0,1.0,
2023-02-08 10:45:00,강력한 반전 (BB 찢고 복귀),23157.5,23152.020879390093,1.5,1.0,
2023-02-08 11:00:00,강력한 반전 (BB 찢고 복귀),23164.5,23148.224378321116,1.5,1.0,
2023-02-08 13:30:00,역추세 반등 (BB 하단),23128.0,23091.13867971952,1.0,1.0,
2023-02-08 13:30:00,강력한 반전 (BB 찢고 복귀),23128.0,23091.13867971952,1.5,1.0,
2023-02-08 14:30:00,강력한 반전 (BB 찢고 복귀),23115.5,23061.529671808647,1.5,1.0,
2023-02-08 15:15:00,역추세 반등 (BB 하단),22959.5,22978.579733891173,1.0,1.0,
2023-02-08 16:30:00,강력한 반전 (BB 찢고 복귀),22873.0,22787.491357689214,1.5,1.0,
2023-02-09 02:15:00,역추세 반등 (BB 하단),22926.0,22890.922813893296,1.0,1.0,
2023-02-09 02:15:00,강력한 반전 (BB 찢고 복귀),22926.0,22890.922813893296,1.5,1.0,
2023-02-09 03:30:00,역추세 반등 (BB 하단),22544.0,22575.852173735642,1.0,1.0,
2023-02-09 04:00:00,강력한 반전 (BB 찢고 복귀),22526.5,22470.203472992445,1.5,1.0,
2023-02-09 08:15:00,추세확정 (BB 상단 돌파),22736.5,,2.0,1.0,22735.472563868167
2023-02-09 12:30:00,역추세 반등 (BB 하단),22664.5,22636.220782894994,1.0,1.0,
2023-02-09 12:30:00,강력한 반전 (BB 찢고 복귀),22664.5,22636.220782894994,1.5,1.0,
2023-02-09 14:15:00,추세확정 (BB 상단 돌파),22751.5,,2.0,1.0,22748.932233496667
2023-02-09 15:45:00,역추세 반등 (BB 하단),22599.5,22586.718232418676,1.0,1.0,
2023-02-09 15:45:00,강력한 반전 (BB 찢고 복귀),22599.5,22586.718232418676,1.5,1.0,
2023-02-09 16:00:00,강력한 반전 (BB 찢고 복귀),22605.5,22579.21891716511,1.5,1.0,
2023-02-09 17:00:00,역추세 반등 (BB 하단),22579.0,22505.35995532523,1.0,1.0,
2023-02-09 17:00:00,강력한 반전 (BB 찢고 복귀),22579.0,22505.35995532523,1.5,1.0,
2023-02-09 17:45:00,강력한 반전 (BB 찢고 복귀),22536.0,22469.156714056327,1.5,1.0,
2023-02-09 19:45:00,역추세 반등 (BB 하단),22034.5,22116.10478900232,1.0,1.0,
2023-02-09 20:15:00,역추세 반등 (BB 하단),21929.5,21923.606727255705,1.0,1.0,
2023-02-09 20:15:00,강력한 반전 (BB 찢고 복귀),21929.5,21923.606727255705,1.5,1.0,
2023-02-09 20:30:00,강력한 반전 (BB 찢고 복귀),22047.0,21877.958083853133,1.5,1.0,
2023-02-10 04:15:00,역추세 반등 (BB 하단),21820.0,21776.856517693242,1.0,1.0,
2023-02-10 04:15:00,강력한 반전 (BB 찢고 복귀),21820.0,21776.856517693242,1.5,1.0,
2023-02-10 05:00:00,강력한 반전 (BB 찢고 복귀),21817.0,21766.85376138823,1.5,1.0,
2023-02-10 05:30:00,강력한 반전 (BB 찢고 복귀),21835.5,21751.80122507436,1.5,1.0,
2023-02-10 12:00:00,역추세 반등 (BB 하단),21766.6,21738.607269594107,1.0,1.0,
2023-02-10 12:00:00,강력한 반전 (BB 찢고 복귀),21766.6,21738.607269594107,1.5,1.0,
2023-02-10 12:30:00,강력한 반전 (BB 찢고 복귀),21770.1,21720.698984099457,1.5,1.0,
2023-02-10 15:00:00,추세확정 (BB 상단 돌파),21871.8,,2.0,1.0,21871.26627047558
2023-02-10 16:00:00,역추세 반등 (BB 하단),21679.5,21663.97019491886,1.0,1.0,
2023-02-10 16:00:00,강력한 반전 (BB 찢고 복귀),21679.5,21663.97019491886,1.5,1.0,
2023-02-10 21:45:00,역추세 반등 (BB 하단),21524.5,21523.463869417992,1.0,1.0,
2023-02-10 21:45:00,강력한 반전 (BB 찢고 복귀),21524.5,21523.463869417992,1.5,1.0,
2023-02-10 22:00:00,강력한 반전 (BB 찢고 복귀),21606.9,21523.576887703846,1.5,1.0,
2023-02-10 22:30:00,강력한 반전 (BB 찢고 복귀),21599.1,21514.687301442686,1.5,1.0,
2023-02-11 07:30:00,강력한 반전 (BB 찢고 복귀),21667.4,21638.73986558314,1.5,1.0,
2023-02-11 08:00:00,추세확정 (BB 상단 돌파),21695.1,,2.0,1.0,21694.03893709236
2023-02-11 08:30:00,추세확정 (BB 상단 돌파),21698.5,,2.0,1.0,21698.265944874685
2023-02-11 12:00:00,추세확정 (BB 상단 돌파),21721.6,,2.0,1.0,21711.42535314613
2023-02-11 13:15:00,추세확정 (BB 상단 돌파),21727.3,,2.0,1.0,21726.271535186686
2023-02-11 18:45:00,역추세 반등 (BB 하단),21644.9,21641.82367243052,1.0,1.0,
2023-02-11 18:45:00,강력한 반전 (BB 찢고 복귀),21644.9,21641.82367243052,1.5,1.0,
2023-02-11 21:45:00,추세확정 (BB 상단 돌파),21814.0,,2.0,1.0,21756.991573332656
2023-02-12 08:30:00,추세확정 (BB 상단 돌파),21841.5,,2.0,1.0,21822.51297560828
2023-02-12 09:15:00,추세확정 (BB 상단 돌파),21854.9,,2.0,1.0,21839.478245592265
2023-02-12 09:45:00,추세확정 (BB 상단 돌파),21895.3,,2.0,1.0,21865.879556207732
2023-02-12 14:30:00,추세확정 (BB 상단 돌파),21936.0,,2.0,1.0,21924.142863881305
2023-02-12 16:30:00,추세확정 (BB 상단 돌파),22029.2,,2.0,1.0,22002.352164772226
2023-02-12 22:15:00,역추세 반등 (BB 하단),21786.9,21736.747698988744,1.0,1.0,
2023-02-12 22:15:00,강력한 반전 (BB 찢고 복귀),21786.9,21736.747698988744,1.5,1.0,
2023-02-13 02:30:00,역추세 반등 (BB 하단),21728.4,21671.266479542595,1.0,1.0,
2023-02-13 02:30:00,강력한 반전 (BB 찢고 복귀),21728.4,21671.266479542595,1.5,1.0,
2023-02-13 08:45:00,역추세 반등 (BB 하단),21715.9,21731.749896517045,1.0,1.0,
2023-02-13 09:30:00,역추세 반등 (BB 하단),21595.1,21592.83121584651,1.0,1.0,
2023-02-13 09:30:00,강력한 반전 (BB 찢고 복귀),21595.1,21592.83121584651,1.5,1.0,
2023-02-13 16:00:00,강력한 반전 (BB 찢고 복귀),21630.4,21554.614351859316,1.5,1.0,
2023-02-13 17:45:00,강력한 반전 (BB 찢고 복귀),21456.6,21435.85449224944,1.5,1.0,
2023-02-13 23:00:00,추세확정 (BB 상단 돌파),21698.9,,2.0,1.0,21680.23273939636
2023-02-14 06:00:00,추세확정 (BB 상단 돌파),21749.0,,2.0,1.0,21741.912069413356
2023-02-14 07:30:00,추세확정 (BB 상단 돌파),21767.8,,2.0,1.0,21763.929234951866
2023-02-14 09:00:00,강력한 반전 (BB 찢고 복귀),21696.2,21677.857772335436,1.5,1.0,
2023-02-14 09:45:00,추세확정 (BB 상단 돌파),21812.0,,2.0,1.0,21788.004381874045
2023-02-14 13:45:00,강력한 반전 (BB 찢고 복귀),21713.7,21688.998233962917,1.5,1.0,
2023-02-14 14:30:00,역추세 반등 (BB 하단),21709.7,21642.32966163824,1.0,1.0,
2023-02-14 14:30:00,강력한 반전 (BB 찢고 복귀),21709.7,21642.32966163824,1.5,1.0,
2023-02-14 14:45:00,추세확정 (BB 상단 돌파),22233.4,,2.0,1.0,22045.006657452446
2023-02-15 00:15:00,강력한 반전 (BB 찢고 복귀),22163.3,22145.75626352347,1.5,1.0,
2023-02-15 00:45:00,역추세 반등 (BB 하단),22133.9,22122.455825893267,1.0,1.0,
2023-02-15 00:45:00,강력한 반전 (BB 찢고 복귀),22133.9,22122.455825893267,1.5,1.0,
2023-02-15 02:00:00,강력한 반전 (BB 찢고 복귀),22097.5,22080.275098401293,1.5,1.0,
2023-02-15 09:45:00,추세확정 (BB 상단 돌파),22158.0,,2.0,1.0,22155.2520413382
2023-02-15 10:30:00,추세확정 (BB 상단 돌파),22206.0,,2.0,1.0,22182.615667214202
2023-02-15 11:30:00,추세확정 (BB 상단 돌파),22440.7,,2.0,1.0,22316.718163979163
2023-02-15 18:30:00,추세확정 (BB 상단 돌파),22937.9,,2.0,1.0,22906.63398978055
2023-02-16 07:00:00,역추세 반등 (BB 하단),24629.5,24605.786178011942,1.0,1.0,
2023-02-16 07:00:00,강력한 반전 (BB 찢고 복귀),24629.5,24605.786178011942,1.5,1.0,
2023-02-16 07:45:00,역추세 반등 (BB 하단),24626.2,24566.163852456873,1.0,1.0,
2023-02-16 07:45:00,강력한 반전 (BB 찢고 복귀),24626.2,24566.163852456873,1.5,1.0,
2023-02-16 11:45:00,역추세 반등 (BB 하단),24585.0,24536.953512183012,1.0,1.0,
2023-02-16 11:45:00,강력한 반전 (BB 찢고 복귀),24585.0,24536.953512183012,1.5,1.0,
2023-02-16 12:15:00,역추세 반등 (BB 하단),24531.0,24503.882745311577,1.0,1.0,
2023-02-16 12:15:00,강력한 반전 (BB 찢고 복귀),24531.0,24503.882745311577,1.5,1.0,
2023-02-16 14:00:00,역추세 반등 (BB 하단),24468.7,24456.920133527503,1.0,1.0,
2023-02-16 14:00:00,강력한 반전 (BB 찢고 복귀),24468.7,24456.920133527503,1.5,1.0,
2023-02-16 14:45:00,역추세 반등 (BB 하단),24450.1,24387.13432468745,1.0,1.0,
2023-02-16 14:45:00,강력한 반전 (BB 찢고 복귀),24450.1,24387.13432468745,1.5,1.0,
2023-02-16 15:30:00,추세확정 (BB 상단 돌파),24800.7,,2.0,1.0,24727.360166925075
2023-02-16 20:30:00,역추세 반등 (BB 하단),24558.1,24579.208841280873,1.0,1.0,
2023-02-16 20:45:00,역추세 반등 (BB 하단),24574.8,24548.36980602827,1.0,1.0,
2023-02-16 20:45:00,강력한 반전 (BB 찢고 복귀),24574.8,24548.36980602827,1.5,1.0,
2023-02-16 23:00:00,역추세 반등 (BB 하단),24079.9,23986.40278519597,1.0,1.0,
2023-02-16 23:00:00,강력한 반전 (BB 찢고 복귀),24079.9,23986.40278519597,1.5,1.0,
2023-02-17 00:00:00,역추세 반등 (BB 하단),23536.4,23494.521865936338,1.0,1.0,
2023-02-17 00:00:00,강력한 반전 (BB 찢고 복귀),23536.4,23494.521865936338,1.5,1.0,
2023-02-17 05:30:00,강력한 반전 (BB 찢고 복귀),23759.4,23703.121776704735,1.5,1.0,
2023-02-17 06:00:00,강력한 반전 (BB 찢고 복귀),23746.3,23701.15306095507,1.5,1.0,
2023-02-17 06:45:00,역추세 반등 (BB 하단),23668.8,23657.71175960255,1.0,1.0,
2023-02-17 06:45:00,강력한 반전 (BB 찢고 복귀),23668.8,23657.71175960255,1.5,1.0,
2023-02-17 07:00:00,강력한 반전 (BB 찢고 복귀),23753.4,23655.360286417206,1.5,1.0,
2023-02-17 08:00:00,강력한 반전 (BB 찢고 복귀),23674.9,23624.653520504075,1.5,1.0,
2023-02-17 08:30:00,강력한 반전 (BB 찢고 복귀),23659.5,23608.047329898658,1.5,1.0,
2023-02-17 12:30:00,추세확정 (BB 상단 돌파),23903.1,,2.0,1.0,23894.86056054961
2023-02-17 14:30:00,추세확정 (BB 상단 돌파),24216.5,,2.0,1.0,24037.298907445114
2023-02-17 15:30:00,추세확정 (BB 상단 돌파),24144.7,,2.0,1.0,24138.99536747841
2023-02-17 16:00:00,추세확정 (BB 상단 돌파),24269.7,,2.0,1.0,24234.953263174528
2023-02-17 17:00:00,추세확정 (BB 상단 돌파),24358.9,,2.0,1.0,24339.557308656833
2023-02-17 20:00:00,추세확정 (BB 상단 돌파),24975.1,,2.0,1.0,24742.23501787415
2023-02-18 07:30:00,강력한 반전 (BB 찢고 복귀),24562.5,24539.79650078192,1.5,1.0,
2023-02-18 08:15:00,역추세 반등 (BB 하단),24558.0,24513.2098899808,1.0,1.0,
2023-02-18 08:15:00,강력한 반전 (BB 찢고 복귀),24558.0,24513.2098899808,1.5,1.0,
2023-02-18 11:00:00,강력한 반전 (BB 찢고 복귀),24493.6,24454.00296743654,1.5,1.0,
2023-02-18 14:45:00,추세확정 (BB 상단 돌파),24700.1,,2.0,1.0,24683.71088165575
2023-02-18 18:00:00,추세확정 (BB 상단 돌파),24819.8,,2.0,1.0,24771.538435330203
2023-02-18 19:45:00,강력한 반전 (BB 찢고 복귀),24607.0,24580.677351173137,1.5,1.0,
2023-02-19 00:15:00,추세확정 (BB 상단 돌파),24735.6,,2.0,1.0,24696.497060918333
2023-02-19 05:15:00,추세확정 (BB 상단 돌파),24827.5,,2.0,1.0,24788.69231341125
2023-02-19 08:00:00,역추세 반등 (BB 하단),24612.0,24566.801622238243,1.0,1.0,
2023-02-19 14:45:00,추세확정 (BB 상단 돌파),24754.3,,2.0,1.0,24752.808520409526
2023-02-20 00:00:00,역추세 반등 (BB 하단),24377.9,24295.59549884068,1.0,1.0,
2023-02-20 00:00:00,강력한 반전 (BB 찢고 복귀),24377.9,24295.59549884068,1.5,1.0,
2023-02-20 01:15:00,역추세 반등 (BB 하단),24005.7,24001.238386803485,1.0,1.0,
2023-02-20 01:15:00,강력한 반전 (BB 찢고 복귀),24005.7,24001.238386803485,1.5,1.0,
2023-02-20 08:30:00,강력한 반전 (BB 찢고 복귀),24475.0,24424.19880346002,1.5,1.0,
2023-02-20 09:15:00,강력한 반전 (BB 찢고 복귀),24526.7,24425.067306149565,1.5,1.0,
2023-02-20 09:30:00,추세확정 (BB 상단 돌파),24779.1,,2.0,1.0,24638.958115036454
2023-02-20 14:30:00,강력한 반전 (BB 찢고 복귀),24874.9,24801.382142602168,1.5,1.0,
2023-02-20 14:45:00,추세확정 (BB 상단 돌파),24978.6,,2.0,1.0,24971.999425934417
2023-02-20 15:30:00,추세확정 (BB 상단 돌파),25005.8,,2.0,1.0,24986.241697892438
2023-02-20 16:30:00,강력한 반전 (BB 찢고 복귀),24799.9,24764.631468000258,1.5,1.0,
2023-02-20 18:00:00,강력한 반전 (BB 찢고 복귀),24819.2,24763.83548357446,1.5,1.0,
2023-02-20 20:45:00,강력한 반전 (BB 찢고 복귀),24815.1,24779.670010852442,1.5,1.0,
2023-02-20 21:30:00,강력한 반전 (BB 찢고 복귀),24834.7,24779.020688966673,1.5,1.0,
2023-02-20 22:00:00,강력한 반전 (BB 찢고 복귀),24776.0,24765.569210664125,1.5,1.0,
2023-02-20 22:30:00,역추세 반등 (BB 하단),24713.4,24717.270725207418,1.0,1.0,
2023-02-20 23:00:00,강력한 반전 (BB 찢고 복귀),24828.0,24700.598664256144,1.5,1.0,
2023-02-21 00:30:00,추세확정 (BB 상단 돌파),24922.5,,2.0,1.0,24915.24073110078
2023-02-21 02:30:00,추세확정 (BB 상단 돌파),25090.0,,2.0,1.0,25017.648559438196
2023-02-21 09:15:00,역추세 반등 (BB 하단),24721.6,24685.445284346835,1.0,1.0,
2023-02-21 09:15:00,강력한 반전 (BB 찢고 복귀),24721.6,24685.445284346835,1.5,1.0,
2023-02-21 12:00:00,강력한 반전 (BB 찢고 복귀),24613.6,24493.90929724073,1.5,1.0,
2023-02-21 15:30:00,역추세 반등 (BB 하단),24591.9,24518.325681966606,1.0,1.0,
2023-02-21 15:30:00,강력한 반전 (BB 찢고 복귀),24591.9,24518.325681966606,1.5,1.0,
2023-02-21 16:30:00,역추세 반등 (BB 하단),24412.6,24407.672559825285,1.0,1.0,
2023-02-21 16:30:00,강력한 반전 (BB 찢고 복귀),24412.6,24407.672559825285,1.5,1.0,
2023-02-21 21:30:00,역추세 반등 (BB 하단),24282.5,24241.28913309595,1.0,1.0,
2023-02-21 21:30:00,강력한 반전 (BB 찢고 복귀),24282.5,24241.28913309595,1.5,1.0,
2023-02-21 22:00:00,강력한 반전 (BB 찢고 복귀),24256.7,24179.22033022975,1.5,1.0,
2023-02-22 02:30:00,역추세 반등 (BB 하단),24143.8,24056.697900066913,1.0,1.0,
2023-02-22 02:30:00,강력한 반전 (BB 찢고 복귀),24143.8,24056.697900066913,1.5,1.0,
2023-02-22 07:00:00,강력한 반전 (BB 찢고 복귀),24000.2,23934.723486540617,1.5,1.0,
2023-02-22 08:45:00,역추세 반등 (BB 하단),23964.3,23881.90222154052,1.0,1.0,
2023-02-22 08:45:00,강력한 반전 (BB 찢고 복귀),23964.3,23881.90222154052,1.5,1.0,
2023-02-22 14:30:00,역추세 반등 (BB 하단),24041.0,23982.38065319153,1.0,1.0,
2023-02-22 14:30:00,강력한 반전 (BB 찢고 복귀),24041.0,23982.38065319153,1.5,1.0,
2023-02-22 22:15:00,추세확정 (BB 상단 돌파),23983.0,,2.0,1.0,23908.237154901544
2023-02-23 02:30:00,추세확정 (BB 상단 돌파),24539.6,,2.0,1.0,24437.074791923158
2023-02-23 10:15:00,역추세 반등 (BB 하단),24317.2,24286.02722098727,1.0,1.0,
2023-02-23 10:15:00,강력한 반전 (BB 찢고 복귀),24317.2,24286.02722098727,1.5,1.0,
2023-02-23 12:15:00,역추세 반등 (BB 하단),23821.6,23704.197630611932,1.0,1.0,
2023-02-23 17:00:00,강력한 반전 (BB 찢고 복귀),23844.5,23748.268249134886,1.5,1.0,
2023-02-23 22:15:00,강력한 반전 (BB 찢고 복귀),23842.0,23760.89552666154,1.5,1.0,
2023-02-24 01:00:00,추세확정 (BB 상단 돌파),24087.4,,2.0,1.0,24067.452578650933
2023-02-24 05:15:00,강력한 반전 (BB 찢고 복귀),23915.6,23869.277427231445,1.5,1.0,
2023-02-24 06:15:00,역추세 반등 (BB 하단),23867.4,23828.635140840448,1.0,1.0,
2023-02-24 06:15:00,강력한 반전 (BB 찢고 복귀),23867.4,23828.635140840448,1.5,1.0,
2023-02-24 07:30:00,역추세 반등 (BB 하단),23850.3,23799.596681673822,1.0,1.0,
2023-02-24 07:30:00,강력한 반전 (BB 찢고 복귀),23850.3,23799.596681673822,1.5,1.0,
2023-02-24 08:15:00,역추세 반등 (BB 하단),23851.0,23767.212759066668,1.0,1.0,
2023-02-24 08:15:00,강력한 반전 (BB 찢고 복귀),23851.0,23767.212759066668,1.5,1.0,
2023-02-24 13:45:00,역추세 반등 (BB 하단),23777.9,23779.01434312049,1.0,1.0,
2023-02-24 14:15:00,역추세 반등 (BB 하단),23733.5,23733.996649066616,1.0,1.0,
2023-02-24 14:30:00,역추세 반등 (BB 하단),23790.0,23728.822593485707,1.0,1.0,
2023-02-24 14:30:00,강력한 반전 (BB 찢고 복귀),23790.0,23728.822593485707,1.5,1.0,
2023-02-24 16:15:00,역추세 반등 (BB 하단),23135.1,23190.27993820038,1.0,1.0,
2023-02-24 16:30:00,역추세 반등 (BB 하단),23235.1,23125.00869172046,1.0,1.0,
2023-02-24 16:30:00,강력한 반전 (BB 찢고 복귀),23235.1,23125.00869172046,1.5,1.0,
2023-02-25 02:45:00,강력한 반전 (BB 찢고 복귀),23082.6,23053.2180430906,1.5,1.0,
2023-02-25 03:00:00,강력한 반전 (BB 찢고 복귀),23091.9,23049.22852427174,1.5,1.0,
2023-02-25 08:00:00,추세확정 (BB 상단 돌파),23142.0,,2.0,1.0,23131.36395252051
2023-02-25 09:45:00,강력한 반전 (BB 찢고 복귀),23058.2,23021.3904164385,1.5,1.0,
2023-02-25 11:00:00,역추세 반등 (BB 하단),22982.1,22943.89021766216,1.0,1.0,
2023-02-25 11:00:00,강력한 반전 (BB 찢고 복귀),22982.1,22943.89021766216,1.5,1.0,
2023-02-25 11:15:00,강력한 반전 (BB 찢고 복귀),23006.8,22938.247894489938,1.5,1.0,
2023-02-25 12:45:00,강력한 반전 (BB 찢고 복귀),23017.1,22880.163366954414,1.5,1.0,
2023-02-25 19:30:00,역추세 반등 (BB 하단),22942.9,22945.726781686768,1.0,1.0,
2023-02-25 19:45:00,역추세 반등 (BB 하단),22985.5,22944.43107712345,1.0,1.0,
2023-02-25 19:45:00,강력한 반전 (BB 찢고 복귀),22985.5,22944.43107712345,1.5,1.0,
2023-02-25 20:45:00,역추세 반등 (BB 하단),22930.0,22895.64464057738,1.0,1.0,
2023-02-25 20:45:00,강력한 반전 (BB 찢고 복귀),22930.0,22895.64464057738,1.5,1.0,
2023-02-25 21:15:00,강력한 반전 (BB 찢고 복귀),22930.0,22880.68915427142,1.5,1.0,
2023-02-25 22:45:00,추세확정 (BB 상단 돌파),23121.5,,2.0,1.0,23104.27365950498
2023-02-25 23:15:00,추세확정 (BB 상단 돌파),23177.9,,2.0,1.0,23151.158550739816
2023-02-26 02:45:00,추세확정 (BB 상단 돌파),23238.5,,2.0,1.0,23213.619682642187
2023-02-26 09:15:00,추세확정 (BB 상단 돌파),23222.1,,2.0,1.0,23210.732931937684
2023-02-26 18:30:00,추세확정 (BB 상단 돌파),23424.9,,2.0,1.0,23332.842028191375
2023-02-27 06:00:00,역추세 반등 (BB 하단),23411.2,23395.281171529507,1.0,1.0,
2023-02-27 06:00:00,강력한 반전 (BB 찢고 복귀),23411.2,23395.281171529507,1.5,1.0,
2023-02-27 06:30:00,강력한 반전 (BB 찢고 복귀),23390.1,23364.34350791803,1.5,1.0,
2023-02-27 09:00:00,강력한 반전 (BB 찢고 복귀),23377.0,23332.939444229112,1.5,1.0,
2023-02-27 13:15:00,추세확정 (BB 상단 돌파),23549.9,,2.0,1.0,23483.073461143147
2023-02-27 16:30:00,강력한 반전 (BB 찢고 복귀),23394.2,23197.15272224127,1.5,1.0,
2023-02-27 22:45:00,추세확정 (BB 상단 돌파),23470.0,,2.0,1.0,23451.36154826851
2023-02-27 23:30:00,추세확정 (BB 상단 돌파),23529.9,,2.0,1.0,23523.650219852763
2023-02-28 08:00:00,역추세 반등 (BB 하단),23264.1,23255.935614407168,1.0,1.0,
2023-02-28 08:00:00,강력한 반전 (BB 찢고 복귀),23264.1,23255.935614407168,1.5,1.0,
2023-02-28 08:15:00,강력한 반전 (BB 찢고 복귀),23282.5,23245.85865487077,1.5,1.0,
2023-02-28 12:00:00,추세확정 (BB 상단 돌파),23423.4,,2.0,1.0,23415.98239599737
2023-02-28 19:30:00,역추세 반등 (BB 하단),23268.7,23300.98123453987,1.0,1.0,
2023-02-28 20:00:00,역추세 반등 (BB 하단),23293.4,23249.14401759636,1.0,1.0,
2023-02-28 20:00:00,강력한 반전 (BB 찢고 복귀),23293.4,23249.14401759636,1.5,1.0,
2023-02-28 21:45:00,강력한 반전 (BB 찢고 복귀),23131.3,23047.18602466169,1.5,1.0,
2023-03-01 02:30:00,추세확정 (BB 상단 돌파),23285.1,,2.0,1.0,23281.217812370756
2023-03-01 04:45:00,추세확정 (BB 상단 돌파),23778.7,,2.0,1.0,23649.676065326945
2023-03-01 13:30:00,역추세 반등 (BB 하단),23658.5,23636.401050336728,1.0,1.0,
2023-03-01 13:30:00,강력한 반전 (BB 찢고 복귀),23658.5,23636.401050336728,1.5,1.0,
2023-03-01 14:30:00,강력한 반전 (BB 찢고 복귀),23710.8,23641.1646749477,1.5,1.0,
2023-03-01 15:15:00,강력한 반전 (BB 찢고 복귀),23679.1,23623.18204103382,1.5,1.0,
2023-03-01 16:15:00,역추세 반등 (BB 하단),23617.4,23600.05329968643,1.0,1.0,
2023-03-01 16:15:00,강력한 반전 (BB 찢고 복귀),23617.4,23600.05329968643,1.5,1.0,
2023-03-01 20:00:00,역추세 반등 (BB 하단),23428.3,23456.726443097516,1.0,1.0,
2023-03-01 20:30:00,역추세 반등 (BB 하단),23426.1,23386.794792657278,1.0,1.0,
2023-03-01 20:30:00,강력한 반전 (BB 찢고 복귀),23426.1,23386.794792657278,1.5,1.0,
2023-03-02 06:15:00,역추세 반등 (BB 하단),23463.9,23428.369725686378,1.0,1.0,
2023-03-02 06:15:00,강력한 반전 (BB 찢고 복귀),23463.9,23428.369725686378,1.5,1.0,
2023-03-02 07:00:00,강력한 반전 (BB 찢고 복귀),23437.4,23413.708861726234,1.5,1.0,
2023-03-02 07:30:00,역추세 반등 (BB 하단),23414.5,23391.33612030507,1.0,1.0,
2023-03-02 07:30:00,강력한 반전 (BB 찢고 복귀),23414.5,23391.33612030507,1.5,1.0,
2023-03-02 08:00:00,강력한 반전 (BB 찢고 복귀),23389.9,23369.471467614752,1.5,1.0,
2023-03-02 08:30:00,강력한 반전 (BB 찢고 복귀),23458.5,23364.11129115397,1.5,1.0,
2023-03-02 12:45:00,강력한 반전 (BB 찢고 복귀),23352.4,23328.613436801985,1.5,1.0,
2023-03-02 13:15:00,역추세 반등 (BB 하단),23363.4,23300.369862705178,1.0,1.0,
2023-03-02 13:15:00,강력한 반전 (BB 찢고 복귀),23363.4,23300.369862705178,1.5,1.0,
2023-03-02 14:15:00,역추세 반등 (BB 하단),23298.0,23264.50898115831,1.0,1.0,
2023-03-02 14:15:00,강력한 반전 (BB 찢고 복귀),23298.0,23264.50898115831,1.5,1.0,
2023-03-02 14:45:00,강력한 반전 (BB 찢고 복귀),23307.0,23249.13143291604,1.5,1.0,
2023-03-02 17:15:00,강력한 반전 (BB 찢고 복귀),23295.4,23239.060573031067,1.5,1.0,
2023-03-02 18:30:00,추세확정 (BB 상단 돌파),23382.3,,2.0,1.0,23374.2229384406
2023-03-02 19:15:00,추세확정 (BB 상단 돌파),23470.0,,2.0,1.0,23448.506298361892
2023-03-03 02:00:00,역추세 반등 (BB 하단),22283.4,22345.254962733743,1.0,1.0,
2023-03-03 02:15:00,역추세 반등 (BB 하단),22402.7,22224.98903368057,1.0,1.0,
2023-03-03 08:45:00,추세확정 (BB 상단 돌파),22420.2,,2.0,1.0,22408.79640446072
2023-03-03 13:45:00,강력한 반전 (BB 찢고 복귀),22394.0,22301.389946420983,1.5,1.0,
2023-03-03 15:00:00,강력한 반전 (BB 찢고 복귀),22396.7,22299.881252509756,1.5,1.0,
2023-03-03 19:00:00,역추세 반등 (BB 하단),22320.9,22296.81715930212,1.0,1.0,
2023-03-03 19:00:00,강력한 반전 (BB 찢고 복귀),22320.9,22296.81715930212,1.5,1.0,
2023-03-03 21:15:00,역추세 반등 (BB 하단),22276.9,22248.272890359407,1.0,1.0,
2023-03-03 21:15:00,강력한 반전 (BB 찢고 복귀),22276.9,22248.272890359407,1.5,1.0,
2023-03-04 05:45:00,역추세 반등 (BB 하단),22317.4,22304.035933107858,1.0,1.0,
2023-03-04 05:45:00,강력한 반전 (BB 찢고 복귀),22317.4,22304.035933107858,1.5,1.0,
2023-03-04 06:00:00,강력한 반전 (BB 찢고 복귀),22343.0,22306.06570428398,1.5,1.0,
2023-03-04 06:15:00,추세확정 (BB 상단 돌파),22377.2,,2.0,1.0,22367.793810879215
2023-03-04 12:45:00,추세확정 (BB 상단 돌파),22372.9,,2.0,1.0,22362.623309702798
2023-03-04 16:00:00,역추세 반등 (BB 하단),22306.4,22305.283891018644,1.0,1.0,
2023-03-04 16:00:00,강력한 반전 (BB 찢고 복귀),22306.4,22305.283891018644,1.5,1.0,
2023-03-04 18:00:00,강력한 반전 (BB 찢고 복귀),22303.3,22287.546098970295,1.5,1.0,
2023-03-04 18:15:00,강력한 반전 (BB 찢고 복귀),22311.4,22289.05408509432,1.5,1.0,
2023-03-04 20:15:00,역추세 반등 (BB 하단),22226.4,22221.433426323427,1.0,1.0,
2023-03-04 20:15:00,강력한 반전 (BB 찢고 복귀),22226.4,22221.433426323427,1.5,1.0,
2023-03-04 20:45:00,역추세 반등 (BB 하단),22247.4,22198.256691703034,1.0,1.0,
2023-03-04 20:45:00,강력한 반전 (BB 찢고 복귀),22247.4,22198.256691703034,1.5,1.0,
2023-03-04 21:45:00,강력한 반전 (BB 찢고 복귀),22204.8,22162.02026237977,1.5,1.0,
2023-03-05 01:15:00,추세확정 (BB 상단 돌파),22546.9,,2.0,1.0,22466.465990695615
2023-03-05 09:00:00,역추세 반등 (BB 하단),22359.5,22334.365236442587,1.0,1.0,
2023-03-05 09:00:00,강력한 반전 (BB 찢고 복귀),22359.5,22334.365236442587,1.5,1.0,
2023-03-05 13:45:00,추세확정 (BB 상단 돌파),22457.3,,2.0,1.0,22448.840275362934
2023-03-05 19:30:00,역추세 반등 (BB 하단),22384.1,22389.142610298724,1.0,1.0,
2023-03-05 19:45:00,역추세 반등 (BB 하단),22393.8,22385.40806878993,1.0,1.0,
2023-03-05 19:45:00,강력한 반전 (BB 찢고 복귀),22393.8,22385.40806878993,1.5,1.0,
2023-03-05 21:00:00,추세확정 (BB 상단 돌파),22488.4,,2.0,1.0,22465.516650645557
2023-03-05 21:45:00,역추세 반등 (BB 하단),22479.0,22352.440339645673,1.0,1.0,
2023-03-05 21:45:00,강력한 반전 (BB 찢고 복귀),22479.0,22352.440339645673,1.5,1.0,
2023-03-06 01:15:00,강력한 반전 (BB 찢고 복귀),22443.0,22353.169188681546,1.5,1.0,
2023-03-06 02:15:00,역추세 반등 (BB 하단),22333.1,22325.121411899654,1.0,1.0,
2023-03-06 02:15:00,강력한 반전 (BB 찢고 복귀),22333.1,22325.121411899654,1.5,1.0,
2023-03-06 02:30:00,강력한 반전 (BB 찢고 복귀),22366.3,22327.171170197926,1.5,1.0,
2023-03-06 05:00:00,강력한 반전 (BB 찢고 복귀),22335.6,22303.46374677221,1.5,1.0,
2023-03-06 11:45:00,강력한 반전 (BB 찢고 복귀),22372.1,22360.48602647532,1.5,1.0,
2023-03-06 13:30:00,추세확정 (BB 상단 돌파),22438.7,,2.0,1.0,22419.37457907983
2023-03-06 15:45:00,추세확정 (BB 상단 돌파),22538.9,,2.0,1.0,22495.61600896313
2023-03-06 19:45:00,역추세 반등 (BB 하단),22386.6,22380.81581113195,1.0,1.0,
2023-03-06 19:45:00,강력한 반전 (BB 찢고 복귀),22386.6,22380.81581113195,1.5,1.0,
2023-03-06 21:00:00,강력한 반전 (BB 찢고 복귀),22360.0,22319.928999664222,1.5,1.0,
2023-03-07 01:00:00,추세확정 (BB 상단 돌파),22482.2,,2.0,1.0,22458.67725471878
2023-03-07 07:00:00,강력한 반전 (BB 찢고 복귀),22437.5,22417.11654972901,1.5,1.0,
2023-03-07 08:15:00,역추세 반등 (BB 하단),22403.4,22392.518138014606,1.0,1.0,
2023-03-07 08:15:00,강력한 반전 (BB 찢고 복귀),22403.4,22392.518138014606,1.5,1.0,
2023-03-07 09:45:00,역추세 반등 (BB 하단),22371.8,22360.94385880339,1.0,1.0,
2023-03-07 09:45:00,강력한 반전 (BB 찢고 복귀),22371.8,22360.94385880339,1.5,1.0,
2023-03-07 12:00:00,역추세 반등 (BB 하단),22380.9,22345.43811762317,1.0,1.0,
2023-03-07 12:00:00,강력한 반전 (BB 찢고 복귀),22380.9,22345.43811762317,1.5,1.0,
2023-03-07 14:45:00,역추세 반등 (BB 하단),22300.1,22302.669129797745,1.0,1.0,
2023-03-07 15:15:00,역추세 반등 (BB 하단),22203.2,22165.27530091504,1.0,1.0,
2023-03-07 15:15:00,강력한 반전 (BB 찢고 복귀),22203.2,22165.27530091504,1.5,1.0,
2023-03-07 20:30:00,역추세 반등 (BB 하단),22101.9,22046.51282344327,1.0,1.0,
2023-03-07 20:30:00,강력한 반전 (BB 찢고 복귀),22101.9,22046.51282344327,1.5,1.0,
2023-03-07 21:15:00,역추세 반등 (BB 하단),22013.5,21964.205973790144,1.0,1.0,
2023-03-07 21:15:00,강력한 반전 (BB 찢고 복귀),22013.5,21964.205973790144,1.5,1.0,
2023-03-08 05:45:00,역추세 반등 (BB 하단),21944.2,21963.991214940983,1.0,1.0,
2023-03-08 06:00:00,역추세 반등 (BB 하단),22018.8,21953.681186743823,1.0,1.0,
2023-03-08 06:00:00,강력한 반전 (BB 찢고 복귀),22018.8,21953.681186743823,1.5,1.0,
2023-03-08 10:30:00,추세확정 (BB 상단 돌파),22115.0,,2.0,1.0,22070.074124167928
2023-03-08 14:00:00,강력한 반전 (BB 찢고 복귀),21985.7,21945.76760383126,1.5,1.0,
2023-03-08 15:00:00,추세확정 (BB 상단 돌파),22143.4,,2.0,1.0,22140.896582830428
2023-03-08 15:00:00,강력한 반전 (BB 찢고 복귀),22143.4,21931.333417169568,1.5,1.0,
2023-03-08 21:45:00,강력한 반전 (BB 찢고 복귀),22008.7,21944.357202912506,1.5,1.0,
2023-03-08 23:45:00,역추세 반등 (BB 하단),21702.0,21672.434639071802,1.0,1.0,
2023-03-09 06:45:00,강력한 반전 (BB 찢고 복귀),21735.4,21704.600305166656,1.5,1.0,
2023-03-09 08:30:00,역추세 반등 (BB 하단),21647.7,21646.257538466434,1.0,1.0,
2023-03-09 08:30:00,강력한 반전 (BB 찢고 복귀),21647.7,21646.257538466434,1.5,1.0,
2023-03-09 08:45:00,강력한 반전 (BB 찢고 복귀),21684.0,21644.78114039585,1.5,1.0,
2023-03-09 09:45:00,역추세 반등 (BB 하단),21641.1,21613.293158467033,1.0,1.0,
2023-03-09 09:45:00,강력한 반전 (BB 찢고 복귀),21641.1,21613.293158467033,1.5,1.0,
2023-03-09 10:00:00,강력한 반전 (BB 찢고 복귀),21652.9,21610.970524144905,1.5,1.0,
2023-03-09 10:45:00,강력한 반전 (BB 찢고 복귀),21648.1,21594.157703707715,1.5,1.0,
2023-03-09 13:30:00,역추세 반등 (BB 하단),21646.7,21584.30112885862,1.0,1.0,
2023-03-09 13:30:00,강력한 반전 (BB 찢고 복귀),21646.7,21584.30112885862,1.5,1.0,
2023-03-09 13:45:00,추세확정 (BB 상단 돌파),21712.0,,2.0,1.0,21703.534820471767
2023-03-09 16:00:00,강력한 반전 (BB 찢고 복귀),21639.7,21568.313555521254,1.5,1.0,
2023-03-09 17:15:00,역추세 반등 (BB 하단),21498.6,21450.290471494227,1.0,1.0,
2023-03-09 21:00:00,역추세 반등 (BB 하단),20264.0,20166.827866672935,1.0,1.0,
2023-03-09 21:00:00,강력한 반전 (BB 찢고 복귀),20264.0,20166.827866672935,1.5,1.0,
2023-03-10 01:30:00,강력한 반전 (BB 찢고 복귀),20030.0,19960.664182502267,1.5,1.0,
2023-03-10 05:00:00,역추세 반등 (BB 하단),19875.0,19864.254249905047,1.0,1.0,
2023-03-10 05:00:00,강력한 반전 (BB 찢고 복귀),19875.0,19864.254249905047,1.5,1.0,
2023-03-10 07:15:00,강력한 반전 (BB 찢고 복귀),19931.6,19811.56334378596,1.5,1.0,
2023-03-10 11:00:00,역추세 반등 (BB 하단),19688.7,19665.91074847242,1.0,1.0,
2023-03-10 11:00:00,강력한 반전 (BB 찢고 복귀),19688.7,19665.91074847242,1.5,1.0,
2023-03-10 13:30:00,추세확정 (BB 상단 돌파),20192.7,,2.0,1.0,20101.75459225127
2023-03-10 21:45:00,추세확정 (BB 상단 돌파),20069.0,,2.0,1.0,20047.32187487861
2023-03-11 01:30:00,추세확정 (BB 상단 돌파),20590.0,,2.0,1.0,20464.48970234508
2023-03-11 06:45:00,강력한 반전 (BB 찢고 복귀),20274.0,20234.676962700956,1.5,1.0,
2023-03-11 08:00:00,역추세 반등 (BB 하단),19890.9,19914.86264165261,1.0,1.0,
2023-03-11 08:15:00,역추세 반등 (BB 하단),19951.2,19872.056893853944,1.0,1.0,
2023-03-11 14:30:00,추세확정 (BB 상단 돌파),20163.9,,2.0,1.0,20151.939997999692
2023-03-11 16:30:00,강력한 반전 (BB 찢고 복귀),20057.1,20008.780524845803,1.5,1.0,
2023-03-11 17:45:00,추세확정 (BB 상단 돌파),20242.0,,2.0,1.0,20201.729335802233
2023-03-11 18:15:00,추세확정 (BB 상단 돌파),20261.9,,2.0,1.0,20242.844744865546
2023-03-11 20:30:00,추세확정 (BB 상단 돌파),20391.7,,2.0,1.0,20360.980623980155
2023-03-12 07:45:00,강력한 반전 (BB 찢고 복귀),20333.5,20309.912165645404,1.5,1.0,
2023-03-12 10:30:00,추세확정 (BB 상단 돌파),20419.3,,2.0,1.0,20413.426109149637
2023-03-12 11:15:00,추세확정 (BB 상단 돌파),20444.0,,2.0,1.0,20441.669021502887
2023-03-12 15:00:00,강력한 반전 (BB 찢고 복귀),20385.4,20325.269182423304,1.5,1.0,
2023-03-12 17:15:00,추세확정 (BB 상단 돌파),20627.8,,2.0,1.0,20506.050822717836
2023-03-12 22:15:00,추세확정 (BB 상단 돌파),21791.0,,2.0,1.0,21575.262424486333
2023-03-13 00:30:00,추세확정 (BB 상단 돌파),22453.6,,2.0,1.0,22429.801429760242
2023-03-13 09:00:00,역추세 반등 (BB 하단),22206.1,22201.413479221166,1.0,1.0,
2023-03-13 09:00:00,강력한 반전 (BB 찢고 복귀),22206.1,22201.413479221166,1.5,1.0,
2023-03-13 09:45:00,역추세 반등 (BB 하단),21955.0,21982.490315471678,1.0,1.0,
2023-03-13 10:15:00,강력한 반전 (BB 찢고 복귀),21991.9,21893.363040601194,1.5,1.0,
2023-03-13 13:15:00,추세확정 (BB 상단 돌파),22426.3,,2.0,1.0,22355.111800417533
2023-03-13 13:45:00,추세확정 (BB 상단 돌파),22465.2,,2.0,1.0,22425.982296676735
2023-03-13 23:30:00,강력한 반전 (BB 찢고 복귀),24066.1,24029.98843760227,1.5,1.0,
2023-03-14 00:15:00,강력한 반전 (BB 찢고 복귀),24124.6,24002.890757857447,1.5,1.0,
2023-03-14 01:15:00,추세확정 (BB 상단 돌파),24294.3,,2.0,1.0,24294.112571379967
2023-03-14 01:45:00,추세확정 (BB 상단 돌파),24407.8,,2.0,1.0,24346.939442088336
2023-03-14 05:00:00,추세확정 (BB 상단 돌파),24688.7,,2.0,1.0,24565.04304506427
2023-03-14 07:45:00,강력한 반전 (BB 찢고 복귀),24241.4,24148.099545060944,1.5,1.0,
2023-03-14 10:45:00,추세확정 (BB 상단 돌파),24580.0,,2.0,1.0,24484.956472828144
2023-03-14 12:30:00,추세확정 (BB 상단 돌파),25518.1,,2.0,1.0,25114.004275352956
2023-03-14 18:15:00,역추세 반등 (BB 하단),25562.6,25506.673658535237,1.0,1.0,
2023-03-14 18:15:00,강력한 반전 (BB 찢고 복귀),25562.6,25506.673658535237,1.5,1.0,
2023-03-14 19:30:00,역추세 반등 (BB 하단),24585.7,24577.176305535184,1.0,1.0,
2023-03-14 19:30:00,강력한 반전 (BB 찢고 복귀),24585.7,24577.176305535184,1.5,1.0,
2023-03-14 19:45:00,강력한 반전 (BB 찢고 복귀),25057.4,24525.027744200852,1.5,1.0,
2023-03-14 21:15:00,강력한 반전 (BB 찢고 복귀),24398.0,24022.270195451085,1.5,1.0,
2023-03-15 06:15:00,강력한 반전 (BB 찢고 복귀),24766.4,24660.569996045568,1.5,1.0,
2023-03-15 10:00:00,역추세 반등 (BB 하단),24566.2,24546.254125325206,1.0,1.0,
2023-03-15 10:00:00,강력한 반전 (BB 찢고 복귀),24566.2,24546.254125325206,1.5,1.0,
2023-03-15 10:30:00,역추세 반등 (BB 하단),24631.2,24484.484349080827,1.0,1.0,
2023-03-15 10:30:00,강력한 반전 (BB 찢고 복귀),24631.2,24484.484349080827,1.5,1.0,
2023-03-15 11:30:00,역추세 반등 (BB 하단),24605.6,24358.91719258905,1.0,1.0,
2023-03-15 11:30:00,강력한 반전 (BB 찢고 복귀),24605.6,24358.91719258905,1.5,1.0,
2023-03-15 13:00:00,추세확정 (BB 상단 돌파),25058.8,,2.0,1.0,24982.906361010508
2023-03-15 16:15:00,역추세 반등 (BB 하단),24314.6,24265.878868428656,1.0,1.0,
2023-03-15 16:15:00,강력한 반전 (BB 찢고 복귀),24314.6,24265.878868428656,1.5,1.0,
2023-03-15 17:00:00,강력한 반전 (BB 찢고 복귀),24317.1,24060.998516959404,1.5,1.0,
2023-03-15 22:00:00,추세확정 (BB 상단 돌파),24591.9,,2.0,1.0,24561.513766243326
2023-03-16 00:45:00,강력한 반전 (BB 찢고 복귀),24204.7,24162.762327682012,1.5,1.0,
2023-03-16 01:15:00,강력한 반전 (BB 찢고 복귀),24249.8,24152.449902588523,1.5,1.0,
2023-03-16 06:00:00,추세확정 (BB 상단 돌파),24460.1,,2.0,1.0,24452.347697222576
2023-03-16 06:45:00,추세확정 (BB 상단 돌파),24569.5,,2.0,1.0,24526.74570143657
2023-03-16 09:30:00,추세확정 (BB 상단 돌파),24777.3,,2.0,1.0,24774.84080594205
2023-03-16 10:30:00,추세확정 (BB 상단 돌파),24900.6,,2.0,1.0,24868.356267104315
2023-03-16 17:15:00,강력한 반전 (BB 찢고 복귀),24711.3,24651.40610734685,1.5,1.0,
2023-03-16 18:15:00,강력한 반전 (BB 찢고 복귀),24709.1,24645.780890951395,1.5,1.0,
2023-03-16 19:15:00,추세확정 (BB 상단 돌파),24978.8,,2.0,1.0,24951.06878122253
2023-03-16 21:30:00,추세확정 (BB 상단 돌파),25062.4,,2.0,1.0,25059.86646485945
2023-03-17 01:15:00,추세확정 (BB 상단 돌파),25342.7,,2.0,1.0,25192.56097725332
2023-03-17 06:30:00,추세확정 (BB 상단 돌파),26125.7,,2.0,1.0,25974.571393063285
2023-03-17 10:15:00,추세확정 (BB 상단 돌파),26482.2,,2.0,1.0,26413.731093787574
2023-03-17 14:45:00,역추세 반등 (BB 하단),26278.0,26191.637688164155,1.0,1.0,
2023-03-17 14:45:00,강력한 반전 (BB 찢고 복귀),26278.0,26191.637688164155,1.5,1.0,
2023-03-17 19:00:00,추세확정 (BB 상단 돌파),26764.6,,2.0,1.0,26705.86431870649
2023-03-17 21:30:00,추세확정 (BB 상단 돌파),27158.6,,2.0,1.0,27071.68061090653
2023-03-17 22:15:00,추세확정 (BB 상단 돌파),27373.1,,2.0,1.0,27317.410886048427
2023-03-18 05:45:00,추세확정 (BB 상단 돌파),27570.8,,2.0,1.0,27521.619630731257
2023-03-18 08:15:00,역추세 반등 (BB 하단),27238.7,27147.080887963548,1.0,1.0,
2023-03-18 08:15:00,강력한 반전 (BB 찢고 복귀),27238.7,27147.080887963548,1.5,1.0,
2023-03-18 09:00:00,강력한 반전 (BB 찢고 복귀),27249.9,27136.25585665339,1.5,1.0,
2023-03-18 15:45:00,역추세 반등 (BB 하단),27220.0,27205.441146141355,1.0,1.0,
2023-03-18 15:45:00,강력한 반전 (BB 찢고 복귀),27220.0,27205.441146141355,1.5,1.0,
2023-03-18 16:00:00,강력한 반전 (BB 찢고 복귀),27269.6,27189.081852111234,1.5,1.0,
2023-03-18 16:30:00,역추세 반등 (BB 하단),27278.0,27131.068868095033,1.0,1.0,
2023-03-18 16:30:00,강력한 반전 (BB 찢고 복귀),27278.0,27131.068868095033,1.5,1.0,
2023-03-18 17:30:00,강력한 반전 (BB 찢고 복귀),27222.8,27062.295064415543,1.5,1.0,
2023-03-18 23:00:00,역추세 반등 (BB 하단),26990.0,26953.233243301536,1.0,1.0,
2023-03-18 23:00:00,강력한 반전 (BB 찢고 복귀),26990.0,26953.233243301536,1.5,1.0,
2023-03-19 06:30:00,역추세 반등 (BB 하단),26971.4,26981.321185984383,1.0,1.0,
2023-03-19 07:15:00,역추세 반등 (BB 하단),26945.1,26900.258760339908,1.0,1.0,
2023-03-19 07:15:00,강력한 반전 (BB 찢고 복귀),26945.1,26900.258760339908,1.5,1.0,
2023-03-19 11:45:00,추세확정 (BB 상단 돌파),27154.9,,2.0,1.0,27130.577876452444
2023-03-19 12:30:00,추세확정 (BB 상단 돌파),27279.2,,2.0,1.0,27271.750621905732
2023-03-19 15:00:00,추세확정 (BB 상단 돌파),27440.0,,2.0,1.0,27420.42602048303
2023-03-19 16:30:00,추세확정 (BB 상단 돌파),27949.3,,2.0,1.0,27754.99733859355
2023-03-20 00:00:00,강력한 반전 (BB 찢고 복귀),27977.9,27852.680040678384,1.5,1.0,
2023-03-20 01:30:00,강력한 반전 (BB 찢고 복귀),27759.0,27702.555425815182,1.5,1.0,
2023-03-20 02:00:00,강력한 반전 (BB 찢고 복귀),27726.3,27630.141407857474,1.5,1.0,
2023-03-20 02:45:00,역추세 반등 (BB 하단),27427.0,27376.465935195603,1.0,1.0,
2023-03-20 02:45:00,강력한 반전 (BB 찢고 복귀),27427.0,27376.465935195603,1.5,1.0,
2023-03-20 07:00:00,추세확정 (BB 상단 돌파),27871.0,,2.0,1.0,27740.93195609913
2023-03-20 14:00:00,역추세 반등 (BB 하단),27922.6,27865.04005037964,1.0,1.0,
2023-03-20 14:00:00,강력한 반전 (BB 찢고 복귀),27922.6,27865.04005037964,1.5,1.0,
2023-03-20 14:15:00,강력한 반전 (BB 찢고 복귀),27978.5,27853.26269240598,1.5,1.0,
2023-03-20 16:15:00,역추세 반등 (BB 하단),27627.1,27599.08678533655,1.0,1.0,
2023-03-20 16:15:00,강력한 반전 (BB 찢고 복귀),27627.1,27599.08678533655,1.5,1.0,
2023-03-20 23:45:00,역추세 반등 (BB 하단),27703.6,27634.33458143068,1.0,1.0,
2023-03-20 23:45:00,강력한 반전 (BB 찢고 복귀),27703.6,27634.33458143068,1.5,1.0,
2023-03-21 06:30:00,강력한 반전 (BB 찢고 복귀),27704.9,27669.33589189442,1.5,1.0,
2023-03-21 07:15:00,역추세 반등 (BB 하단),27500.1,27480.570382494472,1.0,1.0,
2023-03-21 07:15:00,강력한 반전 (BB 찢고 복귀),27500.1,27480.570382494472,1.5,1.0,
2023-03-21 07:30:00,강력한 반전 (BB 찢고 복귀),27510.9,27447.300760736463,1.5,1.0,
2023-03-21 14:30:00,강력한 반전 (BB 찢고 복귀),27920.0,27823.163377279372,1.5,1.0,
2023-03-21 16:30:00,추세확정 (BB 상단 돌파),28326.4,,2.0,1.0,28238.354391909685
2023-03-21 21:30:00,강력한 반전 (BB 찢고 복귀),27990.4,27910.61367715793,1.5,1.0,
2023-03-22 03:00:00,추세확정 (BB 상단 돌파),28168.6,,2.0,1.0,28155.05863893447
2023-03-22 07:45:00,역추세 반등 (BB 하단),28087.6,28086.876617597805,1.0,1.0,
2023-03-22 07:45:00,강력한 반전 (BB 찢고 복귀),28087.6,28086.876617597805,1.5,1.0,
2023-03-22 08:00:00,강력한 반전 (BB 찢고 복귀),28160.0,28086.431816227792,1.5,1.0,
2023-03-22 09:15:00,강력한 반전 (BB 찢고 복귀),28085.9,28048.77504774539,1.5,1.0,
2023-03-22 09:45:00,강력한 반전 (BB 찢고 복귀),28089.1,28033.723200795852,1.5,1.0,
2023-03-22 13:15:00,추세확정 (BB 상단 돌파),28305.9,,2.0,1.0,28258.431910614287
2023-03-22 14:00:00,추세확정 (BB 상단 돌파),28329.6,,2.0,1.0,28324.247614913427
2023-03-22 19:15:00,역추세 반등 (BB 하단),27528.5,27672.366856635326,1.0,1.0,
2023-03-22 20:00:00,역추세 반등 (BB 하단),26901.1,26847.611380645038,1.0,1.0,
2023-03-22 20:00:00,강력한 반전 (BB 찢고 복귀),26901.1,26847.611380645038,1.5,1.0,
2023-03-23 05:30:00,추세확정 (BB 상단 돌파),27555.7,,2.0,1.0,27478.715897679744
2023-03-23 11:30:00,역추세 반등 (BB 하단),27494.0,27499.46895001672,1.0,1.0,
2023-03-23 11:45:00,역추세 반등 (BB 하단),27574.1,27498.084860311552,1.0,1.0,
2023-03-23 11:45:00,강력한 반전 (BB 찢고 복귀),27574.1,27498.084860311552,1.5,1.0,
2023-03-23 13:30:00,역추세 반등 (BB 하단),27358.6,27359.60174334895,1.0,1.0,
2023-03-23 14:00:00,강력한 반전 (BB 찢고 복귀),27409.8,27320.498765876186,1.5,1.0,
2023-03-23 14:45:00,추세확정 (BB 상단 돌파),28042.4,,2.0,1.0,27831.832198748758
2023-03-23 19:30:00,강력한 반전 (BB 찢고 복귀),28125.8,27838.3634120626,1.5,1.0,
2023-03-24 09:15:00,역추세 반등 (BB 하단),28173.5,28018.900927901963,1.0,1.0,
2023-03-24 09:15:00,강력한 반전 (BB 찢고 복귀),28173.5,28018.900927901963,1.5,1.0,
2023-03-24 12:00:00,역추세 반등 (BB 하단),27783.8,27722.897752539593,1.0,1.0,
2023-03-24 12:00:00,강력한 반전 (BB 찢고 복귀),27783.8,27722.897752539593,1.5,1.0,
2023-03-24 13:15:00,강력한 반전 (BB 찢고 복귀),27882.3,27719.00722356605,1.5,1.0,
2023-03-24 13:45:00,강력한 반전 (BB 찢고 복귀),27956.9,27690.27216550834,1.5,1.0,
2023-03-24 18:00:00,강력한 반전 (BB 찢고 복귀),27624.0,27562.801182472293,1.5,1.0,
2023-03-24 20:45:00,강력한 반전 (BB 찢고 복귀),27576.9,27503.601891262755,1.5,1.0,
2023-03-24 21:30:00,역추세 반등 (BB 하단),27236.6,27272.357000720975,1.0,1.0,
2023-03-24 21:45:00,역추세 반등 (BB 하단),27324.8,27230.935270610025,1.0,1.0,
2023-03-25 05:45:00,역추세 반등 (BB 하단),27442.0,27422.18022356502,1.0,1.0,
2023-03-25 05:45:00,강력한 반전 (BB 찢고 복귀),27442.0,27422.18022356502,1.5,1.0,
2023-03-25 06:00:00,강력한 반전 (BB 찢고 복귀),27449.7,27415.206139353624,1.5,1.0,
2023-03-25 06:15:00,강력한 반전 (BB 찢고 복귀),27466.8,27409.98297657164,1.5,1.0,
2023-03-25 08:45:00,역추세 반등 (BB 하단),27410.1,27383.387786447696,1.0,1.0,
2023-03-25 08:45:00,강력한 반전 (BB 찢고 복귀),27410.1,27383.387786447696,1.5,1.0,
2023-03-25 09:15:00,역추세 반등 (BB 하단),27407.0,27347.317773044346,1.0,1.0,
2023-03-25 09:15:00,강력한 반전 (BB 찢고 복귀),27407.0,27347.317773044346,1.5,1.0,
2023-03-25 13:30:00,추세확정 (BB 상단 돌파),27520.0,,2.0,1.0,27512.36485125803
2023-03-25 17:30:00,강력한 반전 (BB 찢고 복귀),27476.2,27377.457280474846,1.5,1.0,
2023-03-25 18:30:00,강력한 반전 (BB 찢고 복귀),27513.5,27416.40596326111,1.5,1.0,
2023-03-25 19:30:00,역추세 반등 (BB 하단),27271.2,27250.998297207978,1.0,1.0,
2023-03-25 19:30:00,강력한 반전 (BB 찢고 복귀),27271.2,27250.998297207978,1.5,1.0,
2023-03-25 20:00:00,역추세 반등 (BB 하단),27246.5,27161.94083816351,1.0,1.0,
2023-03-25 20:00:00,강력한 반전 (BB 찢고 복귀),27246.5,27161.94083816351,1.5,1.0,
2023-03-26 05:30:00,강력한 반전 (BB 찢고 복귀),27500.0,27461.11946088007,1.5,1.0,
2023-03-26 08:30:00,추세확정 (BB 상단 돌파),27662.6,,2.0,1.0,27586.846581061764
2023-03-26 11:45:00,추세확정 (BB 상단 돌파),27848.0,,2.0,1.0,27818.68002492563
2023-03-26 13:30:00,추세확정 (BB 상단 돌파),28037.6,,2.0,1.0,27996.025467765885
2023-03-26 20:45:00,강력한 반전 (BB 찢고 복귀),27763.2,27711.37745714118,1.5,1.0,
2023-03-26 22:00:00,추세확정 (BB 상단 돌파),27987.4,,2.0,1.0,27916.07489032806
2023-03-27 06:00:00,역추세 반등 (BB 하단),27735.0,27739.935709994585,1.0,1.0,
2023-03-27 06:15:00,역추세 반등 (BB 하단),27764.1,27729.656582423806,1.0,1.0,
2023-03-27 06:15:00,강력한 반전 (BB 찢고 복귀),27764.1,27729.656582423806,1.5,1.0,
2023-03-27 09:45:00,추세확정 (BB 상단 돌파),27918.1,,2.0,1.0,27912.49244655073
2023-03-27 13:15:00,역추세 반등 (BB 하단),27771.3,27718.917127737885,1.0,1.0,
2023-03-27 13:15:00,강력한 반전 (BB 찢고 복귀),27771.3,27718.917127737885,1.5,1.0,
2023-03-27 13:30:00,강력한 반전 (BB 찢고 복귀),27771.4,27715.515077612054,1.5,1.0,
2023-03-27 14:30:00,역추세 반등 (BB 하단),27380.6,27431.868515910628,1.0,1.0,
2023-03-27 15:15:00,역추세 반등 (BB 하단),26939.5,26885.597722217655,1.0,1.0,
2023-03-27 15:15:00,강력한 반전 (BB 찢고 복귀),26939.5,26885.597722217655,1.5,1.0,
2023-03-28 01:15:00,역추세 반등 (BB 하단),26996.0,26926.686651948647,1.0,1.0,
2023-03-28 01:15:00,강력한 반전 (BB 찢고 복귀),26996.0,26926.686651948647,1.5,1.0,
2023-03-28 05:30:00,강력한 반전 (BB 찢고 복귀),26913.1,26865.871245761748,1.5,1.0,
2023-03-28 10:00:00,역추세 반등 (BB 하단),26887.2,26864.5995212624,1.0,1.0,
2023-03-28 10:00:00,강력한 반전 (BB 찢고 복귀),26887.2,26864.5995212624,1.5,1.0,
2023-03-28 10:45:00,역추세 반등 (BB 하단),26730.0,26736.833246060007,1.0,1.0,
2023-03-28 11:00:00,역추세 반등 (BB 하단),26819.6,26723.215648343306,1.0,1.0,
2023-03-28 11:00:00,강력한 반전 (BB 찢고 복귀),26819.6,26723.215648343306,1.5,1.0,
2023-03-28 17:15:00,강력한 반전 (BB 찢고 복귀),26877.1,26836.198569943735,1.5,1.0,
2023-03-28 17:45:00,역추세 반등 (BB 하단),26856.0,26810.777682316828,1.0,1.0,
2023-03-28 17:45:00,강력한 반전 (BB 찢고 복귀),26856.0,26810.777682316828,1.5,1.0,
2023-03-28 18:45:00,추세확정 (BB 상단 돌파),27322.7,,2.0,1.0,27152.444487681118
2023-03-28 19:45:00,추세확정 (BB 상단 돌파),27399.9,,2.0,1.0,27375.585700096264
2023-03-29 01:15:00,추세확정 (BB 상단 돌파),27384.9,,2.0,1.0,27353.52456896753
2023-03-29 04:30:00,추세확정 (BB 상단 돌파),27524.9,,2.0,1.0,27466.622088349945
2023-03-29 06:15:00,추세확정 (BB 상단 돌파),27974.0,,2.0,1.0,27758.65112712005
2023-03-29 17:00:00,역추세 반등 (BB 하단),28273.7,28210.44211659934,1.0,1.0,
2023-03-29 17:00:00,강력한 반전 (BB 찢고 복귀),28273.7,28210.44211659934,1.5,1.0,
2023-03-29 17:45:00,강력한 반전 (BB 찢고 복귀),28246.9,28170.605700076427,1.5,1.0,
2023-03-29 22:00:00,강력한 반전 (BB 찢고 복귀),28326.3,28190.58949624698,1.5,1.0,
2023-03-30 01:15:00,강력한 반전 (BB 찢고 복귀),28342.9,28277.408749173865,1.5,1.0,
2023-03-30 02:15:00,추세확정 (BB 상단 돌파),28817.8,,2.0,1.0,28600.692048624096
2023-03-30 14:15:00,역추세 반등 (BB 하단),28387.3,28374.487598315613,1.0,1.0,
2023-03-30 14:15:00,강력한 반전 (BB 찢고 복귀),28387.3,28374.487598315613,1.5,1.0,
2023-03-30 14:30:00,강력한 반전 (BB 찢고 복귀),28430.6,28358.517993848778,1.5,1.0,
2023-03-30 16:15:00,역추세 반등 (BB 하단),28219.3,28150.019283758644,1.0,1.0,
2023-03-30 16:15:00,강력한 반전 (BB 찢고 복귀),28219.3,28150.019283758644,1.5,1.0,
2023-03-30 18:15:00,역추세 반등 (BB 하단),27871.0,27764.273322892463,1.0,1.0,
2023-03-30 18:15:00,강력한 반전 (BB 찢고 복귀),27871.0,27764.273322892463,1.5,1.0,
2023-03-31 00:45:00,추세확정 (BB 상단 돌파),28234.3,,2.0,1.0,28211.28557180632
2023-03-31 06:00:00,역추세 반등 (BB 하단),28040.3,28037.572914783814,1.0,1.0,
2023-03-31 06:00:00,강력한 반전 (BB 찢고 복귀),28040.3,28037.572914783814,1.5,1.0,
2023-03-31 06:30:00,강력한 반전 (BB 찢고 복귀),28061.9,28022.65444010194,1.5,1.0,
2023-03-31 07:45:00,역추세 반등 (BB 하단),27729.8,27724.31367035144,1.0,1.0,
2023-03-31 07:45:00,강력한 반전 (BB 찢고 복귀),27729.8,27724.31367035144,1.5,1.0,
2023-03-31 12:30:00,추세확정 (BB 상단 돌파),28092.5,,2.0,1.0,28023.100145338234
2023-03-31 18:15:00,강력한 반전 (BB 찢고 복귀),28322.2,28255.617110226875,1.5,1.0,
2023-03-31 22:15:00,추세확정 (BB 상단 돌파),28560.0,,2.0,1.0,28543.49856456695
2023-04-01 01:45:00,추세확정 (BB 상단 돌파),28603.0,,2.0,1.0,28595.728960557753
2023-04-01 06:30:00,역추세 반등 (BB 하단),28464.7,28434.471853128776,1.0,1.0,
2023-04-01 06:30:00,강력한 반전 (BB 찢고 복귀),28464.7,28434.471853128776,1.5,1.0,
2023-04-01 07:15:00,역추세 반등 (BB 하단),28389.1,28392.155179603862,1.0,1.0,
2023-04-01 07:30:00,역추세 반등 (BB 하단),28398.0,28377.16663508206,1.0,1.0,
2023-04-01 12:00:00,역추세 반등 (BB 하단),28373.8,28357.460015653553,1.0,1.0,
2023-04-01 12:00:00,강력한 반전 (BB 찢고 복귀),28373.8,28357.460015653553,1.5,1.0,
2023-04-01 12:45:00,강력한 반전 (BB 찢고 복귀),28410.8,28356.92483761261,1.5,1.0,
2023-04-01 15:00:00,역추세 반등 (BB 하단),28309.9,28308.75080768865,1.0,1.0,
2023-04-01 15:00:00,강력한 반전 (BB 찢고 복귀),28309.9,28308.75080768865,1.5,1.0,
2023-04-01 20:30:00,추세확정 (BB 상단 돌파),28485.6,,2.0,1.0,28447.40913350697
2023-04-01 21:00:00,추세확정 (BB 상단 돌파),28472.2,,2.0,1.0,28465.142234692277
2023-04-02 01:00:00,역추세 반등 (BB 하단),28366.8,28363.31634437307,1.0,1.0,
2023-04-02 01:00:00,강력한 반전 (BB 찢고 복귀),28366.8,28363.31634437307,1.5,1.0,
2023-04-02 01:15:00,강력한 반전 (BB 찢고 복귀),28392.2,28360.24708632819,1.5,1.0,
2023-04-02 08:15:00,강력한 반전 (BB 찢고 복귀),28395.8,28364.587190401522,1.5,1.0,
2023-04-02 11:00:00,강력한 반전 (BB 찢고 복귀),28360.3,28327.616121491326,1.5,1.0,
2023-04-02 12:30:00,역추세 반등 (BB 하단),28305.0,28304.994848842656,1.0,1.0,
2023-04-02 12:30:00,강력한 반전 (BB 찢고 복귀),28305.0,28304.994848842656,1.5,1.0,
2023-04-02 13:15:00,역추세 반등 (BB 하단),28257.1,28224.461201775004,1.0,1.0,
2023-04-02 13:15:00,강력한 반전 (BB 찢고 복귀),28257.1,28224.461201775004,1.5,1.0,
2023-04-02 15:15:00,역추세 반등 (BB 하단),28097.1,28116.294308905177,1.0,1.0,
2023-04-02 15:45:00,역추세 반등 (BB 하단),28117.9,28069.06654878544,1.0,1.0,
2023-04-02 15:45:00,강력한 반전 (BB 찢고 복귀),28117.9,28069.06654878544,1.5,1.0,
2023-04-02 16:30:00,역추세 반등 (BB 하단),28062.6,27996.753164680413,1.0,1.0,
2023-04-02 16:30:00,강력한 반전 (BB 찢고 복귀),28062.6,27996.753164680413,1.5,1.0,
2023-04-02 20:00:00,역추세 반등 (BB 하단),27969.9,27934.459717216032,1.0,1.0,
2023-04-02 20:00:00,강력한 반전 (BB 찢고 복귀),27969.9,27934.459717216032,1.5,1.0,
2023-04-02 22:15:00,역추세 반등 (BB 하단),27951.0,27875.85641774245,1.0,1.0,
2023-04-02 22:15:00,강력한 반전 (BB 찢고 복귀),27951.0,27875.85641774245,1.5,1.0,
2023-04-03 01:45:00,역추세 반등 (BB 하단),27702.4,27761.9770886032,1.0,1.0,
2023-04-03 02:00:00,역추세 반등 (BB 하단),27759.9,27722.270967999077,1.0,1.0,
2023-04-03 02:00:00,강력한 반전 (BB 찢고 복귀),27759.9,27722.270967999077,1.5,1.0,
2023-04-03 07:15:00,추세확정 (BB 상단 돌파),27907.0,,2.0,1.0,27834.723771408324
2023-04-03 12:45:00,강력한 반전 (BB 찢고 복귀),28154.4,28090.88137423406,1.5,1.0,
2023-04-03 15:15:00,역추세 반등 (BB 하단),28059.9,27968.377511766997,1.0,1.0,
2023-04-03 15:15:00,강력한 반전 (BB 찢고 복귀),28059.9,27968.377511766997,1.5,1.0,
2023-04-03 17:00:00,강력한 반전 (BB 찢고 복귀),27992.8,27883.157307262292,1.5,1.0,
2023-04-03 20:15:00,역추세 반등 (BB 하단),27740.9,27766.849262158896,1.0,1.0,
2023-04-03 20:30:00,역추세 반등 (BB 하단),27777.9,27734.29739439721,1.0,1.0,
2023-04-03 20:30:00,강력한 반전 (BB 찢고 복귀),27777.9,27734.29739439721,1.5,1.0,
2023-04-03 21:15:00,역추세 반등 (BB 하단),27507.9,27465.328519750066,1.0,1.0,
2023-04-03 21:15:00,강력한 반전 (BB 찢고 복귀),27507.9,27465.328519750066,1.5,1.0,
2023-04-04 06:30:00,추세확정 (BB 상단 돌파),28013.7,,2.0,1.0,27967.583955448266
2023-04-04 11:00:00,추세확정 (BB 상단 돌파),28310.7,,2.0,1.0,28304.21743719962
2023-04-04 15:30:00,역추세 반등 (BB 하단),28035.0,28003.834371640398,1.0,1.0,
2023-04-04 15:30:00,강력한 반전 (BB 찢고 복귀),28035.0,28003.834371640398,1.5,1.0,
2023-04-05 00:15:00,강력한 반전 (BB 찢고 복귀),28234.4,28092.36872267214,1.5,1.0,
2023-04-05 00:30:00,추세확정 (BB 상단 돌파),28409.8,,2.0,1.0,28324.509905682044
2023-04-05 08:15:00,강력한 반전 (BB 찢고 복귀),28559.9,28455.85338137081,1.5,1.0,
2023-04-05 12:45:00,강력한 반전 (BB 찢고 복귀),28559.8,28454.774205909653,1.5,1.0,
2023-04-05 13:45:00,역추세 반등 (BB 하단),28399.2,28407.54996589051,1.0,1.0,
2023-04-05 14:15:00,역추세 반등 (BB 하단),28160.0,28225.985316890474,1.0,1.0,
2023-04-05 19:15:00,추세확정 (BB 상단 돌파),28186.8,,2.0,1.0,28160.718774968347
2023-04-06 00:15:00,역추세 반등 (BB 하단),28094.2,28068.051673519993,1.0,1.0,
2023-04-06 00:15:00,강력한 반전 (BB 찢고 복귀),28094.2,28068.051673519993,1.5,1.0,
2023-04-06 01:00:00,역추세 반등 (BB 하단),27995.3,27990.174033609605,1.0,1.0,
2023-04-06 01:00:00,강력한 반전 (BB 찢고 복귀),27995.3,27990.174033609605,1.5,1.0,
2023-04-06 01:30:00,역추세 반등 (BB 하단),28017.9,27950.4566048655,1.0,1.0,
2023-04-06 01:30:00,강력한 반전 (BB 찢고 복귀),28017.9,27950.4566048655,1.5,1.0,
2023-04-06 05:45:00,강력한 반전 (BB 찢고 복귀),28022.3,27965.980238163713,1.5,1.0,
2023-04-06 08:00:00,역추세 반등 (BB 하단),27920.0,27919.23177013919,1.0,1.0,
2023-04-06 08:00:00,강력한 반전 (BB 찢고 복귀),27920.0,27919.23177013919,1.5,1.0,
2023-04-06 10:15:00,강력한 반전 (BB 찢고 복귀),27886.1,27842.133245023357,1.5,1.0,
2023-04-06 10:45:00,강력한 반전 (BB 찢고 복귀),27838.5,27803.71041442584,1.5,1.0,
2023-04-06 13:45:00,강력한 반전 (BB 찢고 복귀),27872.0,27807.76212577388,1.5,1.0,
2023-04-06 15:00:00,추세확정 (BB 상단 돌파),28037.1,,2.0,1.0,28003.0410007536
2023-04-07 03:30:00,강력한 반전 (BB 찢고 복귀),28042.4,27964.28123638016,1.5,1.0,
2023-04-07 05:45:00,강력한 반전 (BB 찢고 복귀),27970.0,27944.476842220487,1.5,1.0,
2023-04-07 06:15:00,강력한 반전 (BB 찢고 복귀),27938.1,27923.18048556883,1.5,1.0,
2023-04-07 06:45:00,역추세 반등 (BB 하단),27945.1,27906.165397106764,1.0,1.0,
2023-04-07 06:45:00,강력한 반전 (BB 찢고 복귀),27945.1,27906.165397106764,1.5,1.0,
2023-04-07 08:00:00,역추세 반등 (BB 하단),27860.3,27824.670461501326,1.0,1.0,
2023-04-07 08:00:00,강력한 반전 (BB 찢고 복귀),27860.3,27824.670461501326,1.5,1.0,
2023-04-07 09:00:00,강력한 반전 (BB 찢고 복귀),27840.0,27781.167986309283,1.5,1.0,
2023-04-07 12:30:00,강력한 반전 (BB 찢고 복귀),27910.0,27793.51896199868,1.5,1.0,
2023-04-07 14:15:00,추세확정 (BB 상단 돌파),27951.9,,2.0,1.0,27950.966268948396
2023-04-07 16:45:00,강력한 반전 (BB 찢고 복귀),27865.3,27844.04227423175,1.5,1.0,
2023-04-07 21:00:00,강력한 반전 (BB 찢고 복귀),27892.1,27854.19167852622,1.5,1.0,
2023-04-07 21:45:00,역추세 반등 (BB 하단),27881.1,27850.648387889407,1.0,1.0,
2023-04-07 21:45:00,강력한 반전 (BB 찢고 복귀),27881.1,27850.648387889407,1.5,1.0,
2023-04-07 22:30:00,추세확정 (BB 상단 돌파),27921.1,,2.0,1.0,27916.96388643725
2023-04-08 03:15:00,추세확정 (BB 상단 돌파),28037.7,,2.0,1.0,27983.8443409733
2023-04-08 03:45:00,추세확정 (BB 상단 돌파),28011.7,,2.0,1.0,28007.24859380771
2023-04-08 05:45:00,추세확정 (BB 상단 돌파),28128.5,,2.0,1.0,28098.594025251143
2023-04-08 12:45:00,강력한 반전 (BB 찢고 복귀),27969.4,27944.216709607157,1.5,1.0,
2023-04-08 18:00:00,역추세 반등 (BB 하단),27937.8,27938.263272927215,1.0,1.0,
2023-04-08 19:00:00,역추세 반등 (BB 하단),27924.8,27895.749480516173,1.0,1.0,
2023-04-08 19:00:00,강력한 반전 (BB 찢고 복귀),27924.8,27895.749480516173,1.5,1.0,
2023-04-08 22:30:00,역추세 반등 (BB 하단),27902.7,27884.46482178227,1.0,1.0,
2023-04-08 22:30:00,강력한 반전 (BB 찢고 복귀),27902.7,27884.46482178227,1.5,1.0,
2023-04-08 23:00:00,추세확정 (BB 상단 돌파),27956.1,,2.0,1.0,27948.90944123994
2023-04-09 00:15:00,추세확정 (BB 상단 돌파),27996.1,,2.0,1.0,27974.60985255451
2023-04-09 07:15:00,역추세 반등 (BB 하단),27894.6,27868.464000472708,1.0,1.0,
2023-04-09 07:15:00,강력한 반전 (BB 찢고 복귀),27894.6,27868.464000472708,1.5,1.0,
2023-04-09 08:45:00,강력한 반전 (BB 찢고 복귀),27870.2,27806.610906643014,1.5,1.0,
2023-04-09 11:45:00,추세확정 (BB 상단 돌파),27920.4,,2.0,1.0,27917.25075149073
2023-04-09 12:15:00,추세확정 (BB 상단 돌파),27943.1,,2.0,1.0,27930.812052710957
2023-04-09 14:30:00,역추세 반등 (BB 하단),27844.1,27838.200089547605,1.0,1.0,
2023-04-09 14:30:00,강력한 반전 (BB 찢고 복귀),27844.1,27838.200089547605,1.5,1.0,
2023-04-09 14:45:00,강력한 반전 (BB 찢고 복귀),27859.2,27835.378298705855,1.5,1.0,
2023-04-09 15:00:00,강력한 반전 (BB 찢고 복귀),27881.6,27835.449497723257,1.5,1.0,
2023-04-09 18:45:00,추세확정 (BB 상단 돌파),28012.0,,2.0,1.0,27966.08878702179
2023-04-09 21:15:00,추세확정 (BB 상단 돌파),28306.2,,2.0,1.0,28277.72574789504
2023-04-09 21:45:00,추세확정 (BB 상단 돌파),28417.5,,2.0,1.0,28384.79501694518
2023-04-10 05:15:00,강력한 반전 (BB 찢고 복귀),28224.4,28197.41619014128,1.5,1.0,
2023-04-10 08:00:00,추세확정 (BB 상단 돌파),28325.3,,2.0,1.0,28316.355695572485
2023-04-10 12:30:00,강력한 반전 (BB 찢고 복귀),28282.1,28257.120717455124,1.5,1.0,
2023-04-10 13:00:00,강력한 반전 (BB 찢고 복귀),28261.5,28249.781832236207,1.5,1.0,
2023-04-10 14:00:00,역추세 반등 (BB 하단),28237.9,28207.880067921305,1.0,1.0,
2023-04-10 14:00:00,강력한 반전 (BB 찢고 복귀),28237.9,28207.880067921305,1.5,1.0,
2023-04-10 15:00:00,추세확정 (BB 상단 돌파),28428.8,,2.0,1.0,28378.6820831588
2023-04-10 15:30:00,추세확정 (BB 상단 돌파),28475.0,,2.0,1.0,28434.8626214596
2023-04-10 16:30:00,추세확정 (BB 상단 돌파),28542.0,,2.0,1.0,28514.31446841522
2023-04-10 22:00:00,추세확정 (BB 상단 돌파),29492.8,,2.0,1.0,29337.268495532226
2023-04-10 23:00:00,추세확정 (BB 상단 돌파),29733.6,,2.0,1.0,29682.025606628784
2023-04-11 01:45:00,추세확정 (BB 상단 돌파),30196.7,,2.0,1.0,30167.407140231113
2023-04-11 13:15:00,추세확정 (BB 상단 돌파),30158.2,,2.0,1.0,30146.775902809564
2023-04-11 13:45:00,추세확정 (BB 상단 돌파),30233.8,,2.0,1.0,30186.571727242663
2023-04-11 14:45:00,강력한 반전 (BB 찢고 복귀),30041.0,29977.321988032425,1.5,1.0,
2023-04-11 17:15:00,강력한 반전 (BB 찢고 복귀),30145.0,30022.744011033734,1.5,1.0,
2023-04-11 19:15:00,추세확정 (BB 상단 돌파),30406.9,,2.0,1.0,30334.47174366808
2023-04-12 00:15:00,추세확정 (BB 상단 돌파),30295.9,,2.0,1.0,30286.54381319619
2023-04-12 02:30:00,역추세 반등 (BB 하단),29938.3,29977.566794733233,1.0,1.0,
2023-04-12 03:00:00,역추세 반등 (BB 하단),29947.9,29901.720684490116,1.0,1.0,
2023-04-12 03:00:00,강력한 반전 (BB 찢고 복귀),29947.9,29901.720684490116,1.5,1.0,
2023-04-12 07:15:00,추세확정 (BB 상단 돌파),30038.9,,2.0,1.0,30006.953005559863
2023-04-12 12:15:00,강력한 반전 (BB 찢고 복귀),29999.9,29921.133171859874,1.5,1.0,
2023-04-12 12:30:00,추세확정 (BB 상단 돌파),30267.9,,2.0,1.0,30132.128369887843
2023-04-12 13:00:00,추세확정 (BB 상단 돌파),30218.9,,2.0,1.0,30191.91031375912
2023-04-12 15:15:00,역추세 반등 (BB 하단),29903.7,29808.05073312803,1.0,1.0,
2023-04-12 15:15:00,강력한 반전 (BB 찢고 복귀),29903.7,29808.05073312803,1.5,1.0,
2023-04-12 20:00:00,강력한 반전 (BB 찢고 복귀),29827.1,29782.21582374631,1.5,1.0,
2023-04-13 00:30:00,추세확정 (BB 상단 돌파),30010.0,,2.0,1.0,29996.804211538438
2023-04-13 01:30:00,추세확정 (BB 상단 돌파),30035.0,,2.0,1.0,30026.044048438736
2023-04-13 02:30:00,추세확정 (BB 상단 돌파),30135.0,,2.0,1.0,30106.278229302443
2023-04-13 07:00:00,강력한 반전 (BB 찢고 복귀),30042.7,30004.86454299134,1.5,1.0,
2023-04-13 08:45:00,추세확정 (BB 상단 돌파),30180.9,,2.0,1.0,30131.29962986237
2023-04-13 14:15:00,추세확정 (BB 상단 돌파),30290.3,,2.0,1.0,30270.468396752934
2023-04-13 20:15:00,역추세 반등 (BB 하단),30233.0,30226.742866699333,1.0,1.0,
2023-04-13 20:15:00,강력한 반전 (BB 찢고 복귀),30233.0,30226.742866699333,1.5,1.0,
2023-04-14 00:15:00,추세확정 (BB 상단 돌파),30390.1,,2.0,1.0,30389.5231857464
2023-04-14 06:45:00,추세확정 (BB 상단 돌파),30944.8,,2.0,1.0,30907.666811108273
2023-04-14 13:00:00,역추세 반등 (BB 하단),30650.8,30632.46553816026,1.0,1.0,
2023-04-14 13:00:00,강력한 반전 (BB 찢고 복귀),30650.8,30632.46553816026,1.5,1.0,
2023-04-14 13:15:00,강력한 반전 (BB 찢고 복귀),30661.6,30627.550295348425,1.5,1.0,
2023-04-14 13:30:00,강력한 반전 (BB 찢고 복귀),30711.5,30629.7926118126,1.5,1.0,
2023-04-14 14:30:00,강력한 반전 (BB 찢고 복귀),30595.4,30568.695507098106,1.5,1.0,
2023-04-14 15:30:00,역추세 반등 (BB 하단),30263.9,30301.971692946106,1.0,1.0,
2023-04-14 16:00:00,역추세 반등 (BB 하단),30260.1,30185.684930507374,1.0,1.0,
2023-04-14 16:00:00,강력한 반전 (BB 찢고 복귀),30260.1,30185.684930507374,1.5,1.0,
2023-04-14 16:45:00,강력한 반전 (BB 찢고 복귀),30138.3,30017.289687610795,1.5,1.0,
2023-04-14 20:15:00,추세확정 (BB 상단 돌파),30418.3,,2.0,1.0,30397.225224566777
2023-04-15 00:15:00,추세확정 (BB 상단 돌파),30518.5,,2.0,1.0,30518.056528450175
2023-04-15 01:30:00,역추세 반등 (BB 하단),30365.1,30310.985454928898,1.0,1.0,
2023-04-15 01:30:00,강력한 반전 (BB 찢고 복귀),30365.1,30310.985454928898,1.5,1.0,
2023-04-15 07:15:00,추세확정 (BB 상단 돌파),30422.6,,2.0,1.0,30417.60924736591
2023-04-15 09:45:00,추세확정 (BB 상단 돌파),30440.0,,2.0,1.0,30434.75129150706
2023-04-15 12:00:00,강력한 반전 (BB 찢고 복귀),30384.6,30369.271398128563,1.5,1.0,
2023-04-15 14:00:00,역추세 반등 (BB 하단),30363.6,30345.010255830428,1.0,1.0,
2023-04-15 14:00:00,강력한 반전 (BB 찢고 복귀),30363.6,30345.010255830428,1.5,1.0,
2023-04-15 16:15:00,역추세 반등 (BB 하단),30314.2,30297.75699967132,1.0,1.0,
2023-04-15 16:15:00,강력한 반전 (BB 찢고 복귀),30314.2,30297.75699967132,1.5,1.0,
2023-04-15 16:45:00,강력한 반전 (BB 찢고 복귀),30313.6,30282.115565394026,1.5,1.0,
2023-04-16 01:15:00,역추세 반등 (BB 하단),30234.0,30207.292874282157,1.0,1.0,
2023-04-16 01:15:00,강력한 반전 (BB 찢고 복귀),30234.0,30207.292874282157,1.5,1.0,
2023-04-16 05:00:00,추세확정 (BB 상단 돌파),30329.4,,2.0,1.0,30327.40642243956
2023-04-16 10:15:00,역추세 반등 (BB 하단),30287.4,30271.36542198721,1.0,1.0,
2023-04-16 10:15:00,강력한 반전 (BB 찢고 복귀),30287.4,30271.36542198721,1.5,1.0,
2023-04-16 12:00:00,역추세 반등 (BB 하단),30242.7,30222.66124663976,1.0,1.0,
2023-04-16 12:00:00,강력한 반전 (BB 찢고 복귀),30242.7,30222.66124663976,1.5,1.0,
2023-04-16 13:45:00,강력한 반전 (BB 찢고 복귀),30245.0,30205.673692826073,1.5,1.0,
2023-04-16 15:15:00,추세확정 (BB 상단 돌파),30333.7,,2.0,1.0,30327.469924347726
2023-04-16 18:45:00,추세확정 (BB 상단 돌파),30495.9,,2.0,1.0,30417.848306070147
2023-04-17 01:00:00,역추세 반등 (BB 하단),29912.6,29902.968750795604,1.0,1.0,
2023-04-17 01:00:00,강력한 반전 (BB 찢고 복귀),29912.6,29902.968750795604,1.5,1.0,
2023-04-17 07:00:00,강력한 반전 (BB 찢고 복귀),29920.3,29892.17068836903,1.5,1.0,
2023-04-17 08:15:00,역추세 반등 (BB 하단),29871.1,29834.367325532283,1.0,1.0,
2023-04-17 08:15:00,강력한 반전 (BB 찢고 복귀),29871.1,29834.367325532283,1.5,1.0,
2023-04-17 10:30:00,강력한 반전 (BB 찢고 복귀),29885.6,29814.028682635573,1.5,1.0,
2023-04-17 11:45:00,역추세 반등 (BB 하단),29564.1,29635.015139408362,1.0,1.0,
2023-04-17 12:45:00,강력한 반전 (BB 찢고 복귀),29524.0,29440.137867245812,1.5,1.0,
2023-04-17 13:30:00,강력한 반전 (BB 찢고 복귀),29426.0,29297.247413984158,1.5,1.0,
2023-04-17 21:15:00,강력한 반전 (BB 찢고 복귀),29430.4,29399.27168995131,1.5,1.0,
2023-04-17 23:45:00,강력한 반전 (BB 찢고 복귀),29421.8,29393.098462447804,1.5,1.0,
2023-04-18 00:45:00,역추세 반등 (BB 하단),29359.3,29349.128134703973,1.0,1.0,
2023-04-18 00:45:00,강력한 반전 (BB 찢고 복귀),29359.3,29349.128134703973,1.5,1.0,
2023-04-18 01:15:00,역추세 반등 (BB 하단),29288.0,29266.47596438962,1.0,1.0,
2023-04-18 01:15:00,강력한 반전 (BB 찢고 복귀),29288.0,29266.47596438962,1.5,1.0,
2023-04-18 06:15:00,추세확정 (BB 상단 돌파),29700.3,,2.0,1.0,29634.469557512246
2023-04-18 11:15:00,추세확정 (BB 상단 돌파),29995.9,,2.0,1.0,29993.923362786998
2023-04-18 18:00:00,역추세 반등 (BB 하단),30033.9,30019.62123147771,1.0,1.0,
2023-04-18 18:00:00,강력한 반전 (BB 찢고 복귀),30033.9,30019.62123147771,1.5,1.0,
2023-04-18 20:30:00,추세확정 (BB 상단 돌파),30343.0,,2.0,1.0,30335.41976854149
2023-04-19 01:15:00,강력한 반전 (BB 찢고 복귀),30318.8,30274.95440491562,1.5,1.0,
2023-04-19 02:15:00,역추세 반등 (BB 하단),30246.3,30213.43522322616,1.0,1.0,
2023-04-19 02:15:00,강력한 반전 (BB 찢고 복귀),30246.3,30213.43522322616,1.5,1.0,
2023-04-19 07:00:00,역추세 반등 (BB 하단),30025.1,30041.649597306365,1.0,1.0,
2023-04-19 07:15:00,역추세 반등 (BB 하단),30101.9,30032.71085560632,1.0,1.0,
2023-04-19 07:15:00,강력한 반전 (BB 찢고 복귀),30101.9,30032.71085560632,1.5,1.0,
2023-04-19 09:00:00,역추세 반등 (BB 하단),29206.8,29126.145941593033,1.0,1.0,
2023-04-19 09:00:00,강력한 반전 (BB 찢고 복귀),29206.8,29126.145941593033,1.5,1.0,
2023-04-19 14:00:00,추세확정 (BB 상단 돌파),29444.2,,2.0,1.0,29376.59133854435
2023-04-19 14:30:00,추세확정 (BB 상단 돌파),29458.1,,2.0,1.0,29435.786095939613
2023-04-19 15:45:00,강력한 반전 (BB 찢고 복귀),29248.2,29142.788220596376,1.5,1.0,
2023-04-19 20:00:00,강력한 반전 (BB 찢고 복귀),29255.6,29190.33808450649,1.5,1.0,
2023-04-19 20:30:00,강력한 반전 (BB 찢고 복귀),29201.1,29183.777528587318,1.5,1.0,
2023-04-19 21:45:00,역추세 반등 (BB 하단),29163.1,29042.998886266327,1.0,1.0,
2023-04-19 21:45:00,강력한 반전 (BB 찢고 복귀),29163.1,29042.998886266327,1.5,1.0,
2023-04-19 23:30:00,역추세 반등 (BB 하단),28765.5,28783.95180238165,1.0,1.0,
2023-04-19 23:45:00,역추세 반등 (BB 하단),28797.1,28738.481400090124,1.0,1.0,
2023-04-19 23:45:00,강력한 반전 (BB 찢고 복귀),28797.1,28738.481400090124,1.5,1.0,
2023-04-20 03:00:00,강력한 반전 (BB 찢고 복귀),28787.8,28649.211473564217,1.5,1.0,
2023-04-20 08:45:00,역추세 반등 (BB 하단),28814.8,28798.552915021955,1.0,1.0,
2023-04-20 08:45:00,강력한 반전 (BB 찢고 복귀),28814.8,28798.552915021955,1.5,1.0,
2023-04-20 10:30:00,강력한 반전 (BB 찢고 복귀),28822.2,28772.34135595485,1.5,1.0,
2023-04-20 12:00:00,역추세 반등 (BB 하단),28624.9,28634.96414097029,1.0,1.0,
2023-04-20 12:15:00,역추세 반등 (BB 하단),28708.2,28625.48326887379,1.0,1.0,
2023-04-20 12:15:00,강력한 반전 (BB 찢고 복귀),28708.2,28625.48326887379,1.5,1.0,
2023-04-20 16:00:00,역추세 반등 (BB 하단),28538.4,28497.77398336953,1.0,1.0,
2023-04-20 16:00:00,강력한 반전 (BB 찢고 복귀),28538.4,28497.77398336953,1.5,1.0,
2023-04-20 17:00:00,역추세 반등 (BB 하단),28501.5,28415.91355577278,1.0,1.0,
2023-04-20 17:00:00,강력한 반전 (BB 찢고 복귀),28501.5,28415.91355577278,1.5,1.0,
2023-04-20 19:30:00,역추세 반등 (BB 하단),28178.3,28120.145249083595,1.0,1.0,
2023-04-20 19:30:00,강력한 반전 (BB 찢고 복귀),28178.3,28120.145249083595,1.5,1.0,
2023-04-20 20:15:00,강력한 반전 (BB 찢고 복귀),28216.0,28031.03723679527,1.5,1.0,
2023-04-21 00:30:00,강력한 반전 (BB 찢고 복귀),28268.5,28108.716653786523,1.5,1.0,
2023-04-21 02:30:00,강력한 반전 (BB 찢고 복귀),28215.0,28152.087934894178,1.5,1.0,
2023-04-21 06:00:00,역추세 반등 (BB 하단),28162.9,28144.76879705728,1.0,1.0,
2023-04-21 06:00:00,강력한 반전 (BB 찢고 복귀),28162.9,28144.76879705728,1.5,1.0,
2023-04-21 07:00:00,역추세 반등 (BB 하단),27988.7,27976.719810177587,1.0,1.0,
2023-04-21 07:00:00,강력한 반전 (BB 찢고 복귀),27988.7,27976.719810177587,1.5,1.0,
2023-04-21 07:30:00,역추세 반등 (BB 하단),27949.3,27881.17140571843,1.0,1.0,
2023-04-21 07:30:00,강력한 반전 (BB 찢고 복귀),27949.3,27881.17140571843,1.5,1.0,
2023-04-21 12:45:00,추세확정 (BB 상단 돌파),28207.5,,2.0,1.0,28196.232867489125
2023-04-21 13:30:00,추세확정 (BB 상단 돌파),28251.0,,2.0,1.0,28248.534903068976
2023-04-21 16:30:00,강력한 반전 (BB 찢고 복귀),28041.9,27965.082776300114,1.5,1.0,
2023-04-21 17:30:00,역추세 반등 (BB 하단),27912.3,27894.953077631926,1.0,1.0,
2023-04-21 17:30:00,강력한 반전 (BB 찢고 복귀),27912.3,27894.953077631926,1.5,1.0,
2023-04-21 19:15:00,역추세 반등 (BB 하단),27377.1,27507.642367854667,1.0,1.0,
2023-04-21 20:00:00,역추세 반등 (BB 하단),27310.6,27220.148737815176,1.0,1.0,
2023-04-21 20:00:00,강력한 반전 (BB 찢고 복귀),27310.6,27220.148737815176,1.5,1.0,
2023-04-22 01:15:00,역추세 반등 (BB 하단),27217.6,27179.06354992603,1.0,1.0,
2023-04-22 01:15:00,강력한 반전 (BB 찢고 복귀),27217.6,27179.06354992603,1.5,1.0,
2023-04-22 05:45:00,추세확정 (BB 상단 돌파),27393.6,,2.0,1.0,27392.940387299204
2023-04-22 08:30:00,역추세 반등 (BB 하단),27262.8,27239.211910575683,1.0,1.0,
2023-04-22 08:30:00,강력한 반전 (BB 찢고 복귀),27262.8,27239.211910575683,1.5,1.0,
2023-04-22 09:00:00,역추세 반등 (BB 하단),27242.2,27213.664548735498,1.0,1.0,
2023-04-22 09:00:00,강력한 반전 (BB 찢고 복귀),27242.2,27213.664548735498,1.5,1.0,
2023-04-22 12:30:00,추세확정 (BB 상단 돌파),27326.5,,2.0,1.0,27315.05402261252
2023-04-22 14:45:00,추세확정 (BB 상단 돌파),27470.4,,2.0,1.0,27397.134116796045
2023-04-22 16:00:00,추세확정 (BB 상단 돌파),27651.3,,2.0,1.0,27561.35057164861
2023-04-22 22:00:00,추세확정 (BB 상단 돌파),27791.6,,2.0,1.0,27738.633159091652
2023-04-22 22:30:00,추세확정 (BB 상단 돌파),27831.1,,2.0,1.0,27783.292964274962
2023-04-23 00:45:00,역추세 반등 (BB 하단),27534.8,27493.063552921805,1.0,1.0,
2023-04-23 00:45:00,강력한 반전 (BB 찢고 복귀),27534.8,27493.063552921805,1.5,1.0,
2023-04-23 07:30:00,추세확정 (BB 상단 돌파),27670.7,,2.0,1.0,27634.44220598623
2023-04-23 15:30:00,역추세 반등 (BB 하단),27419.0,27429.916724509592,1.0,1.0,
2023-04-23 15:45:00,역추세 반등 (BB 하단),27459.5,27419.881182579793,1.0,1.0,
2023-04-23 15:45:00,강력한 반전 (BB 찢고 복귀),27459.5,27419.881182579793,1.5,1.0,
2023-04-23 16:15:00,역추세 반등 (BB 하단),27523.1,27390.046858235954,1.0,1.0,
2023-04-23 16:15:00,강력한 반전 (BB 찢고 복귀),27523.1,27390.046858235954,1.5,1.0,
2023-04-23 22:15:00,강력한 반전 (BB 찢고 복귀),27521.6,27420.459033819818,1.5,1.0,
2023-04-23 22:30:00,추세확정 (BB 상단 돌파),27575.9,,2.0,1.0,27558.690633357026
2023-04-24 00:45:00,추세확정 (BB 상단 돌파),27795.2,,2.0,1.0,27696.223678539893
2023-04-24 06:00:00,강력한 반전 (BB 찢고 복귀),27681.3,27640.532695862556,1.5,1.0,
2023-04-24 07:15:00,역추세 반등 (BB 하단),27464.0,27479.289585878207,1.0,1.0,
2023-04-24 08:00:00,강력한 반전 (BB 찢고 복귀),27489.4,27394.08269320856,1.5,1.0,
2023-04-24 09:00:00,역추세 반등 (BB 하단),27261.6,27195.210436993853,1.0,1.0,
2023-04-24 09:00:00,강력한 반전 (BB 찢고 복귀),27261.6,27195.210436993853,1.5,1.0,
2023-04-24 13:30:00,추세확정 (BB 상단 돌파),27655.0,,2.0,1.0,27604.755157932148
2023-04-24 15:30:00,역추세 반등 (BB 하단),27240.5,27210.443620652848,1.0,1.0,
2023-04-24 15:30:00,강력한 반전 (BB 찢고 복귀),27240.5,27210.443620652848,1.5,1.0,
2023-04-24 17:00:00,역추세 반등 (BB 하단),27248.8,27088.430977134078,1.0,1.0,
2023-04-24 17:00:00,강력한 반전 (BB 찢고 복귀),27248.8,27088.430977134078,1.5,1.0,
2023-04-24 23:15:00,추세확정 (BB 상단 돌파),27534.1,,2.0,1.0,27511.261948951127
2023-04-25 02:15:00,역추세 반등 (BB 하단),27360.1,27331.90983110861,1.0,1.0,
2023-04-25 02:15:00,강력한 반전 (BB 찢고 복귀),27360.1,27331.90983110861,1.5,1.0,
2023-04-25 05:15:00,강력한 반전 (BB 찢고 복귀),27371.8,27306.717305102058,1.5,1.0,
2023-04-25 07:00:00,강력한 반전 (BB 찢고 복귀),27363.4,27325.118919953347,1.5,1.0,
2023-04-25 07:45:00,역추세 반등 (BB 하단),27255.3,27270.4943173558,1.0,1.0,
2023-04-25 08:00:00,역추세 반등 (BB 하단),27284.6,27259.579667828555,1.0,1.0,
2023-04-25 08:00:00,강력한 반전 (BB 찢고 복귀),27284.6,27259.579667828555,1.5,1.0,
2023-04-25 08:15:00,강력한 반전 (BB 찢고 복귀),27304.7,27253.969169318323,1.5,1.0,
2023-04-25 14:15:00,강력한 반전 (BB 찢고 복귀),27289.3,27267.361687978828,1.5,1.0,
2023-04-25 14:45:00,역추세 반등 (BB 하단),27281.2,27248.205653712317,1.0,1.0,
2023-04-25 14:45:00,강력한 반전 (BB 찢고 복귀),27281.2,27248.205653712317,1.5,1.0,
2023-04-25 17:30:00,추세확정 (BB 상단 돌파),27553.1,,2.0,1.0,27478.652803490437
2023-04-25 20:00:00,추세확정 (BB 상단 돌파),27844.3,,2.0,1.0,27785.471415099593
2023-04-25 21:00:00,추세확정 (BB 상단 돌파),28168.9,,2.0,1.0,28086.27694427139
2023-04-26 06:00:00,추세확정 (BB 상단 돌파),28426.0,,2.0,1.0,28416.171508066953
2023-04-26 08:15:00,추세확정 (BB 상단 돌파),28649.9,,2.0,1.0,28515.516840635613
2023-04-26 12:15:00,추세확정 (BB 상단 돌파),29743.2,,2.0,1.0,29422.40792318089
2023-04-26 20:30:00,역추세 반등 (BB 하단),28091.1,27590.154198426077,1.0,1.0,
2023-04-26 20:30:00,강력한 반전 (BB 찢고 복귀),28091.1,27590.154198426077,1.5,1.0,
2023-04-27 00:15:00,추세확정 (BB 상단 돌파),29393.1,,2.0,1.0,29062.858440541295
2023-04-27 07:00:00,역추세 반등 (BB 하단),28828.7,28787.86176181555,1.0,1.0,
2023-04-27 07:00:00,강력한 반전 (BB 찢고 복귀),28828.7,28787.86176181555,1.5,1.0,
2023-04-27 12:45:00,역추세 반등 (BB 하단),28840.0,28781.313636116105,1.0,1.0,
2023-04-27 12:45:00,강력한 반전 (BB 찢고 복귀),28840.0,28781.313636116105,1.5,1.0,
2023-04-27 15:15:00,추세확정 (BB 상단 돌파),29256.7,,2.0,1.0,29179.771343692337
2023-04-27 18:15:00,추세확정 (BB 상단 돌파),29614.4,,2.0,1.0,29474.914507460984
2023-04-27 23:00:00,강력한 반전 (BB 찢고 복귀),29395.7,29369.719136535477,1.5,1.0,
2023-04-28 08:45:00,역추세 반등 (BB 하단),29238.1,29266.408479365953,1.0,1.0,
2023-04-28 09:15:00,역추세 반등 (BB 하단),29204.3,29190.51165205517,1.0,1.0,
2023-04-28 09:15:00,강력한 반전 (BB 찢고 복귀),29204.3,29190.51165205517,1.5,1.0,
2023-04-28 13:45:00,역추세 반등 (BB 하단),29015.6,29033.361068496884,1.0,1.0,
2023-04-28 14:00:00,역추세 반등 (BB 하단),29151.2,29028.342842991446,1.0,1.0,
2023-04-28 14:00:00,강력한 반전 (BB 찢고 복귀),29151.2,29028.342842991446,1.5,1.0,
2023-04-28 19:00:00,추세확정 (BB 상단 돌파),29333.4,,2.0,1.0,29327.585338444314
2023-04-28 19:30:00,추세확정 (BB 상단 돌파),29380.0,,2.0,1.0,29373.358157271232
2023-04-29 01:15:00,강력한 반전 (BB 찢고 복귀),29268.1,29230.499672910955,1.5,1.0,
2023-04-29 04:15:00,추세확정 (BB 상단 돌파),29392.9,,2.0,1.0,29388.086522575835
2023-04-29 07:30:00,강력한 반전 (BB 찢고 복귀),29322.8,29289.46591619571,1.5,1.0,
2023-04-29 08:30:00,강력한 반전 (BB 찢고 복귀),29298.9,29273.108087041994,1.5,1.0,
2023-04-29 09:15:00,역추세 반등 (BB 하단),29277.6,29254.729978141637,1.0,1.0,
2023-04-29 09:15:00,강력한 반전 (BB 찢고 복귀),29277.6,29254.729978141637,1.5,1.0,
2023-04-29 10:30:00,강력한 반전 (BB 찢고 복귀),29254.9,29240.664560532274,1.5,1.0,
2023-04-29 11:00:00,강력한 반전 (BB 찢고 복귀),29262.3,29237.084301072933,1.5,1.0,
2023-04-29 11:30:00,강력한 반전 (BB 찢고 복귀),29272.8,29230.16949745668,1.5,1.0,
2023-04-29 13:15:00,추세확정 (BB 상단 돌파),29335.2,,2.0,1.0,29327.701435307146
2023-04-29 13:45:00,추세확정 (BB 상단 돌파),29368.3,,2.0,1.0,29349.734314451034
2023-04-29 18:00:00,역추세 반등 (BB 하단),29199.9,29146.611841607802,1.0,1.0,
2023-04-29 18:00:00,강력한 반전 (BB 찢고 복귀),29199.9,29146.611841607802,1.5,1.0,
2023-04-29 23:30:00,강력한 반전 (BB 찢고 복귀),29194.1,29148.790051254557,1.5,1.0,
2023-04-30 01:00:00,역추세 반등 (BB 하단),29133.1,29133.155104485446,1.0,1.0,
2023-04-30 02:00:00,역추세 반등 (BB 하단),29106.0,29087.361403407376,1.0,1.0,
2023-04-30 02:00:00,강력한 반전 (BB 찢고 복귀),29106.0,29087.361403407376,1.5,1.0,
2023-04-30 10:45:00,역추세 반등 (BB 하단),29206.0,29204.721875847452,1.0,1.0,
2023-04-30 10:45:00,강력한 반전 (BB 찢고 복귀),29206.0,29204.721875847452,1.5,1.0,
2023-04-30 11:45:00,역추세 반등 (BB 하단),29183.9,29174.287177677998,1.0,1.0,
2023-04-30 11:45:00,강력한 반전 (BB 찢고 복귀),29183.9,29174.287177677998,1.5,1.0,
2023-04-30 14:30:00,추세확정 (BB 상단 돌파),29336.6,,2.0,1.0,29313.669904495313
2023-04-30 19:30:00,강력한 반전 (BB 찢고 복귀),29357.6,29314.078072156608,1.5,1.0,
2023-04-30 20:15:00,역추세 반등 (BB 하단),29302.1,29204.725358547526,1.0,1.0,
2023-04-30 20:15:00,강력한 반전 (BB 찢고 복귀),29302.1,29204.725358547526,1.5,1.0,
2023-05-01 00:00:00,역추세 반등 (BB 하단),29274.2,29219.207446280623,1.0,1.0,
2023-05-01 00:00:00,강력한 반전 (BB 찢고 복귀),29274.2,29219.207446280623,1.5,1.0,
2023-05-01 02:00:00,역추세 반등 (BB 하단),28621.8,28661.213262813093,1.0,1.0,
2023-05-01 12:00:00,강력한 반전 (BB 찢고 복귀),28513.1,28473.941865978588,1.5,1.0,
2023-05-01 14:00:00,역추세 반등 (BB 하단),28478.6,28462.443190738348,1.0,1.0,
2023-05-01 14:00:00,강력한 반전 (BB 찢고 복귀),28478.6,28462.443190738348,1.5,1.0,
2023-05-01 14:45:00,역추세 반등 (BB 하단),28460.0,28431.33858521651,1.0,1.0,
2023-05-01 14:45:00,강력한 반전 (BB 찢고 복귀),28460.0,28431.33858521651,1.5,1.0,
2023-05-01 15:45:00,역추세 반등 (BB 하단),28162.8,28144.994362151898,1.0,1.0,
2023-05-01 15:45:00,강력한 반전 (BB 찢고 복귀),28162.8,28144.994362151898,1.5,1.0,
2023-05-01 20:00:00,역추세 반등 (BB 하단),27897.7,27855.88786525033,1.0,1.0,
2023-05-01 20:00:00,강력한 반전 (BB 찢고 복귀),27897.7,27855.88786525033,1.5,1.0,
2023-05-01 21:00:00,역추세 반등 (BB 하단),27792.6,27669.57017874792,1.0,1.0,
2023-05-01 21:00:00,강력한 반전 (BB 찢고 복귀),27792.6,27669.57017874792,1.5,1.0,
2023-05-02 05:00:00,강력한 반전 (BB 찢고 복귀),27940.1,27883.052471665545,1.5,1.0,
2023-05-02 07:00:00,추세확정 (BB 상단 돌파),28064.5,,2.0,1.0,28045.551647433855
2023-05-02 08:00:00,추세확정 (BB 상단 돌파),28096.9,,2.0,1.0,28092.231826888634
2023-05-02 12:30:00,추세확정 (BB 상단 돌파),28194.1,,2.0,1.0,28136.711982058103
2023-05-02 14:00:00,강력한 반전 (BB 찢고 복귀),28000.6,27916.278014757267,1.5,1.0,
2023-05-02 14:15:00,추세확정 (BB 상단 돌파),28479.8,,2.0,1.0,28277.92617341546
2023-05-02 15:30:00,추세확정 (BB 상단 돌파),28645.3,,2.0,1.0,28612.920676963422
2023-05-02 19:00:00,추세확정 (BB 상단 돌파),28779.9,,2.0,1.0,28737.539401719125
2023-05-03 00:15:00,강력한 반전 (BB 찢고 복귀),28615.8,28579.162937231788,1.5,1.0,
2023-05-03 01:00:00,역추세 반등 (BB 하단),28542.8,28511.34911001318,1.0,1.0,
2023-05-03 01:00:00,강력한 반전 (BB 찢고 복귀),28542.8,28511.34911001318,1.5,1.0,
2023-05-03 02:15:00,역추세 반등 (BB 하단),28436.1,28407.29542142011,1.0,1.0,
2023-05-03 02:15:00,강력한 반전 (BB 찢고 복귀),28436.1,28407.29542142011,1.5,1.0,
2023-05-03 06:30:00,추세확정 (BB 상단 돌파),28599.5,,2.0,1.0,28569.14031461275
2023-05-03 07:15:00,추세확정 (BB 상단 돌파),28642.4,,2.0,1.0,28616.570964294504
2023-05-03 08:15:00,추세확정 (BB 상단 돌파),28698.1,,2.0,1.0,28689.876070193142
2023-05-03 12:15:00,역추세 반등 (BB 하단),28526.1,28507.52976692149,1.0,1.0,
2023-05-03 12:15:00,강력한 반전 (BB 찢고 복귀),28526.1,28507.52976692149,1.5,1.0,
2023-05-03 13:30:00,역추세 반등 (BB 하단),28331.1,28219.773683361793,1.0,1.0,
2023-05-03 13:30:00,강력한 반전 (BB 찢고 복귀),28331.1,28219.773683361793,1.5,1.0,
2023-05-03 17:15:00,추세확정 (BB 상단 돌파),28562.8,,2.0,1.0,28503.705992443607
2023-05-03 21:15:00,추세확정 (BB 상단 돌파),28838.3,,2.0,1.0,28758.991439689842
2023-05-03 22:00:00,추세확정 (BB 상단 돌파),29017.0,,2.0,1.0,29006.434464922742
2023-05-04 05:45:00,추세확정 (BB 상단 돌파),29191.9,,2.0,1.0,29164.749919827616
2023-05-04 08:15:00,역추세 반등 (BB 하단),29068.0,29001.204870775182,1.0,1.0,
2023-05-04 08:15:00,강력한 반전 (BB 찢고 복귀),29068.0,29001.204870775182,1.5,1.0,
2023-05-04 10:30:00,추세확정 (BB 상단 돌파),29264.9,,2.0,1.0,29220.743923937127
2023-05-04 13:45:00,역추세 반등 (BB 하단),28744.6,28768.475137442005,1.0,1.0,
2023-05-04 14:00:00,역추세 반등 (BB 하단),28771.9,28725.509082645523,1.0,1.0,
2023-05-04 14:00:00,강력한 반전 (BB 찢고 복귀),28771.9,28725.509082645523,1.5,1.0,
2023-05-04 18:30:00,역추세 반등 (BB 하단),28752.4,28714.95322951455,1.0,1.0,
2023-05-04 18:30:00,강력한 반전 (BB 찢고 복귀),28752.4,28714.95322951455,1.5,1.0,
2023-05-04 19:15:00,강력한 반전 (BB 찢고 복귀),28810.1,28717.012919677516,1.5,1.0,
2023-05-05 00:45:00,추세확정 (BB 상단 돌파),28923.0,,2.0,1.0,28910.860773135384
2023-05-05 01:30:00,추세확정 (BB 상단 돌파),29309.1,,2.0,1.0,29090.778543725974
2023-05-05 07:45:00,역추세 반등 (BB 하단),29054.9,29063.777409997587,1.0,1.0,
2023-05-05 08:00:00,역추세 반등 (BB 하단),29084.1,29053.89973783413,1.0,1.0,
2023-05-05 08:00:00,강력한 반전 (BB 찢고 복귀),29084.1,29053.89973783413,1.5,1.0,
2023-05-05 12:00:00,추세확정 (BB 상단 돌파),29163.4,,2.0,1.0,29153.73681471315
2023-05-05 13:00:00,역추세 반등 (BB 하단),28995.0,28957.64090527101,1.0,1.0,
2023-05-05 13:00:00,강력한 반전 (BB 찢고 복귀),28995.0,28957.64090527101,1.5,1.0,
2023-05-05 14:30:00,추세확정 (BB 상단 돌파),29338.0,,2.0,1.0,29280.556316706745
2023-05-05 16:00:00,추세확정 (BB 상단 돌파),29573.8,,2.0,1.0,29468.951065185684
2023-05-06 00:30:00,추세확정 (BB 상단 돌파),29689.9,,2.0,1.0,29617.21613616253
2023-05-06 03:30:00,강력한 반전 (BB 찢고 복귀),29365.1,29341.533338347952,1.5,1.0,
2023-05-06 06:00:00,강력한 반전 (BB 찢고 복귀),29370.0,29258.56765315777,1.5,1.0,
2023-05-06 08:15:00,역추세 반등 (BB 하단),29291.1,29281.09097700692,1.0,1.0,
2023-05-06 08:15:00,강력한 반전 (BB 찢고 복귀),29291.1,29281.09097700692,1.5,1.0,
2023-05-06 08:30:00,강력한 반전 (BB 찢고 복귀),29328.0,29278.543458785778,1.5,1.0,
2023-05-06 10:30:00,역추세 반등 (BB 하단),29248.9,29210.795584126994,1.0,1.0,
2023-05-06 10:30:00,강력한 반전 (BB 찢고 복귀),29248.9,29210.795584126994,1.5,1.0,
2023-05-06 12:45:00,역추세 반등 (BB 하단),29095.9,29121.01599981391,1.0,1.0,
2023-05-06 13:45:00,역추세 반등 (BB 하단),28941.2,28951.06567874028,1.0,1.0,
2023-05-06 21:45:00,역추세 반등 (BB 하단),28796.6,28661.674229903972,1.0,1.0,
2023-05-06 21:45:00,강력한 반전 (BB 찢고 복귀),28796.6,28661.674229903972,1.5,1.0,
2023-05-07 00:45:00,추세확정 (BB 상단 돌파),28926.9,,2.0,1.0,28910.772678065667
2023-05-07 01:15:00,추세확정 (BB 상단 돌파),29066.1,,2.0,1.0,28977.25352628601
2023-05-07 09:15:00,강력한 반전 (BB 찢고 복귀),28839.8,28790.614639415977,1.5,1.0,
2023-05-07 11:30:00,강력한 반전 (BB 찢고 복귀),28828.6,28745.47235332451,1.5,1.0,
2023-05-07 14:30:00,추세확정 (BB 상단 돌파),28990.1,,2.0,1.0,28981.314159269954
2023-05-07 19:15:00,역추세 반등 (BB 하단),28851.5,28811.428210247905,1.0,1.0,
2023-05-07 19:15:00,강력한 반전 (BB 찢고 복귀),28851.5,28811.428210247905,1.5,1.0,
2023-05-07 22:00:00,역추세 반등 (BB 하단),28764.4,28767.423630150282,1.0,1.0,
2023-05-07 22:15:00,역추세 반등 (BB 하단),28788.0,28756.590090865873,1.0,1.0,
2023-05-07 22:15:00,강력한 반전 (BB 찢고 복귀),28788.0,28756.590090865873,1.5,1.0,
2023-05-07 23:00:00,강력한 반전 (BB 찢고 복귀),28733.7,28702.136922868263,1.5,1.0,
2023-05-08 00:00:00,역추세 반등 (BB 하단),28542.0,28517.59472859648,1.0,1.0,
2023-05-08 00:00:00,강력한 반전 (BB 찢고 복귀),28542.0,28517.59472859648,1.5,1.0,
2023-05-08 01:45:00,역추세 반등 (BB 하단),28208.3,28194.132657661634,1.0,1.0,
2023-05-08 01:45:00,강력한 반전 (BB 찢고 복귀),28208.3,28194.132657661634,1.5,1.0,
2023-05-08 02:00:00,강력한 반전 (BB 찢고 복귀),28245.4,28148.003653836517,1.5,1.0,
2023-05-08 08:15:00,역추세 반등 (BB 하단),27919.9,27921.910585724905,1.0,1.0,
2023-05-08 09:00:00,역추세 반등 (BB 하단),27782.1,27752.26877470063,1.0,1.0,
2023-05-08 09:00:00,강력한 반전 (BB 찢고 복귀),27782.1,27752.26877470063,1.5,1.0,
2023-05-08 13:00:00,강력한 반전 (BB 찢고 복귀),27834.5,27740.33308469944,1.5,1.0,
2023-05-08 14:30:00,강력한 반전 (BB 찢고 복귀),27835.0,27759.632767944735,1.5,1.0,
2023-05-08 18:15:00,역추세 반등 (BB 하단),27511.4,27506.757725623946,1.0,1.0,
2023-05-08 18:15:00,강력한 반전 (BB 찢고 복귀),27511.4,27506.757725623946,1.5,1.0,
2023-05-08 18:30:00,강력한 반전 (BB 찢고 복귀),27523.4,27466.744790318367,1.5,1.0,
2023-05-08 19:15:00,강력한 반전 (BB 찢고 복귀),27486.0,27328.680345952813,1.5,1.0,
2023-05-09 05:30:00,강력한 반전 (BB 찢고 복귀),27579.9,27534.94548304835,1.5,1.0,
2023-05-09 06:15:00,역추세 반등 (BB 하단),27471.3,27479.81436638163,1.0,1.0,
2023-05-09 06:30:00,역추세 반등 (BB 하단),27505.1,27470.691712589178,1.0,1.0,
2023-05-09 06:30:00,강력한 반전 (BB 찢고 복귀),27505.1,27470.691712589178,1.5,1.0,
2023-05-09 11:45:00,추세확정 (BB 상단 돌파),27660.0,,2.0,1.0,27653.636782033704
2023-05-09 14:30:00,역추세 반등 (BB 하단),27553.4,27426.318460117436,1.0,1.0,
2023-05-09 14:30:00,강력한 반전 (BB 찢고 복귀),27553.4,27426.318460117436,1.5,1.0,
2023-05-10 00:15:00,추세확정 (BB 상단 돌파),27750.9,,2.0,1.0,27711.520691434464
2023-05-10 06:30:00,역추세 반등 (BB 하단),27600.3,27595.442564996978,1.0,1.0,
2023-05-10 06:30:00,강력한 반전 (BB 찢고 복귀),27600.3,27595.442564996978,1.5,1.0,
2023-05-10 06:45:00,강력한 반전 (BB 찢고 복귀),27614.9,27589.52604948157,1.5,1.0,
2023-05-10 07:30:00,역추세 반등 (BB 하단),27533.5,27540.32127042214,1.0,1.0,
2023-05-10 08:00:00,강력한 반전 (BB 찢고 복귀),27553.8,27514.44538843321,1.5,1.0,
2023-05-10 11:45:00,추세확정 (BB 상단 돌파),27657.2,,2.0,1.0,27630.368010004324
2023-05-10 17:30:00,역추세 반등 (BB 하단),27312.5,27458.333373463975,1.0,1.0,
2023-05-10 17:45:00,역추세 반등 (BB 하단),27482.2,27376.91308736158,1.0,1.0,
2023-05-10 17:45:00,강력한 반전 (BB 찢고 복귀),27482.2,27376.91308736158,1.5,1.0,
2023-05-11 03:15:00,역추세 반등 (BB 하단),27431.1,27409.59311108228,1.0,1.0,
2023-05-11 03:15:00,강력한 반전 (BB 찢고 복귀),27431.1,27409.59311108228,1.5,1.0,
2023-05-11 03:30:00,강력한 반전 (BB 찢고 복귀),27441.3,27397.76520351686,1.5,1.0,
2023-05-11 09:15:00,강력한 반전 (BB 찢고 복귀),27385.0,27347.19929296605,1.5,1.0,
2023-05-11 12:15:00,추세확정 (BB 상단 돌파),27523.8,,2.0,1.0,27512.580942335884
2023-05-11 12:45:00,강력한 반전 (BB 찢고 복귀),27381.4,27328.18736411002,1.5,1.0,
2023-05-11 13:15:00,강력한 반전 (BB 찢고 복귀),27346.9,27308.408536078834,1.5,1.0,
2023-05-11 13:30:00,강력한 반전 (BB 찢고 복귀),27447.6,27310.284477925226,1.5,1.0,
2023-05-11 14:00:00,역추세 반등 (BB 하단),27291.0,27250.60415924311,1.0,1.0,
2023-05-11 14:00:00,강력한 반전 (BB 찢고 복귀),27291.0,27250.60415924311,1.5,1.0,
2023-05-11 14:45:00,역추세 반등 (BB 하단),27114.0,27119.01283295853,1.0,1.0,
2023-05-11 15:15:00,역추세 반등 (BB 하단),27124.9,27035.307665767657,1.0,1.0,
2023-05-11 15:15:00,강력한 반전 (BB 찢고 복귀),27124.9,27035.307665767657,1.5,1.0,
2023-05-11 17:45:00,역추세 반등 (BB 하단),26897.2,26811.425697130344,1.0,1.0,
2023-05-11 17:45:00,강력한 반전 (BB 찢고 복귀),26897.2,26811.425697130344,1.5,1.0,
2023-05-11 19:45:00,강력한 반전 (BB 찢고 복귀),26829.6,26709.74729144842,1.5,1.0,
2023-05-12 01:30:00,강력한 반전 (BB 찢고 복귀),26892.8,26851.7470863539,1.5,1.0,
2023-05-12 03:15:00,역추세 반등 (BB 하단),26698.0,26638.581969907762,1.0,1.0,
2023-05-12 03:15:00,강력한 반전 (BB 찢고 복귀),26698.0,26638.581969907762,1.5,1.0,
2023-05-12 04:00:00,강력한 반전 (BB 찢고 복귀),26640.9,26533.86044022536,1.5,1.0,
2023-05-12 06:15:00,역추세 반등 (BB 하단),26160.5,26193.7448389587,1.0,1.0,
2023-05-12 06:30:00,역추세 반등 (BB 하단),26244.5,26151.220163239497,1.0,1.0,
2023-05-12 12:30:00,추세확정 (BB 상단 돌파),26435.3,,2.0,1.0,26424.94041546279
2023-05-12 14:00:00,추세확정 (BB 상단 돌파),26493.1,,2.0,1.0,26469.143928612782
2023-05-12 19:30:00,역추세 반등 (BB 하단),26132.6,26089.875669076806,1.0,1.0,
2023-05-12 19:30:00,강력한 반전 (BB 찢고 복귀),26132.6,26089.875669076806,1.5,1.0,
2023-05-12 21:00:00,추세확정 (BB 상단 돌파),26659.8,,2.0,1.0,26596.70891250862
2023-05-13 06:15:00,강력한 반전 (BB 찢고 복귀),26729.8,26712.539970928192,1.5,1.0,
2023-05-13 06:45:00,강력한 반전 (BB 찢고 복귀),26728.0,26700.49592698315,1.5,1.0,
2023-05-13 13:00:00,추세확정 (BB 상단 돌파),26859.9,,2.0,1.0,26855.50638231676
2023-05-13 14:30:00,역추세 반등 (BB 하단),26776.7,26754.80809433819,1.0,1.0,
2023-05-13 14:30:00,강력한 반전 (BB 찢고 복귀),26776.7,26754.80809433819,1.5,1.0,
2023-05-13 15:00:00,강력한 반전 (BB 찢고 복귀),26787.2,26750.87383570709,1.5,1.0,
2023-05-13 18:30:00,추세확정 (BB 상단 돌파),26859.6,,2.0,1.0,26845.327873693233
2023-05-13 19:00:00,추세확정 (BB 상단 돌파),26867.3,,2.0,1.0,26857.98098537946
2023-05-13 23:45:00,역추세 반등 (BB 하단),26767.1,26770.040000004574,1.0,1.0,
2023-05-14 00:15:00,역추세 반등 (BB 하단),26777.9,26744.571579343738,1.0,1.0,
2023-05-14 00:15:00,강력한 반전 (BB 찢고 복귀),26777.9,26744.571579343738,1.5,1.0,
2023-05-14 00:45:00,역추세 반등 (BB 하단),26726.9,26700.106328278303,1.0,1.0,
2023-05-14 00:45:00,강력한 반전 (BB 찢고 복귀),26726.9,26700.106328278303,1.5,1.0,
2023-05-14 01:15:00,역추세 반등 (BB 하단),26683.9,26652.03928667033,1.0,1.0,
2023-05-14 01:15:00,강력한 반전 (BB 찢고 복귀),26683.9,26652.03928667033,1.5,1.0,
2023-05-14 09:30:00,강력한 반전 (BB 찢고 복귀),26831.8,26797.613409140427,1.5,1.0,
2023-05-14 11:15:00,강력한 반전 (BB 찢고 복귀),26804.5,26800.91994862823,1.5,1.0,
2023-05-14 12:30:00,역추세 반등 (BB 하단),26793.8,26762.68119768482,1.0,1.0,
2023-05-14 12:30:00,강력한 반전 (BB 찢고 복귀),26793.8,26762.68119768482,1.5,1.0,
2023-05-14 13:45:00,추세확정 (BB 상단 돌파),26898.0,,2.0,1.0,26887.91514909415
2023-05-14 14:45:00,추세확정 (BB 상단 돌파),26946.9,,2.0,1.0,26924.973234282916
2023-05-15 00:45:00,역추세 반등 (BB 하단),26794.8,26785.924357505544,1.0,1.0,
2023-05-15 00:45:00,강력한 반전 (BB 찢고 복귀),26794.8,26785.924357505544,1.5,1.0,
2023-05-15 01:00:00,강력한 반전 (BB 찢고 복귀),26815.8,26779.237115566764,1.5,1.0,
2023-05-15 01:30:00,추세확정 (BB 상단 돌파),27116.3,,2.0,1.0,27040.762451540264
2023-05-15 06:15:00,추세확정 (BB 상단 돌파),27496.9,,2.0,1.0,27403.152960982545
2023-05-15 12:00:00,역추세 반등 (BB 하단),27351.0,27328.87144068221,1.0,1.0,
2023-05-15 12:00:00,강력한 반전 (BB 찢고 복귀),27351.0,27328.87144068221,1.5,1.0,
2023-05-15 14:15:00,역추세 반등 (BB 하단),27287.5,27289.325509656916,1.0,1.0,
2023-05-15 14:30:00,역추세 반등 (BB 하단),27320.1,27284.723803687608,1.0,1.0,
2023-05-15 14:30:00,강력한 반전 (BB 찢고 복귀),27320.1,27284.723803687608,1.5,1.0,
2023-05-15 16:15:00,추세확정 (BB 상단 돌파),27473.6,,2.0,1.0,27467.15601622168
2023-05-15 17:00:00,추세확정 (BB 상단 돌파),27593.4,,2.0,1.0,27530.88747741257
2023-05-15 22:45:00,강력한 반전 (BB 찢고 복귀),27300.3,27267.95996061209,1.5,1.0,
2023-05-16 00:00:00,역추세 반등 (BB 하단),27210.0,27187.55781455926,1.0,1.0,
2023-05-16 00:00:00,강력한 반전 (BB 찢고 복귀),27210.0,27187.55781455926,1.5,1.0,
2023-05-16 00:45:00,강력한 반전 (BB 찢고 복귀),27191.1,27157.613380673574,1.5,1.0,
2023-05-16 01:30:00,역추세 반등 (BB 하단),26957.5,26983.842658965063,1.0,1.0,
2023-05-16 01:45:00,역추세 반등 (BB 하단),27010.0,26952.296030342914,1.0,1.0,
2023-05-16 01:45:00,강력한 반전 (BB 찢고 복귀),27010.0,26952.296030342914,1.5,1.0,
2023-05-16 07:30:00,추세확정 (BB 상단 돌파),27207.9,,2.0,1.0,27184.360207353937
2023-05-16 13:30:00,강력한 반전 (BB 찢고 복귀),27073.7,26972.758445401036,1.5,1.0,
2023-05-16 14:15:00,역추세 반등 (BB 하단),26991.4,26956.441605133932,1.0,1.0,
2023-05-16 14:15:00,강력한 반전 (BB 찢고 복귀),26991.4,26956.441605133932,1.5,1.0,
2023-05-16 14:45:00,강력한 반전 (BB 찢고 복귀),26972.2,26939.759411805862,1.5,1.0,
2023-05-16 20:00:00,역추세 반등 (BB 하단),26951.0,26939.60446193956,1.0,1.0,
2023-05-16 20:00:00,강력한 반전 (BB 찢고 복귀),26951.0,26939.60446193956,1.5,1.0,
2023-05-16 20:15:00,강력한 반전 (BB 찢고 복귀),26966.7,26935.032339816917,1.5,1.0,
2023-05-16 21:00:00,강력한 반전 (BB 찢고 복귀),26981.7,26920.012043993604,1.5,1.0,
2023-05-17 00:45:00,추세확정 (BB 상단 돌파),27090.3,,2.0,1.0,27069.78982694707
2023-05-17 01:15:00,추세확정 (BB 상단 돌파),27092.5,,2.0,1.0,27091.465198108093
2023-05-17 08:30:00,역추세 반등 (BB 하단),26839.1,26788.637716464655,1.0,1.0,
2023-05-17 08:30:00,강력한 반전 (BB 찢고 복귀),26839.1,26788.637716464655,1.5,1.0,
2023-05-17 11:45:00,역추세 반등 (BB 하단),26625.9,26619.629408409895,1.0,1.0,
2023-05-17 11:45:00,강력한 반전 (BB 찢고 복귀),26625.9,26619.629408409895,1.5,1.0,
2023-05-17 12:00:00,강력한 반전 (BB 찢고 복귀),26697.1,26616.42487090931,1.5,1.0,
2023-05-17 14:30:00,강력한 반전 (BB 찢고 복귀),26740.0,26532.209388215473,1.5,1.0,
2023-05-17 16:30:00,추세확정 (BB 상단 돌파),26846.0,,2.0,1.0,26841.46425039167
2023-05-17 17:45:00,추세확정 (BB 상단 돌파),27067.8,,2.0,1.0,27008.4115330218
2023-05-17 19:00:00,추세확정 (BB 상단 돌파),27296.4,,2.0,1.0,27241.670137722544
2023-05-18 02:15:00,강력한 반전 (BB 찢고 복귀),27319.8,27282.3481780817,1.5,1.0,
2023-05-18 05:00:00,강력한 반전 (BB 찢고 복귀),27293.2,27276.198695012703,1.5,1.0,
2023-05-18 05:30:00,역추세 반등 (BB 하단),27259.8,27255.495334967654,1.0,1.0,
2023-05-18 05:30:00,강력한 반전 (BB 찢고 복귀),27259.8,27255.495334967654,1.5,1.0,
2023-05-18 06:30:00,역추세 반등 (BB 하단),27239.0,27174.67384012904,1.0,1.0,
2023-05-18 06:30:00,강력한 반전 (BB 찢고 복귀),27239.0,27174.67384012904,1.5,1.0,
2023-05-18 13:30:00,역추세 반등 (BB 하단),27250.3,27193.85958655429,1.0,1.0,
2023-05-18 13:30:00,강력한 반전 (BB 찢고 복귀),27250.3,27193.85958655429,1.5,1.0,
2023-05-18 14:45:00,강력한 반전 (BB 찢고 복귀),27238.9,27147.42331471965,1.5,1.0,
2023-05-18 15:30:00,강력한 반전 (BB 찢고 복귀),27129.0,27087.857285469127,1.5,1.0,
2023-05-18 16:30:00,강력한 반전 (BB 찢고 복귀),27093.5,26989.61621802495,1.5,1.0,
2023-05-18 18:00:00,역추세 반등 (BB 하단),26534.2,26600.77636935453,1.0,1.0,
2023-05-18 18:15:00,역추세 반등 (BB 하단),26598.8,26532.40907935389,1.0,1.0,
2023-05-18 18:15:00,강력한 반전 (BB 찢고 복귀),26598.8,26532.40907935389,1.5,1.0,
2023-05-19 01:45:00,강력한 반전 (BB 찢고 복귀),26797.4,26739.180187499645,1.5,1.0,
2023-05-19 02:45:00,강력한 반전 (BB 찢고 복귀),26795.9,26759.00175760671,1.5,1.0,
2023-05-19 03:00:00,강력한 반전 (BB 찢고 복귀),26800.6,26762.843456468527,1.5,1.0,
2023-05-19 07:00:00,추세확정 (BB 상단 돌파),26937.5,,2.0,1.0,26930.250218846417
2023-05-19 11:15:00,역추세 반등 (BB 하단),26822.9,26785.732050938743,1.0,1.0,
2023-05-19 12:00:00,추세확정 (BB 상단 돌파),26932.6,,2.0,1.0,26915.519009521242
2023-05-19 15:00:00,강력한 반전 (BB 찢고 복귀),26891.4,26752.722550450973,1.5,1.0,
2023-05-19 15:30:00,강력한 반전 (BB 찢고 복귀),26937.9,26752.450190235366,1.5,1.0,
2023-05-20 00:45:00,강력한 반전 (BB 찢고 복귀),26833.0,26816.829259296228,1.5,1.0,
2023-05-20 07:30:00,강력한 반전 (BB 찢고 복귀),26836.6,26827.33975628256,1.5,1.0,
2023-05-20 08:15:00,추세확정 (BB 상단 돌파),26873.3,,2.0,1.0,26869.786138155418
2023-05-20 08:45:00,추세확정 (BB 상단 돌파),26894.9,,2.0,1.0,26881.725945193375
2023-05-20 12:15:00,추세확정 (BB 상단 돌파),26919.2,,2.0,1.0,26909.258328222935
2023-05-20 15:15:00,추세확정 (BB 상단 돌파),26919.4,,2.0,1.0,26917.707125237008
2023-05-20 17:30:00,추세확정 (BB 상단 돌파),27025.6,,2.0,1.0,26973.478929112338
2023-05-20 23:30:00,추세확정 (BB 상단 돌파),27081.1,,2.0,1.0,27076.228907409022
2023-05-21 00:45:00,추세확정 (BB 상단 돌파),27233.6,,2.0,1.0,27154.042882812173
2023-05-21 06:45:00,역추세 반등 (BB 하단),27076.8,27057.610336827205,1.0,1.0,
2023-05-21 08:00:00,강력한 반전 (BB 찢고 복귀),27056.5,27017.34830522705,1.5,1.0,
2023-05-21 12:15:00,역추세 반등 (BB 하단),26839.7,26799.979671177425,1.0,1.0,
2023-05-21 15:45:00,역추세 반등 (BB 하단),26886.8,26807.013959182572,1.0,1.0,
2023-05-21 15:45:00,강력한 반전 (BB 찢고 복귀),26886.8,26807.013959182572,1.5,1.0,
2023-05-21 17:30:00,강력한 반전 (BB 찢고 복귀),26880.3,26833.411293958554,1.5,1.0,
2023-05-21 21:30:00,역추세 반등 (BB 하단),26750.2,26743.979768190235,1.0,1.0,
2023-05-21 21:30:00,강력한 반전 (BB 찢고 복귀),26750.2,26743.979768190235,1.5,1.0,
2023-05-22 00:45:00,역추세 반등 (BB 하단),26648.3,26619.736850128895,1.0,1.0,
2023-05-22 00:45:00,강력한 반전 (BB 찢고 복귀),26648.3,26619.736850128895,1.5,1.0,
2023-05-22 01:15:00,강력한 반전 (BB 찢고 복귀),26658.9,26606.131240863215,1.5,1.0,
2023-05-22 02:00:00,역추세 반등 (BB 하단),26610.8,26571.212055893946,1.0,1.0,
2023-05-22 02:00:00,강력한 반전 (BB 찢고 복귀),26610.8,26571.212055893946,1.5,1.0,
2023-05-22 05:00:00,추세확정 (BB 상단 돌파),26717.0,,2.0,1.0,26715.869745748114
2023-05-22 06:15:00,추세확정 (BB 상단 돌파),26883.0,,2.0,1.0,26821.918068621
2023-05-22 10:45:00,강력한 반전 (BB 찢고 복귀),26822.4,26785.75388470704,1.5,1.0,
2023-05-22 11:15:00,역추세 반등 (BB 하단),26789.6,26785.12529518429,1.0,1.0,
2023-05-22 11:15:00,강력한 반전 (BB 찢고 복귀),26789.6,26785.12529518429,1.5,1.0,
2023-05-22 13:00:00,역추세 반등 (BB 하단),26758.8,26743.549847078946,1.0,1.0,
2023-05-22 13:00:00,강력한 반전 (BB 찢고 복귀),26758.8,26743.549847078946,1.5,1.0,
2023-05-22 13:30:00,추세확정 (BB 상단 돌파),27003.7,,2.0,1.0,26929.12181226935
2023-05-23 01:00:00,강력한 반전 (BB 찢고 복귀),26832.7,26807.71263057782,1.5,1.0,
2023-05-23 01:15:00,추세확정 (BB 상단 돌파),26964.8,,2.0,1.0,26939.499267517964
2023-05-23 02:00:00,추세확정 (BB 상단 돌파),27051.9,,2.0,1.0,27021.161987786185
2023-05-23 02:45:00,추세확정 (BB 상단 돌파),27118.5,,2.0,1.0,27098.245804489277
2023-05-23 12:00:00,추세확정 (BB 상단 돌파),27351.0,,2.0,1.0,27347.02372167764
2023-05-23 13:45:00,강력한 반전 (BB 찢고 복귀),27225.2,27203.428531257905,1.5,1.0,
2023-05-23 16:45:00,강력한 반전 (BB 찢고 복귀),27221.0,27192.319429742845,1.5,1.0,
2023-05-23 17:30:00,역추세 반등 (BB 하단),27201.2,27177.73630782534,1.0,1.0,
2023-05-23 17:30:00,강력한 반전 (BB 찢고 복귀),27201.2,27177.73630782534,1.5,1.0,
2023-05-23 18:30:00,역추세 반등 (BB 하단),27163.1,27123.76925086816,1.0,1.0,
2023-05-23 18:30:00,강력한 반전 (BB 찢고 복귀),27163.1,27123.76925086816,1.5,1.0,
2023-05-23 19:00:00,강력한 반전 (BB 찢고 복귀),27166.4,27098.76316571086,1.5,1.0,
2023-05-23 23:15:00,추세확정 (BB 상단 돌파),27238.3,,2.0,1.0,27237.846787201954
2023-05-24 01:00:00,역추세 반등 (BB 하단),27173.0,27149.337532324334,1.0,1.0,
2023-05-24 01:00:00,강력한 반전 (BB 찢고 복귀),27173.0,27149.337532324334,1.5,1.0,
2023-05-24 01:30:00,강력한 반전 (BB 찢고 복귀),27173.5,27147.118822675493,1.5,1.0,
2023-05-24 02:00:00,역추세 반등 (BB 하단),27149.4,27130.26747750237,1.0,1.0,
2023-05-24 02:00:00,강력한 반전 (BB 찢고 복귀),27149.4,27130.26747750237,1.5,1.0,
2023-05-24 03:45:00,역추세 반등 (BB 하단),26772.5,26837.14469096247,1.0,1.0,
2023-05-24 04:15:00,역추세 반등 (BB 하단),26740.0,26706.85595473064,1.0,1.0,
2023-05-24 04:15:00,강력한 반전 (BB 찢고 복귀),26740.0,26706.85595473064,1.5,1.0,
2023-05-24 14:30:00,역추세 반등 (BB 하단),26343.4,26332.460112490182,1.0,1.0,
2023-05-24 14:30:00,강력한 반전 (BB 찢고 복귀),26343.4,26332.460112490182,1.5,1.0,
2023-05-24 15:15:00,역추세 반등 (BB 하단),26307.2,26151.14200560449,1.0,1.0,
2023-05-24 15:15:00,강력한 반전 (BB 찢고 복귀),26307.2,26151.14200560449,1.5,1.0,
2023-05-24 20:15:00,추세확정 (BB 상단 돌파),26414.9,,2.0,1.0,26368.749319389426
2023-05-24 20:45:00,추세확정 (BB 상단 돌파),26395.0,,2.0,1.0,26394.441063549464
2023-05-25 00:45:00,역추세 반등 (BB 하단),26224.6,26216.830568268237,1.0,1.0,
2023-05-25 00:45:00,강력한 반전 (BB 찢고 복귀),26224.6,26216.830568268237,1.5,1.0,
2023-05-25 01:30:00,역추세 반등 (BB 하단),26086.1,26070.949041764612,1.0,1.0,
2023-05-25 01:30:00,강력한 반전 (BB 찢고 복귀),26086.1,26070.949041764612,1.5,1.0,
2023-05-25 01:45:00,강력한 반전 (BB 찢고 복귀),26109.2,26046.576450548982,1.5,1.0,
2023-05-25 08:00:00,역추세 반등 (BB 하단),26161.1,26130.847613528524,1.0,1.0,
2023-05-25 08:00:00,강력한 반전 (BB 찢고 복귀),26161.1,26130.847613528524,1.5,1.0,
2023-05-25 12:00:00,추세확정 (BB 상단 돌파),26380.0,,2.0,1.0,26332.44718104014
2023-05-25 15:45:00,강력한 반전 (BB 찢고 복귀),26216.5,26170.830967860555,1.5,1.0,
2023-05-25 19:00:00,추세확정 (BB 상단 돌파),26526.0,,2.0,1.0,26471.19218637945
2023-05-26 00:45:00,강력한 반전 (BB 찢고 복귀),26457.5,26412.762168089863,1.5,1.0,
2023-05-26 01:45:00,역추세 반등 (BB 하단),26399.8,26391.938209067397,1.0,1.0,
2023-05-26 01:45:00,강력한 반전 (BB 찢고 복귀),26399.8,26391.938209067397,1.5,1.0,
2023-05-26 02:15:00,역추세 반등 (BB 하단),26398.3,26376.544217995117,1.0,1.0,
2023-05-26 02:15:00,강력한 반전 (BB 찢고 복귀),26398.3,26376.544217995117,1.5,1.0,
2023-05-26 05:30:00,강력한 반전 (BB 찢고 복귀),26376.0,26354.985061338462,1.5,1.0,
2023-05-26 06:00:00,역추세 반등 (BB 하단),26348.6,26345.070693991824,1.0,1.0,
2023-05-26 06:00:00,강력한 반전 (BB 찢고 복귀),26348.6,26345.070693991824,1.5,1.0,
2023-05-26 07:45:00,추세확정 (BB 상단 돌파),26489.0,,2.0,1.0,26478.178363934796
2023-05-26 12:45:00,역추세 반등 (BB 하단),26428.5,26393.13173639291,1.0,1.0,
2023-05-26 12:45:00,강력한 반전 (BB 찢고 복귀),26428.5,26393.13173639291,1.5,1.0,
2023-05-26 13:30:00,추세확정 (BB 상단 돌파),26536.8,,2.0,1.0,26506.009036978263
2023-05-26 23:00:00,강력한 반전 (BB 찢고 복귀),26705.0,26668.604569483905,1.5,1.0,
2023-05-27 00:45:00,역추세 반등 (BB 하단),26640.6,26628.499322939788,1.0,1.0,
2023-05-27 00:45:00,강력한 반전 (BB 찢고 복귀),26640.6,26628.499322939788,1.5,1.0,
2023-05-27 03:30:00,추세확정 (BB 상단 돌파),26759.4,,2.0,1.0,26752.274684735326
2023-05-27 08:15:00,역추세 반등 (BB 하단),26696.9,26682.42947918317,1.0,1.0,
2023-05-27 08:15:00,강력한 반전 (BB 찢고 복귀),26696.9,26682.42947918317,1.5,1.0,
2023-05-27 08:45:00,강력한 반전 (BB 찢고 복귀),26680.6,26672.1604092905,1.5,1.0,
2023-05-27 11:00:00,강력한 반전 (BB 찢고 복귀),26681.1,26662.61172307662,1.5,1.0,
2023-05-27 12:30:00,추세확정 (BB 상단 돌파),26720.8,,2.0,1.0,26717.451747260027
2023-05-27 13:15:00,추세확정 (BB 상단 돌파),26749.9,,2.0,1.0,26730.20086277475
2023-05-27 14:00:00,역추세 반등 (BB 하단),26648.4,26636.556615646292,1.0,1.0,
2023-05-27 14:00:00,강력한 반전 (BB 찢고 복귀),26648.4,26636.556615646292,1.5,1.0,
2023-05-27 14:15:00,강력한 반전 (BB 찢고 복귀),26684.4,26635.901780219472,1.5,1.0,
2023-05-27 18:30:00,추세확정 (BB 상단 돌파),26778.5,,2.0,1.0,26764.009153324165
2023-05-27 22:30:00,추세확정 (BB 상단 돌파),26805.0,,2.0,1.0,26795.671094569832
2023-05-27 23:30:00,추세확정 (BB 상단 돌파),26841.5,,2.0,1.0,26836.631417925662
2023-05-28 00:30:00,추세확정 (BB 상단 돌파),26984.9,,2.0,1.0,26909.813550847848
2023-05-28 11:00:00,추세확정 (BB 상단 돌파),27225.0,,2.0,1.0,27223.38090562937
2023-05-28 15:45:00,추세확정 (BB 상단 돌파),27257.8,,2.0,1.0,27247.60849058282
2023-05-28 17:30:00,추세확정 (BB 상단 돌파),27347.6,,2.0,1.0,27319.797021378316
2023-05-28 18:00:00,추세확정 (BB 상단 돌파),27359.5,,2.0,1.0,27354.58021551017
2023-05-28 21:45:00,추세확정 (BB 상단 돌파),27829.8,,2.0,1.0,27815.833961665245
2023-05-29 04:15:00,역추세 반등 (BB 하단),27923.9,27900.77185892304,1.0,1.0,
2023-05-29 04:15:00,강력한 반전 (BB 찢고 복귀),27923.9,27900.77185892304,1.5,1.0,
2023-05-29 04:45:00,강력한 반전 (BB 찢고 복귀),27938.2,27855.582861183157,1.5,1.0,
2023-05-29 15:00:00,역추세 반등 (BB 하단),27795.6,27796.116579974565,1.0,1.0,
2023-05-29 15:30:00,역추세 반등 (BB 하단),27667.1,27697.122619851547,1.0,1.0,
2023-05-29 16:00:00,역추세 반등 (BB 하단),27661.0,27629.089210172042,1.0,1.0,
2023-05-29 16:00:00,강력한 반전 (BB 찢고 복귀),27661.0,27629.089210172042,1.5,1.0,
2023-05-29 16:30:00,역추세 반등 (BB 하단),27644.4,27561.10623802221,1.0,1.0,
2023-05-29 16:30:00,강력한 반전 (BB 찢고 복귀),27644.4,27561.10623802221,1.5,1.0,
2023-05-29 17:00:00,강력한 반전 (BB 찢고 복귀),27662.0,27522.74917700348,1.5,1.0,
2023-05-29 22:30:00,역추세 반등 (BB 하단),27668.8,27598.20493327771,1.0,1.0,
2023-05-29 22:30:00,강력한 반전 (BB 찢고 복귀),27668.8,27598.20493327771,1.5,1.0,
2023-05-29 23:00:00,추세확정 (BB 상단 돌파),27796.0,,2.0,1.0,27750.62589399811
2023-05-30 03:15:00,추세확정 (BB 상단 돌파),27852.0,,2.0,1.0,27836.605268168532
2023-05-30 09:30:00,추세확정 (BB 상단 돌파),27862.0,,2.0,1.0,27848.216120552526
2023-05-30 10:15:00,추세확정 (BB 상단 돌파),27910.1,,2.0,1.0,27890.69185157636
2023-05-30 14:00:00,강력한 반전 (BB 찢고 복귀),27794.5,27764.35276196464,1.5,1.0,
2023-05-30 15:00:00,역추세 반등 (BB 하단),27676.5,27636.063316943008,1.0,1.0,
2023-05-30 15:00:00,강력한 반전 (BB 찢고 복귀),27676.5,27636.063316943008,1.5,1.0,
2023-05-30 16:15:00,강력한 반전 (BB 찢고 복귀),27676.0,27531.06035402651,1.5,1.0,
2023-05-30 19:30:00,추세확정 (BB 상단 돌파),27839.5,,2.0,1.0,27821.357597399012
2023-05-31 02:15:00,강력한 반전 (BB 찢고 복귀),27674.9,27631.770959057,1.5,1.0,
2023-05-31 02:45:00,강력한 반전 (BB 찢고 복귀),27659.1,27619.21084339523,1.5,1.0,
2023-05-31 05:15:00,역추세 반등 (BB 하단),27165.5,27228.005706820684,1.0,1.0,
2023-05-31 09:30:00,강력한 반전 (BB 찢고 복귀),27108.8,27057.264891984472,1.5,1.0,
2023-05-31 11:00:00,강력한 반전 (BB 찢고 복귀),27070.4,27051.3746992848,1.5,1.0,
2023-05-31 13:30:00,추세확정 (BB 상단 돌파),27188.0,,2.0,1.0,27171.065291482544
2023-05-31 14:30:00,역추세 반등 (BB 하단),26980.8,26953.582553970355,1.0,1.0,
2023-05-31 14:30:00,강력한 반전 (BB 찢고 복귀),26980.8,26953.582553970355,1.5,1.0,
2023-05-31 15:15:00,역추세 반등 (BB 하단),26927.3,26899.333809294712,1.0,1.0,
2023-05-31 16:00:00,강력한 반전 (BB 찢고 복귀),26948.8,26850.693473918378,1.5,1.0,
2023-05-31 22:15:00,추세확정 (BB 상단 돌파),27142.4,,2.0,1.0,27134.279989289218
2023-05-31 22:45:00,추세확정 (BB 상단 돌파),27170.2,,2.0,1.0,27163.317658237724
2023-05-31 23:30:00,추세확정 (BB 상단 돌파),27247.0,,2.0,1.0,27222.494508819935
2023-06-01 00:00:00,추세확정 (BB 상단 돌파),27304.1,,2.0,1.0,27271.165419462966
2023-06-01 03:00:00,역추세 반등 (BB 하단),26749.1,26806.2193610406,1.0,1.0,
2023-06-01 03:15:00,역추세 반등 (BB 하단),26750.0,26748.59784316748,1.0,1.0,
2023-06-01 03:15:00,강력한 반전 (BB 찢고 복귀),26750.0,26748.59784316748,1.5,1.0,
2023-06-01 08:45:00,추세확정 (BB 상단 돌파),26900.2,,2.0,1.0,26887.58166259291
2023-06-01 16:45:00,역추세 반등 (BB 하단),27087.0,26791.679342054373,1.0,1.0,
2023-06-01 16:45:00,추세확정 (BB 상단 돌파),27087.0,,2.0,1.0,27005.26065794563
2023-06-01 16:45:00,강력한 반전 (BB 찢고 복귀),27087.0,26791.679342054373,1.5,1.0,
2023-06-01 23:30:00,강력한 반전 (BB 찢고 복귀),26821.5,26770.697570230113,1.5,1.0,
2023-06-02 00:30:00,역추세 반등 (BB 하단),26720.0,26723.751641271065,1.0,1.0,
2023-06-02 00:45:00,역추세 반등 (BB 하단),26778.2,26717.364620812346,1.0,1.0,
2023-06-02 00:45:00,강력한 반전 (BB 찢고 복귀),26778.2,26717.364620812346,1.5,1.0,
2023-06-02 04:30:00,추세확정 (BB 상단 돌파),27082.0,,2.0,1.0,27081.083403440116
2023-06-02 12:30:00,강력한 반전 (BB 찢고 복귀),27141.8,27029.205158916113,1.5,1.0,
2023-06-02 13:15:00,강력한 반전 (BB 찢고 복귀),27068.6,27032.425681778757,1.5,1.0,
2023-06-02 14:00:00,역추세 반등 (BB 하단),26948.8,26954.88517983957,1.0,1.0,
2023-06-02 14:30:00,역추세 반등 (BB 하단),26955.7,26913.630046006143,1.0,1.0,
2023-06-02 14:30:00,강력한 반전 (BB 찢고 복귀),26955.7,26913.630046006143,1.5,1.0,
2023-06-02 18:45:00,추세확정 (BB 상단 돌파),27186.0,,2.0,1.0,27154.388820596872
2023-06-02 19:30:00,추세확정 (BB 상단 돌파),27266.0,,2.0,1.0,27217.05204011476
2023-06-03 06:15:00,추세확정 (BB 상단 돌파),27182.0,,2.0,1.0,27173.89579791383
2023-06-03 09:45:00,강력한 반전 (BB 찢고 복귀),27147.7,27122.25807407562,1.5,1.0,
2023-06-03 13:30:00,추세확정 (BB 상단 돌파),27175.5,,2.0,1.0,27168.864933694324
2023-06-03 14:00:00,추세확정 (BB 상단 돌파),27184.4,,2.0,1.0,27179.03873354696
2023-06-03 15:15:00,추세확정 (BB 상단 돌파),27228.0,,2.0,1.0,27204.0559602409
2023-06-03 15:45:00,추세확정 (BB 상단 돌파),27286.9,,2.0,1.0,27242.04787858338
2023-06-03 16:15:00,추세확정 (BB 상단 돌파),27300.7,,2.0,1.0,27279.73115304809
2023-06-03 21:15:00,역추세 반등 (BB 하단),27009.0,26994.263419936135,1.0,1.0,
2023-06-03 21:15:00,강력한 반전 (BB 찢고 복귀),27009.0,26994.263419936135,1.5,1.0,
2023-06-03 21:45:00,역추세 반등 (BB 하단),26999.9,26967.471185107548,1.0,1.0,
2023-06-03 21:45:00,강력한 반전 (BB 찢고 복귀),26999.9,26967.471185107548,1.5,1.0,
2023-06-04 01:00:00,강력한 반전 (BB 찢고 복귀),27023.1,26973.638653436614,1.5,1.0,
2023-06-04 06:30:00,추세확정 (BB 상단 돌파),27105.0,,2.0,1.0,27096.66521099509
2023-06-04 13:30:00,추세확정 (BB 상단 돌파),27243.2,,2.0,1.0,27241.103021194533
2023-06-04 14:30:00,강력한 반전 (BB 찢고 복귀),27223.8,27165.156454262484,1.5,1.0,
2023-06-04 16:00:00,강력한 반전 (BB 찢고 복귀),27175.7,27153.85609723171,1.5,1.0,
2023-06-04 20:15:00,추세확정 (BB 상단 돌파),27240.0,,2.0,1.0,27228.86679879142
2023-06-04 21:00:00,추세확정 (BB 상단 돌파),27253.6,,2.0,1.0,27252.554681676727
2023-06-04 22:00:00,추세확정 (BB 상단 돌파),27267.7,,2.0,1.0,27263.147261272145
2023-06-04 22:30:00,추세확정 (BB 상단 돌파),27297.2,,2.0,1.0,27282.103017972644
2023-06-04 23:30:00,역추세 반등 (BB 하단),27146.6,27134.67201001926,1.0,1.0,
2023-06-04 23:30:00,강력한 반전 (BB 찢고 복귀),27146.6,27134.67201001926,1.5,1.0,
2023-06-05 00:15:00,역추세 반등 (BB 하단),27115.7,27083.63049505755,1.0,1.0,
2023-06-05 00:15:00,강력한 반전 (BB 찢고 복귀),27115.7,27083.63049505755,1.5,1.0,
2023-06-05 01:15:00,역추세 반등 (BB 하단),27036.0,26980.511580787475,1.0,1.0,
2023-06-05 01:15:00,강력한 반전 (BB 찢고 복귀),27036.0,26980.511580787475,1.5,1.0,
2023-06-05 03:15:00,역추세 반등 (BB 하단),26888.5,26836.90366875263,1.0,1.0,
2023-06-05 03:15:00,강력한 반전 (BB 찢고 복귀),26888.5,26836.90366875263,1.5,1.0,
2023-06-05 09:00:00,강력한 반전 (BB 찢고 복귀),26810.1,26770.367927495783,1.5,1.0,
2023-06-05 10:30:00,역추세 반등 (BB 하단),26729.2,26728.1515656912,1.0,1.0,
2023-06-05 10:30:00,강력한 반전 (BB 찢고 복귀),26729.2,26728.1515656912,1.5,1.0,
2023-06-05 11:00:00,역추세 반등 (BB 하단),26741.0,26707.48980969415,1.0,1.0,
2023-06-05 11:00:00,강력한 반전 (BB 찢고 복귀),26741.0,26707.48980969415,1.5,1.0,
2023-06-05 13:00:00,강력한 반전 (BB 찢고 복귀),26717.9,26679.67553330616,1.5,1.0,
2023-06-05 23:15:00,추세확정 (BB 상단 돌파),25846.0,,2.0,1.0,25816.378217540565
2023-06-06 08:30:00,역추세 반등 (BB 하단),25708.7,25681.19865677118,1.0,1.0,
2023-06-06 08:30:00,강력한 반전 (BB 찢고 복귀),25708.7,25681.19865677118,1.5,1.0,
2023-06-06 12:15:00,역추세 반등 (BB 하단),25542.0,25542.21393397271,1.0,1.0,
2023-06-06 12:30:00,역추세 반등 (BB 하단),25585.5,25528.823534487936,1.0,1.0,
2023-06-06 12:30:00,강력한 반전 (BB 찢고 복귀),25585.5,25528.823534487936,1.5,1.0,
2023-06-06 13:15:00,강력한 반전 (BB 찢고 복귀),25531.5,25455.894516440014,1.5,1.0,
2023-06-06 14:00:00,추세확정 (BB 상단 돌파),25903.5,,2.0,1.0,25896.791340478598
2023-06-06 14:30:00,추세확정 (BB 상단 돌파),25988.4,,2.0,1.0,25976.299613045874
2023-06-06 17:15:00,추세확정 (BB 상단 돌파),26685.7,,2.0,1.0,26607.005804454184
2023-06-07 02:30:00,강력한 반전 (BB 찢고 복귀),27001.0,26944.74360988631,1.5,1.0,
2023-06-07 03:30:00,역추세 반등 (BB 하단),26821.7,26795.560362456967,1.0,1.0,
2023-06-07 03:30:00,강력한 반전 (BB 찢고 복귀),26821.7,26795.560362456967,1.5,1.0,
2023-06-07 07:15:00,역추세 반등 (BB 하단),26834.9,26777.575864390412,1.0,1.0,
2023-06-07 07:15:00,강력한 반전 (BB 찢고 복귀),26834.9,26777.575864390412,1.5,1.0,
2023-06-07 09:30:00,역추세 반등 (BB 하단),26721.1,26695.055727422947,1.0,1.0,
2023-06-07 09:30:00,강력한 반전 (BB 찢고 복귀),26721.1,26695.055727422947,1.5,1.0,
2023-06-07 10:00:00,역추세 반등 (BB 하단),26509.9,26553.478446189732,1.0,1.0,
2023-06-07 10:15:00,역추세 반등 (BB 하단),26575.0,26527.15589774417,1.0,1.0,
2023-06-07 10:15:00,강력한 반전 (BB 찢고 복귀),26575.0,26527.15589774417,1.5,1.0,
2023-06-07 10:30:00,강력한 반전 (BB 찢고 복귀),26615.3,26510.6184526632,1.5,1.0,
2023-06-07 15:00:00,역추세 반등 (BB 하단),26516.6,26442.29154149091,1.0,1.0,
2023-06-07 15:00:00,강력한 반전 (BB 찢고 복귀),26516.6,26442.29154149091,1.5,1.0,
2023-06-07 21:00:00,강력한 반전 (BB 찢고 복귀),26410.0,26273.917887317468,1.5,1.0,
2023-06-07 22:00:00,역추세 반등 (BB 하단),26324.4,26230.549536229224,1.0,1.0,
2023-06-07 22:00:00,강력한 반전 (BB 찢고 복귀),26324.4,26230.549536229224,1.5,1.0,
2023-06-08 03:30:00,강력한 반전 (BB 찢고 복귀),26273.2,26215.5716044596,1.5,1.0,
2023-06-08 13:15:00,강력한 반전 (BB 찢고 복귀),26371.5,26339.779109132687,1.5,1.0,
2023-06-08 13:30:00,강력한 반전 (BB 찢고 복귀),26434.6,26339.78615464528,1.5,1.0,
2023-06-08 14:00:00,강력한 반전 (BB 찢고 복귀),26412.6,26339.800861089243,1.5,1.0,
2023-06-08 14:30:00,추세확정 (BB 상단 돌파),26569.8,,2.0,1.0,26528.37419024633
2023-06-08 15:30:00,추세확정 (BB 상단 돌파),26706.0,,2.0,1.0,26668.83243826255
2023-06-08 23:15:00,강력한 반전 (BB 찢고 복귀),26527.4,26486.932643469434,1.5,1.0,
2023-06-09 00:00:00,강력한 반전 (BB 찢고 복귀),26489.0,26465.0588817446,1.5,1.0,
2023-06-09 00:30:00,역추세 반등 (BB 하단),26455.4,26441.338824207047,1.0,1.0,
2023-06-09 00:30:00,강력한 반전 (BB 찢고 복귀),26455.4,26441.338824207047,1.5,1.0,
2023-06-09 02:30:00,역추세 반등 (BB 하단),26392.8,26386.4153921647,1.0,1.0,
2023-06-09 02:30:00,강력한 반전 (BB 찢고 복귀),26392.8,26386.4153921647,1.5,1.0,
2023-06-09 02:45:00,강력한 반전 (BB 찢고 복귀),26448.3,26382.838198357287,1.5,1.0,
2023-06-09 06:30:00,추세확정 (BB 상단 돌파),26545.0,,2.0,1.0,26544.171019228957
2023-06-09 08:15:00,추세확정 (BB 상단 돌파),26583.6,,2.0,1.0,26556.171936834173
2023-06-09 08:45:00,추세확정 (BB 상단 돌파),26628.8,,2.0,1.0,26599.542277384415
2023-06-09 13:00:00,추세확정 (BB 상단 돌파),26682.5,,2.0,1.0,26673.998050822633
2023-06-09 16:00:00,역추세 반등 (BB 하단),26503.3,26492.58812535701,1.0,1.0,
2023-06-09 16:00:00,강력한 반전 (BB 찢고 복귀),26503.3,26492.58812535701,1.5,1.0,
2023-06-09 16:45:00,강력한 반전 (BB 찢고 복귀),26469.3,26438.49112223187,1.5,1.0,
2023-06-10 01:00:00,강력한 반전 (BB 찢고 복귀),26489.0,26430.03005509069,1.5,1.0,
2023-06-10 02:00:00,역추세 반등 (BB 하단),26422.9,26407.03493646552,1.0,1.0,
2023-06-10 02:00:00,강력한 반전 (BB 찢고 복귀),26422.9,26407.03493646552,1.5,1.0,
2023-06-10 03:00:00,역추세 반등 (BB 하단),26319.1,26328.014899844624,1.0,1.0,
2023-06-10 03:30:00,강력한 반전 (BB 찢고 복귀),26336.6,26297.964302600772,1.5,1.0,
2023-06-10 05:30:00,역추세 반등 (BB 하단),25656.5,25538.29124534296,1.0,1.0,
2023-06-10 05:30:00,강력한 반전 (BB 찢고 복귀),25656.5,25538.29124534296,1.5,1.0,
2023-06-10 12:30:00,강력한 반전 (BB 찢고 복귀),25636.0,25602.332194261235,1.5,1.0,
2023-06-10 17:00:00,강력한 반전 (BB 찢고 복귀),25673.9,25576.475723350904,1.5,1.0,
2023-06-10 17:15:00,추세확정 (BB 상단 돌파),25813.6,,2.0,1.0,25736.30695445858
2023-06-11 04:30:00,강력한 반전 (BB 찢고 복귀),25685.1,25666.797291776616,1.5,1.0,
2023-06-11 11:30:00,추세확정 (BB 상단 돌파),25820.3,,2.0,1.0,25807.78482077732
2023-06-11 14:00:00,강력한 반전 (BB 찢고 복귀),25721.5,25691.108187516806,1.5,1.0,
2023-06-11 16:15:00,추세확정 (BB 상단 돌파),25824.1,,2.0,1.0,25816.779618759505
2023-06-11 17:00:00,추세확정 (BB 상단 돌파),25932.6,,2.0,1.0,25901.614033802107
2023-06-11 22:45:00,역추세 반등 (BB 하단),25882.3,25842.83487791184,1.0,1.0,
2023-06-11 22:45:00,강력한 반전 (BB 찢고 복귀),25882.3,25842.83487791184,1.5,1.0,
2023-06-12 02:30:00,역추세 반등 (BB 하단),25730.7,25735.756092021977,1.0,1.0,
2023-06-12 02:45:00,역추세 반등 (BB 하단),25766.0,25724.595811209765,1.0,1.0,
2023-06-12 02:45:00,강력한 반전 (BB 찢고 복귀),25766.0,25724.595811209765,1.5,1.0,
2023-06-12 08:15:00,추세확정 (BB 상단 돌파),25898.0,,2.0,1.0,25868.282989065898
2023-06-12 14:00:00,역추세 반등 (BB 하단),25838.0,25798.26254685048,1.0,1.0,
2023-06-12 14:00:00,강력한 반전 (BB 찢고 복귀),25838.0,25798.26254685048,1.5,1.0,
2023-06-12 14:45:00,강력한 반전 (BB 찢고 복귀),25838.0,25766.363326496434,1.5,1.0,
2023-06-12 17:30:00,강력한 반전 (BB 찢고 복귀),25860.9,25756.5781651983,1.5,1.0,
2023-06-12 18:15:00,강력한 반전 (BB 찢고 복귀),25788.6,25752.66531626224,1.5,1.0,
2023-06-13 01:00:00,강력한 반전 (BB 찢고 복귀),25870.1,25843.769257258933,1.5,1.0,
2023-06-13 01:15:00,추세확정 (BB 상단 돌파),25989.3,,2.0,1.0,25967.433864840827
2023-06-13 02:30:00,추세확정 (BB 상단 돌파),26061.4,,2.0,1.0,26025.317957405412
2023-06-13 08:30:00,추세확정 (BB 상단 돌파),26150.0,,2.0,1.0,26136.868403677134
2023-06-13 12:15:00,추세확정 (BB 상단 돌파),26220.0,,2.0,1.0,26218.070426466165
2023-06-13 13:15:00,역추세 반등 (BB 하단),26107.5,26042.63254478054,1.0,1.0,
2023-06-13 13:15:00,강력한 반전 (BB 찢고 복귀),26107.5,26042.63254478054,1.5,1.0,
2023-06-13 14:15:00,역추세 반등 (BB 하단),25988.3,25967.86065270081,1.0,1.0,
2023-06-13 14:15:00,강력한 반전 (BB 찢고 복귀),25988.3,25967.86065270081,1.5,1.0,
2023-06-13 14:45:00,역추세 반등 (BB 하단),25973.7,25921.87155374242,1.0,1.0,
2023-06-13 14:45:00,강력한 반전 (BB 찢고 복귀),25973.7,25921.87155374242,1.5,1.0,
2023-06-13 15:30:00,역추세 반등 (BB 하단),25814.1,25789.176535695453,1.0,1.0,
2023-06-13 15:30:00,강력한 반전 (BB 찢고 복귀),25814.1,25789.176535695453,1.5,1.0,
2023-06-13 23:45:00,추세확정 (BB 상단 돌파),25920.5,,2.0,1.0,25905.90929609102
2023-06-14 00:30:00,추세확정 (BB 상단 돌파),26000.0,,2.0,1.0,25963.177257024476
2023-06-14 06:00:00,역추세 반등 (BB 하단),25866.6,25862.063914425424,1.0,1.0,
2023-06-14 06:00:00,강력한 반전 (BB 찢고 복귀),25866.6,25862.063914425424,1.5,1.0,
2023-06-14 15:45:00,강력한 반전 (BB 찢고 복귀),25975.4,25940.273525442713,1.5,1.0,
2023-06-14 17:15:00,역추세 반등 (BB 하단),25937.5,25933.405809668682,1.0,1.0,
2023-06-14 17:15:00,강력한 반전 (BB 찢고 복귀),25937.5,25933.405809668682,1.5,1.0,
2023-06-14 17:30:00,강력한 반전 (BB 찢고 복귀),25957.1,25932.151660935902,1.5,1.0,
2023-06-14 17:45:00,추세확정 (BB 상단 돌파),26018.9,,2.0,1.0,26011.744614710482
2023-06-14 18:15:00,역추세 반등 (BB 하단),25866.8,25883.465223828727,1.0,1.0,
2023-06-14 18:30:00,역추세 반등 (BB 하단),25970.1,25883.52433654558,1.0,1.0,
2023-06-14 18:30:00,강력한 반전 (BB 찢고 복귀),25970.1,25883.52433654558,1.5,1.0,
2023-06-14 21:00:00,역추세 반등 (BB 하단),25100.0,25124.70729180303,1.0,1.0,
2023-06-15 04:30:00,강력한 반전 (BB 찢고 복귀),25014.9,24982.18946080191,1.5,1.0,
2023-06-15 05:45:00,강력한 반전 (BB 찢고 복귀),25019.0,24960.972171961756,1.5,1.0,
2023-06-15 07:00:00,역추세 반등 (BB 하단),24944.1,24921.302672309255,1.0,1.0,
2023-06-15 07:00:00,강력한 반전 (BB 찢고 복귀),24944.1,24921.302672309255,1.5,1.0,
2023-06-15 09:30:00,강력한 반전 (BB 찢고 복귀),24954.0,24908.04505666288,1.5,1.0,
2023-06-15 10:45:00,역추세 반등 (BB 하단),24911.9,24879.85888895699,1.0,1.0,
2023-06-15 10:45:00,강력한 반전 (BB 찢고 복귀),24911.9,24879.85888895699,1.5,1.0,
2023-06-15 11:15:00,강력한 반전 (BB 찢고 복귀),24904.7,24869.5773385046,1.5,1.0,
2023-06-15 13:15:00,추세확정 (BB 상단 돌파),25057.0,,2.0,1.0,25043.763856684032
2023-06-15 17:45:00,추세확정 (BB 상단 돌파),25134.4,,2.0,1.0,25113.615905750845
2023-06-15 18:15:00,추세확정 (BB 상단 돌파),25151.3,,2.0,1.0,25147.802479499347
2023-06-16 12:00:00,역추세 반등 (BB 하단),25493.3,25468.37117935108,1.0,1.0,
2023-06-16 12:00:00,강력한 반전 (BB 찢고 복귀),25493.3,25468.37117935108,1.5,1.0,
2023-06-16 14:45:00,강력한 반전 (BB 찢고 복귀),25610.0,25442.12793679756,1.5,1.0,
2023-06-16 15:15:00,추세확정 (BB 상단 돌파),25649.7,,2.0,1.0,25643.857341793188
2023-06-16 15:45:00,추세확정 (BB 상단 돌파),25834.0,,2.0,1.0,25724.567549190026
2023-06-16 16:45:00,추세확정 (BB 상단 돌파),25954.6,,2.0,1.0,25898.587270850472
2023-06-17 02:00:00,역추세 반등 (BB 하단),26207.5,26215.841652785413,1.0,1.0,
2023-06-17 02:15:00,역추세 반등 (BB 하단),26235.0,26207.009971988376,1.0,1.0,
2023-06-17 05:00:00,추세확정 (BB 상단 돌파),26398.2,,2.0,1.0,26381.960961582645
2023-06-17 05:30:00,추세확정 (BB 상단 돌파),26704.9,,2.0,1.0,26519.906755343516
2023-06-17 12:00:00,역추세 반등 (BB 하단),26520.4,26503.743983216,1.0,1.0,
2023-06-17 12:00:00,강력한 반전 (BB 찢고 복귀),26520.4,26503.743983216,1.5,1.0,
2023-06-17 14:30:00,역추세 반등 (BB 하단),26494.0,26454.59136868326,1.0,1.0,
2023-06-17 14:30:00,강력한 반전 (BB 찢고 복귀),26494.0,26454.59136868326,1.5,1.0,
2023-06-17 15:15:00,강력한 반전 (BB 찢고 복귀),26496.7,26444.930145412363,1.5,1.0,
2023-06-17 16:00:00,역추세 반등 (BB 하단),26430.1,26411.468621442782,1.0,1.0,
2023-06-17 16:00:00,강력한 반전 (BB 찢고 복귀),26430.1,26411.468621442782,1.5,1.0,
2023-06-17 22:00:00,추세확정 (BB 상단 돌파),26572.4,,2.0,1.0,26564.418429594305
2023-06-18 00:45:00,역추세 반등 (BB 하단),26442.5,26430.46520796554,1.0,1.0,
2023-06-18 00:45:00,강력한 반전 (BB 찢고 복귀),26442.5,26430.46520796554,1.5,1.0,
2023-06-18 05:15:00,추세확정 (BB 상단 돌파),26580.1,,2.0,1.0,26578.854431515643
2023-06-18 12:30:00,강력한 반전 (BB 찢고 복귀),26545.0,26439.26214394872,1.5,1.0,
2023-06-18 14:00:00,강력한 반전 (BB 찢고 복귀),26491.2,26446.374469289054,1.5,1.0,
2023-06-18 16:15:00,추세확정 (BB 상단 돌파),26592.7,,2.0,1.0,26583.083849544593
2023-06-18 20:30:00,역추세 반등 (BB 하단),26477.1,26479.286653195348,1.0,1.0,
2023-06-18 21:00:00,강력한 반전 (BB 찢고 복귀),26468.7,26449.760452808572,1.5,1.0,
2023-06-18 23:00:00,강력한 반전 (BB 찢고 복귀),26405.5,26311.239157980326,1.5,1.0,
2023-06-19 00:45:00,강력한 반전 (BB 찢고 복귀),26357.5,26310.97365612276,1.5,1.0,
2023-06-19 09:15:00,강력한 반전 (BB 찢고 복귀),26395.1,26379.018915045468,1.5,1.0,
2023-06-19 09:45:00,강력한 반전 (BB 찢고 복귀),26385.3,26374.345692870284,1.5,1.0,
2023-06-19 11:00:00,강력한 반전 (BB 찢고 복귀),26384.5,26365.6396559286,1.5,1.0,
2023-06-19 12:15:00,추세확정 (BB 상단 돌파),26514.8,,2.0,1.0,26472.76472832844
2023-06-19 16:30:00,강력한 반전 (BB 찢고 복귀),26454.3,26351.103941227942,1.5,1.0,
2023-06-19 17:00:00,추세확정 (BB 상단 돌파),26596.2,,2.0,1.0,26591.10351610203
2023-06-19 17:30:00,추세확정 (BB 상단 돌파),26628.2,,2.0,1.0,26622.53925720111
2023-06-20 00:15:00,추세확정 (BB 상단 돌파),26906.0,,2.0,1.0,26882.882396427703
2023-06-20 00:45:00,추세확정 (BB 상단 돌파),26972.7,,2.0,1.0,26931.6991555344
2023-06-20 06:15:00,역추세 반등 (BB 하단),26806.4,26789.323842847916,1.0,1.0,
2023-06-20 06:15:00,강력한 반전 (BB 찢고 복귀),26806.4,26789.323842847916,1.5,1.0,
2023-06-20 07:00:00,강력한 반전 (BB 찢고 복귀),26795.0,26745.067387285802,1.5,1.0,
2023-06-20 11:45:00,추세확정 (BB 상단 돌파),26895.2,,2.0,1.0,26855.48418147643
2023-06-20 14:30:00,역추세 반등 (BB 하단),26725.3,26686.49689122875,1.0,1.0,
2023-06-20 14:30:00,강력한 반전 (BB 찢고 복귀),26725.3,26686.49689122875,1.5,1.0,
2023-06-20 15:45:00,추세확정 (BB 상단 돌파),27054.6,,2.0,1.0,26988.114007732973
2023-06-20 17:45:00,추세확정 (BB 상단 돌파),27783.1,,2.0,1.0,27663.237171145494
2023-06-21 01:00:00,추세확정 (BB 상단 돌파),28870.0,,2.0,1.0,28602.20371844819
2023-06-21 05:45:00,추세확정 (BB 상단 돌파),28969.8,,2.0,1.0,28917.593126703352
2023-06-21 10:15:00,추세확정 (BB 상단 돌파),29034.0,,2.0,1.0,28993.31383106148
2023-06-21 12:15:00,추세확정 (BB 상단 돌파),29063.4,,2.0,1.0,29037.539396435684
2023-06-21 13:30:00,추세확정 (BB 상단 돌파),29100.0,,2.0,1.0,29088.930933685755
2023-06-21 14:15:00,추세확정 (BB 상단 돌파),29303.4,,2.0,1.0,29258.330687826892
2023-06-21 16:15:00,추세확정 (BB 상단 돌파),30636.5,,2.0,1.0,30289.236195270863
2023-06-22 02:30:00,추세확정 (BB 상단 돌파),30359.9,,2.0,1.0,30347.56494475299
2023-06-22 06:15:00,강력한 반전 (BB 찢고 복귀),30117.1,30061.061999501548,1.5,1.0,
2023-06-22 06:45:00,강력한 반전 (BB 찢고 복귀),30115.6,30041.616527167014,1.5,1.0,
2023-06-22 11:15:00,역추세 반등 (BB 하단),30021.4,29980.209281501582,1.0,1.0,
2023-06-22 11:15:00,강력한 반전 (BB 찢고 복귀),30021.4,29980.209281501582,1.5,1.0,
2023-06-22 12:00:00,역추세 반등 (BB 하단),30061.3,29932.998332469902,1.0,1.0,
2023-06-22 12:00:00,강력한 반전 (BB 찢고 복귀),30061.3,29932.998332469902,1.5,1.0,
2023-06-22 14:45:00,역추세 반등 (BB 하단),29735.7,29772.548532930978,1.0,1.0,
2023-06-22 15:00:00,역추세 반등 (BB 하단),29764.5,29724.777220513704,1.0,1.0,
2023-06-22 15:00:00,강력한 반전 (BB 찢고 복귀),29764.5,29724.777220513704,1.5,1.0,
2023-06-22 23:00:00,강력한 반전 (BB 찢고 복귀),29937.6,29894.361032012293,1.5,1.0,
2023-06-23 02:15:00,역추세 반등 (BB 하단),29913.5,29868.609753477314,1.0,1.0,
2023-06-23 02:15:00,강력한 반전 (BB 찢고 복귀),29913.5,29868.609753477314,1.5,1.0,
2023-06-23 07:15:00,강력한 반전 (BB 찢고 복귀),29980.4,29955.05927488722,1.5,1.0,
2023-06-23 08:00:00,역추세 반등 (BB 하단),29946.9,29932.18115431869,1.0,1.0,
2023-06-23 08:00:00,강력한 반전 (BB 찢고 복귀),29946.9,29932.18115431869,1.5,1.0,
2023-06-23 09:45:00,추세확정 (BB 상단 돌파),30141.4,,2.0,1.0,30099.035989984324
2023-06-23 14:45:00,추세확정 (BB 상단 돌파),30270.8,,2.0,1.0,30214.961348117853
2023-06-23 22:30:00,역추세 반등 (BB 하단),30614.8,30515.805453726716,1.0,1.0,
2023-06-24 01:30:00,강력한 반전 (BB 찢고 복귀),30516.4,30379.252317118815,1.5,1.0,
2023-06-24 02:30:00,추세확정 (BB 상단 돌파),30765.1,,2.0,1.0,30730.568743085623
2023-06-24 07:15:00,강력한 반전 (BB 찢고 복귀),30678.3,30643.13000713753,1.5,1.0,
2023-06-24 08:00:00,역추세 반등 (BB 하단),30625.0,30587.47857184948,1.0,1.0,
2023-06-24 08:00:00,강력한 반전 (BB 찢고 복귀),30625.0,30587.47857184948,1.5,1.0,
2023-06-24 08:45:00,역추세 반등 (BB 하단),30598.1,30549.35482983626,1.0,1.0,
2023-06-24 08:45:00,강력한 반전 (BB 찢고 복귀),30598.1,30549.35482983626,1.5,1.0,
2023-06-24 16:00:00,역추세 반등 (BB 하단),30444.0,30429.50042581468,1.0,1.0,
2023-06-24 16:00:00,강력한 반전 (BB 찢고 복귀),30444.0,30429.50042581468,1.5,1.0,
2023-06-24 21:15:00,역추세 반등 (BB 하단),30487.0,30415.21095724903,1.0,1.0,
2023-06-24 21:15:00,강력한 반전 (BB 찢고 복귀),30487.0,30415.21095724903,1.5,1.0,
2023-06-25 03:00:00,추세확정 (BB 상단 돌파),30680.8,,2.0,1.0,30676.87123502644
2023-06-25 04:00:00,추세확정 (BB 상단 돌파),30860.1,,2.0,1.0,30799.63394736355
2023-06-25 09:30:00,강력한 반전 (BB 찢고 복귀),30669.9,30598.01569545673,1.5,1.0,
2023-06-25 13:30:00,강력한 반전 (BB 찢고 복귀),30608.4,30565.953963937212,1.5,1.0,
2023-06-25 15:00:00,역추세 반등 (BB 하단),30587.9,30549.61330878408,1.0,1.0,
2023-06-25 15:00:00,강력한 반전 (BB 찢고 복귀),30587.9,30549.61330878408,1.5,1.0,
2023-06-25 15:30:00,강력한 반전 (BB 찢고 복귀),30584.3,30536.31465231478,1.5,1.0,
2023-06-25 16:30:00,강력한 반전 (BB 찢고 복귀),30574.5,30502.269259207398,1.5,1.0,
2023-06-25 17:45:00,강력한 반전 (BB 찢고 복귀),30514.9,30484.03643389107,1.5,1.0,
2023-06-25 18:15:00,역추세 반등 (BB 하단),30387.0,30405.880436572203,1.0,1.0,
2023-06-25 18:30:00,역추세 반등 (BB 하단),30427.4,30387.551159922194,1.0,1.0,
2023-06-25 18:30:00,강력한 반전 (BB 찢고 복귀),30427.4,30387.551159922194,1.5,1.0,
2023-06-26 01:15:00,역추세 반등 (BB 하단),30256.8,30249.17962721056,1.0,1.0,
2023-06-26 01:15:00,강력한 반전 (BB 찢고 복귀),30256.8,30249.17962721056,1.5,1.0,
2023-06-26 02:00:00,역추세 반등 (BB 하단),30221.2,30157.770534113828,1.0,1.0,
2023-06-26 02:00:00,강력한 반전 (BB 찢고 복귀),30221.2,30157.770534113828,1.5,1.0,
2023-06-26 06:30:00,추세확정 (BB 상단 돌파),30332.2,,2.0,1.0,30316.94666618674
2023-06-26 13:30:00,추세확정 (BB 상단 돌파),30478.1,,2.0,1.0,30450.86263196589
2023-06-26 17:15:00,역추세 반등 (BB 하단),30120.0,30043.647314872014,1.0,1.0,
2023-06-26 17:15:00,강력한 반전 (BB 찢고 복귀),30120.0,30043.647314872014,1.5,1.0,
2023-06-27 00:45:00,추세확정 (BB 상단 돌파),30348.2,,2.0,1.0,30329.804913726464
2023-06-27 02:45:00,추세확정 (BB 상단 돌파),30484.7,,2.0,1.0,30468.95230943179
2023-06-27 05:45:00,역추세 반등 (BB 하단),30305.0,30255.562727819655,1.0,1.0,
2023-06-27 05:45:00,강력한 반전 (BB 찢고 복귀),30305.0,30255.562727819655,1.5,1.0,
2023-06-27 10:00:00,추세확정 (BB 상단 돌파),30622.9,,2.0,1.0,30512.673212782836
2023-06-27 10:30:00,추세확정 (BB 상단 돌파),30597.1,,2.0,1.0,30572.627453011533
2023-06-27 21:15:00,강력한 반전 (BB 찢고 복귀),30628.5,30568.381851615206,1.5,1.0,
2023-06-28 00:30:00,역추세 반등 (BB 하단),30530.5,30511.417539533555,1.0,1.0,
2023-06-28 00:30:00,강력한 반전 (BB 찢고 복귀),30530.5,30511.417539533555,1.5,1.0,
2023-06-28 00:45:00,강력한 반전 (BB 찢고 복귀),30605.0,30509.889617675082,1.5,1.0,
2023-06-28 02:00:00,강력한 반전 (BB 찢고 복귀),30512.8,30462.031295132954,1.5,1.0,
2023-06-28 03:00:00,역추세 반등 (BB 하단),30409.3,30401.275007422166,1.0,1.0,
2023-06-28 03:00:00,강력한 반전 (BB 찢고 복귀),30409.3,30401.275007422166,1.5,1.0,
2023-06-28 06:30:00,강력한 반전 (BB 찢고 복귀),30439.7,30349.880938524646,1.5,1.0,
2023-06-28 07:00:00,강력한 반전 (BB 찢고 복귀),30367.2,30337.400079727693,1.5,1.0,
2023-06-28 08:15:00,역추세 반등 (BB 하단),30250.5,30178.6504625381,1.0,1.0,
2023-06-28 08:15:00,강력한 반전 (BB 찢고 복귀),30250.5,30178.6504625381,1.5,1.0,
2023-06-28 13:00:00,역추세 반등 (BB 하단),30153.5,30126.2517543243,1.0,1.0,
2023-06-28 13:00:00,강력한 반전 (BB 찢고 복귀),30153.5,30126.2517543243,1.5,1.0,
2023-06-28 13:45:00,강력한 반전 (BB 찢고 복귀),30197.9,30089.87989729764,1.5,1.0,
2023-06-28 14:30:00,추세확정 (BB 상단 돌파),30458.6,,2.0,1.0,30444.037576223425
2023-06-28 19:45:00,역추세 반등 (BB 하단),30082.3,29968.25768038491,1.0,1.0,
2023-06-28 19:45:00,강력한 반전 (BB 찢고 복귀),30082.3,29968.25768038491,1.5,1.0,
2023-06-29 01:15:00,추세확정 (BB 상단 돌파),30199.8,,2.0,1.0,30194.173763105355
2023-06-29 07:00:00,추세확정 (BB 상단 돌파),30391.2,,2.0,1.0,30305.75226573689
2023-06-29 08:15:00,추세확정 (BB 상단 돌파),30426.9,,2.0,1.0,30421.38704950051
2023-06-29 10:15:00,추세확정 (BB 상단 돌파),30625.0,,2.0,1.0,30588.92539826823
2023-06-29 15:00:00,역추세 반등 (BB 하단),30497.1,30470.509666019945,1.0,1.0,
2023-06-29 15:00:00,강력한 반전 (BB 찢고 복귀),30497.1,30470.509666019945,1.5,1.0,
2023-06-29 20:30:00,역추세 반등 (BB 하단),30374.2,30372.271676905882,1.0,1.0,
2023-06-29 20:30:00,강력한 반전 (BB 찢고 복귀),30374.2,30372.271676905882,1.5,1.0,
2023-06-29 20:45:00,강력한 반전 (BB 찢고 복귀),30385.1,30358.814682327513,1.5,1.0,
2023-06-30 01:45:00,강력한 반전 (BB 찢고 복귀),30372.6,30358.75100055937,1.5,1.0,
2023-06-30 02:00:00,추세확정 (BB 상단 돌파),30530.1,,2.0,1.0,30508.111933815257
2023-06-30 04:30:00,추세확정 (BB 상단 돌파),31165.6,,2.0,1.0,30983.786318883085
2023-06-30 12:15:00,추세확정 (BB 상단 돌파),31039.9,,2.0,1.0,30949.655705342484
2023-06-30 14:00:00,역추세 반등 (BB 하단),30279.4,30262.6942057951,1.0,1.0,
2023-06-30 14:00:00,강력한 반전 (BB 찢고 복귀),30279.4,30262.6942057951,1.5,1.0,
2023-07-01 02:00:00,강력한 반전 (BB 찢고 복귀),30444.1,30406.8109481545,1.5,1.0,
2023-07-01 03:45:00,역추세 반등 (BB 하단),30388.7,30366.3958194832,1.0,1.0,
2023-07-01 04:30:00,강력한 반전 (BB 찢고 복귀),30374.8,30337.632841407874,1.5,1.0,
2023-07-01 10:15:00,추세확정 (BB 상단 돌파),30478.0,,2.0,1.0,30466.99667064755
2023-07-01 11:00:00,추세확정 (BB 상단 돌파),30487.6,,2.0,1.0,30484.74866745957
2023-07-01 11:30:00,추세확정 (BB 상단 돌파),30532.8,,2.0,1.0,30506.640238564978
2023-07-01 12:00:00,추세확정 (BB 상단 돌파),30559.3,,2.0,1.0,30537.98795994984
2023-07-01 18:45:00,추세확정 (BB 상단 돌파),30600.1,,2.0,1.0,30599.89559600485
2023-07-01 19:15:00,추세확정 (BB 상단 돌파),30617.3,,2.0,1.0,30611.10225680334
2023-07-01 22:45:00,역추세 반등 (BB 하단),30567.5,30556.27508300367,1.0,1.0,
2023-07-01 22:45:00,강력한 반전 (BB 찢고 복귀),30567.5,30556.27508300367,1.5,1.0,
2023-07-02 00:15:00,추세확정 (BB 상단 돌파),30639.8,,2.0,1.0,30621.56320953202
2023-07-02 00:15:00,강력한 반전 (BB 찢고 복귀),30639.8,30540.356790467977,1.5,1.0,
2023-07-02 02:15:00,강력한 반전 (BB 찢고 복귀),30559.4,30531.59009913759,1.5,1.0,
2023-07-02 03:00:00,강력한 반전 (BB 찢고 복귀),30532.7,30520.16951631692,1.5,1.0,
2023-07-02 06:00:00,강력한 반전 (BB 찢고 복귀),30474.6,30454.88859800487,1.5,1.0,
2023-07-02 14:15:00,강력한 반전 (BB 찢고 복귀),30522.6,30493.140486741486,1.5,1.0,
2023-07-02 14:30:00,추세확정 (BB 상단 돌파),30602.9,,2.0,1.0,30567.75789489757
2023-07-02 15:30:00,역추세 반등 (BB 하단),30460.7,30450.55660203565,1.0,1.0,
2023-07-02 15:30:00,강력한 반전 (BB 찢고 복귀),30460.7,30450.55660203565,1.5,1.0,
2023-07-02 15:45:00,강력한 반전 (BB 찢고 복귀),30488.2,30448.91320057994,1.5,1.0,
2023-07-02 18:00:00,역추세 반등 (BB 하단),30461.2,30425.393822500035,1.0,1.0,
2023-07-02 18:00:00,강력한 반전 (BB 찢고 복귀),30461.2,30425.393822500035,1.5,1.0,
2023-07-02 22:15:00,추세확정 (BB 상단 돌파),30680.3,,2.0,1.0,30654.827327206494
2023-07-03 01:15:00,추세확정 (BB 상단 돌파),30684.5,,2.0,1.0,30683.739362066866
2023-07-03 02:15:00,추세확정 (BB 상단 돌파),30745.5,,2.0,1.0,30734.622064962867
2023-07-03 06:30:00,강력한 반전 (BB 찢고 복귀),30651.8,30612.381480749522,1.5,1.0,
2023-07-03 08:30:00,강력한 반전 (BB 찢고 복귀),30614.4,30595.521168877985,1.5,1.0,
2023-07-03 10:00:00,강력한 반전 (BB 찢고 복귀),30606.7,30583.71734811882,1.5,1.0,
2023-07-03 12:30:00,강력한 반전 (BB 찢고 복귀),30618.3,30577.684186356644,1.5,1.0,
2023-07-03 14:00:00,추세확정 (BB 상단 돌파),30672.7,,2.0,1.0,30669.214695015537
2023-07-03 14:30:00,추세확정 (BB 상단 돌파),30739.9,,2.0,1.0,30698.928384056715
2023-07-03 19:15:00,추세확정 (BB 상단 돌파),31327.4,,2.0,1.0,31276.01718260984
2023-07-04 01:30:00,추세확정 (BB 상단 돌파),31264.0,,2.0,1.0,31226.069889656093
2023-07-04 04:45:00,역추세 반등 (BB 하단),31040.2,31029.69612059505,1.0,1.0,
2023-07-04 04:45:00,강력한 반전 (BB 찢고 복귀),31040.2,31029.69612059505,1.5,1.0,
2023-07-04 05:00:00,강력한 반전 (BB 찢고 복귀),31061.3,31017.957598997324,1.5,1.0,
2023-07-04 06:00:00,강력한 반전 (BB 찢고 복귀),31003.2,30936.917560675378,1.5,1.0,
2023-07-04 09:00:00,강력한 반전 (BB 찢고 복귀),30994.9,30896.554066857112,1.5,1.0,
2023-07-04 14:00:00,강력한 반전 (BB 찢고 복귀),30995.8,30973.590787412057,1.5,1.0,
2023-07-04 15:00:00,강력한 반전 (BB 찢고 복귀),30976.1,30962.761281824365,1.5,1.0,
2023-07-04 15:30:00,역추세 반등 (BB 하단),30926.4,30932.375873547564,1.0,1.0,
2023-07-04 15:45:00,역추세 반등 (BB 하단),30958.1,30926.955770179353,1.0,1.0,
2023-07-04 15:45:00,강력한 반전 (BB 찢고 복귀),30958.1,30926.955770179353,1.5,1.0,
2023-07-04 17:15:00,역추세 반등 (BB 하단),30929.9,30899.772468280702,1.0,1.0,
2023-07-04 17:15:00,강력한 반전 (BB 찢고 복귀),30929.9,30899.772468280702,1.5,1.0,
2023-07-04 17:45:00,강력한 반전 (BB 찢고 복귀),30889.9,30875.33208980109,1.5,1.0,
2023-07-04 18:15:00,역추세 반등 (BB 하단),30915.9,30851.87943983666,1.0,1.0,
2023-07-04 18:15:00,강력한 반전 (BB 찢고 복귀),30915.9,30851.87943983666,1.5,1.0,
2023-07-04 19:30:00,역추세 반등 (BB 하단),30715.4,30724.250545778046,1.0,1.0,
2023-07-04 20:00:00,강력한 반전 (BB 찢고 복귀),30733.5,30670.55313051988,1.5,1.0,
2023-07-05 01:00:00,강력한 반전 (BB 찢고 복귀),30796.8,30740.25325353168,1.5,1.0,
2023-07-05 02:00:00,추세확정 (BB 상단 돌파),30832.1,,2.0,1.0,30831.262168037356
2023-07-05 06:00:00,강력한 반전 (BB 찢고 복귀),30817.6,30789.850463425162,1.5,1.0,
2023-07-05 06:30:00,역추세 반등 (BB 하단),30792.0,30774.667517366568,1.0,1.0,
2023-07-05 06:30:00,강력한 반전 (BB 찢고 복귀),30792.0,30774.667517366568,1.5,1.0,
2023-07-05 08:30:00,강력한 반전 (BB 찢고 복귀),30758.6,30722.181031383072,1.5,1.0,
2023-07-05 10:15:00,역추세 반등 (BB 하단),30669.5,30650.604525485625,1.0,1.0,
2023-07-05 10:15:00,강력한 반전 (BB 찢고 복귀),30669.5,30650.604525485625,1.5,1.0,
2023-07-05 11:00:00,역추세 반등 (BB 하단),30423.1,30468.220016825435,1.0,1.0,
2023-07-05 11:30:00,역추세 반등 (BB 하단),30449.0,30390.66143427053,1.0,1.0,
2023-07-05 11:30:00,강력한 반전 (BB 찢고 복귀),30449.0,30390.66143427053,1.5,1.0,
2023-07-05 17:15:00,추세확정 (BB 상단 돌파),30562.2,,2.0,1.0,30532.120980127565
2023-07-05 22:45:00,강력한 반전 (BB 찢고 복귀),30419.8,30393.812551439427,1.5,1.0,
2023-07-06 01:00:00,강력한 반전 (BB 찢고 복귀),30404.6,30383.805799910006,1.5,1.0,
2023-07-06 05:30:00,추세확정 (BB 상단 돌파),30565.7,,2.0,1.0,30551.169862965275
2023-07-06 06:15:00,추세확정 (BB 상단 돌파),30591.9,,2.0,1.0,30585.39072425072
2023-07-06 08:30:00,추세확정 (BB 상단 돌파),30956.7,,2.0,1.0,30927.464036636222
2023-07-06 12:45:00,강력한 반전 (BB 찢고 복귀),30586.4,30515.26523686488,1.5,1.0,
2023-07-06 14:30:00,역추세 반등 (BB 하단),30152.1,30001.322627863592,1.0,1.0,
2023-07-06 14:30:00,강력한 반전 (BB 찢고 복귀),30152.1,30001.322627863592,1.5,1.0,
2023-07-06 21:45:00,역추세 반등 (BB 하단),30207.7,30178.89780658373,1.0,1.0,
2023-07-06 21:45:00,강력한 반전 (BB 찢고 복귀),30207.7,30178.89780658373,1.5,1.0,
2023-07-06 22:15:00,강력한 반전 (BB 찢고 복귀),30218.0,30170.21858579267,1.5,1.0,
2023-07-07 00:00:00,역추세 반등 (BB 하단),29983.0,29920.246093193193,1.0,1.0,
2023-07-07 00:00:00,강력한 반전 (BB 찢고 복귀),29983.0,29920.246093193193,1.5,1.0,
2023-07-07 00:30:00,강력한 반전 (BB 찢고 복귀),30076.0,29885.717264003913,1.5,1.0,
2023-07-07 05:15:00,추세확정 (BB 상단 돌파),30186.6,,2.0,1.0,30159.290919098905
2023-07-07 08:00:00,역추세 반등 (BB 하단),30063.3,30006.262062842186,1.0,1.0,
2023-07-07 08:00:00,강력한 반전 (BB 찢고 복귀),30063.3,30006.262062842186,1.5,1.0,
2023-07-07 13:00:00,추세확정 (BB 상단 돌파),30208.4,,2.0,1.0,30208.153679531795
2023-07-07 14:45:00,추세확정 (BB 상단 돌파),30397.0,,2.0,1.0,30396.379905261718
2023-07-07 18:00:00,강력한 반전 (BB 찢고 복귀),30223.8,30206.34789564168,1.5,1.0,
2023-07-07 18:45:00,역추세 반등 (BB 하단),30149.9,30140.005616199625,1.0,1.0,
2023-07-07 18:45:00,강력한 반전 (BB 찢고 복귀),30149.9,30140.005616199625,1.5,1.0,
2023-07-07 19:00:00,강력한 반전 (BB 찢고 복귀),30179.3,30125.828793625195,1.5,1.0,
2023-07-08 02:45:00,추세확정 (BB 상단 돌파),30343.4,,2.0,1.0,30338.954121456245
2023-07-08 04:15:00,강력한 반전 (BB 찢고 복귀),30248.0,30233.727931902526,1.5,1.0,
2023-07-08 05:15:00,역추세 반등 (BB 하단),30215.3,30196.46818191041,1.0,1.0,
2023-07-08 05:15:00,강력한 반전 (BB 찢고 복귀),30215.3,30196.46818191041,1.5,1.0,
2023-07-08 11:45:00,강력한 반전 (BB 찢고 복귀),30189.0,30156.94838888977,1.5,1.0,
2023-07-08 16:30:00,추세확정 (BB 상단 돌파),30262.6,,2.0,1.0,30242.152674706856
2023-07-08 19:30:00,역추세 반등 (BB 하단),30111.9,30120.383926910123,1.0,1.0,
2023-07-08 20:00:00,역추세 반등 (BB 하단),30100.3,30089.931551066813,1.0,1.0,
2023-07-08 20:00:00,강력한 반전 (BB 찢고 복귀),30100.3,30089.931551066813,1.5,1.0,
2023-07-08 20:15:00,강력한 반전 (BB 찢고 복귀),30100.5,30077.24746514513,1.5,1.0,
2023-07-08 23:45:00,추세확정 (BB 상단 돌파),30271.3,,2.0,1.0,30270.25089515943
2023-07-09 00:45:00,추세확정 (BB 상단 돌파),30321.1,,2.0,1.0,30320.82620322334
2023-07-09 06:30:00,강력한 반전 (BB 찢고 복귀),30251.5,30229.995905305266,1.5,1.0,
2023-07-09 07:00:00,강력한 반전 (BB 찢고 복귀),30274.0,30237.13387591159,1.5,1.0,
2023-07-09 11:15:00,강력한 반전 (BB 찢고 복귀),30259.9,30231.229741453404,1.5,1.0,
2023-07-09 12:45:00,추세확정 (BB 상단 돌파),30319.8,,2.0,1.0,30308.80978996333
2023-07-09 14:15:00,역추세 반등 (BB 하단),30225.1,30205.732558045314,1.0,1.0,
2023-07-09 14:15:00,강력한 반전 (BB 찢고 복귀),30225.1,30205.732558045314,1.5,1.0,
2023-07-09 19:15:00,강력한 반전 (BB 찢고 복귀),30246.0,30207.731718942247,1.5,1.0,
2023-07-09 21:15:00,역추세 반등 (BB 하단),30197.3,30164.79666907181,1.0,1.0,
2023-07-09 21:15:00,강력한 반전 (BB 찢고 복귀),30197.3,30164.79666907181,1.5,1.0,
2023-07-09 22:15:00,역추세 반등 (BB 하단),30118.3,30102.295639844655,1.0,1.0,
2023-07-09 22:15:00,강력한 반전 (BB 찢고 복귀),30118.3,30102.295639844655,1.5,1.0,
2023-07-10 00:15:00,역추세 반등 (BB 하단),30066.9,30047.42013534673,1.0,1.0,
2023-07-10 00:15:00,강력한 반전 (BB 찢고 복귀),30066.9,30047.42013534673,1.5,1.0,
2023-07-10 08:15:00,강력한 반전 (BB 찢고 복귀),30093.6,30044.15856984435,1.5,1.0,
2023-07-10 09:15:00,역추세 반등 (BB 하단),30163.9,30033.673608463192,1.0,1.0,
2023-07-10 09:15:00,추세확정 (BB 상단 돌파),30163.9,,2.0,1.0,30154.036391536814
2023-07-10 09:15:00,강력한 반전 (BB 찢고 복귀),30163.9,30033.673608463192,1.5,1.0,
2023-07-10 10:30:00,추세확정 (BB 상단 돌파),30191.6,,2.0,1.0,30185.40809470356
2023-07-10 14:45:00,추세확정 (BB 상단 돌파),30293.5,,2.0,1.0,30292.841673111183
2023-07-10 18:30:00,추세확정 (BB 상단 돌파),30425.0,,2.0,1.0,30386.03566740905
2023-07-11 06:45:00,추세확정 (BB 상단 돌파),30615.7,,2.0,1.0,30574.367886744123
2023-07-11 09:45:00,강력한 반전 (BB 찢고 복귀),30434.3,30372.40064512839,1.5,1.0,
2023-07-11 10:30:00,강력한 반전 (BB 찢고 복귀),30407.3,30353.145347134592,1.5,1.0,
2023-07-11 14:15:00,추세확정 (BB 상단 돌파),30499.9,,2.0,1.0,30463.82428008897
2023-07-11 23:15:00,추세확정 (BB 상단 돌파),30630.9,,2.0,1.0,30629.223852429128
2023-07-12 06:15:00,추세확정 (BB 상단 돌파),30722.9,,2.0,1.0,30686.525626145172
2023-07-12 07:15:00,추세확정 (BB 상단 돌파),30774.7,,2.0,1.0,30752.87605612885
2023-07-12 11:00:00,강력한 반전 (BB 찢고 복귀),30684.0,30647.804110814974,1.5,1.0,
2023-07-12 13:00:00,추세확정 (BB 상단 돌파),30818.8,,2.0,1.0,30794.766464179982
2023-07-12 13:45:00,역추세 반등 (BB 하단),30652.0,30595.196136312403,1.0,1.0,
2023-07-12 13:45:00,강력한 반전 (BB 찢고 복귀),30652.0,30595.196136312403,1.5,1.0,
2023-07-12 15:45:00,역추세 반등 (BB 하단),30510.0,30521.226616955813,1.0,1.0,
2023-07-12 20:00:00,강력한 반전 (BB 찢고 복귀),30294.3,30266.322842875008,1.5,1.0,
2023-07-13 01:30:00,강력한 반전 (BB 찢고 복귀),30326.5,30300.217155743878,1.5,1.0,
2023-07-13 03:30:00,역추세 반등 (BB 하단),30268.8,30271.118827008497,1.0,1.0,
2023-07-13 03:45:00,역추세 반등 (BB 하단),30285.3,30263.58200358934,1.0,1.0,
2023-07-13 04:15:00,강력한 반전 (BB 찢고 복귀),30273.3,30245.301593789445,1.5,1.0,
2023-07-13 05:00:00,강력한 반전 (BB 찢고 복귀),30284.6,30239.886780505596,1.5,1.0,
2023-07-13 07:00:00,추세확정 (BB 상단 돌파),30413.2,,2.0,1.0,30393.781544484333
2023-07-13 09:00:00,추세확정 (BB 상단 돌파),30498.5,,2.0,1.0,30465.62107399724
2023-07-13 09:30:00,추세확정 (BB 상단 돌파),30570.0,,2.0,1.0,30522.94909092126
2023-07-13 10:30:00,추세확정 (BB 상단 돌파),30622.1,,2.0,1.0,30617.953900131062
2023-07-13 13:30:00,추세확정 (BB 상단 돌파),30642.5,,2.0,1.0,30639.044921411612
2023-07-13 15:15:00,추세확정 (BB 상단 돌파),30809.9,,2.0,1.0,30705.627360248418
2023-07-13 17:30:00,추세확정 (BB 상단 돌파),31119.9,,2.0,1.0,31093.706142810406
2023-07-13 18:00:00,추세확정 (BB 상단 돌파),31387.1,,2.0,1.0,31258.51744635215
2023-07-13 19:15:00,추세확정 (BB 상단 돌파),31681.9,,2.0,1.0,31598.828896661278
2023-07-14 06:00:00,강력한 반전 (BB 찢고 복귀),31372.6,31329.380178377374,1.5,1.0,
2023-07-14 07:00:00,역추세 반등 (BB 하단),31284.5,31267.698104325587,1.0,1.0,
2023-07-14 08:00:00,역추세 반등 (BB 하단),31220.6,31132.23017415303,1.0,1.0,
2023-07-14 08:00:00,강력한 반전 (BB 찢고 복귀),31220.6,31132.23017415303,1.5,1.0,
2023-07-14 13:00:00,강력한 반전 (BB 찢고 복귀),31148.2,31114.71619409472,1.5,1.0,
2023-07-14 13:30:00,강력한 반전 (BB 찢고 복귀),31195.1,31114.506357461472,1.5,1.0,
2023-07-14 13:45:00,추세확정 (BB 상단 돌파),31246.7,,2.0,1.0,31246.333012402964
2023-07-14 14:45:00,추세확정 (BB 상단 돌파),31293.3,,2.0,1.0,31278.77049140694
2023-07-14 16:30:00,강력한 반전 (BB 찢고 복귀),31218.1,31109.466155470647,1.5,1.0,
2023-07-14 18:00:00,역추세 반등 (BB 하단),30725.1,30760.485028879448,1.0,1.0,
2023-07-14 19:00:00,역추세 반등 (BB 하단),30219.9,30091.357435487713,1.0,1.0,
2023-07-14 19:00:00,강력한 반전 (BB 찢고 복귀),30219.9,30091.357435487713,1.5,1.0,
2023-07-15 05:30:00,강력한 반전 (BB 찢고 복귀),30264.9,30246.624499364807,1.5,1.0,
2023-07-15 07:00:00,추세확정 (BB 상단 돌파),30323.1,,2.0,1.0,30316.661537021308
2023-07-15 07:30:00,추세확정 (BB 상단 돌파),30343.6,,2.0,1.0,30330.26181910791
2023-07-15 13:45:00,강력한 반전 (BB 찢고 복귀),30307.4,30273.23369240112,1.5,1.0,
2023-07-15 15:00:00,강력한 반전 (BB 찢고 복귀),30293.5,30258.983725942417,1.5,1.0,
2023-07-15 16:30:00,강력한 반전 (BB 찢고 복귀),30269.8,30247.54965810091,1.5,1.0,
2023-07-15 18:30:00,추세확정 (BB 상단 돌파),30317.1,,2.0,1.0,30312.557474226276
2023-07-15 19:00:00,추세확정 (BB 상단 돌파),30327.3,,2.0,1.0,30319.783493028834
2023-07-16 01:00:00,추세확정 (BB 상단 돌파),30315.5,,2.0,1.0,30306.73437784977
2023-07-16 02:30:00,역추세 반등 (BB 하단),30294.4,30182.232267978365,1.0,1.0,
2023-07-16 02:30:00,강력한 반전 (BB 찢고 복귀),30294.4,30182.232267978365,1.5,1.0,
2023-07-16 14:00:00,추세확정 (BB 상단 돌파),30316.9,,2.0,1.0,30315.396549509238
2023-07-16 19:00:00,역추세 반등 (BB 하단),30278.4,30278.068232774574,1.0,1.0,
2023-07-16 19:00:00,강력한 반전 (BB 찢고 복귀),30278.4,30278.068232774574,1.5,1.0,
2023-07-16 19:45:00,역추세 반등 (BB 하단),30240.0,30225.986681626633,1.0,1.0,
2023-07-16 19:45:00,강력한 반전 (BB 찢고 복귀),30240.0,30225.986681626633,1.5,1.0,
2023-07-16 23:30:00,역추세 반등 (BB 하단),30235.0,30206.61606056767,1.0,1.0,
2023-07-16 23:30:00,강력한 반전 (BB 찢고 복귀),30235.0,30206.61606056767,1.5,1.0,
2023-07-17 00:00:00,강력한 반전 (BB 찢고 복귀),30246.9,30198.69191863946,1.5,1.0,
2023-07-17 01:00:00,강력한 반전 (BB 찢고 복귀),30228.6,30181.26327148527,1.5,1.0,
2023-07-17 06:45:00,강력한 반전 (BB 찢고 복귀),30259.3,30234.459080768727,1.5,1.0,
2023-07-17 09:15:00,역추세 반등 (BB 하단),30220.9,30216.036110421537,1.0,1.0,
2023-07-17 09:15:00,강력한 반전 (BB 찢고 복귀),30220.9,30216.036110421537,1.5,1.0,
2023-07-17 10:00:00,역추세 반등 (BB 하단),30198.0,30180.304009874944,1.0,1.0,
2023-07-17 10:00:00,강력한 반전 (BB 찢고 복귀),30198.0,30180.304009874944,1.5,1.0,
2023-07-17 10:45:00,역추세 반등 (BB 하단),30152.2,30107.41471911975,1.0,1.0,
2023-07-17 10:45:00,강력한 반전 (BB 찢고 복귀),30152.2,30107.41471911975,1.5,1.0,
2023-07-17 12:30:00,강력한 반전 (BB 찢고 복귀),30136.0,30045.248371585873,1.5,1.0,
2023-07-17 17:15:00,역추세 반등 (BB 하단),30113.0,30049.68812636944,1.0,1.0,
2023-07-17 17:15:00,강력한 반전 (BB 찢고 복귀),30113.0,30049.68812636944,1.5,1.0,
2023-07-17 18:15:00,역추세 반등 (BB 하단),30008.5,29955.652934048714,1.0,1.0,
2023-07-17 19:00:00,역추세 반등 (BB 하단),29831.6,29795.449725005383,1.0,1.0,
2023-07-17 19:00:00,강력한 반전 (BB 찢고 복귀),29831.6,29795.449725005383,1.5,1.0,
2023-07-17 21:30:00,추세확정 (BB 상단 돌파),30200.7,,2.0,1.0,30180.58581464523
2023-07-18 04:15:00,강력한 반전 (BB 찢고 복귀),30066.2,30040.811517330156,1.5,1.0,
2023-07-18 06:45:00,역추세 반등 (BB 하단),29976.0,29965.944210463913,1.0,1.0,
2023-07-18 06:45:00,강력한 반전 (BB 찢고 복귀),29976.0,29965.944210463913,1.5,1.0,
2023-07-18 07:00:00,강력한 반전 (BB 찢고 복귀),30007.5,29964.378295118706,1.5,1.0,
2023-07-18 08:15:00,역추세 반등 (BB 하단),30047.8,29925.35275630036,1.0,1.0,
2023-07-18 08:15:00,강력한 반전 (BB 찢고 복귀),30047.8,29925.35275630036,1.5,1.0,
2023-07-18 12:45:00,역추세 반등 (BB 하단),29768.8,29773.73489629704,1.0,1.0,
2023-07-18 13:00:00,역추세 반등 (BB 하단),29810.0,29758.44206308865,1.0,1.0,
2023-07-18 13:00:00,강력한 반전 (BB 찢고 복귀),29810.0,29758.44206308865,1.5,1.0,
2023-07-18 17:00:00,역추세 반등 (BB 하단),29731.0,29694.397092373067,1.0,1.0,
2023-07-18 17:00:00,강력한 반전 (BB 찢고 복귀),29731.0,29694.397092373067,1.5,1.0,
2023-07-19 00:15:00,추세확정 (BB 상단 돌파),29909.9,,2.0,1.0,29891.367433747175
2023-07-19 07:45:00,역추세 반등 (BB 하단),29983.0,29969.409644696083,1.0,1.0,
2023-07-19 07:45:00,강력한 반전 (BB 찢고 복귀),29983.0,29969.409644696083,1.5,1.0,
2023-07-19 09:00:00,역추세 반등 (BB 하단),29929.5,29905.12258691759,1.0,1.0,
2023-07-19 09:00:00,강력한 반전 (BB 찢고 복귀),29929.5,29905.12258691759,1.5,1.0,
2023-07-19 13:15:00,역추세 반등 (BB 하단),29935.9,29888.45031849032,1.0,1.0,
2023-07-19 13:15:00,강력한 반전 (BB 찢고 복귀),29935.9,29888.45031849032,1.5,1.0,
2023-07-19 15:00:00,역추세 반등 (BB 하단),29829.4,29800.915154301114,1.0,1.0,
2023-07-19 15:00:00,강력한 반전 (BB 찢고 복귀),29829.4,29800.915154301114,1.5,1.0,
2023-07-19 18:45:00,추세확정 (BB 상단 돌파),30064.3,,2.0,1.0,30062.008908082465
2023-07-19 21:15:00,강력한 반전 (BB 찢고 복귀),29914.7,29864.54965049976,1.5,1.0,
2023-07-20 05:30:00,추세확정 (BB 상단 돌파),30137.8,,2.0,1.0,30075.22504539449
2023-07-20 06:15:00,추세확정 (BB 상단 돌파),30183.0,,2.0,1.0,30150.73766090876
2023-07-20 13:15:00,강력한 반전 (BB 찢고 복귀),30222.7,30165.080487001556,1.5,1.0,
2023-07-20 15:00:00,역추세 반등 (BB 하단),29800.3,29819.36559495258,1.0,1.0,
2023-07-20 15:15:00,역추세 반등 (BB 하단),29820.5,29770.283817565767,1.0,1.0,
2023-07-20 15:15:00,강력한 반전 (BB 찢고 복귀),29820.5,29770.283817565767,1.5,1.0,
2023-07-20 21:15:00,추세확정 (BB 상단 돌파),29835.7,,2.0,1.0,29822.437892442795
2023-07-21 02:00:00,추세확정 (BB 상단 돌파),29887.7,,2.0,1.0,29882.656060102065
2023-07-21 05:45:00,강력한 반전 (BB 찢고 복귀),29805.0,29784.04351462612,1.5,1.0,
2023-07-21 06:00:00,강력한 반전 (BB 찢고 복귀),29815.9,29792.97337898214,1.5,1.0,
2023-07-21 08:00:00,강력한 반전 (BB 찢고 복귀),29764.2,29741.980433381716,1.5,1.0,
2023-07-21 12:30:00,추세확정 (BB 상단 돌파),29844.1,,2.0,1.0,29838.515817484647
2023-07-21 17:45:00,추세확정 (BB 상단 돌파),29907.6,,2.0,1.0,29900.24582235654
2023-07-22 00:30:00,추세확정 (BB 상단 돌파),29952.1,,2.0,1.0,29947.850580300634
2023-07-22 03:15:00,강력한 반전 (BB 찢고 복귀),29927.1,29881.878140927256,1.5,1.0,
2023-07-22 07:30:00,추세확정 (BB 상단 돌파),29950.0,,2.0,1.0,29943.48020012948
2023-07-22 12:45:00,역추세 반등 (BB 하단),29830.3,29821.49031612739,1.0,1.0,
2023-07-22 12:45:00,강력한 반전 (BB 찢고 복귀),29830.3,29821.49031612739,1.5,1.0,
2023-07-22 18:15:00,역추세 반등 (BB 하단),29815.0,29806.986925223635,1.0,1.0,
2023-07-22 18:15:00,강력한 반전 (BB 찢고 복귀),29815.0,29806.986925223635,1.5,1.0,
2023-07-22 19:00:00,강력한 반전 (BB 찢고 복귀),29831.0,29793.79335143567,1.5,1.0,
2023-07-22 22:30:00,강력한 반전 (BB 찢고 복귀),29802.0,29796.09572592082,1.5,1.0,
2023-07-22 23:30:00,역추세 반등 (BB 하단),29685.0,29716.61506393164,1.0,1.0,
2023-07-22 23:45:00,역추세 반등 (BB 하단),29774.0,29714.396676539578,1.0,1.0,
2023-07-22 23:45:00,강력한 반전 (BB 찢고 복귀),29774.0,29714.396676539578,1.5,1.0,
2023-07-23 05:00:00,추세확정 (BB 상단 돌파),29919.1,,2.0,1.0,29914.060773632773
2023-07-23 13:30:00,역추세 반등 (BB 하단),29862.9,29854.386743948096,1.0,1.0,
2023-07-23 13:30:00,강력한 반전 (BB 찢고 복귀),29862.9,29854.386743948096,1.5,1.0,
2023-07-23 16:00:00,추세확정 (BB 상단 돌파),29922.9,,2.0,1.0,29916.79839625227
2023-07-23 16:30:00,추세확정 (BB 상단 돌파),29935.9,,2.0,1.0,29926.900331357032
2023-07-23 17:45:00,추세확정 (BB 상단 돌파),30101.6,,2.0,1.0,30021.9344656012
2023-07-24 01:45:00,역추세 반등 (BB 하단),29898.3,29880.67480080204,1.0,1.0,
2023-07-24 01:45:00,강력한 반전 (BB 찢고 복귀),29898.3,29880.67480080204,1.5,1.0,
2023-07-24 02:45:00,역추세 반등 (BB 하단),29786.6,29747.8226625181,1.0,1.0,
2023-07-24 10:00:00,역추세 반등 (BB 하단),29295.7,29371.780257310922,1.0,1.0,
2023-07-24 10:15:00,역추세 반등 (BB 하단),29346.1,29314.037733609628,1.0,1.0,
2023-07-24 10:15:00,강력한 반전 (BB 찢고 복귀),29346.1,29314.037733609628,1.5,1.0,
2023-07-24 14:30:00,강력한 반전 (BB 찢고 복귀),29129.1,29076.27436440741,1.5,1.0,
2023-07-24 15:15:00,강력한 반전 (BB 찢고 복귀),29097.4,29016.875344826763,1.5,1.0,
2023-07-24 18:00:00,강력한 반전 (BB 찢고 복귀),29031.7,28984.724221098673,1.5,1.0,
2023-07-25 01:45:00,역추세 반등 (BB 하단),29064.7,29043.40758980889,1.0,1.0,
2023-07-25 08:45:00,추세확정 (BB 상단 돌파),29181.2,,2.0,1.0,29172.72059603393
2023-07-25 09:15:00,추세확정 (BB 상단 돌파),29190.0,,2.0,1.0,29189.307543964904
2023-07-25 12:15:00,강력한 반전 (BB 찢고 복귀),29124.8,29091.013154746266,1.5,1.0,
2023-07-25 13:30:00,추세확정 (BB 상단 돌파),29310.6,,2.0,1.0,29248.76521054872
2023-07-25 14:00:00,추세확정 (BB 상단 돌파),29294.0,,2.0,1.0,29286.425330330876
2023-07-26 01:15:00,역추세 반등 (BB 하단),29144.2,29144.073214219476,1.0,1.0,
2023-07-26 01:15:00,강력한 반전 (BB 찢고 복귀),29144.2,29144.073214219476,1.5,1.0,
2023-07-26 02:00:00,역추세 반등 (BB 하단),29130.0,29113.516771781382,1.0,1.0,
2023-07-26 02:45:00,추세확정 (BB 상단 돌파),29270.0,,2.0,1.0,29255.677923297837
2023-07-26 09:45:00,강력한 반전 (BB 찢고 복귀),29175.4,29153.652259233375,1.5,1.0,
2023-07-26 12:00:00,강력한 반전 (BB 찢고 복귀),29174.1,29150.286062227573,1.5,1.0,
2023-07-26 13:00:00,추세확정 (BB 상단 돌파),29245.4,,2.0,1.0,29237.980414520593
2023-07-26 13:30:00,추세확정 (BB 상단 돌파),29292.0,,2.0,1.0,29263.612917578062
2023-07-26 18:00:00,강력한 반전 (BB 찢고 복귀),29326.1,29234.183595001712,1.5,1.0,
2023-07-26 18:30:00,추세확정 (BB 상단 돌파),29386.0,,2.0,1.0,29349.55772777913
2023-07-26 19:15:00,강력한 반전 (BB 찢고 복귀),29347.8,29223.378531078684,1.5,1.0,
2023-07-26 20:00:00,추세확정 (BB 상단 돌파),29429.4,,2.0,1.0,29413.136710523824
2023-07-27 09:45:00,추세확정 (BB 상단 돌파),29529.7,,2.0,1.0,29520.308529510025
2023-07-27 15:15:00,역추세 반등 (BB 하단),29316.5,29291.09690125012,1.0,1.0,
2023-07-27 15:15:00,강력한 반전 (BB 찢고 복귀),29316.5,29291.09690125012,1.5,1.0,
2023-07-27 17:15:00,강력한 반전 (BB 찢고 복귀),29263.1,29185.870217462198,1.5,1.0,
2023-07-28 00:45:00,추세확정 (BB 상단 돌파),29259.2,,2.0,1.0,29257.39962453512
2023-07-28 05:45:00,역추세 반등 (BB 하단),29171.7,29165.208224710565,1.0,1.0,
2023-07-28 05:45:00,강력한 반전 (BB 찢고 복귀),29171.7,29165.208224710565,1.5,1.0,
2023-07-28 06:00:00,강력한 반전 (BB 찢고 복귀),29182.1,29160.750465891382,1.5,1.0,
2023-07-28 12:00:00,추세확정 (BB 상단 돌파),29252.3,,2.0,1.0,29247.10548792937
2023-07-28 12:45:00,추세확정 (BB 상단 돌파),29288.0,,2.0,1.0,29287.077200946063
2023-07-28 14:00:00,추세확정 (BB 상단 돌파),29336.2,,2.0,1.0,29333.381452832138
2023-07-28 17:45:00,강력한 반전 (BB 찢고 복귀),29245.6,29185.840279209744,1.5,1.0,
2023-07-29 01:45:00,추세확정 (BB 상단 돌파),29364.4,,2.0,1.0,29359.48759830909
2023-07-29 06:15:00,강력한 반전 (BB 찢고 복귀),29335.9,29331.54365582416,1.5,1.0,
2023-07-29 06:45:00,역추세 반등 (BB 하단),29333.6,29323.45221193339,1.0,1.0,
2023-07-29 06:45:00,강력한 반전 (BB 찢고 복귀),29333.6,29323.45221193339,1.5,1.0,
2023-07-29 08:00:00,역추세 반등 (BB 하단),29303.6,29287.11428609109,1.0,1.0,
2023-07-29 08:00:00,강력한 반전 (BB 찢고 복귀),29303.6,29287.11428609109,1.5,1.0,
2023-07-29 13:00:00,추세확정 (BB 상단 돌파),29309.6,,2.0,1.0,29306.73775130438
2023-07-29 17:30:00,추세확정 (BB 상단 돌파),29309.5,,2.0,1.0,29308.798741963936
2023-07-29 19:00:00,추세확정 (BB 상단 돌파),29324.4,,2.0,1.0,29317.089710226657
2023-07-29 20:00:00,추세확정 (BB 상단 돌파),29344.8,,2.0,1.0,29338.256168825294
2023-07-30 00:30:00,역추세 반등 (BB 하단),29326.0,29319.518674026942,1.0,1.0,
2023-07-30 00:30:00,강력한 반전 (BB 찢고 복귀),29326.0,29319.518674026942,1.5,1.0,
2023-07-30 00:45:00,강력한 반전 (BB 찢고 복귀),29333.3,29321.010893407434,1.5,1.0,
2023-07-30 02:30:00,역추세 반등 (BB 하단),29295.1,29291.977948937794,1.0,1.0,
2023-07-30 06:45:00,역추세 반등 (BB 하단),29277.0,29264.31764366431,1.0,1.0,
2023-07-30 06:45:00,강력한 반전 (BB 찢고 복귀),29277.0,29264.31764366431,1.5,1.0,
2023-07-30 10:45:00,강력한 반전 (BB 찢고 복귀),29272.6,29256.374033031876,1.5,1.0,
2023-07-30 11:30:00,역추세 반등 (BB 하단),29294.3,29252.508888497814,1.0,1.0,
2023-07-30 11:30:00,강력한 반전 (BB 찢고 복귀),29294.3,29252.508888497814,1.5,1.0,
2023-07-30 12:00:00,추세확정 (BB 상단 돌파),29309.0,,2.0,1.0,29308.93090106987
2023-07-30 14:45:00,추세확정 (BB 상단 돌파),29370.3,,2.0,1.0,29345.8194753486
2023-07-30 20:15:00,역추세 반등 (BB 하단),29149.0,29176.02570276674,1.0,1.0,
2023-07-30 20:30:00,역추세 반등 (BB 하단),29181.7,29155.83794871139,1.0,1.0,
2023-07-30 20:30:00,강력한 반전 (BB 찢고 복귀),29181.7,29155.83794871139,1.5,1.0,
2023-07-31 00:30:00,추세확정 (BB 상단 돌파),29496.0,,2.0,1.0,29379.693771957893
2023-07-31 06:00:00,강력한 반전 (BB 찢고 복귀),29376.0,29355.241901722664,1.5,1.0,
2023-07-31 08:15:00,강력한 반전 (BB 찢고 복귀),29383.6,29353.07156704936,1.5,1.0,
2023-07-31 09:45:00,역추세 반등 (BB 하단),29368.7,29334.848710884206,1.0,1.0,
2023-07-31 09:45:00,강력한 반전 (BB 찢고 복귀),29368.7,29334.848710884206,1.5,1.0,
2023-07-31 12:30:00,추세확정 (BB 상단 돌파),29422.6,,2.0,1.0,29414.076018477226
2023-07-31 15:00:00,역추세 반등 (BB 하단),29327.4,29291.003295326707,1.0,1.0,
2023-07-31 15:00:00,강력한 반전 (BB 찢고 복귀),29327.4,29291.003295326707,1.5,1.0,
2023-07-31 16:15:00,역추세 반등 (BB 하단),29235.9,29190.13683636493,1.0,1.0,
2023-07-31 16:15:00,강력한 반전 (BB 찢고 복귀),29235.9,29190.13683636493,1.5,1.0,
2023-07-31 20:00:00,강력한 반전 (BB 찢고 복귀),29183.9,29146.52891566599,1.5,1.0,
2023-07-31 20:45:00,강력한 반전 (BB 찢고 복귀),29200.1,29150.78350492328,1.5,1.0,
2023-07-31 21:00:00,강력한 반전 (BB 찢고 복귀),29204.1,29151.441899068646,1.5,1.0,
2023-08-01 00:45:00,추세확정 (BB 상단 돌파),29275.5,,2.0,1.0,29266.87070153206
2023-08-01 02:15:00,역추세 반등 (BB 하단),28960.0,29005.612129734713,1.0,1.0,
2023-08-01 02:30:00,역추세 반등 (BB 하단),28968.6,28968.050396520815,1.0,1.0,
2023-08-01 02:30:00,강력한 반전 (BB 찢고 복귀),28968.6,28968.050396520815,1.5,1.0,
2023-08-01 03:00:00,역추세 반등 (BB 하단),28935.6,28889.517916825964,1.0,1.0,
2023-08-01 03:00:00,강력한 반전 (BB 찢고 복귀),28935.6,28889.517916825964,1.5,1.0,
2023-08-01 08:45:00,추세확정 (BB 상단 돌파),28986.7,,2.0,1.0,28978.21480653061
2023-08-01 12:30:00,역추세 반등 (BB 하단),28894.9,28824.379539619666,1.0,1.0,
2023-08-01 12:30:00,강력한 반전 (BB 찢고 복귀),28894.9,28824.379539619666,1.5,1.0,
2023-08-01 15:30:00,역추세 반등 (BB 하단),28895.3,28778.526080684383,1.0,1.0,
2023-08-01 15:30:00,강력한 반전 (BB 찢고 복귀),28895.3,28778.526080684383,1.5,1.0,
2023-08-01 15:45:00,추세확정 (BB 상단 돌파),28943.4,,2.0,1.0,28942.670611456142
2023-08-01 18:15:00,추세확정 (BB 상단 돌파),29089.2,,2.0,1.0,29054.732645933425
2023-08-01 23:00:00,추세확정 (BB 상단 돌파),29370.0,,2.0,1.0,29330.613976842906
2023-08-02 08:30:00,역추세 반등 (BB 하단),29480.6,29472.027427406276,1.0,1.0,
2023-08-02 08:30:00,강력한 반전 (BB 찢고 복귀),29480.6,29472.027427406276,1.5,1.0,
2023-08-02 13:30:00,강력한 반전 (BB 찢고 복귀),29433.9,29381.358281387307,1.5,1.0,
2023-08-02 14:30:00,역추세 반등 (BB 하단),29299.7,29298.271659369842,1.0,1.0,
2023-08-02 14:30:00,강력한 반전 (BB 찢고 복귀),29299.7,29298.271659369842,1.5,1.0,
2023-08-02 15:15:00,강력한 반전 (BB 찢고 복귀),29293.0,29217.97127329101,1.5,1.0,
2023-08-02 17:00:00,역추세 반등 (BB 하단),29087.0,29081.90522846204,1.0,1.0,
2023-08-02 17:00:00,강력한 반전 (BB 찢고 복귀),29087.0,29081.90522846204,1.5,1.0,
2023-08-02 17:15:00,강력한 반전 (BB 찢고 복귀),29184.8,29075.822863503527,1.5,1.0,
2023-08-03 01:45:00,추세확정 (BB 상단 돌파),29246.2,,2.0,1.0,29244.442705707363
2023-08-03 02:30:00,강력한 반전 (BB 찢고 복귀),29148.4,29121.063182748287,1.5,1.0,
2023-08-03 03:15:00,강력한 반전 (BB 찢고 복귀),29153.4,29115.80252434779,1.5,1.0,
2023-08-03 04:30:00,강력한 반전 (BB 찢고 복귀),29142.0,29109.489120445778,1.5,1.0,
2023-08-03 07:00:00,강력한 반전 (BB 찢고 복귀),29090.8,29076.07603807233,1.5,1.0,
2023-08-03 07:30:00,역추세 반등 (BB 하단),29048.9,29042.380933819466,1.0,1.0,
2023-08-03 07:30:00,강력한 반전 (BB 찢고 복귀),29048.9,29042.380933819466,1.5,1.0,
2023-08-03 08:00:00,강력한 반전 (BB 찢고 복귀),29058.1,29024.333668430387,1.5,1.0,
2023-08-03 08:15:00,강력한 반전 (BB 찢고 복귀),29065.3,29020.704783216006,1.5,1.0,
2023-08-03 14:00:00,추세확정 (BB 상단 돌파),29202.0,,2.0,1.0,29199.21415258003
2023-08-03 14:30:00,추세확정 (BB 상단 돌파),29285.2,,2.0,1.0,29239.898261615464
2023-08-03 22:30:00,강력한 반전 (BB 찢고 복귀),29185.4,29148.41661802852,1.5,1.0,
2023-08-04 03:00:00,강력한 반전 (BB 찢고 복귀),29159.1,29143.124923797415,1.5,1.0,
2023-08-04 03:45:00,강력한 반전 (BB 찢고 복귀),29153.1,29133.47379044436,1.5,1.0,
2023-08-04 05:45:00,추세확정 (BB 상단 돌파),29228.0,,2.0,1.0,29225.383631760757
2023-08-04 10:30:00,강력한 반전 (BB 찢고 복귀),29173.3,29152.27582694026,1.5,1.0,
2023-08-04 11:15:00,역추세 반등 (BB 하단),29154.9,29140.040399734742,1.0,1.0,
2023-08-04 11:15:00,강력한 반전 (BB 찢고 복귀),29154.9,29140.040399734742,1.5,1.0,
2023-08-04 11:45:00,강력한 반전 (BB 찢고 복귀),29156.0,29131.631330000793,1.5,1.0,
2023-08-04 12:30:00,강력한 반전 (BB 찢고 복귀),29180.2,29131.750084899097,1.5,1.0,
2023-08-04 13:00:00,추세확정 (BB 상단 돌파),29228.4,,2.0,1.0,29223.56201698837
2023-08-04 13:30:00,추세확정 (BB 상단 돌파),29248.7,,2.0,1.0,29237.35275566882
2023-08-04 18:45:00,역추세 반등 (BB 하단),29054.1,29068.813590221733,1.0,1.0,
2023-08-04 19:00:00,역추세 반등 (BB 하단),29057.0,29046.01309062614,1.0,1.0,
2023-08-04 19:00:00,강력한 반전 (BB 찢고 복귀),29057.0,29046.01309062614,1.5,1.0,
2023-08-05 04:45:00,역추세 반등 (BB 하단),29043.8,29031.358673157898,1.0,1.0,
2023-08-05 04:45:00,강력한 반전 (BB 찢고 복귀),29043.8,29031.358673157898,1.5,1.0,
2023-08-05 12:15:00,역추세 반등 (BB 하단),29028.9,29019.11387729681,1.0,1.0,
2023-08-05 12:15:00,강력한 반전 (BB 찢고 복귀),29028.9,29019.11387729681,1.5,1.0,
2023-08-05 12:45:00,역추세 반등 (BB 하단),29008.4,28998.85164160965,1.0,1.0,
2023-08-05 12:45:00,강력한 반전 (BB 찢고 복귀),29008.4,28998.85164160965,1.5,1.0,
2023-08-05 22:45:00,추세확정 (BB 상단 돌파),29080.1,,2.0,1.0,29079.23651378955
2023-08-06 02:00:00,역추세 반등 (BB 하단),29045.5,29028.04772488846,1.0,1.0,
2023-08-06 02:00:00,강력한 반전 (BB 찢고 복귀),29045.5,29028.04772488846,1.5,1.0,
2023-08-06 05:45:00,추세확정 (BB 상단 돌파),29093.5,,2.0,1.0,29087.509552503016
2023-08-06 12:45:00,역추세 반등 (BB 하단),29029.1,29022.65392233826,1.0,1.0,
2023-08-06 12:45:00,강력한 반전 (BB 찢고 복귀),29029.1,29022.65392233826,1.5,1.0,
2023-08-06 14:15:00,역추세 반등 (BB 하단),29031.8,28993.229418394716,1.0,1.0,
2023-08-06 14:15:00,강력한 반전 (BB 찢고 복귀),29031.8,28993.229418394716,1.5,1.0,
2023-08-06 16:45:00,추세확정 (BB 상단 돌파),29077.1,,2.0,1.0,29071.58312256454
2023-08-06 17:30:00,추세확정 (BB 상단 돌파),29084.7,,2.0,1.0,29082.889009790975
2023-08-06 20:45:00,추세확정 (BB 상단 돌파),29125.0,,2.0,1.0,29118.976818757244
2023-08-07 00:30:00,강력한 반전 (BB 찢고 복귀),29059.2,29026.54188115385,1.5,1.0,
2023-08-07 02:45:00,추세확정 (BB 상단 돌파),29184.9,,2.0,1.0,29182.259607075655
2023-08-07 07:00:00,역추세 반등 (BB 하단),29065.5,29044.705683729335,1.0,1.0,
2023-08-07 07:00:00,강력한 반전 (BB 찢고 복귀),29065.5,29044.705683729335,1.5,1.0,
2023-08-07 10:30:00,추세확정 (BB 상단 돌파),29126.8,,2.0,1.0,29117.266646625805
2023-08-07 14:00:00,강력한 반전 (BB 찢고 복귀),29044.5,29011.70339763873,1.5,1.0,
2023-08-07 14:30:00,역추세 반등 (BB 하단),29025.0,28993.196700604723,1.0,1.0,
2023-08-07 14:30:00,강력한 반전 (BB 찢고 복귀),29025.0,28993.196700604723,1.5,1.0,
2023-08-07 16:15:00,역추세 반등 (BB 하단),28913.9,28829.922855636887,1.0,1.0,
2023-08-07 16:15:00,강력한 반전 (BB 찢고 복귀),28913.9,28829.922855636887,1.5,1.0,
2023-08-08 00:45:00,추세확정 (BB 상단 돌파),29248.8,,2.0,1.0,29246.886457732922
2023-08-08 05:15:00,추세확정 (BB 상단 돌파),29261.8,,2.0,1.0,29253.17379265642
2023-08-08 10:45:00,추세확정 (BB 상단 돌파),29286.0,,2.0,1.0,29275.28171100016
2023-08-08 11:15:00,추세확정 (BB 상단 돌파),29331.1,,2.0,1.0,29301.833069362314
2023-08-08 16:30:00,추세확정 (BB 상단 돌파),29692.9,,2.0,1.0,29665.62570659298
2023-08-09 02:45:00,역추세 반등 (BB 하단),29683.4,29678.341073082986,1.0,1.0,
2023-08-09 02:45:00,강력한 반전 (BB 찢고 복귀),29683.4,29678.341073082986,1.5,1.0,
2023-08-09 03:00:00,강력한 반전 (BB 찢고 복귀),29716.4,29673.914881860415,1.5,1.0,
2023-08-09 07:30:00,추세확정 (BB 상단 돌파),29793.6,,2.0,1.0,29791.441576425517
2023-08-09 11:45:00,추세확정 (BB 상단 돌파),29880.9,,2.0,1.0,29859.494053892467
2023-08-09 12:30:00,추세확정 (BB 상단 돌파),29941.6,,2.0,1.0,29911.902356812396
2023-08-09 15:30:00,강력한 반전 (BB 찢고 복귀),29782.1,29691.1415000199,1.5,1.0,
2023-08-09 17:00:00,역추세 반등 (BB 하단),29571.8,29524.75972966552,1.0,1.0,
2023-08-09 17:00:00,강력한 반전 (BB 찢고 복귀),29571.8,29524.75972966552,1.5,1.0,
2023-08-10 04:30:00,역추세 반등 (BB 하단),29548.1,29531.8575009633,1.0,1.0,
2023-08-10 04:30:00,강력한 반전 (BB 찢고 복귀),29548.1,29531.8575009633,1.5,1.0,
2023-08-10 09:30:00,강력한 반전 (BB 찢고 복귀),29527.6,29471.837335854867,1.5,1.0,
2023-08-10 13:15:00,추세확정 (BB 상단 돌파),29575.0,,2.0,1.0,29564.51487718802
2023-08-10 14:45:00,역추세 반등 (BB 하단),29488.6,29427.11291436299,1.0,1.0,
2023-08-10 14:45:00,강력한 반전 (BB 찢고 복귀),29488.6,29427.11291436299,1.5,1.0,
2023-08-10 16:15:00,강력한 반전 (BB 찢고 복귀),29423.5,29375.910127377625,1.5,1.0,
2023-08-10 19:30:00,강력한 반전 (BB 찢고 복귀),29416.7,29369.48455016372,1.5,1.0,
2023-08-11 00:30:00,추세확정 (BB 상단 돌파),29485.6,,2.0,1.0,29482.969648517337
2023-08-11 03:00:00,역추세 반등 (BB 하단),29400.6,29380.848139161397,1.0,1.0,
2023-08-11 03:00:00,강력한 반전 (BB 찢고 복귀),29400.6,29380.848139161397,1.5,1.0,
2023-08-11 10:00:00,강력한 반전 (BB 찢고 복귀),29395.8,29375.19862580631,1.5,1.0,
2023-08-11 13:00:00,추세확정 (BB 상단 돌파),29449.2,,2.0,1.0,29448.24856344179
2023-08-11 14:00:00,추세확정 (BB 상단 돌파),29499.2,,2.0,1.0,29476.986955423297
2023-08-11 15:45:00,강력한 반전 (BB 찢고 복귀),29379.9,29347.58808273492,1.5,1.0,
2023-08-11 16:45:00,역추세 반등 (BB 하단),29350.7,29311.37109482122,1.0,1.0,
2023-08-11 16:45:00,강력한 반전 (BB 찢고 복귀),29350.7,29311.37109482122,1.5,1.0,
2023-08-12 00:45:00,추세확정 (BB 상단 돌파),29438.7,,2.0,1.0,29436.799731782612
2023-08-12 02:00:00,강력한 반전 (BB 찢고 복귀),29400.1,29386.816184673484,1.5,1.0,
2023-08-12 03:00:00,역추세 반등 (BB 하단),29384.0,29380.991921035136,1.0,1.0,
2023-08-12 14:15:00,추세확정 (BB 상단 돌파),29427.0,,2.0,1.0,29426.592999765202
2023-08-12 14:45:00,추세확정 (BB 상단 돌파),29435.0,,2.0,1.0,29433.088496721735
2023-08-12 16:00:00,추세확정 (BB 상단 돌파),29446.5,,2.0,1.0,29445.815302885454
2023-08-12 21:45:00,강력한 반전 (BB 찢고 복귀),29410.2,29389.827821102434,1.5,1.0,
2023-08-13 00:30:00,추세확정 (BB 상단 돌파),29430.0,,2.0,1.0,29428.841118445183
2023-08-13 03:15:00,역추세 반등 (BB 하단),29403.1,29397.646494478537,1.0,1.0,
2023-08-13 03:15:00,강력한 반전 (BB 찢고 복귀),29403.1,29397.646494478537,1.5,1.0,
2023-08-13 11:45:00,역추세 반등 (BB 하단),29377.1,29374.38302746965,1.0,1.0,
2023-08-13 11:45:00,강력한 반전 (BB 찢고 복귀),29377.1,29374.38302746965,1.5,1.0,
2023-08-13 12:15:00,강력한 반전 (BB 찢고 복귀),29378.6,29370.170502686706,1.5,1.0,
2023-08-13 15:30:00,역추세 반등 (BB 하단),29368.2,29354.038760137984,1.0,1.0,
2023-08-13 15:30:00,강력한 반전 (BB 찢고 복귀),29368.2,29354.038760137984,1.5,1.0,
2023-08-13 16:15:00,역추세 반등 (BB 하단),29346.7,29340.078861458853,1.0,1.0,
2023-08-13 16:15:00,강력한 반전 (BB 찢고 복귀),29346.7,29340.078861458853,1.5,1.0,
2023-08-13 22:15:00,역추세 반등 (BB 하단),29355.2,29346.531861673167,1.0,1.0,
2023-08-13 22:15:00,강력한 반전 (BB 찢고 복귀),29355.2,29346.531861673167,1.5,1.0,
2023-08-13 23:15:00,역추세 반등 (BB 하단),29329.2,29292.77502403059,1.0,1.0,
2023-08-13 23:15:00,강력한 반전 (BB 찢고 복귀),29329.2,29292.77502403059,1.5,1.0,
2023-08-14 00:45:00,역추세 반등 (BB 하단),29259.7,29241.618507737527,1.0,1.0,
2023-08-14 00:45:00,강력한 반전 (BB 찢고 복귀),29259.7,29241.618507737527,1.5,1.0,
2023-08-14 01:30:00,강력한 반전 (BB 찢고 복귀),29265.2,29225.82051658181,1.5,1.0,
2023-08-14 02:15:00,역추세 반등 (BB 하단),29198.8,29188.800457684887,1.0,1.0,
2023-08-14 02:15:00,강력한 반전 (BB 찢고 복귀),29198.8,29188.800457684887,1.5,1.0,
2023-08-14 02:30:00,강력한 반전 (BB 찢고 복귀),29345.8,29190.527688433278,1.5,1.0,
2023-08-14 09:45:00,역추세 반등 (BB 하단),29402.8,29379.724489519052,1.0,1.0,
2023-08-14 09:45:00,강력한 반전 (BB 찢고 복귀),29402.8,29379.724489519052,1.5,1.0,
2023-08-14 12:30:00,역추세 반등 (BB 하단),29357.0,29350.352732942,1.0,1.0,
2023-08-14 12:30:00,강력한 반전 (BB 찢고 복귀),29357.0,29350.352732942,1.5,1.0,
2023-08-14 13:15:00,역추세 반등 (BB 하단),29342.4,29335.821350496666,1.0,1.0,
2023-08-14 13:30:00,강력한 반전 (BB 찢고 복귀),29353.9,29333.904645640596,1.5,1.0,
2023-08-14 14:30:00,추세확정 (BB 상단 돌파),29554.9,,2.0,1.0,29487.75330193375
2023-08-14 15:15:00,추세확정 (BB 상단 돌파),29628.3,,2.0,1.0,29571.710167343685
2023-08-14 18:15:00,강력한 반전 (BB 찢고 복귀),29357.0,29298.211000651685,1.5,1.0,
2023-08-15 02:15:00,강력한 반전 (BB 찢고 복귀),29396.3,29378.726153932465,1.5,1.0,
2023-08-15 03:00:00,역추세 반등 (BB 하단),29387.0,29371.375207960173,1.0,1.0,
2023-08-15 03:45:00,역추세 반등 (BB 하단),29387.0,29359.27543217913,1.0,1.0,
2023-08-15 07:30:00,강력한 반전 (BB 찢고 복귀),29389.3,29344.578686383968,1.5,1.0,
2023-08-15 08:15:00,추세확정 (BB 상단 돌파),29417.6,,2.0,1.0,29409.242974237928
2023-08-15 12:30:00,강력한 반전 (BB 찢고 복귀),29369.0,29351.381650517873,1.5,1.0,
2023-08-15 14:00:00,강력한 반전 (BB 찢고 복귀),29408.7,29345.912766799218,1.5,1.0,
2023-08-15 14:45:00,추세확정 (BB 상단 돌파),29445.2,,2.0,1.0,29434.30028692727
2023-08-15 16:00:00,역추세 반등 (BB 하단),29330.0,29314.73377517217,1.0,1.0,
2023-08-15 16:00:00,강력한 반전 (BB 찢고 복귀),29330.0,29314.73377517217,1.5,1.0,
2023-08-15 17:00:00,역추세 반등 (BB 하단),29297.5,29276.02026344025,1.0,1.0,
2023-08-15 17:00:00,강력한 반전 (BB 찢고 복귀),29297.5,29276.02026344025,1.5,1.0,
2023-08-15 19:15:00,역추세 반등 (BB 하단),29167.9,29183.260251155225,1.0,1.0,
2023-08-15 19:30:00,역추세 반등 (BB 하단),29179.9,29165.11693508959,1.0,1.0,
2023-08-15 19:30:00,강력한 반전 (BB 찢고 복귀),29179.9,29165.11693508959,1.5,1.0,
2023-08-15 20:00:00,강력한 반전 (BB 찢고 복귀),29201.4,29150.469751226618,1.5,1.0,
2023-08-16 06:15:00,역추세 반등 (BB 하단),29161.4,29140.73797043087,1.0,1.0,
2023-08-16 06:15:00,강력한 반전 (BB 찢고 복귀),29161.4,29140.73797043087,1.5,1.0,
2023-08-16 09:30:00,강력한 반전 (BB 찢고 복귀),29157.4,29135.24398879237,1.5,1.0,
2023-08-16 11:45:00,역추세 반등 (BB 하단),29155.3,29139.013978398543,1.0,1.0,
2023-08-16 12:30:00,역추세 반등 (BB 하단),29164.1,29115.63180797673,1.0,1.0,
2023-08-16 12:30:00,강력한 반전 (BB 찢고 복귀),29164.1,29115.63180797673,1.5,1.0,
2023-08-16 14:00:00,역추세 반등 (BB 하단),29098.9,29083.755381196755,1.0,1.0,
2023-08-16 14:00:00,강력한 반전 (BB 찢고 복귀),29098.9,29083.755381196755,1.5,1.0,
2023-08-16 16:30:00,역추세 반등 (BB 하단),29022.2,29003.545478507996,1.0,1.0,
2023-08-16 16:30:00,강력한 반전 (BB 찢고 복귀),29022.2,29003.545478507996,1.5,1.0,
2023-08-16 20:45:00,역추세 반등 (BB 하단),28973.5,28920.029732907748,1.0,1.0,
2023-08-16 20:45:00,강력한 반전 (BB 찢고 복귀),28973.5,28920.029732907748,1.5,1.0,
2023-08-16 21:15:00,강력한 반전 (BB 찢고 복귀),28919.6,28886.49009132419,1.5,1.0,
2023-08-17 00:00:00,강력한 반전 (BB 찢고 복귀),28779.3,28702.43780663812,1.5,1.0,
2023-08-17 00:45:00,역추세 반등 (BB 하단),28575.9,28547.777634514267,1.0,1.0,
2023-08-17 00:45:00,강력한 반전 (BB 찢고 복귀),28575.9,28547.777634514267,1.5,1.0,
2023-08-17 08:30:00,역추세 반등 (BB 하단),28611.7,28590.019427291907,1.0,1.0,
2023-08-17 08:30:00,강력한 반전 (BB 찢고 복귀),28611.7,28590.019427291907,1.5,1.0,
2023-08-17 09:00:00,역추세 반등 (BB 하단),28554.8,28555.578628774485,1.0,1.0,
2023-08-17 09:15:00,역추세 반등 (BB 하단),28576.9,28547.68407026797,1.0,1.0,
2023-08-17 12:15:00,역추세 반등 (BB 하단),28519.8,28478.36338034317,1.0,1.0,
2023-08-17 12:15:00,강력한 반전 (BB 찢고 복귀),28519.8,28478.36338034317,1.5,1.0,
2023-08-17 14:15:00,역추세 반등 (BB 하단),28385.9,28369.836235835737,1.0,1.0,
2023-08-17 14:15:00,강력한 반전 (BB 찢고 복귀),28385.9,28369.836235835737,1.5,1.0,
2023-08-17 15:00:00,강력한 반전 (BB 찢고 복귀),28454.9,28344.19966910927,1.5,1.0,
2023-08-17 16:15:00,역추세 반등 (BB 하단),27887.1,27884.79182334448,1.0,1.0,
2023-08-17 16:15:00,강력한 반전 (BB 찢고 복귀),27887.1,27884.79182334448,1.5,1.0,
2023-08-17 21:15:00,역추세 반등 (BB 하단),27669.0,27634.0992321777,1.0,1.0,
2023-08-17 21:15:00,강력한 반전 (BB 찢고 복귀),27669.0,27634.0992321777,1.5,1.0,
2023-08-17 21:45:00,역추세 반등 (BB 하단),26230.8,25846.43135365522,1.0,1.0,
2023-08-17 21:45:00,강력한 반전 (BB 찢고 복귀),26230.8,25846.43135365522,1.5,1.0,
2023-08-18 04:30:00,역추세 반등 (BB 하단),26284.2,26218.630415817224,1.0,1.0,
2023-08-18 04:30:00,강력한 반전 (BB 찢고 복귀),26284.2,26218.630415817224,1.5,1.0,
2023-08-18 13:30:00,역추세 반등 (BB 하단),26309.6,26237.943342307844,1.0,1.0,
2023-08-18 13:30:00,강력한 반전 (BB 찢고 복귀),26309.6,26237.943342307844,1.5,1.0,
2023-08-18 14:30:00,역추세 반등 (BB 하단),26275.8,26154.656059229543,1.0,1.0,
2023-08-18 14:30:00,강력한 반전 (BB 찢고 복귀),26275.8,26154.656059229543,1.5,1.0,
2023-08-18 15:00:00,역추세 반등 (BB 하단),26163.3,26063.889815117676,1.0,1.0,
2023-08-18 15:00:00,강력한 반전 (BB 찢고 복귀),26163.3,26063.889815117676,1.5,1.0,
2023-08-18 17:15:00,역추세 반등 (BB 하단),25894.9,25779.30256798473,1.0,1.0,
2023-08-18 17:15:00,강력한 반전 (BB 찢고 복귀),25894.9,25779.30256798473,1.5,1.0,
2023-08-19 03:15:00,역추세 반등 (BB 하단),25952.1,25944.497858858773,1.0,1.0,
2023-08-19 03:15:00,강력한 반전 (BB 찢고 복귀),25952.1,25944.497858858773,1.5,1.0,
2023-08-19 04:15:00,강력한 반전 (BB 찢고 복귀),25945.9,25903.441754184398,1.5,1.0,
2023-08-19 06:00:00,역추세 반등 (BB 하단),25887.5,25864.0128543801,1.0,1.0,
2023-08-19 06:15:00,강력한 반전 (BB 찢고 복귀),25897.6,25862.63239846665,1.5,1.0,
2023-08-19 07:15:00,역추세 반등 (BB 하단),25818.6,25796.42898668907,1.0,1.0,
2023-08-19 07:15:00,강력한 반전 (BB 찢고 복귀),25818.6,25796.42898668907,1.5,1.0,
2023-08-19 14:15:00,추세확정 (BB 상단 돌파),26014.4,,2.0,1.0,25984.00364412712
2023-08-19 15:00:00,추세확정 (BB 상단 돌파),26052.3,,2.0,1.0,26022.96250185295
2023-08-19 15:45:00,추세확정 (BB 상단 돌파),26203.6,,2.0,1.0,26122.125704735015
2023-08-19 16:45:00,추세확정 (BB 상단 돌파),26240.5,,2.0,1.0,26239.489435926953
2023-08-20 00:30:00,추세확정 (BB 상단 돌파),26165.4,,2.0,1.0,26144.951612041896
2023-08-20 15:00:00,역추세 반등 (BB 하단),26060.0,26066.395761167776,1.0,1.0,
2023-08-20 15:45:00,강력한 반전 (BB 찢고 복귀),26091.0,26035.727243061545,1.5,1.0,
2023-08-20 20:00:00,추세확정 (BB 상단 돌파),26169.0,,2.0,1.0,26161.30630162821
2023-08-20 20:30:00,추세확정 (BB 상단 돌파),26250.2,,2.0,1.0,26202.004328920095
2023-08-21 01:15:00,강력한 반전 (BB 찢고 복귀),26138.0,26085.48054770129,1.5,1.0,
2023-08-21 02:45:00,역추세 반등 (BB 하단),26082.9,26066.970370723164,1.0,1.0,
2023-08-21 03:15:00,강력한 반전 (BB 찢고 복귀),26094.9,26059.38727837257,1.5,1.0,
2023-08-21 04:45:00,강력한 반전 (BB 찢고 복귀),26045.1,26029.199506168898,1.5,1.0,
2023-08-21 07:00:00,역추세 반등 (BB 하단),26022.0,26015.856851867564,1.0,1.0,
2023-08-21 07:00:00,강력한 반전 (BB 찢고 복귀),26022.0,26015.856851867564,1.5,1.0,
2023-08-21 07:30:00,역추세 반등 (BB 하단),26021.2,25996.587175152876,1.0,1.0,
2023-08-21 07:30:00,강력한 반전 (BB 찢고 복귀),26021.2,25996.587175152876,1.5,1.0,
2023-08-21 08:15:00,강력한 반전 (BB 찢고 복귀),26055.9,25982.72008753962,1.5,1.0,
2023-08-21 10:15:00,역추세 반등 (BB 하단),25960.0,25954.681735415452,1.0,1.0,
2023-08-21 10:15:00,강력한 반전 (BB 찢고 복귀),25960.0,25954.681735415452,1.5,1.0,
2023-08-21 11:15:00,강력한 반전 (BB 찢고 복귀),25945.0,25915.414687043532,1.5,1.0,
2023-08-21 13:45:00,추세확정 (BB 상단 돌파),26117.1,,2.0,1.0,26106.935911626162
2023-08-21 15:30:00,역추세 반등 (BB 하단),25931.2,25872.753304320326,1.0,1.0,
2023-08-21 15:30:00,강력한 반전 (BB 찢고 복귀),25931.2,25872.753304320326,1.5,1.0,
2023-08-21 21:30:00,추세확정 (BB 상단 돌파),26186.2,,2.0,1.0,26151.44779930107
2023-08-22 05:15:00,강력한 반전 (BB 찢고 복귀),26020.8,25987.37179280255,1.5,1.0,
2023-08-22 07:30:00,추세확정 (BB 상단 돌파),26100.0,,2.0,1.0,26082.909719069197
2023-08-22 13:30:00,강력한 반전 (BB 찢고 복귀),26042.8,26003.729643823433,1.5,1.0,
2023-08-22 14:00:00,역추세 반등 (BB 하단),26024.5,25993.729286246704,1.0,1.0,
2023-08-22 14:00:00,강력한 반전 (BB 찢고 복귀),26024.5,25993.729286246704,1.5,1.0,
2023-08-22 16:30:00,역추세 반등 (BB 하단),25966.9,25876.876275488532,1.0,1.0,
2023-08-22 16:30:00,강력한 반전 (BB 찢고 복귀),25966.9,25876.876275488532,1.5,1.0,
2023-08-22 17:45:00,역추세 반등 (BB 하단),25822.0,25805.511059889574,1.0,1.0,
2023-08-22 17:45:00,강력한 반전 (BB 찢고 복귀),25822.0,25805.511059889574,1.5,1.0,
2023-08-22 21:30:00,역추세 반등 (BB 하단),25663.7,25658.220526416677,1.0,1.0,
2023-08-22 21:30:00,강력한 반전 (BB 찢고 복귀),25663.7,25658.220526416677,1.5,1.0,
2023-08-23 00:00:00,추세확정 (BB 상단 돌파),26156.4,,2.0,1.0,26107.85083588004
2023-08-23 07:15:00,추세확정 (BB 상단 돌파),26095.6,,2.0,1.0,26089.94413057328
2023-08-23 10:30:00,역추세 반등 (BB 하단),25995.3,25976.54152025208,1.0,1.0,
2023-08-23 10:30:00,강력한 반전 (BB 찢고 복귀),25995.3,25976.54152025208,1.5,1.0,
2023-08-23 11:30:00,역추세 반등 (BB 하단),25937.2,25909.473282821844,1.0,1.0,
2023-08-23 11:30:00,강력한 반전 (BB 찢고 복귀),25937.2,25909.473282821844,1.5,1.0,
2023-08-23 13:15:00,강력한 반전 (BB 찢고 복귀),25853.9,25806.11256258602,1.5,1.0,
2023-08-23 15:00:00,추세확정 (BB 상단 돌파),26111.3,,2.0,1.0,26095.249714467413
2023-08-23 16:15:00,추세확정 (BB 상단 돌파),26327.2,,2.0,1.0,26268.60229182623
2023-08-23 17:00:00,추세확정 (BB 상단 돌파),26489.8,,2.0,1.0,26472.81147782274
2023-08-23 22:00:00,역추세 반등 (BB 하단),26403.4,26342.72935265567,1.0,1.0,
2023-08-23 22:00:00,강력한 반전 (BB 찢고 복귀),26403.4,26342.72935265567,1.5,1.0,
2023-08-24 09:00:00,추세확정 (BB 상단 돌파),26537.6,,2.0,1.0,26510.60413375826
2023-08-24 12:15:00,역추세 반등 (BB 하단),26417.8,26380.80700928241,1.0,1.0,
2023-08-24 12:15:00,강력한 반전 (BB 찢고 복귀),26417.8,26380.80700928241,1.5,1.0,
2023-08-24 13:45:00,역추세 반등 (BB 하단),26343.5,26305.180788450783,1.0,1.0,
2023-08-24 13:45:00,강력한 반전 (BB 찢고 복귀),26343.5,26305.180788450783,1.5,1.0,
2023-08-24 14:45:00,역추세 반등 (BB 하단),26105.1,26116.675285148503,1.0,1.0,
2023-08-24 23:45:00,추세확정 (BB 상단 돌파),26161.6,,2.0,1.0,26156.2020947448
2023-08-25 03:30:00,역추세 반등 (BB 하단),26088.0,26057.337175455472,1.0,1.0,
2023-08-25 03:30:00,강력한 반전 (BB 찢고 복귀),26088.0,26057.337175455472,1.5,1.0,
2023-08-25 04:30:00,역추세 반등 (BB 하단),26042.5,26033.046791849694,1.0,1.0,
2023-08-25 04:30:00,강력한 반전 (BB 찢고 복귀),26042.5,26033.046791849694,1.5,1.0,
2023-08-25 05:00:00,역추세 반등 (BB 하단),26016.8,26005.762878721827,1.0,1.0,
2023-08-25 05:00:00,강력한 반전 (BB 찢고 복귀),26016.8,26005.762878721827,1.5,1.0,
2023-08-25 08:00:00,강력한 반전 (BB 찢고 복귀),26025.9,25966.18821896428,1.5,1.0,
2023-08-25 13:00:00,추세확정 (BB 상단 돌파),26159.3,,2.0,1.0,26130.296582772018
2023-08-25 14:00:00,강력한 반전 (BB 찢고 복귀),26094.9,26039.62406715738,1.5,1.0,
2023-08-25 15:00:00,역추세 반등 (BB 하단),25960.6,25904.672109625113,1.0,1.0,
2023-08-25 15:00:00,강력한 반전 (BB 찢고 복귀),25960.6,25904.672109625113,1.5,1.0,
2023-08-25 15:15:00,강력한 반전 (BB 찢고 복귀),25986.9,25896.152068615575,1.5,1.0,
2023-08-26 03:00:00,추세확정 (BB 상단 돌파),26076.5,,2.0,1.0,26072.523163027283
2023-08-26 08:45:00,역추세 반등 (BB 하단),26029.4,26022.637094037604,1.0,1.0,
2023-08-26 08:45:00,강력한 반전 (BB 찢고 복귀),26029.4,26022.637094037604,1.5,1.0,
2023-08-26 09:45:00,역추세 반등 (BB 하단),26002.6,25996.664979115587,1.0,1.0,
2023-08-26 12:45:00,강력한 반전 (BB 찢고 복귀),26016.4,25989.145686992742,1.5,1.0,
2023-08-26 14:45:00,추세확정 (BB 상단 돌파),26052.8,,2.0,1.0,26049.67193870162
2023-08-26 17:45:00,강력한 반전 (BB 찢고 복귀),26020.5,25998.083282642456,1.5,1.0,
2023-08-26 23:15:00,역추세 반등 (BB 하단),26007.5,25994.513665055765,1.0,1.0,
2023-08-26 23:15:00,강력한 반전 (BB 찢고 복귀),26007.5,25994.513665055765,1.5,1.0,
2023-08-27 01:00:00,강력한 반전 (BB 찢고 복귀),25996.6,25984.74287264236,1.5,1.0,
2023-08-27 01:45:00,역추세 반등 (BB 하단),25983.9,25968.973961944208,1.0,1.0,
2023-08-27 01:45:00,강력한 반전 (BB 찢고 복귀),25983.9,25968.973961944208,1.5,1.0,
2023-08-27 09:45:00,추세확정 (BB 상단 돌파),26069.9,,2.0,1.0,26059.014174416065
2023-08-27 14:00:00,추세확정 (BB 상단 돌파),26120.1,,2.0,1.0,26097.63127331491
2023-08-27 18:00:00,강력한 반전 (BB 찢고 복귀),26063.7,26048.790495951664,1.5,1.0,
2023-08-28 01:15:00,역추세 반등 (BB 하단),26038.4,26007.68707250442,1.0,1.0,
2023-08-28 01:15:00,강력한 반전 (BB 찢고 복귀),26038.4,26007.68707250442,1.5,1.0,
2023-08-28 01:30:00,강력한 반전 (BB 찢고 복귀),26041.6,26005.496101816898,1.5,1.0,
2023-08-28 05:45:00,역추세 반등 (BB 하단),25950.7,25957.261185631014,1.0,1.0,
2023-08-28 06:00:00,역추세 반등 (BB 하단),25970.0,25952.25858392491,1.0,1.0,
2023-08-28 06:00:00,강력한 반전 (BB 찢고 복귀),25970.0,25952.25858392491,1.5,1.0,
2023-08-28 07:45:00,강력한 반전 (BB 찢고 복귀),25920.7,25876.60469982237,1.5,1.0,
2023-08-28 09:15:00,강력한 반전 (BB 찢고 복귀),25956.3,25871.810943729008,1.5,1.0,
2023-08-28 11:45:00,추세확정 (BB 상단 돌파),25987.9,,2.0,1.0,25978.91881392768
2023-08-28 17:00:00,추세확정 (BB 상단 돌파),26173.5,,2.0,1.0,26164.379751174627
2023-08-28 19:30:00,역추세 반등 (BB 하단),25967.9,26003.252742221,1.0,1.0,
2023-08-28 19:45:00,역추세 반등 (BB 하단),25984.7,25982.57867927693,1.0,1.0,
2023-08-28 19:45:00,강력한 반전 (BB 찢고 복귀),25984.7,25982.57867927693,1.5,1.0,
2023-08-29 05:15:00,강력한 반전 (BB 찢고 복귀),26053.0,26033.231706032664,1.5,1.0,
2023-08-29 05:30:00,강력한 반전 (BB 찢고 복귀),26063.1,26032.364155000356,1.5,1.0,
2023-08-29 06:30:00,역추세 반등 (BB 하단),26023.0,26019.911042586664,1.0,1.0,
2023-08-29 06:30:00,강력한 반전 (BB 찢고 복귀),26023.0,26019.911042586664,1.5,1.0,
2023-08-29 07:00:00,역추세 반등 (BB 하단),25994.4,25996.61985433931,1.0,1.0,
2023-08-29 07:15:00,역추세 반등 (BB 하단),26025.9,25995.10319524514,1.0,1.0,
2023-08-29 07:15:00,강력한 반전 (BB 찢고 복귀),26025.9,25995.10319524514,1.5,1.0,
2023-08-29 07:45:00,강력한 반전 (BB 찢고 복귀),25993.8,25982.366663422203,1.5,1.0,
2023-08-29 09:00:00,역추세 반등 (BB 하단),25947.4,25937.30004420621,1.0,1.0,
2023-08-29 10:30:00,강력한 반전 (BB 찢고 복귀),25965.0,25927.22036840247,1.5,1.0,
2023-08-29 12:30:00,추세확정 (BB 상단 돌파),26013.7,,2.0,1.0,26012.050525118455
2023-08-29 13:30:00,추세확정 (BB 상단 돌파),26057.6,,2.0,1.0,26042.35008267669
2023-08-29 14:00:00,추세확정 (BB 상단 돌파),26178.6,,2.0,1.0,26102.508238454015
2023-08-29 21:00:00,역추세 반등 (BB 하단),27678.4,27654.2671049368,1.0,1.0,
2023-08-29 21:00:00,강력한 반전 (BB 찢고 복귀),27678.4,27654.2671049368,1.5,1.0,
2023-08-30 01:30:00,강력한 반전 (BB 찢고 복귀),27531.6,27504.060889535816,1.5,1.0,
2023-08-30 02:30:00,역추세 반등 (BB 하단),27381.7,27377.220465423216,1.0,1.0,
2023-08-30 02:30:00,강력한 반전 (BB 찢고 복귀),27381.7,27377.220465423216,1.5,1.0,
2023-08-30 09:30:00,역추세 반등 (BB 하단),27391.3,27358.565660482353,1.0,1.0,
2023-08-30 09:30:00,강력한 반전 (BB 찢고 복귀),27391.3,27358.565660482353,1.5,1.0,
2023-08-30 12:00:00,강력한 반전 (BB 찢고 복귀),27357.4,27317.569578191644,1.5,1.0,
2023-08-30 12:45:00,역추세 반등 (BB 하단),27341.9,27290.09328199005,1.0,1.0,
2023-08-30 12:45:00,강력한 반전 (BB 찢고 복귀),27341.9,27290.09328199005,1.5,1.0,
2023-08-30 13:45:00,강력한 반전 (BB 찢고 복귀),27363.0,27282.795573845637,1.5,1.0,
2023-08-30 15:00:00,역추세 반등 (BB 하단),27159.0,27150.355875404894,1.0,1.0,
2023-08-30 15:00:00,강력한 반전 (BB 찢고 복귀),27159.0,27150.355875404894,1.5,1.0,
2023-08-30 15:15:00,강력한 반전 (BB 찢고 복귀),27171.0,27129.295741338592,1.5,1.0,
2023-08-30 16:15:00,강력한 반전 (BB 찢고 복귀),27155.9,27076.8583458946,1.5,1.0,
2023-08-31 00:45:00,강력한 반전 (BB 찢고 복귀),27206.5,27198.910274981634,1.5,1.0,
2023-08-31 07:15:00,추세확정 (BB 상단 돌파),27279.9,,2.0,1.0,27279.46298402526
2023-08-31 09:30:00,역추세 반등 (BB 하단),27200.4,27192.966071607996,1.0,1.0,
2023-08-31 09:30:00,강력한 반전 (BB 찢고 복귀),27200.4,27192.966071607996,1.5,1.0,
2023-08-31 10:00:00,역추세 반등 (BB 하단),27190.7,27180.14663799522,1.0,1.0,
2023-08-31 10:00:00,강력한 반전 (BB 찢고 복귀),27190.7,27180.14663799522,1.5,1.0,
2023-08-31 11:15:00,추세확정 (BB 상단 돌파),27285.2,,2.0,1.0,27281.647760587075
2023-08-31 14:15:00,강력한 반전 (BB 찢고 복귀),27118.6,27047.472067568087,1.5,1.0,
2023-08-31 15:45:00,역추세 반등 (BB 하단),26911.4,26921.311495014117,1.0,1.0,
2023-08-31 17:00:00,역추세 반등 (BB 하단),26382.0,26373.660894712913,1.0,1.0,
2023-08-31 17:00:00,강력한 반전 (BB 찢고 복귀),26382.0,26373.660894712913,1.5,1.0,
2023-08-31 21:15:00,역추세 반등 (BB 하단),25910.7,25888.806719827946,1.0,1.0,
2023-08-31 21:15:00,강력한 반전 (BB 찢고 복귀),25910.7,25888.806719827946,1.5,1.0,
2023-09-01 02:30:00,추세확정 (BB 상단 돌파),26074.1,,2.0,1.0,26068.09174736236
2023-09-01 06:30:00,강력한 반전 (BB 찢고 복귀),26001.5,25973.910338594556,1.5,1.0,
2023-09-01 07:00:00,강력한 반전 (BB 찢고 복귀),25997.5,25980.916327160387,1.5,1.0,
2023-09-01 12:00:00,추세확정 (BB 상단 돌파),26069.9,,2.0,1.0,26053.700715382758
2023-09-01 13:45:00,강력한 반전 (BB 찢고 복귀),25990.4,25954.059516850986,1.5,1.0,
2023-09-01 15:00:00,역추세 반등 (BB 하단),25780.3,25776.359583326157,1.0,1.0,
2023-09-01 15:00:00,강력한 반전 (BB 찢고 복귀),25780.3,25776.359583326157,1.5,1.0,
2023-09-01 17:30:00,역추세 반등 (BB 하단),25420.0,25449.436471843135,1.0,1.0,
2023-09-01 17:45:00,역추세 반등 (BB 하단),25465.3,25404.870629629866,1.0,1.0,
2023-09-01 17:45:00,강력한 반전 (BB 찢고 복귀),25465.3,25404.870629629866,1.5,1.0,
2023-09-02 05:15:00,추세확정 (BB 상단 돌파),25823.9,,2.0,1.0,25818.827447855005
2023-09-02 11:00:00,추세확정 (BB 상단 돌파),25837.4,,2.0,1.0,25834.71713380271
2023-09-02 14:30:00,추세확정 (BB 상단 돌파),25861.6,,2.0,1.0,25849.094733955597
2023-09-02 15:00:00,추세확정 (BB 상단 돌파),25906.0,,2.0,1.0,25876.022563244074
2023-09-03 01:00:00,추세확정 (BB 상단 돌파),25885.4,,2.0,1.0,25882.080460018515
2023-09-03 06:30:00,추세확정 (BB 상단 돌파),25921.6,,2.0,1.0,25904.41242924895
2023-09-03 07:45:00,추세확정 (BB 상단 돌파),25940.8,,2.0,1.0,25935.18679466317
2023-09-03 12:30:00,추세확정 (BB 상단 돌파),26013.0,,2.0,1.0,25970.775978137324
2023-09-03 13:00:00,강력한 반전 (BB 찢고 복귀),25890.7,25843.216629627746,1.5,1.0,
2023-09-03 18:30:00,추세확정 (BB 상단 돌파),25955.0,,2.0,1.0,25938.933681939194
2023-09-03 19:30:00,추세확정 (BB 상단 돌파),25988.8,,2.0,1.0,25979.92891910901
2023-09-04 01:30:00,강력한 반전 (BB 찢고 복귀),25895.9,25870.147354533674,1.5,1.0,
2023-09-04 03:00:00,추세확정 (BB 상단 돌파),26025.1,,2.0,1.0,25998.572998787673
2023-09-04 09:45:00,역추세 반등 (BB 하단),25944.5,25924.833396940998,1.0,1.0,
2023-09-04 09:45:00,강력한 반전 (BB 찢고 복귀),25944.5,25924.833396940998,1.5,1.0,
2023-09-04 10:45:00,역추세 반등 (BB 하단),25897.3,25897.5574027571,1.0,1.0,
2023-09-04 11:00:00,역추세 반등 (BB 하단),25908.0,25891.95724866715,1.0,1.0,
2023-09-04 11:30:00,역추세 반등 (BB 하단),25908.0,25874.144359852395,1.0,1.0,
2023-09-04 11:30:00,강력한 반전 (BB 찢고 복귀),25908.0,25874.144359852395,1.5,1.0,
2023-09-04 12:15:00,강력한 반전 (BB 찢고 복귀),25872.7,25846.562828958366,1.5,1.0,
2023-09-04 12:45:00,강력한 반전 (BB 찢고 복귀),25851.1,25826.37325932528,1.5,1.0,
2023-09-04 15:15:00,역추세 반등 (BB 하단),25808.0,25805.87546887067,1.0,1.0,
2023-09-04 15:15:00,강력한 반전 (BB 찢고 복귀),25808.0,25805.87546887067,1.5,1.0,
2023-09-04 15:45:00,역추세 반등 (BB 하단),25803.9,25783.32022817454,1.0,1.0,
2023-09-04 15:45:00,강력한 반전 (BB 찢고 복귀),25803.9,25783.32022817454,1.5,1.0,
2023-09-04 22:00:00,역추세 반등 (BB 하단),25724.5,25692.77244285018,1.0,1.0,
2023-09-04 22:00:00,강력한 반전 (BB 찢고 복귀),25724.5,25692.77244285018,1.5,1.0,
2023-09-05 03:15:00,역추세 반등 (BB 하단),25617.8,25629.684053084377,1.0,1.0,
2023-09-05 03:30:00,역추세 반등 (BB 하단),25639.4,25615.429617909373,1.0,1.0,
2023-09-05 08:45:00,역추세 반등 (BB 하단),25697.7,25657.61540877995,1.0,1.0,
2023-09-05 08:45:00,강력한 반전 (BB 찢고 복귀),25697.7,25657.61540877995,1.5,1.0,
2023-09-05 10:00:00,추세확정 (BB 상단 돌파),25767.1,,2.0,1.0,25758.468982977196
2023-09-05 12:45:00,추세확정 (BB 상단 돌파),25811.6,,2.0,1.0,25806.98371529451
2023-09-05 14:45:00,역추세 반등 (BB 하단),25703.7,25673.860208508388,1.0,1.0,
2023-09-05 14:45:00,강력한 반전 (BB 찢고 복귀),25703.7,25673.860208508388,1.5,1.0,
2023-09-05 15:30:00,강력한 반전 (BB 찢고 복귀),25758.9,25662.09251275006,1.5,1.0,
2023-09-05 20:00:00,강력한 반전 (BB 찢고 복귀),25706.2,25661.00077499407,1.5,1.0,
2023-09-05 23:30:00,추세확정 (BB 상단 돌파),25790.0,,2.0,1.0,25789.61947378644
2023-09-06 02:45:00,추세확정 (BB 상단 돌파),25837.3,,2.0,1.0,25830.645648374644
2023-09-06 08:00:00,강력한 반전 (BB 찢고 복귀),25720.3,25714.158475083812,1.5,1.0,
2023-09-06 08:15:00,강력한 반전 (BB 찢고 복귀),25724.3,25713.98573346742,1.5,1.0,
2023-09-06 09:15:00,강력한 반전 (BB 찢고 복귀),25722.2,25707.536758802606,1.5,1.0,
2023-09-06 13:30:00,강력한 반전 (BB 찢고 복귀),25749.7,25687.858434030884,1.5,1.0,
2023-09-06 14:45:00,역추세 반등 (BB 하단),25607.4,25590.008574416745,1.0,1.0,
2023-09-06 14:45:00,강력한 반전 (BB 찢고 복귀),25607.4,25590.008574416745,1.5,1.0,
2023-09-06 15:15:00,강력한 반전 (BB 찢고 복귀),25600.0,25559.39610512096,1.5,1.0,
2023-09-06 17:15:00,강력한 반전 (BB 찢고 복귀),25609.2,25488.646168654002,1.5,1.0,
2023-09-06 17:45:00,추세확정 (BB 상단 돌파),25846.3,,2.0,1.0,25790.64780308182
2023-09-07 03:15:00,추세확정 (BB 상단 돌파),25788.7,,2.0,1.0,25780.183358242914
2023-09-07 03:45:00,추세확정 (BB 상단 돌파),25822.1,,2.0,1.0,25802.108492738764
2023-09-07 08:15:00,강력한 반전 (BB 찢고 복귀),25731.5,25721.62594570577,1.5,1.0,
2023-09-07 10:45:00,강력한 반전 (BB 찢고 복귀),25738.4,25711.59687763864,1.5,1.0,
2023-09-07 11:45:00,역추세 반등 (BB 하단),25697.1,25696.759591042457,1.0,1.0,
2023-09-07 11:45:00,강력한 반전 (BB 찢고 복귀),25697.1,25696.759591042457,1.5,1.0,
2023-09-07 12:15:00,강력한 반전 (BB 찢고 복귀),25706.4,25688.258638765885,1.5,1.0,
2023-09-07 13:00:00,역추세 반등 (BB 하단),25671.7,25654.641441964526,1.0,1.0,
2023-09-07 13:00:00,강력한 반전 (BB 찢고 복귀),25671.7,25654.641441964526,1.5,1.0,
2023-09-07 13:30:00,강력한 반전 (BB 찢고 복귀),25707.0,25648.5112787784,1.5,1.0,
2023-09-07 14:00:00,역추세 반등 (BB 하단),25672.1,25632.97922987101,1.0,1.0,
2023-09-07 14:00:00,강력한 반전 (BB 찢고 복귀),25672.1,25632.97922987101,1.5,1.0,
2023-09-07 14:30:00,강력한 반전 (BB 찢고 복귀),25726.5,25630.033711531745,1.5,1.0,
2023-09-07 16:15:00,추세확정 (BB 상단 돌파),25820.6,,2.0,1.0,25815.92429965253
2023-09-07 20:45:00,추세확정 (BB 상단 돌파),25993.6,,2.0,1.0,25969.655435986588
2023-09-07 22:30:00,추세확정 (BB 상단 돌파),26355.3,,2.0,1.0,26345.4919487112
2023-09-08 10:15:00,역추세 반등 (BB 하단),25792.2,25858.159735803754,1.0,1.0,
2023-09-08 10:30:00,역추세 반등 (BB 하단),25828.8,25809.045471654426,1.0,1.0,
2023-09-08 10:30:00,강력한 반전 (BB 찢고 복귀),25828.8,25809.045471654426,1.5,1.0,
2023-09-08 16:45:00,역추세 반등 (BB 하단),25785.0,25766.50620454525,1.0,1.0,
2023-09-08 16:45:00,강력한 반전 (BB 찢고 복귀),25785.0,25766.50620454525,1.5,1.0,
2023-09-08 17:15:00,강력한 반전 (BB 찢고 복귀),25798.9,25755.291537322362,1.5,1.0,
2023-09-09 06:00:00,역추세 반등 (BB 하단),25851.9,25838.931729783857,1.0,1.0,
2023-09-09 06:00:00,강력한 반전 (BB 찢고 복귀),25851.9,25838.931729783857,1.5,1.0,
2023-09-09 09:30:00,추세확정 (BB 상단 돌파),25887.1,,2.0,1.0,25884.494610036272
2023-09-09 10:45:00,강력한 반전 (BB 찢고 복귀),25854.9,25844.30164780772,1.5,1.0,
2023-09-09 13:45:00,역추세 반등 (BB 하단),25812.0,25813.398096288773,1.0,1.0,
2023-09-09 14:00:00,역추세 반등 (BB 하단),25821.0,25809.978939893906,1.0,1.0,
2023-09-09 15:30:00,추세확정 (BB 상단 돌파),25883.9,,2.0,1.0,25878.62909218359
2023-09-09 22:00:00,추세확정 (BB 상단 돌파),25888.0,,2.0,1.0,25884.831571935418
2023-09-10 01:30:00,강력한 반전 (BB 찢고 복귀),25841.7,25831.51664095635,1.5,1.0,
2023-09-10 04:30:00,역추세 반등 (BB 하단),25790.3,25789.076171462464,1.0,1.0,
2023-09-10 04:30:00,강력한 반전 (BB 찢고 복귀),25790.3,25789.076171462464,1.5,1.0,
2023-09-10 10:15:00,역추세 반등 (BB 하단),25818.8,25812.81438880675,1.0,1.0,
2023-09-10 10:15:00,강력한 반전 (BB 찢고 복귀),25818.8,25812.81438880675,1.5,1.0,
2023-09-10 11:00:00,역추세 반등 (BB 하단),25812.6,25795.916690735932,1.0,1.0,
2023-09-10 11:00:00,강력한 반전 (BB 찢고 복귀),25812.6,25795.916690735932,1.5,1.0,
2023-09-10 13:15:00,강력한 반전 (BB 찢고 복귀),25785.5,25767.104025680055,1.5,1.0,
2023-09-10 15:30:00,역추세 반등 (BB 하단),25780.9,25745.77705176954,1.0,1.0,
2023-09-10 15:30:00,강력한 반전 (BB 찢고 복귀),25780.9,25745.77705176954,1.5,1.0,
2023-09-10 16:30:00,강력한 반전 (BB 찢고 복귀),25757.9,25736.018528146462,1.5,1.0,
2023-09-10 16:45:00,강력한 반전 (BB 찢고 복귀),25784.0,25736.018528146462,1.5,1.0,
2023-09-10 18:00:00,강력한 반전 (BB 찢고 복귀),25725.0,25683.13727617802,1.5,1.0,
2023-09-10 19:30:00,강력한 반전 (BB 찢고 복귀),25712.0,25674.91244968621,1.5,1.0,
2023-09-10 20:00:00,추세확정 (BB 상단 돌파),25823.2,,2.0,1.0,25811.876244930587
2023-09-10 21:00:00,추세확정 (BB 상단 돌파),25869.0,,2.0,1.0,25856.88282233991
2023-09-11 00:45:00,역추세 반등 (BB 하단),25717.0,25722.723531697946,1.0,1.0,
2023-09-11 01:00:00,역추세 반등 (BB 하단),25730.0,25709.086900325026,1.0,1.0,
2023-09-11 01:00:00,강력한 반전 (BB 찢고 복귀),25730.0,25709.086900325026,1.5,1.0,
2023-09-11 01:45:00,역추세 반등 (BB 하단),25674.6,25648.946947424465,1.0,1.0,
2023-09-11 05:30:00,추세확정 (BB 상단 돌파),25827.6,,2.0,1.0,25803.6364208252
2023-09-11 09:30:00,역추세 반등 (BB 하단),25706.5,25690.375077867306,1.0,1.0,
2023-09-11 09:30:00,강력한 반전 (BB 찢고 복귀),25706.5,25690.375077867306,1.5,1.0,
2023-09-11 10:30:00,역추세 반등 (BB 하단),25658.6,25628.36615114031,1.0,1.0,
2023-09-11 10:30:00,강력한 반전 (BB 찢고 복귀),25658.6,25628.36615114031,1.5,1.0,
2023-09-11 14:15:00,역추세 반등 (BB 하단),25372.5,25432.97922521361,1.0,1.0,
2023-09-11 15:15:00,역추세 반등 (BB 하단),25118.5,25080.97264064798,1.0,1.0,
2023-09-11 15:15:00,강력한 반전 (BB 찢고 복귀),25118.5,25080.97264064798,1.5,1.0,
2023-09-11 19:45:00,역추세 반등 (BB 하단),25007.8,25015.074835688836,1.0,1.0,
2023-09-11 20:00:00,역추세 반등 (BB 하단),25086.2,25021.126048820926,1.0,1.0,
2023-09-11 20:00:00,강력한 반전 (BB 찢고 복귀),25086.2,25021.126048820926,1.5,1.0,
2023-09-12 03:00:00,추세확정 (BB 상단 돌파),25382.8,,2.0,1.0,25276.58946590727
2023-09-12 10:15:00,추세확정 (BB 상단 돌파),26241.2,,2.0,1.0,26027.141859692838
2023-09-12 16:15:00,추세확정 (BB 상단 돌파),26295.0,,2.0,1.0,26279.189001682695
2023-09-12 18:00:00,역추세 반등 (BB 하단),25966.7,25915.67618963933,1.0,1.0,
2023-09-12 18:00:00,강력한 반전 (BB 찢고 복귀),25966.7,25915.67618963933,1.5,1.0,
2023-09-12 23:15:00,역추세 반등 (BB 하단),25854.5,25856.413819672332,1.0,1.0,
2023-09-13 00:00:00,강력한 반전 (BB 찢고 복귀),25850.1,25790.377928994298,1.5,1.0,
2023-09-13 05:30:00,강력한 반전 (BB 찢고 복귀),25867.5,25838.39274181317,1.5,1.0,
2023-09-13 07:00:00,추세확정 (BB 상단 돌파),25970.0,,2.0,1.0,25963.727059600973
2023-09-13 09:15:00,추세확정 (BB 상단 돌파),26010.5,,2.0,1.0,25996.141692427842
2023-09-13 14:30:00,추세확정 (BB 상단 돌파),26278.7,,2.0,1.0,26245.31311510327
2023-09-13 16:15:00,추세확정 (BB 상단 돌파),26361.9,,2.0,1.0,26338.35475322024
2023-09-14 00:45:00,추세확정 (BB 상단 돌파),26512.7,,2.0,1.0,26373.046608275246
2023-09-14 07:30:00,추세확정 (BB 상단 돌파),26331.9,,2.0,1.0,26320.152913369213
2023-09-14 11:45:00,추세확정 (BB 상단 돌파),26430.6,,2.0,1.0,26399.404192083563
2023-09-14 13:00:00,추세확정 (BB 상단 돌파),26493.4,,2.0,1.0,26491.848220621105
2023-09-14 19:00:00,강력한 반전 (BB 찢고 복귀),26580.0,26541.74979920208,1.5,1.0,
2023-09-14 22:00:00,강력한 반전 (BB 찢고 복귀),26565.9,26509.58050521037,1.5,1.0,
2023-09-14 23:45:00,역추세 반등 (BB 하단),26510.0,26502.86896690828,1.0,1.0,
2023-09-14 23:45:00,강력한 반전 (BB 찢고 복귀),26510.0,26502.86896690828,1.5,1.0,
2023-09-15 00:15:00,강력한 반전 (BB 찢고 복귀),26497.4,26478.87523947438,1.5,1.0,
2023-09-15 01:15:00,강력한 반전 (BB 찢고 복귀),26492.7,26448.89190616257,1.5,1.0,
2023-09-15 07:15:00,강력한 반전 (BB 찢고 복귀),26565.7,26540.30151302042,1.5,1.0,
2023-09-15 08:15:00,강력한 반전 (BB 찢고 복귀),26565.0,26528.7560190015,1.5,1.0,
2023-09-15 12:00:00,역추세 반등 (BB 하단),26460.5,26443.632613636044,1.0,1.0,
2023-09-15 12:00:00,강력한 반전 (BB 찢고 복귀),26460.5,26443.632613636044,1.5,1.0,
2023-09-15 13:00:00,역추세 반등 (BB 하단),26399.1,26337.92356229517,1.0,1.0,
2023-09-15 21:00:00,추세확정 (BB 상단 돌파),26461.5,,2.0,1.0,26443.25956156986
2023-09-15 22:30:00,추세확정 (BB 상단 돌파),26697.3,,2.0,1.0,26577.96806217158
2023-09-16 04:15:00,강력한 반전 (BB 찢고 복귀),26570.8,26552.917801503485,1.5,1.0,
2023-09-16 05:00:00,강력한 반전 (BB 찢고 복귀),26549.4,26530.5861802461,1.5,1.0,
2023-09-16 10:00:00,강력한 반전 (BB 찢고 복귀),26495.6,26446.12038382549,1.5,1.0,
2023-09-16 15:00:00,강력한 반전 (BB 찢고 복귀),26510.0,26486.421056446976,1.5,1.0,
2023-09-16 17:30:00,추세확정 (BB 상단 돌파),26589.2,,2.0,1.0,26566.777395544916
2023-09-17 00:30:00,역추세 반등 (BB 하단),26506.9,26493.284734445897,1.0,1.0,
2023-09-17 00:30:00,강력한 반전 (BB 찢고 복귀),26506.9,26493.284734445897,1.5,1.0,
2023-09-17 01:15:00,역추세 반등 (BB 하단),26467.3,26455.840239461028,1.0,1.0,
2023-09-17 01:15:00,강력한 반전 (BB 찢고 복귀),26467.3,26455.840239461028,1.5,1.0,
2023-09-17 04:45:00,추세확정 (BB 상단 돌파),26541.1,,2.0,1.0,26539.58834180898
2023-09-17 08:00:00,역추세 반등 (BB 하단),26506.7,26490.346025495804,1.0,1.0,
2023-09-17 08:00:00,강력한 반전 (BB 찢고 복귀),26506.7,26490.346025495804,1.5,1.0,
2023-09-17 09:45:00,추세확정 (BB 상단 돌파),26564.4,,2.0,1.0,26555.82182509092
2023-09-17 16:15:00,강력한 반전 (BB 찢고 복귀),26521.2,26510.68822110144,1.5,1.0,
2023-09-17 16:45:00,역추세 반등 (BB 하단),26494.2,26493.862260670896,1.0,1.0,
2023-09-17 16:45:00,강력한 반전 (BB 찢고 복귀),26494.2,26493.862260670896,1.5,1.0,
2023-09-17 17:15:00,강력한 반전 (BB 찢고 복귀),26496.8,26482.555430620032,1.5,1.0,
2023-09-17 18:00:00,역추세 반등 (BB 하단),26492.6,26468.253926048645,1.0,1.0,
2023-09-17 18:00:00,강력한 반전 (BB 찢고 복귀),26492.6,26468.253926048645,1.5,1.0,
2023-09-17 21:00:00,역추세 반등 (BB 하단),26424.8,26432.914404660565,1.0,1.0,
2023-09-17 21:15:00,역추세 반등 (BB 하단),26444.3,26429.680837973425,1.0,1.0,
2023-09-17 21:15:00,강력한 반전 (BB 찢고 복귀),26444.3,26429.680837973425,1.5,1.0,
2023-09-18 00:30:00,강력한 반전 (BB 찢고 복귀),26485.1,26416.449839229903,1.5,1.0,
2023-09-18 02:15:00,추세확정 (BB 상단 돌파),26638.4,,2.0,1.0,26565.243547330178
2023-09-18 07:15:00,추세확정 (BB 상단 돌파),26729.4,,2.0,1.0,26702.674337975972
2023-09-18 09:00:00,추세확정 (BB 상단 돌파),26768.7,,2.0,1.0,26755.975304848893
2023-09-18 09:30:00,추세확정 (BB 상단 돌파),26815.8,,2.0,1.0,26784.815115943282
2023-09-18 18:00:00,역추세 반등 (BB 하단),26815.5,26796.76782127634,1.0,1.0,
2023-09-18 18:00:00,강력한 반전 (BB 찢고 복귀),26815.5,26796.76782127634,1.5,1.0,
2023-09-19 00:30:00,역추세 반등 (BB 하단),26705.0,26686.5970477647,1.0,1.0,
2023-09-19 00:30:00,강력한 반전 (BB 찢고 복귀),26705.0,26686.5970477647,1.5,1.0,
2023-09-19 01:00:00,역추세 반등 (BB 하단),26694.3,26658.776334226823,1.0,1.0,
2023-09-19 01:00:00,강력한 반전 (BB 찢고 복귀),26694.3,26658.776334226823,1.5,1.0,
2023-09-19 08:00:00,추세확정 (BB 상단 돌파),26891.1,,2.0,1.0,26877.18966604862
2023-09-19 14:00:00,역추세 반등 (BB 하단),27064.8,26999.132371598713,1.0,1.0,
2023-09-19 14:00:00,강력한 반전 (BB 찢고 복귀),27064.8,26999.132371598713,1.5,1.0,
2023-09-19 15:15:00,추세확정 (BB 상단 돌파),27318.0,,2.0,1.0,27300.762288497506
2023-09-19 15:45:00,추세확정 (BB 상단 돌파),27410.0,,2.0,1.0,27366.63958802099
2023-09-19 21:30:00,역추세 반등 (BB 하단),27091.1,27041.073084282794,1.0,1.0,
2023-09-19 21:30:00,강력한 반전 (BB 찢고 복귀),27091.1,27041.073084282794,1.5,1.0,
2023-09-20 01:30:00,추세확정 (BB 상단 돌파),27298.6,,2.0,1.0,27296.32252086383
2023-09-20 04:15:00,강력한 반전 (BB 찢고 복귀),27117.9,27066.20882572988,1.5,1.0,
2023-09-20 05:15:00,강력한 반전 (BB 찢고 복귀),27090.0,27012.20607645517,1.5,1.0,
2023-09-20 06:00:00,강력한 반전 (BB 찢고 복귀),27038.7,26966.986092984407,1.5,1.0,
2023-09-20 08:45:00,추세확정 (BB 상단 돌파),27174.1,,2.0,1.0,27169.55301030888
2023-09-20 10:15:00,역추세 반등 (BB 하단),27012.0,26968.478081327736,1.0,1.0,
2023-09-20 10:15:00,강력한 반전 (BB 찢고 복귀),27012.0,26968.478081327736,1.5,1.0,
2023-09-20 12:45:00,강력한 반전 (BB 찢고 복귀),27052.8,26978.91009073073,1.5,1.0,
2023-09-20 13:45:00,추세확정 (BB 상단 돌파),27144.3,,2.0,1.0,27143.725571582236
2023-09-20 14:15:00,추세확정 (BB 상단 돌파),27159.7,,2.0,1.0,27155.487272793867
2023-09-20 17:15:00,추세확정 (BB 상단 돌파),27240.3,,2.0,1.0,27240.009113024724
2023-09-20 19:45:00,역추세 반등 (BB 하단),26911.9,26923.668135514235,1.0,1.0,
2023-09-20 20:00:00,역추세 반등 (BB 하단),26981.3,26906.830121429295,1.0,1.0,
2023-09-20 20:00:00,강력한 반전 (BB 찢고 복귀),26981.3,26906.830121429295,1.5,1.0,
2023-09-21 01:30:00,역추세 반등 (BB 하단),26994.6,26975.976700599134,1.0,1.0,
2023-09-21 01:30:00,강력한 반전 (BB 찢고 복귀),26994.6,26975.976700599134,1.5,1.0,
2023-09-21 02:45:00,역추세 반등 (BB 하단),26958.2,26919.408838117713,1.0,1.0,
2023-09-21 08:00:00,강력한 반전 (BB 찢고 복귀),27005.2,26962.730543162783,1.5,1.0,
2023-09-21 08:30:00,역추세 반등 (BB 하단),26964.6,26950.24724322059,1.0,1.0,
2023-09-21 08:30:00,강력한 반전 (BB 찢고 복귀),26964.6,26950.24724322059,1.5,1.0,
2023-09-21 09:00:00,역추세 반등 (BB 하단),26914.9,26913.677970094042,1.0,1.0,
2023-09-21 09:00:00,강력한 반전 (BB 찢고 복귀),26914.9,26913.677970094042,1.5,1.0,
2023-09-21 10:15:00,역추세 반등 (BB 하단),26752.3,26711.94248553222,1.0,1.0,
2023-09-21 10:15:00,강력한 반전 (BB 찢고 복귀),26752.3,26711.94248553222,1.5,1.0,
2023-09-21 11:00:00,역추세 반등 (BB 하단),26734.9,26629.640811716643,1.0,1.0,
2023-09-21 11:00:00,강력한 반전 (BB 찢고 복귀),26734.9,26629.640811716643,1.5,1.0,
2023-09-21 13:45:00,역추세 반등 (BB 하단),26407.6,26430.238446753698,1.0,1.0,
2023-09-21 14:00:00,역추세 반등 (BB 하단),26494.0,26422.159197514335,1.0,1.0,
2023-09-21 14:00:00,강력한 반전 (BB 찢고 복귀),26494.0,26422.159197514335,1.5,1.0,
2023-09-21 20:30:00,강력한 반전 (BB 찢고 복귀),26552.5,26509.079127162786,1.5,1.0,
2023-09-22 00:30:00,강력한 반전 (BB 찢고 복귀),26604.1,26517.53762293354,1.5,1.0,
2023-09-22 00:45:00,추세확정 (BB 상단 돌파),26626.5,,2.0,1.0,26620.06163002862
2023-09-22 01:15:00,추세확정 (BB 상단 돌파),26634.8,,2.0,1.0,26630.5194030922
2023-09-22 08:00:00,추세확정 (BB 상단 돌파),26710.0,,2.0,1.0,26683.526281386876
2023-09-22 13:00:00,강력한 반전 (BB 찢고 복귀),26585.2,26565.27585828042,1.5,1.0,
2023-09-22 13:45:00,강력한 반전 (BB 찢고 복귀),26602.0,26565.218987473836,1.5,1.0,
2023-09-22 14:45:00,추세확정 (BB 상단 돌파),26664.9,,2.0,1.0,26662.08215003999
2023-09-22 17:45:00,강력한 반전 (BB 찢고 복귀),26563.5,26542.231960174027,1.5,1.0,
2023-09-22 20:45:00,강력한 반전 (BB 찢고 복귀),26524.3,26504.054909397408,1.5,1.0,
2023-09-22 21:15:00,역추세 반등 (BB 하단),26525.3,26493.14162739748,1.0,1.0,
2023-09-22 21:15:00,강력한 반전 (BB 찢고 복귀),26525.3,26493.14162739748,1.5,1.0,
2023-09-23 03:15:00,강력한 반전 (BB 찢고 복귀),26539.8,26519.971376222486,1.5,1.0,
2023-09-23 04:00:00,강력한 반전 (BB 찢고 복귀),26521.9,26507.372650590904,1.5,1.0,
2023-09-23 06:45:00,추세확정 (BB 상단 돌파),26563.0,,2.0,1.0,26562.683677875408
2023-09-23 15:30:00,역추세 반등 (BB 하단),26540.1,26536.411728463394,1.0,1.0,
2023-09-23 15:30:00,강력한 반전 (BB 찢고 복귀),26540.1,26536.411728463394,1.5,1.0,
2023-09-23 16:45:00,추세확정 (BB 상단 돌파),26595.9,,2.0,1.0,26584.57575039399
2023-09-23 18:00:00,추세확정 (BB 상단 돌파),26615.8,,2.0,1.0,26603.841934018383
2023-09-24 04:45:00,역추세 반등 (BB 하단),26556.9,26541.31970097661,1.0,1.0,
2023-09-24 04:45:00,강력한 반전 (BB 찢고 복귀),26556.9,26541.31970097661,1.5,1.0,
2023-09-24 08:30:00,추세확정 (BB 상단 돌파),26569.6,,2.0,1.0,26567.00019183135
2023-09-24 15:15:00,역추세 반등 (BB 하단),26559.7,26557.70872819151,1.0,1.0,
2023-09-24 15:15:00,강력한 반전 (BB 찢고 복귀),26559.7,26557.70872819151,1.5,1.0,
2023-09-24 16:30:00,역추세 반등 (BB 하단),26560.0,26549.532136393926,1.0,1.0,
2023-09-24 17:45:00,추세확정 (BB 상단 돌파),26657.1,,2.0,1.0,26617.05757651515
2023-09-24 18:30:00,강력한 반전 (BB 찢고 복귀),26594.4,26509.93595723998,1.5,1.0,
2023-09-24 19:30:00,역추세 반등 (BB 하단),26455.2,26452.03894392254,1.0,1.0,
2023-09-24 19:30:00,강력한 반전 (BB 찢고 복귀),26455.2,26452.03894392254,1.5,1.0,
2023-09-24 20:15:00,강력한 반전 (BB 찢고 복귀),26423.3,26394.76309250703,1.5,1.0,
2023-09-24 23:30:00,역추세 반등 (BB 하단),26252.3,26287.870912119302,1.0,1.0,
2023-09-25 06:15:00,역추세 반등 (BB 하단),26114.8,26052.378969597037,1.0,1.0,
2023-09-25 06:15:00,강력한 반전 (BB 찢고 복귀),26114.8,26052.378969597037,1.5,1.0,
2023-09-25 09:45:00,역추세 반등 (BB 하단),26050.0,26036.625189720417,1.0,1.0,
2023-09-25 10:00:00,강력한 반전 (BB 찢고 복귀),26073.7,26032.467136320705,1.5,1.0,
2023-09-25 11:30:00,강력한 반전 (BB 찢고 복귀),26054.2,26016.482635492313,1.5,1.0,
2023-09-25 12:15:00,강력한 반전 (BB 찢고 복귀),26077.9,26004.996983000383,1.5,1.0,
2023-09-25 13:15:00,추세확정 (BB 상단 돌파),26147.9,,2.0,1.0,26141.92718675596
2023-09-25 13:45:00,추세확정 (BB 상단 돌파),26148.4,,2.0,1.0,26148.200990580826
2023-09-25 15:15:00,추세확정 (BB 상단 돌파),26240.4,,2.0,1.0,26202.36083915184
2023-09-25 16:00:00,추세확정 (BB 상단 돌파),26349.0,,2.0,1.0,26293.27629855191
2023-09-26 01:45:00,역추세 반등 (BB 하단),26288.9,26235.619337533608,1.0,1.0,
2023-09-26 01:45:00,강력한 반전 (BB 찢고 복귀),26288.9,26235.619337533608,1.5,1.0,
2023-09-26 02:45:00,추세확정 (BB 상단 돌파),26342.0,,2.0,1.0,26326.569264664227
2023-09-26 03:15:00,추세확정 (BB 상단 돌파),26361.9,,2.0,1.0,26350.60096551493
2023-09-26 06:45:00,강력한 반전 (BB 찢고 복귀),26279.1,26267.28554550634,1.5,1.0,
2023-09-26 09:15:00,강력한 반전 (BB 찢고 복귀),26237.1,26213.836550441865,1.5,1.0,
2023-09-26 11:15:00,역추세 반등 (BB 하단),26214.0,26200.474078246156,1.0,1.0,
2023-09-26 11:15:00,강력한 반전 (BB 찢고 복귀),26214.0,26200.474078246156,1.5,1.0,
2023-09-26 13:30:00,강력한 반전 (BB 찢고 복귀),26232.9,26176.536672127066,1.5,1.0,
2023-09-26 14:15:00,역추세 반등 (BB 하단),26141.3,26138.877620440686,1.0,1.0,
2023-09-26 14:15:00,강력한 반전 (BB 찢고 복귀),26141.3,26138.877620440686,1.5,1.0,
2023-09-26 14:30:00,강력한 반전 (BB 찢고 복귀),26172.9,26137.426777846154,1.5,1.0,
2023-09-26 15:30:00,역추세 반등 (BB 하단),26130.1,26105.105692228895,1.0,1.0,
2023-09-26 15:30:00,강력한 반전 (BB 찢고 복귀),26130.1,26105.105692228895,1.5,1.0,
2023-09-27 09:15:00,추세확정 (BB 상단 돌파),26272.4,,2.0,1.0,26266.081911760768
2023-09-27 11:15:00,추세확정 (BB 상단 돌파),26558.9,,2.0,1.0,26511.457326630138
2023-09-27 15:00:00,역추세 반등 (BB 하단),26282.8,26164.820654596944,1.0,1.0,
2023-09-27 23:30:00,추세확정 (BB 상단 돌파),26367.2,,2.0,1.0,26348.297068975615
2023-09-28 00:00:00,추세확정 (BB 상단 돌파),26406.0,,2.0,1.0,26384.110110135072
2023-09-28 10:30:00,추세확정 (BB 상단 돌파),26544.6,,2.0,1.0,26504.57259565848
2023-09-28 14:15:00,추세확정 (BB 상단 돌파),26602.7,,2.0,1.0,26602.161341962405
2023-09-28 21:30:00,강력한 반전 (BB 찢고 복귀),26978.5,26923.135490040007,1.5,1.0,
2023-09-29 03:00:00,역추세 반등 (BB 하단),26900.0,26897.8161355673,1.0,1.0,
2023-09-29 03:00:00,강력한 반전 (BB 찢고 복귀),26900.0,26897.8161355673,1.5,1.0,
2023-09-29 03:30:00,역추세 반등 (BB 하단),26919.9,26867.4742527182,1.0,1.0,
2023-09-29 06:45:00,추세확정 (BB 상단 돌파),27065.8,,2.0,1.0,27038.974525883714
2023-09-29 07:30:00,추세확정 (BB 상단 돌파),27141.2,,2.0,1.0,27092.04881762233
2023-09-29 12:15:00,강력한 반전 (BB 찢고 복귀),26945.0,26893.373892579115,1.5,1.0,
2023-09-29 14:30:00,역추세 반등 (BB 하단),26992.7,26810.01424614208,1.0,1.0,
2023-09-29 14:30:00,강력한 반전 (BB 찢고 복귀),26992.7,26810.01424614208,1.5,1.0,
2023-09-29 18:15:00,강력한 반전 (BB 찢고 복귀),26814.8,26733.514445750065,1.5,1.0,
2023-09-30 04:15:00,추세확정 (BB 상단 돌파),26927.3,,2.0,1.0,26925.66340130006
2023-09-30 09:00:00,추세확정 (BB 상단 돌파),26938.6,,2.0,1.0,26938.495858783128
2023-09-30 10:15:00,추세확정 (BB 상단 돌파),26962.0,,2.0,1.0,26953.589049377246
2023-09-30 15:00:00,추세확정 (BB 상단 돌파),27009.1,,2.0,1.0,27008.581996379187
2023-09-30 15:30:00,추세확정 (BB 상단 돌파),27026.9,,2.0,1.0,27026.089782774263
2023-09-30 20:30:00,추세확정 (BB 상단 돌파),27057.3,,2.0,1.0,27044.401117614565
2023-10-01 05:15:00,추세확정 (BB 상단 돌파),27060.1,,2.0,1.0,27058.24709455713
2023-10-01 06:00:00,추세확정 (BB 상단 돌파),27086.9,,2.0,1.0,27074.63889711371
2023-10-01 06:30:00,추세확정 (BB 상단 돌파),27090.1,,2.0,1.0,27089.937343908343
2023-10-01 09:15:00,추세확정 (BB 상단 돌파),27195.5,,2.0,1.0,27177.364706755186
2023-10-01 09:45:00,추세확정 (BB 상단 돌파),27209.0,,2.0,1.0,27202.172554061144
2023-10-01 14:45:00,역추세 반등 (BB 하단),27104.1,27101.676780551297,1.0,1.0,
2023-10-01 14:45:00,강력한 반전 (BB 찢고 복귀),27104.1,27101.676780551297,1.5,1.0,
2023-10-01 15:00:00,강력한 반전 (BB 찢고 복귀),27115.0,27099.931607448623,1.5,1.0,
2023-10-01 20:00:00,강력한 반전 (BB 찢고 복귀),27122.1,27049.39283167688,1.5,1.0,
2023-10-01 21:30:00,추세확정 (BB 상단 돌파),27143.9,,2.0,1.0,27136.370443700318
2023-10-02 03:30:00,추세확정 (BB 상단 돌파),28085.8,,2.0,1.0,28046.621385391176
2023-10-02 07:15:00,추세확정 (BB 상단 돌파),28178.6,,2.0,1.0,28157.660409362423
2023-10-02 13:30:00,추세확정 (BB 상단 돌파),28409.9,,2.0,1.0,28377.591974870487
2023-10-02 16:00:00,역추세 반등 (BB 하단),28047.5,28054.839401461457,1.0,1.0,
2023-10-02 16:15:00,역추세 반등 (BB 하단),28060.0,28022.75608256724,1.0,1.0,
2023-10-02 16:15:00,강력한 반전 (BB 찢고 복귀),28060.0,28022.75608256724,1.5,1.0,
2023-10-02 18:45:00,역추세 반등 (BB 하단),27788.3,27734.950131198762,1.0,1.0,
2023-10-02 18:45:00,강력한 반전 (BB 찢고 복귀),27788.3,27734.950131198762,1.5,1.0,
2023-10-02 22:15:00,역추세 반등 (BB 하단),27516.1,27412.71012501233,1.0,1.0,
2023-10-02 22:15:00,강력한 반전 (BB 찢고 복귀),27516.1,27412.71012501233,1.5,1.0,
2023-10-03 11:30:00,역추세 반등 (BB 하단),27542.8,27489.905713227745,1.0,1.0,
2023-10-03 11:30:00,강력한 반전 (BB 찢고 복귀),27542.8,27489.905713227745,1.5,1.0,
2023-10-03 12:15:00,역추세 반등 (BB 하단),27483.2,27464.566469097983,1.0,1.0,
2023-10-03 12:15:00,강력한 반전 (BB 찢고 복귀),27483.2,27464.566469097983,1.5,1.0,
2023-10-03 13:00:00,강력한 반전 (BB 찢고 복귀),27476.8,27432.237355853693,1.5,1.0,
2023-10-03 14:30:00,역추세 반등 (BB 하단),27385.2,27371.417011194844,1.0,1.0,
2023-10-03 14:30:00,강력한 반전 (BB 찢고 복귀),27385.2,27371.417011194844,1.5,1.0,
2023-10-03 15:00:00,역추세 반등 (BB 하단),27354.7,27324.065376766517,1.0,1.0,
2023-10-03 15:00:00,강력한 반전 (BB 찢고 복귀),27354.7,27324.065376766517,1.5,1.0,
2023-10-03 15:45:00,강력한 반전 (BB 찢고 복귀),27330.4,27289.614078008402,1.5,1.0,
2023-10-03 19:00:00,역추세 반등 (BB 하단),27366.0,27294.02359543104,1.0,1.0,
2023-10-03 19:00:00,강력한 반전 (BB 찢고 복귀),27366.0,27294.02359543104,1.5,1.0,
2023-10-03 20:00:00,역추세 반등 (BB 하단),27334.5,27264.692766436692,1.0,1.0,
2023-10-03 20:00:00,강력한 반전 (BB 찢고 복귀),27334.5,27264.692766436692,1.5,1.0,
2023-10-03 22:45:00,강력한 반전 (BB 찢고 복귀),27391.9,27272.69390832035,1.5,1.0,
2023-10-04 00:45:00,역추세 반등 (BB 하단),27292.4,27266.79743831926,1.0,1.0,
2023-10-04 00:45:00,강력한 반전 (BB 찢고 복귀),27292.4,27266.79743831926,1.5,1.0,
2023-10-04 01:00:00,강력한 반전 (BB 찢고 복귀),27322.0,27265.223637102903,1.5,1.0,
2023-10-04 01:15:00,강력한 반전 (BB 찢고 복귀),27335.3,27263.084152277017,1.5,1.0,
2023-10-04 08:15:00,추세확정 (BB 상단 돌파),27469.4,,2.0,1.0,27459.11374947682
2023-10-04 09:45:00,추세확정 (BB 상단 돌파),27618.6,,2.0,1.0,27600.583842518452
2023-10-04 14:00:00,역추세 반등 (BB 하단),27437.1,27432.434004987666,1.0,1.0,
2023-10-04 14:00:00,강력한 반전 (BB 찢고 복귀),27437.1,27432.434004987666,1.5,1.0,
2023-10-04 14:30:00,역추세 반등 (BB 하단),27387.9,27368.432165240596,1.0,1.0,
2023-10-04 14:30:00,강력한 반전 (BB 찢고 복귀),27387.9,27368.432165240596,1.5,1.0,
2023-10-04 19:00:00,추세확정 (BB 상단 돌파),27764.9,,2.0,1.0,27690.716032900036
2023-10-05 06:00:00,강력한 반전 (BB 찢고 복귀),27636.0,27624.982757691203,1.5,1.0,
2023-10-05 06:30:00,역추세 반등 (BB 하단),27648.1,27615.194680882818,1.0,1.0,
2023-10-05 06:30:00,강력한 반전 (BB 찢고 복귀),27648.1,27615.194680882818,1.5,1.0,
2023-10-05 07:45:00,역추세 반등 (BB 하단),27594.8,27571.97386835886,1.0,1.0,
2023-10-05 07:45:00,강력한 반전 (BB 찢고 복귀),27594.8,27571.97386835886,1.5,1.0,
2023-10-05 10:45:00,추세확정 (BB 상단 돌파),27728.2,,2.0,1.0,27718.188160103426
2023-10-05 13:00:00,추세확정 (BB 상단 돌파),27834.5,,2.0,1.0,27786.747137721577
2023-10-05 22:15:00,강력한 반전 (BB 찢고 복귀),27430.0,27392.600296890792,1.5,1.0,
2023-10-05 23:30:00,강력한 반전 (BB 찢고 복귀),27425.5,27388.199014486636,1.5,1.0,
2023-10-06 01:30:00,추세확정 (BB 상단 돌파),27508.7,,2.0,1.0,27506.78699312187
2023-10-06 02:00:00,추세확정 (BB 상단 돌파),27535.5,,2.0,1.0,27525.961407782892
2023-10-06 06:45:00,강력한 반전 (BB 찢고 복귀),27477.5,27447.6610641182,1.5,1.0,
2023-10-06 07:30:00,추세확정 (BB 상단 돌파),27588.1,,2.0,1.0,27578.254653689874
2023-10-06 10:15:00,추세확정 (BB 상단 돌파),27753.9,,2.0,1.0,27750.257461752368
2023-10-06 13:00:00,역추세 반등 (BB 하단),27374.1,27375.024194680587,1.0,1.0,
2023-10-06 15:30:00,추세확정 (BB 상단 돌파),27942.9,,2.0,1.0,27941.97026461712
2023-10-06 21:30:00,추세확정 (BB 상단 돌파),28091.3,,2.0,1.0,28054.93867996663
2023-10-06 22:00:00,추세확정 (BB 상단 돌파),28115.5,,2.0,1.0,28085.93619513868
2023-10-07 00:15:00,강력한 반전 (BB 찢고 복귀),27909.2,27838.035010126947,1.5,1.0,
2023-10-07 08:00:00,강력한 반전 (BB 찢고 복귀),27887.9,27866.934533120126,1.5,1.0,
2023-10-07 08:30:00,추세확정 (BB 상단 돌파),27989.6,,2.0,1.0,27948.08555804402
2023-10-07 13:45:00,역추세 반등 (BB 하단),27919.1,27894.838868024322,1.0,1.0,
2023-10-07 13:45:00,강력한 반전 (BB 찢고 복귀),27919.1,27894.838868024322,1.5,1.0,
2023-10-07 17:15:00,강력한 반전 (BB 찢고 복귀),27916.1,27890.47959284745,1.5,1.0,
2023-10-07 19:00:00,역추세 반등 (BB 하단),27888.0,27875.34126632976,1.0,1.0,
2023-10-07 19:00:00,강력한 반전 (BB 찢고 복귀),27888.0,27875.34126632976,1.5,1.0,
2023-10-07 20:00:00,역추세 반등 (BB 하단),27873.6,27851.228200994334,1.0,1.0,
2023-10-07 20:00:00,강력한 반전 (BB 찢고 복귀),27873.6,27851.228200994334,1.5,1.0,
2023-10-08 01:30:00,추세확정 (BB 상단 돌파),28000.0,,2.0,1.0,27978.841722829085
2023-10-08 03:15:00,추세확정 (BB 상단 돌파),28056.0,,2.0,1.0,28047.84813140967
2023-10-08 05:30:00,강력한 반전 (BB 찢고 복귀),27905.6,27875.107561164485,1.5,1.0,
2023-10-08 10:15:00,강력한 반전 (BB 찢고 복귀),27860.6,27850.662589751035,1.5,1.0,
2023-10-08 11:00:00,역추세 반등 (BB 하단),27824.9,27816.30432031989,1.0,1.0,
2023-10-08 11:00:00,강력한 반전 (BB 찢고 복귀),27824.9,27816.30432031989,1.5,1.0,
2023-10-08 13:15:00,역추세 반등 (BB 하단),27855.1,27749.8942243104,1.0,1.0,
2023-10-08 13:15:00,강력한 반전 (BB 찢고 복귀),27855.1,27749.8942243104,1.5,1.0,
2023-10-08 14:30:00,추세확정 (BB 상단 돌파),27943.9,,2.0,1.0,27938.300399615735
2023-10-08 18:30:00,역추세 반등 (BB 하단),27829.4,27816.4896562618,1.0,1.0,
2023-10-08 18:30:00,강력한 반전 (BB 찢고 복귀),27829.4,27816.4896562618,1.5,1.0,
2023-10-08 21:30:00,추세확정 (BB 상단 돌파),27955.5,,2.0,1.0,27947.88533049287
2023-10-08 22:15:00,강력한 반전 (BB 찢고 복귀),27869.5,27801.546265796434,1.5,1.0,
2023-10-09 00:30:00,역추세 반등 (BB 하단),27817.0,27807.165195508165,1.0,1.0,
2023-10-09 00:30:00,강력한 반전 (BB 찢고 복귀),27817.0,27807.165195508165,1.5,1.0,
2023-10-09 01:00:00,강력한 반전 (BB 찢고 복귀),27809.0,27786.76789094083,1.5,1.0,
2023-10-09 08:00:00,역추세 반등 (BB 하단),27817.5,27797.80293187908,1.0,1.0,
2023-10-09 08:00:00,강력한 반전 (BB 찢고 복귀),27817.5,27797.80293187908,1.5,1.0,
2023-10-09 09:00:00,역추세 반등 (BB 하단),27765.8,27737.04534224387,1.0,1.0,
2023-10-09 09:00:00,강력한 반전 (BB 찢고 복귀),27765.8,27737.04534224387,1.5,1.0,
2023-10-09 10:15:00,역추세 반등 (BB 하단),27537.4,27536.732859673102,1.0,1.0,
2023-10-09 10:15:00,강력한 반전 (BB 찢고 복귀),27537.4,27536.732859673102,1.5,1.0,
2023-10-09 10:45:00,역추세 반등 (BB 하단),27515.5,27456.821207081015,1.0,1.0,
2023-10-09 10:45:00,강력한 반전 (BB 찢고 복귀),27515.5,27456.821207081015,1.5,1.0,
2023-10-09 16:00:00,강력한 반전 (BB 찢고 복귀),27450.1,27408.539059977782,1.5,1.0,
2023-10-09 16:45:00,역추세 반등 (BB 하단),27390.9,27348.813083370253,1.0,1.0,
2023-10-09 16:45:00,강력한 반전 (BB 찢고 복귀),27390.9,27348.813083370253,1.5,1.0,
2023-10-09 17:45:00,추세확정 (BB 상단 돌파),27583.2,,2.0,1.0,27581.839815520285
2023-10-10 01:15:00,역추세 반등 (BB 하단),27552.7,27524.38965068074,1.0,1.0,
2023-10-10 01:15:00,강력한 반전 (BB 찢고 복귀),27552.7,27524.38965068074,1.5,1.0,
2023-10-10 02:45:00,추세확정 (BB 상단 돌파),27664.1,,2.0,1.0,27638.665390339927
2023-10-10 07:00:00,추세확정 (BB 상단 돌파),27676.1,,2.0,1.0,27671.57408923877
2023-10-10 11:30:00,역추세 반등 (BB 하단),27544.3,27557.980297027894,1.0,1.0,
2023-10-10 12:00:00,역추세 반등 (BB 하단),27504.8,27508.283002739572,1.0,1.0,
2023-10-10 12:15:00,역추세 반등 (BB 하단),27508.6,27491.746248128915,1.0,1.0,
2023-10-10 12:15:00,강력한 반전 (BB 찢고 복귀),27508.6,27491.746248128915,1.5,1.0,
2023-10-10 13:15:00,역추세 반등 (BB 하단),27440.0,27389.386272210893,1.0,1.0,
2023-10-10 13:15:00,강력한 반전 (BB 찢고 복귀),27440.0,27389.386272210893,1.5,1.0,
2023-10-10 13:45:00,역추세 반등 (BB 하단),27384.0,27333.314742112165,1.0,1.0,
2023-10-10 16:15:00,강력한 반전 (BB 찢고 복귀),27462.1,27318.653939509408,1.5,1.0,
2023-10-10 20:45:00,강력한 반전 (BB 찢고 복귀),27390.0,27314.17857482995,1.5,1.0,
2023-10-10 21:15:00,추세확정 (BB 상단 돌파),27455.5,,2.0,1.0,27439.89031830682
2023-10-11 03:15:00,역추세 반등 (BB 하단),27105.0,27095.709395475584,1.0,1.0,
2023-10-11 03:15:00,강력한 반전 (BB 찢고 복귀),27105.0,27095.709395475584,1.5,1.0,
2023-10-11 04:00:00,강력한 반전 (BB 찢고 복귀),27074.0,26956.165357071968,1.5,1.0,
2023-10-11 09:30:00,추세확정 (BB 상단 돌파),27185.0,,2.0,1.0,27166.219087431295
2023-10-11 10:15:00,추세확정 (BB 상단 돌파),27260.6,,2.0,1.0,27255.185997544333
2023-10-11 14:30:00,역추세 반등 (BB 하단),27064.7,27026.97609100579,1.0,1.0,
2023-10-11 14:30:00,강력한 반전 (BB 찢고 복귀),27064.7,27026.97609100579,1.5,1.0,
2023-10-11 23:15:00,추세확정 (BB 상단 돌파),26822.6,,2.0,1.0,26819.736399762893
2023-10-12 02:45:00,추세확정 (BB 상단 돌파),26889.8,,2.0,1.0,26885.39111755312
2023-10-12 08:15:00,강력한 반전 (BB 찢고 복귀),26782.1,26764.029283091746,1.5,1.0,
2023-10-12 09:45:00,강력한 반전 (BB 찢고 복귀),26734.2,26714.820680660603,1.5,1.0,
2023-10-12 13:45:00,강력한 반전 (BB 찢고 복귀),26753.1,26686.057872174395,1.5,1.0,
2023-10-12 14:45:00,강력한 반전 (BB 찢고 복귀),26690.2,26652.804451081796,1.5,1.0,
2023-10-12 15:45:00,강력한 반전 (BB 찢고 복귀),26664.6,26613.816890207145,1.5,1.0,
2023-10-12 16:15:00,강력한 반전 (BB 찢고 복귀),26720.0,26608.48448016863,1.5,1.0,
2023-10-12 17:30:00,강력한 반전 (BB 찢고 복귀),26611.1,26569.57443504641,1.5,1.0,
2023-10-13 00:00:00,추세확정 (BB 상단 돌파),26790.2,,2.0,1.0,26776.115872739916
2023-10-13 06:30:00,추세확정 (BB 상단 돌파),26835.0,,2.0,1.0,26823.585303307198
2023-10-13 07:00:00,추세확정 (BB 상단 돌파),26861.7,,2.0,1.0,26840.1613434043
2023-10-13 10:00:00,역추세 반등 (BB 하단),26753.3,26728.74393987874,1.0,1.0,
2023-10-13 12:45:00,추세확정 (BB 상단 돌파),26921.1,,2.0,1.0,26902.502479045575
2023-10-13 20:45:00,추세확정 (BB 상단 돌파),26971.7,,2.0,1.0,26870.343690939062
2023-10-14 03:30:00,추세확정 (BB 상단 돌파),26954.6,,2.0,1.0,26953.817288384973
2023-10-14 06:30:00,역추세 반등 (BB 하단),26861.6,26851.056316452126,1.0,1.0,
2023-10-14 06:30:00,강력한 반전 (BB 찢고 복귀),26861.6,26851.056316452126,1.5,1.0,
2023-10-14 07:15:00,강력한 반전 (BB 찢고 복귀),26856.9,26834.654045205327,1.5,1.0,
2023-10-14 13:30:00,추세확정 (BB 상단 돌파),26898.0,,2.0,1.0,26895.544006783006
2023-10-14 15:45:00,추세확정 (BB 상단 돌파),26929.8,,2.0,1.0,26922.55389459969
2023-10-14 20:30:00,강력한 반전 (BB 찢고 복귀),26835.4,26813.77746871038,1.5,1.0,
2023-10-14 21:30:00,역추세 반등 (BB 하단),26815.0,26801.026739657227,1.0,1.0,
2023-10-14 21:30:00,강력한 반전 (BB 찢고 복귀),26815.0,26801.026739657227,1.5,1.0,
2023-10-15 01:30:00,추세확정 (BB 상단 돌파),26885.7,,2.0,1.0,26874.410492178904
2023-10-15 08:15:00,추세확정 (BB 상단 돌파),26884.3,,2.0,1.0,26879.5219262146
2023-10-15 11:15:00,강력한 반전 (BB 찢고 복귀),26861.9,26850.145416401836,1.5,1.0,
2023-10-15 12:15:00,역추세 반등 (BB 하단),26835.9,26830.352634130173,1.0,1.0,
2023-10-15 12:15:00,강력한 반전 (BB 찢고 복귀),26835.9,26830.352634130173,1.5,1.0,
2023-10-15 13:00:00,강력한 반전 (BB 찢고 복귀),26864.8,26816.85249713888,1.5,1.0,
2023-10-15 17:15:00,추세확정 (BB 상단 돌파),26975.1,,2.0,1.0,26951.016191019695
2023-10-15 18:30:00,추세확정 (BB 상단 돌파),27026.5,,2.0,1.0,27009.203752326644
2023-10-15 20:30:00,추세확정 (BB 상단 돌파),27167.6,,2.0,1.0,27127.13067161884
2023-10-15 22:00:00,추세확정 (BB 상단 돌파),27246.4,,2.0,1.0,27236.001860081153
2023-10-16 05:15:00,추세확정 (BB 상단 돌파),27750.0,,2.0,1.0,27485.27328061838
2023-10-16 12:45:00,추세확정 (BB 상단 돌파),27872.9,,2.0,1.0,27864.561611912053
2023-10-16 18:45:00,추세확정 (BB 상단 돌파),28533.7,,2.0,1.0,28452.931603484496
2023-10-17 04:15:00,역추세 반등 (BB 하단),28209.2,28163.605991697772,1.0,1.0,
2023-10-17 04:15:00,강력한 반전 (BB 찢고 복귀),28209.2,28163.605991697772,1.5,1.0,
2023-10-17 07:45:00,추세확정 (BB 상단 돌파),28403.9,,2.0,1.0,28374.499628145953
2023-10-17 13:00:00,역추세 반등 (BB 하단),28285.9,28263.718767988452,1.0,1.0,
2023-10-17 13:00:00,강력한 반전 (BB 찢고 복귀),28285.9,28263.718767988452,1.5,1.0,
2023-10-17 13:45:00,강력한 반전 (BB 찢고 복귀),28276.1,28201.159417897605,1.5,1.0,
2023-10-18 00:45:00,역추세 반등 (BB 하단),28364.0,28321.004664502107,1.0,1.0,
2023-10-18 00:45:00,강력한 반전 (BB 찢고 복귀),28364.0,28321.004664502107,1.5,1.0,
2023-10-18 04:45:00,추세확정 (BB 상단 돌파),28714.4,,2.0,1.0,28612.416527061298
2023-10-18 05:30:00,추세확정 (BB 상단 돌파),28731.8,,2.0,1.0,28731.455582500726
2023-10-18 10:00:00,역추세 반등 (BB 하단),28375.7,28327.156423407625,1.0,1.0,
2023-10-18 10:00:00,강력한 반전 (BB 찢고 복귀),28375.7,28327.156423407625,1.5,1.0,
2023-10-18 14:45:00,역추세 반등 (BB 하단),28176.2,28202.9820169598,1.0,1.0,
2023-10-18 15:00:00,역추세 반등 (BB 하단),28227.0,28192.729095964114,1.0,1.0,
2023-10-18 15:00:00,강력한 반전 (BB 찢고 복귀),28227.0,28192.729095964114,1.5,1.0,
2023-10-18 20:00:00,강력한 반전 (BB 찢고 복귀),28262.8,28197.824059027145,1.5,1.0,
2023-10-18 20:45:00,강력한 반전 (BB 찢고 복귀),28235.7,28204.67649350903,1.5,1.0,
2023-10-19 00:45:00,추세확정 (BB 상단 돌파),28373.4,,2.0,1.0,28371.84827830137
2023-10-19 01:45:00,역추세 반등 (BB 하단),28223.4,28175.352027545814,1.0,1.0,
2023-10-19 01:45:00,강력한 반전 (BB 찢고 복귀),28223.4,28175.352027545814,1.5,1.0,
2023-10-19 09:30:00,추세확정 (BB 상단 돌파),28384.9,,2.0,1.0,28370.66535884645
2023-10-19 14:00:00,추세확정 (BB 상단 돌파),28566.8,,2.0,1.0,28551.80269657128
2023-10-19 14:45:00,추세확정 (BB 상단 돌파),28665.4,,2.0,1.0,28604.462259697473
2023-10-19 15:30:00,추세확정 (BB 상단 돌파),28697.4,,2.0,1.0,28693.93170572362
2023-10-19 16:00:00,추세확정 (BB 상단 돌파),28768.9,,2.0,1.0,28755.661169127558
2023-10-19 20:30:00,추세확정 (BB 상단 돌파),28821.5,,2.0,1.0,28818.850661091827
2023-10-20 02:15:00,추세확정 (BB 상단 돌파),28760.8,,2.0,1.0,28731.029645591956
2023-10-20 08:15:00,추세확정 (BB 상단 돌파),29585.1,,2.0,1.0,29442.521029441417
2023-10-20 17:15:00,역추세 반등 (BB 하단),29469.4,29404.079927381033,1.0,1.0,
2023-10-20 17:15:00,강력한 반전 (BB 찢고 복귀),29469.4,29404.079927381033,1.5,1.0,
2023-10-20 20:30:00,추세확정 (BB 상단 돌파),29613.0,,2.0,1.0,29612.45208856997
2023-10-20 23:00:00,추세확정 (BB 상단 돌파),29743.9,,2.0,1.0,29730.085496201085
2023-10-21 02:00:00,강력한 반전 (BB 찢고 복귀),29530.4,29508.4210347738,1.5,1.0,
2023-10-21 02:45:00,역추세 반등 (BB 하단),29477.3,29451.68449177159,1.0,1.0,
2023-10-21 06:15:00,추세확정 (BB 상단 돌파),29654.4,,2.0,1.0,29644.405605050008
2023-10-21 09:45:00,추세확정 (BB 상단 돌파),29824.6,,2.0,1.0,29786.255111655708
2023-10-21 14:45:00,추세확정 (BB 상단 돌파),29868.3,,2.0,1.0,29846.20030060409
2023-10-21 15:45:00,추세확정 (BB 상단 돌파),29918.3,,2.0,1.0,29893.106241329533
2023-10-21 17:30:00,추세확정 (BB 상단 돌파),30059.9,,2.0,1.0,30004.29273040032
2023-10-21 18:45:00,추세확정 (BB 상단 돌파),30194.4,,2.0,1.0,30176.000011555017
2023-10-22 01:00:00,추세확정 (BB 상단 돌파),30050.8,,2.0,1.0,30048.446962980714
2023-10-22 05:45:00,추세확정 (BB 상단 돌파),30105.3,,2.0,1.0,30064.322298458526
2023-10-22 07:45:00,역추세 반등 (BB 하단),29800.2,29742.08033886361,1.0,1.0,
2023-10-22 07:45:00,강력한 반전 (BB 찢고 복귀),29800.2,29742.08033886361,1.5,1.0,
2023-10-22 14:45:00,강력한 반전 (BB 찢고 복귀),29864.2,29842.37629540035,1.5,1.0,
2023-10-22 15:15:00,역추세 반등 (BB 하단),29847.6,29827.359079200938,1.0,1.0,
2023-10-22 15:15:00,강력한 반전 (BB 찢고 복귀),29847.6,29827.359079200938,1.5,1.0,
2023-10-22 21:30:00,역추세 반등 (BB 하단),29800.3,29785.866318573542,1.0,1.0,
2023-10-22 22:00:00,역추세 반등 (BB 하단),29791.7,29753.581471306497,1.0,1.0,
2023-10-22 22:00:00,강력한 반전 (BB 찢고 복귀),29791.7,29753.581471306497,1.5,1.0,
2023-10-22 22:30:00,추세확정 (BB 상단 돌파),29959.2,,2.0,1.0,29952.036416705516
2023-10-23 00:45:00,추세확정 (BB 상단 돌파),30106.4,,2.0,1.0,30096.73077703171
2023-10-23 01:15:00,추세확정 (BB 상단 돌파),30400.0,,2.0,1.0,30246.617002514784
2023-10-23 03:45:00,추세확정 (BB 상단 돌파),30724.7,,2.0,1.0,30645.817769212386
2023-10-23 15:00:00,추세확정 (BB 상단 돌파),30877.1,,2.0,1.0,30816.127141519
2023-10-23 16:30:00,추세확정 (BB 상단 돌파),31010.0,,2.0,1.0,30983.46853986566
2023-10-23 20:00:00,추세확정 (BB 상단 돌파),31450.0,,2.0,1.0,31432.60873524343
2023-10-23 22:15:00,추세확정 (BB 상단 돌파),32182.3,,2.0,1.0,32054.63088982093
2023-10-24 11:00:00,추세확정 (BB 상단 돌파),34695.7,,2.0,1.0,34643.86616120708
2023-10-24 14:30:00,강력한 반전 (BB 찢고 복귀),34318.3,34199.789034962945,1.5,1.0,
2023-10-24 15:45:00,역추세 반등 (BB 하단),33676.1,33651.073290511726,1.0,1.0,
2023-10-24 15:45:00,강력한 반전 (BB 찢고 복귀),33676.1,33651.073290511726,1.5,1.0,
2023-10-24 16:00:00,강력한 반전 (BB 찢고 복귀),33892.0,33601.83188780103,1.5,1.0,
2023-10-24 21:45:00,추세확정 (BB 상단 돌파),34134.8,,2.0,1.0,34078.27565473202
2023-10-25 07:45:00,역추세 반등 (BB 하단),33867.3,33841.38910948807,1.0,1.0,
2023-10-25 07:45:00,강력한 반전 (BB 찢고 복귀),33867.3,33841.38910948807,1.5,1.0,
2023-10-25 08:15:00,강력한 반전 (BB 찢고 복귀),33896.1,33788.96424695618,1.5,1.0,
2023-10-25 13:00:00,추세확정 (BB 상단 돌파),34540.6,,2.0,1.0,34540.33883049075
2023-10-25 14:30:00,추세확정 (BB 상단 돌파),34699.5,,2.0,1.0,34658.026038880824
2023-10-25 16:00:00,추세확정 (BB 상단 돌파),35102.9,,2.0,1.0,35041.0647366406
2023-10-25 22:00:00,강력한 반전 (BB 찢고 복귀),34624.9,34490.342850113404,1.5,1.0,
2023-10-25 23:15:00,역추세 반등 (BB 하단),34500.2,34453.451337851555,1.0,1.0,
2023-10-25 23:15:00,강력한 반전 (BB 찢고 복귀),34500.2,34453.451337851555,1.5,1.0,
2023-10-25 23:30:00,강력한 반전 (BB 찢고 복귀),34508.0,34446.80747802921,1.5,1.0,
2023-10-26 06:15:00,역추세 반등 (BB 하단),34506.7,34511.64785144598,1.0,1.0,
2023-10-26 06:30:00,역추세 반등 (BB 하단),34577.0,34498.38414766258,1.0,1.0,
2023-10-26 06:30:00,강력한 반전 (BB 찢고 복귀),34577.0,34498.38414766258,1.5,1.0,
2023-10-26 10:00:00,강력한 반전 (BB 찢고 복귀),34447.5,34371.219658229995,1.5,1.0,
2023-10-26 11:45:00,역추세 반등 (BB 하단),34111.6,34058.81429010868,1.0,1.0,
2023-10-26 11:45:00,강력한 반전 (BB 찢고 복귀),34111.6,34058.81429010868,1.5,1.0,
2023-10-26 15:45:00,역추세 반등 (BB 하단),34053.7,33932.75548769913,1.0,1.0,
2023-10-26 15:45:00,강력한 반전 (BB 찢고 복귀),34053.7,33932.75548769913,1.5,1.0,
2023-10-26 17:00:00,역추세 반등 (BB 하단),33869.1,33767.46192814457,1.0,1.0,
2023-10-26 17:00:00,강력한 반전 (BB 찢고 복귀),33869.1,33767.46192814457,1.5,1.0,
2023-10-26 20:00:00,추세확정 (BB 상단 돌파),34163.0,,2.0,1.0,34144.8230771287
2023-10-27 00:15:00,강력한 반전 (BB 찢고 복귀),34123.5,34039.473743243616,1.5,1.0,
2023-10-27 01:00:00,역추세 반등 (BB 하단),34025.4,34021.49115792359,1.0,1.0,
2023-10-27 01:00:00,강력한 반전 (BB 찢고 복귀),34025.4,34021.49115792359,1.5,1.0,
2023-10-27 01:30:00,역추세 반등 (BB 하단),33999.2,33961.76032825352,1.0,1.0,
2023-10-27 01:30:00,강력한 반전 (BB 찢고 복귀),33999.2,33961.76032825352,1.5,1.0,
2023-10-27 02:00:00,역추세 반등 (BB 하단),33987.9,33889.9815816858,1.0,1.0,
2023-10-27 02:00:00,강력한 반전 (BB 찢고 복귀),33987.9,33889.9815816858,1.5,1.0,
2023-10-27 06:45:00,추세확정 (BB 상단 돌파),34261.9,,2.0,1.0,34222.45353922605
2023-10-27 08:00:00,역추세 반등 (BB 하단),34009.4,33976.17055290573,1.0,1.0,
2023-10-27 08:00:00,강력한 반전 (BB 찢고 복귀),34009.4,33976.17055290573,1.5,1.0,
2023-10-27 12:30:00,강력한 반전 (BB 찢고 복귀),34059.3,33938.722232831635,1.5,1.0,
2023-10-27 14:30:00,역추세 반등 (BB 하단),33951.3,33918.31650898135,1.0,1.0,
2023-10-27 14:30:00,강력한 반전 (BB 찢고 복귀),33951.3,33918.31650898135,1.5,1.0,
2023-10-27 15:00:00,강력한 반전 (BB 찢고 복귀),33926.3,33876.39990871821,1.5,1.0,
2023-10-27 17:15:00,역추세 반등 (BB 하단),33725.3,33705.71444060236,1.0,1.0,
2023-10-27 17:15:00,강력한 반전 (BB 찢고 복귀),33725.3,33705.71444060236,1.5,1.0,
2023-10-27 18:30:00,역추세 반등 (BB 하단),33649.8,33461.45421932144,1.0,1.0,
2023-10-27 18:30:00,강력한 반전 (BB 찢고 복귀),33649.8,33461.45421932144,1.5,1.0,
2023-10-28 02:45:00,추세확정 (BB 상단 돌파),34119.6,,2.0,1.0,34033.03950242439
2023-10-28 11:00:00,추세확정 (BB 상단 돌파),34192.8,,2.0,1.0,34161.21620425354
2023-10-28 13:00:00,강력한 반전 (BB 찢고 복귀),34073.1,34008.00215361495,1.5,1.0,
2023-10-28 21:00:00,추세확정 (BB 상단 돌파),34206.5,,2.0,1.0,34197.12906299782
2023-10-28 22:30:00,강력한 반전 (BB 찢고 복귀),34137.8,34090.334071568686,1.5,1.0,
2023-10-28 23:15:00,강력한 반전 (BB 찢고 복귀),34113.9,34087.33543547769,1.5,1.0,
2023-10-29 01:30:00,역추세 반등 (BB 하단),34038.0,34009.48320733775,1.0,1.0,
2023-10-29 01:30:00,강력한 반전 (BB 찢고 복귀),34038.0,34009.48320733775,1.5,1.0,
2023-10-29 04:00:00,강력한 반전 (BB 찢고 복귀),34010.5,33965.81949251692,1.5,1.0,
2023-10-29 06:00:00,추세확정 (BB 상단 돌파),34071.1,,2.0,1.0,34066.56465658314
2023-10-29 08:00:00,추세확정 (BB 상단 돌파),34150.7,,2.0,1.0,34147.51763342849
2023-10-29 08:30:00,추세확정 (BB 상단 돌파),34181.1,,2.0,1.0,34175.50905622546
2023-10-29 12:45:00,추세확정 (BB 상단 돌파),34446.0,,2.0,1.0,34402.933119608395
2023-10-29 17:30:00,추세확정 (BB 상단 돌파),34667.2,,2.0,1.0,34597.36725755576
2023-10-29 18:00:00,추세확정 (BB 상단 돌파),34698.6,,2.0,1.0,34658.24133106936
2023-10-29 22:00:00,강력한 반전 (BB 찢고 복귀),34542.5,34461.66960816053,1.5,1.0,
2023-10-30 02:30:00,역추세 반등 (BB 하단),34306.9,34283.352688549596,1.0,1.0,
2023-10-30 02:30:00,강력한 반전 (BB 찢고 복귀),34306.9,34283.352688549596,1.5,1.0,
2023-10-30 08:00:00,강력한 반전 (BB 찢고 복귀),34261.6,34203.33857864396,1.5,1.0,
2023-10-30 09:00:00,추세확정 (BB 상단 돌파),34479.1,,2.0,1.0,34450.47924320217
2023-10-30 12:15:00,추세확정 (BB 상단 돌파),34861.2,,2.0,1.0,34848.56303209882
2023-10-30 16:45:00,역추세 반등 (BB 하단),34481.6,34440.67454853443,1.0,1.0,
2023-10-30 16:45:00,강력한 반전 (BB 찢고 복귀),34481.6,34440.67454853443,1.5,1.0,
2023-10-30 17:15:00,역추세 반등 (BB 하단),34275.8,34284.70475722319,1.0,1.0,
2023-10-30 17:30:00,역추세 반등 (BB 하단),34312.0,34245.936309189856,1.0,1.0,
2023-10-30 17:30:00,강력한 반전 (BB 찢고 복귀),34312.0,34245.936309189856,1.5,1.0,
2023-10-30 21:30:00,추세확정 (BB 상단 돌파),34574.7,,2.0,1.0,34552.086157510916
2023-10-31 02:45:00,역추세 반등 (BB 하단),34372.5,34367.53917561904,1.0,1.0,
2023-10-31 02:45:00,강력한 반전 (BB 찢고 복귀),34372.5,34367.53917561904,1.5,1.0,
2023-10-31 03:15:00,역추세 반등 (BB 하단),34340.4,34320.24831604746,1.0,1.0,
2023-10-31 03:15:00,강력한 반전 (BB 찢고 복귀),34340.4,34320.24831604746,1.5,1.0,
2023-10-31 04:00:00,역추세 반등 (BB 하단),34243.3,34210.86580394271,1.0,1.0,
2023-10-31 04:00:00,강력한 반전 (BB 찢고 복귀),34243.3,34210.86580394271,1.5,1.0,
2023-10-31 06:30:00,강력한 반전 (BB 찢고 복귀),34331.1,34172.11640232716,1.5,1.0,
2023-10-31 08:00:00,역추세 반등 (BB 하단),34238.3,34164.48465097773,1.0,1.0,
2023-10-31 08:00:00,강력한 반전 (BB 찢고 복귀),34238.3,34164.48465097773,1.5,1.0,
2023-10-31 08:45:00,추세확정 (BB 상단 돌파),34421.9,,2.0,1.0,34407.03588928705
2023-10-31 13:00:00,강력한 반전 (BB 찢고 복귀),34321.3,34299.86915875892,1.5,1.0,
2023-10-31 14:00:00,역추세 반등 (BB 하단),34324.0,34240.399549630165,1.0,1.0,
2023-10-31 14:00:00,강력한 반전 (BB 찢고 복귀),34324.0,34240.399549630165,1.5,1.0,
2023-10-31 14:30:00,강력한 반전 (BB 찢고 복귀),34308.6,34217.07581118034,1.5,1.0,
2023-10-31 15:15:00,강력한 반전 (BB 찢고 복귀),34278.6,34185.21297956018,1.5,1.0,
2023-11-01 01:00:00,강력한 반전 (BB 찢고 복귀),34542.4,34496.256387921676,1.5,1.0,
2023-11-01 05:15:00,강력한 반전 (BB 찢고 복귀),34451.3,34406.93516788098,1.5,1.0,
2023-11-01 06:00:00,역추세 반등 (BB 하단),34397.4,34371.048524471196,1.0,1.0,
2023-11-01 06:00:00,강력한 반전 (BB 찢고 복귀),34397.4,34371.048524471196,1.5,1.0,
2023-11-01 11:00:00,강력한 반전 (BB 찢고 복귀),34422.0,34398.680865353366,1.5,1.0,
2023-11-01 11:30:00,역추세 반등 (BB 하단),34422.6,34395.60446139925,1.0,1.0,
2023-11-01 11:30:00,강력한 반전 (BB 찢고 복귀),34422.6,34395.60446139925,1.5,1.0,
2023-11-01 11:45:00,강력한 반전 (BB 찢고 복귀),34449.1,34398.59460978033,1.5,1.0,
2023-11-01 12:30:00,강력한 반전 (BB 찢고 복귀),34471.3,34387.42513149362,1.5,1.0,
2023-11-01 12:45:00,추세확정 (BB 상단 돌파),34824.9,,2.0,1.0,34651.36902917292
2023-11-01 15:00:00,역추세 반등 (BB 하단),34260.0,34170.10493299926,1.0,1.0,
2023-11-01 20:15:00,추세확정 (BB 상단 돌파),34820.5,,2.0,1.0,34791.78151427744
2023-11-02 02:30:00,추세확정 (BB 상단 돌파),35762.0,,2.0,1.0,35736.37288791886
2023-11-02 05:30:00,역추세 반등 (BB 하단),35283.1,35270.529296958215,1.0,1.0,
2023-11-02 05:30:00,강력한 반전 (BB 찢고 복귀),35283.1,35270.529296958215,1.5,1.0,
2023-11-02 06:15:00,역추세 반등 (BB 하단),35220.7,35122.9034834193,1.0,1.0,
2023-11-02 06:15:00,강력한 반전 (BB 찢고 복귀),35220.7,35122.9034834193,1.5,1.0,
2023-11-02 10:15:00,추세확정 (BB 상단 돌파),35507.3,,2.0,1.0,35479.09026253352
2023-11-02 13:45:00,역추세 반등 (BB 하단),34951.5,35023.101647097,1.0,1.0,
2023-11-02 14:30:00,역추세 반등 (BB 하단),34920.5,34819.040886338065,1.0,1.0,
2023-11-02 14:30:00,강력한 반전 (BB 찢고 복귀),34920.5,34819.040886338065,1.5,1.0,
2023-11-02 15:30:00,강력한 반전 (BB 찢고 복귀),34766.0,34594.79388514783,1.5,1.0,
2023-11-02 16:30:00,강력한 반전 (BB 찢고 복귀),34601.8,34374.72038659417,1.5,1.0,
2023-11-03 01:15:00,역추세 반등 (BB 하단),34574.3,34543.1145993449,1.0,1.0,
2023-11-03 01:15:00,강력한 반전 (BB 찢고 복귀),34574.3,34543.1145993449,1.5,1.0,
2023-11-03 05:15:00,역추세 반등 (BB 하단),34474.5,34405.29537564038,1.0,1.0,
2023-11-03 05:15:00,강력한 반전 (BB 찢고 복귀),34474.5,34405.29537564038,1.5,1.0,
2023-11-03 08:45:00,강력한 반전 (BB 찢고 복귀),34431.6,34341.89670178898,1.5,1.0,
2023-11-03 10:15:00,역추세 반등 (BB 하단),34228.0,34192.638423794284,1.0,1.0,
2023-11-03 10:15:00,강력한 반전 (BB 찢고 복귀),34228.0,34192.638423794284,1.5,1.0,
2023-11-03 10:30:00,강력한 반전 (BB 찢고 복귀),34266.6,34173.75216110932,1.5,1.0,
2023-11-03 13:45:00,추세확정 (BB 상단 돌파),34584.7,,2.0,1.0,34496.22513665028
2023-11-03 14:15:00,추세확정 (BB 상단 돌파),34732.6,,2.0,1.0,34616.56931594268
2023-11-04 05:15:00,역추세 반등 (BB 하단),34624.3,34614.809429709945,1.0,1.0,
2023-11-04 05:15:00,강력한 반전 (BB 찢고 복귀),34624.3,34614.809429709945,1.5,1.0,
2023-11-04 05:30:00,강력한 반전 (BB 찢고 복귀),34709.0,34615.19205338868,1.5,1.0,
2023-11-04 06:00:00,추세확정 (BB 상단 돌파),34898.6,,2.0,1.0,34835.236416014064
2023-11-04 14:00:00,강력한 반전 (BB 찢고 복귀),34711.3,34692.80070313153,1.5,1.0,
2023-11-04 15:15:00,역추세 반등 (BB 하단),34690.4,34681.90851716446,1.0,1.0,
2023-11-04 15:15:00,강력한 반전 (BB 찢고 복귀),34690.4,34681.90851716446,1.5,1.0,
2023-11-04 21:15:00,추세확정 (BB 상단 돌파),34872.9,,2.0,1.0,34827.2103540596
2023-11-04 22:00:00,추세확정 (BB 상단 돌파),34885.8,,2.0,1.0,34861.146306967625
2023-11-05 03:45:00,추세확정 (BB 상단 돌파),35297.1,,2.0,1.0,35208.23423965155
2023-11-05 12:15:00,강력한 반전 (BB 찢고 복귀),35155.7,35052.235487495316,1.5,1.0,
2023-11-05 14:00:00,역추세 반등 (BB 하단),34892.9,34930.848366638646,1.0,1.0,
2023-11-05 14:15:00,역추세 반등 (BB 하단),34923.1,34905.79558814669,1.0,1.0,
2023-11-05 14:15:00,강력한 반전 (BB 찢고 복귀),34923.1,34905.79558814669,1.5,1.0,
2023-11-05 17:00:00,추세확정 (BB 상단 돌파),35225.9,,2.0,1.0,35219.46841347482
2023-11-05 22:00:00,역추세 반등 (BB 하단),34689.6,34739.55469282847,1.0,1.0,
2023-11-05 22:15:00,역추세 반등 (BB 하단),34779.1,34708.22077771355,1.0,1.0,
2023-11-05 22:15:00,강력한 반전 (BB 찢고 복귀),34779.1,34708.22077771355,1.5,1.0,
2023-11-06 09:00:00,추세확정 (BB 상단 돌파),35078.0,,2.0,1.0,35022.928353802345
2023-11-06 13:45:00,역추세 반등 (BB 하단),35052.6,34984.0763978886,1.0,1.0,
2023-11-06 13:45:00,강력한 반전 (BB 찢고 복귀),35052.6,34984.0763978886,1.5,1.0,
2023-11-06 17:00:00,강력한 반전 (BB 찢고 복귀),35006.6,34928.07256730971,1.5,1.0,
2023-11-07 00:45:00,역추세 반등 (BB 하단),34942.9,34900.65363094622,1.0,1.0,
2023-11-07 00:45:00,강력한 반전 (BB 찢고 복귀),34942.9,34900.65363094622,1.5,1.0,
2023-11-07 06:45:00,추세확정 (BB 상단 돌파),34992.0,,2.0,1.0,34991.44854371085
2023-11-07 10:15:00,역추세 반등 (BB 하단),34741.9,34760.70389082629,1.0,1.0,
2023-11-07 11:00:00,역추세 반등 (BB 하단),34728.0,34658.09767796596,1.0,1.0,
2023-11-07 11:00:00,강력한 반전 (BB 찢고 복귀),34728.0,34658.09767796596,1.5,1.0,
2023-11-07 17:00:00,강력한 반전 (BB 찢고 복귀),34729.9,34647.5477694509,1.5,1.0,
2023-11-07 18:00:00,추세확정 (BB 상단 돌파),35314.0,,2.0,1.0,35062.947143113706
2023-11-08 06:15:00,역추세 반등 (BB 하단),35269.0,35237.5957502425,1.0,1.0,
2023-11-08 06:15:00,강력한 반전 (BB 찢고 복귀),35269.0,35237.5957502425,1.5,1.0,
2023-11-08 08:00:00,강력한 반전 (BB 찢고 복귀),35281.9,35232.695729446175,1.5,1.0,
2023-11-08 10:15:00,추세확정 (BB 상단 돌파),35409.7,,2.0,1.0,35394.24348842264
2023-11-08 14:45:00,역추세 반등 (BB 하단),35328.1,35314.77118939604,1.0,1.0,
2023-11-08 14:45:00,강력한 반전 (BB 찢고 복귀),35328.1,35314.77118939604,1.5,1.0,
2023-11-08 15:30:00,역추세 반등 (BB 하단),35226.6,35222.98276764308,1.0,1.0,
2023-11-08 15:30:00,강력한 반전 (BB 찢고 복귀),35226.6,35222.98276764308,1.5,1.0,
2023-11-08 15:45:00,강력한 반전 (BB 찢고 복귀),35238.9,35207.59413090799,1.5,1.0,
2023-11-08 18:45:00,추세확정 (BB 상단 돌파),35622.2,,2.0,1.0,35565.70344462137
2023-11-09 02:15:00,추세확정 (BB 상단 돌파),36393.7,,2.0,1.0,36219.058246314795
2023-11-09 09:45:00,추세확정 (BB 상단 돌파),36871.8,,2.0,1.0,36860.67527709571
2023-11-09 12:15:00,추세확정 (BB 상단 돌파),36968.1,,2.0,1.0,36960.42677610548
2023-11-09 13:45:00,추세확정 (BB 상단 돌파),37196.4,,2.0,1.0,37088.3516760539
2023-11-10 02:30:00,추세확정 (BB 상단 돌파),36842.4,,2.0,1.0,36830.51101328343
2023-11-10 07:00:00,강력한 반전 (BB 찢고 복귀),36657.9,36612.0742483489,1.5,1.0,
2023-11-10 10:45:00,추세확정 (BB 상단 돌파),36775.8,,2.0,1.0,36759.288277238215
2023-11-10 16:15:00,추세확정 (BB 상단 돌파),37474.1,,2.0,1.0,37382.75600262922
2023-11-10 23:00:00,추세확정 (BB 상단 돌파),37486.0,,2.0,1.0,37473.75701522296
2023-11-11 01:30:00,강력한 반전 (BB 찢고 복귀),37202.2,37166.90848889771,1.5,1.0,
2023-11-11 02:30:00,역추세 반등 (BB 하단),37085.3,37000.881252487095,1.0,1.0,
2023-11-11 02:30:00,강력한 반전 (BB 찢고 복귀),37085.3,37000.881252487095,1.5,1.0,
2023-11-11 08:15:00,강력한 반전 (BB 찢고 복귀),37045.2,36986.126573660214,1.5,1.0,
2023-11-11 11:15:00,강력한 반전 (BB 찢고 복귀),37010.7,36948.97481379147,1.5,1.0,
2023-11-11 12:15:00,추세확정 (BB 상단 돌파),37126.1,,2.0,1.0,37102.06349085532
2023-11-11 12:45:00,추세확정 (BB 상단 돌파),37130.0,,2.0,1.0,37122.68699648707
2023-11-11 13:30:00,추세확정 (BB 상단 돌파),37179.1,,2.0,1.0,37166.07984098065
2023-11-11 14:00:00,추세확정 (BB 상단 돌파),37209.2,,2.0,1.0,37205.85001494684
2023-11-11 20:15:00,강력한 반전 (BB 찢고 복귀),37109.4,37072.35227887684,1.5,1.0,
2023-11-11 21:00:00,역추세 반등 (BB 하단),37067.3,37046.85398942864,1.0,1.0,
2023-11-11 21:00:00,강력한 반전 (BB 찢고 복귀),37067.3,37046.85398942864,1.5,1.0,
2023-11-11 21:30:00,강력한 반전 (BB 찢고 복귀),37062.0,37028.75813327788,1.5,1.0,
2023-11-11 22:15:00,역추세 반등 (BB 하단),36909.9,36906.08032804217,1.0,1.0,
2023-11-11 22:15:00,강력한 반전 (BB 찢고 복귀),36909.9,36906.08032804217,1.5,1.0,
2023-11-11 22:30:00,강력한 반전 (BB 찢고 복귀),36927.3,36883.8017016712,1.5,1.0,
2023-11-11 23:15:00,역추세 반등 (BB 하단),36892.0,36800.26039644082,1.0,1.0,
2023-11-12 05:30:00,추세확정 (BB 상단 돌파),37070.6,,2.0,1.0,37070.10946670097
2023-11-12 10:15:00,강력한 반전 (BB 찢고 복귀),37107.7,37068.941592514544,1.5,1.0,
2023-11-12 12:30:00,역추세 반등 (BB 하단),37026.4,37035.308274766656,1.0,1.0,
2023-11-12 12:45:00,역추세 반등 (BB 하단),37035.6,37024.50304576678,1.0,1.0,
2023-11-12 12:45:00,강력한 반전 (BB 찢고 복귀),37035.6,37024.50304576678,1.5,1.0,
2023-11-12 13:00:00,강력한 반전 (BB 찢고 복귀),37070.1,37020.563627586846,1.5,1.0,
2023-11-12 15:30:00,추세확정 (BB 상단 돌파),37223.9,,2.0,1.0,37217.41750105927
2023-11-12 21:15:00,추세확정 (BB 상단 돌파),37225.9,,2.0,1.0,37219.32642431197
2023-11-12 23:45:00,역추세 반등 (BB 하단),37089.5,37045.80017145802,1.0,1.0,
2023-11-12 23:45:00,강력한 반전 (BB 찢고 복귀),37089.5,37045.80017145802,1.5,1.0,
2023-11-13 00:00:00,강력한 반전 (BB 찢고 복귀),37127.8,37043.29714057981,1.5,1.0,
2023-11-13 00:30:00,강력한 반전 (BB 찢고 복귀),37150.7,37029.99819628137,1.5,1.0,
2023-11-13 01:15:00,추세확정 (BB 상단 돌파),37346.0,,2.0,1.0,37314.70537813994
2023-11-13 04:15:00,역추세 반등 (BB 하단),36982.0,36874.366245759324,1.0,1.0,
2023-11-13 04:15:00,강력한 반전 (BB 찢고 복귀),36982.0,36874.366245759324,1.5,1.0,
2023-11-13 11:45:00,역추세 반등 (BB 하단),36849.6,36840.516286978425,1.0,1.0,
2023-11-13 11:45:00,강력한 반전 (BB 찢고 복귀),36849.6,36840.516286978425,1.5,1.0,
2023-11-13 12:15:00,역추세 반등 (BB 하단),36800.5,36779.98886242566,1.0,1.0,
2023-11-13 12:15:00,강력한 반전 (BB 찢고 복귀),36800.5,36779.98886242566,1.5,1.0,
2023-11-13 14:45:00,역추세 반등 (BB 하단),36830.0,36730.00852281837,1.0,1.0,
2023-11-13 14:45:00,강력한 반전 (BB 찢고 복귀),36830.0,36730.00852281837,1.5,1.0,
2023-11-13 16:15:00,추세확정 (BB 상단 돌파),37048.0,,2.0,1.0,37004.47925334592
2023-11-13 17:15:00,강력한 반전 (BB 찢고 복귀),36810.0,36704.53365693955,1.5,1.0,
2023-11-13 21:15:00,역추세 반등 (BB 하단),36583.0,36582.42544258033,1.0,1.0,
2023-11-13 21:15:00,강력한 반전 (BB 찢고 복귀),36583.0,36582.42544258033,1.5,1.0,
2023-11-13 21:45:00,역추세 반등 (BB 하단),36508.4,36492.67748833245,1.0,1.0,
2023-11-13 21:45:00,강력한 반전 (BB 찢고 복귀),36508.4,36492.67748833245,1.5,1.0,
2023-11-13 22:00:00,강력한 반전 (BB 찢고 복귀),36514.1,36460.72033811037,1.5,1.0,
2023-11-14 05:30:00,추세확정 (BB 상단 돌파),36646.9,,2.0,1.0,36632.38949730352
2023-11-14 10:15:00,역추세 반등 (BB 하단),36525.9,36511.161654705225,1.0,1.0,
2023-11-14 10:15:00,강력한 반전 (BB 찢고 복귀),36525.9,36511.161654705225,1.5,1.0,
2023-11-14 10:45:00,역추세 반등 (BB 하단),36520.2,36460.01155912596,1.0,1.0,
2023-11-14 10:45:00,강력한 반전 (BB 찢고 복귀),36520.2,36460.01155912596,1.5,1.0,
2023-11-14 18:15:00,역추세 반등 (BB 하단),35964.8,35907.94398936722,1.0,1.0,
2023-11-14 18:15:00,강력한 반전 (BB 찢고 복귀),35964.8,35907.94398936722,1.5,1.0,
2023-11-14 19:00:00,역추세 반등 (BB 하단),35383.0,35416.25143064716,1.0,1.0,
2023-11-14 19:15:00,역추세 반등 (BB 하단),35386.7,35307.01446901324,1.0,1.0,
2023-11-14 19:15:00,강력한 반전 (BB 찢고 복귀),35386.7,35307.01446901324,1.5,1.0,
2023-11-15 02:15:00,강력한 반전 (BB 찢고 복귀),35450.1,35412.6000303518,1.5,1.0,
2023-11-15 08:15:00,추세확정 (BB 상단 돌파),35795.7,,2.0,1.0,35765.58809891118
2023-11-15 09:00:00,추세확정 (BB 상단 돌파),35847.9,,2.0,1.0,35846.02082015906
2023-11-15 11:15:00,추세확정 (BB 상단 돌파),36192.4,,2.0,1.0,36089.56044534347
2023-11-15 12:15:00,추세확정 (BB 상단 돌파),36342.2,,2.0,1.0,36337.91104650674
2023-11-15 15:45:00,추세확정 (BB 상단 돌파),36428.4,,2.0,1.0,36395.756410686045
2023-11-15 18:00:00,추세확정 (BB 상단 돌파),37091.0,,2.0,1.0,36772.7884995402
2023-11-16 02:00:00,역추세 반등 (BB 하단),37515.8,37495.47803836468,1.0,1.0,
2023-11-16 02:00:00,강력한 반전 (BB 찢고 복귀),37515.8,37495.47803836468,1.5,1.0,
2023-11-16 06:45:00,추세확정 (BB 상단 돌파),37599.3,,2.0,1.0,37580.811559743415
2023-11-16 08:30:00,역추세 반등 (BB 하단),37381.4,37335.79169803125,1.0,1.0,
2023-11-16 08:30:00,강력한 반전 (BB 찢고 복귀),37381.4,37335.79169803125,1.5,1.0,
2023-11-16 09:00:00,강력한 반전 (BB 찢고 복귀),37383.9,37310.012128871465,1.5,1.0,
2023-11-16 09:45:00,강력한 반전 (BB 찢고 복귀),37382.7,37279.98738920108,1.5,1.0,
2023-11-16 12:00:00,강력한 반전 (BB 찢고 복귀),37280.6,37225.35933362136,1.5,1.0,
2023-11-16 12:30:00,역추세 반등 (BB 하단),37235.0,37162.67866317999,1.0,1.0,
2023-11-16 12:30:00,강력한 반전 (BB 찢고 복귀),37235.0,37162.67866317999,1.5,1.0,
2023-11-16 14:30:00,역추세 반등 (BB 하단),36752.8,36571.05678560201,1.0,1.0,
2023-11-16 14:30:00,강력한 반전 (BB 찢고 복귀),36752.8,36571.05678560201,1.5,1.0,
2023-11-16 18:00:00,강력한 반전 (BB 찢고 복귀),36361.1,36292.011227584815,1.5,1.0,
2023-11-16 18:45:00,강력한 반전 (BB 찢고 복귀),36263.1,36174.19109253898,1.5,1.0,
2023-11-16 19:30:00,역추세 반등 (BB 하단),35828.1,35841.517684262086,1.0,1.0,
2023-11-16 19:45:00,역추세 반등 (BB 하단),35942.5,35783.07639269437,1.0,1.0,
2023-11-16 20:15:00,강력한 반전 (BB 찢고 복귀),35901.4,35694.8382826054,1.5,1.0,
2023-11-17 01:45:00,추세확정 (BB 상단 돌파),36575.1,,2.0,1.0,36557.18623654635
2023-11-17 02:15:00,추세확정 (BB 상단 돌파),36660.0,,2.0,1.0,36642.55607724261
2023-11-17 07:30:00,강력한 반전 (BB 찢고 복귀),36297.1,36260.84022692493,1.5,1.0,
2023-11-17 08:15:00,역추세 반등 (BB 하단),36407.8,36211.09002455049,1.0,1.0,
2023-11-17 08:15:00,강력한 반전 (BB 찢고 복귀),36407.8,36211.09002455049,1.5,1.0,
2023-11-17 10:15:00,강력한 반전 (BB 찢고 복귀),36222.0,36192.142965578954,1.5,1.0,
2023-11-17 12:45:00,추세확정 (BB 상단 돌파),36546.4,,2.0,1.0,36545.251253165596
2023-11-17 15:00:00,역추세 반등 (BB 하단),36140.4,36083.963640252194,1.0,1.0,
2023-11-17 15:00:00,강력한 반전 (BB 찢고 복귀),36140.4,36083.963640252194,1.5,1.0,
2023-11-17 15:45:00,역추세 반등 (BB 하단),36062.0,35964.647990319914,1.0,1.0,
2023-11-17 15:45:00,강력한 반전 (BB 찢고 복귀),36062.0,35964.647990319914,1.5,1.0,
2023-11-17 23:00:00,추세확정 (BB 상단 돌파),36634.0,,2.0,1.0,36601.19376798327
2023-11-18 05:15:00,역추세 반등 (BB 하단),36344.1,36343.24580347776,1.0,1.0,
2023-11-18 05:15:00,강력한 반전 (BB 찢고 복귀),36344.1,36343.24580347776,1.5,1.0,
2023-11-18 07:00:00,역추세 반등 (BB 하단),36306.0,36286.66134010052,1.0,1.0,
2023-11-18 07:00:00,강력한 반전 (BB 찢고 복귀),36306.0,36286.66134010052,1.5,1.0,
2023-11-18 08:30:00,추세확정 (BB 상단 돌파),36496.9,,2.0,1.0,36486.21536765246
2023-11-18 13:15:00,강력한 반전 (BB 찢고 복귀),36479.9,36405.03129320582,1.5,1.0,
2023-11-18 15:00:00,추세확정 (BB 상단 돌파),36593.9,,2.0,1.0,36560.657879338374
2023-11-18 20:15:00,역추세 반등 (BB 하단),36617.1,36570.53298865663,1.0,1.0,
2023-11-18 20:15:00,강력한 반전 (BB 찢고 복귀),36617.1,36570.53298865663,1.5,1.0,
2023-11-18 22:15:00,역추세 반등 (BB 하단),36524.4,36507.44649300151,1.0,1.0,
2023-11-18 22:15:00,강력한 반전 (BB 찢고 복귀),36524.4,36507.44649300151,1.5,1.0,
2023-11-19 01:00:00,강력한 반전 (BB 찢고 복귀),36499.4,36479.513850974865,1.5,1.0,
2023-11-19 01:30:00,강력한 반전 (BB 찢고 복귀),36475.0,36458.76411024838,1.5,1.0,
2023-11-19 06:30:00,추세확정 (BB 상단 돌파),36645.0,,2.0,1.0,36630.60975655785
2023-11-19 11:30:00,역추세 반등 (BB 하단),36468.1,36463.33963704492,1.0,1.0,
2023-11-19 11:30:00,강력한 반전 (BB 찢고 복귀),36468.1,36463.33963704492,1.5,1.0,
2023-11-19 12:00:00,강력한 반전 (BB 찢고 복귀),36487.7,36427.98173219064,1.5,1.0,
2023-11-19 15:45:00,추세확정 (BB 상단 돌파),36582.1,,2.0,1.0,36568.31851012893
2023-11-19 18:15:00,추세확정 (BB 상단 돌파),36751.2,,2.0,1.0,36701.58188545945
2023-11-19 19:45:00,추세확정 (BB 상단 돌파),36964.8,,2.0,1.0,36951.62848408924
2023-11-19 23:00:00,추세확정 (BB 상단 돌파),37404.1,,2.0,1.0,37200.93864465097
2023-11-20 03:45:00,강력한 반전 (BB 찢고 복귀),37144.4,37129.694235306946,1.5,1.0,
2023-11-20 10:30:00,추세확정 (BB 상단 돌파),37292.1,,2.0,1.0,37285.763001896696
2023-11-20 14:15:00,역추세 반등 (BB 하단),37145.2,36993.47746836869,1.0,1.0,
2023-11-20 14:15:00,강력한 반전 (BB 찢고 복귀),37145.2,36993.47746836869,1.5,1.0,
2023-11-20 17:30:00,강력한 반전 (BB 찢고 복귀),37414.2,36967.6791777186,1.5,1.0,
2023-11-21 07:30:00,강력한 반전 (BB 찢고 복귀),37320.7,37270.633656214544,1.5,1.0,
2023-11-21 11:30:00,역추세 반등 (BB 하단),37223.4,37228.154874925705,1.0,1.0,
2023-11-21 12:00:00,역추세 반등 (BB 하단),37213.0,37185.4092173867,1.0,1.0,
2023-11-21 12:00:00,강력한 반전 (BB 찢고 복귀),37213.0,37185.4092173867,1.5,1.0,
2023-11-21 12:15:00,강력한 반전 (BB 찢고 복귀),37247.8,37180.98457415152,1.5,1.0,
2023-11-21 12:45:00,강력한 반전 (BB 찢고 복귀),37204.1,37150.54210231264,1.5,1.0,
2023-11-21 15:15:00,역추세 반등 (BB 하단),36477.7,36481.252356344965,1.0,1.0,
2023-11-21 15:30:00,역추세 반등 (BB 하단),36580.1,36426.860699030585,1.0,1.0,
2023-11-21 15:30:00,강력한 반전 (BB 찢고 복귀),36580.1,36426.860699030585,1.5,1.0,
2023-11-22 00:00:00,역추세 반등 (BB 하단),36000.3,35821.45221759804,1.0,1.0,
2023-11-22 00:00:00,강력한 반전 (BB 찢고 복귀),36000.3,35821.45221759804,1.5,1.0,
2023-11-22 09:30:00,추세확정 (BB 상단 돌파),36699.6,,2.0,1.0,36649.39737013821
2023-11-22 15:15:00,역추세 반등 (BB 하단),36544.0,36361.64282436321,1.0,1.0,
2023-11-22 15:15:00,강력한 반전 (BB 찢고 복귀),36544.0,36361.64282436321,1.5,1.0,
2023-11-22 18:00:00,추세확정 (BB 상단 돌파),36717.8,,2.0,1.0,36693.54074846352
2023-11-23 08:15:00,추세확정 (BB 상단 돌파),37453.3,,2.0,1.0,37443.92772002026
2023-11-23 09:45:00,추세확정 (BB 상단 돌파),37662.0,,2.0,1.0,37614.53997207093
2023-11-23 14:30:00,강력한 반전 (BB 찢고 복귀),37230.0,37137.49282252272,1.5,1.0,
2023-11-23 16:00:00,역추세 반등 (BB 하단),37131.2,36973.21617426251,1.0,1.0,
2023-11-23 16:00:00,강력한 반전 (BB 찢고 복귀),37131.2,36973.21617426251,1.5,1.0,
2023-11-24 01:00:00,추세확정 (BB 상단 돌파),37426.0,,2.0,1.0,37406.9875539995
2023-11-24 07:45:00,추세확정 (BB 상단 돌파),37532.1,,2.0,1.0,37480.20071587786
2023-11-24 09:15:00,추세확정 (BB 상단 돌파),37579.9,,2.0,1.0,37566.584018159905
2023-11-24 10:15:00,추세확정 (BB 상단 돌파),37737.2,,2.0,1.0,37724.95107881178
2023-11-24 11:30:00,추세확정 (BB 상단 돌파),37980.7,,2.0,1.0,37897.8371736725
2023-11-24 15:15:00,추세확정 (BB 상단 돌파),38304.1,,2.0,1.0,38118.79964421464
2023-11-24 23:15:00,강력한 반전 (BB 찢고 복귀),37697.9,37597.26117933202,1.5,1.0,
2023-11-25 09:30:00,강력한 반전 (BB 찢고 복귀),37745.0,37730.48798130889,1.5,1.0,
2023-11-25 10:45:00,역추세 반등 (BB 하단),37695.7,37673.10528509824,1.0,1.0,
2023-11-25 10:45:00,강력한 반전 (BB 찢고 복귀),37695.7,37673.10528509824,1.5,1.0,
2023-11-25 11:45:00,역추세 반등 (BB 하단),37660.3,37617.231426126215,1.0,1.0,
2023-11-25 11:45:00,강력한 반전 (BB 찢고 복귀),37660.3,37617.231426126215,1.5,1.0,
2023-11-25 15:15:00,강력한 반전 (BB 찢고 복귀),37686.0,37632.62078853969,1.5,1.0,
2023-11-25 16:00:00,추세확정 (BB 상단 돌파),37759.0,,2.0,1.0,37756.28817229312
2023-11-25 17:30:00,추세확정 (BB 상단 돌파),37790.7,,2.0,1.0,37790.34987266276
2023-11-25 22:15:00,역추세 반등 (BB 하단),37773.3,37750.08904919084,1.0,1.0,
2023-11-25 22:15:00,강력한 반전 (BB 찢고 복귀),37773.3,37750.08904919084,1.5,1.0,
2023-11-25 23:00:00,역추세 반등 (BB 하단),37768.8,37733.562976026056,1.0,1.0,
2023-11-25 23:00:00,강력한 반전 (BB 찢고 복귀),37768.8,37733.562976026056,1.5,1.0,
2023-11-26 01:30:00,역추세 반등 (BB 하단),37730.0,37713.02661534261,1.0,1.0,
2023-11-26 01:30:00,강력한 반전 (BB 찢고 복귀),37730.0,37713.02661534261,1.5,1.0,
2023-11-26 02:00:00,역추세 반등 (BB 하단),37712.1,37693.73968537977,1.0,1.0,
2023-11-26 02:00:00,강력한 반전 (BB 찢고 복귀),37712.1,37693.73968537977,1.5,1.0,
2023-11-26 11:15:00,역추세 반등 (BB 하단),37710.3,37704.542031861514,1.0,1.0,
2023-11-26 12:45:00,역추세 반등 (BB 하단),37649.6,37586.45423967874,1.0,1.0,
2023-11-26 12:45:00,강력한 반전 (BB 찢고 복귀),37649.6,37586.45423967874,1.5,1.0,
2023-11-26 13:45:00,역추세 반등 (BB 하단),37536.0,37473.66804786022,1.0,1.0,
2023-11-26 13:45:00,강력한 반전 (BB 찢고 복귀),37536.0,37473.66804786022,1.5,1.0,
2023-11-26 14:30:00,역추세 반등 (BB 하단),37455.1,37390.44916976586,1.0,1.0,
2023-11-26 14:30:00,강력한 반전 (BB 찢고 복귀),37455.1,37390.44916976586,1.5,1.0,
2023-11-26 15:00:00,강력한 반전 (BB 찢고 복귀),37438.9,37339.89573902855,1.5,1.0,
2023-11-26 20:45:00,추세확정 (BB 상단 돌파),37611.7,,2.0,1.0,37547.86847227035
2023-11-26 22:00:00,추세확정 (BB 상단 돌파),37747.7,,2.0,1.0,37710.42361893863
2023-11-27 02:45:00,역추세 반등 (BB 하단),37320.8,37249.03786379277,1.0,1.0,
2023-11-27 02:45:00,강력한 반전 (BB 찢고 복귀),37320.8,37249.03786379277,1.5,1.0,
2023-11-27 03:30:00,강력한 반전 (BB 찢고 복귀),37281.6,37216.20264711081,1.5,1.0,
2023-11-27 07:30:00,역추세 반등 (BB 하단),37269.1,37224.35236559022,1.0,1.0,
2023-11-27 07:30:00,강력한 반전 (BB 찢고 복귀),37269.1,37224.35236559022,1.5,1.0,
2023-11-27 11:30:00,강력한 반전 (BB 찢고 복귀),37078.9,37030.05573828453,1.5,1.0,
2023-11-27 13:45:00,강력한 반전 (BB 찢고 복귀),36963.3,36757.39617609925,1.5,1.0,
2023-11-27 16:00:00,강력한 반전 (BB 찢고 복귀),36863.7,36752.63049989517,1.5,1.0,
2023-11-27 19:45:00,강력한 반전 (BB 찢고 복귀),36888.1,36799.801040044986,1.5,1.0,
2023-11-27 23:15:00,추세확정 (BB 상단 돌파),37237.3,,2.0,1.0,37196.5865114874
2023-11-28 05:15:00,역추세 반등 (BB 하단),36954.9,36948.82524554295,1.0,1.0,
2023-11-28 05:15:00,강력한 반전 (BB 찢고 복귀),36954.9,36948.82524554295,1.5,1.0,
2023-11-28 05:45:00,역추세 반등 (BB 하단),36918.4,36895.48467437001,1.0,1.0,
2023-11-28 11:15:00,추세확정 (BB 상단 돌파),37187.0,,2.0,1.0,37177.940128006376
2023-11-28 11:45:00,추세확정 (BB 상단 돌파),37261.4,,2.0,1.0,37231.96909903095
2023-11-28 13:45:00,추세확정 (BB 상단 돌파),37416.1,,2.0,1.0,37383.69852885233
2023-11-28 16:00:00,추세확정 (BB 상단 돌파),37600.0,,2.0,1.0,37584.65293869871
2023-11-28 16:30:00,추세확정 (BB 상단 돌파),37795.9,,2.0,1.0,37708.33988593537
2023-11-28 22:00:00,강력한 반전 (BB 찢고 복귀),38010.2,37937.013370163906,1.5,1.0,
2023-11-28 23:00:00,강력한 반전 (BB 찢고 복귀),37909.8,37846.13194709563,1.5,1.0,
2023-11-28 23:45:00,강력한 반전 (BB 찢고 복귀),37820.0,37746.31046095858,1.5,1.0,
2023-11-29 00:15:00,역추세 반등 (BB 하단),37768.6,37655.98892473359,1.0,1.0,
2023-11-29 06:30:00,추세확정 (BB 상단 돌파),38118.7,,2.0,1.0,38069.73712868862
2023-11-29 08:45:00,추세확정 (BB 상단 돌파),38350.1,,2.0,1.0,38310.06148853837
2023-11-29 10:45:00,역추세 반등 (BB 하단),37982.4,37935.356540623376,1.0,1.0,
2023-11-29 10:45:00,강력한 반전 (BB 찢고 복귀),37982.4,37935.356540623376,1.5,1.0,
2023-11-29 11:00:00,강력한 반전 (BB 찢고 복귀),38049.8,37941.328626831615,1.5,1.0,
2023-11-29 15:15:00,역추세 반등 (BB 하단),37758.4,37716.5917984775,1.0,1.0,
2023-11-29 15:15:00,강력한 반전 (BB 찢고 복귀),37758.4,37716.5917984775,1.5,1.0,
2023-11-29 21:00:00,강력한 반전 (BB 찢고 복귀),37744.0,37651.510476746116,1.5,1.0,
2023-11-30 03:30:00,추세확정 (BB 상단 돌파),37982.3,,2.0,1.0,37948.54337882848
2023-11-30 09:00:00,강력한 반전 (BB 찢고 복귀),37682.0,37626.797824461595,1.5,1.0,
2023-11-30 14:45:00,강력한 반전 (BB 찢고 복귀),37657.1,37604.843511587555,1.5,1.0,
2023-11-30 15:00:00,강력한 반전 (BB 찢고 복귀),37687.6,37601.047200728215,1.5,1.0,
2023-11-30 15:45:00,강력한 반전 (BB 찢고 복귀),37625.0,37546.364781070326,1.5,1.0,
2023-11-30 16:00:00,강력한 반전 (BB 찢고 복귀),37642.5,37537.99201173769,1.5,1.0,
2023-11-30 23:15:00,역추세 반등 (BB 하단),37709.0,37670.38402143321,1.0,1.0,
2023-11-30 23:15:00,강력한 반전 (BB 찢고 복귀),37709.0,37670.38402143321,1.5,1.0,
2023-12-01 00:30:00,역추세 반등 (BB 하단),37668.8,37628.39719895143,1.0,1.0,
2023-12-01 00:30:00,강력한 반전 (BB 찢고 복귀),37668.8,37628.39719895143,1.5,1.0,
2023-12-01 01:15:00,추세확정 (BB 상단 돌파),37881.5,,2.0,1.0,37843.397903040306
2023-12-01 09:00:00,추세확정 (BB 상단 돌파),38450.9,,2.0,1.0,38422.658462254825
2023-12-01 14:15:00,역추세 반등 (BB 하단),38358.2,38252.292834456486,1.0,1.0,
2023-12-01 14:15:00,강력한 반전 (BB 찢고 복귀),38358.2,38252.292834456486,1.5,1.0,
2023-12-01 16:15:00,추세확정 (BB 상단 돌파),38824.2,,2.0,1.0,38701.51341036482
2023-12-01 21:30:00,추세확정 (BB 상단 돌파),38860.9,,2.0,1.0,38858.83863454425
2023-12-02 07:30:00,강력한 반전 (BB 찢고 복귀),38741.0,38712.222831588144,1.5,1.0,
2023-12-02 13:45:00,추세확정 (BB 상단 돌파),38830.0,,2.0,1.0,38819.14917710396
2023-12-02 16:45:00,강력한 반전 (BB 찢고 복귀),38748.7,38739.63606164365,1.5,1.0,
2023-12-02 18:15:00,추세확정 (BB 상단 돌파),38875.8,,2.0,1.0,38861.83232406441
2023-12-02 19:00:00,추세확정 (BB 상단 돌파),39447.3,,2.0,1.0,39131.92027241457
2023-12-02 19:45:00,추세확정 (BB 상단 돌파),39434.7,,2.0,1.0,39394.495810223554
2023-12-03 03:15:00,역추세 반등 (BB 하단),39354.5,39314.715792416304,1.0,1.0,
2023-12-03 03:15:00,강력한 반전 (BB 찢고 복귀),39354.5,39314.715792416304,1.5,1.0,
2023-12-03 10:30:00,추세확정 (BB 상단 돌파),39508.2,,2.0,1.0,39506.8973210273
2023-12-03 13:00:00,추세확정 (BB 상단 돌파),39575.0,,2.0,1.0,39564.86248654728
2023-12-03 13:45:00,추세확정 (BB 상단 돌파),39688.1,,2.0,1.0,39653.1435323647
2023-12-03 15:45:00,추세확정 (BB 상단 돌파),39786.1,,2.0,1.0,39771.40989026782
2023-12-03 17:45:00,강력한 반전 (BB 찢고 복귀),39545.6,39486.56323918369,1.5,1.0,
2023-12-03 19:15:00,강력한 반전 (BB 찢고 복귀),39574.9,39460.56642773907,1.5,1.0,
2023-12-03 21:30:00,추세확정 (BB 상단 돌파),39698.6,,2.0,1.0,39689.81524643289
2023-12-04 01:15:00,추세확정 (BB 상단 돌파),40694.7,,2.0,1.0,40516.77512614957
2023-12-04 05:15:00,추세확정 (BB 상단 돌파),41314.1,,2.0,1.0,41306.39352465319
2023-12-04 06:15:00,추세확정 (BB 상단 돌파),41730.1,,2.0,1.0,41661.84996569973
2023-12-04 10:30:00,추세확정 (BB 상단 돌파),41898.6,,2.0,1.0,41884.57950211674
2023-12-04 15:30:00,강력한 반전 (BB 찢고 복귀),41458.0,41356.13432526553,1.5,1.0,
2023-12-04 16:00:00,역추세 반등 (BB 하단),41365.1,41296.98795853469,1.0,1.0,
2023-12-04 16:00:00,강력한 반전 (BB 찢고 복귀),41365.1,41296.98795853469,1.5,1.0,
2023-12-04 16:15:00,강력한 반전 (BB 찢고 복귀),41466.8,41284.98183909099,1.5,1.0,
2023-12-04 19:45:00,추세확정 (BB 상단 돌파),42021.3,,2.0,1.0,42016.87128698058
2023-12-04 21:45:00,추세확정 (BB 상단 돌파),42064.2,,2.0,1.0,42059.25670830663
2023-12-05 05:45:00,추세확정 (BB 상단 돌파),41935.0,,2.0,1.0,41926.22338631405
2023-12-05 07:45:00,역추세 반등 (BB 하단),41542.1,41497.13224117198,1.0,1.0,
2023-12-05 07:45:00,강력한 반전 (BB 찢고 복귀),41542.1,41497.13224117198,1.5,1.0,
2023-12-05 13:00:00,추세확정 (BB 상단 돌파),42013.9,,2.0,1.0,41956.78891616847
2023-12-05 14:15:00,추세확정 (BB 상단 돌파),42138.9,,2.0,1.0,42067.19430077481
2023-12-05 15:30:00,추세확정 (BB 상단 돌파),42420.1,,2.0,1.0,42372.82035390099
2023-12-05 16:30:00,추세확정 (BB 상단 돌파),42727.4,,2.0,1.0,42614.45492506065
2023-12-05 22:00:00,추세확정 (BB 상단 돌파),44202.2,,2.0,1.0,44159.40193340262
2023-12-06 02:30:00,강력한 반전 (BB 찢고 복귀),43822.8,43676.541987513796,1.5,1.0,
2023-12-06 05:45:00,강력한 반전 (BB 찢고 복귀),43705.0,43579.68980059787,1.5,1.0,
2023-12-06 07:30:00,강력한 반전 (BB 찢고 복귀),43661.9,43531.06998410221,1.5,1.0,
2023-12-06 10:00:00,추세확정 (BB 상단 돌파),44073.6,,2.0,1.0,43999.739974917415
2023-12-06 21:00:00,역추세 반등 (BB 하단),43823.2,43805.1708773566,1.0,1.0,
2023-12-06 21:00:00,강력한 반전 (BB 찢고 복귀),43823.2,43805.1708773566,1.5,1.0,
2023-12-06 21:15:00,강력한 반전 (BB 찢고 복귀),43834.1,43783.200103961186,1.5,1.0,
2023-12-07 07:00:00,역추세 반등 (BB 하단),43978.8,43908.97677796584,1.0,1.0,
2023-12-07 07:00:00,강력한 반전 (BB 찢고 복귀),43978.8,43908.97677796584,1.5,1.0,
2023-12-07 08:30:00,역추세 반등 (BB 하단),43750.8,43747.94700420701,1.0,1.0,
2023-12-07 08:30:00,강력한 반전 (BB 찢고 복귀),43750.8,43747.94700420701,1.5,1.0,
2023-12-07 09:30:00,역추세 반등 (BB 하단),43383.7,43305.082597740955,1.0,1.0,
2023-12-07 09:30:00,강력한 반전 (BB 찢고 복귀),43383.7,43305.082597740955,1.5,1.0,
2023-12-07 10:15:00,강력한 반전 (BB 찢고 복귀),43219.9,43084.50246880809,1.5,1.0,
2023-12-07 14:45:00,추세확정 (BB 상단 돌파),43513.1,,2.0,1.0,43499.265329281036
2023-12-08 07:30:00,역추세 반등 (BB 하단),43291.0,43265.40090370767,1.0,1.0,
2023-12-08 07:30:00,강력한 반전 (BB 찢고 복귀),43291.0,43265.40090370767,1.5,1.0,
2023-12-08 08:00:00,역추세 반등 (BB 하단),43236.0,43190.84054150326,1.0,1.0,
2023-12-08 08:00:00,강력한 반전 (BB 찢고 복귀),43236.0,43190.84054150326,1.5,1.0,
2023-12-08 11:15:00,추세확정 (BB 상단 돌파),43536.0,,2.0,1.0,43504.87549693211
2023-12-08 20:30:00,추세확정 (BB 상단 돌파),44256.9,,2.0,1.0,44145.799455031694
2023-12-09 04:15:00,추세확정 (BB 상단 돌파),44320.0,,2.0,1.0,44318.57470402469
2023-12-09 05:15:00,추세확정 (BB 상단 돌파),44401.8,,2.0,1.0,44365.99614991395
2023-12-09 08:45:00,역추세 반등 (BB 하단),43874.5,43931.272017296964,1.0,1.0,
2023-12-09 09:00:00,역추세 반등 (BB 하단),43893.4,43878.22431953853,1.0,1.0,
2023-12-09 09:00:00,강력한 반전 (BB 찢고 복귀),43893.4,43878.22431953853,1.5,1.0,
2023-12-09 13:45:00,추세확정 (BB 상단 돌파),44036.4,,2.0,1.0,44020.714051124734
2023-12-09 22:00:00,추세확정 (BB 상단 돌파),44084.2,,2.0,1.0,44081.39215996891
2023-12-09 23:45:00,역추세 반등 (BB 하단),43740.0,43750.78338487246,1.0,1.0,
2023-12-10 00:00:00,역추세 반등 (BB 하단),43765.0,43723.14307881449,1.0,1.0,
2023-12-10 00:00:00,강력한 반전 (BB 찢고 복귀),43765.0,43723.14307881449,1.5,1.0,
2023-12-10 04:15:00,추세확정 (BB 상단 돌파),43931.5,,2.0,1.0,43921.29364219689
2023-12-10 09:00:00,역추세 반등 (BB 하단),43834.6,43832.645313227215,1.0,1.0,
2023-12-10 09:00:00,강력한 반전 (BB 찢고 복귀),43834.6,43832.645313227215,1.5,1.0,
2023-12-10 10:00:00,역추세 반등 (BB 하단),43667.3,43659.227980694486,1.0,1.0,
2023-12-10 10:00:00,강력한 반전 (BB 찢고 복귀),43667.3,43659.227980694486,1.5,1.0,
2023-12-10 19:45:00,강력한 반전 (BB 찢고 복귀),43828.5,43769.892850809825,1.5,1.0,
2023-12-10 20:30:00,추세확정 (BB 상단 돌파),43975.3,,2.0,1.0,43970.07096881033
2023-12-10 23:30:00,역추세 반등 (BB 하단),43762.6,43695.68572057142,1.0,1.0,
2023-12-11 02:15:00,역추세 반등 (BB 하단),42271.4,42406.48904730212,1.0,1.0,
2023-12-11 14:30:00,역추세 반등 (BB 하단),41976.0,41926.37194091141,1.0,1.0,
2023-12-11 14:30:00,강력한 반전 (BB 찢고 복귀),41976.0,41926.37194091141,1.5,1.0,
2023-12-11 16:15:00,역추세 반등 (BB 하단),41805.9,41644.15362683265,1.0,1.0,
2023-12-11 16:15:00,강력한 반전 (BB 찢고 복귀),41805.9,41644.15362683265,1.5,1.0,
2023-12-11 18:30:00,역추세 반등 (BB 하단),40846.1,40912.63875432375,1.0,1.0,
2023-12-11 18:45:00,역추세 반등 (BB 하단),41093.9,40842.984636945854,1.0,1.0,
2023-12-11 18:45:00,강력한 반전 (BB 찢고 복귀),41093.9,40842.984636945854,1.5,1.0,
2023-12-12 00:15:00,추세확정 (BB 상단 돌파),41681.9,,2.0,1.0,41676.15201299248
2023-12-12 01:00:00,추세확정 (BB 상단 돌파),41900.2,,2.0,1.0,41869.74105139478
2023-12-12 05:00:00,강력한 반전 (BB 찢고 복귀),41576.9,41469.526528086186,1.5,1.0,
2023-12-12 12:00:00,역추세 반등 (BB 하단),41721.0,41641.42764806669,1.0,1.0,
2023-12-12 12:00:00,강력한 반전 (BB 찢고 복귀),41721.0,41641.42764806669,1.5,1.0,
2023-12-12 15:30:00,역추세 반등 (BB 하단),41391.3,41344.67837682876,1.0,1.0,
2023-12-12 15:30:00,강력한 반전 (BB 찢고 복귀),41391.3,41344.67837682876,1.5,1.0,
2023-12-12 17:30:00,역추세 반등 (BB 하단),40921.9,40858.86042631388,1.0,1.0,
2023-12-12 17:30:00,강력한 반전 (BB 찢고 복귀),40921.9,40858.86042631388,1.5,1.0,
2023-12-12 18:00:00,역추세 반등 (BB 하단),41178.1,40730.71332456141,1.0,1.0,
2023-12-12 18:00:00,강력한 반전 (BB 찢고 복귀),41178.1,40730.71332456141,1.5,1.0,
2023-12-12 23:15:00,추세확정 (BB 상단 돌파),41513.1,,2.0,1.0,41450.44939371084
2023-12-13 01:30:00,역추세 반등 (BB 하단),41184.0,41048.09647140201,1.0,1.0,
2023-12-13 01:30:00,강력한 반전 (BB 찢고 복귀),41184.0,41048.09647140201,1.5,1.0,
2023-12-13 02:30:00,강력한 반전 (BB 찢고 복귀),41070.0,40874.332272113956,1.5,1.0,
2023-12-13 07:15:00,추세확정 (BB 상단 돌파),41226.3,,2.0,1.0,41182.22797386424
2023-12-13 12:00:00,역추세 반등 (BB 하단),41130.6,41073.02615146959,1.0,1.0,
2023-12-13 12:00:00,강력한 반전 (BB 찢고 복귀),41130.6,41073.02615146959,1.5,1.0,
2023-12-13 13:00:00,추세확정 (BB 상단 돌파),41362.5,,2.0,1.0,41346.846246884634
2023-12-13 15:00:00,추세확정 (BB 상단 돌파),41849.6,,2.0,1.0,41681.20764312474
2023-12-13 19:30:00,추세확정 (BB 상단 돌파),42771.6,,2.0,1.0,42619.90922658305
2023-12-13 22:00:00,추세확정 (BB 상단 돌파),43408.3,,2.0,1.0,43324.26112567463
2023-12-14 06:00:00,추세확정 (BB 상단 돌파),42903.0,,2.0,1.0,42893.02660257542
2023-12-14 11:30:00,추세확정 (BB 상단 돌파),43206.1,,2.0,1.0,43132.380652768625
2023-12-14 13:30:00,역추세 반등 (BB 하단),42522.6,42510.46524406441,1.0,1.0,
2023-12-14 13:30:00,강력한 반전 (BB 찢고 복귀),42522.6,42510.46524406441,1.5,1.0,
2023-12-14 13:45:00,강력한 반전 (BB 찢고 복귀),42590.2,42477.54097884761,1.5,1.0,
2023-12-14 14:15:00,강력한 반전 (BB 찢고 복귀),42639.8,42391.45435136707,1.5,1.0,
2023-12-14 17:30:00,추세확정 (BB 상단 돌파),43313.7,,2.0,1.0,43134.994125501165
2023-12-15 02:15:00,역추세 반등 (BB 하단),42906.0,42884.65074181706,1.0,1.0,
2023-12-15 02:15:00,강력한 반전 (BB 찢고 복귀),42906.0,42884.65074181706,1.5,1.0,
2023-12-15 03:45:00,강력한 반전 (BB 찢고 복귀),42827.5,42770.74309507986,1.5,1.0,
2023-12-15 04:00:00,강력한 반전 (BB 찢고 복귀),42829.2,42760.228273965266,1.5,1.0,
2023-12-15 06:00:00,역추세 반등 (BB 하단),42628.7,42599.24527508412,1.0,1.0,
2023-12-15 06:15:00,강력한 반전 (BB 찢고 복귀),42659.9,42591.309444696235,1.5,1.0,
2023-12-15 08:45:00,추세확정 (BB 상단 돌파),42901.9,,2.0,1.0,42896.178947362976
2023-12-15 14:00:00,역추세 반등 (BB 하단),42367.4,42311.749078028144,1.0,1.0,
2023-12-15 14:00:00,강력한 반전 (BB 찢고 복귀),42367.4,42311.749078028144,1.5,1.0,
2023-12-15 14:45:00,강력한 반전 (BB 찢고 복귀),42202.6,42086.240234058336,1.5,1.0,
2023-12-15 15:45:00,역추세 반등 (BB 하단),41921.7,41774.68608831644,1.0,1.0,
2023-12-15 15:45:00,강력한 반전 (BB 찢고 복귀),41921.7,41774.68608831644,1.5,1.0,
2023-12-16 00:00:00,강력한 반전 (BB 찢고 복귀),42052.0,41963.593460969765,1.5,1.0,
2023-12-16 00:45:00,역추세 반등 (BB 하단),41944.6,41842.348083218916,1.0,1.0,
2023-12-16 00:45:00,강력한 반전 (BB 찢고 복귀),41944.6,41842.348083218916,1.5,1.0,
2023-12-16 08:45:00,역추세 반등 (BB 하단),42211.1,42175.1278996217,1.0,1.0,
2023-12-16 08:45:00,강력한 반전 (BB 찢고 복귀),42211.1,42175.1278996217,1.5,1.0,
2023-12-16 11:45:00,추세확정 (BB 상단 돌파),42361.0,,2.0,1.0,42348.38347582787
2023-12-16 12:30:00,추세확정 (BB 상단 돌파),42497.9,,2.0,1.0,42420.69300369992
2023-12-16 15:45:00,추세확정 (BB 상단 돌파),42653.5,,2.0,1.0,42576.94508542343
2023-12-16 16:30:00,추세확정 (BB 상단 돌파),42746.1,,2.0,1.0,42671.52922614969
2023-12-16 22:30:00,강력한 반전 (BB 찢고 복귀),42327.3,42259.939500270324,1.5,1.0,
2023-12-17 01:00:00,역추세 반등 (BB 하단),42271.0,42188.660546902625,1.0,1.0,
2023-12-17 01:00:00,강력한 반전 (BB 찢고 복귀),42271.0,42188.660546902625,1.5,1.0,
2023-12-17 02:00:00,역추세 반등 (BB 하단),42125.5,42079.81721815817,1.0,1.0,
2023-12-17 02:00:00,강력한 반전 (BB 찢고 복귀),42125.5,42079.81721815817,1.5,1.0,
2023-12-17 03:00:00,역추세 반등 (BB 하단),41938.7,41910.94946658343,1.0,1.0,
2023-12-17 03:00:00,강력한 반전 (BB 찢고 복귀),41938.7,41910.94946658343,1.5,1.0,
2023-12-17 05:45:00,강력한 반전 (BB 찢고 복귀),41930.5,41834.975200165754,1.5,1.0,
2023-12-17 06:45:00,강력한 반전 (BB 찢고 복귀),42026.6,41861.709950441335,1.5,1.0,
2023-12-17 08:15:00,역추세 반등 (BB 하단),41860.9,41812.94330693583,1.0,1.0,
2023-12-17 08:15:00,강력한 반전 (BB 찢고 복귀),41860.9,41812.94330693583,1.5,1.0,
2023-12-17 13:15:00,강력한 반전 (BB 찢고 복귀),41912.1,41861.75150565233,1.5,1.0,
2023-12-17 13:45:00,역추세 반등 (BB 하단),41884.2,41841.19727490477,1.0,1.0,
2023-12-17 13:45:00,강력한 반전 (BB 찢고 복귀),41884.2,41841.19727490477,1.5,1.0,
2023-12-17 15:00:00,역추세 반등 (BB 하단),41710.0,41698.33511050724,1.0,1.0,
2023-12-17 15:00:00,강력한 반전 (BB 찢고 복귀),41710.0,41698.33511050724,1.5,1.0,
2023-12-17 16:45:00,추세확정 (BB 상단 돌파),42154.3,,2.0,1.0,42114.58859055973
2023-12-17 22:45:00,역추세 반등 (BB 하단),41735.2,41703.90904973473,1.0,1.0,
2023-12-17 22:45:00,강력한 반전 (BB 찢고 복귀),41735.2,41703.90904973473,1.5,1.0,
2023-12-18 00:15:00,역추세 반등 (BB 하단),41411.4,41225.5635108368,1.0,1.0,
2023-12-18 00:15:00,강력한 반전 (BB 찢고 복귀),41411.4,41225.5635108368,1.5,1.0,
2023-12-18 09:30:00,역추세 반등 (BB 하단),41141.7,40978.82671420714,1.0,1.0,
2023-12-18 09:30:00,강력한 반전 (BB 찢고 복귀),41141.7,40978.82671420714,1.5,1.0,
2023-12-18 10:45:00,역추세 반등 (BB 하단),40845.9,40749.22813792849,1.0,1.0,
2023-12-18 10:45:00,강력한 반전 (BB 찢고 복귀),40845.9,40749.22813792849,1.5,1.0,
2023-12-18 13:45:00,추세확정 (BB 상단 돌파),41386.4,,2.0,1.0,41372.843785318226
2023-12-18 14:15:00,추세확정 (BB 상단 돌파),41536.4,,2.0,1.0,41490.597872615625
2023-12-18 20:30:00,추세확정 (BB 상단 돌파),41913.0,,2.0,1.0,41896.37190067864
2023-12-19 01:45:00,추세확정 (BB 상단 돌파),43349.4,,2.0,1.0,43082.8131664073
2023-12-19 08:00:00,추세확정 (BB 상단 돌파),43170.0,,2.0,1.0,43159.08100479392
2023-12-19 12:45:00,강력한 반전 (BB 찢고 복귀),42980.0,42936.9855741487,1.5,1.0,
2023-12-19 14:15:00,역추세 반등 (BB 하단),42772.6,42751.65736788591,1.0,1.0,
2023-12-19 14:15:00,강력한 반전 (BB 찢고 복귀),42772.6,42751.65736788591,1.5,1.0,
2023-12-19 15:00:00,역추세 반등 (BB 하단),42587.2,42504.3347121408,1.0,1.0,
2023-12-19 15:00:00,강력한 반전 (BB 찢고 복귀),42587.2,42504.3347121408,1.5,1.0,
2023-12-19 17:30:00,역추세 반등 (BB 하단),42070.0,41968.78433649153,1.0,1.0,
2023-12-19 17:30:00,강력한 반전 (BB 찢고 복귀),42070.0,41968.78433649153,1.5,1.0,
2023-12-20 04:15:00,추세확정 (BB 상단 돌파),42631.1,,2.0,1.0,42574.751833897615
2023-12-20 06:15:00,추세확정 (BB 상단 돌파),42993.0,,2.0,1.0,42931.204264663815
2023-12-20 12:45:00,추세확정 (BB 상단 돌파),43004.1,,2.0,1.0,43000.080324776696
2023-12-20 15:00:00,추세확정 (BB 상단 돌파),44333.5,,2.0,1.0,44305.209667011935
2023-12-20 20:15:00,역추세 반등 (BB 하단),43628.0,43571.44506714844,1.0,1.0,
2023-12-20 20:15:00,강력한 반전 (BB 찢고 복귀),43628.0,43571.44506714844,1.5,1.0,
2023-12-20 21:00:00,역추세 반등 (BB 하단),43673.9,43460.00252410734,1.0,1.0,
2023-12-21 01:45:00,강력한 반전 (BB 찢고 복귀),43490.1,43403.22844932009,1.5,1.0,
2023-12-21 06:45:00,추세확정 (BB 상단 돌파),43850.0,,2.0,1.0,43804.1140023211
2023-12-21 08:15:00,추세확정 (BB 상단 돌파),43974.0,,2.0,1.0,43954.43096827935
2023-12-21 10:45:00,추세확정 (BB 상단 돌파),44034.7,,2.0,1.0,44034.53738776619
2023-12-21 12:30:00,추세확정 (BB 상단 돌파),44229.1,,2.0,1.0,44227.71396904188
2023-12-21 15:00:00,역추세 반등 (BB 하단),43675.2,43603.686430916096,1.0,1.0,
2023-12-21 15:00:00,강력한 반전 (BB 찢고 복귀),43675.2,43603.686430916096,1.5,1.0,
2023-12-21 21:30:00,추세확정 (BB 상단 돌파),44059.2,,2.0,1.0,43959.374948115976
2023-12-22 01:30:00,추세확정 (BB 상단 돌파),44186.0,,2.0,1.0,44142.71287891739
2023-12-22 07:00:00,강력한 반전 (BB 찢고 복귀),43979.8,43874.986259893034,1.5,1.0,
2023-12-22 08:00:00,역추세 반등 (BB 하단),43765.1,43691.88176084633,1.0,1.0,
2023-12-22 08:00:00,강력한 반전 (BB 찢고 복귀),43765.1,43691.88176084633,1.5,1.0,
2023-12-22 12:15:00,강력한 반전 (BB 찢고 복귀),43611.4,43579.37600021572,1.5,1.0,
2023-12-22 14:30:00,역추세 반등 (BB 하단),43554.5,43484.135689992676,1.0,1.0,
2023-12-22 14:30:00,강력한 반전 (BB 찢고 복귀),43554.5,43484.135689992676,1.5,1.0,
2023-12-22 18:15:00,추세확정 (BB 상단 돌파),43913.6,,2.0,1.0,43876.35871517269
2023-12-22 23:15:00,추세확정 (BB 상단 돌파),44004.8,,2.0,1.0,44003.19007989145
2023-12-23 03:00:00,강력한 반전 (BB 찢고 복귀),43611.1,43484.32066370743,1.5,1.0,
2023-12-23 11:15:00,역추세 반등 (BB 하단),43565.0,43554.15639821544,1.0,1.0,
2023-12-23 11:15:00,강력한 반전 (BB 찢고 복귀),43565.0,43554.15639821544,1.5,1.0,
2023-12-23 11:30:00,강력한 반전 (BB 찢고 복귀),43599.0,43552.14166595423,1.5,1.0,
2023-12-23 12:45:00,추세확정 (BB 상단 돌파),43736.1,,2.0,1.0,43719.216629812145
2023-12-23 19:15:00,강력한 반전 (BB 찢고 복귀),43803.8,43732.51585004344,1.5,1.0,
2023-12-23 20:45:00,강력한 반전 (BB 찢고 복귀),43730.8,43681.8249187869,1.5,1.0,
2023-12-24 00:15:00,강력한 반전 (BB 찢고 복귀),43741.8,43671.73667785974,1.5,1.0,
2023-12-24 01:00:00,추세확정 (BB 상단 돌파),43856.4,,2.0,1.0,43852.92441249509
2023-12-24 02:15:00,추세확정 (BB 상단 돌파),43918.0,,2.0,1.0,43900.77584223754
2023-12-24 06:15:00,역추세 반등 (BB 하단),43541.9,43508.131362067565,1.0,1.0,
2023-12-24 06:15:00,강력한 반전 (BB 찢고 복귀),43541.9,43508.131362067565,1.5,1.0,
2023-12-24 13:45:00,추세확정 (BB 상단 돌파),43793.0,,2.0,1.0,43787.737749277905
2023-12-24 20:45:00,역추세 반등 (BB 하단),43522.2,43531.775004407864,1.0,1.0,
2023-12-24 21:00:00,역추세 반등 (BB 하단),43548.6,43519.03335821192,1.0,1.0,
2023-12-24 21:00:00,강력한 반전 (BB 찢고 복귀),43548.6,43519.03335821192,1.5,1.0,
2023-12-24 21:30:00,강력한 반전 (BB 찢고 복귀),43532.5,43485.59659400346,1.5,1.0,
2023-12-24 22:15:00,역추세 반등 (BB 하단),43090.5,43196.97707053412,1.0,1.0,
2023-12-24 22:45:00,역추세 반등 (BB 하단),43003.4,43001.67739023097,1.0,1.0,
2023-12-24 22:45:00,강력한 반전 (BB 찢고 복귀),43003.4,43001.67739023097,1.5,1.0,
2023-12-24 23:00:00,강력한 반전 (BB 찢고 복귀),43107.9,42953.14880215103,1.5,1.0,
2023-12-25 06:15:00,추세확정 (BB 상단 돌파),43358.6,,2.0,1.0,43339.116239750954
2023-12-25 09:45:00,강력한 반전 (BB 찢고 복귀),43176.1,43102.090548069755,1.5,1.0,
2023-12-25 12:45:00,추세확정 (BB 상단 돌파),43684.5,,2.0,1.0,43458.01349062478
2023-12-25 19:00:00,역추세 반등 (BB 하단),43508.9,43487.86389518925,1.0,1.0,
2023-12-25 19:00:00,강력한 반전 (BB 찢고 복귀),43508.9,43487.86389518925,1.5,1.0,
2023-12-25 19:30:00,강력한 반전 (BB 찢고 복귀),43500.0,43446.39552932548,1.5,1.0,
2023-12-25 22:30:00,추세확정 (BB 상단 돌파),43758.6,,2.0,1.0,43748.22453134557
2023-12-26 04:15:00,강력한 반전 (BB 찢고 복귀),43463.0,43411.074042495726,1.5,1.0,
2023-12-26 05:45:00,역추세 반등 (BB 하단),42807.5,42942.40140518064,1.0,1.0,
2023-12-26 06:15:00,역추세 반등 (BB 하단),42724.0,42713.846293147966,1.0,1.0,
2023-12-26 06:15:00,강력한 반전 (BB 찢고 복귀),42724.0,42713.846293147966,1.5,1.0,
2023-12-26 10:00:00,강력한 반전 (BB 찢고 복귀),42567.9,42488.00547356202,1.5,1.0,
2023-12-26 10:15:00,강력한 반전 (BB 찢고 복귀),42604.0,42524.219106899895,1.5,1.0,
2023-12-26 15:15:00,역추세 반등 (BB 하단),42689.0,42577.24208583818,1.0,1.0,
2023-12-26 15:15:00,강력한 반전 (BB 찢고 복귀),42689.0,42577.24208583818,1.5,1.0,
2023-12-26 16:15:00,역추세 반등 (BB 하단),42322.9,42360.20285308615,1.0,1.0,
2023-12-26 16:30:00,역추세 반등 (BB 하단),42375.1,42318.74714931814,1.0,1.0,
2023-12-26 17:45:00,역추세 반등 (BB 하단),42054.1,42030.185209771924,1.0,1.0,
2023-12-26 17:45:00,강력한 반전 (BB 찢고 복귀),42054.1,42030.185209771924,1.5,1.0,
2023-12-27 03:00:00,역추세 반등 (BB 하단),42356.3,42288.022055785725,1.0,1.0,
2023-12-27 03:00:00,강력한 반전 (BB 찢고 복귀),42356.3,42288.022055785725,1.5,1.0,
2023-12-27 03:30:00,역추세 반등 (BB 하단),42311.9,42239.75591470276,1.0,1.0,
2023-12-27 03:30:00,강력한 반전 (BB 찢고 복귀),42311.9,42239.75591470276,1.5,1.0,
2023-12-27 08:30:00,추세확정 (BB 상단 돌파),42775.1,,2.0,1.0,42695.03415043139
2023-12-27 10:15:00,추세확정 (BB 상단 돌파),43106.4,,2.0,1.0,42966.459256528695
2023-12-27 16:15:00,추세확정 (BB 상단 돌파),43192.0,,2.0,1.0,43169.48551094555
2023-12-27 18:45:00,추세확정 (BB 상단 돌파),43223.0,,2.0,1.0,43207.646128119086
2023-12-27 20:15:00,추세확정 (BB 상단 돌파),43356.2,,2.0,1.0,43311.201872401885
2023-12-27 22:00:00,추세확정 (BB 상단 돌파),43653.9,,2.0,1.0,43620.73928896397
2023-12-28 06:30:00,역추세 반등 (BB 하단),43131.1,43077.50270708331,1.0,1.0,
2023-12-28 06:30:00,강력한 반전 (BB 찢고 복귀),43131.1,43077.50270708331,1.5,1.0,
2023-12-28 07:30:00,역추세 반등 (BB 하단),42991.5,42879.0522999147,1.0,1.0,
2023-12-28 07:30:00,강력한 반전 (BB 찢고 복귀),42991.5,42879.0522999147,1.5,1.0,
2023-12-28 13:15:00,역추세 반등 (BB 하단),42910.8,42799.46274586068,1.0,1.0,
2023-12-28 13:15:00,강력한 반전 (BB 찢고 복귀),42910.8,42799.46274586068,1.5,1.0,
2023-12-28 14:15:00,강력한 반전 (BB 찢고 복귀),42814.0,42708.12558474173,1.5,1.0,
2023-12-28 14:45:00,역추세 반등 (BB 하단),42708.7,42607.69442592625,1.0,1.0,
2023-12-28 14:45:00,강력한 반전 (BB 찢고 복귀),42708.7,42607.69442592625,1.5,1.0,
2023-12-28 20:30:00,강력한 반전 (BB 찢고 복귀),42577.6,42397.33345955101,1.5,1.0,
2023-12-28 22:00:00,강력한 반전 (BB 찢고 복귀),42655.1,42457.42337119995,1.5,1.0,
2023-12-29 01:00:00,강력한 반전 (BB 찢고 복귀),42503.0,42435.80946694885,1.5,1.0,
2023-12-29 01:45:00,역추세 반등 (BB 하단),42376.8,42327.880297027994,1.0,1.0,
2023-12-29 01:45:00,강력한 반전 (BB 찢고 복귀),42376.8,42327.880297027994,1.5,1.0,
2023-12-29 08:00:00,역추세 반등 (BB 하단),42460.0,42373.0420888922,1.0,1.0,
2023-12-29 08:00:00,강력한 반전 (BB 찢고 복귀),42460.0,42373.0420888922,1.5,1.0,
2023-12-29 14:30:00,추세확정 (BB 상단 돌파),43073.2,,2.0,1.0,43007.394955932104
2023-12-29 16:15:00,역추세 반등 (BB 하단),42244.9,42271.49516294301,1.0,1.0,
2023-12-29 16:30:00,역추세 반등 (BB 하단),42296.1,42203.18592649948,1.0,1.0,
2023-12-29 16:30:00,강력한 반전 (BB 찢고 복귀),42296.1,42203.18592649948,1.5,1.0,
2023-12-29 22:30:00,강력한 반전 (BB 찢고 복귀),41840.7,41780.547368434374,1.5,1.0,
2023-12-30 09:00:00,역추세 반등 (BB 하단),41621.5,41693.210989361054,1.0,1.0,
2023-12-30 15:45:00,추세확정 (BB 상단 돌파),42407.1,,2.0,1.0,42399.087411276545
2023-12-30 20:45:00,역추세 반등 (BB 하단),42315.1,42269.50096265701,1.0,1.0,
2023-12-30 20:45:00,강력한 반전 (BB 찢고 복귀),42315.1,42269.50096265701,1.5,1.0,
2023-12-30 21:00:00,강력한 반전 (BB 찢고 복귀),42329.9,42265.70898448596,1.5,1.0,
2023-12-30 23:00:00,역추세 반등 (BB 하단),42272.0,42207.21366827481,1.0,1.0,
2023-12-30 23:00:00,강력한 반전 (BB 찢고 복귀),42272.0,42207.21366827481,1.5,1.0,
2023-12-31 02:45:00,역추세 반등 (BB 하단),42133.0,42109.62130619277,1.0,1.0,
2023-12-31 02:45:00,강력한 반전 (BB 찢고 복귀),42133.0,42109.62130619277,1.5,1.0,
2023-12-31 07:15:00,추세확정 (BB 상단 돌파),42558.4,,2.0,1.0,42466.45078113979
2023-12-31 09:00:00,추세확정 (BB 상단 돌파),42680.3,,2.0,1.0,42652.65995282017
2023-12-31 15:30:00,강력한 반전 (BB 찢고 복귀),42538.9,42441.84614091261,1.5,1.0,
2023-12-31 16:30:00,추세확정 (BB 상단 돌파),42684.5,,2.0,1.0,42673.00237748291
2023-12-31 18:30:00,추세확정 (BB 상단 돌파),42748.7,,2.0,1.0,42740.72824984229
2023-12-31 22:15:00,강력한 반전 (BB 찢고 복귀),42616.5,42538.580254690736,1.5,1.0,
2023-12-31 23:30:00,역추세 반등 (BB 하단),42285.2,42245.578484151476,1.0,1.0,
2023-12-31 23:30:00,강력한 반전 (BB 찢고 복귀),42285.2,42245.578484151476,1.5,1.0,
2024-01-01 14:30:00,강력한 반전 (BB 찢고 복귀),42684.2,42640.716972004164,1.5,1.0,
2024-01-01 15:00:00,강력한 반전 (BB 찢고 복귀),42682.7,42630.641010546475,1.5,1.0,
2024-01-01 15:30:00,추세확정 (BB 상단 돌파),42887.9,,2.0,1.0,42837.76542155057
2024-01-01 16:00:00,추세확정 (BB 상단 돌파),42888.0,,2.0,1.0,42878.07222791512
2024-01-01 18:00:00,추세확정 (BB 상단 돌파),43160.9,,2.0,1.0,43011.95926222532
2024-01-01 19:30:00,추세확정 (BB 상단 돌파),43442.1,,2.0,1.0,43405.38511101037
2024-01-01 23:15:00,추세확정 (BB 상단 돌파),44049.9,,2.0,1.0,44044.69224186708
2024-01-02 07:30:00,추세확정 (BB 상단 돌파),45578.0,,2.0,1.0,45550.23193615377
2024-01-02 08:00:00,추세확정 (BB 상단 돌파),45699.8,,2.0,1.0,45631.17555968208
2024-01-02 11:45:00,강력한 반전 (BB 찢고 복귀),45495.9,45344.228665312636,1.5,1.0,
2024-01-02 15:30:00,역추세 반등 (BB 하단),45323.6,45102.021193810884,1.0,1.0,
2024-01-02 15:30:00,강력한 반전 (BB 찢고 복귀),45323.6,45102.021193810884,1.5,1.0,
2024-01-02 16:15:00,강력한 반전 (BB 찢고 복귀),45245.8,45002.40846394969,1.5,1.0,
2024-01-02 19:30:00,강력한 반전 (BB 찢고 복귀),44997.0,44923.93635869357,1.5,1.0,
2024-01-02 21:00:00,강력한 반전 (BB 찢고 복귀),44894.6,44791.744115134235,1.5,1.0,
2024-01-03 08:00:00,역추세 반등 (BB 하단),45103.2,45086.539139169785,1.0,1.0,
2024-01-03 08:00:00,강력한 반전 (BB 찢고 복귀),45103.2,45086.539139169785,1.5,1.0,
2024-01-03 11:30:00,역추세 반등 (BB 하단),44539.5,44581.13188777017,1.0,1.0,
2024-01-03 12:15:00,역추세 반등 (BB 하단),42337.8,42780.80730297376,1.0,1.0,
2024-01-03 12:45:00,역추세 반등 (BB 하단),42797.1,42091.77627310345,1.0,1.0,
2024-01-04 02:45:00,추세확정 (BB 상단 돌파),43173.7,,2.0,1.0,43104.70394550685
2024-01-04 08:00:00,역추세 반등 (BB 하단),42889.4,42889.996508887176,1.0,1.0,
2024-01-04 08:15:00,역추세 반등 (BB 하단),42966.1,42875.504496625894,1.0,1.0,
2024-01-04 08:15:00,강력한 반전 (BB 찢고 복귀),42966.1,42875.504496625894,1.5,1.0,
2024-01-04 08:45:00,역추세 반등 (BB 하단),42878.9,42801.09371436358,1.0,1.0,
2024-01-04 12:45:00,추세확정 (BB 상단 돌파),43399.9,,2.0,1.0,43385.66147115858
2024-01-04 14:45:00,추세확정 (BB 상단 돌파),43703.7,,2.0,1.0,43632.21166741964
2024-01-04 19:15:00,추세확정 (BB 상단 돌파),44420.1,,2.0,1.0,44416.379270647616
2024-01-04 20:30:00,추세확정 (BB 상단 돌파),44363.8,,2.0,1.0,44362.01701687995
2024-01-04 22:00:00,추세확정 (BB 상단 돌파),44644.0,,2.0,1.0,44590.982120141845
2024-01-05 01:30:00,역추세 반등 (BB 하단),43937.4,43896.81872785672,1.0,1.0,
2024-01-05 01:30:00,강력한 반전 (BB 찢고 복귀),43937.4,43896.81872785672,1.5,1.0,
2024-01-05 02:00:00,역추세 반등 (BB 하단),43639.4,43599.974537213784,1.0,1.0,
2024-01-05 02:00:00,강력한 반전 (BB 찢고 복귀),43639.4,43599.974537213784,1.5,1.0,
2024-01-05 02:30:00,역추세 반등 (BB 하단),43600.0,43366.92041881676,1.0,1.0,
2024-01-05 02:30:00,강력한 반전 (BB 찢고 복귀),43600.0,43366.92041881676,1.5,1.0,
2024-01-05 06:45:00,추세확정 (BB 상단 돌파),43862.9,,2.0,1.0,43834.56412273226
2024-01-05 09:45:00,추세확정 (BB 상단 돌파),44168.0,,2.0,1.0,44165.15608901271
2024-01-05 15:00:00,역추세 반등 (BB 하단),43803.9,43561.411825077965,1.0,1.0,
2024-01-05 15:00:00,강력한 반전 (BB 찢고 복귀),43803.9,43561.411825077965,1.5,1.0,
2024-01-05 16:00:00,강력한 반전 (BB 찢고 복귀),43575.0,43463.28175779934,1.5,1.0,
2024-01-05 16:30:00,역추세 반등 (BB 하단),43425.8,43346.72775273605,1.0,1.0,
2024-01-05 16:30:00,강력한 반전 (BB 찢고 복귀),43425.8,43346.72775273605,1.5,1.0,
2024-01-05 17:00:00,역추세 반등 (BB 하단),43319.3,43202.13089281702,1.0,1.0,
2024-01-05 17:00:00,강력한 반전 (BB 찢고 복귀),43319.3,43202.13089281702,1.5,1.0,
2024-01-05 20:45:00,추세확정 (BB 상단 돌파),43965.7,,2.0,1.0,43897.85545569354
2024-01-05 23:00:00,추세확정 (BB 상단 돌파),44203.8,,2.0,1.0,44120.27978427976
2024-01-06 05:30:00,역추세 반등 (BB 하단),43723.8,43728.849641240566,1.0,1.0,
2024-01-06 07:15:00,강력한 반전 (BB 찢고 복귀),43625.6,43442.46983893299,1.5,1.0,
2024-01-06 13:00:00,강력한 반전 (BB 찢고 복귀),43633.1,43613.94781042169,1.5,1.0,
2024-01-06 14:00:00,추세확정 (BB 상단 돌파),43824.7,,2.0,1.0,43790.575461495224
2024-01-06 15:00:00,추세확정 (BB 상단 돌파),43894.9,,2.0,1.0,43894.61158406078
2024-01-06 18:30:00,추세확정 (BB 상단 돌파),44050.3,,2.0,1.0,44038.24748623046
2024-01-06 20:15:00,강력한 반전 (BB 찢고 복귀),43873.9,43779.39473646209,1.5,1.0,
2024-01-06 21:00:00,강력한 반전 (BB 찢고 복귀),43842.9,43772.3499678589,1.5,1.0,
2024-01-06 23:15:00,강력한 반전 (BB 찢고 복귀),43840.0,43743.762426986505,1.5,1.0,
2024-01-07 00:00:00,추세확정 (BB 상단 돌파),43971.6,,2.0,1.0,43970.712776797605
2024-01-07 00:30:00,추세확정 (BB 상단 돌파),44171.8,,2.0,1.0,44061.181683223935
2024-01-07 06:00:00,강력한 반전 (BB 찢고 복귀),44021.7,43884.50425108107,1.5,1.0,
2024-01-07 07:30:00,추세확정 (BB 상단 돌파),44101.9,,2.0,1.0,44096.598589623856
2024-01-07 08:15:00,추세확정 (BB 상단 돌파),44152.4,,2.0,1.0,44148.0582308049
2024-01-07 13:00:00,추세확정 (BB 상단 돌파),44238.6,,2.0,1.0,44204.92453423608
2024-01-07 17:00:00,강력한 반전 (BB 찢고 복귀),44032.1,43901.3660495279,1.5,1.0,
2024-01-07 22:30:00,역추세 반등 (BB 하단),43977.9,43989.53869028285,1.0,1.0,
2024-01-07 23:00:00,역추세 반등 (BB 하단),43955.5,43912.04930685752,1.0,1.0,
2024-01-07 23:00:00,강력한 반전 (BB 찢고 복귀),43955.5,43912.04930685752,1.5,1.0,
2024-01-07 23:45:00,역추세 반등 (BB 하단),43936.2,43718.35870093605,1.0,1.0,
2024-01-07 23:45:00,강력한 반전 (BB 찢고 복귀),43936.2,43718.35870093605,1.5,1.0,
2024-01-08 03:00:00,역추세 반등 (BB 하단),43390.6,43380.40309621136,1.0,1.0,
2024-01-08 03:00:00,강력한 반전 (BB 찢고 복귀),43390.6,43380.40309621136,1.5,1.0,
2024-01-08 03:30:00,역추세 반등 (BB 하단),43496.0,43300.12739554544,1.0,1.0,
2024-01-08 03:30:00,강력한 반전 (BB 찢고 복귀),43496.0,43300.12739554544,1.5,1.0,
2024-01-08 06:15:00,추세확정 (BB 상단 돌파),44155.9,,2.0,1.0,43932.56712495992
2024-01-08 11:00:00,추세확정 (BB 상단 돌파),44190.2,,2.0,1.0,44189.41541589832
2024-01-08 12:45:00,추세확정 (BB 상단 돌파),45118.0,,2.0,1.0,45083.875842203975
2024-01-08 17:15:00,추세확정 (BB 상단 돌파),45295.1,,2.0,1.0,45240.135783667334
2024-01-09 01:00:00,강력한 반전 (BB 찢고 복귀),46768.2,46676.76174654066,1.5,1.0,
2024-01-09 01:45:00,역추세 반등 (BB 하단),46589.2,46468.99613780996,1.0,1.0,
2024-01-09 01:45:00,강력한 반전 (BB 찢고 복귀),46589.2,46468.99613780996,1.5,1.0,
2024-01-09 09:00:00,역추세 반등 (BB 하단),46612.1,46587.95245030491,1.0,1.0,
2024-01-09 09:00:00,강력한 반전 (BB 찢고 복귀),46612.1,46587.95245030491,1.5,1.0,
2024-01-09 10:00:00,강력한 반전 (BB 찢고 복귀),46600.0,46493.0268273491,1.5,1.0,
2024-01-09 13:00:00,역추세 반등 (BB 하단),46573.9,46328.687303065446,1.0,1.0,
2024-01-09 13:00:00,강력한 반전 (BB 찢고 복귀),46573.9,46328.687303065446,1.5,1.0,
2024-01-09 18:30:00,강력한 반전 (BB 찢고 복귀),46620.0,46511.50318526314,1.5,1.0,
2024-01-09 21:00:00,추세확정 (BB 상단 돌파),47994.7,,2.0,1.0,47392.92088379902
2024-01-09 21:30:00,역추세 반등 (BB 하단),45972.0,45923.325300663055,1.0,1.0,
2024-01-09 21:30:00,강력한 반전 (BB 찢고 복귀),45972.0,45923.325300663055,1.5,1.0,
2024-01-09 22:00:00,역추세 반등 (BB 하단),45593.8,45513.00422884726,1.0,1.0,
2024-01-09 22:00:00,강력한 반전 (BB 찢고 복귀),45593.8,45513.00422884726,1.5,1.0,
2024-01-10 08:00:00,역추세 반등 (BB 하단),45796.1,45765.26843721227,1.0,1.0,
2024-01-10 08:00:00,강력한 반전 (BB 찢고 복귀),45796.1,45765.26843721227,1.5,1.0,
2024-01-10 09:00:00,역추세 반등 (BB 하단),45486.0,45484.27693119046,1.0,1.0,
2024-01-10 09:00:00,강력한 반전 (BB 찢고 복귀),45486.0,45484.27693119046,1.5,1.0,
2024-01-10 09:15:00,강력한 반전 (BB 찢고 복귀),45591.6,45454.410654208965,1.5,1.0,
2024-01-10 11:45:00,강력한 반전 (BB 찢고 복귀),45544.0,45369.94131910424,1.5,1.0,
2024-01-10 13:00:00,역추세 반등 (BB 하단),45086.2,44927.71084432857,1.0,1.0,
2024-01-10 13:00:00,강력한 반전 (BB 찢고 복귀),45086.2,44927.71084432857,1.5,1.0,
2024-01-10 13:15:00,강력한 반전 (BB 찢고 복귀),45300.0,44914.220391383984,1.5,1.0,
2024-01-10 17:30:00,추세확정 (BB 상단 돌파),46318.0,,2.0,1.0,45971.02585334745
2024-01-10 22:45:00,추세확정 (BB 상단 돌파),46920.0,,2.0,1.0,46909.12103761016
2024-01-11 05:15:00,역추세 반등 (BB 하단),46330.3,46290.455260719194,1.0,1.0,
2024-01-11 05:15:00,강력한 반전 (BB 찢고 복귀),46330.3,46290.455260719194,1.5,1.0,
2024-01-11 05:45:00,역추세 반등 (BB 하단),46080.1,46114.27006107332,1.0,1.0,
2024-01-11 06:15:00,역추세 반등 (BB 하단),45780.4,45848.10565202955,1.0,1.0,
2024-01-11 06:30:00,역추세 반등 (BB 하단),45926.0,45791.29397448667,1.0,1.0,
2024-01-11 06:30:00,강력한 반전 (BB 찢고 복귀),45926.0,45791.29397448667,1.5,1.0,
2024-01-11 10:15:00,추세확정 (BB 상단 돌파),46549.0,,2.0,1.0,46540.4815969868
2024-01-11 14:00:00,추세확정 (BB 상단 돌파),47798.1,,2.0,1.0,47795.423248577135
2024-01-11 14:30:00,추세확정 (BB 상단 돌파),48586.0,,2.0,1.0,48213.21620566198
2024-01-11 16:30:00,강력한 반전 (BB 찢고 복귀),46226.0,45894.69433782123,1.5,1.0,
2024-01-12 01:30:00,역추세 반등 (BB 하단),46189.8,46044.6267955407,1.0,1.0,
2024-01-12 01:30:00,강력한 반전 (BB 찢고 복귀),46189.8,46044.6267955407,1.5,1.0,
2024-01-12 06:15:00,추세확정 (BB 상단 돌파),46367.3,,2.0,1.0,46334.07645245652
2024-01-12 07:45:00,강력한 반전 (BB 찢고 복귀),46017.3,45857.170545673165,1.5,1.0,
2024-01-12 08:45:00,역추세 반등 (BB 하단),45868.1,45702.04902775741,1.0,1.0,
2024-01-12 08:45:00,강력한 반전 (BB 찢고 복귀),45868.1,45702.04902775741,1.5,1.0,
2024-01-12 09:30:00,강력한 반전 (BB 찢고 복귀),46009.1,45601.64272962785,1.5,1.0,
2024-01-12 14:15:00,강력한 반전 (BB 찢고 복귀),45903.3,45693.71066046151,1.5,1.0,
2024-01-12 14:45:00,역추세 반등 (BB 하단),45483.1,45472.63449606822,1.0,1.0,
2024-01-12 14:45:00,강력한 반전 (BB 찢고 복귀),45483.1,45472.63449606822,1.5,1.0,
2024-01-12 16:45:00,역추세 반등 (BB 하단),43662.0,43625.06436831108,1.0,1.0,
2024-01-12 16:45:00,강력한 반전 (BB 찢고 복귀),43662.0,43625.06436831108,1.5,1.0,
2024-01-12 21:45:00,역추세 반등 (BB 하단),43479.3,43291.20778599022,1.0,1.0,
2024-01-12 22:30:00,역추세 반등 (BB 하단),42318.1,42353.59291169708,1.0,1.0,
2024-01-12 22:45:00,역추세 반등 (BB 하단),42521.8,42233.57943640891,1.0,1.0,
2024-01-12 22:45:00,강력한 반전 (BB 찢고 복귀),42521.8,42233.57943640891,1.5,1.0,
2024-01-13 05:30:00,추세확정 (BB 상단 돌파),43073.7,,2.0,1.0,43051.59627455637
2024-01-13 10:15:00,역추세 반등 (BB 하단),42830.0,42815.62640324555,1.0,1.0,
2024-01-13 10:15:00,강력한 반전 (BB 찢고 복귀),42830.0,42815.62640324555,1.5,1.0,
2024-01-13 15:00:00,추세확정 (BB 상단 돌파),42976.9,,2.0,1.0,42940.33324463004
2024-01-13 20:00:00,강력한 반전 (BB 찢고 복귀),42830.0,42724.47648912058,1.5,1.0,
2024-01-14 00:30:00,강력한 반전 (BB 찢고 복귀),42764.2,42733.40188841461,1.5,1.0,
2024-01-14 01:00:00,역추세 반등 (BB 하단),42756.2,42700.429790927534,1.0,1.0,
2024-01-14 01:00:00,강력한 반전 (BB 찢고 복귀),42756.2,42700.429790927534,1.5,1.0,
2024-01-14 04:45:00,역추세 반등 (BB 하단),42600.1,42591.869661883095,1.0,1.0,
2024-01-14 04:45:00,강력한 반전 (BB 찢고 복귀),42600.1,42591.869661883095,1.5,1.0,
2024-01-14 06:45:00,추세확정 (BB 상단 돌파),43016.5,,2.0,1.0,42973.01836473844
2024-01-14 11:15:00,역추세 반등 (BB 하단),42948.0,42830.40650484793,1.0,1.0,
2024-01-14 11:15:00,강력한 반전 (BB 찢고 복귀),42948.0,42830.40650484793,1.5,1.0,
2024-01-14 11:45:00,강력한 반전 (BB 찢고 복귀),42840.0,42804.26799880553,1.5,1.0,
2024-01-14 12:00:00,강력한 반전 (BB 찢고 복귀),42860.0,42797.55001243525,1.5,1.0,
2024-01-14 12:30:00,강력한 반전 (BB 찢고 복귀),42852.0,42772.09583201732,1.5,1.0,
2024-01-14 20:00:00,역추세 반등 (BB 하단),42669.9,42677.07141731866,1.0,1.0,
2024-01-14 20:30:00,강력한 반전 (BB 찢고 복귀),42667.0,42614.176851978504,1.5,1.0,
2024-01-14 21:00:00,역추세 반등 (BB 하단),42566.6,42512.396277606545,1.0,1.0,
2024-01-14 21:00:00,강력한 반전 (BB 찢고 복귀),42566.6,42512.396277606545,1.5,1.0,
2024-01-14 21:30:00,역추세 반등 (BB 하단),42310.0,42313.968973149975,1.0,1.0,
2024-01-14 21:45:00,역추세 반등 (BB 하단),42561.8,42295.48941809609,1.0,1.0,
2024-01-14 21:45:00,강력한 반전 (BB 찢고 복귀),42561.8,42295.48941809609,1.5,1.0,
2024-01-14 23:15:00,역추세 반등 (BB 하단),42038.2,42005.50365739032,1.0,1.0,
2024-01-14 23:15:00,강력한 반전 (BB 찢고 복귀),42038.2,42005.50365739032,1.5,1.0,
2024-01-15 00:00:00,역추세 반등 (BB 하단),42044.4,41773.40174874605,1.0,1.0,
2024-01-15 00:00:00,강력한 반전 (BB 찢고 복귀),42044.4,41773.40174874605,1.5,1.0,
2024-01-15 05:00:00,추세확정 (BB 상단 돌파),42801.9,,2.0,1.0,42780.09283113758
2024-01-15 10:30:00,강력한 반전 (BB 찢고 복귀),42708.3,42611.940564187935,1.5,1.0,
2024-01-15 11:00:00,역추세 반등 (BB 하단),42624.1,42584.71005807536,1.0,1.0,
2024-01-15 11:00:00,강력한 반전 (BB 찢고 복귀),42624.1,42584.71005807536,1.5,1.0,
2024-01-15 12:45:00,강력한 반전 (BB 찢고 복귀),42670.0,42576.23594148544,1.5,1.0,
2024-01-15 13:45:00,추세확정 (BB 상단 돌파),42866.3,,2.0,1.0,42823.137667834766
2024-01-15 15:00:00,역추세 반등 (BB 하단),42400.0,42312.94700570945,1.0,1.0,
2024-01-15 15:00:00,강력한 반전 (BB 찢고 복귀),42400.0,42312.94700570945,1.5,1.0,
2024-01-15 18:15:00,추세확정 (BB 상단 돌파),43172.5,,2.0,1.0,43019.28655058641
2024-01-15 22:15:00,강력한 반전 (BB 찢고 복귀),42594.8,42457.92102101731,1.5,1.0,
2024-01-16 03:30:00,추세확정 (BB 상단 돌파),42824.1,,2.0,1.0,42797.95796969631
2024-01-16 08:45:00,추세확정 (BB 상단 돌파),43033.6,,2.0,1.0,42998.699832178165
2024-01-16 09:15:00,추세확정 (BB 상단 돌파),43080.0,,2.0,1.0,43041.71316057661
2024-01-16 12:45:00,추세확정 (BB 상단 돌파),43160.1,,2.0,1.0,43141.98568001132
2024-01-16 14:00:00,강력한 반전 (BB 찢고 복귀),42840.8,42744.376277290954,1.5,1.0,
2024-01-16 14:45:00,역추세 반등 (BB 하단),42689.5,42442.514942524904,1.0,1.0,
2024-01-16 14:45:00,강력한 반전 (BB 찢고 복귀),42689.5,42442.514942524904,1.5,1.0,
2024-01-16 21:15:00,추세확정 (BB 상단 돌파),43462.0,,2.0,1.0,43405.58441201717
2024-01-17 04:00:00,역추세 반등 (BB 하단),42856.0,42839.06180360634,1.0,1.0,
2024-01-17 04:00:00,강력한 반전 (BB 찢고 복귀),42856.0,42839.06180360634,1.5,1.0,
2024-01-17 04:30:00,강력한 반전 (BB 찢고 복귀),42863.9,42795.59162083322,1.5,1.0,
2024-01-17 07:00:00,강력한 반전 (BB 찢고 복귀),42820.0,42715.416225598135,1.5,1.0,
2024-01-17 08:00:00,역추세 반등 (BB 하단),42666.8,42664.24083248993,1.0,1.0,
2024-01-17 08:00:00,강력한 반전 (BB 찢고 복귀),42666.8,42664.24083248993,1.5,1.0,
2024-01-17 08:15:00,강력한 반전 (BB 찢고 복귀),42703.1,42662.52692299172,1.5,1.0,
2024-01-17 08:30:00,강력한 반전 (BB 찢고 복귀),42713.1,42656.67284756755,1.5,1.0,
2024-01-17 10:00:00,강력한 반전 (BB 찢고 복귀),42700.1,42629.01827392049,1.5,1.0,
2024-01-17 12:15:00,역추세 반등 (BB 하단),42649.9,42588.565534656474,1.0,1.0,
2024-01-17 12:15:00,강력한 반전 (BB 찢고 복귀),42649.9,42588.565534656474,1.5,1.0,
2024-01-17 12:30:00,강력한 반전 (BB 찢고 복귀),42664.7,42582.279608647565,1.5,1.0,
2024-01-17 13:45:00,강력한 반전 (BB 찢고 복귀),42620.0,42561.82407260147,1.5,1.0,
2024-01-17 14:30:00,강력한 반전 (BB 찢고 복귀),42744.5,42520.999555841634,1.5,1.0,
2024-01-17 15:00:00,강력한 반전 (BB 찢고 복귀),42746.4,42508.84355897824,1.5,1.0,
2024-01-17 16:00:00,역추세 반등 (BB 하단),42490.1,42462.24128769555,1.0,1.0,
2024-01-17 16:00:00,강력한 반전 (BB 찢고 복귀),42490.1,42462.24128769555,1.5,1.0,
2024-01-17 16:45:00,역추세 반등 (BB 하단),42366.1,42325.979482050745,1.0,1.0,
2024-01-17 16:45:00,강력한 반전 (BB 찢고 복귀),42366.1,42325.979482050745,1.5,1.0,
2024-01-18 01:15:00,강력한 반전 (BB 찢고 복귀),42665.2,42589.651607235304,1.5,1.0,
2024-01-18 01:45:00,역추세 반등 (BB 하단),42587.3,42542.554982205416,1.0,1.0,
2024-01-18 01:45:00,강력한 반전 (BB 찢고 복귀),42587.3,42542.554982205416,1.5,1.0,
2024-01-18 05:30:00,추세확정 (BB 상단 돌파),42766.6,,2.0,1.0,42765.27814473764
2024-01-18 06:00:00,추세확정 (BB 상단 돌파),42855.1,,2.0,1.0,42822.85540642314
2024-01-18 07:00:00,추세확정 (BB 상단 돌파),42911.9,,2.0,1.0,42895.59152407526
2024-01-18 11:00:00,역추세 반등 (BB 하단),42490.4,42514.924350051064,1.0,1.0,
2024-01-18 11:30:00,강력한 반전 (BB 찢고 복귀),42524.0,42435.046691929216,1.5,1.0,
2024-01-18 12:15:00,강력한 반전 (BB 찢고 복귀),42473.8,42355.79294437106,1.5,1.0,
2024-01-18 14:45:00,추세확정 (BB 상단 돌파),42752.9,,2.0,1.0,42734.82294096895
2024-01-18 17:15:00,역추세 반등 (BB 하단),42122.1,41909.93275385702,1.0,1.0,
2024-01-18 17:15:00,강력한 반전 (BB 찢고 복귀),42122.1,41909.93275385702,1.5,1.0,
2024-01-18 20:30:00,강력한 반전 (BB 찢고 복귀),40993.9,40669.68804826227,1.5,1.0,
2024-01-19 02:45:00,강력한 반전 (BB 찢고 복귀),41116.6,41092.65862501185,1.5,1.0,
2024-01-19 03:30:00,역추세 반등 (BB 하단),41019.0,40981.53674828809,1.0,1.0,
2024-01-19 03:30:00,강력한 반전 (BB 찢고 복귀),41019.0,40981.53674828809,1.5,1.0,
2024-01-19 03:45:00,강력한 반전 (BB 찢고 복귀),41055.7,40967.77074268016,1.5,1.0,
2024-01-19 06:30:00,추세확정 (BB 상단 돌파),41364.3,,2.0,1.0,41363.8473357363
2024-01-19 14:45:00,역추세 반등 (BB 하단),40973.2,41013.297835937025,1.0,1.0,
2024-01-19 15:30:00,역추세 반등 (BB 하단),40847.9,40800.66641696086,1.0,1.0,
2024-01-19 15:30:00,강력한 반전 (BB 찢고 복귀),40847.9,40800.66641696086,1.5,1.0,
2024-01-19 16:45:00,역추세 반등 (BB 하단),40411.4,40384.37651024659,1.0,1.0,
2024-01-19 16:45:00,강력한 반전 (BB 찢고 복귀),40411.4,40384.37651024659,1.5,1.0,
2024-01-19 17:00:00,강력한 반전 (BB 찢고 복귀),40549.8,40328.33016984501,1.5,1.0,
2024-01-19 18:45:00,추세확정 (BB 상단 돌파),41815.1,,2.0,1.0,41685.70804765716
2024-01-20 06:30:00,추세확정 (BB 상단 돌파),41699.6,,2.0,1.0,41687.761647554646
2024-01-20 07:30:00,추세확정 (BB 상단 돌파),41737.0,,2.0,1.0,41729.10286419818
2024-01-20 08:45:00,강력한 반전 (BB 찢고 복귀),41592.0,41546.49591911971,1.5,1.0,
2024-01-20 09:30:00,역추세 반등 (BB 하단),41558.2,41508.06954224348,1.0,1.0,
2024-01-20 09:30:00,강력한 반전 (BB 찢고 복귀),41558.2,41508.06954224348,1.5,1.0,
2024-01-20 13:00:00,추세확정 (BB 상단 돌파),41666.9,,2.0,1.0,41637.0919770813
2024-01-20 19:15:00,추세확정 (BB 상단 돌파),41666.2,,2.0,1.0,41658.42772572999
2024-01-20 20:00:00,추세확정 (BB 상단 돌파),41686.8,,2.0,1.0,41678.52963739768
2024-01-20 21:00:00,추세확정 (BB 상단 돌파),41842.3,,2.0,1.0,41798.761368550004
2024-01-21 06:00:00,역추세 반등 (BB 하단),41653.6,41637.79954623547,1.0,1.0,
2024-01-21 06:00:00,강력한 반전 (BB 찢고 복귀),41653.6,41637.79954623547,1.5,1.0,
2024-01-21 07:15:00,강력한 반전 (BB 찢고 복귀),41630.9,41593.693982991776,1.5,1.0,
2024-01-21 09:45:00,추세확정 (BB 상단 돌파),41743.6,,2.0,1.0,41728.69315057938
2024-01-21 10:15:00,추세확정 (BB 상단 돌파),41793.4,,2.0,1.0,41760.58747419313
2024-01-21 15:45:00,역추세 반등 (BB 하단),41647.1,41645.907859439096,1.0,1.0,
2024-01-21 15:45:00,강력한 반전 (BB 찢고 복귀),41647.1,41645.907859439096,1.5,1.0,
2024-01-21 16:30:00,역추세 반등 (BB 하단),41624.9,41575.194881228475,1.0,1.0,
2024-01-21 16:30:00,강력한 반전 (BB 찢고 복귀),41624.9,41575.194881228475,1.5,1.0,
2024-01-21 21:45:00,추세확정 (BB 상단 돌파),41783.3,,2.0,1.0,41761.89542244356
2024-01-21 23:30:00,역추세 반등 (BB 하단),41541.4,41544.4822724327,1.0,1.0,
2024-01-21 23:45:00,역추세 반등 (BB 하단),41585.6,41533.490753554135,1.0,1.0,
2024-01-22 00:30:00,강력한 반전 (BB 찢고 복귀),41552.5,41501.942177249315,1.5,1.0,
2024-01-22 01:30:00,역추세 반등 (BB 하단),41394.1,41369.03506882842,1.0,1.0,
2024-01-22 01:30:00,강력한 반전 (BB 찢고 복귀),41394.1,41369.03506882842,1.5,1.0,
2024-01-22 03:45:00,강력한 반전 (BB 찢고 복귀),41206.8,41109.584607797406,1.5,1.0,
2024-01-22 05:00:00,역추세 반등 (BB 하단),40827.7,40805.09852573835,1.0,1.0,
2024-01-22 05:00:00,강력한 반전 (BB 찢고 복귀),40827.7,40805.09852573835,1.5,1.0,
2024-01-22 10:00:00,역추세 반등 (BB 하단),40795.7,40751.96842288183,1.0,1.0,
2024-01-22 10:00:00,강력한 반전 (BB 찢고 복귀),40795.7,40751.96842288183,1.5,1.0,
2024-01-22 10:30:00,역추세 반등 (BB 하단),40538.4,40523.819418068,1.0,1.0,
2024-01-22 10:30:00,강력한 반전 (BB 찢고 복귀),40538.4,40523.819418068,1.5,1.0,
2024-01-22 13:00:00,추세확정 (BB 상단 돌파),41171.6,,2.0,1.0,41158.57608435497
2024-01-22 15:30:00,강력한 반전 (BB 찢고 복귀),40551.0,40430.72565145892,1.5,1.0,
2024-01-22 19:45:00,역추세 반등 (BB 하단),39811.1,39782.61886641916,1.0,1.0,
2024-01-22 19:45:00,강력한 반전 (BB 찢고 복귀),39811.1,39782.61886641916,1.5,1.0,
2024-01-22 22:45:00,강력한 반전 (BB 찢고 복귀),39820.1,39507.74306222212,1.5,1.0,
2024-01-23 07:45:00,역추세 반등 (BB 하단),39776.9,39784.281337575274,1.0,1.0,
2024-01-23 09:30:00,역추세 반등 (BB 하단),39084.2,39020.90009333713,1.0,1.0,
2024-01-23 09:30:00,강력한 반전 (BB 찢고 복귀),39084.2,39020.90009333713,1.5,1.0,
2024-01-23 14:15:00,강력한 반전 (BB 찢고 복귀),38831.8,38704.673530838496,1.5,1.0,
2024-01-23 14:45:00,강력한 반전 (BB 찢고 복귀),38763.9,38661.417308948985,1.5,1.0,
2024-01-23 15:30:00,추세확정 (BB 상단 돌파),39290.2,,2.0,1.0,39184.38164806836
2024-01-23 17:30:00,추세확정 (BB 상단 돌파),39527.2,,2.0,1.0,39521.81551632466
2024-01-23 22:30:00,추세확정 (BB 상단 돌파),39557.0,,2.0,1.0,39540.1540107765
2024-01-23 23:00:00,추세확정 (BB 상단 돌파),39581.4,,2.0,1.0,39563.88548393264
2024-01-23 23:45:00,추세확정 (BB 상단 돌파),39900.1,,2.0,1.0,39825.72157454392
2024-01-24 00:45:00,추세확정 (BB 상단 돌파),40174.0,,2.0,1.0,40161.17345733268
2024-01-24 07:15:00,추세확정 (BB 상단 돌파),40099.9,,2.0,1.0,39999.77635406429
2024-01-24 10:30:00,추세확정 (BB 상단 돌파),40291.3,,2.0,1.0,40256.438423342704
2024-01-24 13:45:00,강력한 반전 (BB 찢고 복귀),39978.6,39895.23095571719,1.5,1.0,
2024-01-24 14:15:00,강력한 반전 (BB 찢고 복귀),39963.2,39845.68447655794,1.5,1.0,
2024-01-24 14:30:00,강력한 반전 (BB 찢고 복귀),40069.7,39859.6415370925,1.5,1.0,
2024-01-24 15:00:00,강력한 반전 (BB 찢고 복귀),40015.6,39837.18260128838,1.5,1.0,
2024-01-24 18:30:00,역추세 반등 (BB 하단),39850.0,39779.12543177665,1.0,1.0,
2024-01-24 18:30:00,강력한 반전 (BB 찢고 복귀),39850.0,39779.12543177665,1.5,1.0,
2024-01-24 19:00:00,강력한 반전 (BB 찢고 복귀),39805.3,39731.438814576344,1.5,1.0,
2024-01-24 19:45:00,강력한 반전 (BB 찢고 복귀),39795.7,39633.70960512275,1.5,1.0,
2024-01-24 21:00:00,강력한 반전 (BB 찢고 복귀),39695.8,39509.117949147265,1.5,1.0,
2024-01-24 23:00:00,추세확정 (BB 상단 돌파),39998.3,,2.0,1.0,39989.14939745155
2024-01-25 05:30:00,역추세 반등 (BB 하단),39853.5,39815.24977985423,1.0,1.0,
2024-01-25 05:30:00,강력한 반전 (BB 찢고 복귀),39853.5,39815.24977985423,1.5,1.0,
2024-01-25 11:00:00,추세확정 (BB 상단 돌파),40210.3,,2.0,1.0,40184.72113308239
2024-01-25 13:00:00,역추세 반등 (BB 하단),39872.8,39846.3528498823,1.0,1.0,
2024-01-25 13:00:00,강력한 반전 (BB 찢고 복귀),39872.8,39846.3528498823,1.5,1.0,
2024-01-25 13:45:00,강력한 반전 (BB 찢고 복귀),39901.3,39767.775067961535,1.5,1.0,
2024-01-25 15:45:00,강력한 반전 (BB 찢고 복귀),39791.0,39665.86690754425,1.5,1.0,
2024-01-25 17:15:00,역추세 반등 (BB 하단),39683.8,39634.19671581187,1.0,1.0,
2024-01-25 17:15:00,강력한 반전 (BB 찢고 복귀),39683.8,39634.19671581187,1.5,1.0,
2024-01-25 20:45:00,강력한 반전 (BB 찢고 복귀),39832.2,39629.81998553209,1.5,1.0,
2024-01-26 02:00:00,추세확정 (BB 상단 돌파),40050.2,,2.0,1.0,40012.19516143187
2024-01-26 07:30:00,역추세 반등 (BB 하단),39936.4,39937.65509912789,1.0,1.0,
2024-01-26 07:45:00,역추세 반등 (BB 하단),39949.5,39919.501575489616,1.0,1.0,
2024-01-26 07:45:00,강력한 반전 (BB 찢고 복귀),39949.5,39919.501575489616,1.5,1.0,
2024-01-26 09:30:00,추세확정 (BB 상단 돌파),40296.6,,2.0,1.0,40275.79796361032
2024-01-26 10:30:00,추세확정 (BB 상단 돌파),40633.1,,2.0,1.0,40435.1204449569
2024-01-26 16:00:00,추세확정 (BB 상단 돌파),41613.1,,2.0,1.0,41609.167161568126
2024-01-27 06:00:00,역추세 반등 (BB 하단),41780.1,41747.39371914664,1.0,1.0,
2024-01-27 06:00:00,강력한 반전 (BB 찢고 복귀),41780.1,41747.39371914664,1.5,1.0,
2024-01-27 07:00:00,역추세 반등 (BB 하단),41699.6,41696.03430158531,1.0,1.0,
2024-01-27 07:00:00,강력한 반전 (BB 찢고 복귀),41699.6,41696.03430158531,1.5,1.0,
2024-01-27 07:30:00,역추세 반등 (BB 하단),41666.8,41645.361491337964,1.0,1.0,
2024-01-27 07:30:00,강력한 반전 (BB 찢고 복귀),41666.8,41645.361491337964,1.5,1.0,
2024-01-27 08:15:00,역추세 반등 (BB 하단),41620.2,41587.13612356393,1.0,1.0,
2024-01-27 08:15:00,강력한 반전 (BB 찢고 복귀),41620.2,41587.13612356393,1.5,1.0,
2024-01-27 08:30:00,강력한 반전 (BB 찢고 복귀),41625.6,41571.87259971358,1.5,1.0,
2024-01-27 09:00:00,역추세 반등 (BB 하단),41520.9,41484.42400456769,1.0,1.0,
2024-01-27 09:00:00,강력한 반전 (BB 찢고 복귀),41520.9,41484.42400456769,1.5,1.0,
2024-01-27 14:30:00,추세확정 (BB 상단 돌파),41799.9,,2.0,1.0,41799.747927641845
2024-01-27 15:15:00,추세확정 (BB 상단 돌파),41830.7,,2.0,1.0,41806.12513889577
2024-01-27 19:30:00,추세확정 (BB 상단 돌파),41906.6,,2.0,1.0,41890.328192371344
2024-01-27 20:00:00,추세확정 (BB 상단 돌파),41923.1,,2.0,1.0,41916.27811648655
2024-01-27 21:15:00,추세확정 (BB 상단 돌파),42081.9,,2.0,1.0,42073.06559878157
2024-01-28 00:45:00,강력한 반전 (BB 찢고 복귀),41969.9,41908.24510619941,1.5,1.0,
2024-01-28 03:45:00,추세확정 (BB 상단 돌파),42204.1,,2.0,1.0,42202.719290237335
2024-01-28 12:15:00,강력한 반전 (BB 찢고 복귀),42393.2,42302.96143759035,1.5,1.0,
2024-01-28 13:15:00,강력한 반전 (BB 찢고 복귀),42354.7,42285.60141292245,1.5,1.0,
2024-01-28 13:30:00,강력한 반전 (BB 찢고 복귀),42389.5,42279.71933200121,1.5,1.0,
2024-01-28 15:45:00,역추세 반등 (BB 하단),42242.1,42222.05373576163,1.0,1.0,
2024-01-28 15:45:00,강력한 반전 (BB 찢고 복귀),42242.1,42222.05373576163,1.5,1.0,
2024-01-28 16:30:00,강력한 반전 (BB 찢고 복귀),42291.8,42209.081103463264,1.5,1.0,
2024-01-28 18:30:00,역추세 반등 (BB 하단),42050.9,41992.211722568696,1.0,1.0,
2024-01-28 18:30:00,강력한 반전 (BB 찢고 복귀),42050.9,41992.211722568696,1.5,1.0,
2024-01-28 19:00:00,강력한 반전 (BB 찢고 복귀),41991.0,41918.79947022665,1.5,1.0,
2024-01-28 20:15:00,역추세 반등 (BB 하단),41768.7,41670.64047798242,1.0,1.0,
2024-01-28 20:15:00,강력한 반전 (BB 찢고 복귀),41768.7,41670.64047798242,1.5,1.0,
2024-01-29 01:15:00,추세확정 (BB 상단 돌파),42179.8,,2.0,1.0,42122.51037110708
2024-01-29 08:15:00,강력한 반전 (BB 찢고 복귀),42013.9,41964.713890703606,1.5,1.0,
2024-01-29 08:30:00,강력한 반전 (BB 찢고 복귀),42055.4,41981.32207925534,1.5,1.0,
2024-01-29 10:30:00,추세확정 (BB 상단 돌파),42343.2,,2.0,1.0,42335.966488678154
2024-01-29 13:30:00,강력한 반전 (BB 찢고 복귀),42045.1,41965.89815874786,1.5,1.0,
2024-01-29 14:45:00,강력한 반전 (BB 찢고 복귀),41929.2,41840.419711487826,1.5,1.0,
2024-01-29 15:45:00,추세확정 (BB 상단 돌파),42637.6,,2.0,1.0,42467.18944085092
2024-01-29 23:30:00,추세확정 (BB 상단 돌파),43245.0,,2.0,1.0,43226.18435049359
2024-01-30 01:00:00,추세확정 (BB 상단 돌파),43364.8,,2.0,1.0,43323.2552475923
2024-01-30 02:00:00,추세확정 (BB 상단 돌파),43562.5,,2.0,1.0,43516.40357627152
2024-01-30 02:30:00,추세확정 (BB 상단 돌파),43714.5,,2.0,1.0,43643.35224291123
2024-01-30 10:00:00,강력한 반전 (BB 찢고 복귀),43309.4,43290.95525298287,1.5,1.0,
2024-01-30 10:45:00,추세확정 (BB 상단 돌파),43470.1,,2.0,1.0,43461.91824390171
2024-01-30 11:45:00,추세확정 (BB 상단 돌파),43519.7,,2.0,1.0,43515.851155025164
2024-01-30 12:45:00,강력한 반전 (BB 찢고 복귀),43377.1,43258.38117833271,1.5,1.0,
2024-01-30 13:30:00,역추세 반등 (BB 하단),43220.0,43167.06822731663,1.0,1.0,
2024-01-30 13:30:00,강력한 반전 (BB 찢고 복귀),43220.0,43167.06822731663,1.5,1.0,
2024-01-30 20:15:00,추세확정 (BB 상단 돌파),43663.3,,2.0,1.0,43592.69522959303
2024-01-30 23:45:00,역추세 반등 (BB 하단),42919.0,42866.271457410134,1.0,1.0,
2024-01-30 23:45:00,강력한 반전 (BB 찢고 복귀),42919.0,42866.271457410134,1.5,1.0,
2024-01-31 07:30:00,추세확정 (BB 상단 돌파),43027.9,,2.0,1.0,43025.652880208276
2024-01-31 09:30:00,역추세 반등 (BB 하단),42839.9,42812.26531521104,1.0,1.0,
2024-01-31 09:30:00,강력한 반전 (BB 찢고 복귀),42839.9,42812.26531521104,1.5,1.0,
2024-01-31 10:00:00,역추세 반등 (BB 하단),42674.0,42694.086155670215,1.0,1.0,
2024-01-31 10:15:00,역추세 반등 (BB 하단),42732.3,42670.32724651832,1.0,1.0,
2024-01-31 10:15:00,강력한 반전 (BB 찢고 복귀),42732.3,42670.32724651832,1.5,1.0,
2024-01-31 11:00:00,역추세 반등 (BB 하단),42488.1,42452.18946381156,1.0,1.0,
2024-01-31 11:00:00,강력한 반전 (BB 찢고 복귀),42488.1,42452.18946381156,1.5,1.0,
2024-01-31 15:15:00,추세확정 (BB 상단 돌파),43002.4,,2.0,1.0,42955.950954084554
2024-01-31 20:15:00,역추세 반등 (BB 하단),43008.7,42996.57433598511,1.0,1.0,
2024-01-31 20:15:00,강력한 반전 (BB 찢고 복귀),43008.7,42996.57433598511,1.5,1.0,
2024-01-31 21:00:00,역추세 반등 (BB 하단),42581.1,42576.732119754306,1.0,1.0,
2024-01-31 21:00:00,강력한 반전 (BB 찢고 복귀),42581.1,42576.732119754306,1.5,1.0,
2024-01-31 21:30:00,역추세 반등 (BB 하단),42402.1,42273.94806147067,1.0,1.0,
2024-01-31 21:30:00,강력한 반전 (BB 찢고 복귀),42402.1,42273.94806147067,1.5,1.0,
2024-02-01 01:30:00,역추세 반등 (BB 하단),42028.0,42079.735371686395,1.0,1.0,
2024-02-01 02:00:00,역추세 반등 (BB 하단),42093.4,41952.632825868204,1.0,1.0,
2024-02-01 02:00:00,강력한 반전 (BB 찢고 복귀),42093.4,41952.632825868204,1.5,1.0,
2024-02-01 07:30:00,추세확정 (BB 상단 돌파),42267.5,,2.0,1.0,42265.68218140353
2024-02-01 12:00:00,역추세 반등 (BB 하단),42152.5,42094.813454802206,1.0,1.0,
2024-02-01 12:00:00,강력한 반전 (BB 찢고 복귀),42152.5,42094.813454802206,1.5,1.0,
2024-02-01 12:15:00,강력한 반전 (BB 찢고 복귀),42190.8,42094.0828259168,1.5,1.0,
2024-02-01 13:15:00,역추세 반등 (BB 하단),42159.9,42055.895915763416,1.0,1.0,
2024-02-01 13:15:00,강력한 반전 (BB 찢고 복귀),42159.9,42055.895915763416,1.5,1.0,
2024-02-01 14:15:00,추세확정 (BB 상단 돌파),42361.9,,2.0,1.0,42332.46579516169
2024-02-01 19:45:00,추세확정 (BB 상단 돌파),43201.1,,2.0,1.0,43194.89928269726
2024-02-02 00:15:00,추세확정 (BB 상단 돌파),43269.4,,2.0,1.0,43239.389440775165
2024-02-02 06:15:00,추세확정 (BB 상단 돌파),43184.5,,2.0,1.0,43173.789410771176
2024-02-02 14:00:00,역추세 반등 (BB 하단),42742.4,42754.65719713047,1.0,1.0,
2024-02-02 14:30:00,역추세 반등 (BB 하단),42760.1,42667.20717937633,1.0,1.0,
2024-02-02 22:15:00,추세확정 (BB 상단 돌파),43128.5,,2.0,1.0,43100.338229626446
2024-02-02 22:45:00,추세확정 (BB 상단 돌파),43178.9,,2.0,1.0,43153.141846532184
2024-02-03 00:15:00,추세확정 (BB 상단 돌파),43332.0,,2.0,1.0,43274.2493522553
2024-02-03 05:30:00,강력한 반전 (BB 찢고 복귀),43098.4,43082.860908024006,1.5,1.0,
2024-02-03 11:30:00,역추세 반등 (BB 하단),43009.0,42986.325976872184,1.0,1.0,
2024-02-03 11:30:00,강력한 반전 (BB 찢고 복귀),43009.0,42986.325976872184,1.5,1.0,
2024-02-03 12:00:00,강력한 반전 (BB 찢고 복귀),43009.7,42973.11420568053,1.5,1.0,
2024-02-03 15:15:00,역추세 반등 (BB 하단),43088.7,42966.014604877295,1.0,1.0,
2024-02-03 15:15:00,강력한 반전 (BB 찢고 복귀),43088.7,42966.014604877295,1.5,1.0,
2024-02-03 15:30:00,추세확정 (BB 상단 돌파),43124.4,,2.0,1.0,43110.17908728915
2024-02-03 16:00:00,추세확정 (BB 상단 돌파),43137.0,,2.0,1.0,43133.331923656675
2024-02-03 17:30:00,추세확정 (BB 상단 돌파),43176.9,,2.0,1.0,43167.21377135405
2024-02-03 23:45:00,역추세 반등 (BB 하단),42991.8,42968.69105455188,1.0,1.0,
2024-02-03 23:45:00,강력한 반전 (BB 찢고 복귀),42991.8,42968.69105455188,1.5,1.0,
2024-02-04 00:30:00,역추세 반등 (BB 하단),42969.1,42924.63635405201,1.0,1.0,
2024-02-04 00:30:00,강력한 반전 (BB 찢고 복귀),42969.1,42924.63635405201,1.5,1.0,
2024-02-04 05:00:00,강력한 반전 (BB 찢고 복귀),42933.4,42887.61233593651,1.5,1.0,
2024-02-04 06:00:00,강력한 반전 (BB 찢고 복귀),42900.3,42854.484054996516,1.5,1.0,
2024-02-04 07:00:00,역추세 반등 (BB 하단),42787.0,42746.28524204271,1.0,1.0,
2024-02-04 07:00:00,강력한 반전 (BB 찢고 복귀),42787.0,42746.28524204271,1.5,1.0,
2024-02-04 11:00:00,추세확정 (BB 상단 돌파),42994.9,,2.0,1.0,42982.63177420331
2024-02-04 15:00:00,역추세 반등 (BB 하단),42905.3,42864.393734629106,1.0,1.0,
2024-02-04 15:00:00,강력한 반전 (BB 찢고 복귀),42905.3,42864.393734629106,1.5,1.0,
2024-02-04 19:15:00,역추세 반등 (BB 하단),42636.2,42676.007041234145,1.0,1.0,
2024-02-04 19:30:00,역추세 반등 (BB 하단),42649.3,42644.76215676861,1.0,1.0,
2024-02-04 19:30:00,강력한 반전 (BB 찢고 복귀),42649.3,42644.76215676861,1.5,1.0,
2024-02-04 22:45:00,역추세 반등 (BB 하단),42549.6,42472.981054170225,1.0,1.0,
2024-02-05 01:15:00,역추세 반등 (BB 하단),42403.9,42256.86475122093,1.0,1.0,
2024-02-05 03:45:00,추세확정 (BB 상단 돌파),42700.1,,2.0,1.0,42697.91054945065
2024-02-05 04:15:00,추세확정 (BB 상단 돌파),42742.3,,2.0,1.0,42741.802422962886
2024-02-05 07:30:00,추세확정 (BB 상단 돌파),43045.7,,2.0,1.0,42966.46962313545
2024-02-05 13:15:00,추세확정 (BB 상단 돌파),43366.1,,2.0,1.0,43337.77101834556
2024-02-05 16:00:00,역추세 반등 (BB 하단),42639.3,42642.61096990073,1.0,1.0,
2024-02-05 16:30:00,역추세 반등 (BB 하단),42562.5,42468.76125439855,1.0,1.0,
2024-02-05 20:30:00,역추세 반등 (BB 하단),42433.6,42429.30090767032,1.0,1.0,
2024-02-05 20:30:00,강력한 반전 (BB 찢고 복귀),42433.6,42429.30090767032,1.5,1.0,
2024-02-06 02:30:00,추세확정 (BB 상단 돌파),42891.8,,2.0,1.0,42873.79380812988
2024-02-06 08:00:00,추세확정 (BB 상단 돌파),42945.9,,2.0,1.0,42936.51795192789
2024-02-06 08:30:00,추세확정 (BB 상단 돌파),43031.3,,2.0,1.0,42985.29549951351
2024-02-06 14:30:00,추세확정 (BB 상단 돌파),43002.1,,2.0,1.0,42990.76381738165
2024-02-06 15:15:00,추세확정 (BB 상단 돌파),43169.9,,2.0,1.0,43057.91799760857
2024-02-06 16:15:00,추세확정 (BB 상단 돌파),43340.1,,2.0,1.0,43292.09261654993
2024-02-06 23:30:00,강력한 반전 (BB 찢고 복귀),43110.1,43053.05923235393,1.5,1.0,
2024-02-07 02:30:00,강력한 반전 (BB 찢고 복귀),43042.0,43007.28619684165,1.5,1.0,
2024-02-07 04:00:00,역추세 반등 (BB 하단),42851.1,42826.02793389954,1.0,1.0,
2024-02-07 04:00:00,강력한 반전 (BB 찢고 복귀),42851.1,42826.02793389954,1.5,1.0,
2024-02-07 09:30:00,추세확정 (BB 상단 돌파),43157.6,,2.0,1.0,43060.859230750684
2024-02-07 16:45:00,추세확정 (BB 상단 돌파),43224.9,,2.0,1.0,43221.11391372833
2024-02-07 18:15:00,추세확정 (BB 상단 돌파),43596.3,,2.0,1.0,43591.81468740184
2024-02-07 20:15:00,추세확정 (BB 상단 돌파),44033.2,,2.0,1.0,43973.93518034253
2024-02-08 00:45:00,추세확정 (BB 상단 돌파),44652.2,,2.0,1.0,44589.521085466564
2024-02-08 07:00:00,강력한 반전 (BB 찢고 복귀),44459.8,44421.33493464799,1.5,1.0,
2024-02-08 08:30:00,추세확정 (BB 상단 돌파),44677.0,,2.0,1.0,44644.16903176831
2024-02-08 10:00:00,추세확정 (BB 상단 돌파),44755.7,,2.0,1.0,44755.6106594636
2024-02-08 13:45:00,추세확정 (BB 상단 돌파),44959.1,,2.0,1.0,44907.06173051843
2024-02-08 15:15:00,추세확정 (BB 상단 돌파),45343.0,,2.0,1.0,45224.86269213402
2024-02-09 01:45:00,추세확정 (BB 상단 돌파),45466.5,,2.0,1.0,45440.233616113546
2024-02-09 08:15:00,추세확정 (BB 상단 돌파),46474.0,,2.0,1.0,46439.177967413445
2024-02-09 08:45:00,추세확정 (BB 상단 돌파),46631.2,,2.0,1.0,46564.70810804868
2024-02-09 11:30:00,추세확정 (BB 상단 돌파),46986.6,,2.0,1.0,46944.65333754591
2024-02-09 12:30:00,추세확정 (BB 상단 돌파),47433.0,,2.0,1.0,47418.058018580494
2024-02-09 18:15:00,추세확정 (BB 상단 돌파),48068.2,,2.0,1.0,47935.21881346468
2024-02-10 03:00:00,추세확정 (BB 상단 돌파),47430.4,,2.0,1.0,47427.80030639838
2024-02-10 07:30:00,강력한 반전 (BB 찢고 복귀),47272.5,47237.313756736025,1.5,1.0,
2024-02-10 08:00:00,역추세 반등 (BB 하단),47238.0,47186.19338822704,1.0,1.0,
2024-02-10 08:00:00,강력한 반전 (BB 찢고 복귀),47238.0,47186.19338822704,1.5,1.0,
2024-02-10 09:00:00,역추세 반등 (BB 하단),47091.4,47076.29430977402,1.0,1.0,
2024-02-10 09:00:00,강력한 반전 (BB 찢고 복귀),47091.4,47076.29430977402,1.5,1.0,
2024-02-10 11:00:00,역추세 반등 (BB 하단),46956.3,46925.12382222606,1.0,1.0,
2024-02-10 11:00:00,강력한 반전 (BB 찢고 복귀),46956.3,46925.12382222606,1.5,1.0,
2024-02-10 19:15:00,추세확정 (BB 상단 돌파),47478.6,,2.0,1.0,47411.403128656784
2024-02-10 20:30:00,추세확정 (BB 상단 돌파),47900.1,,2.0,1.0,47734.0386349619
2024-02-10 21:15:00,추세확정 (BB 상단 돌파),48065.2,,2.0,1.0,48005.37627326531
2024-02-11 03:00:00,추세확정 (BB 상단 돌파),47910.8,,2.0,1.0,47872.44983430321
2024-02-11 10:45:00,강력한 반전 (BB 찢고 복귀),48160.5,48074.869376724484,1.5,1.0,
2024-02-11 11:15:00,추세확정 (BB 상단 돌파),48374.0,,2.0,1.0,48328.123992557084
2024-02-11 11:45:00,추세확정 (BB 상단 돌파),48422.7,,2.0,1.0,48375.68940978595
2024-02-12 00:15:00,추세확정 (BB 상단 돌파),48740.1,,2.0,1.0,48532.46237413081
2024-02-12 06:45:00,강력한 반전 (BB 찢고 복귀),48163.1,47977.66227936684,1.5,1.0,
2024-02-12 07:15:00,추세확정 (BB 상단 돌파),48358.7,,2.0,1.0,48283.597802935226
2024-02-12 10:00:00,역추세 반등 (BB 하단),47985.3,47917.498284145295,1.0,1.0,
2024-02-12 10:00:00,강력한 반전 (BB 찢고 복귀),47985.3,47917.498284145295,1.5,1.0,
2024-02-12 14:00:00,추세확정 (BB 상단 돌파),48126.9,,2.0,1.0,48118.12833056504
2024-02-12 21:00:00,추세확정 (BB 상단 돌파),50289.6,,2.0,1.0,50255.34698571713
2024-02-13 02:45:00,강력한 반전 (BB 찢고 복귀),49972.2,49882.620106212045,1.5,1.0,
2024-02-13 03:45:00,역추세 반등 (BB 하단),49819.0,49787.101155356875,1.0,1.0,
2024-02-13 03:45:00,강력한 반전 (BB 찢고 복귀),49819.0,49787.101155356875,1.5,1.0,
2024-02-13 11:15:00,역추세 반등 (BB 하단),49832.0,49795.583861935054,1.0,1.0,
2024-02-13 11:15:00,강력한 반전 (BB 찢고 복귀),49832.0,49795.583861935054,1.5,1.0,
2024-02-13 15:15:00,역추세 반등 (BB 하단),48970.1,48575.93457820098,1.0,1.0,
2024-02-13 15:15:00,강력한 반전 (BB 찢고 복귀),48970.1,48575.93457820098,1.5,1.0,
2024-02-14 04:45:00,강력한 반전 (BB 찢고 복귀),49405.9,49352.23232902599,1.5,1.0,
2024-02-14 06:00:00,추세확정 (BB 상단 돌파),49654.0,,2.0,1.0,49653.125552398364
2024-02-14 07:15:00,추세확정 (BB 상단 돌파),49872.5,,2.0,1.0,49782.24115288331
2024-02-14 08:45:00,추세확정 (BB 상단 돌파),50816.1,,2.0,1.0,50307.80082449477
2024-02-14 16:15:00,강력한 반전 (BB 찢고 복귀),51542.5,51375.75665466584,1.5,1.0,
2024-02-14 18:15:00,강력한 반전 (BB 찢고 복귀),51489.5,51412.10366150775,1.5,1.0,
2024-02-14 19:15:00,강력한 반전 (BB 찢고 복귀),51474.2,51310.950307227344,1.5,1.0,
2024-02-15 00:15:00,추세확정 (BB 상단 돌파),52310.1,,2.0,1.0,52095.03412222842
2024-02-15 07:45:00,역추세 반등 (BB 하단),51817.3,51768.68077945289,1.0,1.0,
2024-02-15 07:45:00,강력한 반전 (BB 찢고 복귀),51817.3,51768.68077945289,1.5,1.0,
2024-02-15 08:00:00,강력한 반전 (BB 찢고 복귀),51827.5,51726.04129683481,1.5,1.0,
2024-02-15 10:00:00,추세확정 (BB 상단 돌파),52317.6,,2.0,1.0,52314.012118387574
2024-02-15 14:00:00,강력한 반전 (BB 찢고 복귀),52270.0,52135.39290912739,1.5,1.0,
2024-02-15 14:15:00,강력한 반전 (BB 찢고 복귀),52458.4,52159.222165025596,1.5,1.0,
2024-02-15 14:30:00,추세확정 (BB 상단 돌파),52637.0,,2.0,1.0,52535.96351901869
2024-02-15 16:15:00,역추세 반등 (BB 하단),52302.5,51874.91766228269,1.0,1.0,
2024-02-15 16:15:00,강력한 반전 (BB 찢고 복귀),52302.5,51874.91766228269,1.5,1.0,
2024-02-15 21:00:00,강력한 반전 (BB 찢고 복귀),51788.0,51616.99691846295,1.5,1.0,
2024-02-15 22:00:00,역추세 반등 (BB 하단),51600.1,51423.20370445503,1.0,1.0,
2024-02-15 22:00:00,강력한 반전 (BB 찢고 복귀),51600.1,51423.20370445503,1.5,1.0,
2024-02-16 03:30:00,추세확정 (BB 상단 돌파),52354.0,,2.0,1.0,52352.82911451659
2024-02-16 07:00:00,역추세 반등 (BB 하단),51940.8,51939.12789650744,1.0,1.0,
2024-02-16 07:00:00,강력한 반전 (BB 찢고 복귀),51940.8,51939.12789650744,1.5,1.0,
2024-02-16 07:15:00,강력한 반전 (BB 찢고 복귀),51984.9,51923.76614557154,1.5,1.0,
2024-02-16 08:00:00,역추세 반등 (BB 하단),51864.7,51786.36280110672,1.0,1.0,
2024-02-16 08:00:00,강력한 반전 (BB 찢고 복귀),51864.7,51786.36280110672,1.5,1.0,
2024-02-16 10:45:00,추세확정 (BB 상단 돌파),52330.8,,2.0,1.0,52239.36163043843
2024-02-16 11:15:00,추세확정 (BB 상단 돌파),52299.0,,2.0,1.0,52297.04108647296
2024-02-16 15:15:00,역추세 반등 (BB 하단),51852.0,51830.71523227546,1.0,1.0,
2024-02-16 15:15:00,강력한 반전 (BB 찢고 복귀),51852.0,51830.71523227546,1.5,1.0,
2024-02-16 20:00:00,강력한 반전 (BB 찢고 복귀),51828.9,51749.123030918505,1.5,1.0,
2024-02-16 23:15:00,추세확정 (BB 상단 돌파),52129.6,,2.0,1.0,52112.25029606982
2024-02-17 05:30:00,강력한 반전 (BB 찢고 복귀),51916.5,51887.00934429304,1.5,1.0,
2024-02-17 09:15:00,역추세 반등 (BB 하단),51760.0,51738.913454869245,1.0,1.0,
2024-02-17 09:15:00,강력한 반전 (BB 찢고 복귀),51760.0,51738.913454869245,1.5,1.0,
2024-02-17 10:30:00,역추세 반등 (BB 하단),51661.7,51596.60684695639,1.0,1.0,
2024-02-17 14:00:00,역추세 반등 (BB 하단),51240.0,51255.76644013318,1.0,1.0,
2024-02-17 14:15:00,역추세 반등 (BB 하단),51245.1,51199.66976153845,1.0,1.0,
2024-02-17 14:15:00,강력한 반전 (BB 찢고 복귀),51245.1,51199.66976153845,1.5,1.0,
2024-02-17 14:45:00,역추세 반등 (BB 하단),50883.8,50913.10179161513,1.0,1.0,
2024-02-17 21:15:00,추세확정 (BB 상단 돌파),51895.5,,2.0,1.0,51750.731561990404
2024-02-18 02:15:00,역추세 반등 (BB 하단),51546.1,51501.89450899792,1.0,1.0,
2024-02-18 03:00:00,역추세 반등 (BB 하단),51361.7,51352.27183276695,1.0,1.0,
2024-02-18 03:00:00,강력한 반전 (BB 찢고 복귀),51361.7,51352.27183276695,1.5,1.0,
2024-02-18 03:15:00,강력한 반전 (BB 찢고 복귀),51398.2,51329.60093195902,1.5,1.0,
2024-02-18 08:45:00,추세확정 (BB 상단 돌파),51816.2,,2.0,1.0,51792.90307750458
2024-02-18 09:30:00,추세확정 (BB 상단 돌파),51936.5,,2.0,1.0,51929.788822522954
2024-02-18 13:00:00,역추세 반등 (BB 하단),51606.0,51609.59911545276,1.0,1.0,
2024-02-18 13:15:00,역추세 반등 (BB 하단),51655.6,51598.97510852731,1.0,1.0,
2024-02-18 13:15:00,강력한 반전 (BB 찢고 복귀),51655.6,51598.97510852731,1.5,1.0,
2024-02-18 22:00:00,추세확정 (BB 상단 돌파),52250.1,,2.0,1.0,52089.084949336255
2024-02-18 22:45:00,추세확정 (BB 상단 돌파),52278.1,,2.0,1.0,52263.91144073017
2024-02-19 06:00:00,추세확정 (BB 상단 돌파),52390.1,,2.0,1.0,52307.00937413022
2024-02-19 14:00:00,역추세 반등 (BB 하단),52237.2,52187.948324219964,1.0,1.0,
2024-02-19 14:00:00,강력한 반전 (BB 찢고 복귀),52237.2,52187.948324219964,1.5,1.0,
2024-02-19 14:30:00,역추세 반등 (BB 하단),52110.0,52108.35040546451,1.0,1.0,
2024-02-19 14:30:00,강력한 반전 (BB 찢고 복귀),52110.0,52108.35040546451,1.5,1.0,
2024-02-19 14:45:00,강력한 반전 (BB 찢고 복귀),52130.1,52083.98742867028,1.5,1.0,
2024-02-19 17:00:00,역추세 반등 (BB 하단),51902.6,51882.11446213656,1.0,1.0,
2024-02-19 17:00:00,강력한 반전 (BB 찢고 복귀),51902.6,51882.11446213656,1.5,1.0,
2024-02-19 19:15:00,역추세 반등 (BB 하단),51864.4,51810.55150390879,1.0,1.0,
2024-02-19 23:45:00,강력한 반전 (BB 찢고 복귀),51814.9,51732.88626092202,1.5,1.0,
2024-02-20 00:45:00,역추세 반등 (BB 하단),51663.5,51637.72658664209,1.0,1.0,
2024-02-20 00:45:00,강력한 반전 (BB 찢고 복귀),51663.5,51637.72658664209,1.5,1.0,
2024-02-20 01:00:00,강력한 반전 (BB 찢고 복귀),51713.2,51620.79341638444,1.5,1.0,
2024-02-20 01:30:00,역추세 반등 (BB 하단),51587.5,51507.77396335815,1.0,1.0,
2024-02-20 01:30:00,강력한 반전 (BB 찢고 복귀),51587.5,51507.77396335815,1.5,1.0,
2024-02-20 05:15:00,추세확정 (BB 상단 돌파),51954.9,,2.0,1.0,51920.068844595175
2024-02-20 06:00:00,추세확정 (BB 상단 돌파),52062.1,,2.0,1.0,52057.86523039551
2024-02-20 09:30:00,역추세 반등 (BB 하단),51646.4,51641.00199383597,1.0,1.0,
2024-02-20 09:30:00,강력한 반전 (BB 찢고 복귀),51646.4,51641.00199383597,1.5,1.0,
2024-02-20 09:45:00,강력한 반전 (BB 찢고 복귀),51781.5,51636.00913969288,1.5,1.0,
2024-02-20 11:00:00,추세확정 (BB 상단 돌파),52334.3,,2.0,1.0,52267.3487323495
2024-02-20 13:30:00,추세확정 (BB 상단 돌파),52939.9,,2.0,1.0,52803.36905155536
2024-02-20 15:30:00,역추세 반등 (BB 하단),51708.9,51592.826991581525,1.0,1.0,
2024-02-20 15:30:00,강력한 반전 (BB 찢고 복귀),51708.9,51592.826991581525,1.5,1.0,
2024-02-20 19:45:00,추세확정 (BB 상단 돌파),52136.6,,2.0,1.0,52103.66311133745
2024-02-21 06:00:00,강력한 반전 (BB 찢고 복귀),51902.8,51837.10019718833,1.5,1.0,
2024-02-21 07:15:00,역추세 반등 (BB 하단),51776.6,51669.878862784775,1.0,1.0,
2024-02-21 07:15:00,강력한 반전 (BB 찢고 복귀),51776.6,51669.878862784775,1.5,1.0,
2024-02-21 08:00:00,역추세 반등 (BB 하단),51625.7,51542.811565863194,1.0,1.0,
2024-02-21 08:00:00,강력한 반전 (BB 찢고 복귀),51625.7,51542.811565863194,1.5,1.0,
2024-02-21 10:15:00,역추세 반등 (BB 하단),51278.9,51088.90919649377,1.0,1.0,
2024-02-21 10:15:00,강력한 반전 (BB 찢고 복귀),51278.9,51088.90919649377,1.5,1.0,
2024-02-21 11:45:00,강력한 반전 (BB 찢고 복귀),50965.7,50840.3348477196,1.5,1.0,
2024-02-21 12:00:00,강력한 반전 (BB 찢고 복귀),51100.0,50811.584365426075,1.5,1.0,
2024-02-21 14:30:00,강력한 반전 (BB 찢고 복귀),51091.0,50898.91715533804,1.5,1.0,
2024-02-21 18:00:00,강력한 반전 (BB 찢고 복귀),51078.2,50860.04228945025,1.5,1.0,
2024-02-21 19:00:00,강력한 반전 (BB 찢고 복귀),50932.7,50751.02089065661,1.5,1.0,
2024-02-21 23:45:00,추세확정 (BB 상단 돌파),51875.2,,2.0,1.0,51854.671270703286
2024-02-22 06:30:00,추세확정 (BB 상단 돌파),51759.2,,2.0,1.0,51753.773780588504
2024-02-22 07:15:00,추세확정 (BB 상단 돌파),51875.0,,2.0,1.0,51837.92847479215
2024-02-22 11:45:00,역추세 반등 (BB 하단),51646.7,51591.04990351326,1.0,1.0,
2024-02-22 11:45:00,강력한 반전 (BB 찢고 복귀),51646.7,51591.04990351326,1.5,1.0,
2024-02-22 12:45:00,역추세 반등 (BB 하단),51545.2,51493.989982400155,1.0,1.0,
2024-02-22 12:45:00,강력한 반전 (BB 찢고 복귀),51545.2,51493.989982400155,1.5,1.0,
2024-02-22 13:45:00,역추세 반등 (BB 하단),51180.0,51142.61926097076,1.0,1.0,
2024-02-22 13:45:00,강력한 반전 (BB 찢고 복귀),51180.0,51142.61926097076,1.5,1.0,
2024-02-22 14:00:00,강력한 반전 (BB 찢고 복귀),51239.6,51090.440652756086,1.5,1.0,
2024-02-22 20:15:00,추세확정 (BB 상단 돌파),51949.9,,2.0,1.0,51848.830590293124
2024-02-22 22:30:00,역추세 반등 (BB 하단),51400.1,51296.15487994947,1.0,1.0,
2024-02-22 22:30:00,강력한 반전 (BB 찢고 복귀),51400.1,51296.15487994947,1.5,1.0,
2024-02-23 03:15:00,역추세 반등 (BB 하단),51070.0,51082.572248985045,1.0,1.0,
2024-02-23 03:30:00,역추세 반등 (BB 하단),51114.5,51050.41239642237,1.0,1.0,
2024-02-23 03:30:00,강력한 반전 (BB 찢고 복귀),51114.5,51050.41239642237,1.5,1.0,
2024-02-23 08:00:00,역추세 반등 (BB 하단),51205.8,51008.93702651117,1.0,1.0,
2024-02-23 08:00:00,강력한 반전 (BB 찢고 복귀),51205.8,51008.93702651117,1.5,1.0,
2024-02-23 09:00:00,강력한 반전 (BB 찢고 복귀),51017.4,50952.342548737295,1.5,1.0,
2024-02-23 14:45:00,강력한 반전 (BB 찢고 복귀),51151.9,50902.636896742486,1.5,1.0,
2024-02-23 16:15:00,역추세 반등 (BB 하단),50880.1,50760.97074666603,1.0,1.0,
2024-02-23 16:15:00,강력한 반전 (BB 찢고 복귀),50880.1,50760.97074666603,1.5,1.0,
2024-02-23 23:15:00,역추세 반등 (BB 하단),50810.1,50735.54720736459,1.0,1.0,
2024-02-23 23:15:00,강력한 반전 (BB 찢고 복귀),50810.1,50735.54720736459,1.5,1.0,
2024-02-24 04:30:00,추세확정 (BB 상단 돌파),51021.6,,2.0,1.0,51007.990608209315
2024-02-24 10:00:00,추세확정 (BB 상단 돌파),51181.9,,2.0,1.0,51154.287574387905
2024-02-24 16:45:00,추세확정 (BB 상단 돌파),51253.5,,2.0,1.0,51245.93938950357
2024-02-25 01:45:00,추세확정 (BB 상단 돌파),51712.5,,2.0,1.0,51708.74929164469
2024-02-25 13:15:00,강력한 반전 (BB 찢고 복귀),51626.3,51577.80084977025,1.5,1.0,
2024-02-25 14:30:00,추세확정 (BB 상단 돌파),51780.5,,2.0,1.0,51746.00519133797
2024-02-25 15:00:00,추세확정 (BB 상단 돌파),51788.0,,2.0,1.0,51781.98882114441
2024-02-25 16:00:00,강력한 반전 (BB 찢고 복귀),51616.9,51533.5214148727,1.5,1.0,
2024-02-25 16:45:00,역추세 반등 (BB 하단),51393.0,51403.118832581305,1.0,1.0,
2024-02-25 17:00:00,역추세 반등 (BB 하단),51411.7,51372.046863397656,1.0,1.0,
2024-02-25 20:00:00,추세확정 (BB 상단 돌파),51935.8,,2.0,1.0,51838.98068918505
2024-02-26 01:30:00,역추세 반등 (BB 하단),51555.7,51546.857288484614,1.0,1.0,
2024-02-26 01:30:00,강력한 반전 (BB 찢고 복귀),51555.7,51546.857288484614,1.5,1.0,
2024-02-26 02:00:00,역추세 반등 (BB 하단),51549.5,51482.83931400852,1.0,1.0,
2024-02-26 02:00:00,강력한 반전 (BB 찢고 복귀),51549.5,51482.83931400852,1.5,1.0,
2024-02-26 02:30:00,역추세 반등 (BB 하단),51514.7,51418.637527532424,1.0,1.0,
2024-02-26 08:00:00,역추세 반등 (BB 하단),51318.0,51332.81293018604,1.0,1.0,
2024-02-26 08:15:00,역추세 반등 (BB 하단),51406.5,51322.692374205326,1.0,1.0,
2024-02-26 08:15:00,강력한 반전 (BB 찢고 복귀),51406.5,51322.692374205326,1.5,1.0,
2024-02-26 09:00:00,강력한 반전 (BB 찢고 복귀),51328.6,51247.33225845091,1.5,1.0,
2024-02-26 10:00:00,역추세 반등 (BB 하단),51158.3,50978.05557115796,1.0,1.0,
2024-02-26 10:00:00,강력한 반전 (BB 찢고 복귀),51158.3,50978.05557115796,1.5,1.0,
2024-02-26 14:30:00,추세확정 (BB 상단 돌파),51561.2,,2.0,1.0,51521.42977016761
2024-02-27 01:30:00,추세확정 (BB 상단 돌파),55199.3,,2.0,1.0,54962.90974967669
2024-02-27 09:30:00,추세확정 (BB 상단 돌파),56732.3,,2.0,1.0,56707.75465572972
2024-02-27 12:15:00,추세확정 (BB 상단 돌파),56980.1,,2.0,1.0,56958.56696430038
2024-02-28 04:45:00,추세확정 (BB 상단 돌파),57250.0,,2.0,1.0,57195.49122390237
2024-02-28 07:15:00,추세확정 (BB 상단 돌파),57501.2,,2.0,1.0,57417.1893175928
2024-02-28 13:00:00,추세확정 (BB 상단 돌파),59842.5,,2.0,1.0,59746.60180285925
2024-02-28 14:45:00,추세확정 (BB 상단 돌파),61042.3,,2.0,1.0,60937.34949398483
2024-02-28 16:45:00,추세확정 (BB 상단 돌파),62534.0,,2.0,1.0,62333.33563025217
2024-02-28 23:00:00,추세확정 (BB 상단 돌파),62173.6,,2.0,1.0,61962.00750858699
2024-02-29 04:45:00,추세확정 (BB 상단 돌파),62543.0,,2.0,1.0,62261.81057438692
2024-02-29 05:45:00,추세확정 (BB 상단 돌파),62636.9,,2.0,1.0,62623.8574647058
2024-02-29 10:15:00,강력한 반전 (BB 찢고 복귀),62520.2,62193.74374298695,1.5,1.0,
2024-02-29 13:30:00,역추세 반등 (BB 하단),62860.0,62336.89629261653,1.0,1.0,
2024-02-29 13:30:00,강력한 반전 (BB 찢고 복귀),62860.0,62336.89629261653,1.5,1.0,
2024-02-29 14:15:00,추세확정 (BB 상단 돌파),63361.4,,2.0,1.0,63334.62800138094
2024-02-29 16:45:00,역추세 반등 (BB 하단),62250.1,62037.960110381,1.0,1.0,
2024-02-29 16:45:00,강력한 반전 (BB 찢고 복귀),62250.1,62037.960110381,1.5,1.0,
2024-02-29 17:45:00,역추세 반등 (BB 하단),61072.0,61177.023609956086,1.0,1.0,
2024-02-29 18:00:00,역추세 반등 (BB 하단),61465.6,61038.499141772576,1.0,1.0,
2024-02-29 18:00:00,강력한 반전 (BB 찢고 복귀),61465.6,61038.499141772576,1.5,1.0,
2024-03-01 08:15:00,추세확정 (BB 상단 돌파),61917.9,,2.0,1.0,61905.99011690088
2024-03-01 09:00:00,추세확정 (BB 상단 돌파),62195.0,,2.0,1.0,62142.106918487196
2024-03-01 12:30:00,추세확정 (BB 상단 돌파),62561.1,,2.0,1.0,62521.28798100799
2024-03-01 13:15:00,추세확정 (BB 상단 돌파),62610.0,,2.0,1.0,62542.857670251615
2024-03-01 14:45:00,강력한 반전 (BB 찢고 복귀),62013.8,61767.056000369244,1.5,1.0,
2024-03-01 16:00:00,역추세 반등 (BB 하단),61500.1,61402.94776048322,1.0,1.0,
2024-03-01 16:00:00,강력한 반전 (BB 찢고 복귀),61500.1,61402.94776048322,1.5,1.0,
2024-03-01 16:15:00,강력한 반전 (BB 찢고 복귀),61574.9,61342.50725789033,1.5,1.0,
2024-03-02 00:45:00,강력한 반전 (BB 찢고 복귀),62358.8,62175.91378410692,1.5,1.0,
2024-03-02 01:15:00,역추세 반등 (BB 하단),62169.3,62069.53629007406,1.0,1.0,
2024-03-02 01:15:00,강력한 반전 (BB 찢고 복귀),62169.3,62069.53629007406,1.5,1.0,
2024-03-02 09:45:00,강력한 반전 (BB 찢고 복귀),61908.1,61809.38777665258,1.5,1.0,
2024-03-02 18:45:00,추세확정 (BB 상단 돌파),62109.8,,2.0,1.0,62109.268563804304
2024-03-02 19:45:00,추세확정 (BB 상단 돌파),62193.8,,2.0,1.0,62193.59306344478
2024-03-02 23:00:00,역추세 반등 (BB 하단),61969.5,61784.17214878093,1.0,1.0,
2024-03-02 23:00:00,강력한 반전 (BB 찢고 복귀),61969.5,61784.17214878093,1.5,1.0,
2024-03-03 02:30:00,강력한 반전 (BB 찢고 복귀),61839.0,61707.37293109046,1.5,1.0,
2024-03-03 07:45:00,역추세 반등 (BB 하단),61641.2,61640.65508430176,1.0,1.0,
2024-03-03 07:45:00,강력한 반전 (BB 찢고 복귀),61641.2,61640.65508430176,1.5,1.0,
2024-03-03 08:15:00,역추세 반등 (BB 하단),61598.3,61516.71783390333,1.0,1.0,
2024-03-03 08:15:00,강력한 반전 (BB 찢고 복귀),61598.3,61516.71783390333,1.5,1.0,
2024-03-03 12:00:00,추세확정 (BB 상단 돌파),62315.7,,2.0,1.0,62109.40000669011
2024-03-03 16:30:00,추세확정 (BB 상단 돌파),62717.3,,2.0,1.0,62689.98143126205
2024-03-03 22:00:00,추세확정 (BB 상단 돌파),63087.5,,2.0,1.0,63009.799618405545
2024-03-04 00:00:00,추세확정 (BB 상단 돌파),63356.5,,2.0,1.0,63307.95914637542
2024-03-04 07:30:00,추세확정 (BB 상단 돌파),64216.2,,2.0,1.0,64010.96924849445
2024-03-04 13:30:00,추세확정 (BB 상단 돌파),65665.1,,2.0,1.0,65561.65463560651
2024-03-04 14:00:00,강력한 반전 (BB 찢고 복귀),65314.1,64883.25275385848,1.5,1.0,
2024-03-04 14:30:00,추세확정 (BB 상단 돌파),66265.8,,2.0,1.0,65854.81086040879
2024-03-04 23:00:00,추세확정 (BB 상단 돌파),68510.7,,2.0,1.0,68395.13173543765
2024-03-05 03:15:00,강력한 반전 (BB 찢고 복귀),68090.3,67755.60423342115,1.5,1.0,
2024-03-05 04:15:00,강력한 반전 (BB 찢고 복귀),68080.0,67795.14552608007,1.5,1.0,
2024-03-05 05:15:00,역추세 반등 (BB 하단),66968.9,67016.13880238157,1.0,1.0,
2024-03-05 05:45:00,역추세 반등 (BB 하단),67098.8,66632.93449274266,1.0,1.0,
2024-03-05 05:45:00,강력한 반전 (BB 찢고 복귀),67098.8,66632.93449274266,1.5,1.0,
2024-03-05 08:00:00,강력한 반전 (BB 찢고 복귀),66520.0,66072.60096147095,1.5,1.0,
2024-03-05 09:45:00,강력한 반전 (BB 찢고 복귀),66516.9,66170.29092705803,1.5,1.0,
2024-03-05 12:45:00,추세확정 (BB 상단 돌파),67412.2,,2.0,1.0,67363.01212501776
2024-03-05 14:30:00,추세확정 (BB 상단 돌파),68500.0,,2.0,1.0,68331.973543552
2024-03-05 16:15:00,역추세 반등 (BB 하단),65923.6,65695.90726318303,1.0,1.0,
2024-03-05 16:15:00,강력한 반전 (BB 찢고 복귀),65923.6,65695.90726318303,1.5,1.0,
2024-03-05 16:45:00,역추세 반등 (BB 하단),65607.1,65199.6945031639,1.0,1.0,
2024-03-05 16:45:00,강력한 반전 (BB 찢고 복귀),65607.1,65199.6945031639,1.5,1.0,
2024-03-05 17:15:00,역추세 반등 (BB 하단),64506.5,64284.63494649521,1.0,1.0,
2024-03-05 17:15:00,강력한 반전 (BB 찢고 복귀),64506.5,64284.63494649521,1.5,1.0,
2024-03-05 20:00:00,역추세 반등 (BB 하단),63128.1,61757.3245589808,1.0,1.0,
2024-03-05 20:00:00,강력한 반전 (BB 찢고 복귀),63128.1,61757.3245589808,1.5,1.0,
2024-03-06 04:45:00,추세확정 (BB 상단 돌파),64681.7,,2.0,1.0,64283.0940145412
2024-03-06 13:00:00,강력한 반전 (BB 찢고 복귀),66084.8,65901.9584309098,1.5,1.0,
2024-03-06 15:00:00,강력한 반전 (BB 찢고 복귀),66107.0,65615.98646477638,1.5,1.0,
2024-03-06 22:15:00,강력한 반전 (BB 찢고 복귀),66526.9,66286.91501923393,1.5,1.0,
2024-03-06 23:00:00,역추세 반등 (BB 하단),66190.1,65969.47646867759,1.0,1.0,
2024-03-06 23:00:00,강력한 반전 (BB 찢고 복귀),66190.1,65969.47646867759,1.5,1.0,
2024-03-07 04:00:00,강력한 반전 (BB 찢고 복귀),66020.0,65768.74662493716,1.5,1.0,
2024-03-07 06:00:00,강력한 반전 (BB 찢고 복귀),65968.2,65718.58983085021,1.5,1.0,
2024-03-07 08:00:00,추세확정 (BB 상단 돌파),66834.8,,2.0,1.0,66596.30536210527
2024-03-07 14:15:00,추세확정 (BB 상단 돌파),67339.1,,2.0,1.0,67218.71548612551
2024-03-07 17:00:00,추세확정 (BB 상단 돌파),67939.6,,2.0,1.0,67682.10382655023
2024-03-07 21:30:00,강력한 반전 (BB 찢고 복귀),67371.2,67206.49585991928,1.5,1.0,
2024-03-07 22:45:00,역추세 반등 (BB 하단),67149.9,67073.24260629633,1.0,1.0,
2024-03-08 05:45:00,강력한 반전 (BB 찢고 복귀),66959.2,66846.55425843615,1.5,1.0,
2024-03-08 06:45:00,추세확정 (BB 상단 돌파),67648.5,,2.0,1.0,67474.37693331658
2024-03-08 11:45:00,추세확정 (BB 상단 돌파),67826.7,,2.0,1.0,67709.4139963797
2024-03-08 14:15:00,추세확정 (BB 상단 돌파),67984.9,,2.0,1.0,67980.41701521225
2024-03-08 16:15:00,역추세 반등 (BB 하단),66897.5,66476.20888508798,1.0,1.0,
2024-03-08 16:15:00,강력한 반전 (BB 찢고 복귀),66897.5,66476.20888508798,1.5,1.0,
2024-03-08 22:00:00,강력한 반전 (BB 찢고 복귀),68324.6,68099.19021047748,1.5,1.0,
2024-03-09 07:00:00,추세확정 (BB 상단 돌파),68550.0,,2.0,1.0,68498.65207029266
2024-03-09 09:45:00,강력한 반전 (BB 찢고 복귀),68368.7,68215.91867921312,1.5,1.0,
2024-03-09 10:30:00,역추세 반등 (BB 하단),68170.1,68140.27587192658,1.0,1.0,
2024-03-09 10:30:00,강력한 반전 (BB 찢고 복귀),68170.1,68140.27587192658,1.5,1.0,
2024-03-09 16:45:00,강력한 반전 (BB 찢고 복귀),68170.5,68101.06903645686,1.5,1.0,
2024-03-09 17:15:00,강력한 반전 (BB 찢고 복귀),68147.9,68053.4554405966,1.5,1.0,
2024-03-10 01:00:00,추세확정 (BB 상단 돌파),69043.9,,2.0,1.0,68736.44969375171
2024-03-10 01:45:00,추세확정 (BB 상단 돌파),69036.7,,2.0,1.0,68987.2791268712
2024-03-10 04:00:00,추세확정 (BB 상단 돌파),69584.3,,2.0,1.0,69565.01112640424
2024-03-10 08:45:00,추세확정 (BB 상단 돌파),69759.9,,2.0,1.0,69712.73962206535
2024-03-10 09:30:00,추세확정 (BB 상단 돌파),69867.7,,2.0,1.0,69787.11112025692
2024-03-10 14:15:00,역추세 반등 (BB 하단),69347.2,69354.29499561794,1.0,1.0,
2024-03-10 14:45:00,역추세 반등 (BB 하단),69340.3,69143.78730945077,1.0,1.0,
2024-03-10 14:45:00,강력한 반전 (BB 찢고 복귀),69340.3,69143.78730945077,1.5,1.0,
2024-03-10 15:15:00,강력한 반전 (BB 찢고 복귀),69390.0,69073.54696040285,1.5,1.0,
2024-03-10 21:30:00,역추세 반등 (BB 하단),69212.4,69209.27116035315,1.0,1.0,
2024-03-10 21:30:00,강력한 반전 (BB 찢고 복귀),69212.4,69209.27116035315,1.5,1.0,
2024-03-10 23:00:00,역추세 반등 (BB 하단),68722.2,68582.6157464268,1.0,1.0,
2024-03-10 23:00:00,강력한 반전 (BB 찢고 복귀),68722.2,68582.6157464268,1.5,1.0,
2024-03-11 01:00:00,역추세 반등 (BB 하단),68226.5,68082.09145241814,1.0,1.0,
2024-03-11 01:00:00,강력한 반전 (BB 찢고 복귀),68226.5,68082.09145241814,1.5,1.0,
2024-03-11 01:45:00,강력한 반전 (BB 찢고 복귀),68374.9,67829.45480654405,1.5,1.0,
2024-03-11 06:45:00,추세확정 (BB 상단 돌파),69409.8,,2.0,1.0,69075.23319732955
2024-03-11 15:00:00,추세확정 (BB 상단 돌파),72544.5,,2.0,1.0,72542.65940446302
2024-03-11 20:00:00,역추세 반등 (BB 하단),72121.5,72031.77221440474,1.0,1.0,
2024-03-11 20:00:00,강력한 반전 (BB 찢고 복귀),72121.5,72031.77221440474,1.5,1.0,
2024-03-12 01:00:00,강력한 반전 (BB 찢고 복귀),72339.2,71976.72304688909,1.5,1.0,
2024-03-12 03:30:00,역추세 반등 (BB 하단),71835.3,71864.23797196272,1.0,1.0,
2024-03-12 04:00:00,역추세 반등 (BB 하단),71815.7,71704.64870376344,1.0,1.0,
2024-03-12 04:00:00,강력한 반전 (BB 찢고 복귀),71815.7,71704.64870376344,1.5,1.0,
2024-03-12 06:30:00,강력한 반전 (BB 찢고 복귀),71729.2,71476.88750478688,1.5,1.0,
2024-03-12 12:30:00,강력한 반전 (BB 찢고 복귀),72149.2,71591.35704250788,1.5,1.0,
2024-03-12 14:15:00,강력한 반전 (BB 찢고 복귀),72144.5,71678.615209516,1.5,1.0,
2024-03-12 15:00:00,강력한 반전 (BB 찢고 복귀),72027.4,71633.49642815115,1.5,1.0,
2024-03-12 16:45:00,역추세 반등 (BB 하단),70580.4,70677.22465537701,1.0,1.0,
2024-03-12 17:30:00,역추세 반등 (BB 하단),70238.3,69641.70339761062,1.0,1.0,
2024-03-12 17:30:00,강력한 반전 (BB 찢고 복귀),70238.3,69641.70339761062,1.5,1.0,
2024-03-13 01:15:00,추세확정 (BB 상단 돌파),71871.0,,2.0,1.0,71827.1950806802
2024-03-13 06:00:00,추세확정 (BB 상단 돌파),72388.6,,2.0,1.0,72384.29147867285
2024-03-13 08:00:00,추세확정 (BB 상단 돌파),73300.0,,2.0,1.0,73290.18933905446
2024-03-13 12:45:00,역추세 반등 (BB 하단),72872.2,72865.75441067148,1.0,1.0,
2024-03-13 12:45:00,강력한 반전 (BB 찢고 복귀),72872.2,72865.75441067148,1.5,1.0,
2024-03-13 13:00:00,강력한 반전 (BB 찢고 복귀),72999.0,72827.30504669296,1.5,1.0,
2024-03-13 14:00:00,역추세 반등 (BB 하단),72756.2,72444.25215494407,1.0,1.0,
2024-03-13 14:00:00,강력한 반전 (BB 찢고 복귀),72756.2,72444.25215494407,1.5,1.0,
2024-03-13 19:45:00,추세확정 (BB 상단 돌파),73400.0,,2.0,1.0,73354.14429681878
2024-03-14 01:15:00,역추세 반등 (BB 하단),72796.2,72781.0557488063,1.0,1.0,
2024-03-14 01:15:00,강력한 반전 (BB 찢고 복귀),72796.2,72781.0557488063,1.5,1.0,
2024-03-14 01:45:00,강력한 반전 (BB 찢고 복귀),72997.1,72735.40480780165,1.5,1.0,
2024-03-14 04:00:00,추세확정 (BB 상단 돌파),73623.6,,2.0,1.0,73526.52065594457
2024-03-14 10:15:00,강력한 반전 (BB 찢고 복귀),73320.0,73107.40967490296,1.5,1.0,
2024-03-14 11:15:00,역추세 반등 (BB 하단),72957.2,72893.47212926928,1.0,1.0,
2024-03-14 11:15:00,강력한 반전 (BB 찢고 복귀),72957.2,72893.47212926928,1.5,1.0,
2024-03-14 14:00:00,역추세 반등 (BB 하단),72066.0,72015.02251121963,1.0,1.0,
2024-03-14 14:00:00,강력한 반전 (BB 찢고 복귀),72066.0,72015.02251121963,1.5,1.0,
2024-03-14 15:00:00,강력한 반전 (BB 찢고 복귀),72000.3,71651.14784466766,1.5,1.0,
2024-03-14 15:30:00,역추세 반등 (BB 하단),71138.8,71121.49345976871,1.0,1.0,
2024-03-14 15:30:00,강력한 반전 (BB 찢고 복귀),71138.8,71121.49345976871,1.5,1.0,
2024-03-14 16:30:00,강력한 반전 (BB 찢고 복귀),70827.2,70204.56711388996,1.5,1.0,
2024-03-14 19:45:00,역추세 반등 (BB 하단),69528.9,69261.74597980411,1.0,1.0,
2024-03-14 19:45:00,강력한 반전 (BB 찢고 복귀),69528.9,69261.74597980411,1.5,1.0,
2024-03-15 03:00:00,역추세 반등 (BB 하단),69194.0,69501.0110290774,1.0,1.0,
2024-03-15 03:30:00,역추세 반등 (BB 하단),68324.1,68168.88088246189,1.0,1.0,
2024-03-15 03:30:00,강력한 반전 (BB 찢고 복귀),68324.1,68168.88088246189,1.5,1.0,
2024-03-15 04:00:00,강력한 반전 (BB 찢고 복귀),68563.6,67482.88098014325,1.5,1.0,
2024-03-15 09:15:00,역추세 반등 (BB 하단),67056.0,66462.84985038523,1.0,1.0,
2024-03-15 09:15:00,강력한 반전 (BB 찢고 복귀),67056.0,66462.84985038523,1.5,1.0,
2024-03-15 09:30:00,강력한 반전 (BB 찢고 복귀),67568.6,66537.3501541558,1.5,1.0,
2024-03-15 14:45:00,추세확정 (BB 상단 돌파),68675.3,,2.0,1.0,68634.15405688414
2024-03-15 18:30:00,추세확정 (BB 상단 돌파),69320.1,,2.0,1.0,68990.45935834567
2024-03-16 05:15:00,강력한 반전 (BB 찢고 복귀),68828.7,68726.63192642434,1.5,1.0,
2024-03-16 11:30:00,역추세 반등 (BB 하단),68343.4,68096.28372286225,1.0,1.0,
2024-03-16 11:30:00,강력한 반전 (BB 찢고 복귀),68343.4,68096.28372286225,1.5,1.0,
2024-03-16 14:00:00,강력한 반전 (BB 찢고 복귀),67998.2,67556.89504345253,1.5,1.0,
2024-03-16 18:45:00,강력한 반전 (BB 찢고 복귀),67034.6,66849.0312001514,1.5,1.0,
2024-03-16 21:30:00,역추세 반등 (BB 하단),66397.4,66272.50630010403,1.0,1.0,
2024-03-16 21:30:00,강력한 반전 (BB 찢고 복귀),66397.4,66272.50630010403,1.5,1.0,
2024-03-16 22:15:00,강력한 반전 (BB 찢고 복귀),66516.1,66104.58914236048,1.5,1.0,
2024-03-16 23:15:00,역추세 반등 (BB 하단),65389.8,65464.59949498719,1.0,1.0,
2024-03-16 23:30:00,역추세 반등 (BB 하단),65628.5,65311.69381716826,1.0,1.0,
2024-03-16 23:30:00,강력한 반전 (BB 찢고 복귀),65628.5,65311.69381716826,1.5,1.0,
2024-03-17 06:15:00,강력한 반전 (BB 찢고 복귀),66008.0,65983.59395655735,1.5,1.0,
2024-03-17 07:00:00,역추세 반등 (BB 하단),65207.4,65329.20531140868,1.0,1.0,
2024-03-17 07:15:00,역추세 반등 (BB 하단),65339.8,65205.97566184766,1.0,1.0,
2024-03-17 07:15:00,강력한 반전 (BB 찢고 복귀),65339.8,65205.97566184766,1.5,1.0,
2024-03-17 07:30:00,강력한 반전 (BB 찢고 복귀),65381.4,65107.00802389122,1.5,1.0,
2024-03-17 14:45:00,추세확정 (BB 상단 돌파),67655.7,,2.0,1.0,67608.98994046691
2024-03-17 15:30:00,추세확정 (BB 상단 돌파),67784.0,,2.0,1.0,67761.14839924294
2024-03-17 16:15:00,추세확정 (BB 상단 돌파),68199.7,,2.0,1.0,68144.31661209834
2024-03-17 22:30:00,추세확정 (BB 상단 돌파),68837.2,,2.0,1.0,68760.78247804158
2024-03-18 00:15:00,역추세 반등 (BB 하단),67992.1,67932.26217399458,1.0,1.0,
2024-03-18 00:15:00,강력한 반전 (BB 찢고 복귀),67992.1,67932.26217399458,1.5,1.0,
2024-03-18 01:00:00,역추세 반등 (BB 하단),67502.0,67445.69641727387,1.0,1.0,
2024-03-18 01:00:00,강력한 반전 (BB 찢고 복귀),67502.0,67445.69641727387,1.5,1.0,
2024-03-18 05:15:00,추세확정 (BB 상단 돌파),68851.9,,2.0,1.0,68717.96262317974
2024-03-18 08:30:00,역추세 반등 (BB 하단),67811.7,67610.78877179475,1.0,1.0,
2024-03-18 08:30:00,강력한 반전 (BB 찢고 복귀),67811.7,67610.78877179475,1.5,1.0,
2024-03-18 14:00:00,강력한 반전 (BB 찢고 복귀),67760.9,67554.15913287758,1.5,1.0,
2024-03-18 14:45:00,역추세 반등 (BB 하단),67034.0,67042.46772010883,1.0,1.0,
2024-03-18 15:15:00,역추세 반등 (BB 하단),67049.2,66738.62890672086,1.0,1.0,
2024-03-18 15:15:00,강력한 반전 (BB 찢고 복귀),67049.2,66738.62890672086,1.5,1.0,
2024-03-19 02:00:00,역추세 반등 (BB 하단),66093.3,65970.99671725392,1.0,1.0,
2024-03-19 02:00:00,강력한 반전 (BB 찢고 복귀),66093.3,65970.99671725392,1.5,1.0,
2024-03-19 05:45:00,강력한 반전 (BB 찢고 복귀),65232.1,64658.63037782227,1.5,1.0,
2024-03-19 07:15:00,역추세 반등 (BB 하단),64490.0,64207.70863565913,1.0,1.0,
2024-03-19 07:15:00,강력한 반전 (BB 찢고 복귀),64490.0,64207.70863565913,1.5,1.0,
2024-03-19 09:00:00,강력한 반전 (BB 찢고 복귀),63844.0,63364.76063799176,1.5,1.0,
2024-03-19 10:45:00,강력한 반전 (BB 찢고 복귀),63284.9,62744.18562604852,1.5,1.0,
2024-03-19 14:30:00,강력한 반전 (BB 찢고 복귀),63168.0,62439.05190785263,1.5,1.0,
2024-03-19 16:00:00,추세확정 (BB 상단 돌파),64351.0,,2.0,1.0,64324.631090774026
2024-03-19 16:30:00,추세확정 (BB 상단 돌파),64893.2,,2.0,1.0,64711.90354442345
2024-03-19 23:30:00,역추세 반등 (BB 하단),62070.3,61682.512279565824,1.0,1.0,
2024-03-19 23:30:00,강력한 반전 (BB 찢고 복귀),62070.3,61682.512279565824,1.5,1.0,
2024-03-20 04:45:00,역추세 반등 (BB 하단),61663.8,61407.447953486604,1.0,1.0,
2024-03-20 04:45:00,강력한 반전 (BB 찢고 복귀),61663.8,61407.447953486604,1.5,1.0,
2024-03-20 05:30:00,강력한 반전 (BB 찢고 복귀),61496.4,60885.1814828158,1.5,1.0,
2024-03-20 11:15:00,추세확정 (BB 상단 돌파),63852.8,,2.0,1.0,63845.96187853161
2024-03-20 12:00:00,추세확정 (BB 상단 돌파),63825.8,,2.0,1.0,63779.36437547786
2024-03-20 16:30:00,역추세 반등 (BB 하단),63105.4,62945.36809175042,1.0,1.0,
2024-03-20 16:30:00,강력한 반전 (BB 찢고 복귀),63105.4,62945.36809175042,1.5,1.0,
2024-03-20 17:00:00,강력한 반전 (BB 찢고 복귀),63692.6,62892.07690006053,1.5,1.0,
2024-03-20 18:00:00,추세확정 (BB 상단 돌파),64823.0,,2.0,1.0,64760.91873335855
2024-03-20 18:45:00,추세확정 (BB 상단 돌파),65441.7,,2.0,1.0,65214.09496440364
2024-03-20 20:15:00,추세확정 (BB 상단 돌파),66929.0,,2.0,1.0,66883.3797542191
2024-03-21 04:15:00,역추세 반등 (BB 하단),66832.0,66658.19784919999,1.0,1.0,
2024-03-21 04:15:00,강력한 반전 (BB 찢고 복귀),66832.0,66658.19784919999,1.5,1.0,
2024-03-21 13:15:00,추세확정 (BB 상단 돌파),67619.3,,2.0,1.0,67616.17225310583
2024-03-21 14:00:00,강력한 반전 (BB 찢고 복귀),67100.1,66621.08652250654,1.5,1.0,
2024-03-21 15:30:00,역추세 반등 (BB 하단),66466.6,66332.68235861105,1.0,1.0,
2024-03-21 15:30:00,강력한 반전 (BB 찢고 복귀),66466.6,66332.68235861105,1.5,1.0,
2024-03-21 15:45:00,강력한 반전 (BB 찢고 복귀),66588.7,66284.33938356211,1.5,1.0,
2024-03-21 18:15:00,역추세 반등 (BB 하단),65581.6,65454.20697640121,1.0,1.0,
2024-03-21 18:15:00,강력한 반전 (BB 찢고 복귀),65581.6,65454.20697640121,1.5,1.0,
2024-03-21 18:45:00,역추세 반등 (BB 하단),65178.3,64993.96964222339,1.0,1.0,
2024-03-21 18:45:00,강력한 반전 (BB 찢고 복귀),65178.3,64993.96964222339,1.5,1.0,
2024-03-21 20:00:00,강력한 반전 (BB 찢고 복귀),65522.4,64646.18444133358,1.5,1.0,
2024-03-22 02:00:00,강력한 반전 (BB 찢고 복귀),65272.3,65165.073049741346,1.5,1.0,
2024-03-22 02:15:00,강력한 반전 (BB 찢고 복귀),65529.1,65221.76495149516,1.5,1.0,
2024-03-22 09:45:00,역추세 반등 (BB 하단),65519.0,65567.71211102002,1.0,1.0,
2024-03-22 10:30:00,역추세 반등 (BB 하단),64893.9,64933.4050918133,1.0,1.0,
2024-03-22 11:00:00,역추세 반등 (BB 하단),64856.3,64587.5376242698,1.0,1.0,
2024-03-22 11:00:00,강력한 반전 (BB 찢고 복귀),64856.3,64587.5376242698,1.5,1.0,
2024-03-22 12:00:00,강력한 반전 (BB 찢고 복귀),64523.9,64047.972281662886,1.5,1.0,
2024-03-22 14:15:00,역추세 반등 (BB 하단),63090.6,62955.58263668819,1.0,1.0,
2024-03-22 14:15:00,강력한 반전 (BB 찢고 복귀),63090.6,62955.58263668819,1.5,1.0,
2024-03-22 21:45:00,역추세 반등 (BB 하단),62970.0,62877.63201871071,1.0,1.0,
2024-03-22 21:45:00,강력한 반전 (BB 찢고 복귀),62970.0,62877.63201871071,1.5,1.0,
2024-03-22 22:15:00,강력한 반전 (BB 찢고 복귀),62985.9,62749.08085630067,1.5,1.0,
2024-03-23 03:45:00,강력한 반전 (BB 찢고 복귀),63587.8,63239.574881937064,1.5,1.0,
2024-03-23 07:00:00,추세확정 (BB 상단 돌파),64520.9,,2.0,1.0,64460.69074420763
2024-03-23 13:45:00,강력한 반전 (BB 찢고 복귀),64619.5,64276.584405506495,1.5,1.0,
2024-03-23 14:30:00,추세확정 (BB 상단 돌파),65086.1,,2.0,1.0,64945.25442802498
2024-03-23 16:30:00,추세확정 (BB 상단 돌파),65731.9,,2.0,1.0,65535.22146763769
2024-03-24 00:00:00,역추세 반등 (BB 하단),64194.0,64178.60590764355,1.0,1.0,
2024-03-24 00:00:00,강력한 반전 (BB 찢고 복귀),64194.0,64178.60590764355,1.5,1.0,
2024-03-24 04:30:00,강력한 반전 (BB 찢고 복귀),64054.7,63844.825637022404,1.5,1.0,
2024-03-24 07:45:00,추세확정 (BB 상단 돌파),64604.3,,2.0,1.0,64524.754109025846
2024-03-24 08:30:00,추세확정 (BB 상단 돌파),64975.9,,2.0,1.0,64883.892239214976
2024-03-24 12:45:00,추세확정 (BB 상단 돌파),65660.2,,2.0,1.0,65614.47283770624
2024-03-24 17:15:00,역추세 반등 (BB 하단),65039.8,65053.458651984154,1.0,1.0,
2024-03-24 17:30:00,역추세 반등 (BB 하단),65427.9,65047.09945164004,1.0,1.0,
2024-03-24 17:30:00,강력한 반전 (BB 찢고 복귀),65427.9,65047.09945164004,1.5,1.0,
2024-03-24 20:00:00,추세확정 (BB 상단 돌파),66259.2,,2.0,1.0,66257.9716305921
2024-03-24 23:00:00,추세확정 (BB 상단 돌파),67590.4,,2.0,1.0,67380.30882334676
2024-03-25 04:45:00,추세확정 (BB 상단 돌파),67520.0,,2.0,1.0,67494.74287198533
2024-03-25 13:45:00,추세확정 (BB 상단 돌파),68037.0,,2.0,1.0,67598.50266298348
2024-03-25 21:30:00,역추세 반등 (BB 하단),70150.4,70039.33420060924,1.0,1.0,
2024-03-25 21:30:00,강력한 반전 (BB 찢고 복귀),70150.4,70039.33420060924,1.5,1.0,
2024-03-25 22:00:00,역추세 반등 (BB 하단),70436.5,69950.63625461425,1.0,1.0,
2024-03-25 22:00:00,강력한 반전 (BB 찢고 복귀),70436.5,69950.63625461425,1.5,1.0,
2024-03-26 07:00:00,추세확정 (BB 상단 돌파),70881.2,,2.0,1.0,70824.30239829328
2024-03-26 14:30:00,역추세 반등 (BB 하단),70031.7,69970.7712258923,1.0,1.0,
2024-03-26 14:30:00,강력한 반전 (BB 찢고 복귀),70031.7,69970.7712258923,1.5,1.0,
2024-03-26 15:15:00,강력한 반전 (BB 찢고 복귀),70213.7,69837.5459402507,1.5,1.0,
2024-03-26 20:00:00,강력한 반전 (BB 찢고 복귀),69743.7,69482.63236050254,1.5,1.0,
2024-03-27 00:30:00,추세확정 (BB 상단 돌파),70537.2,,2.0,1.0,70510.54247969993
2024-03-27 06:45:00,강력한 반전 (BB 찢고 복귀),70378.1,70243.84723386158,1.5,1.0,
2024-03-27 07:30:00,역추세 반등 (BB 하단),69873.3,69954.69538199947,1.0,1.0,
2024-03-27 08:00:00,역추세 반등 (BB 하단),69970.0,69814.83148630241,1.0,1.0,
2024-03-27 08:00:00,강력한 반전 (BB 찢고 복귀),69970.0,69814.83148630241,1.5,1.0,
2024-03-27 09:00:00,강력한 반전 (BB 찢고 복귀),69739.3,69526.17985915496,1.5,1.0,
2024-03-27 13:00:00,추세확정 (BB 상단 돌파),71320.4,,2.0,1.0,70845.21235427132
2024-03-27 14:15:00,강력한 반전 (BB 찢고 복귀),69830.0,69258.0757395562,1.5,1.0,
2024-03-28 00:15:00,추세확정 (BB 상단 돌파),69894.8,,2.0,1.0,69838.01316774647
2024-03-28 02:45:00,강력한 반전 (BB 찢고 복귀),69219.3,69043.5853986718,1.5,1.0,
2024-03-28 06:30:00,추세확정 (BB 상단 돌파),70440.6,,2.0,1.0,70347.81075708017
2024-03-28 13:15:00,추세확정 (BB 상단 돌파),71110.0,,2.0,1.0,71037.56798807773
2024-03-28 14:30:00,추세확정 (BB 상단 돌파),71323.3,,2.0,1.0,71247.5926936175
2024-03-28 22:15:00,강력한 반전 (BB 찢고 복귀),70869.9,70621.50537859839,1.5,1.0,
2024-03-28 23:00:00,추세확정 (BB 상단 돌파),71120.3,,2.0,1.0,71067.68194030112
2024-03-29 03:30:00,역추세 반등 (BB 하단),70470.6,70463.35565722096,1.0,1.0,
2024-03-29 03:30:00,강력한 반전 (BB 찢고 복귀),70470.6,70463.35565722096,1.5,1.0,
2024-03-29 04:15:00,강력한 반전 (BB 찢고 복귀),70561.9,70364.07165886216,1.5,1.0,
2024-03-29 06:00:00,강력한 반전 (BB 찢고 복귀),70345.1,70126.13041988372,1.5,1.0,
2024-03-29 08:15:00,역추세 반등 (BB 하단),69934.0,69860.57763588522,1.0,1.0,
2024-03-29 08:15:00,강력한 반전 (BB 찢고 복귀),69934.0,69860.57763588522,1.5,1.0,
2024-03-29 13:30:00,추세확정 (BB 상단 돌파),70558.1,,2.0,1.0,70458.52236463361
2024-03-29 16:00:00,역추세 반등 (BB 하단),69478.0,69380.89030499865,1.0,1.0,
2024-03-29 16:00:00,강력한 반전 (BB 찢고 복귀),69478.0,69380.89030499865,1.5,1.0,
2024-03-29 22:45:00,추세확정 (BB 상단 돌파),69858.9,,2.0,1.0,69829.52103710601
2024-03-30 11:45:00,추세확정 (BB 상단 돌파),70250.0,,2.0,1.0,70243.04386774122
2024-03-30 15:45:00,강력한 반전 (BB 찢고 복귀),70052.9,70032.9299925047,1.5,1.0,
2024-03-30 16:15:00,역추세 반등 (BB 하단),70071.4,70000.44019205541,1.0,1.0,
2024-03-30 16:15:00,강력한 반전 (BB 찢고 복귀),70071.4,70000.44019205541,1.5,1.0,
2024-03-30 18:15:00,강력한 반전 (BB 찢고 복귀),70035.9,69966.1555284192,1.5,1.0,
2024-03-30 19:15:00,역추세 반등 (BB 하단),69942.0,69877.41953170969,1.0,1.0,
2024-03-30 19:15:00,강력한 반전 (BB 찢고 복귀),69942.0,69877.41953170969,1.5,1.0,
2024-03-30 21:30:00,강력한 반전 (BB 찢고 복귀),69792.8,69696.04162967346,1.5,1.0,
2024-03-30 23:30:00,역추세 반등 (BB 하단),69666.2,69619.64322914236,1.0,1.0,
2024-03-30 23:30:00,강력한 반전 (BB 찢고 복귀),69666.2,69619.64322914236,1.5,1.0,
2024-03-31 01:00:00,추세확정 (BB 상단 돌파),70038.0,,2.0,1.0,70037.65935062763
2024-03-31 05:00:00,추세확정 (BB 상단 돌파),70307.2,,2.0,1.0,70259.48225493357
2024-03-31 05:45:00,추세확정 (BB 상단 돌파),70424.4,,2.0,1.0,70378.49815161902
2024-03-31 11:00:00,추세확정 (BB 상단 돌파),70460.2,,2.0,1.0,70451.18870249328
2024-03-31 12:00:00,추세확정 (BB 상단 돌파),70635.4,,2.0,1.0,70549.55901769517
2024-03-31 13:00:00,추세확정 (BB 상단 돌파),70749.3,,2.0,1.0,70666.65041909646
2024-03-31 18:30:00,추세확정 (BB 상단 돌파),71043.8,,2.0,1.0,70869.93564221366
2024-03-31 19:15:00,추세확정 (BB 상단 돌파),71079.2,,2.0,1.0,71056.23233291572
2024-03-31 23:30:00,추세확정 (BB 상단 돌파),71373.8,,2.0,1.0,71300.61230068615
2024-04-01 05:00:00,강력한 반전 (BB 찢고 복귀),70521.2,70415.93844677295,1.5,1.0,
2024-04-01 06:00:00,역추세 반등 (BB 하단),69309.2,69580.98780520383,1.0,1.0,
2024-04-01 06:15:00,역추세 반등 (BB 하단),69404.6,69396.42715708795,1.0,1.0,
2024-04-01 06:15:00,강력한 반전 (BB 찢고 복귀),69404.6,69396.42715708795,1.5,1.0,
2024-04-01 12:15:00,추세확정 (BB 상단 돌파),69798.8,,2.0,1.0,69785.0841539901
2024-04-01 12:45:00,추세확정 (BB 상단 돌파),69896.7,,2.0,1.0,69870.18753787289
2024-04-01 13:15:00,추세확정 (BB 상단 돌파),70090.9,,2.0,1.0,70003.84750421139
2024-04-01 15:15:00,역추세 반등 (BB 하단),68857.9,68722.29690466897,1.0,1.0,
2024-04-01 15:15:00,강력한 반전 (BB 찢고 복귀),68857.9,68722.29690466897,1.5,1.0,
2024-04-01 16:00:00,역추세 반등 (BB 하단),68433.7,68228.12925680711,1.0,1.0,
2024-04-01 16:00:00,강력한 반전 (BB 찢고 복귀),68433.7,68228.12925680711,1.5,1.0,
2024-04-01 19:15:00,추세확정 (BB 상단 돌파),69397.0,,2.0,1.0,69273.87643384242
2024-04-02 00:45:00,역추세 반등 (BB 하단),69419.8,69327.00224001458,1.0,1.0,
2024-04-02 00:45:00,강력한 반전 (BB 찢고 복귀),69419.8,69327.00224001458,1.5,1.0,
2024-04-02 01:00:00,강력한 반전 (BB 찢고 복귀),69568.6,69334.06749994376,1.5,1.0,
2024-04-02 02:45:00,역추세 반등 (BB 하단),67031.6,67507.20022211934,1.0,1.0,
2024-04-02 03:00:00,역추세 반등 (BB 하단),67051.5,67128.15063438062,1.0,1.0,
2024-04-02 08:15:00,강력한 반전 (BB 찢고 복귀),66613.2,66360.43930852378,1.5,1.0,
2024-04-02 09:00:00,강력한 반전 (BB 찢고 복귀),66383.9,66245.41338202814,1.5,1.0,
2024-04-02 10:45:00,강력한 반전 (BB 찢고 복귀),66034.1,65795.87955526417,1.5,1.0,
2024-04-02 11:30:00,역추세 반등 (BB 하단),65432.2,65392.16909242372,1.0,1.0,
2024-04-02 11:30:00,강력한 반전 (BB 찢고 복귀),65432.2,65392.16909242372,1.5,1.0,
2024-04-02 11:45:00,강력한 반전 (BB 찢고 복귀),65686.5,65350.770977789565,1.5,1.0,
2024-04-02 13:30:00,역추세 반등 (BB 하단),65100.0,64924.86973159295,1.0,1.0,
2024-04-02 13:30:00,강력한 반전 (BB 찢고 복귀),65100.0,64924.86973159295,1.5,1.0,
2024-04-02 16:00:00,강력한 반전 (BB 찢고 복귀),65474.6,64842.700587607826,1.5,1.0,
2024-04-02 21:30:00,강력한 반전 (BB 찢고 복귀),65746.8,65313.62910023609,1.5,1.0,
2024-04-03 00:30:00,역추세 반등 (BB 하단),65187.9,65144.60041814404,1.0,1.0,
2024-04-03 00:30:00,강력한 반전 (BB 찢고 복귀),65187.9,65144.60041814404,1.5,1.0,
2024-04-03 08:30:00,추세확정 (BB 상단 돌파),66584.0,,2.0,1.0,66523.76723714838
2024-04-03 11:15:00,역추세 반등 (BB 하단),65892.4,65859.37792370823,1.0,1.0,
2024-04-03 11:15:00,강력한 반전 (BB 찢고 복귀),65892.4,65859.37792370823,1.5,1.0,
2024-04-03 14:15:00,추세확정 (BB 상단 돌파),66802.4,,2.0,1.0,66762.41601837243
2024-04-03 18:30:00,강력한 반전 (BB 찢고 복귀),65888.5,65537.26397026844,1.5,1.0,
2024-04-03 22:30:00,추세확정 (BB 상단 돌파),66196.5,,2.0,1.0,66150.3645624805
2024-04-03 23:00:00,추세확정 (BB 상단 돌파),66252.6,,2.0,1.0,66252.33263223835
2024-04-04 02:30:00,역추세 반등 (BB 하단),65701.1,65732.4249996405,1.0,1.0,
2024-04-04 02:45:00,역추세 반등 (BB 하단),65764.7,65699.44548214805,1.0,1.0,
2024-04-04 02:45:00,강력한 반전 (BB 찢고 복귀),65764.7,65699.44548214805,1.5,1.0,
2024-04-04 04:30:00,강력한 반전 (BB 찢고 복귀),65410.8,65226.70528931725,1.5,1.0,
2024-04-04 07:00:00,추세확정 (BB 상단 돌파),66072.1,,2.0,1.0,65950.31703121723
2024-04-04 08:00:00,추세확정 (BB 상단 돌파),66372.5,,2.0,1.0,66309.38096625598
2024-04-04 12:00:00,추세확정 (BB 상단 돌파),66579.7,,2.0,1.0,66507.94197901647
2024-04-04 14:00:00,추세확정 (BB 상단 돌파),67558.5,,2.0,1.0,67479.28004776618
2024-04-04 14:30:00,추세확정 (BB 상단 돌파),67869.4,,2.0,1.0,67810.9263158476
2024-04-04 17:45:00,추세확정 (BB 상단 돌파),68813.9,,2.0,1.0,68411.13827338353
2024-04-05 03:00:00,강력한 반전 (BB 찢고 복귀),67863.1,67573.74673627217,1.5,1.0,
2024-04-05 05:30:00,역추세 반등 (BB 하단),66833.4,66891.93456690444,1.0,1.0,
2024-04-05 05:45:00,역추세 반등 (BB 하단),66868.9,66796.34864817245,1.0,1.0,
2024-04-05 05:45:00,강력한 반전 (BB 찢고 복귀),66868.9,66796.34864817245,1.5,1.0,
2024-04-05 12:00:00,역추세 반등 (BB 하단),66613.8,66468.56858474563,1.0,1.0,
2024-04-05 12:00:00,강력한 반전 (BB 찢고 복귀),66613.8,66468.56858474563,1.5,1.0,
2024-04-05 12:15:00,강력한 반전 (BB 찢고 복귀),66758.0,66448.82996249366,1.5,1.0,
2024-04-05 13:30:00,추세확정 (BB 상단 돌파),67338.0,,2.0,1.0,67328.8466867927
2024-04-05 14:30:00,추세확정 (BB 상단 돌파),68180.0,,2.0,1.0,67949.50975069177
2024-04-06 02:45:00,강력한 반전 (BB 찢고 복귀),67577.8,67514.97371463735,1.5,1.0,
2024-04-06 05:30:00,추세확정 (BB 상단 돌파),68067.5,,2.0,1.0,68049.31931441935
2024-04-06 10:00:00,역추세 반등 (BB 하단),67867.3,67830.94965949975,1.0,1.0,
2024-04-06 10:00:00,강력한 반전 (BB 찢고 복귀),67867.3,67830.94965949975,1.5,1.0,
2024-04-06 10:45:00,강력한 반전 (BB 찢고 복귀),67844.8,67768.03416018252,1.5,1.0,
2024-04-06 12:00:00,강력한 반전 (BB 찢고 복귀),67730.6,67640.6477173101,1.5,1.0,
2024-04-06 12:45:00,강력한 반전 (BB 찢고 복귀),67747.8,67598.87346649269,1.5,1.0,
2024-04-06 13:30:00,강력한 반전 (BB 찢고 복귀),67680.1,67545.15071071041,1.5,1.0,
2024-04-06 14:30:00,추세확정 (BB 상단 돌파),67994.1,,2.0,1.0,67935.61837658973
2024-04-06 17:30:00,추세확정 (BB 상단 돌파),68417.6,,2.0,1.0,68394.48546003147
2024-04-06 22:15:00,추세확정 (BB 상단 돌파),68662.8,,2.0,1.0,68549.7556820568
2024-04-07 06:30:00,강력한 반전 (BB 찢고 복귀),69248.3,69120.74010930545,1.5,1.0,
2024-04-07 08:30:00,추세확정 (BB 상단 돌파),69533.0,,2.0,1.0,69522.99276859438
2024-04-07 14:30:00,추세확정 (BB 상단 돌파),69493.5,,2.0,1.0,69485.3542255927
2024-04-07 16:00:00,추세확정 (BB 상단 돌파),69914.0,,2.0,1.0,69831.56435024274
2024-04-07 20:00:00,역추세 반등 (BB 하단),69241.2,69045.4579290208,1.0,1.0,
2024-04-07 20:00:00,강력한 반전 (BB 찢고 복귀),69241.2,69045.4579290208,1.5,1.0,
2024-04-07 22:00:00,강력한 반전 (BB 찢고 복귀),69215.2,68960.60198663283,1.5,1.0,
2024-04-08 00:30:00,강력한 반전 (BB 찢고 복귀),69304.6,69076.67245819815,1.5,1.0,
2024-04-08 01:00:00,추세확정 (BB 상단 돌파),69544.4,,2.0,1.0,69525.5483462016
2024-04-08 07:15:00,추세확정 (BB 상단 돌파),70096.4,,2.0,1.0,70030.54971844646
2024-04-08 08:45:00,추세확정 (BB 상단 돌파),71993.2,,2.0,1.0,71704.50538155701
2024-04-08 09:15:00,추세확정 (BB 상단 돌파),72414.9,,2.0,1.0,72350.34561622185
2024-04-08 14:45:00,역추세 반등 (BB 하단),71787.0,71541.8048414641,1.0,1.0,
2024-04-08 14:45:00,강력한 반전 (BB 찢고 복귀),71787.0,71541.8048414641,1.5,1.0,
2024-04-08 17:30:00,역추세 반등 (BB 하단),71551.9,71374.45190229797,1.0,1.0,
2024-04-08 17:30:00,강력한 반전 (BB 찢고 복귀),71551.9,71374.45190229797,1.5,1.0,
2024-04-09 00:30:00,역추세 반등 (BB 하단),71487.5,71487.33215542423,1.0,1.0,
2024-04-09 00:30:00,강력한 반전 (BB 찢고 복귀),71487.5,71487.33215542423,1.5,1.0,
2024-04-09 01:15:00,역추세 반등 (BB 하단),71265.6,71250.84272275488,1.0,1.0,
2024-04-09 01:15:00,강력한 반전 (BB 찢고 복귀),71265.6,71250.84272275488,1.5,1.0,
2024-04-09 01:30:00,강력한 반전 (BB 찢고 복귀),71350.6,71206.78628076674,1.5,1.0,
2024-04-09 04:15:00,강력한 반전 (BB 찢고 복귀),71228.8,71086.51804850913,1.5,1.0,
2024-04-09 05:15:00,강력한 반전 (BB 찢고 복귀),71274.3,71066.47789687847,1.5,1.0,
2024-04-09 07:00:00,역추세 반등 (BB 하단),70937.9,70760.37957989317,1.0,1.0,
2024-04-09 07:00:00,강력한 반전 (BB 찢고 복귀),70937.9,70760.37957989317,1.5,1.0,
2024-04-09 08:15:00,역추세 반등 (BB 하단),70164.8,70123.29514895221,1.0,1.0,
2024-04-09 08:15:00,강력한 반전 (BB 찢고 복귀),70164.8,70123.29514895221,1.5,1.0,
2024-04-09 14:00:00,역추세 반등 (BB 하단),70343.0,70159.58255889776,1.0,1.0,
2024-04-09 14:00:00,강력한 반전 (BB 찢고 복귀),70343.0,70159.58255889776,1.5,1.0,
2024-04-09 14:45:00,역추세 반등 (BB 하단),69413.2,69523.98221374382,1.0,1.0,
2024-04-09 15:15:00,역추세 반등 (BB 하단),68934.8,68981.11501903001,1.0,1.0,
2024-04-09 15:30:00,역추세 반등 (BB 하단),69063.3,68800.30431985155,1.0,1.0,
2024-04-10 01:45:00,역추세 반등 (BB 하단),69318.1,68882.13317487256,1.0,1.0,
2024-04-10 01:45:00,강력한 반전 (BB 찢고 복귀),69318.1,68882.13317487256,1.5,1.0,
2024-04-10 03:00:00,역추세 반등 (BB 하단),68860.1,68696.26027889874,1.0,1.0,
2024-04-10 03:00:00,강력한 반전 (BB 찢고 복귀),68860.1,68696.26027889874,1.5,1.0,
2024-04-10 08:15:00,강력한 반전 (BB 찢고 복귀),69100.0,68972.08227109665,1.5,1.0,
2024-04-10 08:45:00,강력한 반전 (BB 찢고 복귀),69055.2,68952.18899399452,1.5,1.0,
2024-04-10 10:45:00,강력한 반전 (BB 찢고 복귀),68951.8,68742.93558697341,1.5,1.0,
2024-04-10 12:45:00,역추세 반등 (BB 하단),68016.9,68273.51032534835,1.0,1.0,
2024-04-10 13:15:00,역추세 반등 (BB 하단),67751.2,67800.66631183204,1.0,1.0,
2024-04-10 13:30:00,역추세 반등 (BB 하단),67917.2,67677.64546305084,1.0,1.0,
2024-04-10 13:30:00,강력한 반전 (BB 찢고 복귀),67917.2,67677.64546305084,1.5,1.0,
2024-04-10 13:45:00,강력한 반전 (BB 찢고 복귀),68309.6,67634.18335766256,1.5,1.0,
2024-04-10 19:45:00,추세확정 (BB 상단 돌파),70113.4,,2.0,1.0,70108.61524587913
2024-04-10 22:00:00,추세확정 (BB 상단 돌파),70521.7,,2.0,1.0,70341.09506058038
2024-04-11 08:30:00,추세확정 (BB 상단 돌파),71131.4,,2.0,1.0,71072.68894995659
2024-04-11 11:00:00,강력한 반전 (BB 찢고 복귀),70530.2,70438.89650834899,1.5,1.0,
2024-04-11 12:00:00,역추세 반등 (BB 하단),70171.0,70108.38185332464,1.0,1.0,
2024-04-11 12:00:00,강력한 반전 (BB 찢고 복귀),70171.0,70108.38185332464,1.5,1.0,
2024-04-11 12:30:00,역추세 반등 (BB 하단),70823.7,70001.3200213421,1.0,1.0,
2024-04-11 12:30:00,강력한 반전 (BB 찢고 복귀),70823.7,70001.3200213421,1.5,1.0,
2024-04-11 13:45:00,역추세 반등 (BB 하단),70301.0,69873.14730532828,1.0,1.0,
2024-04-11 13:45:00,강력한 반전 (BB 찢고 복귀),70301.0,69873.14730532828,1.5,1.0,
2024-04-12 02:00:00,추세확정 (BB 상단 돌파),70573.3,,2.0,1.0,70478.64845535948
2024-04-12 03:15:00,추세확정 (BB 상단 돌파),70958.2,,2.0,1.0,70915.51441822613
2024-04-12 07:45:00,강력한 반전 (BB 찢고 복귀),70800.4,70699.01439101674,1.5,1.0,
2024-04-12 09:45:00,강력한 반전 (BB 찢고 복귀),70682.9,70615.16470946214,1.5,1.0,
2024-04-12 12:45:00,역추세 반등 (BB 하단),70566.2,70526.61814443266,1.0,1.0,
2024-04-12 12:45:00,강력한 반전 (BB 찢고 복귀),70566.2,70526.61814443266,1.5,1.0,
2024-04-12 13:45:00,역추세 반등 (BB 하단),69912.0,69969.23757118631,1.0,1.0,
2024-04-12 15:00:00,역추세 반등 (BB 하단),69423.6,69214.60040005631,1.0,1.0,
2024-04-12 17:30:00,역추세 반등 (BB 하단),68182.1,68011.22102969792,1.0,1.0,
2024-04-12 17:30:00,강력한 반전 (BB 찢고 복귀),68182.1,68011.22102969792,1.5,1.0,
2024-04-12 19:00:00,역추세 반등 (BB 하단),66595.1,66424.28277166621,1.0,1.0,
2024-04-12 19:00:00,강력한 반전 (BB 찢고 복귀),66595.1,66424.28277166621,1.5,1.0,
2024-04-13 01:15:00,역추세 반등 (BB 하단),66568.5,66580.46734159547,1.0,1.0,
2024-04-13 02:00:00,역추세 반등 (BB 하단),66418.7,66154.15532324411,1.0,1.0,
2024-04-13 02:00:00,강력한 반전 (BB 찢고 복귀),66418.7,66154.15532324411,1.5,1.0,
2024-04-13 04:30:00,추세확정 (BB 상단 돌파),67719.5,,2.0,1.0,67643.88227150885
2024-04-13 13:00:00,추세확정 (BB 상단 돌파),67644.8,,2.0,1.0,67632.2146976035
2024-04-13 15:15:00,추세확정 (BB 상단 돌파),67885.7,,2.0,1.0,67814.46456195215
2024-04-13 17:30:00,역추세 반등 (BB 하단),66969.9,66943.43218883894,1.0,1.0,
2024-04-13 17:30:00,강력한 반전 (BB 찢고 복귀),66969.9,66943.43218883894,1.5,1.0,
2024-04-13 18:00:00,역추세 반등 (BB 하단),66747.3,66700.99090303089,1.0,1.0,
2024-04-13 18:00:00,강력한 반전 (BB 찢고 복귀),66747.3,66700.99090303089,1.5,1.0,
2024-04-13 20:30:00,역추세 반등 (BB 하단),62436.2,62666.73407712478,1.0,1.0,
2024-04-13 21:00:00,역추세 반등 (BB 하단),62027.8,61344.064687457736,1.0,1.0,
2024-04-14 03:15:00,역추세 반등 (BB 하단),62696.9,62421.51698672249,1.0,1.0,
2024-04-14 03:15:00,강력한 반전 (BB 찢고 복귀),62696.9,62421.51698672249,1.5,1.0,
2024-04-14 09:45:00,강력한 반전 (BB 찢고 복귀),64101.9,64032.123578653474,1.5,1.0,
2024-04-14 11:45:00,역추세 반등 (BB 하단),64156.2,63889.274414561405,1.0,1.0,
2024-04-14 11:45:00,강력한 반전 (BB 찢고 복귀),64156.2,63889.274414561405,1.5,1.0,
2024-04-14 14:45:00,강력한 반전 (BB 찢고 복귀),63904.5,63757.56088394725,1.5,1.0,
2024-04-14 17:30:00,역추세 반등 (BB 하단),63864.6,63405.698645959106,1.0,1.0,
2024-04-14 17:30:00,강력한 반전 (BB 찢고 복귀),63864.6,63405.698645959106,1.5,1.0,
2024-04-14 22:00:00,추세확정 (BB 상단 돌파),64910.1,,2.0,1.0,64805.77322645473
2024-04-15 04:15:00,역추세 반등 (BB 하단),64927.0,64779.1029461805,1.0,1.0,
2024-04-15 04:15:00,강력한 반전 (BB 찢고 복귀),64927.0,64779.1029461805,1.5,1.0,
2024-04-15 06:15:00,추세확정 (BB 상단 돌파),66304.0,,2.0,1.0,65854.29169496462
2024-04-15 12:00:00,역추세 반등 (BB 하단),66120.1,65853.89110548083,1.0,1.0,
2024-04-15 12:00:00,강력한 반전 (BB 찢고 복귀),66120.1,65853.89110548083,1.5,1.0,
2024-04-15 13:30:00,강력한 반전 (BB 찢고 복귀),66180.7,65780.18233183202,1.5,1.0,
2024-04-15 14:15:00,역추세 반등 (BB 하단),65336.2,65356.7223994477,1.0,1.0,
2024-04-15 15:00:00,역추세 반등 (BB 하단),64449.9,64484.58561307462,1.0,1.0,
2024-04-15 15:15:00,역추세 반등 (BB 하단),64613.2,64328.763028610236,1.0,1.0,
2024-04-15 15:15:00,강력한 반전 (BB 찢고 복귀),64613.2,64328.763028610236,1.5,1.0,
2024-04-15 19:15:00,강력한 반전 (BB 찢고 복귀),63087.4,62907.33589905028,1.5,1.0,
2024-04-16 02:30:00,역추세 반등 (BB 하단),63201.9,62824.460317617566,1.0,1.0,
2024-04-16 02:30:00,강력한 반전 (BB 찢고 복귀),63201.9,62824.460317617566,1.5,1.0,
2024-04-16 04:45:00,역추세 반등 (BB 하단),62468.8,62174.799648984,1.0,1.0,
2024-04-16 04:45:00,강력한 반전 (BB 찢고 복귀),62468.8,62174.799648984,1.5,1.0,
2024-04-16 10:30:00,역추세 반등 (BB 하단),62298.1,62267.86299955604,1.0,1.0,
2024-04-16 10:30:00,강력한 반전 (BB 찢고 복귀),62298.1,62267.86299955604,1.5,1.0,
2024-04-16 10:45:00,강력한 반전 (BB 찢고 복귀),62544.4,62245.57321836156,1.5,1.0,
2024-04-16 14:30:00,강력한 반전 (BB 찢고 복귀),62478.1,62023.1593265395,1.5,1.0,
2024-04-16 15:15:00,강력한 반전 (BB 찢고 복귀),62243.5,61922.59020086686,1.5,1.0,
2024-04-16 21:15:00,추세확정 (BB 상단 돌파),63610.7,,2.0,1.0,63419.25927509995
2024-04-17 05:00:00,추세확정 (BB 상단 돌파),64252.1,,2.0,1.0,64192.416917416755
2024-04-17 07:15:00,역추세 반등 (BB 하단),63576.8,63534.21861826653,1.0,1.0,
2024-04-17 07:15:00,강력한 반전 (BB 찢고 복귀),63576.8,63534.21861826653,1.5,1.0,
2024-04-17 08:00:00,역추세 반등 (BB 하단),63423.7,63307.879450613225,1.0,1.0,
2024-04-17 08:00:00,강력한 반전 (BB 찢고 복귀),63423.7,63307.879450613225,1.5,1.0,
2024-04-17 08:15:00,강력한 반전 (BB 찢고 복귀),63539.7,63276.756576080654,1.5,1.0,
2024-04-17 10:15:00,역추세 반등 (BB 하단),62937.9,62871.13517657747,1.0,1.0,
2024-04-17 10:15:00,강력한 반전 (BB 찢고 복귀),62937.9,62871.13517657747,1.5,1.0,
2024-04-17 12:00:00,역추세 반등 (BB 하단),62619.9,62543.68720190312,1.0,1.0,
2024-04-17 12:45:00,역추세 반등 (BB 하단),62289.0,62179.160911255036,1.0,1.0,
2024-04-17 12:45:00,강력한 반전 (BB 찢고 복귀),62289.0,62179.160911255036,1.5,1.0,
2024-04-17 14:30:00,역추세 반등 (BB 하단),61799.0,61641.78193340804,1.0,1.0,
2024-04-17 14:30:00,강력한 반전 (BB 찢고 복귀),61799.0,61641.78193340804,1.5,1.0,
2024-04-17 15:30:00,역추세 반등 (BB 하단),60423.9,60443.378689135585,1.0,1.0,
2024-04-17 16:00:00,강력한 반전 (BB 찢고 복귀),60934.0,60076.558856340256,1.5,1.0,
2024-04-18 03:00:00,추세확정 (BB 상단 돌파),62037.0,,2.0,1.0,61924.35583519573
2024-04-18 06:00:00,역추세 반등 (BB 하단),61193.2,61103.814515711114,1.0,1.0,
2024-04-18 06:00:00,강력한 반전 (BB 찢고 복귀),61193.2,61103.814515711114,1.5,1.0,
2024-04-18 06:45:00,역추세 반등 (BB 하단),61116.7,60852.55716965205,1.0,1.0,
2024-04-18 11:00:00,추세확정 (BB 상단 돌파),62370.9,,2.0,1.0,62045.81349723363
2024-04-18 14:00:00,추세확정 (BB 상단 돌파),63428.0,,2.0,1.0,63266.06613915768
2024-04-18 18:15:00,강력한 반전 (BB 찢고 복귀),62880.4,62402.63461810588,1.5,1.0,
2024-04-19 00:15:00,역추세 반등 (BB 하단),62943.9,63027.67593588701,1.0,1.0,
2024-04-19 00:30:00,역추세 반등 (BB 하단),63010.9,62980.85101986164,1.0,1.0,
2024-04-19 00:30:00,강력한 반전 (BB 찢고 복귀),63010.9,62980.85101986164,1.5,1.0,
2024-04-19 02:30:00,역추세 반등 (BB 하단),60239.8,59934.63867311007,1.0,1.0,
2024-04-19 02:30:00,강력한 반전 (BB 찢고 복귀),60239.8,59934.63867311007,1.5,1.0,
2024-04-19 06:30:00,추세확정 (BB 상단 돌파),63600.0,,2.0,1.0,63490.63785393831
2024-04-19 11:30:00,추세확정 (BB 상단 돌파),65309.7,,2.0,1.0,65061.707680709995
2024-04-19 12:15:00,추세확정 (BB 상단 돌파),65283.2,,2.0,1.0,65214.879585569426
2024-04-19 14:30:00,역추세 반등 (BB 하단),64453.9,64181.467370038234,1.0,1.0,
2024-04-19 14:30:00,강력한 반전 (BB 찢고 복귀),64453.9,64181.467370038234,1.5,1.0,
2024-04-19 16:30:00,역추세 반등 (BB 하단),64011.2,63778.525693866686,1.0,1.0,
2024-04-19 16:30:00,강력한 반전 (BB 찢고 복귀),64011.2,63778.525693866686,1.5,1.0,
2024-04-19 20:45:00,강력한 반전 (BB 찢고 복귀),64026.1,63741.039600814474,1.5,1.0,
2024-04-19 23:30:00,역추세 반등 (BB 하단),63784.7,63530.39631874452,1.0,1.0,
2024-04-19 23:30:00,강력한 반전 (BB 찢고 복귀),63784.7,63530.39631874452,1.5,1.0,
2024-04-20 00:15:00,강력한 반전 (BB 찢고 복귀),63831.8,63437.034348281464,1.5,1.0,
2024-04-20 01:00:00,강력한 반전 (BB 찢고 복귀),63461.6,63265.29324336068,1.5,1.0,
2024-04-20 04:30:00,추세확정 (BB 상단 돌파),64159.1,,2.0,1.0,64157.952271601614
2024-04-20 08:15:00,역추세 반등 (BB 하단),63861.9,63771.19356855752,1.0,1.0,
2024-04-20 08:15:00,강력한 반전 (BB 찢고 복귀),63861.9,63771.19356855752,1.5,1.0,
2024-04-20 09:15:00,역추세 반등 (BB 하단),63563.8,63571.21515130856,1.0,1.0,
2024-04-20 09:45:00,강력한 반전 (BB 찢고 복귀),63580.1,63466.057163520934,1.5,1.0,
2024-04-20 15:30:00,추세확정 (BB 상단 돌파),64545.7,,2.0,1.0,64215.41283830405
2024-04-20 17:15:00,추세확정 (BB 상단 돌파),65220.0,,2.0,1.0,65192.965455650774
2024-04-21 01:15:00,추세확정 (BB 상단 돌파),65009.3,,2.0,1.0,64991.99244449716
2024-04-21 02:15:00,추세확정 (BB 상단 돌파),65295.8,,2.0,1.0,65172.47610722641
2024-04-21 03:00:00,추세확정 (BB 상단 돌파),65545.1,,2.0,1.0,65407.202485374815
2024-04-21 09:15:00,역추세 반등 (BB 하단),64890.0,64845.17866157368,1.0,1.0,
2024-04-21 09:15:00,강력한 반전 (BB 찢고 복귀),64890.0,64845.17866157368,1.5,1.0,
2024-04-21 09:45:00,강력한 반전 (BB 찢고 복귀),64880.1,64799.895058350456,1.5,1.0,
2024-04-21 10:15:00,강력한 반전 (BB 찢고 복귀),64850.0,64776.92769986627,1.5,1.0,
2024-04-21 11:30:00,추세확정 (BB 상단 돌파),65248.0,,2.0,1.0,65210.9355610017
2024-04-21 12:00:00,추세확정 (BB 상단 돌파),65297.9,,2.0,1.0,65290.9135965068
2024-04-21 16:15:00,역추세 반등 (BB 하단),64612.0,64590.282594163175,1.0,1.0,
2024-04-21 16:15:00,강력한 반전 (BB 찢고 복귀),64612.0,64590.282594163175,1.5,1.0,
2024-04-21 16:45:00,역추세 반등 (BB 하단),64547.1,64445.06266619568,1.0,1.0,
2024-04-21 16:45:00,강력한 반전 (BB 찢고 복귀),64547.1,64445.06266619568,1.5,1.0,
2024-04-21 20:00:00,강력한 반전 (BB 찢고 복귀),64539.6,64351.38658124734,1.5,1.0,
2024-04-21 21:00:00,추세확정 (BB 상단 돌파),64952.0,,2.0,1.0,64927.28021531645
2024-04-21 22:00:00,추세확정 (BB 상단 돌파),64999.8,,2.0,1.0,64998.092689929756
2024-04-22 02:00:00,역추세 반등 (BB 하단),64721.1,64627.31444335358,1.0,1.0,
2024-04-22 02:00:00,강력한 반전 (BB 찢고 복귀),64721.1,64627.31444335358,1.5,1.0,
2024-04-22 02:15:00,강력한 반전 (BB 찢고 복귀),64727.8,64608.44977929162,1.5,1.0,
2024-04-22 03:15:00,추세확정 (BB 상단 돌파),65275.9,,2.0,1.0,65221.15281878588
2024-04-22 11:45:00,강력한 반전 (BB 찢고 복귀),65847.9,65806.1633599723,1.5,1.0,
2024-04-22 12:15:00,강력한 반전 (BB 찢고 복귀),65901.7,65783.22337683181,1.5,1.0,
2024-04-22 14:00:00,추세확정 (BB 상단 돌파),66229.9,,2.0,1.0,66158.7535422145
2024-04-22 17:15:00,추세확정 (BB 상단 돌파),66706.0,,2.0,1.0,66536.94734812494
2024-04-22 22:45:00,추세확정 (BB 상단 돌파),66987.7,,2.0,1.0,66845.92673759954
2024-04-23 04:00:00,역추세 반등 (BB 하단),66500.3,66418.5418670399,1.0,1.0,
2024-04-23 04:00:00,강력한 반전 (BB 찢고 복귀),66500.3,66418.5418670399,1.5,1.0,
2024-04-23 04:30:00,역추세 반등 (BB 하단),66353.1,66283.41487875496,1.0,1.0,
2024-04-23 04:30:00,강력한 반전 (BB 찢고 복귀),66353.1,66283.41487875496,1.5,1.0,
2024-04-23 08:15:00,역추세 반등 (BB 하단),66111.7,65984.96204531066,1.0,1.0,
2024-04-23 08:15:00,강력한 반전 (BB 찢고 복귀),66111.7,65984.96204531066,1.5,1.0,
2024-04-23 11:45:00,역추세 반등 (BB 하단),66022.4,65908.67990712392,1.0,1.0,
2024-04-23 11:45:00,강력한 반전 (BB 찢고 복귀),66022.4,65908.67990712392,1.5,1.0,
2024-04-23 12:15:00,강력한 반전 (BB 찢고 복귀),66027.5,65901.05468407882,1.5,1.0,
2024-04-23 12:45:00,강력한 반전 (BB 찢고 복귀),66104.5,65866.99094943388,1.5,1.0,
2024-04-23 13:30:00,추세확정 (BB 상단 돌파),66370.1,,2.0,1.0,66344.25213736622
2024-04-23 14:45:00,추세확정 (BB 상단 돌파),66883.9,,2.0,1.0,66835.95727523943
2024-04-23 20:30:00,역추세 반등 (BB 하단),66268.1,66201.6531727937,1.0,1.0,
2024-04-23 20:30:00,강력한 반전 (BB 찢고 복귀),66268.1,66201.6531727937,1.5,1.0,
2024-04-23 20:45:00,강력한 반전 (BB 찢고 복귀),66329.0,66190.13039103193,1.5,1.0,
2024-04-24 00:30:00,추세확정 (BB 상단 돌파),66700.0,,2.0,1.0,66623.33641953177
2024-04-24 01:15:00,추세확정 (BB 상단 돌파),66774.6,,2.0,1.0,66770.8903661683
2024-04-24 04:45:00,추세확정 (BB 상단 돌파),66982.0,,2.0,1.0,66907.5938714788
2024-04-24 08:15:00,강력한 반전 (BB 찢고 복귀),66670.9,66504.49994699204,1.5,1.0,
2024-04-24 10:15:00,역추세 반등 (BB 하단),66314.0,66224.20641799997,1.0,1.0,
2024-04-24 13:30:00,역추세 반등 (BB 하단),66130.6,66040.82446390101,1.0,1.0,
2024-04-24 13:30:00,강력한 반전 (BB 찢고 복귀),66130.6,66040.82446390101,1.5,1.0,
2024-04-24 14:45:00,역추세 반등 (BB 하단),65210.1,65202.03321269828,1.0,1.0,
2024-04-24 14:45:00,강력한 반전 (BB 찢고 복귀),65210.1,65202.03321269828,1.5,1.0,
2024-04-24 15:45:00,역추세 반등 (BB 하단),64596.4,64357.98906060822,1.0,1.0,
2024-04-24 19:00:00,강력한 반전 (BB 찢고 복귀),64227.9,64138.37590983459,1.5,1.0,
2024-04-24 19:15:00,강력한 반전 (BB 찢고 복귀),64382.9,64153.24409056045,1.5,1.0,
2024-04-24 23:00:00,강력한 반전 (BB 찢고 복귀),64178.9,63826.655084553524,1.5,1.0,
2024-04-25 00:30:00,추세확정 (BB 상단 돌파),64676.5,,2.0,1.0,64593.061995418604
2024-04-25 02:00:00,강력한 반전 (BB 찢고 복귀),64204.0,63977.82285064387,1.5,1.0,
2024-04-25 07:45:00,역추세 반등 (BB 하단),63996.3,63960.479581310385,1.0,1.0,
2024-04-25 07:45:00,강력한 반전 (BB 찢고 복귀),63996.3,63960.479581310385,1.5,1.0,
2024-04-25 08:00:00,강력한 반전 (BB 찢고 복귀),64054.0,63949.67188465352,1.5,1.0,
2024-04-25 08:45:00,역추세 반등 (BB 하단),63907.4,63813.53674321526,1.0,1.0,
2024-04-25 08:45:00,강력한 반전 (BB 찢고 복귀),63907.4,63813.53674321526,1.5,1.0,
2024-04-25 10:30:00,역추세 반등 (BB 하단),63524.5,63502.365441439564,1.0,1.0,
2024-04-25 10:30:00,강력한 반전 (BB 찢고 복귀),63524.5,63502.365441439564,1.5,1.0,
2024-04-25 13:15:00,역추세 반등 (BB 하단),63192.5,63132.8773798179,1.0,1.0,
2024-04-25 13:15:00,강력한 반전 (BB 찢고 복귀),63192.5,63132.8773798179,1.5,1.0,
2024-04-25 13:30:00,강력한 반전 (BB 찢고 복귀),63434.3,63102.5643576009,1.5,1.0,
2024-04-25 17:00:00,추세확정 (BB 상단 돌파),64620.0,,2.0,1.0,64575.80692965026
2024-04-26 00:45:00,역추세 반등 (BB 하단),64275.5,64178.59835365658,1.0,1.0,
2024-04-26 00:45:00,강력한 반전 (BB 찢고 복귀),64275.5,64178.59835365658,1.5,1.0,
2024-04-26 01:15:00,역추세 반등 (BB 하단),64121.4,64030.9945397561,1.0,1.0,
2024-04-26 01:15:00,강력한 반전 (BB 찢고 복귀),64121.4,64030.9945397561,1.5,1.0,
2024-04-26 11:00:00,역추세 반등 (BB 하단),64158.7,64127.66828662904,1.0,1.0,
2024-04-26 11:00:00,강력한 반전 (BB 찢고 복귀),64158.7,64127.66828662904,1.5,1.0,
2024-04-26 11:30:00,역추세 반등 (BB 하단),64129.3,64062.72793325089,1.0,1.0,
2024-04-26 11:30:00,강력한 반전 (BB 찢고 복귀),64129.3,64062.72793325089,1.5,1.0,
2024-04-26 13:30:00,역추세 반등 (BB 하단),64081.0,63854.14530307477,1.0,1.0,
2024-04-26 13:30:00,강력한 반전 (BB 찢고 복귀),64081.0,63854.14530307477,1.5,1.0,
2024-04-26 14:00:00,추세확정 (BB 상단 돌파),64694.7,,2.0,1.0,64678.765842241584
2024-04-26 15:30:00,역추세 반등 (BB 하단),63550.0,63441.88469425494,1.0,1.0,
2024-04-26 15:30:00,강력한 반전 (BB 찢고 복귀),63550.0,63441.88469425494,1.5,1.0,
2024-04-26 22:45:00,강력한 반전 (BB 찢고 복귀),63797.1,63706.519119720215,1.5,1.0,
2024-04-27 00:45:00,역추세 반등 (BB 하단),63170.2,63239.13362623135,1.0,1.0,
2024-04-27 01:30:00,역추세 반등 (BB 하단),62665.5,62715.370518037234,1.0,1.0,
2024-04-27 02:00:00,강력한 반전 (BB 찢고 복귀),62861.2,62471.23130676865,1.5,1.0,
2024-04-27 09:15:00,역추세 반등 (BB 하단),62936.9,62882.487039798594,1.0,1.0,
2024-04-27 09:15:00,강력한 반전 (BB 찢고 복귀),62936.9,62882.487039798594,1.5,1.0,
2024-04-27 11:00:00,역추세 반등 (BB 하단),62821.1,62786.50862075714,1.0,1.0,
2024-04-27 11:00:00,강력한 반전 (BB 찢고 복귀),62821.1,62786.50862075714,1.5,1.0,
2024-04-27 11:15:00,강력한 반전 (BB 찢고 복귀),62865.5,62778.55346146533,1.5,1.0,
2024-04-27 13:30:00,추세확정 (BB 상단 돌파),63177.8,,2.0,1.0,63164.830073789526
2024-04-27 14:00:00,추세확정 (BB 상단 돌파),63273.2,,2.0,1.0,63253.551121898054
2024-04-27 16:30:00,역추세 반등 (BB 하단),62850.0,62765.12552652534,1.0,1.0,
2024-04-27 16:30:00,강력한 반전 (BB 찢고 복귀),62850.0,62765.12552652534,1.5,1.0,
2024-04-27 17:00:00,역추세 반등 (BB 하단),62814.1,62708.780580015955,1.0,1.0,
2024-04-27 23:15:00,추세확정 (BB 상단 돌파),63414.3,,2.0,1.0,63411.55576603315
2024-04-28 00:15:00,추세확정 (BB 상단 돌파),63690.2,,2.0,1.0,63569.83791263742
2024-04-28 02:45:00,추세확정 (BB 상단 돌파),63919.5,,2.0,1.0,63833.1394079374
2024-04-28 08:45:00,역추세 반등 (BB 하단),63690.0,63689.21999629937,1.0,1.0,
2024-04-28 08:45:00,강력한 반전 (BB 찢고 복귀),63690.0,63689.21999629937,1.5,1.0,
2024-04-28 09:00:00,강력한 반전 (BB 찢고 복귀),63772.0,63678.2964619473,1.5,1.0,
2024-04-28 10:15:00,역추세 반등 (BB 하단),63568.2,63561.49518429666,1.0,1.0,
2024-04-28 10:15:00,강력한 반전 (BB 찢고 복귀),63568.2,63561.49518429666,1.5,1.0,
2024-04-28 10:30:00,강력한 반전 (BB 찢고 복귀),63648.7,63541.90188333992,1.5,1.0,
2024-04-28 11:30:00,역추세 반등 (BB 하단),63470.2,63414.24470227306,1.0,1.0,
2024-04-28 11:30:00,강력한 반전 (BB 찢고 복귀),63470.2,63414.24470227306,1.5,1.0,
2024-04-28 18:45:00,추세확정 (BB 상단 돌파),63902.3,,2.0,1.0,63840.30700633598
2024-04-28 22:15:00,역추세 반등 (BB 하단),63459.5,63448.923575616085,1.0,1.0,
2024-04-28 22:15:00,강력한 반전 (BB 찢고 복귀),63459.5,63448.923575616085,1.5,1.0,
2024-04-29 03:15:00,역추세 반등 (BB 하단),62632.0,62575.18493903721,1.0,1.0,
2024-04-29 03:15:00,강력한 반전 (BB 찢고 복귀),62632.0,62575.18493903721,1.5,1.0,
2024-04-29 03:30:00,강력한 반전 (BB 찢고 복귀),62644.1,62524.41836471911,1.5,1.0,
2024-04-29 04:00:00,역추세 반등 (BB 하단),62435.0,62308.48298700913,1.0,1.0,
2024-04-29 04:00:00,강력한 반전 (BB 찢고 복귀),62435.0,62308.48298700913,1.5,1.0,
2024-04-29 05:30:00,강력한 반전 (BB 찢고 복귀),62376.5,62054.37523002037,1.5,1.0,
2024-04-29 09:45:00,추세확정 (BB 상단 돌파),62522.0,,2.0,1.0,62510.52131763082
2024-04-29 12:30:00,강력한 반전 (BB 찢고 복귀),62443.1,62182.86560974575,1.5,1.0,
2024-04-29 13:45:00,역추세 반등 (BB 하단),61985.6,62017.42066457932,1.0,1.0,
2024-04-29 14:00:00,역추세 반등 (BB 하단),62215.7,62004.75509813178,1.0,1.0,
2024-04-29 14:00:00,강력한 반전 (BB 찢고 복귀),62215.7,62004.75509813178,1.5,1.0,
2024-04-29 14:15:00,추세확정 (BB 상단 돌파),62799.9,,2.0,1.0,62775.16722215321
2024-04-29 19:15:00,역추세 반등 (BB 하단),62656.4,62599.75580071674,1.0,1.0,
2024-04-29 19:15:00,강력한 반전 (BB 찢고 복귀),62656.4,62599.75580071674,1.5,1.0,
2024-04-29 22:15:00,추세확정 (BB 상단 돌파),63471.1,,2.0,1.0,63313.41296247355
2024-04-30 00:45:00,추세확정 (BB 상단 돌파),64547.6,,2.0,1.0,64507.93974475761
2024-04-30 09:00:00,역추세 반등 (BB 하단),62030.0,62079.84815841599,1.0,1.0,
2024-04-30 10:00:00,강력한 반전 (BB 찢고 복귀),61704.1,61383.53692798862,1.5,1.0,
2024-04-30 14:15:00,역추세 반등 (BB 하단),60811.9,60618.17333768286,1.0,1.0,
2024-04-30 14:15:00,강력한 반전 (BB 찢고 복귀),60811.9,60618.17333768286,1.5,1.0,
2024-04-30 15:45:00,강력한 반전 (BB 찢고 복귀),60760.0,60547.15052374364,1.5,1.0,
2024-04-30 16:30:00,역추세 반등 (BB 하단),60349.2,60292.3564596694,1.0,1.0,
2024-04-30 16:30:00,강력한 반전 (BB 찢고 복귀),60349.2,60292.3564596694,1.5,1.0,
2024-04-30 17:15:00,강력한 반전 (BB 찢고 복귀),60403.6,60063.68091968431,1.5,1.0,
2024-04-30 19:15:00,강력한 반전 (BB 찢고 복귀),60018.8,59756.924644643936,1.5,1.0,
2024-04-30 20:00:00,역추세 반등 (BB 하단),59846.6,59558.54018660751,1.0,1.0,
2024-04-30 20:00:00,강력한 반전 (BB 찢고 복귀),59846.6,59558.54018660751,1.5,1.0,
2024-04-30 22:15:00,추세확정 (BB 상단 돌파),60773.4,,2.0,1.0,60755.520626087695
2024-05-01 01:15:00,강력한 반전 (BB 찢고 복귀),60269.6,59816.35900625117,1.5,1.0,
2024-05-01 02:15:00,역추세 반등 (BB 하단),59713.5,59656.84049815403,1.0,1.0,
2024-05-01 02:15:00,강력한 반전 (BB 찢고 복귀),59713.5,59656.84049815403,1.5,1.0,
2024-05-01 12:00:00,추세확정 (BB 상단 돌파),58193.0,,2.0,1.0,58150.74893065796
2024-05-01 15:15:00,역추세 반등 (BB 하단),57074.2,56939.08721996969,1.0,1.0,
2024-05-01 15:15:00,강력한 반전 (BB 찢고 복귀),57074.2,56939.08721996969,1.5,1.0,
2024-05-01 18:00:00,추세확정 (BB 상단 돌파),57830.2,,2.0,1.0,57788.50138532892
2024-05-02 02:00:00,역추세 반등 (BB 하단),57337.7,57155.80895766946,1.0,1.0,
2024-05-02 02:00:00,강력한 반전 (BB 찢고 복귀),57337.7,57155.80895766946,1.5,1.0,
2024-05-02 07:00:00,추세확정 (BB 상단 돌파),57745.2,,2.0,1.0,57733.72305285171
2024-05-02 08:15:00,추세확정 (BB 상단 돌파),57892.6,,2.0,1.0,57881.081985493416
2024-05-02 11:00:00,추세확정 (BB 상단 돌파),58107.3,,2.0,1.0,57978.90591962606
2024-05-02 14:30:00,추세확정 (BB 상단 돌파),59219.9,,2.0,1.0,59211.36571412654
2024-05-02 21:00:00,역추세 반등 (BB 하단),58780.1,58745.154519616044,1.0,1.0,
2024-05-02 21:00:00,강력한 반전 (BB 찢고 복귀),58780.1,58745.154519616044,1.5,1.0,
2024-05-03 02:00:00,추세확정 (BB 상단 돌파),59725.5,,2.0,1.0,59595.68395362526
2024-05-03 07:00:00,역추세 반등 (BB 하단),59379.0,59242.87434983097,1.0,1.0,
2024-05-03 07:00:00,강력한 반전 (BB 찢고 복귀),59379.0,59242.87434983097,1.5,1.0,
2024-05-03 10:45:00,역추세 반등 (BB 하단),59012.1,59023.5272462885,1.0,1.0,
2024-05-03 11:15:00,역추세 반등 (BB 하단),59166.7,58974.93335372801,1.0,1.0,
2024-05-03 11:15:00,강력한 반전 (BB 찢고 복귀),59166.7,58974.93335372801,1.5,1.0,
2024-05-03 12:30:00,추세확정 (BB 상단 돌파),60418.3,,2.0,1.0,59873.42628403333
2024-05-03 20:00:00,추세확정 (BB 상단 돌파),62132.1,,2.0,1.0,62110.58227007382
2024-05-04 01:15:00,추세확정 (BB 상단 돌파),63557.1,,2.0,1.0,63304.131582393195
2024-05-04 10:30:00,추세확정 (BB 상단 돌파),63797.5,,2.0,1.0,63535.56504959885
2024-05-04 18:00:00,강력한 반전 (BB 찢고 복귀),63444.9,63382.33905301214,1.5,1.0,
2024-05-04 19:45:00,추세확정 (BB 상단 돌파),63883.1,,2.0,1.0,63789.73300121648
2024-05-05 00:45:00,역추세 반등 (BB 하단),63488.2,63456.67963627649,1.0,1.0,
2024-05-05 00:45:00,강력한 반전 (BB 찢고 복귀),63488.2,63456.67963627649,1.5,1.0,
2024-05-05 01:45:00,역추세 반등 (BB 하단),63288.1,63112.70953517327,1.0,1.0,
2024-05-05 01:45:00,강력한 반전 (BB 찢고 복귀),63288.1,63112.70953517327,1.5,1.0,
2024-05-05 07:15:00,추세확정 (BB 상단 돌파),63630.0,,2.0,1.0,63568.28861801505
2024-05-05 13:15:00,추세확정 (BB 상단 돌파),63978.4,,2.0,1.0,63912.56545443718
2024-05-05 15:15:00,추세확정 (BB 상단 돌파),64322.8,,2.0,1.0,64263.34591498894
2024-05-05 16:00:00,추세확정 (BB 상단 돌파),64497.9,,2.0,1.0,64497.54081117378
2024-05-05 20:30:00,강력한 반전 (BB 찢고 복귀),63656.0,63555.31969509256,1.5,1.0,
2024-05-05 23:15:00,추세확정 (BB 상단 돌파),64167.9,,2.0,1.0,64078.56137506702
2024-05-06 03:15:00,강력한 반전 (BB 찢고 복귀),63850.0,63685.56242226609,1.5,1.0,
2024-05-06 08:15:00,추세확정 (BB 상단 돌파),65364.9,,2.0,1.0,64905.794129275695
2024-05-06 15:15:00,강력한 반전 (BB 찢고 복귀),63362.5,63148.923609769496,1.5,1.0,
2024-05-06 19:30:00,강력한 반전 (BB 찢고 복귀),63031.1,62847.52619352689,1.5,1.0,
2024-05-07 00:15:00,강력한 반전 (BB 찢고 복귀),63254.7,62990.64864277427,1.5,1.0,
2024-05-07 01:45:00,추세확정 (BB 상단 돌파),63886.5,,2.0,1.0,63873.42380431719
2024-05-07 03:30:00,역추세 반등 (BB 하단),63218.9,62920.73566094096,1.0,1.0,
2024-05-07 03:30:00,강력한 반전 (BB 찢고 복귀),63218.9,62920.73566094096,1.5,1.0,
2024-05-07 08:15:00,추세확정 (BB 상단 돌파),64232.3,,2.0,1.0,64034.30737019273
2024-05-07 08:45:00,추세확정 (BB 상단 돌파),64211.1,,2.0,1.0,64209.1312972579
2024-05-07 12:00:00,강력한 반전 (BB 찢고 복귀),63644.4,63463.320241850226,1.5,1.0,
2024-05-07 14:00:00,강력한 반전 (BB 찢고 복귀),63324.7,63141.24172044604,1.5,1.0,
2024-05-07 14:30:00,강력한 반전 (BB 찢고 복귀),63437.1,63101.54865653866,1.5,1.0,
2024-05-07 18:45:00,강력한 반전 (BB 찢고 복귀),63159.5,62925.70139025565,1.5,1.0,
2024-05-07 21:45:00,강력한 반전 (BB 찢고 복귀),63055.3,62829.74019926963,1.5,1.0,
2024-05-07 22:15:00,강력한 반전 (BB 찢고 복귀),62976.5,62801.577617095514,1.5,1.0,
2024-05-07 23:30:00,역추세 반등 (BB 하단),62475.3,62441.17847299395,1.0,1.0,
2024-05-07 23:30:00,강력한 반전 (BB 찢고 복귀),62475.3,62441.17847299395,1.5,1.0,
2024-05-08 00:00:00,역추세 반등 (BB 하단),62452.1,62283.684076696656,1.0,1.0,
2024-05-08 00:00:00,강력한 반전 (BB 찢고 복귀),62452.1,62283.684076696656,1.5,1.0,
2024-05-08 00:30:00,강력한 반전 (BB 찢고 복귀),62598.2,62211.635520268705,1.5,1.0,
2024-05-08 06:30:00,역추세 반등 (BB 하단),62407.8,62272.29699168536,1.0,1.0,
2024-05-08 06:30:00,강력한 반전 (BB 찢고 복귀),62407.8,62272.29699168536,1.5,1.0,
2024-05-08 12:45:00,강력한 반전 (BB 찢고 복귀),62220.1,62069.47950437767,1.5,1.0,
2024-05-08 13:15:00,역추세 반등 (BB 하단),61998.3,61959.58674768561,1.0,1.0,
2024-05-08 13:15:00,강력한 반전 (BB 찢고 복귀),61998.3,61959.58674768561,1.5,1.0,
2024-05-08 13:45:00,역추세 반등 (BB 하단),62425.5,61892.02834234013,1.0,1.0,
2024-05-08 13:45:00,강력한 반전 (BB 찢고 복귀),62425.5,61892.02834234013,1.5,1.0,
2024-05-08 14:30:00,추세확정 (BB 상단 돌파),62711.5,,2.0,1.0,62673.89033848327
2024-05-08 19:30:00,강력한 반전 (BB 찢고 복귀),62309.9,62008.99160122947,1.5,1.0,
2024-05-08 21:15:00,강력한 반전 (BB 찢고 복귀),61631.0,61390.90016519313,1.5,1.0,
2024-05-09 06:00:00,추세확정 (BB 상단 돌파),61739.9,,2.0,1.0,61719.459127942195
2024-05-09 08:15:00,역추세 반등 (BB 하단),61280.0,61223.98911427475,1.0,1.0,
2024-05-09 08:15:00,강력한 반전 (BB 찢고 복귀),61280.0,61223.98911427475,1.5,1.0,
2024-05-09 09:30:00,역추세 반등 (BB 하단),61059.7,61025.25542240539,1.0,1.0,
2024-05-09 09:30:00,강력한 반전 (BB 찢고 복귀),61059.7,61025.25542240539,1.5,1.0,
2024-05-09 09:45:00,강력한 반전 (BB 찢고 복귀),61259.0,61009.24528498965,1.5,1.0,
2024-05-09 11:00:00,역추세 반등 (BB 하단),60929.7,60768.82417111143,1.0,1.0,
2024-05-09 11:00:00,강력한 반전 (BB 찢고 복귀),60929.7,60768.82417111143,1.5,1.0,
2024-05-09 15:00:00,추세확정 (BB 상단 돌파),61850.1,,2.0,1.0,61728.59997007788
2024-05-09 16:00:00,추세확정 (BB 상단 돌파),62434.0,,2.0,1.0,62331.4249360081
2024-05-09 22:30:00,추세확정 (BB 상단 돌파),62955.2,,2.0,1.0,62915.1298873996
2024-05-10 05:30:00,역추세 반등 (BB 하단),62690.1,62648.81644439096,1.0,1.0,
2024-05-10 05:30:00,강력한 반전 (BB 찢고 복귀),62690.1,62648.81644439096,1.5,1.0,
2024-05-10 06:45:00,추세확정 (BB 상단 돌파),63127.2,,2.0,1.0,63058.81605901887
2024-05-10 07:15:00,추세확정 (BB 상단 돌파),63242.1,,2.0,1.0,63162.88506868123
2024-05-10 11:15:00,강력한 반전 (BB 찢고 복귀),63014.9,62796.10918816676,1.5,1.0,
2024-05-10 11:45:00,추세확정 (BB 상단 돌파),63276.3,,2.0,1.0,63263.84289009412
2024-05-10 15:15:00,역추세 반등 (BB 하단),61186.4,61080.01681063363,1.0,1.0,
2024-05-10 15:15:00,강력한 반전 (BB 찢고 복귀),61186.4,61080.01681063363,1.5,1.0,
2024-05-10 16:00:00,강력한 반전 (BB 찢고 복귀),61057.9,60419.76987041432,1.5,1.0,
2024-05-10 23:00:00,추세확정 (BB 상단 돌파),60934.2,,2.0,1.0,60926.09339317981
2024-05-11 09:30:00,역추세 반등 (BB 하단),60765.0,60703.63158045208,1.0,1.0,
2024-05-11 09:30:00,강력한 반전 (BB 찢고 복귀),60765.0,60703.63158045208,1.5,1.0,
2024-05-11 11:15:00,역추세 반등 (BB 하단),60629.7,60585.04210085751,1.0,1.0,
2024-05-11 11:15:00,강력한 반전 (BB 찢고 복귀),60629.7,60585.04210085751,1.5,1.0,
2024-05-11 15:00:00,추세확정 (BB 상단 돌파),61143.4,,2.0,1.0,61053.09744111395
2024-05-11 20:30:00,역추세 반등 (BB 하단),60949.5,60938.25371937148,1.0,1.0,
2024-05-11 20:30:00,강력한 반전 (BB 찢고 복귀),60949.5,60938.25371937148,1.5,1.0,
2024-05-11 20:45:00,강력한 반전 (BB 찢고 복귀),60990.4,60921.73715203427,1.5,1.0,
2024-05-11 21:15:00,역추세 반등 (BB 하단),60885.9,60868.35520890778,1.0,1.0,
2024-05-11 21:15:00,강력한 반전 (BB 찢고 복귀),60885.9,60868.35520890778,1.5,1.0,
2024-05-11 21:30:00,강력한 반전 (BB 찢고 복귀),60891.2,60850.951102359795,1.5,1.0,
2024-05-11 23:45:00,강력한 반전 (BB 찢고 복귀),60810.2,60756.90621815657,1.5,1.0,
2024-05-12 04:45:00,추세확정 (BB 상단 돌파),61066.0,,2.0,1.0,61053.13216159648
2024-05-12 07:45:00,역추세 반등 (BB 하단),60789.3,60766.05134089548,1.0,1.0,
2024-05-12 07:45:00,강력한 반전 (BB 찢고 복귀),60789.3,60766.05134089548,1.5,1.0,
2024-05-12 08:15:00,강력한 반전 (BB 찢고 복귀),60878.0,60758.460559864965,1.5,1.0,
2024-05-12 10:15:00,추세확정 (BB 상단 돌파),61255.4,,2.0,1.0,61181.471111367384
2024-05-12 15:15:00,추세확정 (BB 상단 돌파),61300.0,,2.0,1.0,61264.04710909676
2024-05-12 21:30:00,역추세 반등 (BB 하단),61200.1,61099.23967418707,1.0,1.0,
2024-05-12 21:30:00,강력한 반전 (BB 찢고 복귀),61200.1,61099.23967418707,1.5,1.0,
2024-05-13 00:15:00,추세확정 (BB 상단 돌파),61686.0,,2.0,1.0,61620.63657160505
2024-05-13 03:30:00,역추세 반등 (BB 하단),60909.3,60761.90099723637,1.0,1.0,
2024-05-13 06:30:00,추세확정 (BB 상단 돌파),61460.3,,2.0,1.0,61405.412802341205
2024-05-13 16:15:00,추세확정 (BB 상단 돌파),63176.9,,2.0,1.0,63133.626109593046
2024-05-14 02:30:00,역추세 반등 (BB 하단),62561.6,62487.596388686274,1.0,1.0,
2024-05-14 02:30:00,강력한 반전 (BB 찢고 복귀),62561.6,62487.596388686274,1.5,1.0,
2024-05-14 06:30:00,역추세 반등 (BB 하단),61974.4,61847.25251610027,1.0,1.0,
2024-05-14 06:30:00,강력한 반전 (BB 찢고 복귀),61974.4,61847.25251610027,1.5,1.0,
2024-05-14 13:00:00,강력한 반전 (BB 찢고 복귀),61693.4,61530.80220164925,1.5,1.0,
2024-05-14 14:15:00,역추세 반등 (BB 하단),61963.4,61462.821847013896,1.0,1.0,
2024-05-14 14:15:00,강력한 반전 (BB 찢고 복귀),61963.4,61462.821847013896,1.5,1.0,
2024-05-14 16:45:00,역추세 반등 (BB 하단),61396.8,61326.50631311939,1.0,1.0,
2024-05-14 16:45:00,강력한 반전 (BB 찢고 복귀),61396.8,61326.50631311939,1.5,1.0,
2024-05-14 17:15:00,강력한 반전 (BB 찢고 복귀),61407.2,61248.686461191166,1.5,1.0,
2024-05-14 17:45:00,강력한 반전 (BB 찢고 복귀),61285.3,61141.55962363866,1.5,1.0,
2024-05-15 01:00:00,역추세 반등 (BB 하단),61604.6,61448.977665614024,1.0,1.0,
2024-05-15 01:00:00,강력한 반전 (BB 찢고 복귀),61604.6,61448.977665614024,1.5,1.0,
2024-05-15 02:00:00,추세확정 (BB 상단 돌파),61816.6,,2.0,1.0,61806.188132463634
2024-05-15 03:00:00,추세확정 (BB 상단 돌파),61898.9,,2.0,1.0,61883.841028292
2024-05-15 07:30:00,추세확정 (BB 상단 돌파),62107.5,,2.0,1.0,62050.007675596884
2024-05-15 09:30:00,추세확정 (BB 상단 돌파),62420.3,,2.0,1.0,62276.37433364996
2024-05-15 10:15:00,추세확정 (BB 상단 돌파),62803.2,,2.0,1.0,62641.660320139745
2024-05-15 12:30:00,추세확정 (BB 상단 돌파),63632.8,,2.0,1.0,63196.66881423809
2024-05-15 18:45:00,추세확정 (BB 상단 돌파),65696.2,,2.0,1.0,65677.60389785047
2024-05-15 19:15:00,추세확정 (BB 상단 돌파),65844.5,,2.0,1.0,65804.83565177483
2024-05-16 02:45:00,강력한 반전 (BB 찢고 복귀),65880.6,65811.80471009962,1.5,1.0,
2024-05-16 06:00:00,강력한 반전 (BB 찢고 복귀),65761.7,65691.73659078137,1.5,1.0,
2024-05-16 07:15:00,추세확정 (BB 상단 돌파),66076.8,,2.0,1.0,66074.43561276632
2024-05-16 08:00:00,추세확정 (BB 상단 돌파),66244.0,,2.0,1.0,66207.77160455319
2024-05-16 11:45:00,추세확정 (BB 상단 돌파),66476.1,,2.0,1.0,66397.4380381412
2024-05-16 13:15:00,역추세 반등 (BB 하단),65923.5,65868.17010159315,1.0,1.0,
2024-05-16 13:15:00,강력한 반전 (BB 찢고 복귀),65923.5,65868.17010159315,1.5,1.0,
2024-05-16 15:00:00,역추세 반등 (BB 하단),65631.4,65614.88266517303,1.0,1.0,
2024-05-16 15:00:00,강력한 반전 (BB 찢고 복귀),65631.4,65614.88266517303,1.5,1.0,
2024-05-16 15:15:00,강력한 반전 (BB 찢고 복귀),65775.9,65583.26202041823,1.5,1.0,
2024-05-16 17:00:00,역추세 반등 (BB 하단),65271.7,65150.90110806084,1.0,1.0,
2024-05-16 17:00:00,강력한 반전 (BB 찢고 복귀),65271.7,65150.90110806084,1.5,1.0,
2024-05-16 17:30:00,역추세 반등 (BB 하단),64723.6,64790.222463294514,1.0,1.0,
2024-05-16 17:45:00,역추세 반등 (BB 하단),64982.7,64707.41376797587,1.0,1.0,
2024-05-16 17:45:00,강력한 반전 (BB 찢고 복귀),64982.7,64707.41376797587,1.5,1.0,
2024-05-17 03:15:00,추세확정 (BB 상단 돌파),65610.6,,2.0,1.0,65544.70764901338
2024-05-17 06:45:00,추세확정 (BB 상단 돌파),65921.9,,2.0,1.0,65909.15144725288
2024-05-17 13:45:00,역추세 반등 (BB 하단),65915.2,65965.4986765862,1.0,1.0,
2024-05-17 14:00:00,역추세 반등 (BB 하단),66110.0,65953.81106624876,1.0,1.0,
2024-05-17 14:00:00,강력한 반전 (BB 찢고 복귀),66110.0,65953.81106624876,1.5,1.0,
2024-05-17 14:45:00,추세확정 (BB 상단 돌파),66799.9,,2.0,1.0,66642.95893321476
2024-05-18 04:45:00,강력한 반전 (BB 찢고 복귀),66853.4,66773.67454657535,1.5,1.0,
2024-05-18 06:30:00,역추세 반등 (BB 하단),66770.7,66742.64171541468,1.0,1.0,
2024-05-18 06:30:00,강력한 반전 (BB 찢고 복귀),66770.7,66742.64171541468,1.5,1.0,
2024-05-18 06:45:00,강력한 반전 (BB 찢고 복귀),66888.6,66746.63306895933,1.5,1.0,
2024-05-18 07:15:00,추세확정 (BB 상단 돌파),67152.2,,2.0,1.0,67024.99902414875
2024-05-18 10:15:00,추세확정 (BB 상단 돌파),67260.0,,2.0,1.0,67242.69069024902
2024-05-18 14:00:00,역추세 반등 (BB 하단),66840.0,66814.14936325923,1.0,1.0,
2024-05-18 14:00:00,강력한 반전 (BB 찢고 복귀),66840.0,66814.14936325923,1.5,1.0,
2024-05-18 14:15:00,강력한 반전 (BB 찢고 복귀),66998.0,66814.60348218195,1.5,1.0,
2024-05-18 14:45:00,역추세 반등 (BB 하단),66760.9,66690.52370399857,1.0,1.0,
2024-05-18 14:45:00,강력한 반전 (BB 찢고 복귀),66760.9,66690.52370399857,1.5,1.0,
2024-05-18 20:15:00,추세확정 (BB 상단 돌파),66962.9,,2.0,1.0,66950.60167376384
2024-05-19 02:15:00,추세확정 (BB 상단 돌파),67029.3,,2.0,1.0,66999.13088867362
2024-05-19 02:45:00,추세확정 (BB 상단 돌파),67169.9,,2.0,1.0,67074.76581309318
2024-05-19 03:15:00,추세확정 (BB 상단 돌파),67200.0,,2.0,1.0,67149.92567342191
2024-05-19 06:45:00,강력한 반전 (BB 찢고 복귀),67008.8,66928.94219778918,1.5,1.0,
2024-05-19 07:45:00,추세확정 (BB 상단 돌파),67297.5,,2.0,1.0,67256.60264361693
2024-05-19 10:30:00,추세확정 (BB 상단 돌파),67546.0,,2.0,1.0,67403.24397384256
2024-05-19 12:30:00,역추세 반등 (BB 하단),66959.9,66854.94524747941,1.0,1.0,
2024-05-19 12:30:00,강력한 반전 (BB 찢고 복귀),66959.9,66854.94524747941,1.5,1.0,
2024-05-19 13:30:00,강력한 반전 (BB 찢고 복귀),66884.0,66667.17218433181,1.5,1.0,
2024-05-19 19:15:00,역추세 반등 (BB 하단),66360.0,66341.37143477963,1.0,1.0,
2024-05-19 19:15:00,강력한 반전 (BB 찢고 복귀),66360.0,66341.37143477963,1.5,1.0,
2024-05-19 20:00:00,역추세 반등 (BB 하단),66239.0,66058.67262307524,1.0,1.0,
2024-05-19 20:00:00,강력한 반전 (BB 찢고 복귀),66239.0,66058.67262307524,1.5,1.0,
2024-05-20 00:45:00,추세확정 (BB 상단 돌파),66426.6,,2.0,1.0,66411.972307001
2024-05-20 01:30:00,강력한 반전 (BB 찢고 복귀),66370.8,66063.5199935339,1.5,1.0,
2024-05-20 01:45:00,추세확정 (BB 상단 돌파),66498.8,,2.0,1.0,66473.93547294622
2024-05-20 04:30:00,추세확정 (BB 상단 돌파),67045.1,,2.0,1.0,66951.84561401016
2024-05-20 07:00:00,강력한 반전 (BB 찢고 복귀),66632.1,66335.98428575558,1.5,1.0,
2024-05-20 15:30:00,추세확정 (BB 상단 돌파),67333.8,,2.0,1.0,67318.19913540772
2024-05-20 19:30:00,추세확정 (BB 상단 돌파),69730.1,,2.0,1.0,69564.47165241407
2024-05-20 23:15:00,추세확정 (BB 상단 돌파),71439.5,,2.0,1.0,70731.80158486454
2024-05-21 11:30:00,추세확정 (BB 상단 돌파),71332.1,,2.0,1.0,71320.75097681553
2024-05-21 13:30:00,강력한 반전 (BB 찢고 복귀),71156.7,70863.79378254883,1.5,1.0,
2024-05-21 14:00:00,역추세 반등 (BB 하단),70804.4,70735.2317250018,1.0,1.0,
2024-05-21 14:00:00,강력한 반전 (BB 찢고 복귀),70804.4,70735.2317250018,1.5,1.0,
2024-05-21 14:30:00,역추세 반등 (BB 하단),70480.1,70514.59806686519,1.0,1.0,
2024-05-21 15:00:00,역추세 반등 (BB 하단),70277.0,70242.28033382336,1.0,1.0,
2024-05-21 15:00:00,강력한 반전 (BB 찢고 복귀),70277.0,70242.28033382336,1.5,1.0,
2024-05-21 16:00:00,역추세 반등 (BB 하단),69994.5,69764.3457454507,1.0,1.0,
2024-05-21 16:00:00,강력한 반전 (BB 찢고 복귀),69994.5,69764.3457454507,1.5,1.0,
2024-05-21 20:00:00,강력한 반전 (BB 찢고 복귀),69567.3,69274.13798763932,1.5,1.0,
2024-05-21 22:45:00,추세확정 (BB 상단 돌파),70248.0,,2.0,1.0,70189.01483524659
2024-05-22 03:15:00,강력한 반전 (BB 찢고 복귀),70009.9,69951.32969820006,1.5,1.0,
2024-05-22 04:45:00,역추세 반등 (BB 하단),69650.7,69581.89987153102,1.0,1.0,
2024-05-22 04:45:00,강력한 반전 (BB 찢고 복귀),69650.7,69581.89987153102,1.5,1.0,
2024-05-22 10:30:00,추세확정 (BB 상단 돌파),70229.3,,2.0,1.0,70219.21575777969
2024-05-22 12:00:00,강력한 반전 (BB 찢고 복귀),70051.6,69695.37518978612,1.5,1.0,
2024-05-22 13:00:00,역추세 반등 (BB 하단),69862.8,69711.79475857309,1.0,1.0,
2024-05-22 13:00:00,강력한 반전 (BB 찢고 복귀),69862.8,69711.79475857309,1.5,1.0,
2024-05-22 13:45:00,역추세 반등 (BB 하단),69620.9,69548.63715287716,1.0,1.0,
2024-05-22 13:45:00,강력한 반전 (BB 찢고 복귀),69620.9,69548.63715287716,1.5,1.0,
2024-05-22 15:30:00,추세확정 (BB 상단 돌파),70544.5,,2.0,1.0,70474.35059999434
2024-05-22 16:00:00,추세확정 (BB 상단 돌파),70712.1,,2.0,1.0,70633.99623859616
2024-05-22 18:30:00,강력한 반전 (BB 찢고 복귀),69517.0,69286.62491915238,1.5,1.0,
2024-05-22 22:45:00,역추세 반등 (BB 하단),69191.0,69109.94076904684,1.0,1.0,
2024-05-22 22:45:00,강력한 반전 (BB 찢고 복귀),69191.0,69109.94076904684,1.5,1.0,
2024-05-23 05:45:00,강력한 반전 (BB 찢고 복귀),69531.0,69396.23516100174,1.5,1.0,
2024-05-23 07:30:00,추세확정 (BB 상단 돌파),69810.2,,2.0,1.0,69712.95933401016
2024-05-23 11:15:00,추세확정 (BB 상단 돌파),69977.4,,2.0,1.0,69941.14882895818
2024-05-23 11:45:00,추세확정 (BB 상단 돌파),70013.6,,2.0,1.0,70012.12255024657
2024-05-23 14:00:00,역추세 반등 (BB 하단),68262.4,68434.35643192702,1.0,1.0,
2024-05-23 18:30:00,역추세 반등 (BB 하단),67147.4,67179.81571948437,1.0,1.0,
2024-05-23 18:45:00,역추세 반등 (BB 하단),67442.2,67125.74260877781,1.0,1.0,
2024-05-23 20:15:00,역추세 반등 (BB 하단),67548.8,66814.77898153402,1.0,1.0,
2024-05-23 20:15:00,강력한 반전 (BB 찢고 복귀),67548.8,66814.77898153402,1.5,1.0,
2024-05-24 02:45:00,추세확정 (BB 상단 돌파),68018.0,,2.0,1.0,68016.247337799
2024-05-24 05:45:00,역추세 반등 (BB 하단),67324.0,67337.57802380125,1.0,1.0,
2024-05-24 06:00:00,역추세 반등 (BB 하단),67605.9,67326.89116188487,1.0,1.0,
2024-05-24 06:00:00,강력한 반전 (BB 찢고 복귀),67605.9,67326.89116188487,1.5,1.0,
2024-05-24 06:30:00,역추세 반등 (BB 하단),67242.0,67159.49314095557,1.0,1.0,
2024-05-24 06:30:00,강력한 반전 (BB 찢고 복귀),67242.0,67159.49314095557,1.5,1.0,
2024-05-24 07:00:00,역추세 반등 (BB 하단),67116.7,66943.45239620976,1.0,1.0,
2024-05-24 07:00:00,강력한 반전 (BB 찢고 복귀),67116.7,66943.45239620976,1.5,1.0,
2024-05-24 14:00:00,역추세 반등 (BB 하단),67204.3,67144.67424758093,1.0,1.0,
2024-05-24 14:00:00,강력한 반전 (BB 찢고 복귀),67204.3,67144.67424758093,1.5,1.0,
2024-05-24 14:15:00,추세확정 (BB 상단 돌파),67814.0,,2.0,1.0,67691.28568523675
2024-05-25 00:00:00,역추세 반등 (BB 하단),68678.8,68564.7793860431,1.0,1.0,
2024-05-25 00:00:00,강력한 반전 (BB 찢고 복귀),68678.8,68564.7793860431,1.5,1.0,
2024-05-25 06:45:00,강력한 반전 (BB 찢고 복귀),68674.9,68666.13117551437,1.5,1.0,
2024-05-25 07:00:00,강력한 반전 (BB 찢고 복귀),68679.7,68658.49427480319,1.5,1.0,
2024-05-25 07:15:00,강력한 반전 (BB 찢고 복귀),68790.0,68658.21713852082,1.5,1.0,
2024-05-25 08:00:00,추세확정 (BB 상단 돌파),68841.2,,2.0,1.0,68837.54325853997
2024-05-25 09:00:00,추세확정 (BB 상단 돌파),68957.1,,2.0,1.0,68955.95173134303
2024-05-25 09:45:00,추세확정 (BB 상단 돌파),69110.5,,2.0,1.0,69110.48074845714
2024-05-25 10:45:00,추세확정 (BB 상단 돌파),69396.1,,2.0,1.0,69331.80286410793
2024-05-25 22:30:00,강력한 반전 (BB 찢고 복귀),69137.5,69058.27594075324,1.5,1.0,
2024-05-25 23:00:00,추세확정 (BB 상단 돌파),69307.4,,2.0,1.0,69257.04839694941
2024-05-26 02:45:00,역추세 반등 (BB 하단),68920.1,68920.67851057436,1.0,1.0,
2024-05-26 03:00:00,역추세 반등 (BB 하단),68967.6,68899.50105922231,1.0,1.0,
2024-05-26 03:00:00,강력한 반전 (BB 찢고 복귀),68967.6,68899.50105922231,1.5,1.0,
2024-05-26 07:30:00,추세확정 (BB 상단 돌파),69357.6,,2.0,1.0,69273.30246469248
2024-05-26 12:30:00,강력한 반전 (BB 찢고 복귀),69055.3,68972.13788393613,1.5,1.0,
2024-05-26 14:45:00,추세확정 (BB 상단 돌파),69302.5,,2.0,1.0,69301.1464817375
2024-05-26 16:00:00,역추세 반등 (BB 하단),68940.0,68869.24407064795,1.0,1.0,
2024-05-26 16:00:00,강력한 반전 (BB 찢고 복귀),68940.0,68869.24407064795,1.5,1.0,
2024-05-26 16:30:00,역추세 반등 (BB 하단),68922.3,68787.56634378918,1.0,1.0,
2024-05-26 16:30:00,강력한 반전 (BB 찢고 복귀),68922.3,68787.56634378918,1.5,1.0,
2024-05-26 21:15:00,역추세 반등 (BB 하단),68635.1,68630.43022448813,1.0,1.0,
2024-05-26 21:15:00,강력한 반전 (BB 찢고 복귀),68635.1,68630.43022448813,1.5,1.0,
2024-05-26 21:45:00,역추세 반등 (BB 하단),68536.1,68492.63625449188,1.0,1.0,
2024-05-26 21:45:00,강력한 반전 (BB 찢고 복귀),68536.1,68492.63625449188,1.5,1.0,
2024-05-27 01:30:00,추세확정 (BB 상단 돌파),69159.0,,2.0,1.0,68983.5617897488
2024-05-27 05:30:00,역추세 반등 (BB 하단),68574.8,68476.66736512206,1.0,1.0,
2024-05-27 05:30:00,강력한 반전 (BB 찢고 복귀),68574.8,68476.66736512206,1.5,1.0,
2024-05-27 11:45:00,강력한 반전 (BB 찢고 복귀),68471.9,68373.6586499229,1.5,1.0,
2024-05-27 13:00:00,추세확정 (BB 상단 돌파),68884.1,,2.0,1.0,68845.74764925745
2024-05-27 13:30:00,추세확정 (BB 상단 돌파),68932.2,,2.0,1.0,68897.35038583932
2024-05-27 14:15:00,추세확정 (BB 상단 돌파),69091.0,,2.0,1.0,69084.97256796082
2024-05-27 20:00:00,역추세 반등 (BB 하단),69508.1,69473.34104214612,1.0,1.0,
2024-05-27 20:00:00,강력한 반전 (BB 찢고 복귀),69508.1,69473.34104214612,1.5,1.0,
2024-05-28 00:45:00,강력한 반전 (BB 찢고 복귀),69400.8,69255.98025332372,1.5,1.0,
2024-05-28 02:00:00,역추세 반등 (BB 하단),68740.1,68832.49697922908,1.0,1.0,
2024-05-28 02:15:00,역추세 반등 (BB 하단),68766.9,68730.86590428688,1.0,1.0,
2024-05-28 02:15:00,강력한 반전 (BB 찢고 복귀),68766.9,68730.86590428688,1.5,1.0,
2024-05-28 03:45:00,역추세 반등 (BB 하단),68042.8,67909.39671055345,1.0,1.0,
2024-05-28 03:45:00,강력한 반전 (BB 찢고 복귀),68042.8,67909.39671055345,1.5,1.0,
2024-05-28 08:00:00,강력한 반전 (BB 찢고 복귀),67928.4,67606.78345343863,1.5,1.0,
2024-05-28 09:30:00,추세확정 (BB 상단 돌파),68419.9,,2.0,1.0,68307.5074638755
2024-05-28 10:00:00,추세확정 (BB 상단 돌파),68738.4,,2.0,1.0,68527.56823357835
2024-05-28 14:00:00,역추세 반등 (BB 하단),68055.0,67890.10698685312,1.0,1.0,
2024-05-28 14:00:00,강력한 반전 (BB 찢고 복귀),68055.0,67890.10698685312,1.5,1.0,
2024-05-28 14:45:00,강력한 반전 (BB 찢고 복귀),67983.4,67753.93586369377,1.5,1.0,
2024-05-28 15:00:00,강력한 반전 (BB 찢고 복귀),68100.3,67754.02569323475,1.5,1.0,
2024-05-28 18:45:00,역추세 반등 (BB 하단),67889.5,67548.4670266534,1.0,1.0,
2024-05-28 18:45:00,강력한 반전 (BB 찢고 복귀),67889.5,67548.4670266534,1.5,1.0,
2024-05-29 01:30:00,추세확정 (BB 상단 돌파),68718.2,,2.0,1.0,68707.76506026692
2024-05-29 02:15:00,추세확정 (BB 상단 돌파),68947.4,,2.0,1.0,68808.1548650461
2024-05-29 07:30:00,역추세 반등 (BB 하단),68249.3,68258.98986414718,1.0,1.0,
2024-05-29 08:15:00,역추세 반등 (BB 하단),67956.7,67855.30206730023,1.0,1.0,
2024-05-29 08:15:00,강력한 반전 (BB 찢고 복귀),67956.7,67855.30206730023,1.5,1.0,
2024-05-29 13:00:00,추세확정 (BB 상단 돌파),68227.6,,2.0,1.0,68126.60656561187
2024-05-29 13:30:00,강력한 반전 (BB 찢고 복귀),67861.9,67725.30949806335,1.5,1.0,
2024-05-29 13:45:00,강력한 반전 (BB 찢고 복귀),67918.4,67726.65515461158,1.5,1.0,
2024-05-29 14:30:00,역추세 반등 (BB 하단),67735.8,67683.02239389041,1.0,1.0,
2024-05-29 14:30:00,강력한 반전 (BB 찢고 복귀),67735.8,67683.02239389041,1.5,1.0,
2024-05-29 15:15:00,역추세 반등 (BB 하단),67701.6,67576.32707587953,1.0,1.0,
2024-05-29 15:15:00,강력한 반전 (BB 찢고 복귀),67701.6,67576.32707587953,1.5,1.0,
2024-05-29 16:15:00,역추세 반등 (BB 하단),67379.7,67268.11594840532,1.0,1.0,
2024-05-29 16:15:00,강력한 반전 (BB 찢고 복귀),67379.7,67268.11594840532,1.5,1.0,
2024-05-29 20:00:00,강력한 반전 (BB 찢고 복귀),67314.9,67200.38753013828,1.5,1.0,
2024-05-30 02:00:00,추세확정 (BB 상단 돌파),67903.8,,2.0,1.0,67897.65572092553
2024-05-30 06:30:00,강력한 반전 (BB 찢고 복귀),67993.9,67841.82167262281,1.5,1.0,
2024-05-30 07:00:00,강력한 반전 (BB 찢고 복귀),67897.1,67847.95658980636,1.5,1.0,
2024-05-30 07:30:00,강력한 반전 (BB 찢고 복귀),67999.8,67802.98591523201,1.5,1.0,
2024-05-30 08:15:00,역추세 반등 (BB 하단),67394.9,67407.42711259291,1.0,1.0,
2024-05-30 08:30:00,역추세 반등 (BB 하단),67573.3,67359.38396204435,1.0,1.0,
2024-05-30 13:45:00,추세확정 (BB 상단 돌파),68641.7,,2.0,1.0,68515.65175264157
2024-05-30 14:15:00,추세확정 (BB 상단 돌파),68692.0,,2.0,1.0,68684.34412864524
2024-05-30 17:00:00,추세확정 (BB 상단 돌파),68921.9,,2.0,1.0,68866.33783290662
2024-05-30 20:15:00,강력한 반전 (BB 찢고 복귀),68456.9,68072.81204402173,1.5,1.0,
2024-05-31 01:00:00,추세확정 (BB 상단 돌파),68631.0,,2.0,1.0,68562.81094859965
2024-05-31 02:00:00,추세확정 (BB 상단 돌파),68607.7,,2.0,1.0,68594.75540049611
2024-05-31 05:30:00,강력한 반전 (BB 찢고 복귀),68403.6,68383.5812136501,1.5,1.0,
2024-05-31 05:45:00,강력한 반전 (BB 찢고 복귀),68433.9,68377.97247450498,1.5,1.0,
2024-05-31 06:15:00,역추세 반등 (BB 하단),68390.6,68327.6202089868,1.0,1.0,
2024-05-31 06:15:00,강력한 반전 (BB 찢고 복귀),68390.6,68327.6202089868,1.5,1.0,
2024-05-31 07:00:00,역추세 반등 (BB 하단),68326.9,68259.1978482321,1.0,1.0,
2024-05-31 07:00:00,강력한 반전 (BB 찢고 복귀),68326.9,68259.1978482321,1.5,1.0,
2024-05-31 07:45:00,역추세 반등 (BB 하단),68187.2,68167.01485359335,1.0,1.0,
2024-05-31 07:45:00,강력한 반전 (BB 찢고 복귀),68187.2,68167.01485359335,1.5,1.0,
2024-05-31 09:30:00,역추세 반등 (BB 하단),68002.2,67984.31708030881,1.0,1.0,
2024-05-31 09:30:00,강력한 반전 (BB 찢고 복귀),68002.2,67984.31708030881,1.5,1.0,
2024-05-31 10:00:00,강력한 반전 (BB 찢고 복귀),68209.5,67948.85723993654,1.5,1.0,
2024-05-31 12:15:00,추세확정 (BB 상단 돌파),68586.0,,2.0,1.0,68570.92304020181
2024-05-31 14:45:00,역추세 반등 (BB 하단),67527.1,67478.1513316298,1.0,1.0,
2024-05-31 14:45:00,강력한 반전 (BB 찢고 복귀),67527.1,67478.1513316298,1.5,1.0,
2024-05-31 16:15:00,강력한 반전 (BB 찢고 복귀),67002.1,66664.72698292976,1.5,1.0,
2024-05-31 19:30:00,추세확정 (BB 상단 돌파),67871.9,,2.0,1.0,67811.60264130255
2024-05-31 23:30:00,역추세 반등 (BB 하단),67521.4,67331.12866333859,1.0,1.0,
2024-05-31 23:30:00,강력한 반전 (BB 찢고 복귀),67521.4,67331.12866333859,1.5,1.0,
2024-06-01 07:30:00,강력한 반전 (BB 찢고 복귀),67694.5,67641.1007683595,1.5,1.0,
2024-06-01 13:00:00,추세확정 (BB 상단 돌파),67828.7,,2.0,1.0,67808.46823759428
2024-06-01 14:30:00,추세확정 (BB 상단 돌파),67858.5,,2.0,1.0,67855.28403518966
2024-06-01 16:15:00,강력한 반전 (BB 찢고 복귀),67742.8,67678.69660344449,1.5,1.0,
2024-06-01 16:45:00,강력한 반전 (BB 찢고 복귀),67722.7,67683.1109874966,1.5,1.0,
2024-06-01 17:15:00,강력한 반전 (BB 찢고 복귀),67702.5,67663.53856380083,1.5,1.0,
2024-06-01 17:45:00,강력한 반전 (BB 찢고 복귀),67809.3,67653.61888538167,1.5,1.0,
2024-06-01 22:15:00,추세확정 (BB 상단 돌파),67870.2,,2.0,1.0,67867.9763109292
2024-06-02 00:45:00,추세확정 (BB 상단 돌파),67916.0,,2.0,1.0,67889.91790280126
2024-06-02 07:30:00,강력한 반전 (BB 찢고 복귀),67772.5,67743.63793041941,1.5,1.0,
2024-06-02 08:00:00,역추세 반등 (BB 하단),67784.9,67734.34622419685,1.0,1.0,
2024-06-02 08:00:00,강력한 반전 (BB 찢고 복귀),67784.9,67734.34622419685,1.5,1.0,
2024-06-02 09:45:00,역추세 반등 (BB 하단),67561.8,67545.27096479818,1.0,1.0,
2024-06-02 09:45:00,강력한 반전 (BB 찢고 복귀),67561.8,67545.27096479818,1.5,1.0,
2024-06-02 10:15:00,강력한 반전 (BB 찢고 복귀),67528.7,67478.7917088078,1.5,1.0,
2024-06-02 11:45:00,추세확정 (BB 상단 돌파),68260.0,,2.0,1.0,68053.41494719764
2024-06-02 17:30:00,강력한 반전 (BB 찢고 복귀),68006.5,67886.2905703246,1.5,1.0,
2024-06-02 18:30:00,역추세 반등 (BB 하단),67760.7,67654.54669924006,1.0,1.0,
2024-06-02 18:30:00,강력한 반전 (BB 찢고 복귀),67760.7,67654.54669924006,1.5,1.0,
2024-06-03 00:30:00,강력한 반전 (BB 찢고 복귀),67697.4,67646.55120192077,1.5,1.0,
2024-06-03 01:00:00,추세확정 (BB 상단 돌파),68156.2,,2.0,1.0,68065.16653504486
2024-06-03 01:45:00,추세확정 (BB 상단 돌파),68498.2,,2.0,1.0,68326.79416337276
2024-06-03 06:00:00,추세확정 (BB 상단 돌파),68859.3,,2.0,1.0,68854.3895430543
2024-06-03 12:15:00,추세확정 (BB 상단 돌파),69441.8,,2.0,1.0,69400.28382498681
2024-06-03 13:30:00,추세확정 (BB 상단 돌파),70020.5,,2.0,1.0,69903.3769174482
2024-06-03 21:15:00,강력한 반전 (BB 찢고 복귀),69073.0,68974.78136803434,1.5,1.0,
2024-06-03 22:15:00,역추세 반등 (BB 하단),68996.5,68906.40921764042,1.0,1.0,
2024-06-03 22:15:00,강력한 반전 (BB 찢고 복귀),68996.5,68906.40921764042,1.5,1.0,
2024-06-04 06:15:00,역추세 반등 (BB 하단),68999.9,68952.46906163341,1.0,1.0,
2024-06-04 06:15:00,강력한 반전 (BB 찢고 복귀),68999.9,68952.46906163341,1.5,1.0,
2024-06-04 09:30:00,역추세 반등 (BB 하단),68760.4,68751.10907505397,1.0,1.0,
2024-06-04 09:30:00,강력한 반전 (BB 찢고 복귀),68760.4,68751.10907505397,1.5,1.0,
2024-06-04 09:45:00,강력한 반전 (BB 찢고 복귀),68761.5,68715.07460017344,1.5,1.0,
2024-06-04 13:00:00,추세확정 (BB 상단 돌파),69273.3,,2.0,1.0,69256.72486267667
2024-06-04 15:45:00,추세확정 (BB 상단 돌파),70485.9,,2.0,1.0,70404.30946591962
2024-06-04 16:15:00,추세확정 (BB 상단 돌파),70909.0,,2.0,1.0,70793.1893535826
2024-06-05 01:15:00,추세확정 (BB 상단 돌파),71041.6,,2.0,1.0,70922.39861583065
2024-06-05 07:30:00,추세확정 (BB 상단 돌파),71391.1,,2.0,1.0,71334.2544178475
2024-06-05 12:30:00,강력한 반전 (BB 찢고 복귀),71070.2,70726.00688658492,1.5,1.0,
2024-06-05 13:15:00,추세확정 (BB 상단 돌파),71164.0,,2.0,1.0,71153.54795209302
2024-06-05 14:15:00,역추세 반등 (BB 하단),70781.9,70612.8806757262,1.0,1.0,
2024-06-05 14:15:00,강력한 반전 (BB 찢고 복귀),70781.9,70612.8806757262,1.5,1.0,
2024-06-05 15:15:00,추세확정 (BB 상단 돌파),71599.9,,2.0,1.0,71357.81648366887
2024-06-05 23:30:00,역추세 반등 (BB 하단),71108.0,70924.01722004346,1.0,1.0,
2024-06-05 23:30:00,강력한 반전 (BB 찢고 복귀),71108.0,70924.01722004346,1.5,1.0,
2024-06-06 04:15:00,강력한 반전 (BB 찢고 복귀),70989.4,70964.44717262409,1.5,1.0,
2024-06-06 05:30:00,역추세 반등 (BB 하단),70926.1,70864.7566851447,1.0,1.0,
2024-06-06 05:30:00,강력한 반전 (BB 찢고 복귀),70926.1,70864.7566851447,1.5,1.0,
2024-06-06 05:45:00,강력한 반전 (BB 찢고 복귀),70946.9,70852.11818781457,1.5,1.0,
2024-06-06 09:00:00,추세확정 (BB 상단 돌파),71121.8,,2.0,1.0,71119.74855704216
2024-06-06 11:30:00,추세확정 (BB 상단 돌파),71174.3,,2.0,1.0,71140.8678459302
2024-06-06 13:30:00,추세확정 (BB 상단 돌파),71532.8,,2.0,1.0,71442.12281722912
2024-06-06 15:15:00,추세확정 (BB 상단 돌파),71634.1,,2.0,1.0,71613.61944278987
2024-06-06 16:45:00,역추세 반등 (BB 하단),70971.1,70910.47641836938,1.0,1.0,
2024-06-06 16:45:00,강력한 반전 (BB 찢고 복귀),70971.1,70910.47641836938,1.5,1.0,
2024-06-06 17:00:00,강력한 반전 (BB 찢고 복귀),71015.3,70882.60453346593,1.5,1.0,
2024-06-06 20:15:00,역추세 반등 (BB 하단),70614.9,70478.90705533263,1.0,1.0,
2024-06-06 20:15:00,강력한 반전 (BB 찢고 복귀),70614.9,70478.90705533263,1.5,1.0,
2024-06-07 01:30:00,강력한 반전 (BB 찢고 복귀),70824.9,70724.20754336039,1.5,1.0,
2024-06-07 02:45:00,강력한 반전 (BB 찢고 복귀),70862.9,70751.48474989533,1.5,1.0,
2024-06-07 03:15:00,추세확정 (BB 상단 돌파),71023.2,,2.0,1.0,70981.68157193315
2024-06-07 03:45:00,추세확정 (BB 상단 돌파),71021.3,,2.0,1.0,71015.23909792285
2024-06-07 04:45:00,추세확정 (BB 상단 돌파),71253.1,,2.0,1.0,71244.64123144338
2024-06-07 11:30:00,추세확정 (BB 상단 돌파),71579.3,,2.0,1.0,71529.61050808219
2024-06-07 15:45:00,강력한 반전 (BB 찢고 복귀),71146.9,70905.29139525474,1.5,1.0,
2024-06-07 18:15:00,역추세 반등 (BB 하단),69081.0,69212.50885277527,1.0,1.0,
2024-06-07 18:30:00,역추세 반등 (BB 하단),69267.7,68992.432966219,1.0,1.0,
2024-06-07 18:30:00,강력한 반전 (BB 찢고 복귀),69267.7,68992.432966219,1.5,1.0,
2024-06-08 05:15:00,역추세 반등 (BB 하단),69349.8,69314.91172203895,1.0,1.0,
2024-06-08 05:15:00,강력한 반전 (BB 찢고 복귀),69349.8,69314.91172203895,1.5,1.0,
2024-06-08 12:00:00,강력한 반전 (BB 찢고 복귀),69410.1,69358.53113380971,1.5,1.0,
2024-06-08 12:45:00,역추세 반등 (BB 하단),69385.5,69337.79846302583,1.0,1.0,
2024-06-08 12:45:00,강력한 반전 (BB 찢고 복귀),69385.5,69337.79846302583,1.5,1.0,
2024-06-08 13:30:00,역추세 반등 (BB 하단),69384.0,69279.78916658858,1.0,1.0,
2024-06-08 13:30:00,강력한 반전 (BB 찢고 복귀),69384.0,69279.78916658858,1.5,1.0,
2024-06-08 21:00:00,강력한 반전 (BB 찢고 복귀),69404.0,69370.03858536472,1.5,1.0,
2024-06-08 21:15:00,강력한 반전 (BB 찢고 복귀),69422.4,69379.58361410207,1.5,1.0,
2024-06-08 22:30:00,역추세 반등 (BB 하단),69365.0,69335.1758544474,1.0,1.0,
2024-06-08 22:30:00,강력한 반전 (BB 찢고 복귀),69365.0,69335.1758544474,1.5,1.0,
2024-06-09 00:30:00,강력한 반전 (BB 찢고 복귀),69343.8,69278.69456434283,1.5,1.0,
2024-06-09 03:00:00,역추세 반등 (BB 하단),69220.6,69205.67770211086,1.0,1.0,
2024-06-09 03:00:00,강력한 반전 (BB 찢고 복귀),69220.6,69205.67770211086,1.5,1.0,
2024-06-09 03:15:00,강력한 반전 (BB 찢고 복귀),69230.0,69196.1665749261,1.5,1.0,
2024-06-09 12:30:00,추세확정 (BB 상단 돌파),69548.7,,2.0,1.0,69467.08162822908
2024-06-09 18:00:00,추세확정 (BB 상단 돌파),69761.1,,2.0,1.0,69748.97178957578
2024-06-10 00:30:00,역추세 반등 (BB 하단),69496.3,69506.72507919814,1.0,1.0,
2024-06-10 00:45:00,역추세 반등 (BB 하단),69568.9,69498.35581547384,1.0,1.0,
2024-06-10 00:45:00,강력한 반전 (BB 찢고 복귀),69568.9,69498.35581547384,1.5,1.0,
2024-06-10 06:00:00,강력한 반전 (BB 찢고 복귀),69569.6,69513.64339619642,1.5,1.0,
2024-06-10 08:00:00,역추세 반등 (BB 하단),69431.7,69320.76380133786,1.0,1.0,
2024-06-10 08:00:00,강력한 반전 (BB 찢고 복귀),69431.7,69320.76380133786,1.5,1.0,
2024-06-10 09:30:00,강력한 반전 (BB 찢고 복귀),69389.4,69277.38650162502,1.5,1.0,
2024-06-10 11:30:00,추세확정 (BB 상단 돌파),69540.0,,2.0,1.0,69531.09088985824
2024-06-10 13:15:00,강력한 반전 (BB 찢고 복귀),69341.9,69288.33929750114,1.5,1.0,
2024-06-10 13:30:00,강력한 반전 (BB 찢고 복귀),69484.7,69289.1996979931,1.5,1.0,
2024-06-10 14:30:00,추세확정 (BB 상단 돌파),69596.5,,2.0,1.0,69576.15723350708
2024-06-10 19:15:00,강력한 반전 (BB 찢고 복귀),69755.7,69607.23221783889,1.5,1.0,
2024-06-10 20:15:00,역추세 반등 (BB 하단),69588.1,69459.88397935634,1.0,1.0,
2024-06-10 20:15:00,강력한 반전 (BB 찢고 복귀),69588.1,69459.88397935634,1.5,1.0,
2024-06-11 01:00:00,강력한 반전 (BB 찢고 복귀),69487.0,69377.93879693763,1.5,1.0,
2024-06-11 02:45:00,역추세 반등 (BB 하단),68223.9,68134.32080007294,1.0,1.0,
2024-06-11 02:45:00,강력한 반전 (BB 찢고 복귀),68223.9,68134.32080007294,1.5,1.0,
2024-06-11 08:15:00,강력한 반전 (BB 찢고 복귀),67429.6,67298.20859638504,1.5,1.0,
2024-06-11 10:00:00,역추세 반등 (BB 하단),67132.0,67070.54076332695,1.0,1.0,
2024-06-11 10:00:00,강력한 반전 (BB 찢고 복귀),67132.0,67070.54076332695,1.5,1.0,
2024-06-11 11:00:00,강력한 반전 (BB 찢고 복귀),67082.4,66879.62832208403,1.5,1.0,
2024-06-11 15:00:00,강력한 반전 (BB 찢고 복귀),67034.0,66738.32841407156,1.5,1.0,
2024-06-11 15:45:00,역추세 반등 (BB 하단),66218.9,66340.27890439774,1.0,1.0,
2024-06-11 16:00:00,역추세 반등 (BB 하단),66620.1,66310.03312903378,1.0,1.0,
2024-06-11 16:00:00,강력한 반전 (BB 찢고 복귀),66620.1,66310.03312903378,1.5,1.0,
2024-06-12 01:45:00,역추세 반등 (BB 하단),67138.6,66962.2836224171,1.0,1.0,
2024-06-12 01:45:00,강력한 반전 (BB 찢고 복귀),67138.6,66962.2836224171,1.5,1.0,
2024-06-12 09:45:00,추세확정 (BB 상단 돌파),67703.5,,2.0,1.0,67595.91478492571
2024-06-12 10:45:00,추세확정 (BB 상단 돌파),67961.9,,2.0,1.0,67939.73524910708
2024-06-12 12:30:00,추세확정 (BB 상단 돌파),69372.6,,2.0,1.0,68618.43528907665
2024-06-12 18:15:00,강력한 반전 (BB 찢고 복귀),69161.7,69134.02675780344,1.5,1.0,
2024-06-12 18:30:00,강력한 반전 (BB 찢고 복귀),69162.8,69087.01824245082,1.5,1.0,
2024-06-12 19:00:00,역추세 반등 (BB 하단),68900.4,68864.1516707912,1.0,1.0,
2024-06-12 19:00:00,강력한 반전 (BB 찢고 복귀),68900.4,68864.1516707912,1.5,1.0,
2024-06-12 20:00:00,역추세 반등 (BB 하단),67763.7,67777.0684781668,1.0,1.0,
2024-06-12 20:15:00,역추세 반등 (BB 하단),67940.0,67621.8110264481,1.0,1.0,
2024-06-13 02:15:00,역추세 반등 (BB 하단),68066.0,67880.05164371028,1.0,1.0,
2024-06-13 02:15:00,강력한 반전 (BB 찢고 복귀),68066.0,67880.05164371028,1.5,1.0,
2024-06-13 03:00:00,역추세 반등 (BB 하단),67801.1,67745.85676374496,1.0,1.0,
2024-06-13 03:00:00,강력한 반전 (BB 찢고 복귀),67801.1,67745.85676374496,1.5,1.0,
2024-06-13 03:45:00,역추세 반등 (BB 하단),67442.0,67344.6935029776,1.0,1.0,
2024-06-13 03:45:00,강력한 반전 (BB 찢고 복귀),67442.0,67344.6935029776,1.5,1.0,
2024-06-13 09:45:00,역추세 반등 (BB 하단),67398.9,67254.04196161704,1.0,1.0,
2024-06-13 09:45:00,강력한 반전 (BB 찢고 복귀),67398.9,67254.04196161704,1.5,1.0,
2024-06-13 10:15:00,강력한 반전 (BB 찢고 복귀),67351.5,67201.08161237134,1.5,1.0,
2024-06-13 16:00:00,역추세 반등 (BB 하단),66677.2,66507.58033497598,1.0,1.0,
2024-06-13 16:00:00,강력한 반전 (BB 찢고 복귀),66677.2,66507.58033497598,1.5,1.0,
2024-06-14 01:30:00,강력한 반전 (BB 찢고 복귀),66608.8,66554.0546521933,1.5,1.0,
2024-06-14 05:30:00,추세확정 (BB 상단 돌파),67093.9,,2.0,1.0,66969.2368204441
2024-06-14 08:00:00,추세확정 (BB 상단 돌파),67160.0,,2.0,1.0,67150.06609802367
2024-06-14 10:00:00,강력한 반전 (BB 찢고 복귀),66912.5,66781.14830970544,1.5,1.0,
2024-06-14 11:00:00,강력한 반전 (BB 찢고 복귀),66872.1,66751.6550520095,1.5,1.0,
2024-06-14 13:15:00,추세확정 (BB 상단 돌파),67313.0,,2.0,1.0,67265.64123730423
2024-06-14 14:30:00,역추세 반등 (BB 하단),66817.2,66682.7334300957,1.0,1.0,
2024-06-14 14:30:00,강력한 반전 (BB 찢고 복귀),66817.2,66682.7334300957,1.5,1.0,
2024-06-14 16:45:00,역추세 반등 (BB 하단),65260.1,65279.66850786989,1.0,1.0,
2024-06-14 17:00:00,역추세 반등 (BB 하단),65385.0,65106.407936093536,1.0,1.0,
2024-06-14 17:00:00,강력한 반전 (BB 찢고 복귀),65385.0,65106.407936093536,1.5,1.0,
2024-06-14 21:15:00,추세확정 (BB 상단 돌파),66087.9,,2.0,1.0,65989.74464241436
2024-06-15 14:30:00,강력한 반전 (BB 찢고 복귀),66199.3,66156.69686409968,1.5,1.0,
2024-06-15 17:00:00,강력한 반전 (BB 찢고 복귀),66196.3,66144.70450751318,1.5,1.0,
2024-06-15 18:15:00,강력한 반전 (BB 찢고 복귀),66151.8,66127.96317190112,1.5,1.0,
2024-06-15 19:15:00,강력한 반전 (BB 찢고 복귀),66135.5,66073.2268382231,1.5,1.0,
2024-06-15 20:30:00,역추세 반등 (BB 하단),66065.4,65995.05975333104,1.0,1.0,
2024-06-15 20:30:00,강력한 반전 (BB 찢고 복귀),66065.4,65995.05975333104,1.5,1.0,
2024-06-15 23:00:00,추세확정 (BB 상단 돌파),66230.6,,2.0,1.0,66215.15018995541
2024-06-16 04:30:00,강력한 반전 (BB 찢고 복귀),66160.9,66048.43307176196,1.5,1.0,
2024-06-16 05:45:00,추세확정 (BB 상단 돌파),66227.4,,2.0,1.0,66209.02125469943
2024-06-16 06:45:00,추세확정 (BB 상단 돌파),66270.9,,2.0,1.0,66249.18399073352
2024-06-16 09:15:00,추세확정 (BB 상단 돌파),66349.1,,2.0,1.0,66329.06199114895
2024-06-16 09:45:00,추세확정 (BB 상단 돌파),66370.0,,2.0,1.0,66359.07798101689
2024-06-16 10:30:00,추세확정 (BB 상단 돌파),66554.4,,2.0,1.0,66456.14870417566
2024-06-16 20:15:00,강력한 반전 (BB 찢고 복귀),66568.7,66479.93938555145,1.5,1.0,
2024-06-16 21:00:00,강력한 반전 (BB 찢고 복귀),66488.8,66470.41923381027,1.5,1.0,
2024-06-16 21:45:00,역추세 반등 (BB 하단),66485.9,66438.92127541285,1.0,1.0,
2024-06-16 21:45:00,강력한 반전 (BB 찢고 복귀),66485.9,66438.92127541285,1.5,1.0,
2024-06-16 22:00:00,추세확정 (BB 상단 돌파),66702.0,,2.0,1.0,66661.58904113223
2024-06-17 01:45:00,역추세 반등 (BB 하단),66443.9,66323.59237978596,1.0,1.0,
2024-06-17 01:45:00,강력한 반전 (BB 찢고 복귀),66443.9,66323.59237978596,1.5,1.0,
2024-06-17 02:30:00,역추세 반등 (BB 하단),66323.5,66235.54375225544,1.0,1.0,
2024-06-17 02:30:00,강력한 반전 (BB 찢고 복귀),66323.5,66235.54375225544,1.5,1.0,
2024-06-17 06:15:00,강력한 반전 (BB 찢고 복귀),66269.1,66159.88289240717,1.5,1.0,
2024-06-17 07:15:00,역추세 반등 (BB 하단),66241.7,66029.4790460779,1.0,1.0,
2024-06-17 07:15:00,강력한 반전 (BB 찢고 복귀),66241.7,66029.4790460779,1.5,1.0,
2024-06-17 08:30:00,강력한 반전 (BB 찢고 복귀),66144.8,65973.40052280661,1.5,1.0,
2024-06-17 10:00:00,역추세 반등 (BB 하단),65756.5,65756.92164795112,1.0,1.0,
2024-06-17 10:30:00,역추세 반등 (BB 하단),65814.4,65645.90815566228,1.0,1.0,
2024-06-17 10:30:00,강력한 반전 (BB 찢고 복귀),65814.4,65645.90815566228,1.5,1.0,
2024-06-17 13:00:00,강력한 반전 (BB 찢고 복귀),65673.6,65444.3133024925,1.5,1.0,
2024-06-17 14:00:00,역추세 반등 (BB 하단),65313.5,65233.88089906313,1.0,1.0,
2024-06-17 14:00:00,강력한 반전 (BB 찢고 복귀),65313.5,65233.88089906313,1.5,1.0,
2024-06-17 16:15:00,강력한 반전 (BB 찢고 복귀),65782.9,65193.66120790918,1.5,1.0,
2024-06-17 17:00:00,추세확정 (BB 상단 돌파),66022.1,,2.0,1.0,66012.95969751962
2024-06-17 17:30:00,추세확정 (BB 상단 돌파),66455.8,,2.0,1.0,66235.22022296797
2024-06-18 01:45:00,역추세 반등 (BB 하단),65102.0,65009.9054073997,1.0,1.0,
2024-06-18 01:45:00,강력한 반전 (BB 찢고 복귀),65102.0,65009.9054073997,1.5,1.0,
2024-06-18 10:15:00,역추세 반등 (BB 하단),65494.7,65387.08993536258,1.0,1.0,
2024-06-18 10:15:00,강력한 반전 (BB 찢고 복귀),65494.7,65387.08993536258,1.5,1.0,
2024-06-18 11:30:00,역추세 반등 (BB 하단),65210.0,65179.74131828816,1.0,1.0,
2024-06-18 11:30:00,강력한 반전 (BB 찢고 복귀),65210.0,65179.74131828816,1.5,1.0,
2024-06-18 12:30:00,역추세 반등 (BB 하단),65061.7,64973.53844244386,1.0,1.0,
2024-06-18 12:30:00,강력한 반전 (BB 찢고 복귀),65061.7,64973.53844244386,1.5,1.0,
2024-06-18 13:30:00,강력한 반전 (BB 찢고 복귀),64884.1,64781.45304795441,1.5,1.0,
2024-06-18 14:00:00,강력한 반전 (BB 찢고 복귀),64839.7,64704.15544585405,1.5,1.0,
2024-06-18 15:15:00,역추세 반등 (BB 하단),64434.6,64423.97630681669,1.0,1.0,
2024-06-18 15:15:00,강력한 반전 (BB 찢고 복귀),64434.6,64423.97630681669,1.5,1.0,
2024-06-18 16:15:00,강력한 반전 (BB 찢고 복귀),64594.8,64310.99045263772,1.5,1.0,
2024-06-18 18:00:00,강력한 반전 (BB 찢고 복귀),64682.9,64282.64185210207,1.5,1.0,
2024-06-18 19:45:00,강력한 반전 (BB 찢고 복귀),64398.8,64291.6574584449,1.5,1.0,
2024-06-18 20:00:00,강력한 반전 (BB 찢고 복귀),64420.0,64294.282027761365,1.5,1.0,
2024-06-18 20:45:00,추세확정 (BB 상단 돌파),64915.8,,2.0,1.0,64896.590626270074
2024-06-18 21:45:00,추세확정 (BB 상단 돌파),65195.8,,2.0,1.0,65179.953986684224
2024-06-19 01:45:00,강력한 반전 (BB 찢고 복귀),65006.9,64867.677413190024,1.5,1.0,
2024-06-19 02:15:00,추세확정 (BB 상단 돌파),65425.2,,2.0,1.0,65383.82758942488
2024-06-19 07:30:00,강력한 반전 (BB 찢고 복귀),65264.4,65231.05541696045,1.5,1.0,
2024-06-19 14:30:00,강력한 반전 (BB 찢고 복귀),64930.0,64841.55044783711,1.5,1.0,
2024-06-19 15:45:00,강력한 반전 (BB 찢고 복귀),64900.9,64759.504455992115,1.5,1.0,
2024-06-19 19:45:00,강력한 반전 (BB 찢고 복귀),64848.0,64765.942272975044,1.5,1.0,
2024-06-19 20:15:00,강력한 반전 (BB 찢고 복귀),64830.2,64728.337634041665,1.5,1.0,
2024-06-19 20:45:00,강력한 반전 (BB 찢고 복귀),64855.4,64704.571634907596,1.5,1.0,
2024-06-20 01:00:00,추세확정 (BB 상단 돌파),65143.5,,2.0,1.0,65128.63212061613
2024-06-20 05:15:00,추세확정 (BB 상단 돌파),65333.0,,2.0,1.0,65330.22294407659
2024-06-20 07:15:00,추세확정 (BB 상단 돌파),65827.7,,2.0,1.0,65728.83628802901
2024-06-20 10:45:00,추세확정 (BB 상단 돌파),66189.9,,2.0,1.0,66019.41898649625
2024-06-20 13:30:00,강력한 반전 (BB 찢고 복귀),65373.0,65245.746436726746,1.5,1.0,
2024-06-20 14:15:00,역추세 반등 (BB 하단),65051.9,64872.89736073266,1.0,1.0,
2024-06-20 14:15:00,강력한 반전 (BB 찢고 복귀),65051.9,64872.89736073266,1.5,1.0,
2024-06-21 00:15:00,역추세 반등 (BB 하단),64810.6,64773.41632554659,1.0,1.0,
2024-06-21 00:15:00,강력한 반전 (BB 찢고 복귀),64810.6,64773.41632554659,1.5,1.0,
2024-06-21 00:30:00,강력한 반전 (BB 찢고 복귀),64872.8,64760.63562284299,1.5,1.0,
2024-06-21 01:15:00,역추세 반등 (BB 하단),64915.6,64681.702294192815,1.0,1.0,
2024-06-21 01:15:00,강력한 반전 (BB 찢고 복귀),64915.6,64681.702294192815,1.5,1.0,
2024-06-21 04:00:00,역추세 반등 (BB 하단),64509.0,64526.09160899368,1.0,1.0,
2024-06-21 04:15:00,역추세 반등 (BB 하단),64561.8,64496.73510826445,1.0,1.0,
2024-06-21 04:15:00,강력한 반전 (BB 찢고 복귀),64561.8,64496.73510826445,1.5,1.0,
2024-06-21 08:00:00,역추세 반등 (BB 하단),64255.8,64270.61663895893,1.0,1.0,
2024-06-21 09:00:00,역추세 반등 (BB 하단),63649.0,63775.75513174091,1.0,1.0,
2024-06-21 09:15:00,역추세 반등 (BB 하단),63860.0,63697.47665273508,1.0,1.0,
2024-06-21 09:15:00,강력한 반전 (BB 찢고 복귀),63860.0,63697.47665273508,1.5,1.0,
2024-06-21 12:15:00,강력한 반전 (BB 찢고 복귀),63709.1,63442.10573761574,1.5,1.0,
2024-06-21 13:30:00,강력한 반전 (BB 찢고 복귀),63766.9,63479.121366297215,1.5,1.0,
2024-06-21 14:00:00,강력한 반전 (BB 찢고 복귀),63771.4,63489.69286685381,1.5,1.0,
2024-06-21 14:45:00,추세확정 (BB 상단 돌파),64200.4,,2.0,1.0,64164.79935396053
2024-06-22 02:00:00,추세확정 (BB 상단 돌파),64251.9,,2.0,1.0,64241.44817642736
2024-06-22 06:30:00,추세확정 (BB 상단 돌파),64455.7,,2.0,1.0,64438.43022192797
2024-06-22 09:15:00,강력한 반전 (BB 찢고 복귀),64274.0,64200.116428056324,1.5,1.0,
2024-06-22 14:15:00,추세확정 (BB 상단 돌파),64332.9,,2.0,1.0,64324.84947492625
2024-06-22 19:30:00,강력한 반전 (BB 찢고 복귀),64231.4,64207.38522932537,1.5,1.0,
2024-06-23 00:00:00,추세확정 (BB 상단 돌파),64314.9,,2.0,1.0,64310.3436281822
2024-06-23 00:30:00,추세확정 (BB 상단 돌파),64444.8,,2.0,1.0,64369.14430003696
2024-06-23 10:15:00,역추세 반등 (BB 하단),64349.1,64316.69840507253,1.0,1.0,
2024-06-23 10:15:00,강력한 반전 (BB 찢고 복귀),64349.1,64316.69840507253,1.5,1.0,
2024-06-23 11:00:00,역추세 반등 (BB 하단),64293.9,64290.175214948096,1.0,1.0,
2024-06-23 11:00:00,강력한 반전 (BB 찢고 복귀),64293.9,64290.175214948096,1.5,1.0,
2024-06-23 11:30:00,역추세 반등 (BB 하단),64269.7,64258.94390351352,1.0,1.0,
2024-06-23 11:30:00,강력한 반전 (BB 찢고 복귀),64269.7,64258.94390351352,1.5,1.0,
2024-06-23 14:15:00,강력한 반전 (BB 찢고 복귀),64229.3,64213.52911765844,1.5,1.0,
2024-06-23 15:30:00,역추세 반등 (BB 하단),64118.0,64114.49764233172,1.0,1.0,
2024-06-23 15:30:00,강력한 반전 (BB 찢고 복귀),64118.0,64114.49764233172,1.5,1.0,
2024-06-23 16:00:00,역추세 반등 (BB 하단),64112.6,64063.67873627895,1.0,1.0,
2024-06-23 16:00:00,강력한 반전 (BB 찢고 복귀),64112.6,64063.67873627895,1.5,1.0,
2024-06-23 17:00:00,역추세 반등 (BB 하단),64031.0,63941.955252882464,1.0,1.0,
2024-06-23 17:00:00,강력한 반전 (BB 찢고 복귀),64031.0,63941.955252882464,1.5,1.0,
2024-06-23 21:15:00,역추세 반등 (BB 하단),63709.3,63681.17651933047,1.0,1.0,
2024-06-23 21:15:00,강력한 반전 (BB 찢고 복귀),63709.3,63681.17651933047,1.5,1.0,
2024-06-23 21:30:00,강력한 반전 (BB 찢고 복귀),63823.0,63662.154873200736,1.5,1.0,
2024-06-24 00:15:00,역추세 반등 (BB 하단),63070.2,63045.5471710729,1.0,1.0,
2024-06-24 00:15:00,강력한 반전 (BB 찢고 복귀),63070.2,63045.5471710729,1.5,1.0,
2024-06-24 00:30:00,강력한 반전 (BB 찢고 복귀),63214.2,63006.67809696508,1.5,1.0,
2024-06-24 01:15:00,강력한 반전 (BB 찢고 복귀),63178.3,62882.324508862395,1.5,1.0,
2024-06-24 03:00:00,강력한 반전 (BB 찢고 복귀),62933.0,62725.233303955334,1.5,1.0,
2024-06-24 04:15:00,역추세 반등 (BB 하단),62709.6,62651.76329257162,1.0,1.0,
2024-06-24 04:15:00,강력한 반전 (BB 찢고 복귀),62709.6,62651.76329257162,1.5,1.0,
2024-06-24 05:45:00,역추세 반등 (BB 하단),62273.6,62293.59021476306,1.0,1.0,
2024-06-24 09:45:00,역추세 반등 (BB 하단),61350.0,61436.70434804677,1.0,1.0,
2024-06-24 10:00:00,역추세 반등 (BB 하단),61458.9,61319.481273408004,1.0,1.0,
2024-06-24 10:00:00,강력한 반전 (BB 찢고 복귀),61458.9,61319.481273408004,1.5,1.0,
2024-06-24 16:00:00,역추세 반등 (BB 하단),60880.1,60804.64128646029,1.0,1.0,
2024-06-24 16:00:00,강력한 반전 (BB 찢고 복귀),60880.1,60804.64128646029,1.5,1.0,
2024-06-24 17:00:00,역추세 반등 (BB 하단),60179.9,60273.262977575425,1.0,1.0,
2024-06-24 17:30:00,역추세 반등 (BB 하단),60247.1,59981.56962068402,1.0,1.0,
2024-06-24 17:30:00,강력한 반전 (BB 찢고 복귀),60247.1,59981.56962068402,1.5,1.0,
2024-06-24 18:15:00,강력한 반전 (BB 찢고 복귀),60403.1,59722.990185909155,1.5,1.0,
2024-06-24 20:00:00,역추세 반등 (BB 하단),59297.5,59245.130674414766,1.0,1.0,
2024-06-24 20:00:00,강력한 반전 (BB 찢고 복귀),59297.5,59245.130674414766,1.5,1.0,
2024-06-24 20:30:00,역추세 반등 (BB 하단),59157.1,58961.36841558702,1.0,1.0,
2024-06-24 20:30:00,강력한 반전 (BB 찢고 복귀),59157.1,58961.36841558702,1.5,1.0,
2024-06-25 02:45:00,추세확정 (BB 상단 돌파),60637.8,,2.0,1.0,60627.79722433897
2024-06-25 08:00:00,역추세 반등 (BB 하단),60835.8,60612.14978920559,1.0,1.0,
2024-06-25 09:45:00,추세확정 (BB 상단 돌파),61452.9,,2.0,1.0,61391.2242223647
2024-06-25 14:15:00,추세확정 (BB 상단 돌파),62047.9,,2.0,1.0,61677.53307512222
2024-06-25 23:30:00,역추세 반등 (BB 하단),61686.4,61639.31884754501,1.0,1.0,
2024-06-25 23:30:00,강력한 반전 (BB 찢고 복귀),61686.4,61639.31884754501,1.5,1.0,
2024-06-26 02:00:00,추세확정 (BB 상단 돌파),62305.0,,2.0,1.0,62217.62388695199
2024-06-26 08:30:00,강력한 반전 (BB 찢고 복귀),61507.5,61414.18135551372,1.5,1.0,
2024-06-26 09:15:00,강력한 반전 (BB 찢고 복귀),61462.7,61395.40226551961,1.5,1.0,
2024-06-26 09:45:00,역추세 반등 (BB 하단),61340.0,61325.40074340209,1.0,1.0,
2024-06-26 09:45:00,강력한 반전 (BB 찢고 복귀),61340.0,61325.40074340209,1.5,1.0,
2024-06-26 10:45:00,역추세 반등 (BB 하단),61225.8,61168.52548584691,1.0,1.0,
2024-06-26 10:45:00,강력한 반전 (BB 찢고 복귀),61225.8,61168.52548584691,1.5,1.0,
2024-06-26 13:30:00,추세확정 (BB 상단 돌파),61592.6,,2.0,1.0,61562.60897683467
2024-06-26 17:15:00,역추세 반등 (BB 하단),61124.9,60978.71140155487,1.0,1.0,
2024-06-26 17:15:00,강력한 반전 (BB 찢고 복귀),61124.9,60978.71140155487,1.5,1.0,
2024-06-27 01:30:00,추세확정 (BB 상단 돌파),61093.6,,2.0,1.0,61093.233338047445
2024-06-27 05:30:00,강력한 반전 (BB 찢고 복귀),60972.5,60892.53407668265,1.5,1.0,
2024-06-27 06:15:00,역추세 반등 (BB 하단),60755.0,60749.79465366494,1.0,1.0,
2024-06-27 06:15:00,강력한 반전 (BB 찢고 복귀),60755.0,60749.79465366494,1.5,1.0,
2024-06-27 06:45:00,역추세 반등 (BB 하단),60712.5,60662.56341104174,1.0,1.0,
2024-06-27 06:45:00,강력한 반전 (BB 찢고 복귀),60712.5,60662.56341104174,1.5,1.0,
2024-06-27 09:45:00,추세확정 (BB 상단 돌파),61265.2,,2.0,1.0,61143.254634054814
2024-06-27 13:30:00,추세확정 (BB 상단 돌파),61678.5,,2.0,1.0,61670.703854718864
2024-06-27 20:00:00,강력한 반전 (BB 찢고 복귀),61488.3,61400.88624248324,1.5,1.0,
2024-06-28 01:15:00,추세확정 (BB 상단 돌파),61918.6,,2.0,1.0,61776.68388791663
2024-06-28 08:15:00,역추세 반등 (BB 하단),61360.1,61277.18504063663,1.0,1.0,
2024-06-28 11:15:00,추세확정 (BB 상단 돌파),61685.0,,2.0,1.0,61670.71348286947
2024-06-28 12:00:00,추세확정 (BB 상단 돌파),61740.1,,2.0,1.0,61737.295209615244
2024-06-28 14:00:00,강력한 반전 (BB 찢고 복귀),61306.8,61217.98513197724,1.5,1.0,
2024-06-28 14:45:00,역추세 반등 (BB 하단),60881.3,60907.95071470025,1.0,1.0,
2024-06-28 15:15:00,역추세 반등 (BB 하단),60970.4,60738.4815567921,1.0,1.0,
2024-06-28 15:15:00,강력한 반전 (BB 찢고 복귀),60970.4,60738.4815567921,1.5,1.0,
2024-06-28 19:30:00,역추세 반등 (BB 하단),60416.7,60491.60271647597,1.0,1.0,
2024-06-28 20:00:00,역추세 반등 (BB 하단),60178.6,60221.62229303738,1.0,1.0,
2024-06-28 20:15:00,역추세 반등 (BB 하단),60260.9,60155.26923735368,1.0,1.0,
2024-06-29 00:15:00,추세확정 (BB 상단 돌파),60615.7,,2.0,1.0,60548.73021440119
2024-06-29 01:30:00,추세확정 (BB 상단 돌파),60936.1,,2.0,1.0,60899.827755717844
2024-06-29 06:45:00,추세확정 (BB 상단 돌파),60806.2,,2.0,1.0,60795.966358981794
2024-06-29 11:30:00,추세확정 (BB 상단 돌파),61137.2,,2.0,1.0,61109.72027326003
2024-06-29 19:30:00,강력한 반전 (BB 찢고 복귀),61010.5,60912.276644599064,1.5,1.0,
2024-06-29 21:15:00,강력한 반전 (BB 찢고 복귀),61018.1,60933.05412983726,1.5,1.0,
2024-06-29 22:45:00,역추세 반등 (BB 하단),60933.8,60920.389164812084,1.0,1.0,
2024-06-29 22:45:00,강력한 반전 (BB 찢고 복귀),60933.8,60920.389164812084,1.5,1.0,
2024-06-29 23:00:00,강력한 반전 (BB 찢고 복귀),60995.4,60920.1339898145,1.5,1.0,
2024-06-30 00:15:00,역추세 반등 (BB 하단),60984.0,60896.205430970585,1.0,1.0,
2024-06-30 00:15:00,강력한 반전 (BB 찢고 복귀),60984.0,60896.205430970585,1.5,1.0,
2024-06-30 01:15:00,강력한 반전 (BB 찢고 복귀),61007.4,60896.264988109244,1.5,1.0,
2024-06-30 03:00:00,역추세 반등 (BB 하단),60793.9,60793.877127889435,1.0,1.0,
2024-06-30 03:00:00,강력한 반전 (BB 찢고 복귀),60793.9,60793.877127889435,1.5,1.0,
2024-06-30 03:15:00,강력한 반전 (BB 찢고 복귀),60800.0,60775.70322219353,1.5,1.0,
2024-06-30 06:45:00,추세확정 (BB 상단 돌파),60995.3,,2.0,1.0,60959.976431202034
2024-06-30 12:45:00,역추세 반등 (BB 하단),61453.7,61368.168981196744,1.0,1.0,
2024-06-30 12:45:00,강력한 반전 (BB 찢고 복귀),61453.7,61368.168981196744,1.5,1.0,
2024-06-30 18:30:00,추세확정 (BB 상단 돌파),61794.8,,2.0,1.0,61788.62360943153
2024-06-30 19:30:00,추세확정 (BB 상단 돌파),62035.3,,2.0,1.0,62017.40987407114
2024-06-30 20:15:00,추세확정 (BB 상단 돌파),62226.8,,2.0,1.0,62179.150155828065
2024-06-30 22:15:00,추세확정 (BB 상단 돌파),62932.0,,2.0,1.0,62510.90751991151
2024-07-01 01:00:00,추세확정 (BB 상단 돌파),63624.5,,2.0,1.0,63510.461237889846
2024-07-01 08:45:00,역추세 반등 (BB 하단),62890.1,62947.22191164226,1.0,1.0,
2024-07-01 13:15:00,강력한 반전 (BB 찢고 복귀),62903.7,62649.225835463796,1.5,1.0,
2024-07-01 14:15:00,역추세 반등 (BB 하단),62791.0,62577.201071775446,1.0,1.0,
2024-07-01 14:15:00,강력한 반전 (BB 찢고 복귀),62791.0,62577.201071775446,1.5,1.0,
2024-07-01 15:00:00,추세확정 (BB 상단 돌파),62995.1,,2.0,1.0,62968.41052148517
2024-07-01 15:45:00,추세확정 (BB 상단 돌파),63108.3,,2.0,1.0,63052.96991511415
2024-07-01 17:30:00,추세확정 (BB 상단 돌파),63572.9,,2.0,1.0,63462.5989906182
2024-07-01 22:30:00,역추세 반등 (BB 하단),62885.9,62799.63677145733,1.0,1.0,
2024-07-01 22:30:00,강력한 반전 (BB 찢고 복귀),62885.9,62799.63677145733,1.5,1.0,
2024-07-02 03:15:00,추세확정 (BB 상단 돌파),63136.7,,2.0,1.0,63087.32939898361
2024-07-02 06:30:00,강력한 반전 (BB 찢고 복귀),62884.9,62830.281923602764,1.5,1.0,
2024-07-02 07:45:00,역추세 반등 (BB 하단),62590.9,62564.63891896538,1.0,1.0,
2024-07-02 07:45:00,강력한 반전 (BB 찢고 복귀),62590.9,62564.63891896538,1.5,1.0,
2024-07-02 08:15:00,역추세 반등 (BB 하단),62647.9,62451.81354385869,1.0,1.0,
2024-07-02 08:15:00,강력한 반전 (BB 찢고 복귀),62647.9,62451.81354385869,1.5,1.0,
2024-07-02 12:30:00,추세확정 (BB 상단 돌파),62884.8,,2.0,1.0,62862.91206694767
2024-07-02 14:45:00,역추세 반등 (BB 하단),62011.4,62048.45660121986,1.0,1.0,
2024-07-03 00:00:00,추세확정 (BB 상단 돌파),62186.6,,2.0,1.0,62164.89008016225
2024-07-03 02:45:00,역추세 반등 (BB 하단),61342.1,61318.28585509564,1.0,1.0,
2024-07-03 02:45:00,강력한 반전 (BB 찢고 복귀),61342.1,61318.28585509564,1.5,1.0,
2024-07-03 03:15:00,역추세 반등 (BB 하단),60964.6,60928.25346728714,1.0,1.0,
2024-07-03 03:15:00,강력한 반전 (BB 찢고 복귀),60964.6,60928.25346728714,1.5,1.0,
2024-07-03 09:00:00,역추세 반등 (BB 하단),60554.0,60570.450307876104,1.0,1.0,
2024-07-03 09:15:00,역추세 반등 (BB 하단),60606.2,60530.847952272736,1.0,1.0,
2024-07-03 09:15:00,강력한 반전 (BB 찢고 복귀),60606.2,60530.847952272736,1.5,1.0,
2024-07-03 10:30:00,역추세 반등 (BB 하단),60171.9,60123.168207739545,1.0,1.0,
2024-07-03 10:30:00,강력한 반전 (BB 찢고 복귀),60171.9,60123.168207739545,1.5,1.0,
2024-07-03 13:00:00,강력한 반전 (BB 찢고 복귀),60177.9,59854.14209091297,1.5,1.0,
2024-07-03 20:00:00,역추세 반등 (BB 하단),59703.1,59725.092582935584,1.0,1.0,
2024-07-03 20:15:00,역추세 반등 (BB 하단),59707.5,59645.899577874385,1.0,1.0,
2024-07-03 20:15:00,강력한 반전 (BB 찢고 복귀),59707.5,59645.899577874385,1.5,1.0,
2024-07-03 21:00:00,강력한 반전 (BB 찢고 복귀),59849.9,59454.60524093191,1.5,1.0,
2024-07-04 02:00:00,역추세 반등 (BB 하단),58699.9,59000.16587130674,1.0,1.0,
2024-07-04 02:15:00,역추세 반등 (BB 하단),58941.8,58844.825013020454,1.0,1.0,
2024-07-04 02:15:00,강력한 반전 (BB 찢고 복귀),58941.8,58844.825013020454,1.5,1.0,
2024-07-04 06:30:00,강력한 반전 (BB 찢고 복귀),58900.0,58607.74702702543,1.5,1.0,
2024-07-04 07:30:00,역추세 반등 (BB 하단),58460.0,58491.82515760295,1.0,1.0,
2024-07-04 08:00:00,역추세 반등 (BB 하단),58290.0,58273.37270983691,1.0,1.0,
2024-07-04 08:00:00,강력한 반전 (BB 찢고 복귀),58290.0,58273.37270983691,1.5,1.0,
2024-07-04 08:45:00,역추세 반등 (BB 하단),57664.1,57743.10512179789,1.0,1.0,
2024-07-04 09:15:00,역추세 반등 (BB 하단),57505.7,57408.17393580141,1.0,1.0,
2024-07-04 09:15:00,강력한 반전 (BB 찢고 복귀),57505.7,57408.17393580141,1.5,1.0,
2024-07-04 13:00:00,역추세 반등 (BB 하단),57310.0,57238.54594587321,1.0,1.0,
2024-07-04 13:00:00,강력한 반전 (BB 찢고 복귀),57310.0,57238.54594587321,1.5,1.0,
2024-07-04 13:45:00,역추세 반등 (BB 하단),57389.3,56929.78089782098,1.0,1.0,
2024-07-04 13:45:00,강력한 반전 (BB 찢고 복귀),57389.3,56929.78089782098,1.5,1.0,
2024-07-04 23:00:00,강력한 반전 (BB 찢고 복귀),58055.2,57984.615785820104,1.5,1.0,
2024-07-05 00:15:00,역추세 반등 (BB 하단),57021.2,56915.65023085251,1.0,1.0,
2024-07-05 00:15:00,강력한 반전 (BB 찢고 복귀),57021.2,56915.65023085251,1.5,1.0,
2024-07-05 03:15:00,역추세 반등 (BB 하단),55419.7,55425.58000837067,1.0,1.0,
2024-07-05 09:15:00,역추세 반등 (BB 하단),54352.0,53882.60232683589,1.0,1.0,
2024-07-05 09:15:00,강력한 반전 (BB 찢고 복귀),54352.0,53882.60232683589,1.5,1.0,
2024-07-05 10:00:00,추세확정 (BB 상단 돌파),55205.4,,2.0,1.0,54909.23531928395
2024-07-05 11:00:00,추세확정 (BB 상단 돌파),55330.2,,2.0,1.0,55300.199504308875
2024-07-05 15:00:00,추세확정 (BB 상단 돌파),56289.3,,2.0,1.0,56075.72746414913
2024-07-06 00:30:00,추세확정 (BB 상단 돌파),56837.6,,2.0,1.0,56834.80300652788
2024-07-06 09:45:00,추세확정 (BB 상단 돌파),56739.2,,2.0,1.0,56709.88667311194
2024-07-06 13:45:00,추세확정 (BB 상단 돌파),56972.8,,2.0,1.0,56906.489508149454
2024-07-06 14:45:00,추세확정 (BB 상단 돌파),57033.9,,2.0,1.0,56971.07067155769
2024-07-06 15:15:00,추세확정 (BB 상단 돌파),57208.2,,2.0,1.0,57094.5783566857
2024-07-06 16:15:00,추세확정 (BB 상단 돌파),57742.6,,2.0,1.0,57523.10298435343
2024-07-06 23:00:00,추세확정 (BB 상단 돌파),58192.0,,2.0,1.0,58145.91154025205
2024-07-07 05:00:00,역추세 반등 (BB 하단),57658.7,57577.7330324528,1.0,1.0,
2024-07-07 05:00:00,강력한 반전 (BB 찢고 복귀),57658.7,57577.7330324528,1.5,1.0,
2024-07-07 07:45:00,강력한 반전 (BB 찢고 복귀),57362.4,57237.11008871476,1.5,1.0,
2024-07-07 12:45:00,역추세 반등 (BB 하단),57320.2,57219.83803877807,1.0,1.0,
2024-07-07 12:45:00,강력한 반전 (BB 찢고 복귀),57320.2,57219.83803877807,1.5,1.0,
2024-07-07 13:45:00,역추세 반등 (BB 하단),56854.1,56810.59431946375,1.0,1.0,
2024-07-07 13:45:00,강력한 반전 (BB 찢고 복귀),56854.1,56810.59431946375,1.5,1.0,
2024-07-07 14:15:00,강력한 반전 (BB 찢고 복귀),56823.3,56639.90942416607,1.5,1.0,
2024-07-07 17:45:00,추세확정 (BB 상단 돌파),57210.0,,2.0,1.0,57169.89847741702
2024-07-07 21:30:00,역추세 반등 (BB 하단),56319.7,56425.95454216052,1.0,1.0,
2024-07-07 21:45:00,역추세 반등 (BB 하단),56558.6,56366.78097195265,1.0,1.0,
2024-07-07 21:45:00,강력한 반전 (BB 찢고 복귀),56558.6,56366.78097195265,1.5,1.0,
2024-07-08 00:15:00,역추세 반등 (BB 하단),55953.0,55567.712639274156,1.0,1.0,
2024-07-08 01:15:00,역추세 반등 (BB 하단),54757.7,54613.62975079426,1.0,1.0,
2024-07-08 01:15:00,강력한 반전 (BB 찢고 복귀),54757.7,54613.62975079426,1.5,1.0,
2024-07-08 06:30:00,추세확정 (BB 상단 돌파),55759.2,,2.0,1.0,55758.98076324752
2024-07-08 08:00:00,추세확정 (BB 상단 돌파),56231.1,,2.0,1.0,56051.3988025405
2024-07-08 14:30:00,역추세 반등 (BB 하단),56075.8,56117.51654526537,1.0,1.0,
2024-07-08 14:45:00,역추세 반등 (BB 하단),56160.3,55995.762739838785,1.0,1.0,
2024-07-08 14:45:00,강력한 반전 (BB 찢고 복귀),56160.3,55995.762739838785,1.5,1.0,
2024-07-08 22:00:00,추세확정 (BB 상단 돌파),56717.2,,2.0,1.0,56675.586006536054
2024-07-09 01:00:00,추세확정 (BB 상단 돌파),57068.4,,2.0,1.0,57002.468975104246
2024-07-09 02:00:00,강력한 반전 (BB 찢고 복귀),56579.3,56320.54717862551,1.5,1.0,
2024-07-09 02:45:00,추세확정 (BB 상단 돌파),57247.8,,2.0,1.0,57102.05193013417
2024-07-09 08:30:00,추세확정 (BB 상단 돌파),57811.6,,2.0,1.0,57678.184864313815
2024-07-09 13:45:00,역추세 반등 (BB 하단),57310.0,57114.63277771356,1.0,1.0,
2024-07-09 13:45:00,강력한 반전 (BB 찢고 복귀),57310.0,57114.63277771356,1.5,1.0,
2024-07-09 14:00:00,추세확정 (BB 상단 돌파),57844.5,,2.0,1.0,57765.70033370288
2024-07-09 15:00:00,강력한 반전 (BB 찢고 복귀),57256.2,57005.13807006483,1.5,1.0,
2024-07-09 18:30:00,추세확정 (BB 상단 돌파),58088.5,,2.0,1.0,58009.763702334356
2024-07-10 00:30:00,역추세 반등 (BB 하단),57745.2,57656.13013359569,1.0,1.0,
2024-07-10 00:30:00,강력한 반전 (BB 찢고 복귀),57745.2,57656.13013359569,1.5,1.0,
2024-07-10 01:00:00,역추세 반등 (BB 하단),57555.8,57531.14499039235,1.0,1.0,
2024-07-10 01:00:00,강력한 반전 (BB 찢고 복귀),57555.8,57531.14499039235,1.5,1.0,
2024-07-10 01:15:00,강력한 반전 (BB 찢고 복귀),57762.8,57524.41644076798,1.5,1.0,
2024-07-10 03:45:00,추세확정 (BB 상단 돌파),58167.6,,2.0,1.0,58157.633846217126
2024-07-10 12:45:00,역추세 반등 (BB 하단),58138.0,58127.53136332676,1.0,1.0,
2024-07-10 12:45:00,강력한 반전 (BB 찢고 복귀),58138.0,58127.53136332676,1.5,1.0,
2024-07-10 13:00:00,강력한 반전 (BB 찢고 복귀),58192.6,58089.40390447017,1.5,1.0,
2024-07-10 13:45:00,역추세 반등 (BB 하단),57742.8,57746.4424594336,1.0,1.0,
2024-07-10 14:15:00,역추세 반등 (BB 하단),57797.7,57566.42032758366,1.0,1.0,
2024-07-10 14:15:00,강력한 반전 (BB 찢고 복귀),57797.7,57566.42032758366,1.5,1.0,
2024-07-10 19:15:00,역추세 반등 (BB 하단),57435.4,57374.83351471938,1.0,1.0,
2024-07-10 19:15:00,강력한 반전 (BB 찢고 복귀),57435.4,57374.83351471938,1.5,1.0,
2024-07-10 20:30:00,강력한 반전 (BB 찢고 복귀),57270.0,57205.30145518084,1.5,1.0,
2024-07-10 22:15:00,추세확정 (BB 상단 돌파),57778.7,,2.0,1.0,57747.2372947587
2024-07-10 23:30:00,추세확정 (BB 상단 돌파),57857.4,,2.0,1.0,57832.48245928707
2024-07-11 01:30:00,추세확정 (BB 상단 돌파),58013.3,,2.0,1.0,57929.38075931897
2024-07-11 10:45:00,추세확정 (BB 상단 돌파),58447.3,,2.0,1.0,58443.47652288321
2024-07-11 11:30:00,추세확정 (BB 상단 돌파),58680.9,,2.0,1.0,58589.910940815666
2024-07-11 12:30:00,추세확정 (BB 상단 돌파),58884.1,,2.0,1.0,58844.14752396216
2024-07-11 14:45:00,역추세 반등 (BB 하단),57762.0,57725.646812106184,1.0,1.0,
2024-07-11 14:45:00,강력한 반전 (BB 찢고 복귀),57762.0,57725.646812106184,1.5,1.0,
2024-07-11 16:00:00,강력한 반전 (BB 찢고 복귀),57500.0,57205.05981445939,1.5,1.0,
2024-07-11 19:30:00,강력한 반전 (BB 찢고 복귀),57466.4,57359.00713372263,1.5,1.0,
2024-07-11 20:15:00,역추세 반등 (BB 하단),57403.4,57210.97023525335,1.0,1.0,
2024-07-11 20:15:00,강력한 반전 (BB 찢고 복귀),57403.4,57210.97023525335,1.5,1.0,
2024-07-12 01:30:00,역추세 반등 (BB 하단),56740.8,56781.042952620635,1.0,1.0,
2024-07-12 01:45:00,역추세 반등 (BB 하단),56914.5,56738.55823711993,1.0,1.0,
2024-07-12 01:45:00,강력한 반전 (BB 찢고 복귀),56914.5,56738.55823711993,1.5,1.0,
2024-07-12 10:15:00,강력한 반전 (BB 찢고 복귀),56920.0,56834.56253423324,1.5,1.0,
2024-07-12 12:15:00,추세확정 (BB 상단 돌파),57416.5,,2.0,1.0,57402.820246436764
2024-07-12 13:45:00,추세확정 (BB 상단 돌파),57820.1,,2.0,1.0,57682.965394616505
2024-07-12 18:30:00,추세확정 (BB 상단 돌파),58376.6,,2.0,1.0,58348.771219227114
2024-07-12 20:30:00,역추세 반등 (BB 하단),57508.5,57374.52823624841,1.0,1.0,
2024-07-12 20:30:00,강력한 반전 (BB 찢고 복귀),57508.5,57374.52823624841,1.5,1.0,
2024-07-13 04:00:00,강력한 반전 (BB 찢고 복귀),57789.6,57752.79292082604,1.5,1.0,
2024-07-13 05:00:00,강력한 반전 (BB 찢고 복귀),57780.1,57720.530691877466,1.5,1.0,
2024-07-13 05:45:00,추세확정 (BB 상단 돌파),58045.2,,2.0,1.0,57987.24762690897
2024-07-13 06:15:00,추세확정 (BB 상단 돌파),58120.1,,2.0,1.0,58057.40308447314
2024-07-13 09:30:00,추세확정 (BB 상단 돌파),58320.0,,2.0,1.0,58297.72248533757
2024-07-13 22:30:00,역추세 반등 (BB 하단),58755.7,58455.44216605086,1.0,1.0,
2024-07-13 22:30:00,강력한 반전 (BB 찢고 복귀),58755.7,58455.44216605086,1.5,1.0,
2024-07-13 22:45:00,추세확정 (BB 상단 돌파),59457.1,,2.0,1.0,59057.346338022064
2024-07-14 04:45:00,추세확정 (BB 상단 돌파),59935.0,,2.0,1.0,59909.56318441522
2024-07-14 05:15:00,추세확정 (BB 상단 돌파),60122.5,,2.0,1.0,60065.0681035963
2024-07-14 05:45:00,추세확정 (BB 상단 돌파),60235.3,,2.0,1.0,60219.9650393045
2024-07-14 13:00:00,역추세 반등 (BB 하단),59602.8,59579.993199023294,1.0,1.0,
2024-07-14 13:00:00,강력한 반전 (BB 찢고 복귀),59602.8,59579.993199023294,1.5,1.0,
2024-07-14 20:30:00,추세확정 (BB 상단 돌파),60124.3,,2.0,1.0,60108.714903989596
2024-07-14 21:00:00,추세확정 (BB 상단 돌파),60250.0,,2.0,1.0,60162.64141457563
2024-07-15 02:15:00,추세확정 (BB 상단 돌파),62195.8,,2.0,1.0,61833.72162935083
2024-07-15 11:30:00,강력한 반전 (BB 찢고 복귀),62492.7,62380.413580171655,1.5,1.0,
2024-07-15 14:45:00,추세확정 (BB 상단 돌파),63200.6,,2.0,1.0,63108.075846844855
2024-07-15 16:30:00,추세확정 (BB 상단 돌파),63438.1,,2.0,1.0,63361.16664540093
2024-07-15 17:00:00,추세확정 (BB 상단 돌파),63599.2,,2.0,1.0,63513.646487779915
2024-07-15 22:00:00,추세확정 (BB 상단 돌파),64107.1,,2.0,1.0,63938.37033560497
2024-07-15 23:00:00,추세확정 (BB 상단 돌파),64520.1,,2.0,1.0,64452.886113354565
2024-07-16 06:15:00,역추세 반등 (BB 하단),63850.6,63564.45766622929,1.0,1.0,
2024-07-16 07:00:00,역추세 반등 (BB 하단),63195.0,62976.4330065026,1.0,1.0,
2024-07-16 07:00:00,강력한 반전 (BB 찢고 복귀),63195.0,62976.4330065026,1.5,1.0,
2024-07-16 12:15:00,추세확정 (BB 상단 돌파),64120.0,,2.0,1.0,64087.834970908094
2024-07-16 15:00:00,추세확정 (BB 상단 돌파),64201.0,,2.0,1.0,64159.78997807403
2024-07-16 19:45:00,추세확정 (BB 상단 돌파),65134.2,,2.0,1.0,65126.98039472992
2024-07-17 01:00:00,추세확정 (BB 상단 돌파),65763.2,,2.0,1.0,65721.79170717874
2024-07-17 06:30:00,강력한 반전 (BB 찢고 복귀),65663.5,65452.05798684292,1.5,1.0,
2024-07-17 08:15:00,역추세 반등 (BB 하단),65259.0,65111.69591645346,1.0,1.0,
2024-07-17 08:15:00,강력한 반전 (BB 찢고 복귀),65259.0,65111.69591645346,1.5,1.0,
2024-07-17 12:00:00,역추세 반등 (BB 하단),64769.9,64680.233980747886,1.0,1.0,
2024-07-17 12:00:00,강력한 반전 (BB 찢고 복귀),64769.9,64680.233980747886,1.5,1.0,
2024-07-17 16:45:00,역추세 반등 (BB 하단),64213.7,64114.111870497756,1.0,1.0,
2024-07-17 16:45:00,강력한 반전 (BB 찢고 복귀),64213.7,64114.111870497756,1.5,1.0,
2024-07-17 17:15:00,역추세 반등 (BB 하단),64210.0,63918.11448642091,1.0,1.0,
2024-07-17 22:15:00,강력한 반전 (BB 찢고 복귀),64336.0,64128.52490621139,1.5,1.0,
2024-07-18 00:15:00,역추세 반등 (BB 하단),64099.9,63898.866015784566,1.0,1.0,
2024-07-18 00:15:00,강력한 반전 (BB 찢고 복귀),64099.9,63898.866015784566,1.5,1.0,
2024-07-18 10:30:00,역추세 반등 (BB 하단),64518.9,64505.549564785986,1.0,1.0,
2024-07-18 10:30:00,강력한 반전 (BB 찢고 복귀),64518.9,64505.549564785986,1.5,1.0,
2024-07-18 10:45:00,강력한 반전 (BB 찢고 복귀),64580.1,64485.474207544976,1.5,1.0,
2024-07-18 11:15:00,강력한 반전 (BB 찢고 복귀),64552.5,64426.39116775981,1.5,1.0,
2024-07-18 15:15:00,역추세 반등 (BB 하단),63721.3,63730.02507490974,1.0,1.0,
2024-07-18 15:30:00,역추세 반등 (BB 하단),63811.1,63637.045291867435,1.0,1.0,
2024-07-18 15:30:00,강력한 반전 (BB 찢고 복귀),63811.1,63637.045291867435,1.5,1.0,
2024-07-18 16:00:00,강력한 반전 (BB 찢고 복귀),63663.0,63386.93059322308,1.5,1.0,
2024-07-18 22:15:00,추세확정 (BB 상단 돌파),63994.7,,2.0,1.0,63994.16797220536
2024-07-19 01:15:00,역추세 반등 (BB 하단),63624.6,63455.83487057241,1.0,1.0,
2024-07-19 01:15:00,강력한 반전 (BB 찢고 복귀),63624.6,63455.83487057241,1.5,1.0,
2024-07-19 03:30:00,추세확정 (BB 상단 돌파),64340.0,,2.0,1.0,64245.66996191788
2024-07-19 08:15:00,역추세 반등 (BB 하단),63511.0,63500.25531524596,1.0,1.0,
2024-07-19 08:15:00,강력한 반전 (BB 찢고 복귀),63511.0,63500.25531524596,1.5,1.0,
2024-07-19 13:30:00,추세확정 (BB 상단 돌파),64598.2,,2.0,1.0,64500.6281765208
2024-07-19 23:45:00,역추세 반등 (BB 하단),66631.9,66588.76869311585,1.0,1.0,
2024-07-20 00:45:00,역추세 반등 (BB 하단),66400.0,66355.8539923365,1.0,1.0,
2024-07-20 09:00:00,강력한 반전 (BB 찢고 복귀),66535.9,66439.52969429335,1.5,1.0,
2024-07-20 10:45:00,강력한 반전 (BB 찢고 복귀),66499.5,66449.94585321657,1.5,1.0,
2024-07-20 13:15:00,역추세 반등 (BB 하단),66529.5,66390.46581364542,1.0,1.0,
2024-07-20 13:15:00,강력한 반전 (BB 찢고 복귀),66529.5,66390.46581364542,1.5,1.0,
2024-07-20 13:45:00,강력한 반전 (BB 찢고 복귀),66514.1,66384.18988381492,1.5,1.0,
2024-07-20 14:30:00,추세확정 (BB 상단 돌파),66661.3,,2.0,1.0,66623.43819310336
2024-07-20 15:15:00,추세확정 (BB 상단 돌파),66695.8,,2.0,1.0,66672.7947329728
2024-07-20 15:45:00,추세확정 (BB 상단 돌파),66800.0,,2.0,1.0,66742.27018674284
2024-07-20 16:15:00,추세확정 (BB 상단 돌파),66871.4,,2.0,1.0,66833.10342629018
2024-07-20 17:00:00,추세확정 (BB 상단 돌파),67062.7,,2.0,1.0,66971.0371391402
2024-07-20 21:30:00,강력한 반전 (BB 찢고 복귀),67038.8,66894.42499368713,1.5,1.0,
2024-07-20 22:45:00,역추세 반등 (BB 하단),67080.4,66885.53022985712,1.0,1.0,
2024-07-20 22:45:00,강력한 반전 (BB 찢고 복귀),67080.4,66885.53022985712,1.5,1.0,
2024-07-21 07:00:00,역추세 반등 (BB 하단),66723.5,66658.54056796535,1.0,1.0,
2024-07-21 07:00:00,강력한 반전 (BB 찢고 복귀),66723.5,66658.54056796535,1.5,1.0,
2024-07-21 13:45:00,역추세 반등 (BB 하단),66743.3,66709.91036832565,1.0,1.0,
2024-07-21 13:45:00,강력한 반전 (BB 찢고 복귀),66743.3,66709.91036832565,1.5,1.0,
2024-07-21 14:00:00,강력한 반전 (BB 찢고 복귀),66920.0,66709.54075954841,1.5,1.0,
2024-07-21 14:15:00,추세확정 (BB 상단 돌파),67089.1,,2.0,1.0,67048.63872525378
2024-07-21 16:45:00,추세확정 (BB 상단 돌파),67540.0,,2.0,1.0,67461.71936328536
2024-07-21 18:15:00,역추세 반등 (BB 하단),66946.6,66448.04217317316,1.0,1.0,
2024-07-21 18:15:00,강력한 반전 (BB 찢고 복귀),66946.6,66448.04217317316,1.5,1.0,
2024-07-21 20:15:00,추세확정 (BB 상단 돌파),68091.6,,2.0,1.0,67924.06897146566
2024-07-22 05:45:00,역추세 반등 (BB 하단),67604.7,67601.28738337985,1.0,1.0,
2024-07-22 05:45:00,강력한 반전 (BB 찢고 복귀),67604.7,67601.28738337985,1.5,1.0,
2024-07-22 06:00:00,강력한 반전 (BB 찢고 복귀),67705.2,67583.31621329907,1.5,1.0,
2024-07-22 06:45:00,역추세 반등 (BB 하단),67390.0,67335.36950259934,1.0,1.0,
2024-07-22 06:45:00,강력한 반전 (BB 찢고 복귀),67390.0,67335.36950259934,1.5,1.0,
2024-07-22 12:45:00,추세확정 (BB 상단 돌파),67680.0,,2.0,1.0,67664.35394094863
2024-07-22 14:00:00,역추세 반등 (BB 하단),67256.5,67125.17967846112,1.0,1.0,
2024-07-22 14:00:00,강력한 반전 (BB 찢고 복귀),67256.5,67125.17967846112,1.5,1.0,
2024-07-22 15:00:00,역추세 반등 (BB 하단),66804.4,66753.25545512437,1.0,1.0,
2024-07-22 15:00:00,강력한 반전 (BB 찢고 복귀),66804.4,66753.25545512437,1.5,1.0,
2024-07-22 19:30:00,추세확정 (BB 상단 돌파),67886.0,,2.0,1.0,67862.78055881581
2024-07-23 05:45:00,역추세 반등 (BB 하단),66404.3,66408.6929530119,1.0,1.0,
2024-07-23 06:00:00,역추세 반등 (BB 하단),66680.0,66346.08688102638,1.0,1.0,
2024-07-23 14:00:00,역추세 반등 (BB 하단),66415.0,66090.11182196996,1.0,1.0,
2024-07-23 14:00:00,강력한 반전 (BB 찢고 복귀),66415.0,66090.11182196996,1.5,1.0,
2024-07-23 14:30:00,추세확정 (BB 상단 돌파),67293.0,,2.0,1.0,67197.59884978784
2024-07-23 17:00:00,강력한 반전 (BB 찢고 복귀),65905.0,65717.93406666102,1.5,1.0,
2024-07-24 02:30:00,역추세 반등 (BB 하단),65716.3,65555.14200180936,1.0,1.0,
2024-07-24 02:30:00,강력한 반전 (BB 찢고 복귀),65716.3,65555.14200180936,1.5,1.0,
2024-07-24 08:00:00,추세확정 (BB 상단 돌파),66213.8,,2.0,1.0,66183.00294084911
2024-07-24 08:30:00,추세확정 (BB 상단 돌파),66342.9,,2.0,1.0,66276.37336342933
2024-07-24 13:00:00,강력한 반전 (BB 찢고 복귀),66422.6,66211.95466610201,1.5,1.0,
2024-07-24 13:15:00,추세확정 (BB 상단 돌파),66657.8,,2.0,1.0,66592.3261221899
2024-07-24 14:15:00,추세확정 (BB 상단 돌파),66803.4,,2.0,1.0,66752.7853362809
2024-07-24 16:00:00,강력한 반전 (BB 찢고 복귀),66232.9,66041.37632760736,1.5,1.0,
2024-07-24 19:00:00,역추세 반등 (BB 하단),65928.7,65761.16740256414,1.0,1.0,
2024-07-24 19:00:00,강력한 반전 (BB 찢고 복귀),65928.7,65761.16740256414,1.5,1.0,
2024-07-24 20:00:00,역추세 반등 (BB 하단),65789.6,65601.2126530472,1.0,1.0,
2024-07-24 23:00:00,강력한 반전 (BB 찢고 복귀),65383.2,65174.58218701143,1.5,1.0,
2024-07-25 01:45:00,역추세 반등 (BB 하단),64467.8,64382.54309516966,1.0,1.0,
2024-07-25 01:45:00,강력한 반전 (BB 찢고 복귀),64467.8,64382.54309516966,1.5,1.0,
2024-07-25 08:30:00,강력한 반전 (BB 찢고 복귀),64253.0,64001.276784033056,1.5,1.0,
2024-07-25 09:15:00,추세확정 (BB 상단 돌파),64444.1,,2.0,1.0,64423.8380487562
2024-07-25 10:45:00,강력한 반전 (BB 찢고 복귀),64131.2,63935.80935698326,1.5,1.0,
2024-07-25 14:15:00,역추세 반등 (BB 하단),64224.8,63788.014598328715,1.0,1.0,
2024-07-25 14:15:00,강력한 반전 (BB 찢고 복귀),64224.8,63788.014598328715,1.5,1.0,
2024-07-25 14:30:00,추세확정 (BB 상단 돌파),64730.1,,2.0,1.0,64555.79954855778
2024-07-25 19:00:00,강력한 반전 (BB 찢고 복귀),64654.1,64399.12216648665,1.5,1.0,
2024-07-25 20:15:00,강력한 반전 (BB 찢고 복귀),64740.0,64497.07628938088,1.5,1.0,
2024-07-25 20:45:00,추세확정 (BB 상단 돌파),65274.0,,2.0,1.0,65172.10512970413
2024-07-26 02:15:00,추세확정 (BB 상단 돌파),66824.7,,2.0,1.0,66739.5071358042
2024-07-26 03:00:00,추세확정 (BB 상단 돌파),67250.0,,2.0,1.0,67206.01907584429
2024-07-26 09:15:00,추세확정 (BB 상단 돌파),67262.0,,2.0,1.0,67201.741827139
2024-07-26 13:30:00,추세확정 (BB 상단 돌파),67561.6,,2.0,1.0,67486.01660373808
2024-07-26 19:15:00,추세확정 (BB 상단 돌파),67856.5,,2.0,1.0,67789.74265074488
2024-07-27 02:00:00,역추세 반등 (BB 하단),67673.3,67652.66585748881,1.0,1.0,
2024-07-27 02:00:00,강력한 반전 (BB 찢고 복귀),67673.3,67652.66585748881,1.5,1.0,
2024-07-27 02:15:00,강력한 반전 (BB 찢고 복귀),67780.1,67645.48316951621,1.5,1.0,
2024-07-27 06:45:00,추세확정 (BB 상단 돌파),68068.2,,2.0,1.0,68049.54023331597
2024-07-27 12:00:00,추세확정 (BB 상단 돌파),68344.8,,2.0,1.0,68330.8166648314
2024-07-27 12:30:00,추세확정 (BB 상단 돌파),68389.8,,2.0,1.0,68370.75511389965
2024-07-27 13:00:00,추세확정 (BB 상단 돌파),68848.0,,2.0,1.0,68591.58599349458
2024-07-27 19:15:00,역추세 반등 (BB 하단),68555.0,68331.4245153232,1.0,1.0,
2024-07-27 19:15:00,강력한 반전 (BB 찢고 복귀),68555.0,68331.4245153232,1.5,1.0,
2024-07-27 19:45:00,역추세 반등 (BB 하단),68231.2,68118.63064705089,1.0,1.0,
2024-07-27 19:45:00,강력한 반전 (BB 찢고 복귀),68231.2,68118.63064705089,1.5,1.0,
2024-07-27 20:45:00,역추세 반등 (BB 하단),67790.4,67334.01262729109,1.0,1.0,
2024-07-27 20:45:00,강력한 반전 (BB 찢고 복귀),67790.4,67334.01262729109,1.5,1.0,
2024-07-28 05:15:00,역추세 반등 (BB 하단),67396.0,67357.8777846353,1.0,1.0,
2024-07-28 05:15:00,강력한 반전 (BB 찢고 복귀),67396.0,67357.8777846353,1.5,1.0,
2024-07-28 10:00:00,추세확정 (BB 상단 돌파),67573.3,,2.0,1.0,67561.7424552858
2024-07-28 11:15:00,추세확정 (BB 상단 돌파),67770.7,,2.0,1.0,67714.53076274776
2024-07-28 12:30:00,추세확정 (BB 상단 돌파),68066.7,,2.0,1.0,68019.52307556907
2024-07-28 18:15:00,추세확정 (BB 상단 돌파),68254.0,,2.0,1.0,68134.96167192685
2024-07-29 00:00:00,추세확정 (BB 상단 돌파),68589.8,,2.0,1.0,68406.27909868318
2024-07-29 02:15:00,추세확정 (BB 상단 돌파),69237.8,,2.0,1.0,69128.10331078024
2024-07-29 11:15:00,추세확정 (BB 상단 돌파),69806.2,,2.0,1.0,69801.00151782486
2024-07-29 13:00:00,추세확정 (BB 상단 돌파),69938.6,,2.0,1.0,69901.47745541399
2024-07-29 14:15:00,역추세 반등 (BB 하단),68797.4,68887.0195583342,1.0,1.0,
2024-07-29 14:30:00,역추세 반등 (BB 하단),68844.3,68789.86463693749,1.0,1.0,
2024-07-29 14:30:00,강력한 반전 (BB 찢고 복귀),68844.3,68789.86463693749,1.5,1.0,
2024-07-29 15:30:00,역추세 반등 (BB 하단),68134.9,67851.784540999,1.0,1.0,
2024-07-29 15:30:00,강력한 반전 (BB 찢고 복귀),68134.9,67851.784540999,1.5,1.0,
2024-07-29 16:45:00,역추세 반등 (BB 하단),66910.1,66696.41876494259,1.0,1.0,
2024-07-29 17:00:00,강력한 반전 (BB 찢고 복귀),67031.4,66489.16888370617,1.5,1.0,
2024-07-29 23:15:00,역추세 반등 (BB 하단),66984.4,66891.5235921652,1.0,1.0,
2024-07-29 23:15:00,강력한 반전 (BB 찢고 복귀),66984.4,66891.5235921652,1.5,1.0,
2024-07-30 00:30:00,역추세 반등 (BB 하단),66403.9,66365.36423627727,1.0,1.0,
2024-07-30 00:30:00,강력한 반전 (BB 찢고 복귀),66403.9,66365.36423627727,1.5,1.0,
2024-07-30 00:45:00,강력한 반전 (BB 찢고 복귀),66585.0,66306.58242240385,1.5,1.0,
2024-07-30 07:30:00,추세확정 (BB 상단 돌파),66944.5,,2.0,1.0,66928.01603418759
2024-07-30 12:30:00,역추세 반등 (BB 하단),66779.3,66301.3037737466,1.0,1.0,
2024-07-30 12:30:00,강력한 반전 (BB 찢고 복귀),66779.3,66301.3037737466,1.5,1.0,
2024-07-30 15:00:00,역추세 반등 (BB 하단),65859.9,65860.78461646143,1.0,1.0,
2024-07-30 15:15:00,역추세 반등 (BB 하단),66206.3,65840.23920740979,1.0,1.0,
2024-07-30 17:30:00,강력한 반전 (BB 찢고 복귀),65911.0,65683.0430899172,1.5,1.0,
2024-07-30 18:00:00,강력한 반전 (BB 찢고 복귀),65974.1,65670.07048114325,1.5,1.0,
2024-07-30 18:45:00,강력한 반전 (BB 찢고 복귀),65800.2,65627.87029102491,1.5,1.0,
2024-07-31 04:45:00,역추세 반등 (BB 하단),65791.7,65672.58119589191,1.0,1.0,
2024-07-31 04:45:00,강력한 반전 (BB 찢고 복귀),65791.7,65672.58119589191,1.5,1.0,
2024-07-31 05:15:00,강력한 반전 (BB 찢고 복귀),65744.0,65593.49886810181,1.5,1.0,
2024-07-31 11:00:00,강력한 반전 (BB 찢고 복귀),66078.8,65946.9367628366,1.5,1.0,
2024-07-31 13:15:00,추세확정 (BB 상단 돌파),66430.0,,2.0,1.0,66404.66920300598
2024-07-31 17:30:00,추세확정 (BB 상단 돌파),66753.0,,2.0,1.0,66736.82549728057
2024-07-31 18:30:00,강력한 반전 (BB 찢고 복귀),66526.2,66139.93874187172,1.5,1.0,
2024-08-01 00:45:00,강력한 반전 (BB 찢고 복귀),64630.4,64441.24827864225,1.5,1.0,
2024-08-01 02:30:00,역추세 반등 (BB 하단),64029.7,64012.31561709567,1.0,1.0,
2024-08-01 02:30:00,강력한 반전 (BB 찢고 복귀),64029.7,64012.31561709567,1.5,1.0,
2024-08-01 02:45:00,강력한 반전 (BB 찢고 복귀),64081.8,63957.688944898095,1.5,1.0,
2024-08-01 03:15:00,역추세 반등 (BB 하단),64013.2,63784.82614791656,1.0,1.0,
2024-08-01 03:15:00,강력한 반전 (BB 찢고 복귀),64013.2,63784.82614791656,1.5,1.0,
2024-08-01 12:00:00,추세확정 (BB 상단 돌파),64776.1,,2.0,1.0,64723.19809282271
2024-08-01 12:45:00,추세확정 (BB 상단 돌파),64864.9,,2.0,1.0,64836.78249094817
2024-08-01 14:30:00,역추세 반등 (BB 하단),64240.7,64198.45049911638,1.0,1.0,
2024-08-01 14:30:00,강력한 반전 (BB 찢고 복귀),64240.7,64198.45049911638,1.5,1.0,
2024-08-01 16:00:00,역추세 반등 (BB 하단),63021.8,62758.75310274266,1.0,1.0,
2024-08-01 16:00:00,강력한 반전 (BB 찢고 복귀),63021.8,62758.75310274266,1.5,1.0,
2024-08-01 20:30:00,추세확정 (BB 상단 돌파),64185.9,,2.0,1.0,63916.797470980935
2024-08-02 02:30:00,역추세 반등 (BB 하단),64216.0,64139.47188985281,1.0,1.0,
2024-08-02 02:30:00,강력한 반전 (BB 찢고 복귀),64216.0,64139.47188985281,1.5,1.0,
2024-08-02 06:30:00,역추세 반등 (BB 하단),64185.0,63872.15969960457,1.0,1.0,
2024-08-02 06:30:00,강력한 반전 (BB 찢고 복귀),64185.0,63872.15969960457,1.5,1.0,
2024-08-02 11:15:00,추세확정 (BB 상단 돌파),64844.7,,2.0,1.0,64836.29639091854
2024-08-02 13:30:00,추세확정 (BB 상단 돌파),65401.2,,2.0,1.0,65111.82686499559
2024-08-02 15:15:00,역추세 반등 (BB 하단),62820.4,62912.38197905873,1.0,1.0,
2024-08-02 15:30:00,역추세 반등 (BB 하단),63389.9,62788.01079247157,1.0,1.0,
2024-08-02 15:30:00,강력한 반전 (BB 찢고 복귀),63389.9,62788.01079247157,1.5,1.0,
2024-08-02 20:45:00,역추세 반등 (BB 하단),62602.0,62320.7516900552,1.0,1.0,
2024-08-02 20:45:00,강력한 반전 (BB 찢고 복귀),62602.0,62320.7516900552,1.5,1.0,
2024-08-02 21:30:00,역추세 반등 (BB 하단),62018.7,61767.567220441335,1.0,1.0,
2024-08-02 21:30:00,강력한 반전 (BB 찢고 복귀),62018.7,61767.567220441335,1.5,1.0,
2024-08-03 01:15:00,역추세 반등 (BB 하단),61150.0,60813.06853222339,1.0,1.0,
2024-08-03 01:15:00,강력한 반전 (BB 찢고 복귀),61150.0,60813.06853222339,1.5,1.0,
2024-08-03 08:45:00,강력한 반전 (BB 찢고 복귀),61600.0,61483.60783583956,1.5,1.0,
2024-08-03 09:15:00,강력한 반전 (BB 찢고 복귀),61544.0,61461.538689789566,1.5,1.0,
2024-08-03 12:15:00,추세확정 (BB 상단 돌파),62091.0,,2.0,1.0,62039.522486138536
2024-08-03 16:15:00,역추세 반등 (BB 하단),60995.1,60933.720425060834,1.0,1.0,
2024-08-03 16:15:00,강력한 반전 (BB 찢고 복귀),60995.1,60933.720425060834,1.5,1.0,
2024-08-03 16:45:00,역추세 반등 (BB 하단),60886.0,60601.15672686866,1.0,1.0,
2024-08-03 16:45:00,강력한 반전 (BB 찢고 복귀),60886.0,60601.15672686866,1.5,1.0,
2024-08-04 02:15:00,추세확정 (BB 상단 돌파),60961.4,,2.0,1.0,60922.021012347745
2024-08-04 08:15:00,역추세 반등 (BB 하단),60406.6,60291.63303746791,1.0,1.0,
2024-08-04 08:15:00,강력한 반전 (BB 찢고 복귀),60406.6,60291.63303746791,1.5,1.0,
2024-08-04 16:00:00,강력한 반전 (BB 찢고 복귀),59237.0,58831.36349782708,1.5,1.0,
2024-08-04 17:45:00,역추세 반등 (BB 하단),57836.0,57286.60303002116,1.0,1.0,
2024-08-05 01:15:00,역추세 반등 (BB 하단),54224.2,54810.70358076918,1.0,1.0,
2024-08-05 01:30:00,역추세 반등 (BB 하단),55150.0,54435.400260991664,1.0,1.0,
2024-08-05 01:30:00,강력한 반전 (BB 찢고 복귀),55150.0,54435.400260991664,1.5,1.0,
2024-08-05 05:15:00,강력한 반전 (BB 찢고 복귀),53399.6,52543.85413735955,1.5,1.0,
2024-08-05 06:30:00,역추세 반등 (BB 하단),50384.6,50753.28047956188,1.0,1.0,
2024-08-05 06:45:00,역추세 반등 (BB 하단),51562.0,50539.98901374747,1.0,1.0,
2024-08-05 06:45:00,강력한 반전 (BB 찢고 복귀),51562.0,50539.98901374747,1.5,1.0,
2024-08-05 11:30:00,강력한 반전 (BB 찢고 복귀),51045.5,50756.12791050435,1.5,1.0,
2024-08-05 12:30:00,역추세 반등 (BB 하단),50893.9,50136.29212709443,1.0,1.0,
2024-08-05 12:30:00,강력한 반전 (BB 찢고 복귀),50893.9,50136.29212709443,1.5,1.0,
2024-08-05 13:00:00,역추세 반등 (BB 하단),49965.4,49595.19100543893,1.0,1.0,
2024-08-05 13:00:00,강력한 반전 (BB 찢고 복귀),49965.4,49595.19100543893,1.5,1.0,
2024-08-05 14:30:00,추세확정 (BB 상단 돌파),54125.8,,2.0,1.0,53622.31570611135
2024-08-05 19:15:00,강력한 반전 (BB 찢고 복귀),53268.1,52887.957117921775,1.5,1.0,
2024-08-05 19:45:00,강력한 반전 (BB 찢고 복귀),53444.0,52668.57557028382,1.5,1.0,
2024-08-06 00:15:00,추세확정 (BB 상단 돌파),55602.1,,2.0,1.0,55531.08566568935
2024-08-06 00:45:00,추세확정 (BB 상단 돌파),56012.1,,2.0,1.0,55798.585150994695
2024-08-06 05:15:00,역추세 반등 (BB 하단),55496.8,55293.54825260076,1.0,1.0,
2024-08-06 05:15:00,강력한 반전 (BB 찢고 복귀),55496.8,55293.54825260076,1.5,1.0,
2024-08-06 08:45:00,역추세 반등 (BB 하단),54965.1,54996.229795978616,1.0,1.0,
2024-08-06 09:15:00,역추세 반등 (BB 하단),54913.7,54766.714607910115,1.0,1.0,
2024-08-06 09:15:00,강력한 반전 (BB 찢고 복귀),54913.7,54766.714607910115,1.5,1.0,
2024-08-06 09:30:00,강력한 반전 (BB 찢고 복귀),55116.9,54736.15987611786,1.5,1.0,
2024-08-06 13:15:00,강력한 반전 (BB 찢고 복귀),55126.4,54693.53835215463,1.5,1.0,
2024-08-06 13:45:00,강력한 반전 (BB 찢고 복귀),55188.5,54663.777076491904,1.5,1.0,
2024-08-06 14:00:00,추세확정 (BB 상단 돌파),56128.1,,2.0,1.0,55721.96293953087
2024-08-06 20:45:00,강력한 반전 (BB 찢고 복귀),56515.3,56277.89812973493,1.5,1.0,
2024-08-06 21:15:00,역추세 반등 (BB 하단),56354.9,56204.04003232345,1.0,1.0,
2024-08-06 21:15:00,강력한 반전 (BB 찢고 복귀),56354.9,56204.04003232345,1.5,1.0,
2024-08-06 22:30:00,역추세 반등 (BB 하단),56190.5,56029.51670046073,1.0,1.0,
2024-08-06 22:30:00,강력한 반전 (BB 찢고 복귀),56190.5,56029.51670046073,1.5,1.0,
2024-08-06 23:30:00,역추세 반등 (BB 하단),55926.4,55850.07737015915,1.0,1.0,
2024-08-06 23:45:00,강력한 반전 (BB 찢고 복귀),55989.8,55809.84194122396,1.5,1.0,
2024-08-07 00:15:00,역추세 반등 (BB 하단),55911.3,55651.16385580045,1.0,1.0,
2024-08-07 00:15:00,강력한 반전 (BB 찢고 복귀),55911.3,55651.16385580045,1.5,1.0,
2024-08-07 01:45:00,추세확정 (BB 상단 돌파),56934.9,,2.0,1.0,56806.67110740617
2024-08-07 02:15:00,추세확정 (BB 상단 돌파),57169.2,,2.0,1.0,57033.43774187388
2024-08-07 07:15:00,강력한 반전 (BB 찢고 복귀),56694.9,56546.3624784847,1.5,1.0,
2024-08-07 08:45:00,추세확정 (BB 상단 돌파),57326.4,,2.0,1.0,57267.69373150013
2024-08-07 09:15:00,추세확정 (BB 상단 돌파),57416.3,,2.0,1.0,57404.42693416293
2024-08-07 14:45:00,역추세 반등 (BB 하단),56054.0,56076.13250928315,1.0,1.0,
2024-08-07 15:00:00,역추세 반등 (BB 하단),56199.7,55979.08541849992,1.0,1.0,
2024-08-07 15:00:00,강력한 반전 (BB 찢고 복귀),56199.7,55979.08541849992,1.5,1.0,
2024-08-07 18:45:00,역추세 반등 (BB 하단),54784.3,54800.41637565973,1.0,1.0,
2024-08-07 19:00:00,역추세 반등 (BB 하단),54982.7,54740.77324286511,1.0,1.0,
2024-08-07 19:00:00,강력한 반전 (BB 찢고 복귀),54982.7,54740.77324286511,1.5,1.0,
2024-08-08 01:00:00,추세확정 (BB 상단 돌파),55860.0,,2.0,1.0,55627.84674018004
2024-08-08 01:30:00,추세확정 (BB 상단 돌파),57340.3,,2.0,1.0,56383.8714815012
2024-08-08 12:30:00,추세확정 (BB 상단 돌파),58020.1,,2.0,1.0,57724.190264108795
2024-08-08 14:15:00,추세확정 (BB 상단 돌파),58149.9,,2.0,1.0,58091.00850607739
2024-08-08 15:30:00,추세확정 (BB 상단 돌파),59107.2,,2.0,1.0,59099.56163278972
2024-08-08 21:30:00,추세확정 (BB 상단 돌파),60499.2,,2.0,1.0,60060.74986321652
2024-08-08 22:15:00,추세확정 (BB 상단 돌파),60978.9,,2.0,1.0,60891.206108043785
2024-08-08 22:45:00,추세확정 (BB 상단 돌파),62305.5,,2.0,1.0,61648.532055110336
2024-08-09 05:00:00,역추세 반등 (BB 하단),60879.8,60809.05449623629,1.0,1.0,
2024-08-09 05:00:00,강력한 반전 (BB 찢고 복귀),60879.8,60809.05449623629,1.5,1.0,
2024-08-09 08:15:00,강력한 반전 (BB 찢고 복귀),60920.0,60599.66673859458,1.5,1.0,
2024-08-09 10:00:00,강력한 반전 (BB 찢고 복귀),60748.0,60645.82654206328,1.5,1.0,
2024-08-09 10:45:00,역추세 반등 (BB 하단),60573.3,60453.36484036687,1.0,1.0,
2024-08-09 10:45:00,강력한 반전 (BB 찢고 복귀),60573.3,60453.36484036687,1.5,1.0,
2024-08-09 11:30:00,강력한 반전 (BB 찢고 복귀),60562.1,60349.202657144815,1.5,1.0,
2024-08-09 12:30:00,강력한 반전 (BB 찢고 복귀),60465.2,60268.09834198114,1.5,1.0,
2024-08-09 13:15:00,강력한 반전 (BB 찢고 복귀),60341.4,60178.60834901197,1.5,1.0,
2024-08-09 13:45:00,역추세 반등 (BB 하단),60423.3,60068.17905574557,1.0,1.0,
2024-08-09 13:45:00,강력한 반전 (BB 찢고 복귀),60423.3,60068.17905574557,1.5,1.0,
2024-08-09 14:45:00,역추세 반등 (BB 하단),60307.5,59937.51432332736,1.0,1.0,
2024-08-09 14:45:00,강력한 반전 (BB 찢고 복귀),60307.5,59937.51432332736,1.5,1.0,
2024-08-09 16:00:00,강력한 반전 (BB 찢고 복귀),59881.6,59694.12016984474,1.5,1.0,
2024-08-09 21:15:00,강력한 반전 (BB 찢고 복귀),60163.4,59916.27791012856,1.5,1.0,
2024-08-10 03:30:00,강력한 반전 (BB 찢고 복귀),60443.2,60266.331792514495,1.5,1.0,
2024-08-10 07:15:00,추세확정 (BB 상단 돌파),60607.9,,2.0,1.0,60606.998604866494
2024-08-10 13:15:00,역추세 반등 (BB 하단),60623.4,60584.26701402352,1.0,1.0,
2024-08-10 13:15:00,강력한 반전 (BB 찢고 복귀),60623.4,60584.26701402352,1.5,1.0,
2024-08-10 14:00:00,역추세 반등 (BB 하단),60511.8,60460.61370800936,1.0,1.0,
2024-08-10 14:00:00,강력한 반전 (BB 찢고 복귀),60511.8,60460.61370800936,1.5,1.0,
2024-08-10 14:15:00,강력한 반전 (BB 찢고 복귀),60573.7,60439.92268073639,1.5,1.0,
2024-08-10 16:00:00,강력한 반전 (BB 찢고 복귀),60587.7,60390.57208476802,1.5,1.0,
2024-08-10 18:00:00,추세확정 (BB 상단 돌파),61096.8,,2.0,1.0,60897.574637621925
2024-08-10 23:30:00,강력한 반전 (BB 찢고 복귀),60824.7,60778.06047963184,1.5,1.0,
2024-08-11 00:00:00,추세확정 (BB 상단 돌파),61171.5,,2.0,1.0,61164.940781187346
2024-08-11 03:15:00,추세확정 (BB 상단 돌파),61304.5,,2.0,1.0,61260.11827026985
2024-08-11 09:15:00,추세확정 (BB 상단 돌파),61397.3,,2.0,1.0,61377.59722945094
2024-08-11 10:00:00,강력한 반전 (BB 찢고 복귀),61175.4,60947.09835662777,1.5,1.0,
2024-08-11 11:45:00,역추세 반등 (BB 하단),60637.1,60564.91329967665,1.0,1.0,
2024-08-11 11:45:00,강력한 반전 (BB 찢고 복귀),60637.1,60564.91329967665,1.5,1.0,
2024-08-11 12:15:00,역추세 반등 (BB 하단),60500.4,60342.66355619242,1.0,1.0,
2024-08-11 12:15:00,강력한 반전 (BB 찢고 복귀),60500.4,60342.66355619242,1.5,1.0,
2024-08-11 16:15:00,역추세 반등 (BB 하단),60173.2,60026.644519576366,1.0,1.0,
2024-08-11 16:15:00,강력한 반전 (BB 찢고 복귀),60173.2,60026.644519576366,1.5,1.0,
2024-08-11 19:30:00,역추세 반등 (BB 하단),59796.8,59783.97697261144,1.0,1.0,
2024-08-11 19:30:00,강력한 반전 (BB 찢고 복귀),59796.8,59783.97697261144,1.5,1.0,
2024-08-11 20:30:00,역추세 반등 (BB 하단),58707.1,58847.246037585006,1.0,1.0,
2024-08-11 21:00:00,역추세 반등 (BB 하단),58566.5,58415.96895222249,1.0,1.0,
2024-08-11 21:00:00,강력한 반전 (BB 찢고 복귀),58566.5,58415.96895222249,1.5,1.0,
2024-08-12 00:45:00,강력한 반전 (BB 찢고 복귀),58428.8,58323.24460115953,1.5,1.0,
2024-08-12 01:00:00,강력한 반전 (BB 찢고 복귀),58587.9,58321.98921361866,1.5,1.0,
2024-08-12 01:30:00,강력한 반전 (BB 찢고 복귀),58571.2,58294.8148992816,1.5,1.0,
2024-08-12 06:15:00,강력한 반전 (BB 찢고 복귀),58483.5,58364.7752325013,1.5,1.0,
2024-08-12 06:45:00,역추세 반등 (BB 하단),58381.7,58313.201709670204,1.0,1.0,
2024-08-12 06:45:00,강력한 반전 (BB 찢고 복귀),58381.7,58313.201709670204,1.5,1.0,
2024-08-12 07:15:00,역추세 반등 (BB 하단),58327.6,58193.40448695041,1.0,1.0,
2024-08-12 07:15:00,강력한 반전 (BB 찢고 복귀),58327.6,58193.40448695041,1.5,1.0,
2024-08-12 10:45:00,추세확정 (BB 상단 돌파),58947.6,,2.0,1.0,58926.30464925718
2024-08-12 14:00:00,강력한 반전 (BB 찢고 복귀),59320.0,57871.40562676971,1.5,1.0,
2024-08-12 19:00:00,역추세 반등 (BB 하단),59008.8,58692.81737413455,1.0,1.0,
2024-08-12 19:00:00,강력한 반전 (BB 찢고 복귀),59008.8,58692.81737413455,1.5,1.0,
2024-08-13 00:15:00,추세확정 (BB 상단 돌파),59629.5,,2.0,1.0,59565.49550463467
2024-08-13 00:45:00,추세확정 (BB 상단 돌파),59768.0,,2.0,1.0,59729.677025297635
2024-08-13 03:45:00,강력한 반전 (BB 찢고 복귀),59026.1,58989.841864157555,1.5,1.0,
2024-08-13 04:15:00,역추세 반등 (BB 하단),59100.8,58890.494350262874,1.0,1.0,
2024-08-13 04:15:00,강력한 반전 (BB 찢고 복귀),59100.8,58890.494350262874,1.5,1.0,
2024-08-13 08:30:00,강력한 반전 (BB 찢고 복귀),59036.6,58937.12020935767,1.5,1.0,
2024-08-13 08:45:00,강력한 반전 (BB 찢고 복귀),59067.9,58943.922625346306,1.5,1.0,
2024-08-13 09:45:00,역추세 반등 (BB 하단),58925.8,58831.6573289748,1.0,1.0,
2024-08-13 09:45:00,강력한 반전 (BB 찢고 복귀),58925.8,58831.6573289748,1.5,1.0,
2024-08-13 11:00:00,강력한 반전 (BB 찢고 복귀),58691.5,58534.44798918711,1.5,1.0,
2024-08-13 13:30:00,추세확정 (BB 상단 돌파),59169.9,,2.0,1.0,59162.24712975782
2024-08-13 16:30:00,추세확정 (BB 상단 돌파),60604.3,,2.0,1.0,60220.29334149431
2024-08-14 03:00:00,추세확정 (BB 상단 돌파),60893.4,,2.0,1.0,60859.30735151486
2024-08-14 08:15:00,강력한 반전 (BB 찢고 복귀),60820.0,60602.86509857534,1.5,1.0,
2024-08-14 10:00:00,추세확정 (BB 상단 돌파),60989.8,,2.0,1.0,60960.94959061383
2024-08-14 11:30:00,추세확정 (BB 상단 돌파),61312.8,,2.0,1.0,61264.37639315303
2024-08-14 12:15:00,추세확정 (BB 상단 돌파),61669.4,,2.0,1.0,61484.414355023015
2024-08-14 13:15:00,강력한 반전 (BB 찢고 복귀),60776.0,60569.3440244059,1.5,1.0,
2024-08-14 14:15:00,역추세 반등 (BB 하단),59461.6,59416.44850369737,1.0,1.0,
2024-08-14 14:15:00,강력한 반전 (BB 찢고 복귀),59461.6,59416.44850369737,1.5,1.0,
2024-08-14 18:45:00,강력한 반전 (BB 찢고 복귀),58962.0,58770.631709496934,1.5,1.0,
2024-08-14 19:15:00,역추세 반등 (BB 하단),58883.6,58677.75010338292,1.0,1.0,
2024-08-15 00:00:00,역추세 반등 (BB 하단),58804.8,58666.926683313235,1.0,1.0,
2024-08-15 00:00:00,강력한 반전 (BB 찢고 복귀),58804.8,58666.926683313235,1.5,1.0,
2024-08-15 02:00:00,역추세 반등 (BB 하단),58389.8,58384.408411757846,1.0,1.0,
2024-08-15 02:00:00,강력한 반전 (BB 찢고 복귀),58389.8,58384.408411757846,1.5,1.0,
2024-08-15 02:30:00,역추세 반등 (BB 하단),58460.8,58271.94614693067,1.0,1.0,
2024-08-15 02:30:00,강력한 반전 (BB 찢고 복귀),58460.8,58271.94614693067,1.5,1.0,
2024-08-15 06:30:00,역추세 반등 (BB 하단),58120.0,58084.30896680397,1.0,1.0,
2024-08-15 06:30:00,강력한 반전 (BB 찢고 복귀),58120.0,58084.30896680397,1.5,1.0,
2024-08-15 07:00:00,강력한 반전 (BB 찢고 복귀),58108.9,58036.94331816741,1.5,1.0,
2024-08-15 07:30:00,역추세 반등 (BB 하단),58015.8,57895.404673853176,1.0,1.0,
2024-08-15 07:30:00,강력한 반전 (BB 찢고 복귀),58015.8,57895.404673853176,1.5,1.0,
2024-08-15 11:15:00,추세확정 (BB 상단 돌파),58713.4,,2.0,1.0,58684.61760015052
2024-08-15 12:30:00,추세확정 (BB 상단 돌파),59156.0,,2.0,1.0,58976.85020166786
2024-08-15 13:15:00,추세확정 (BB 상단 돌파),59133.9,,2.0,1.0,59131.83952479214
2024-08-15 13:45:00,추세확정 (BB 상단 돌파),59434.7,,2.0,1.0,59348.23131831032
2024-08-15 18:30:00,역추세 반등 (BB 하단),57947.6,58004.817419956125,1.0,1.0,
2024-08-16 02:30:00,추세확정 (BB 상단 돌파),58115.9,,2.0,1.0,57946.28146811852
2024-08-16 09:45:00,추세확정 (BB 상단 돌파),58650.4,,2.0,1.0,58645.99471449222
2024-08-16 11:45:00,강력한 반전 (BB 찢고 복귀),58375.2,58253.93631975527,1.5,1.0,
2024-08-16 12:45:00,역추세 반등 (BB 하단),57841.6,57883.11331826227,1.0,1.0,
2024-08-16 13:00:00,역추세 반등 (BB 하단),58084.0,57856.89226056515,1.0,1.0,
2024-08-16 13:00:00,강력한 반전 (BB 찢고 복귀),58084.0,57856.89226056515,1.5,1.0,
2024-08-16 15:30:00,강력한 반전 (BB 찢고 복귀),57976.2,57710.37632206764,1.5,1.0,
2024-08-16 17:45:00,추세확정 (BB 상단 돌파),59197.2,,2.0,1.0,58978.25931344551
2024-08-17 01:30:00,추세확정 (BB 상단 돌파),59347.1,,2.0,1.0,59338.62752810082
2024-08-17 08:45:00,추세확정 (BB 상단 돌파),59257.9,,2.0,1.0,59257.439471050784
2024-08-17 09:15:00,추세확정 (BB 상단 돌파),59332.1,,2.0,1.0,59290.922110140826
2024-08-17 11:00:00,강력한 반전 (BB 찢고 복귀),59130.0,59046.39145987435,1.5,1.0,
2024-08-17 13:15:00,추세확정 (BB 상단 돌파),59386.1,,2.0,1.0,59382.59321773287
2024-08-17 14:45:00,추세확정 (BB 상단 돌파),59508.3,,2.0,1.0,59459.638050239155
2024-08-17 21:30:00,역추세 반등 (BB 하단),59262.3,59223.649662245945,1.0,1.0,
2024-08-17 21:30:00,강력한 반전 (BB 찢고 복귀),59262.3,59223.649662245945,1.5,1.0,
2024-08-17 21:45:00,강력한 반전 (BB 찢고 복귀),59287.3,59221.30812165096,1.5,1.0,
2024-08-18 00:30:00,추세확정 (BB 상단 돌파),59675.3,,2.0,1.0,59585.43502837671
2024-08-18 02:45:00,추세확정 (BB 상단 돌파),60112.0,,2.0,1.0,59873.91815167193
2024-08-18 09:00:00,추세확정 (BB 상단 돌파),59749.0,,2.0,1.0,59745.19280755839
2024-08-18 09:45:00,추세확정 (BB 상단 돌파),59853.3,,2.0,1.0,59791.440315175
2024-08-18 14:30:00,강력한 반전 (BB 찢고 복귀),59893.3,59714.30697220884,1.5,1.0,
2024-08-18 17:30:00,역추세 반등 (BB 하단),59580.9,59511.03400009389,1.0,1.0,
2024-08-18 17:30:00,강력한 반전 (BB 찢고 복귀),59580.9,59511.03400009389,1.5,1.0,
2024-08-19 00:00:00,역추세 반등 (BB 하단),58627.0,58589.31526936658,1.0,1.0,
2024-08-19 00:00:00,강력한 반전 (BB 찢고 복귀),58627.0,58589.31526936658,1.5,1.0,
2024-08-19 00:30:00,역추세 반등 (BB 하단),58550.0,58317.144248228884,1.0,1.0,
2024-08-19 00:30:00,강력한 반전 (BB 찢고 복귀),58550.0,58317.144248228884,1.5,1.0,
2024-08-19 05:30:00,강력한 반전 (BB 찢고 복귀),58517.2,58326.143980099936,1.5,1.0,
2024-08-19 10:00:00,역추세 반등 (BB 하단),58081.0,58144.6146712611,1.0,1.0,
2024-08-19 10:15:00,역추세 반등 (BB 하단),58127.9,58095.82880384453,1.0,1.0,
2024-08-19 10:15:00,강력한 반전 (BB 찢고 복귀),58127.9,58095.82880384453,1.5,1.0,
2024-08-19 17:30:00,추세확정 (BB 상단 돌파),58997.3,,2.0,1.0,58938.56789838028
2024-08-19 23:15:00,추세확정 (BB 상단 돌파),59315.9,,2.0,1.0,59281.64485186425
2024-08-20 00:15:00,추세확정 (BB 상단 돌파),60280.0,,2.0,1.0,59777.01135937625
2024-08-20 05:15:00,추세확정 (BB 상단 돌파),61110.3,,2.0,1.0,61048.89132531401
2024-08-20 10:30:00,강력한 반전 (BB 찢고 복귀),60750.0,60640.46861103726,1.5,1.0,
2024-08-20 11:15:00,역추세 반등 (BB 하단),60612.9,60585.28792328383,1.0,1.0,
2024-08-20 11:15:00,강력한 반전 (BB 찢고 복귀),60612.9,60585.28792328383,1.5,1.0,
2024-08-20 11:45:00,역추세 반등 (BB 하단),60488.3,60469.347810918734,1.0,1.0,
2024-08-20 11:45:00,강력한 반전 (BB 찢고 복귀),60488.3,60469.347810918734,1.5,1.0,
2024-08-20 13:15:00,강력한 반전 (BB 찢고 복귀),60514.7,60394.704550763854,1.5,1.0,
2024-08-20 13:30:00,강력한 반전 (BB 찢고 복귀),60742.7,60394.92149650047,1.5,1.0,
2024-08-20 15:15:00,역추세 반등 (BB 하단),59034.7,59114.605172569885,1.0,1.0,
2024-08-20 16:00:00,강력한 반전 (BB 찢고 복귀),58912.3,58519.805882690634,1.5,1.0,
2024-08-21 01:30:00,강력한 반전 (BB 찢고 복귀),59089.9,58872.76016773897,1.5,1.0,
2024-08-21 06:15:00,추세확정 (BB 상단 돌파),59647.2,,2.0,1.0,59544.408424380126
2024-08-21 09:30:00,역추세 반등 (BB 하단),59191.9,59128.23110278506,1.0,1.0,
2024-08-21 09:30:00,강력한 반전 (BB 찢고 복귀),59191.9,59128.23110278506,1.5,1.0,
2024-08-21 13:45:00,역추세 반등 (BB 하단),59898.0,59001.73437226077,1.0,1.0,
2024-08-21 13:45:00,추세확정 (BB 상단 돌파),59898.0,,2.0,1.0,59703.885627739226
2024-08-21 13:45:00,강력한 반전 (BB 찢고 복귀),59898.0,59001.73437226077,1.5,1.0,
2024-08-21 14:30:00,추세확정 (BB 상단 돌파),59816.5,,2.0,1.0,59807.318855805876
2024-08-21 18:15:00,추세확정 (BB 상단 돌파),60420.4,,2.0,1.0,60287.6779551063
2024-08-21 19:45:00,추세확정 (BB 상단 돌파),61539.2,,2.0,1.0,61406.6643697295
2024-08-22 01:00:00,역추세 반등 (BB 하단),60928.2,60840.351690050586,1.0,1.0,
2024-08-22 01:00:00,강력한 반전 (BB 찢고 복귀),60928.2,60840.351690050586,1.5,1.0,
2024-08-22 03:00:00,역추세 반등 (BB 하단),60334.0,60289.655563973494,1.0,1.0,
2024-08-22 03:00:00,강력한 반전 (BB 찢고 복귀),60334.0,60289.655563973494,1.5,1.0,
2024-08-22 10:15:00,추세확정 (BB 상단 돌파),61068.2,,2.0,1.0,61054.144681406506
2024-08-22 13:45:00,강력한 반전 (BB 찢고 복귀),60788.4,60557.75642465726,1.5,1.0,
2024-08-22 14:45:00,강력한 반전 (BB 찢고 복귀),60482.3,60341.36694838256,1.5,1.0,
2024-08-22 15:45:00,역추세 반등 (BB 하단),60375.0,60097.79766949317,1.0,1.0,
2024-08-22 15:45:00,강력한 반전 (BB 찢고 복귀),60375.0,60097.79766949317,1.5,1.0,
2024-08-22 20:45:00,추세확정 (BB 상단 돌파),60663.1,,2.0,1.0,60601.72697056439
2024-08-23 00:30:00,추세확정 (BB 상단 돌파),60774.9,,2.0,1.0,60724.603919188005
2024-08-23 05:00:00,추세확정 (BB 상단 돌파),60878.3,,2.0,1.0,60842.39408725887
2024-08-23 06:45:00,추세확정 (BB 상단 돌파),61168.0,,2.0,1.0,61074.86923710298
2024-08-23 12:00:00,역추세 반등 (BB 하단),60795.0,60702.22289284188,1.0,1.0,
2024-08-23 14:00:00,추세확정 (BB 상단 돌파),62063.1,,2.0,1.0,61584.324133117916
2024-08-23 17:30:00,추세확정 (BB 상단 돌파),62249.9,,2.0,1.0,62206.7854670723
2024-08-24 06:30:00,추세확정 (BB 상단 돌파),64182.4,,2.0,1.0,64074.00188343695
2024-08-24 07:00:00,추세확정 (BB 상단 돌파),64173.0,,2.0,1.0,64137.06782136888
2024-08-24 08:45:00,추세확정 (BB 상단 돌파),64392.5,,2.0,1.0,64386.86229398288
2024-08-24 12:00:00,역추세 반등 (BB 하단),64070.3,63943.67533864837,1.0,1.0,
2024-08-24 12:00:00,강력한 반전 (BB 찢고 복귀),64070.3,63943.67533864837,1.5,1.0,
2024-08-24 15:45:00,강력한 반전 (BB 찢고 복귀),63946.3,63889.6011462981,1.5,1.0,
2024-08-24 16:00:00,강력한 반전 (BB 찢고 복귀),63977.2,63879.46600220504,1.5,1.0,
2024-08-24 18:15:00,추세확정 (BB 상단 돌파),64374.4,,2.0,1.0,64352.672724070784
2024-08-24 21:30:00,강력한 반전 (BB 찢고 복귀),63943.8,63886.11875452925,1.5,1.0,
2024-08-24 22:00:00,역추세 반등 (BB 하단),63653.6,63680.53578692011,1.0,1.0,
2024-08-24 22:15:00,역추세 반등 (BB 하단),63750.0,63638.41588193036,1.0,1.0,
2024-08-24 22:15:00,강력한 반전 (BB 찢고 복귀),63750.0,63638.41588193036,1.5,1.0,
2024-08-25 07:15:00,역추세 반등 (BB 하단),63936.0,63894.802003226425,1.0,1.0,
2024-08-25 07:15:00,강력한 반전 (BB 찢고 복귀),63936.0,63894.802003226425,1.5,1.0,
2024-08-25 07:45:00,역추세 반등 (BB 하단),63839.5,63817.22544293867,1.0,1.0,
2024-08-25 07:45:00,강력한 반전 (BB 찢고 복귀),63839.5,63817.22544293867,1.5,1.0,
2024-08-25 08:00:00,강력한 반전 (BB 찢고 복귀),63862.0,63796.83563717031,1.5,1.0,
2024-08-25 13:15:00,추세확정 (BB 상단 돌파),64057.1,,2.0,1.0,64006.86651622666
2024-08-25 13:45:00,추세확정 (BB 상단 돌파),64057.3,,2.0,1.0,64042.70956752817
2024-08-25 14:30:00,추세확정 (BB 상단 돌파),64207.4,,2.0,1.0,64172.08601978926
2024-08-25 21:00:00,추세확정 (BB 상단 돌파),64299.6,,2.0,1.0,64272.60297389426
2024-08-25 22:00:00,추세확정 (BB 상단 돌파),64559.0,,2.0,1.0,64463.973492497214
2024-08-25 23:00:00,추세확정 (BB 상단 돌파),64805.4,,2.0,1.0,64647.27427877879
2024-08-26 02:15:00,강력한 반전 (BB 찢고 복귀),63952.2,63740.98023037352,1.5,1.0,
2024-08-26 05:30:00,역추세 반등 (BB 하단),63943.3,63853.76236280614,1.0,1.0,
2024-08-26 05:30:00,강력한 반전 (BB 찢고 복귀),63943.3,63853.76236280614,1.5,1.0,
2024-08-26 06:30:00,역추세 반등 (BB 하단),63835.4,63779.26019891593,1.0,1.0,
2024-08-26 07:00:00,역추세 반등 (BB 하단),63736.5,63703.89880186254,1.0,1.0,
2024-08-26 07:00:00,강력한 반전 (BB 찢고 복귀),63736.5,63703.89880186254,1.5,1.0,
2024-08-26 08:00:00,강력한 반전 (BB 찢고 복귀),63754.6,63574.42743545856,1.5,1.0,
2024-08-26 09:30:00,강력한 반전 (BB 찢고 복귀),63606.9,63508.05012074527,1.5,1.0,
2024-08-26 12:45:00,강력한 반전 (BB 찢고 복귀),63603.2,63505.102964376296,1.5,1.0,
2024-08-26 13:45:00,강력한 반전 (BB 찢고 복귀),63739.9,63498.60253513995,1.5,1.0,
2024-08-26 14:15:00,강력한 반전 (BB 찢고 복귀),63538.0,63465.3163968559,1.5,1.0,
2024-08-26 14:45:00,역추세 반등 (BB 하단),63471.3,63340.28744249098,1.0,1.0,
2024-08-26 14:45:00,강력한 반전 (BB 찢고 복귀),63471.3,63340.28744249098,1.5,1.0,
2024-08-26 15:15:00,역추세 반등 (BB 하단),63351.4,63207.95212009063,1.0,1.0,
2024-08-26 15:15:00,강력한 반전 (BB 찢고 복귀),63351.4,63207.95212009063,1.5,1.0,
2024-08-26 18:15:00,강력한 반전 (BB 찢고 복귀),63525.0,63197.46342612929,1.5,1.0,
2024-08-26 20:15:00,역추세 반등 (BB 하단),63355.0,63204.52952697039,1.0,1.0,
2024-08-26 20:15:00,강력한 반전 (BB 찢고 복귀),63355.0,63204.52952697039,1.5,1.0,
2024-08-26 21:30:00,역추세 반등 (BB 하단),63000.0,62991.62242815756,1.0,1.0,
2024-08-26 21:30:00,강력한 반전 (BB 찢고 복귀),63000.0,62991.62242815756,1.5,1.0,
2024-08-27 11:00:00,강력한 반전 (BB 찢고 복귀),62393.8,62271.078919390675,1.5,1.0,
2024-08-27 14:15:00,역추세 반등 (BB 하단),62016.2,61979.54290654555,1.0,1.0,
2024-08-27 14:15:00,강력한 반전 (BB 찢고 복귀),62016.2,61979.54290654555,1.5,1.0,
2024-08-27 14:30:00,강력한 반전 (BB 찢고 복귀),62099.9,61963.14138968887,1.5,1.0,
2024-08-27 15:00:00,역추세 반등 (BB 하단),61909.4,61848.26172591505,1.0,1.0,
2024-08-27 15:00:00,강력한 반전 (BB 찢고 복귀),61909.4,61848.26172591505,1.5,1.0,
2024-08-27 15:45:00,역추세 반등 (BB 하단),61695.3,61603.07469064454,1.0,1.0,
2024-08-27 15:45:00,강력한 반전 (BB 찢고 복귀),61695.3,61603.07469064454,1.5,1.0,
2024-08-27 16:00:00,강력한 반전 (BB 찢고 복귀),61828.8,61569.5254405778,1.5,1.0,
2024-08-27 22:15:00,역추세 반등 (BB 하단),58882.5,59318.55851939014,1.0,1.0,
2024-08-27 22:30:00,역추세 반등 (BB 하단),59064.2,58938.43707262429,1.0,1.0,
2024-08-27 22:30:00,강력한 반전 (BB 찢고 복귀),59064.2,58938.43707262429,1.5,1.0,
2024-08-28 08:00:00,역추세 반등 (BB 하단),58777.0,58674.15051453841,1.0,1.0,
2024-08-28 08:00:00,강력한 반전 (BB 찢고 복귀),58777.0,58674.15051453841,1.5,1.0,
2024-08-28 09:45:00,추세확정 (BB 상단 돌파),60169.8,,2.0,1.0,59819.087503905655
2024-08-28 14:00:00,강력한 반전 (BB 찢고 복귀),59762.6,59354.79388282506,1.5,1.0,
2024-08-28 15:30:00,역추세 반등 (BB 하단),58719.8,58683.47014758952,1.0,1.0,
2024-08-28 15:30:00,강력한 반전 (BB 찢고 복귀),58719.8,58683.47014758952,1.5,1.0,
2024-08-29 05:15:00,추세확정 (BB 상단 돌파),59314.7,,2.0,1.0,59273.02517438474
2024-08-29 06:15:00,추세확정 (BB 상단 돌파),59465.7,,2.0,1.0,59456.14932109857
2024-08-29 10:00:00,추세확정 (BB 상단 돌파),59769.9,,2.0,1.0,59762.81157745018
2024-08-29 11:15:00,추세확정 (BB 상단 돌파),59927.4,,2.0,1.0,59866.37617889763
2024-08-29 12:15:00,추세확정 (BB 상단 돌파),60207.1,,2.0,1.0,60189.00649097333
2024-08-29 14:00:00,추세확정 (BB 상단 돌파),60735.3,,2.0,1.0,60721.939004209795
2024-08-30 01:30:00,강력한 반전 (BB 찢고 복귀),59154.2,58989.68113650099,1.5,1.0,
2024-08-30 03:15:00,역추세 반등 (BB 하단),58973.2,58958.27782712554,1.0,1.0,
2024-08-30 03:15:00,강력한 반전 (BB 찢고 복귀),58973.2,58958.27782712554,1.5,1.0,
2024-08-30 05:30:00,역추세 반등 (BB 하단),58827.6,58764.84517968259,1.0,1.0,
2024-08-30 05:30:00,강력한 반전 (BB 찢고 복귀),58827.6,58764.84517968259,1.5,1.0,
2024-08-30 06:00:00,강력한 반전 (BB 찢고 복귀),58906.4,58715.62924819282,1.5,1.0,
2024-08-30 07:00:00,추세확정 (BB 상단 돌파),59400.5,,2.0,1.0,59378.74775901052
2024-08-30 13:45:00,강력한 반전 (BB 찢고 복귀),59634.5,59362.97128817715,1.5,1.0,
2024-08-30 15:00:00,역추세 반등 (BB 하단),58567.3,58665.4908765733,1.0,1.0,
2024-08-30 15:30:00,역추세 반등 (BB 하단),58180.0,58205.63049687302,1.0,1.0,
2024-08-31 07:30:00,역추세 반등 (BB 하단),59122.4,59061.33245954363,1.0,1.0,
2024-08-31 07:30:00,강력한 반전 (BB 찢고 복귀),59122.4,59061.33245954363,1.5,1.0,
2024-08-31 09:15:00,역추세 반등 (BB 하단),58905.5,58874.50624552833,1.0,1.0,
2024-08-31 09:15:00,강력한 반전 (BB 찢고 복귀),58905.5,58874.50624552833,1.5,1.0,
2024-08-31 14:00:00,강력한 반전 (BB 찢고 복귀),59057.4,58856.74957832219,1.5,1.0,
2024-08-31 15:30:00,강력한 반전 (BB 찢고 복귀),59013.9,58958.465200565246,1.5,1.0,
2024-08-31 16:45:00,강력한 반전 (BB 찢고 복귀),58947.2,58878.30233354322,1.5,1.0,
2024-08-31 17:15:00,역추세 반등 (BB 하단),58911.8,58828.29330432462,1.0,1.0,
2024-08-31 17:15:00,강력한 반전 (BB 찢고 복귀),58911.8,58828.29330432462,1.5,1.0,
2024-08-31 17:45:00,강력한 반전 (BB 찢고 복귀),58989.6,58817.92073554837,1.5,1.0,
2024-08-31 19:00:00,강력한 반전 (BB 찢고 복귀),58908.0,58831.30102601379,1.5,1.0,
2024-09-01 01:15:00,강력한 반전 (BB 찢고 복귀),58899.9,58837.93810138099,1.5,1.0,
2024-09-01 02:30:00,역추세 반등 (BB 하단),58455.5,58468.53865532138,1.0,1.0,
2024-09-01 02:45:00,역추세 반등 (BB 하단),58523.5,58422.29714313953,1.0,1.0,
2024-09-01 02:45:00,강력한 반전 (BB 찢고 복귀),58523.5,58422.29714313953,1.5,1.0,
2024-09-01 03:00:00,강력한 반전 (BB 찢고 복귀),58591.7,58400.055286997376,1.5,1.0,
2024-09-01 05:45:00,역추세 반등 (BB 하단),57959.0,57928.86165578132,1.0,1.0,
2024-09-01 05:45:00,강력한 반전 (BB 찢고 복귀),57959.0,57928.86165578132,1.5,1.0,
2024-09-01 10:30:00,강력한 반전 (BB 찢고 복귀),58026.2,57927.83999719311,1.5,1.0,
2024-09-01 11:00:00,역추세 반등 (BB 하단),57962.3,57888.29927029096,1.0,1.0,
2024-09-01 11:00:00,강력한 반전 (BB 찢고 복귀),57962.3,57888.29927029096,1.5,1.0,
2024-09-01 11:15:00,강력한 반전 (BB 찢고 복귀),58015.9,57872.99034263208,1.5,1.0,
2024-09-01 13:45:00,강력한 반전 (BB 찢고 복귀),58132.1,57791.033577903996,1.5,1.0,
2024-09-01 14:15:00,역추세 반등 (BB 하단),57696.1,57613.39564479063,1.0,1.0,
2024-09-01 14:15:00,강력한 반전 (BB 찢고 복귀),57696.1,57613.39564479063,1.5,1.0,
2024-09-01 18:15:00,추세확정 (BB 상단 돌파),58516.0,,2.0,1.0,58471.616202788144
2024-09-01 22:30:00,역추세 반등 (BB 하단),57521.8,57657.10430882459,1.0,1.0,
2024-09-01 23:15:00,역추세 반등 (BB 하단),57341.8,57193.3501729203,1.0,1.0,
2024-09-01 23:15:00,강력한 반전 (BB 찢고 복귀),57341.8,57193.3501729203,1.5,1.0,
2024-09-02 03:00:00,추세확정 (BB 상단 돌파),57643.0,,2.0,1.0,57606.93545444609
2024-09-02 03:45:00,추세확정 (BB 상단 돌파),57721.3,,2.0,1.0,57683.09838977618
2024-09-02 07:45:00,강력한 반전 (BB 찢고 복귀),57517.3,57395.45212450051,1.5,1.0,
2024-09-02 08:15:00,추세확정 (BB 상단 돌파),58133.0,,2.0,1.0,57979.34064746377
2024-09-02 09:45:00,추세확정 (BB 상단 돌파),58373.9,,2.0,1.0,58299.560422385475
2024-09-02 10:15:00,추세확정 (BB 상단 돌파),58497.4,,2.0,1.0,58484.10123198365
2024-09-02 20:45:00,추세확정 (BB 상단 돌파),58953.3,,2.0,1.0,58752.4239409548
2024-09-03 01:45:00,추세확정 (BB 상단 돌파),59359.9,,2.0,1.0,59355.91630612564
2024-09-03 08:45:00,역추세 반등 (BB 하단),58758.4,58743.100071517285,1.0,1.0,
2024-09-03 08:45:00,강력한 반전 (BB 찢고 복귀),58758.4,58743.100071517285,1.5,1.0,
2024-09-03 14:15:00,역추세 반등 (BB 하단),58021.6,58117.67245067613,1.0,1.0,
2024-09-03 15:00:00,역추세 반등 (BB 하단),57950.0,57630.03756870095,1.0,1.0,
2024-09-03 15:00:00,강력한 반전 (BB 찢고 복귀),57950.0,57630.03756870095,1.5,1.0,
2024-09-03 19:00:00,추세확정 (BB 상단 돌파),58117.4,,2.0,1.0,58106.30740999034
2024-09-03 23:30:00,역추세 반등 (BB 하단),57724.5,57663.524883891514,1.0,1.0,
2024-09-03 23:30:00,강력한 반전 (BB 찢고 복귀),57724.5,57663.524883891514,1.5,1.0,
2024-09-04 00:00:00,역추세 반등 (BB 하단),57756.5,57544.66486567363,1.0,1.0,
2024-09-04 00:00:00,강력한 반전 (BB 찢고 복귀),57756.5,57544.66486567363,1.5,1.0,
2024-09-04 01:15:00,역추세 반등 (BB 하단),56386.1,56592.632264323045,1.0,1.0,
2024-09-04 01:30:00,역추세 반등 (BB 하단),56770.3,56473.32686675487,1.0,1.0,
2024-09-04 01:30:00,강력한 반전 (BB 찢고 복귀),56770.3,56473.32686675487,1.5,1.0,
2024-09-04 06:00:00,역추세 반등 (BB 하단),56262.7,56256.01112771049,1.0,1.0,
2024-09-04 06:00:00,강력한 반전 (BB 찢고 복귀),56262.7,56256.01112771049,1.5,1.0,
2024-09-04 06:15:00,강력한 반전 (BB 찢고 복귀),56471.8,56269.02231613736,1.5,1.0,
2024-09-04 13:45:00,강력한 반전 (BB 찢고 복귀),56466.2,56355.01164501067,1.5,1.0,
2024-09-04 14:00:00,강력한 반전 (BB 찢고 복귀),56537.9,56360.39751020637,1.5,1.0,
2024-09-04 14:30:00,추세확정 (BB 상단 돌파),57055.8,,2.0,1.0,56829.132570566755
2024-09-04 15:30:00,추세확정 (BB 상단 돌파),57753.6,,2.0,1.0,57590.15230481345
2024-09-04 22:00:00,추세확정 (BB 상단 돌파),58344.3,,2.0,1.0,58220.92935292078
2024-09-05 02:15:00,역추세 반등 (BB 하단),57807.7,57775.2305127773,1.0,1.0,
2024-09-05 02:15:00,강력한 반전 (BB 찢고 복귀),57807.7,57775.2305127773,1.5,1.0,
2024-09-05 03:30:00,역추세 반등 (BB 하단),57121.5,57145.77539369567,1.0,1.0,
2024-09-05 09:30:00,강력한 반전 (BB 찢고 복귀),56871.1,56766.96970568397,1.5,1.0,
2024-09-05 10:30:00,강력한 반전 (BB 찢고 복귀),56769.9,56632.54585023723,1.5,1.0,
2024-09-05 12:00:00,강력한 반전 (BB 찢고 복귀),56819.9,56521.31867021891,1.5,1.0,
2024-09-05 13:45:00,추세확정 (BB 상단 돌파),56999.9,,2.0,1.0,56982.706632160414
2024-09-05 14:15:00,추세확정 (BB 상단 돌파),57005.5,,2.0,1.0,56995.993885773285
2024-09-05 15:45:00,역추세 반등 (BB 하단),55950.1,55958.51326613313,1.0,1.0,
2024-09-05 16:00:00,역추세 반등 (BB 하단),56052.6,55883.48550890822,1.0,1.0,
2024-09-05 19:45:00,강력한 반전 (BB 찢고 복귀),56018.6,55800.60453920331,1.5,1.0,
2024-09-06 00:45:00,강력한 반전 (BB 찢고 복귀),56141.1,55952.79339182918,1.5,1.0,
2024-09-06 01:30:00,추세확정 (BB 상단 돌파),56467.5,,2.0,1.0,56342.254593766425
2024-09-06 07:30:00,역추세 반등 (BB 하단),55667.6,55760.792339144034,1.0,1.0,
2024-09-06 07:45:00,역추세 반등 (BB 하단),55763.9,55666.52750955946,1.0,1.0,
2024-09-06 07:45:00,강력한 반전 (BB 찢고 복귀),55763.9,55666.52750955946,1.5,1.0,
2024-09-06 12:30:00,추세확정 (BB 상단 돌파),56461.6,,2.0,1.0,56284.65761538537
2024-09-06 19:00:00,역추세 반등 (BB 하단),53737.8,53346.322984934144,1.0,1.0,
2024-09-06 19:00:00,강력한 반전 (BB 찢고 복귀),53737.8,53346.322984934144,1.5,1.0,
2024-09-06 21:00:00,역추세 반등 (BB 하단),53224.2,52973.89744134517,1.0,1.0,
2024-09-06 21:00:00,강력한 반전 (BB 찢고 복귀),53224.2,52973.89744134517,1.5,1.0,
2024-09-07 04:45:00,추세확정 (BB 상단 돌파),54027.6,,2.0,1.0,54004.43400282579
2024-09-07 12:45:00,추세확정 (BB 상단 돌파),54546.3,,2.0,1.0,54510.69754222754
2024-09-07 15:15:00,추세확정 (BB 상단 돌파),54762.3,,2.0,1.0,54738.14521957658
2024-09-07 18:00:00,역추세 반등 (BB 하단),54119.0,54145.413283555376,1.0,1.0,
2024-09-07 18:15:00,역추세 반등 (BB 하단),54240.1,54110.450523843996,1.0,1.0,
2024-09-07 21:15:00,역추세 반등 (BB 하단),54072.1,54000.428001989036,1.0,1.0,
2024-09-07 21:15:00,강력한 반전 (BB 찢고 복귀),54072.1,54000.428001989036,1.5,1.0,
2024-09-07 22:00:00,역추세 반등 (BB 하단),53973.6,53897.73459213438,1.0,1.0,
2024-09-07 22:00:00,강력한 반전 (BB 찢고 복귀),53973.6,53897.73459213438,1.5,1.0,
2024-09-08 02:00:00,추세확정 (BB 상단 돌파),54340.0,,2.0,1.0,54319.27075518991
2024-09-08 09:00:00,추세확정 (BB 상단 돌파),54620.6,,2.0,1.0,54562.66575870119
2024-09-08 12:30:00,강력한 반전 (BB 찢고 복귀),54389.9,54308.84422300885,1.5,1.0,
2024-09-08 13:15:00,역추세 반등 (BB 하단),54225.9,54175.4904616703,1.0,1.0,
2024-09-08 13:15:00,강력한 반전 (BB 찢고 복귀),54225.9,54175.4904616703,1.5,1.0,
2024-09-08 13:30:00,강력한 반전 (BB 찢고 복귀),54245.5,54150.6448314322,1.5,1.0,
2024-09-08 16:00:00,역추세 반등 (BB 하단),53738.0,53674.421982590764,1.0,1.0,
2024-09-08 16:00:00,강력한 반전 (BB 찢고 복귀),53738.0,53674.421982590764,1.5,1.0,
2024-09-08 22:15:00,추세확정 (BB 상단 돌파),55188.2,,2.0,1.0,54815.69605484183
2024-09-09 09:00:00,추세확정 (BB 상단 돌파),55314.9,,2.0,1.0,55301.624862203185
2024-09-09 13:45:00,추세확정 (BB 상단 돌파),55662.8,,2.0,1.0,55554.870568580314
2024-09-09 15:00:00,역추세 반등 (BB 하단),54945.3,54805.25892268975,1.0,1.0,
2024-09-09 15:00:00,강력한 반전 (BB 찢고 복귀),54945.3,54805.25892268975,1.5,1.0,
2024-09-09 16:00:00,추세확정 (BB 상단 돌파),55893.6,,2.0,1.0,55780.614384129556
2024-09-09 21:00:00,추세확정 (BB 상단 돌파),57482.1,,2.0,1.0,57309.96403196408
2024-09-10 07:15:00,추세확정 (BB 상단 돌파),57075.0,,2.0,1.0,57050.02889356961
2024-09-10 14:15:00,역추세 반등 (BB 하단),56972.1,56651.97652033783,1.0,1.0,
2024-09-10 14:15:00,강력한 반전 (BB 찢고 복귀),56972.1,56651.97652033783,1.5,1.0,
2024-09-10 18:00:00,추세확정 (BB 상단 돌파),57390.0,,2.0,1.0,57377.45716853253
2024-09-11 02:00:00,역추세 반등 (BB 하단),56930.0,56940.08210184214,1.0,1.0,
2024-09-11 02:15:00,역추세 반등 (BB 하단),56953.1,56863.30575999303,1.0,1.0,
2024-09-11 02:30:00,강력한 반전 (BB 찢고 복귀),57076.9,56819.99251409559,1.5,1.0,
2024-09-11 12:45:00,강력한 반전 (BB 찢고 복귀),56720.0,56312.67183326157,1.5,1.0,
2024-09-11 13:00:00,추세확정 (BB 상단 돌파),56940.0,,2.0,1.0,56923.85711322055
2024-09-11 14:00:00,역추세 반등 (BB 하단),55791.9,55934.44118084542,1.0,1.0,
2024-09-11 14:15:00,역추세 반등 (BB 하단),55885.0,55834.47470532752,1.0,1.0,
2024-09-11 14:15:00,강력한 반전 (BB 찢고 복귀),55885.0,55834.47470532752,1.5,1.0,
2024-09-11 14:45:00,역추세 반등 (BB 하단),55949.7,55619.44504266094,1.0,1.0,
2024-09-11 14:45:00,강력한 반전 (BB 찢고 복귀),55949.7,55619.44504266094,1.5,1.0,
2024-09-12 00:30:00,추세확정 (BB 상단 돌파),57869.0,,2.0,1.0,57712.93165353114
2024-09-12 01:45:00,추세확정 (BB 상단 돌파),58118.1,,2.0,1.0,57939.51150230815
2024-09-12 13:15:00,역추세 반등 (BB 하단),57731.7,57649.31828071859,1.0,1.0,
2024-09-12 13:15:00,강력한 반전 (BB 찢고 복귀),57731.7,57649.31828071859,1.5,1.0,
2024-09-12 14:00:00,강력한 반전 (BB 찢고 복귀),57961.1,57583.788496551024,1.5,1.0,
2024-09-12 15:00:00,역추세 반등 (BB 하단),57817.4,57501.35586301378,1.0,1.0,
2024-09-12 15:00:00,강력한 반전 (BB 찢고 복귀),57817.4,57501.35586301378,1.5,1.0,
2024-09-12 21:45:00,역추세 반등 (BB 하단),57890.7,57849.10682128717,1.0,1.0,
2024-09-12 21:45:00,강력한 반전 (BB 찢고 복귀),57890.7,57849.10682128717,1.5,1.0,
2024-09-13 04:00:00,역추세 반등 (BB 하단),57900.0,57811.4749986204,1.0,1.0,
2024-09-13 04:00:00,강력한 반전 (BB 찢고 복귀),57900.0,57811.4749986204,1.5,1.0,
2024-09-13 07:45:00,추세확정 (BB 상단 돌파),58085.0,,2.0,1.0,58055.76577443242
2024-09-13 10:45:00,추세확정 (BB 상단 돌파),58325.3,,2.0,1.0,58303.71567837048
2024-09-13 12:30:00,역추세 반등 (BB 하단),57738.0,57694.45312299913,1.0,1.0,
2024-09-13 12:30:00,강력한 반전 (BB 찢고 복귀),57738.0,57694.45312299913,1.5,1.0,
2024-09-13 15:15:00,추세확정 (BB 상단 돌파),59008.0,,2.0,1.0,58746.57956239577
2024-09-13 21:15:00,추세확정 (BB 상단 돌파),60139.8,,2.0,1.0,60124.27806742553
2024-09-13 22:00:00,추세확정 (BB 상단 돌파),60362.1,,2.0,1.0,60341.177177506725
2024-09-14 03:00:00,역추세 반등 (BB 하단),60323.7,60268.196308640916,1.0,1.0,
2024-09-14 03:00:00,강력한 반전 (BB 찢고 복귀),60323.7,60268.196308640916,1.5,1.0,
2024-09-14 05:30:00,역추세 반등 (BB 하단),60115.0,60067.21262017739,1.0,1.0,
2024-09-14 05:30:00,강력한 반전 (BB 찢고 복귀),60115.0,60067.21262017739,1.5,1.0,
2024-09-14 06:00:00,역추세 반등 (BB 하단),59994.1,59943.00494762749,1.0,1.0,
2024-09-14 06:00:00,강력한 반전 (BB 찢고 복귀),59994.1,59943.00494762749,1.5,1.0,
2024-09-14 06:30:00,강력한 반전 (BB 찢고 복귀),59993.0,59889.5836306042,1.5,1.0,
2024-09-14 09:45:00,강력한 반전 (BB 찢고 복귀),60041.1,59864.168536624216,1.5,1.0,
2024-09-14 11:15:00,역추세 반등 (BB 하단),59764.6,59761.48231475407,1.0,1.0,
2024-09-14 11:15:00,강력한 반전 (BB 찢고 복귀),59764.6,59761.48231475407,1.5,1.0,
2024-09-14 11:45:00,역추세 반등 (BB 하단),59670.1,59659.86118554574,1.0,1.0,
2024-09-14 11:45:00,강력한 반전 (BB 찢고 복귀),59670.1,59659.86118554574,1.5,1.0,
2024-09-14 12:00:00,강력한 반전 (BB 찢고 복귀),59744.8,59637.86933979235,1.5,1.0,
2024-09-14 18:15:00,역추세 반등 (BB 하단),59627.0,59628.40860791642,1.0,1.0,
2024-09-14 18:30:00,역추세 반등 (BB 하단),59729.9,59632.66712130086,1.0,1.0,
2024-09-14 18:30:00,강력한 반전 (BB 찢고 복귀),59729.9,59632.66712130086,1.5,1.0,
2024-09-15 01:00:00,추세확정 (BB 상단 돌파),60093.6,,2.0,1.0,60076.55569520214
2024-09-15 08:30:00,역추세 반등 (BB 하단),60082.8,60055.722793866094,1.0,1.0,
2024-09-15 08:30:00,강력한 반전 (BB 찢고 복귀),60082.8,60055.722793866094,1.5,1.0,
2024-09-15 10:30:00,역추세 반등 (BB 하단),59972.6,59926.369710619496,1.0,1.0,
2024-09-15 10:30:00,강력한 반전 (BB 찢고 복귀),59972.6,59926.369710619496,1.5,1.0,
2024-09-15 11:15:00,강력한 반전 (BB 찢고 복귀),59929.3,59873.236291070185,1.5,1.0,
2024-09-15 13:00:00,추세확정 (BB 상단 돌파),60149.5,,2.0,1.0,60129.423698653045
2024-09-15 14:15:00,강력한 반전 (BB 찢고 복귀),60050.0,59847.531064834526,1.5,1.0,
2024-09-15 14:45:00,추세확정 (BB 상단 돌파),60249.9,,2.0,1.0,60237.645450891745
2024-09-15 15:30:00,추세확정 (BB 상단 돌파),60352.0,,2.0,1.0,60329.384466116986
2024-09-15 17:15:00,역추세 반등 (BB 하단),59880.0,59817.47977582434,1.0,1.0,
2024-09-15 17:15:00,강력한 반전 (BB 찢고 복귀),59880.0,59817.47977582434,1.5,1.0,
2024-09-15 17:45:00,강력한 반전 (BB 찢고 복귀),59788.1,59732.165381181556,1.5,1.0,
2024-09-15 21:30:00,역추세 반등 (BB 하단),59610.0,59528.39288392675,1.0,1.0,
2024-09-15 21:30:00,강력한 반전 (BB 찢고 복귀),59610.0,59528.39288392675,1.5,1.0,
2024-09-15 21:45:00,강력한 반전 (BB 찢고 복귀),59635.9,59514.19267231366,1.5,1.0,
2024-09-15 23:15:00,역추세 반등 (BB 하단),59222.0,59039.02386775462,1.0,1.0,
2024-09-15 23:15:00,강력한 반전 (BB 찢고 복귀),59222.0,59039.02386775462,1.5,1.0,
2024-09-16 06:00:00,추세확정 (BB 상단 돌파),58779.1,,2.0,1.0,58751.63715200643
2024-09-16 08:15:00,추세확정 (BB 상단 돌파),59045.8,,2.0,1.0,59037.75036775955
2024-09-16 12:30:00,강력한 반전 (BB 찢고 복귀),58619.9,58443.576237886366,1.5,1.0,
2024-09-16 13:45:00,역추세 반등 (BB 하단),58469.9,58258.727041844424,1.0,1.0,
2024-09-16 13:45:00,강력한 반전 (BB 찢고 복귀),58469.9,58258.727041844424,1.5,1.0,
2024-09-16 15:00:00,역추세 반등 (BB 하단),57809.0,57678.95943521105,1.0,1.0,
2024-09-16 15:00:00,강력한 반전 (BB 찢고 복귀),57809.0,57678.95943521105,1.5,1.0,
2024-09-16 20:00:00,추세확정 (BB 상단 돌파),58138.1,,2.0,1.0,58127.97700883732
2024-09-16 23:15:00,추세확정 (BB 상단 돌파),58215.8,,2.0,1.0,58166.47811449945
2024-09-17 05:45:00,추세확정 (BB 상단 돌파),58617.6,,2.0,1.0,58548.45026396057
2024-09-17 09:45:00,추세확정 (BB 상단 돌파),58944.0,,2.0,1.0,58943.23301183842
2024-09-17 14:00:00,추세확정 (BB 상단 돌파),59716.8,,2.0,1.0,59529.06144326866
2024-09-17 20:15:00,역추세 반등 (BB 하단),60159.0,59931.81582310775,1.0,1.0,
2024-09-18 00:30:00,강력한 반전 (BB 찢고 복귀),60078.6,59909.32592996654,1.5,1.0,
2024-09-18 01:15:00,강력한 반전 (BB 찢고 복귀),60199.8,59964.13412335456,1.5,1.0,
2024-09-18 02:45:00,추세확정 (BB 상단 돌파),60330.0,,2.0,1.0,60323.45909165642
2024-09-18 08:45:00,강력한 반전 (BB 찢고 복귀),60172.4,60064.04010635329,1.5,1.0,
2024-09-18 10:15:00,역추세 반등 (BB 하단),59662.1,59573.03898774858,1.0,1.0,
2024-09-18 10:15:00,강력한 반전 (BB 찢고 복귀),59662.1,59573.03898774858,1.5,1.0,
2024-09-18 14:15:00,역추세 반등 (BB 하단),59617.5,59443.9672696342,1.0,1.0,
2024-09-18 14:15:00,강력한 반전 (BB 찢고 복귀),59617.5,59443.9672696342,1.5,1.0,
2024-09-18 14:30:00,강력한 반전 (BB 찢고 복귀),59664.4,59435.64404442144,1.5,1.0,
2024-09-18 15:45:00,강력한 반전 (BB 찢고 복귀),59405.7,59306.037458054736,1.5,1.0,
2024-09-18 16:00:00,강력한 반전 (BB 찢고 복귀),59461.2,59279.621492623046,1.5,1.0,
2024-09-18 18:00:00,추세확정 (BB 상단 돌파),60160.1,,2.0,1.0,60106.64869779186
2024-09-18 18:45:00,추세확정 (BB 상단 돌파),60590.1,,2.0,1.0,60521.25763180523
2024-09-18 23:15:00,추세확정 (BB 상단 돌파),61176.2,,2.0,1.0,61043.78853097824
2024-09-19 09:30:00,추세확정 (BB 상단 돌파),62320.2,,2.0,1.0,62231.88400810314
2024-09-19 10:00:00,추세확정 (BB 상단 돌파),62445.7,,2.0,1.0,62348.53587815867
2024-09-19 12:00:00,추세확정 (BB 상단 돌파),62934.6,,2.0,1.0,62814.805211789695
2024-09-19 13:00:00,추세확정 (BB 상단 돌파),63184.0,,2.0,1.0,63162.51171436455
2024-09-19 16:45:00,추세확정 (BB 상단 돌파),63533.6,,2.0,1.0,63501.535615372944
2024-09-19 17:30:00,추세확정 (BB 상단 돌파),63800.3,,2.0,1.0,63655.905222180445
2024-09-19 21:00:00,강력한 반전 (BB 찢고 복귀),63082.4,62930.817778056924,1.5,1.0,
2024-09-20 00:30:00,강력한 반전 (BB 찢고 복귀),62832.1,62671.91198528064,1.5,1.0,
2024-09-20 03:00:00,추세확정 (BB 상단 돌파),63150.0,,2.0,1.0,63146.46326929313
2024-09-20 08:30:00,역추세 반등 (BB 하단),63237.1,63219.38914149919,1.0,1.0,
2024-09-20 08:30:00,강력한 반전 (BB 찢고 복귀),63237.1,63219.38914149919,1.5,1.0,
2024-09-20 13:15:00,역추세 반등 (BB 하단),62897.3,62995.71446475152,1.0,1.0,
2024-09-20 13:45:00,역추세 반등 (BB 하단),62828.9,62796.367408368664,1.0,1.0,
2024-09-20 13:45:00,강력한 반전 (BB 찢고 복귀),62828.9,62796.367408368664,1.5,1.0,
2024-09-20 14:15:00,역추세 반등 (BB 하단),63205.7,62657.53621826436,1.0,1.0,
2024-09-20 14:15:00,강력한 반전 (BB 찢고 복귀),63205.7,62657.53621826436,1.5,1.0,
2024-09-20 18:15:00,역추세 반등 (BB 하단),62594.2,62424.89715527425,1.0,1.0,
2024-09-20 21:00:00,추세확정 (BB 상단 돌파),63254.4,,2.0,1.0,63125.605308189086
2024-09-21 01:15:00,강력한 반전 (BB 찢고 복귀),63003.1,62850.44828866155,1.5,1.0,
2024-09-21 02:00:00,역추세 반등 (BB 하단),62824.6,62838.16950103101,1.0,1.0,
2024-09-21 02:15:00,역추세 반등 (BB 하단),62896.9,62816.24463731897,1.0,1.0,
2024-09-21 02:15:00,강력한 반전 (BB 찢고 복귀),62896.9,62816.24463731897,1.5,1.0,
2024-09-21 06:15:00,추세확정 (BB 상단 돌파),63047.7,,2.0,1.0,63016.16872722861
2024-09-21 12:45:00,추세확정 (BB 상단 돌파),63125.1,,2.0,1.0,63118.62257844632
2024-09-21 14:30:00,추세확정 (BB 상단 돌파),63219.0,,2.0,1.0,63198.145219894046
2024-09-21 17:00:00,추세확정 (BB 상단 돌파),63303.3,,2.0,1.0,63284.75100515038
2024-09-21 21:45:00,역추세 반등 (BB 하단),63063.4,63021.31394125058,1.0,1.0,
2024-09-21 21:45:00,강력한 반전 (BB 찢고 복귀),63063.4,63021.31394125058,1.5,1.0,
2024-09-21 23:30:00,추세확정 (BB 상단 돌파),63328.0,,2.0,1.0,63309.16239571441
2024-09-22 02:15:00,역추세 반등 (BB 하단),62917.9,62884.109872922,1.0,1.0,
2024-09-22 02:15:00,강력한 반전 (BB 찢고 복귀),62917.9,62884.109872922,1.5,1.0,
2024-09-22 02:45:00,강력한 반전 (BB 찢고 복귀),62930.1,62837.34717005784,1.5,1.0,
2024-09-22 09:45:00,역추세 반등 (BB 하단),62666.0,62684.546608114164,1.0,1.0,
2024-09-22 10:00:00,역추세 반등 (BB 하단),62670.7,62651.80622393809,1.0,1.0,
2024-09-22 10:45:00,강력한 반전 (BB 찢고 복귀),62629.7,62567.419736409574,1.5,1.0,
2024-09-22 14:00:00,강력한 반전 (BB 찢고 복귀),62652.8,62536.01165192494,1.5,1.0,
2024-09-22 14:30:00,강력한 반전 (BB 찢고 복귀),62523.6,62491.04884702724,1.5,1.0,
2024-09-22 16:15:00,역추세 반등 (BB 하단),62651.3,62467.81361868023,1.0,1.0,
2024-09-22 16:15:00,강력한 반전 (BB 찢고 복귀),62651.3,62467.81361868023,1.5,1.0,
2024-09-22 17:00:00,추세확정 (BB 상단 돌파),62933.5,,2.0,1.0,62904.73894224643
2024-09-22 20:00:00,추세확정 (BB 상단 돌파),63251.2,,2.0,1.0,63239.492221496286
2024-09-22 22:15:00,역추세 반등 (BB 하단),62803.6,62650.98391201806,1.0,1.0,
2024-09-22 22:15:00,강력한 반전 (BB 찢고 복귀),62803.6,62650.98391201806,1.5,1.0,
2024-09-22 22:30:00,추세확정 (BB 상단 돌파),63481.8,,2.0,1.0,63441.66984595031
2024-09-23 00:15:00,강력한 반전 (BB 찢고 복귀),63170.0,62603.62897788805,1.5,1.0,
2024-09-23 03:00:00,추세확정 (BB 상단 돌파),64285.8,,2.0,1.0,64249.776237156606
2024-09-23 12:45:00,강력한 반전 (BB 찢고 복귀),63277.2,63238.17829811344,1.5,1.0,
2024-09-23 13:15:00,역추세 반등 (BB 하단),63291.9,63181.74123865353,1.0,1.0,
2024-09-23 13:15:00,강력한 반전 (BB 찢고 복귀),63291.9,63181.74123865353,1.5,1.0,
2024-09-23 13:30:00,강력한 반전 (BB 찢고 복귀),63299.9,63177.73608929337,1.5,1.0,
2024-09-23 14:00:00,강력한 반전 (BB 찢고 복귀),63451.5,63135.079570373986,1.5,1.0,
2024-09-24 01:00:00,역추세 반등 (BB 하단),63009.4,63014.45495438443,1.0,1.0,
2024-09-24 01:30:00,역추세 반등 (BB 하단),62983.2,62920.25906286269,1.0,1.0,
2024-09-24 01:30:00,강력한 반전 (BB 찢고 복귀),62983.2,62920.25906286269,1.5,1.0,
2024-09-24 02:15:00,역추세 반등 (BB 하단),62871.7,62760.936237487054,1.0,1.0,
2024-09-24 02:15:00,강력한 반전 (BB 찢고 복귀),62871.7,62760.936237487054,1.5,1.0,
2024-09-24 07:00:00,추세확정 (BB 상단 돌파),63417.0,,2.0,1.0,63385.79245652046
2024-09-24 07:45:00,추세확정 (BB 상단 돌파),63528.0,,2.0,1.0,63501.0278803432
2024-09-24 14:30:00,역추세 반등 (BB 하단),62892.4,62999.45776972487,1.0,1.0,
2024-09-24 14:45:00,역추세 반등 (BB 하단),63158.1,62967.43699638142,1.0,1.0,
2024-09-24 14:45:00,강력한 반전 (BB 찢고 복귀),63158.1,62967.43699638142,1.5,1.0,
2024-09-24 17:30:00,추세확정 (BB 상단 돌파),63794.6,,2.0,1.0,63752.799448827776
2024-09-24 19:45:00,추세확정 (BB 상단 돌파),64266.6,,2.0,1.0,64180.832763180566
2024-09-25 06:30:00,역추세 반등 (BB 하단),63946.1,63932.10031682784,1.0,1.0,
2024-09-25 06:30:00,강력한 반전 (BB 찢고 복귀),63946.1,63932.10031682784,1.5,1.0,
2024-09-25 07:15:00,역추세 반등 (BB 하단),63797.3,63703.549248967116,1.0,1.0,
2024-09-25 07:15:00,강력한 반전 (BB 찢고 복귀),63797.3,63703.549248967116,1.5,1.0,
2024-09-25 10:00:00,강력한 반전 (BB 찢고 복귀),63622.0,63497.702255154996,1.5,1.0,
2024-09-25 11:15:00,강력한 반전 (BB 찢고 복귀),63617.5,63514.26965090677,1.5,1.0,
2024-09-25 13:15:00,역추세 반등 (BB 하단),63512.1,63453.72006538305,1.0,1.0,
2024-09-25 13:15:00,강력한 반전 (BB 찢고 복귀),63512.1,63453.72006538305,1.5,1.0,
2024-09-25 13:45:00,역추세 반등 (BB 하단),63741.6,63424.191783654554,1.0,1.0,
2024-09-25 13:45:00,강력한 반전 (BB 찢고 복귀),63741.6,63424.191783654554,1.5,1.0,
2024-09-25 14:45:00,추세확정 (BB 상단 돌파),63921.9,,2.0,1.0,63918.65548980968
2024-09-25 17:45:00,역추세 반등 (BB 하단),63150.2,63068.94731339735,1.0,1.0,
2024-09-25 17:45:00,강력한 반전 (BB 찢고 복귀),63150.2,63068.94731339735,1.5,1.0,
2024-09-25 22:45:00,강력한 반전 (BB 찢고 복귀),63258.0,63110.14679145481,1.5,1.0,
2024-09-25 23:45:00,역추세 반등 (BB 하단),63130.1,62988.1541928245,1.0,1.0,
2024-09-25 23:45:00,강력한 반전 (BB 찢고 복귀),63130.1,62988.1541928245,1.5,1.0,
2024-09-26 01:00:00,강력한 반전 (BB 찢고 복귀),62950.7,62879.913813230065,1.5,1.0,
2024-09-26 01:30:00,강력한 반전 (BB 찢고 복귀),62929.5,62787.739497598035,1.5,1.0,
2024-09-26 10:15:00,추세확정 (BB 상단 돌파),64184.1,,2.0,1.0,64020.80462574259
2024-09-26 15:15:00,추세확정 (BB 상단 돌파),64978.6,,2.0,1.0,64852.802052186395
2024-09-26 20:00:00,역추세 반등 (BB 하단),64688.6,64722.4813372898,1.0,1.0,
2024-09-26 20:15:00,역추세 반등 (BB 하단),64698.8,64667.72506576875,1.0,1.0,
2024-09-26 20:15:00,강력한 반전 (BB 찢고 복귀),64698.8,64667.72506576875,1.5,1.0,
2024-09-27 02:30:00,강력한 반전 (BB 찢고 복귀),64932.0,64865.580570852784,1.5,1.0,
2024-09-27 03:00:00,강력한 반전 (BB 찢고 복귀),64889.3,64813.83242497994,1.5,1.0,
2024-09-27 08:15:00,추세확정 (BB 상단 돌파),65599.3,,2.0,1.0,65594.46795422741
2024-09-27 08:45:00,추세확정 (BB 상단 돌파),65712.7,,2.0,1.0,65696.20264606553
2024-09-27 14:00:00,추세확정 (BB 상단 돌파),66051.0,,2.0,1.0,65916.48311707338
2024-09-27 18:30:00,강력한 반전 (BB 찢고 복귀),65614.1,65501.34846024614,1.5,1.0,
2024-09-28 01:45:00,추세확정 (BB 상단 돌파),65972.3,,2.0,1.0,65961.73457065136
2024-09-28 02:15:00,추세확정 (BB 상단 돌파),66052.2,,2.0,1.0,66018.39072471867
2024-09-28 06:15:00,강력한 반전 (BB 찢고 복귀),65868.0,65797.19667275844,1.5,1.0,
2024-09-28 06:45:00,역추세 반등 (BB 하단),65777.0,65741.9471986934,1.0,1.0,
2024-09-28 06:45:00,강력한 반전 (BB 찢고 복귀),65777.0,65741.9471986934,1.5,1.0,
2024-09-28 08:15:00,역추세 반등 (BB 하단),65610.9,65596.8950757684,1.0,1.0,
2024-09-28 08:15:00,강력한 반전 (BB 찢고 복귀),65610.9,65596.8950757684,1.5,1.0,
2024-09-28 08:30:00,강력한 반전 (BB 찢고 복귀),65685.5,65574.82963376064,1.5,1.0,
2024-09-28 09:15:00,역추세 반등 (BB 하단),65500.1,65459.888960813376,1.0,1.0,
2024-09-28 09:15:00,강력한 반전 (BB 찢고 복귀),65500.1,65459.888960813376,1.5,1.0,
2024-09-28 12:45:00,역추세 반등 (BB 하단),65529.2,65447.182053877645,1.0,1.0,
2024-09-28 12:45:00,강력한 반전 (BB 찢고 복귀),65529.2,65447.182053877645,1.5,1.0,
2024-09-28 13:15:00,강력한 반전 (BB 찢고 복귀),65524.0,65407.79074191758,1.5,1.0,
2024-09-28 21:15:00,강력한 반전 (BB 찢고 복귀),65555.7,65484.83162577094,1.5,1.0,
2024-09-28 23:45:00,추세확정 (BB 상단 돌파),65823.0,,2.0,1.0,65799.98564023388
2024-09-29 05:45:00,역추세 반등 (BB 하단),65571.4,65567.99375298782,1.0,1.0,
2024-09-29 05:45:00,강력한 반전 (BB 찢고 복귀),65571.4,65567.99375298782,1.5,1.0,
2024-09-29 06:15:00,강력한 반전 (BB 찢고 복귀),65580.2,65523.6971099667,1.5,1.0,
2024-09-29 13:30:00,추세확정 (BB 상단 돌파),65799.1,,2.0,1.0,65796.51115183365
2024-09-29 17:00:00,추세확정 (BB 상단 돌파),65869.9,,2.0,1.0,65837.34791561289
2024-09-29 19:45:00,추세확정 (BB 상단 돌파),65935.9,,2.0,1.0,65925.85647811217
2024-09-29 22:15:00,역추세 반등 (BB 하단),65730.0,65698.9160219181,1.0,1.0,
2024-09-29 22:15:00,강력한 반전 (BB 찢고 복귀),65730.0,65698.9160219181,1.5,1.0,
2024-09-29 23:30:00,역추세 반등 (BB 하단),65587.2,65544.48727740093,1.0,1.0,
2024-09-29 23:30:00,강력한 반전 (BB 찢고 복귀),65587.2,65544.48727740093,1.5,1.0,
2024-09-30 00:30:00,역추세 반등 (BB 하단),65318.5,65299.39400486781,1.0,1.0,
2024-09-30 00:30:00,강력한 반전 (BB 찢고 복귀),65318.5,65299.39400486781,1.5,1.0,
2024-09-30 03:00:00,강력한 반전 (BB 찢고 복귀),64399.4,64191.9346117251,1.5,1.0,
2024-09-30 08:45:00,역추세 반등 (BB 하단),64297.9,64206.03432219148,1.0,1.0,
2024-09-30 08:45:00,강력한 반전 (BB 찢고 복귀),64297.9,64206.03432219148,1.5,1.0,
2024-09-30 10:15:00,역추세 반등 (BB 하단),63578.6,63431.06571729357,1.0,1.0,
2024-09-30 10:15:00,강력한 반전 (BB 찢고 복귀),63578.6,63431.06571729357,1.5,1.0,
2024-09-30 16:00:00,강력한 반전 (BB 찢고 복귀),63621.3,63523.689769121826,1.5,1.0,
2024-09-30 18:30:00,역추세 반등 (BB 하단),63320.3,63203.6271768976,1.0,1.0,
2024-09-30 18:30:00,강력한 반전 (BB 찢고 복귀),63320.3,63203.6271768976,1.5,1.0,
2024-09-30 23:45:00,역추세 반등 (BB 하단),63276.8,63116.378461933054,1.0,1.0,
2024-09-30 23:45:00,강력한 반전 (BB 찢고 복귀),63276.8,63116.378461933054,1.5,1.0,
2024-10-01 00:15:00,강력한 반전 (BB 찢고 복귀),63303.8,63070.97226416878,1.5,1.0,
2024-10-01 12:00:00,강력한 반전 (BB 찢고 복귀),63746.9,63666.06046857629,1.5,1.0,
2024-10-01 12:45:00,역추세 반등 (BB 하단),63644.8,63594.52157420114,1.0,1.0,
2024-10-01 12:45:00,강력한 반전 (BB 찢고 복귀),63644.8,63594.52157420114,1.5,1.0,
2024-10-01 13:45:00,역추세 반등 (BB 하단),62834.8,62989.49483004937,1.0,1.0,
2024-10-01 14:15:00,역추세 반등 (BB 하단),62781.3,62697.680232185296,1.0,1.0,
2024-10-01 14:15:00,강력한 반전 (BB 찢고 복귀),62781.3,62697.680232185296,1.5,1.0,
2024-10-01 15:15:00,역추세 반등 (BB 하단),62357.0,62099.811175633105,1.0,1.0,
2024-10-01 15:15:00,강력한 반전 (BB 찢고 복귀),62357.0,62099.811175633105,1.5,1.0,
2024-10-01 17:30:00,역추세 반등 (BB 하단),61800.0,61480.76471851675,1.0,1.0,
2024-10-01 20:45:00,역추세 반등 (BB 하단),60788.4,60685.493935808605,1.0,1.0,
2024-10-01 20:45:00,강력한 반전 (BB 찢고 복귀),60788.4,60685.493935808605,1.5,1.0,
2024-10-02 01:00:00,추세확정 (BB 상단 돌파),61262.4,,2.0,1.0,61209.00665033684
2024-10-02 01:45:00,추세확정 (BB 상단 돌파),61497.3,,2.0,1.0,61456.320809228324
2024-10-02 10:15:00,역추세 반등 (BB 하단),61450.4,61222.20327640168,1.0,1.0,
2024-10-02 10:15:00,강력한 반전 (BB 찢고 복귀),61450.4,61222.20327640168,1.5,1.0,
2024-10-02 11:00:00,강력한 반전 (BB 찢고 복귀),61210.0,61106.42163786858,1.5,1.0,
2024-10-02 11:15:00,강력한 반전 (BB 찢고 복귀),61266.5,61074.63233912963,1.5,1.0,
2024-10-02 12:15:00,역추세 반등 (BB 하단),60979.3,60837.611530457914,1.0,1.0,
2024-10-02 13:00:00,강력한 반전 (BB 찢고 복귀),60883.6,60683.74976205095,1.5,1.0,
2024-10-02 15:15:00,추세확정 (BB 상단 돌파),61694.0,,2.0,1.0,61636.27477828117
2024-10-02 19:00:00,역추세 반등 (BB 하단),60817.8,60688.18798270207,1.0,1.0,
2024-10-02 19:00:00,강력한 반전 (BB 찢고 복귀),60817.8,60688.18798270207,1.5,1.0,
2024-10-02 19:45:00,역추세 반등 (BB 하단),60169.5,60068.1339305349,1.0,1.0,
2024-10-02 19:45:00,강력한 반전 (BB 찢고 복귀),60169.5,60068.1339305349,1.5,1.0,
2024-10-03 01:00:00,추세확정 (BB 상단 돌파),61072.9,,2.0,1.0,61066.64317817017
2024-10-03 03:45:00,추세확정 (BB 상단 돌파),61441.6,,2.0,1.0,61435.18357877836
2024-10-03 08:30:00,역추세 반등 (BB 하단),60362.9,60448.080681788204,1.0,1.0,
2024-10-03 09:00:00,강력한 반전 (BB 찢고 복귀),60401.8,60236.43119187253,1.5,1.0,
2024-10-03 13:15:00,강력한 반전 (BB 찢고 복귀),60472.9,60167.986970636135,1.5,1.0,
2024-10-03 13:45:00,강력한 반전 (BB 찢고 복귀),60354.9,60143.79828071685,1.5,1.0,
2024-10-03 17:00:00,강력한 반전 (BB 찢고 복귀),60363.1,60013.47041002282,1.5,1.0,
2024-10-04 00:15:00,강력한 반전 (BB 찢고 복귀),60679.5,60634.623457473346,1.5,1.0,
2024-10-04 01:00:00,역추세 반등 (BB 하단),60576.8,60537.71256124456,1.0,1.0,
2024-10-04 01:00:00,강력한 반전 (BB 찢고 복귀),60576.8,60537.71256124456,1.5,1.0,
2024-10-04 01:15:00,추세확정 (BB 상단 돌파),61046.1,,2.0,1.0,61000.371765003954
2024-10-04 01:45:00,추세확정 (BB 상단 돌파),61191.7,,2.0,1.0,61118.72200510218
2024-10-04 07:30:00,추세확정 (BB 상단 돌파),61374.2,,2.0,1.0,61355.62802920799
2024-10-04 08:15:00,추세확정 (BB 상단 돌파),61535.5,,2.0,1.0,61499.1660532973
2024-10-04 12:45:00,추세확정 (BB 상단 돌파),61900.6,,2.0,1.0,61707.045805437556
2024-10-04 14:30:00,역추세 반등 (BB 하단),61119.1,60945.53160733858,1.0,1.0,
2024-10-04 14:30:00,강력한 반전 (BB 찢고 복귀),61119.1,60945.53160733858,1.5,1.0,
2024-10-04 23:30:00,역추세 반등 (BB 하단),62009.7,62021.4173345199,1.0,1.0,
2024-10-04 23:45:00,역추세 반등 (BB 하단),62063.9,61997.75501148137,1.0,1.0,
2024-10-05 03:00:00,역추세 반등 (BB 하단),61846.4,61810.88663363685,1.0,1.0,
2024-10-05 03:00:00,강력한 반전 (BB 찢고 복귀),61846.4,61810.88663363685,1.5,1.0,
2024-10-05 03:15:00,강력한 반전 (BB 찢고 복귀),61924.9,61818.325612950306,1.5,1.0,
2024-10-05 09:30:00,추세확정 (BB 상단 돌파),62270.0,,2.0,1.0,62262.01966706608
2024-10-05 13:00:00,추세확정 (BB 상단 돌파),62325.3,,2.0,1.0,62314.85083695662
2024-10-05 14:15:00,강력한 반전 (BB 찢고 복귀),62140.1,62089.19131790475,1.5,1.0,
2024-10-05 16:15:00,강력한 반전 (BB 찢고 복귀),62129.4,62044.10744330091,1.5,1.0,
2024-10-05 17:15:00,역추세 반등 (BB 하단),61960.0,61920.566369881075,1.0,1.0,
2024-10-05 17:15:00,강력한 반전 (BB 찢고 복귀),61960.0,61920.566369881075,1.5,1.0,
2024-10-05 18:15:00,역추세 반등 (BB 하단),61890.0,61866.2092085629,1.0,1.0,
2024-10-05 18:15:00,강력한 반전 (BB 찢고 복귀),61890.0,61866.2092085629,1.5,1.0,
2024-10-06 09:30:00,추세확정 (BB 상단 돌파),62069.3,,2.0,1.0,62063.120990185984
2024-10-06 11:30:00,추세확정 (BB 상단 돌파),62086.7,,2.0,1.0,62086.217941867566
2024-10-06 12:45:00,추세확정 (BB 상단 돌파),62192.9,,2.0,1.0,62152.96190689371
2024-10-06 13:30:00,추세확정 (BB 상단 돌파),62258.6,,2.0,1.0,62258.29970940039
2024-10-06 14:15:00,추세확정 (BB 상단 돌파),62378.1,,2.0,1.0,62348.68908065712
2024-10-06 19:15:00,추세확정 (BB 상단 돌파),62888.0,,2.0,1.0,62855.07931792961
2024-10-06 22:00:00,역추세 반등 (BB 하단),62460.7,62335.98898274355,1.0,1.0,
2024-10-06 22:00:00,강력한 반전 (BB 찢고 복귀),62460.7,62335.98898274355,1.5,1.0,
2024-10-07 00:30:00,추세확정 (BB 상단 돌파),63288.7,,2.0,1.0,63063.91674830351
2024-10-07 06:00:00,강력한 반전 (BB 찢고 복귀),63458.5,63293.584949950775,1.5,1.0,
2024-10-07 09:30:00,역추세 반등 (BB 하단),63183.3,63178.89614395617,1.0,1.0,
2024-10-07 09:30:00,강력한 반전 (BB 찢고 복귀),63183.3,63178.89614395617,1.5,1.0,
2024-10-07 09:45:00,강력한 반전 (BB 찢고 복귀),63185.0,63139.5130035771,1.5,1.0,
2024-10-07 10:30:00,역추세 반등 (BB 하단),63000.1,62931.051180268536,1.0,1.0,
2024-10-07 10:30:00,강력한 반전 (BB 찢고 복귀),63000.1,62931.051180268536,1.5,1.0,
2024-10-07 11:00:00,강력한 반전 (BB 찢고 복귀),62900.5,62787.2471103701,1.5,1.0,
2024-10-07 13:45:00,추세확정 (BB 상단 돌파),63426.0,,2.0,1.0,63390.60597076681
2024-10-07 19:00:00,역추세 반등 (BB 하단),63324.0,63022.298487556815,1.0,1.0,
2024-10-07 19:00:00,강력한 반전 (BB 찢고 복귀),63324.0,63022.298487556815,1.5,1.0,
2024-10-07 23:00:00,역추세 반등 (BB 하단),62598.3,62612.84661004895,1.0,1.0,
2024-10-08 00:00:00,역추세 반등 (BB 하단),62322.6,62196.98355767427,1.0,1.0,
2024-10-08 00:00:00,강력한 반전 (BB 찢고 복귀),62322.6,62196.98355767427,1.5,1.0,
2024-10-08 05:45:00,강력한 반전 (BB 찢고 복귀),62478.6,62366.550632144725,1.5,1.0,
2024-10-08 06:30:00,역추세 반등 (BB 하단),62413.1,62273.31546219514,1.0,1.0,
2024-10-08 06:30:00,강력한 반전 (BB 찢고 복귀),62413.1,62273.31546219514,1.5,1.0,
2024-10-08 07:30:00,역추세 반등 (BB 하단),62252.1,62142.58711369422,1.0,1.0,
2024-10-08 07:30:00,강력한 반전 (BB 찢고 복귀),62252.1,62142.58711369422,1.5,1.0,
2024-10-08 13:30:00,추세확정 (BB 상단 돌파),62802.9,,2.0,1.0,62705.26839917421
2024-10-08 14:30:00,강력한 반전 (BB 찢고 복귀),62461.6,62225.15031772453,1.5,1.0,
2024-10-08 15:30:00,역추세 반등 (BB 하단),62196.0,62131.319666366246,1.0,1.0,
2024-10-08 15:30:00,강력한 반전 (BB 찢고 복귀),62196.0,62131.319666366246,1.5,1.0,
2024-10-08 18:45:00,강력한 반전 (BB 찢고 복귀),62079.2,61955.76840073702,1.5,1.0,
2024-10-08 19:15:00,역추세 반등 (BB 하단),62067.1,61861.526653685396,1.0,1.0,
2024-10-08 19:15:00,강력한 반전 (BB 찢고 복귀),62067.1,61861.526653685396,1.5,1.0,
2024-10-09 05:45:00,추세확정 (BB 상단 돌파),62506.9,,2.0,1.0,62506.67211835821
2024-10-09 07:15:00,강력한 반전 (BB 찢고 복귀),62230.0,62177.729603021566,1.5,1.0,
2024-10-09 12:45:00,역추세 반등 (BB 하단),61952.0,61940.122162582236,1.0,1.0,
2024-10-09 12:45:00,강력한 반전 (BB 찢고 복귀),61952.0,61940.122162582236,1.5,1.0,
2024-10-09 14:00:00,역추세 반등 (BB 하단),61872.8,61781.7878460994,1.0,1.0,
2024-10-09 14:00:00,강력한 반전 (BB 찢고 복귀),61872.8,61781.7878460994,1.5,1.0,
2024-10-09 14:45:00,강력한 반전 (BB 찢고 복귀),61849.9,61724.78013514524,1.5,1.0,
2024-10-09 21:00:00,역추세 반등 (BB 하단),60611.2,60414.84344862436,1.0,1.0,
2024-10-09 21:00:00,강력한 반전 (BB 찢고 복귀),60611.2,60414.84344862436,1.5,1.0,
2024-10-10 06:15:00,추세확정 (BB 상단 돌파),61029.1,,2.0,1.0,61003.50690609773
2024-10-10 09:30:00,역추세 반등 (BB 하단),60886.7,60674.442029306556,1.0,1.0,
2024-10-10 09:30:00,강력한 반전 (BB 찢고 복귀),60886.7,60674.442029306556,1.5,1.0,
2024-10-10 13:45:00,강력한 반전 (BB 찢고 복귀),60916.0,60676.39494089348,1.5,1.0,
2024-10-10 14:45:00,역추세 반등 (BB 하단),60568.9,60576.67734469156,1.0,1.0,
2024-10-10 15:00:00,역추세 반등 (BB 하단),60732.2,60549.97684176614,1.0,1.0,
2024-10-10 15:00:00,강력한 반전 (BB 찢고 복귀),60732.2,60549.97684176614,1.5,1.0,
2024-10-10 15:30:00,역추세 반등 (BB 하단),60615.0,60422.166837934536,1.0,1.0,
2024-10-10 17:15:00,역추세 반등 (BB 하단),60230.1,60146.347031690275,1.0,1.0,
2024-10-10 17:15:00,강력한 반전 (BB 찢고 복귀),60230.1,60146.347031690275,1.5,1.0,
2024-10-10 18:30:00,역추세 반등 (BB 하단),59215.9,59122.79011428393,1.0,1.0,
2024-10-10 18:30:00,강력한 반전 (BB 찢고 복귀),59215.9,59122.79011428393,1.5,1.0,
2024-10-11 01:45:00,추세확정 (BB 상단 돌파),60547.4,,2.0,1.0,60518.16156220804
2024-10-11 03:00:00,추세확정 (BB 상단 돌파),60629.9,,2.0,1.0,60603.175836750845
2024-10-11 06:30:00,추세확정 (BB 상단 돌파),60843.5,,2.0,1.0,60794.53407139687
2024-10-11 09:00:00,추세확정 (BB 상단 돌파),60875.6,,2.0,1.0,60869.65387411399
2024-10-11 09:45:00,추세확정 (BB 상단 돌파),61059.4,,2.0,1.0,60971.50422024849
2024-10-11 13:45:00,추세확정 (BB 상단 돌파),61650.4,,2.0,1.0,61570.40045702838
2024-10-11 15:00:00,추세확정 (BB 상단 돌파),62198.1,,2.0,1.0,62054.014321925075
2024-10-11 17:45:00,추세확정 (BB 상단 돌파),62899.9,,2.0,1.0,62886.34511344566
2024-10-11 22:45:00,역추세 반등 (BB 하단),62420.0,62412.43064394613,1.0,1.0,
2024-10-11 22:45:00,강력한 반전 (BB 찢고 복귀),62420.0,62412.43064394613,1.5,1.0,
2024-10-11 23:00:00,강력한 반전 (BB 찢고 복귀),62621.0,62394.33326903577,1.5,1.0,
2024-10-12 09:45:00,추세확정 (BB 상단 돌파),62819.3,,2.0,1.0,62802.26224236074
2024-10-12 14:30:00,추세확정 (BB 상단 돌파),63213.5,,2.0,1.0,63207.86115045468
2024-10-12 15:00:00,추세확정 (BB 상단 돌파),63394.2,,2.0,1.0,63304.958469787096
2024-10-13 01:30:00,역추세 반등 (BB 하단),63011.5,62957.81175349058,1.0,1.0,
2024-10-13 01:30:00,강력한 반전 (BB 찢고 복귀),63011.5,62957.81175349058,1.5,1.0,
2024-10-13 02:15:00,역추세 반등 (BB 하단),62760.2,62759.112692890674,1.0,1.0,
2024-10-13 02:15:00,강력한 반전 (BB 찢고 복귀),62760.2,62759.112692890674,1.5,1.0,
2024-10-13 11:45:00,역추세 반등 (BB 하단),62536.4,62537.19477493958,1.0,1.0,
2024-10-13 12:00:00,역추세 반등 (BB 하단),62624.9,62524.371344162166,1.0,1.0,
2024-10-13 15:00:00,역추세 반등 (BB 하단),62247.3,62303.738011418296,1.0,1.0,
2024-10-13 15:30:00,역추세 반등 (BB 하단),62075.0,62096.77452390627,1.0,1.0,
2024-10-13 15:45:00,역추세 반등 (BB 하단),62193.6,62053.99235490153,1.0,1.0,
2024-10-14 00:15:00,강력한 반전 (BB 찢고 복귀),62676.3,62531.968178079405,1.5,1.0,
2024-10-14 01:00:00,강력한 반전 (BB 찢고 복귀),62647.7,62491.73014659918,1.5,1.0,
2024-10-14 03:15:00,추세확정 (BB 상단 돌파),63301.2,,2.0,1.0,63040.55535996083
2024-10-14 08:15:00,추세확정 (BB 상단 돌파),64592.0,,2.0,1.0,64587.94839821652
2024-10-14 13:45:00,추세확정 (BB 상단 돌파),65122.6,,2.0,1.0,65120.57026903577
2024-10-14 22:30:00,추세확정 (BB 상단 돌파),66179.2,,2.0,1.0,66161.27603977267
2024-10-15 04:00:00,역추세 반등 (BB 하단),65505.2,65389.8337115305,1.0,1.0,
2024-10-15 04:00:00,강력한 반전 (BB 찢고 복귀),65505.2,65389.8337115305,1.5,1.0,
2024-10-15 11:15:00,강력한 반전 (BB 찢고 복귀),65527.0,65456.55458824542,1.5,1.0,
2024-10-15 12:00:00,역추세 반등 (BB 하단),65419.1,65403.87332018294,1.0,1.0,
2024-10-15 12:00:00,강력한 반전 (BB 찢고 복귀),65419.1,65403.87332018294,1.5,1.0,
2024-10-15 13:30:00,추세확정 (BB 상단 돌파),66424.0,,2.0,1.0,66135.83126263136
2024-10-15 21:15:00,역추세 반등 (BB 하단),66394.2,66364.60816419258,1.0,1.0,
2024-10-15 21:15:00,강력한 반전 (BB 찢고 복귀),66394.2,66364.60816419258,1.5,1.0,
2024-10-15 21:45:00,역추세 반등 (BB 하단),66414.5,66217.01120069479,1.0,1.0,
2024-10-16 01:15:00,추세확정 (BB 상단 돌파),67470.1,,2.0,1.0,67313.4237790661
2024-10-16 07:15:00,역추세 반등 (BB 하단),66869.9,66814.65085747947,1.0,1.0,
2024-10-16 07:15:00,강력한 반전 (BB 찢고 복귀),66869.9,66814.65085747947,1.5,1.0,
2024-10-16 10:00:00,추세확정 (BB 상단 돌파),67617.7,,2.0,1.0,67549.16639286844
2024-10-16 11:15:00,추세확정 (BB 상단 돌파),68119.9,,2.0,1.0,68006.07094091407
2024-10-16 21:45:00,강력한 반전 (BB 찢고 복귀),67538.2,67482.70915969869,1.5,1.0,
2024-10-17 01:45:00,추세확정 (BB 상단 돌파),67876.8,,2.0,1.0,67872.07858103263
2024-10-17 03:00:00,강력한 반전 (BB 찢고 복귀),67494.2,67420.17785267129,1.5,1.0,
2024-10-17 05:00:00,역추세 반등 (BB 하단),67362.6,67224.76288299583,1.0,1.0,
2024-10-17 07:00:00,역추세 반등 (BB 하단),67156.5,67127.63300139781,1.0,1.0,
2024-10-17 07:00:00,강력한 반전 (BB 찢고 복귀),67156.5,67127.63300139781,1.5,1.0,
2024-10-17 07:15:00,강력한 반전 (BB 찢고 복귀),67173.2,67100.47923099734,1.5,1.0,
2024-10-17 10:45:00,역추세 반등 (BB 하단),67192.2,66998.98464966036,1.0,1.0,
2024-10-17 10:45:00,강력한 반전 (BB 찢고 복귀),67192.2,66998.98464966036,1.5,1.0,
2024-10-17 11:45:00,역추세 반등 (BB 하단),66861.3,66831.83759050975,1.0,1.0,
2024-10-17 11:45:00,강력한 반전 (BB 찢고 복귀),66861.3,66831.83759050975,1.5,1.0,
2024-10-17 12:00:00,강력한 반전 (BB 찢고 복귀),66914.1,66801.16240694723,1.5,1.0,
2024-10-17 13:30:00,강력한 반전 (BB 찢고 복귀),67189.9,66766.1920656591,1.5,1.0,
2024-10-17 14:30:00,강력한 반전 (BB 찢고 복귀),66981.0,66804.63097253552,1.5,1.0,
2024-10-17 15:15:00,추세확정 (BB 상단 돌파),67255.0,,2.0,1.0,67253.71655532726
2024-10-17 18:15:00,강력한 반전 (BB 찢고 복귀),66887.2,66748.29677551647,1.5,1.0,
2024-10-17 22:30:00,추세확정 (BB 상단 돌파),67430.0,,2.0,1.0,67373.99073895032
2024-10-18 01:15:00,추세확정 (BB 상단 돌파),67693.5,,2.0,1.0,67649.49720682485
2024-10-18 12:30:00,강력한 반전 (BB 찢고 복귀),67706.2,67657.50957299017,1.5,1.0,
2024-10-18 13:00:00,강력한 반전 (BB 찢고 복귀),67808.8,67628.72974650888,1.5,1.0,
2024-10-18 13:30:00,추세확정 (BB 상단 돌파),68169.8,,2.0,1.0,68080.08855190332
2024-10-18 14:15:00,추세확정 (BB 상단 돌파),68211.8,,2.0,1.0,68207.78210858308
2024-10-18 15:15:00,추세확정 (BB 상단 돌파),68658.9,,2.0,1.0,68604.09783661448
2024-10-18 21:45:00,강력한 반전 (BB 찢고 복귀),68395.1,68262.00525196074,1.5,1.0,
2024-10-19 03:00:00,추세확정 (BB 상단 돌파),68601.6,,2.0,1.0,68532.422101426
2024-10-19 10:30:00,역추세 반등 (BB 하단),68283.2,68265.78848459864,1.0,1.0,
2024-10-19 10:30:00,강력한 반전 (BB 찢고 복귀),68283.2,68265.78848459864,1.5,1.0,
2024-10-19 11:00:00,역추세 반등 (BB 하단),68280.7,68236.5878269149,1.0,1.0,
2024-10-19 11:00:00,강력한 반전 (BB 찢고 복귀),68280.7,68236.5878269149,1.5,1.0,
2024-10-19 12:00:00,역추세 반등 (BB 하단),68155.0,68107.9779290883,1.0,1.0,
2024-10-19 12:00:00,강력한 반전 (BB 찢고 복귀),68155.0,68107.9779290883,1.5,1.0,
2024-10-19 17:00:00,역추세 반등 (BB 하단),68074.1,68022.63747509297,1.0,1.0,
2024-10-19 17:00:00,강력한 반전 (BB 찢고 복귀),68074.1,68022.63747509297,1.5,1.0,
2024-10-19 21:15:00,추세확정 (BB 상단 돌파),68322.9,,2.0,1.0,68310.01276386571
2024-10-19 22:30:00,추세확정 (BB 상단 돌파),68374.0,,2.0,1.0,68345.1589285208
2024-10-20 01:15:00,강력한 반전 (BB 찢고 복귀),68234.7,68157.62701049668,1.5,1.0,
2024-10-20 06:45:00,추세확정 (BB 상단 돌파),68374.0,,2.0,1.0,68317.1563708503
2024-10-20 08:15:00,추세확정 (BB 상단 돌파),68460.1,,2.0,1.0,68459.69652988024
2024-10-20 12:30:00,강력한 반전 (BB 찢고 복귀),68377.7,68334.25112817464,1.5,1.0,
2024-10-20 13:00:00,역추세 반등 (BB 하단),68247.9,68274.54727360724,1.0,1.0,
2024-10-20 13:15:00,역추세 반등 (BB 하단),68249.9,68255.63717998679,1.0,1.0,
2024-10-20 13:30:00,역추세 반등 (BB 하단),68392.7,68255.91933711257,1.0,1.0,
2024-10-20 13:30:00,강력한 반전 (BB 찢고 복귀),68392.7,68255.91933711257,1.5,1.0,
2024-10-20 14:00:00,추세확정 (BB 상단 돌파),68564.1,,2.0,1.0,68529.57348407047
2024-10-20 20:30:00,추세확정 (BB 상단 돌파),68682.9,,2.0,1.0,68680.41534977726
2024-10-20 22:15:00,추세확정 (BB 상단 돌파),69113.2,,2.0,1.0,68933.84601319654
2024-10-21 03:15:00,역추세 반등 (BB 하단),68850.1,68717.14300255492,1.0,1.0,
2024-10-21 03:15:00,강력한 반전 (BB 찢고 복귀),68850.1,68717.14300255492,1.5,1.0,
2024-10-21 07:00:00,강력한 반전 (BB 찢고 복귀),68750.0,68636.35300916106,1.5,1.0,
2024-10-21 08:00:00,역추세 반등 (BB 하단),68625.1,68513.74580832201,1.0,1.0,
2024-10-21 08:00:00,강력한 반전 (BB 찢고 복귀),68625.1,68513.74580832201,1.5,1.0,
2024-10-21 09:00:00,역추세 반등 (BB 하단),68424.0,68274.26008648603,1.0,1.0,
2024-10-21 09:00:00,강력한 반전 (BB 찢고 복귀),68424.0,68274.26008648603,1.5,1.0,
2024-10-21 12:45:00,역추세 반등 (BB 하단),68215.6,68109.88283971774,1.0,1.0,
2024-10-21 12:45:00,강력한 반전 (BB 찢고 복귀),68215.6,68109.88283971774,1.5,1.0,
2024-10-21 14:00:00,역추세 반등 (BB 하단),67362.4,67464.00243178332,1.0,1.0,
2024-10-21 14:15:00,역추세 반등 (BB 하단),67411.3,67349.44202792295,1.0,1.0,
2024-10-21 14:15:00,강력한 반전 (BB 찢고 복귀),67411.3,67349.44202792295,1.5,1.0,
2024-10-22 00:30:00,역추세 반등 (BB 하단),66960.0,67053.25372297152,1.0,1.0,
2024-10-22 00:45:00,역추세 반등 (BB 하단),67135.4,66991.08775761454,1.0,1.0,
2024-10-22 00:45:00,강력한 반전 (BB 찢고 복귀),67135.4,66991.08775761454,1.5,1.0,
2024-10-22 06:15:00,추세확정 (BB 상단 돌파),67760.0,,2.0,1.0,67753.89283047915
2024-10-22 08:30:00,역추세 반등 (BB 하단),67122.1,67111.71500906177,1.0,1.0,
2024-10-22 08:30:00,강력한 반전 (BB 찢고 복귀),67122.1,67111.71500906177,1.5,1.0,
2024-10-22 09:00:00,역추세 반등 (BB 하단),67039.8,66962.95018321411,1.0,1.0,
2024-10-22 09:00:00,강력한 반전 (BB 찢고 복귀),67039.8,66962.95018321411,1.5,1.0,
2024-10-22 13:45:00,강력한 반전 (BB 찢고 복귀),66977.6,66701.56661102733,1.5,1.0,
2024-10-22 22:00:00,추세확정 (BB 상단 돌파),67637.3,,2.0,1.0,67620.96899967664
2024-10-23 00:15:00,역추세 반등 (BB 하단),67237.1,67216.837684874,1.0,1.0,
2024-10-23 00:15:00,강력한 반전 (BB 찢고 복귀),67237.1,67216.837684874,1.5,1.0,
2024-10-23 07:15:00,역추세 반등 (BB 하단),66938.3,66872.08293359846,1.0,1.0,
2024-10-23 07:15:00,강력한 반전 (BB 찢고 복귀),66938.3,66872.08293359846,1.5,1.0,
2024-10-23 07:45:00,역추세 반등 (BB 하단),66832.5,66789.07336678369,1.0,1.0,
2024-10-23 07:45:00,강력한 반전 (BB 찢고 복귀),66832.5,66789.07336678369,1.5,1.0,
2024-10-23 08:00:00,강력한 반전 (BB 찢고 복귀),66964.2,66780.3395514861,1.5,1.0,
2024-10-23 09:15:00,역추세 반등 (BB 하단),66326.1,66314.86078541682,1.0,1.0,
2024-10-23 09:15:00,강력한 반전 (BB 찢고 복귀),66326.1,66314.86078541682,1.5,1.0,
2024-10-23 12:30:00,강력한 반전 (BB 찢고 복귀),66392.2,66101.42097261411,1.5,1.0,
2024-10-23 13:45:00,추세확정 (BB 상단 돌파),66787.3,,2.0,1.0,66723.44136176824
2024-10-23 15:45:00,역추세 반등 (BB 하단),66203.3,66010.07357481956,1.0,1.0,
2024-10-23 15:45:00,강력한 반전 (BB 찢고 복귀),66203.3,66010.07357481956,1.5,1.0,
2024-10-23 18:15:00,강력한 반전 (BB 찢고 복귀),65617.2,65314.91135910464,1.5,1.0,
2024-10-24 00:45:00,추세확정 (BB 상단 돌파),67446.8,,2.0,1.0,67069.63568958774
2024-10-24 07:00:00,역추세 반등 (BB 하단),67236.4,67170.62943708894,1.0,1.0,
2024-10-24 07:00:00,강력한 반전 (BB 찢고 복귀),67236.4,67170.62943708894,1.5,1.0,
2024-10-24 07:15:00,강력한 반전 (BB 찢고 복귀),67269.1,67163.04329753597,1.5,1.0,
2024-10-24 08:00:00,강력한 반전 (BB 찢고 복귀),67216.7,67110.10803942483,1.5,1.0,
2024-10-24 09:00:00,역추세 반등 (BB 하단),66919.1,66908.36560524427,1.0,1.0,
2024-10-24 09:00:00,강력한 반전 (BB 찢고 복귀),66919.1,66908.36560524427,1.5,1.0,
2024-10-24 09:15:00,강력한 반전 (BB 찢고 복귀),66969.0,66870.85575154795,1.5,1.0,
2024-10-24 09:45:00,강력한 반전 (BB 찢고 복귀),66874.7,66769.53440263071,1.5,1.0,
2024-10-24 12:45:00,추세확정 (BB 상단 돌파),67502.5,,2.0,1.0,67489.64309483535
2024-10-24 13:30:00,추세확정 (BB 상단 돌파),67824.6,,2.0,1.0,67763.01969500356
2024-10-24 19:15:00,추세확정 (BB 상단 돌파),68072.7,,2.0,1.0,68043.26488603889
2024-10-24 21:00:00,추세확정 (BB 상단 돌파),68512.8,,2.0,1.0,68466.30303158434
2024-10-25 04:30:00,역추세 반등 (BB 하단),67774.1,67709.79363765432,1.0,1.0,
2024-10-25 04:30:00,강력한 반전 (BB 찢고 복귀),67774.1,67709.79363765432,1.5,1.0,
2024-10-25 05:15:00,강력한 반전 (BB 찢고 복귀),67723.3,67625.10732480255,1.5,1.0,
2024-10-25 07:30:00,역추세 반등 (BB 하단),67434.8,67300.63402874117,1.0,1.0,
2024-10-25 07:30:00,강력한 반전 (BB 찢고 복귀),67434.8,67300.63402874117,1.5,1.0,
2024-10-25 13:45:00,추세확정 (BB 상단 돌파),68326.2,,2.0,1.0,68317.1172114934
2024-10-25 16:00:00,강력한 반전 (BB 찢고 복귀),67780.0,67630.76255225354,1.5,1.0,
2024-10-25 16:30:00,강력한 반전 (BB 찢고 복귀),67744.1,67518.97479698267,1.5,1.0,
2024-10-25 18:00:00,역추세 반등 (BB 하단),66942.7,66827.60228852848,1.0,1.0,
2024-10-25 18:00:00,강력한 반전 (BB 찢고 복귀),66942.7,66827.60228852848,1.5,1.0,
2024-10-25 23:15:00,역추세 반등 (BB 하단),65800.7,66013.7326278253,1.0,1.0,
2024-10-25 23:30:00,역추세 반등 (BB 하단),66256.5,65943.01008144871,1.0,1.0,
2024-10-25 23:30:00,강력한 반전 (BB 찢고 복귀),66256.5,65943.01008144871,1.5,1.0,
2024-10-26 10:45:00,강력한 반전 (BB 찢고 복귀),67029.9,66966.28428154063,1.5,1.0,
2024-10-26 13:15:00,강력한 반전 (BB 찢고 복귀),67043.0,66949.49026218896,1.5,1.0,
2024-10-26 15:00:00,강력한 반전 (BB 찢고 복귀),66791.8,66735.1868459051,1.5,1.0,
2024-10-26 20:15:00,추세확정 (BB 상단 돌파),67338.7,,2.0,1.0,67277.80465782841
2024-10-27 00:15:00,강력한 반전 (BB 찢고 복귀),67050.1,66982.26849868191,1.5,1.0,
2024-10-27 01:15:00,강력한 반전 (BB 찢고 복귀),66961.9,66925.86267023189,1.5,1.0,
2024-10-27 03:45:00,추세확정 (BB 상단 돌파),67267.5,,2.0,1.0,67213.18872269156
2024-10-27 09:45:00,강력한 반전 (BB 찢고 복귀),67124.9,67089.39734362176,1.5,1.0,
2024-10-27 10:45:00,역추세 반등 (BB 하단),67063.3,67048.37459879747,1.0,1.0,
2024-10-27 10:45:00,강력한 반전 (BB 찢고 복귀),67063.3,67048.37459879747,1.5,1.0,
2024-10-27 12:15:00,추세확정 (BB 상단 돌파),67353.9,,2.0,1.0,67281.9170250395
2024-10-27 19:00:00,역추세 반등 (BB 하단),67568.3,67548.71632334939,1.0,1.0,
2024-10-27 19:00:00,강력한 반전 (BB 찢고 복귀),67568.3,67548.71632334939,1.5,1.0,
2024-10-27 19:15:00,강력한 반전 (BB 찢고 복귀),67761.6,67555.53446384838,1.5,1.0,
2024-10-27 21:30:00,추세확정 (BB 상단 돌파),67988.1,,2.0,1.0,67979.05716164435
2024-10-27 22:00:00,추세확정 (BB 상단 돌파),68220.3,,2.0,1.0,68091.38034657715
2024-10-28 05:30:00,강력한 반전 (BB 찢고 복귀),67729.7,67602.90063028071,1.5,1.0,
2024-10-28 07:00:00,추세확정 (BB 상단 돌파),68434.0,,2.0,1.0,68152.20482233446
2024-10-28 15:30:00,역추세 반등 (BB 하단),68558.1,68473.58610438847,1.0,1.0,
2024-10-28 15:30:00,강력한 반전 (BB 찢고 복귀),68558.1,68473.58610438847,1.5,1.0,
2024-10-28 16:00:00,강력한 반전 (BB 찢고 복귀),68731.7,68447.27104200529,1.5,1.0,
2024-10-28 19:00:00,추세확정 (BB 상단 돌파),69586.7,,2.0,1.0,69388.6155441893
2024-10-29 01:45:00,추세확정 (BB 상단 돌파),70295.5,,2.0,1.0,70169.54025726528
2024-10-29 07:45:00,강력한 반전 (BB 찢고 복귀),71019.0,70839.64325248862,1.5,1.0,
2024-10-29 11:30:00,추세확정 (BB 상단 돌파),71549.5,,2.0,1.0,71469.8781171413
2024-10-29 13:30:00,추세확정 (BB 상단 돌파),71520.0,,2.0,1.0,71509.74859953937
2024-10-29 13:30:00,강력한 반전 (BB 찢고 복귀),71520.0,71020.77140046062,1.5,1.0,
2024-10-29 14:30:00,추세확정 (BB 상단 돌파),71823.9,,2.0,1.0,71797.3800132976
2024-10-29 15:30:00,추세확정 (BB 상단 돌파),72195.8,,2.0,1.0,72141.5098662634
2024-10-29 19:00:00,추세확정 (BB 상단 돌파),73580.0,,2.0,1.0,73561.81773011448
2024-10-29 20:30:00,역추세 반등 (BB 하단),72195.0,72039.32327139557,1.0,1.0,
2024-10-29 20:30:00,강력한 반전 (BB 찢고 복귀),72195.0,72039.32327139557,1.5,1.0,
2024-10-30 01:15:00,강력한 반전 (BB 찢고 복귀),72160.3,72064.98072560182,1.5,1.0,
2024-10-30 07:45:00,강력한 반전 (BB 찢고 복귀),72262.7,72182.43159554024,1.5,1.0,
2024-10-30 12:00:00,역추세 반등 (BB 하단),72085.6,72021.77188792353,1.0,1.0,
2024-10-30 12:00:00,강력한 반전 (BB 찢고 복귀),72085.6,72021.77188792353,1.5,1.0,
2024-10-30 13:00:00,강력한 반전 (BB 찢고 복귀),71898.5,71809.31805893902,1.5,1.0,
2024-10-30 13:45:00,역추세 반등 (BB 하단),71985.8,71581.38780333789,1.0,1.0,
2024-10-30 13:45:00,강력한 반전 (BB 찢고 복귀),71985.8,71581.38780333789,1.5,1.0,
2024-10-30 20:00:00,강력한 반전 (BB 찢고 복귀),71921.3,71769.86735203218,1.5,1.0,
2024-10-30 20:15:00,추세확정 (BB 상단 돌파),72329.6,,2.0,1.0,72249.44463309705
2024-10-31 07:00:00,강력한 반전 (BB 찢고 복귀),72263.2,72154.85061900987,1.5,1.0,
2024-10-31 10:30:00,추세확정 (BB 상단 돌파),72539.5,,2.0,1.0,72497.32931585662
2024-10-31 12:30:00,강력한 반전 (BB 찢고 복귀),72186.9,72075.64023652326,1.5,1.0,
2024-10-31 15:00:00,역추세 반등 (BB 하단),70795.5,70617.09902166284,1.0,1.0,
2024-10-31 15:00:00,강력한 반전 (BB 찢고 복귀),70795.5,70617.09902166284,1.5,1.0,
2024-10-31 18:30:00,강력한 반전 (BB 찢고 복귀),70484.9,70267.51804063939,1.5,1.0,
2024-10-31 20:15:00,역추세 반등 (BB 하단),70235.7,70122.93241139548,1.0,1.0,
2024-10-31 20:15:00,강력한 반전 (BB 찢고 복귀),70235.7,70122.93241139548,1.5,1.0,
2024-10-31 21:00:00,강력한 반전 (BB 찢고 복귀),70279.9,69980.39835251683,1.5,1.0,
2024-11-01 02:15:00,역추세 반등 (BB 하단),69410.4,69350.65455914309,1.0,1.0,
2024-11-01 02:15:00,강력한 반전 (BB 찢고 복귀),69410.4,69350.65455914309,1.5,1.0,
2024-11-01 02:45:00,강력한 반전 (BB 찢고 복귀),69600.0,69154.69206067322,1.5,1.0,
2024-11-01 07:15:00,역추세 반등 (BB 하단),69275.4,69171.01662532333,1.0,1.0,
2024-11-01 07:15:00,강력한 반전 (BB 찢고 복귀),69275.4,69171.01662532333,1.5,1.0,
2024-11-01 10:15:00,추세확정 (BB 상단 돌파),70020.7,,2.0,1.0,69853.77740088713
2024-11-01 10:45:00,추세확정 (BB 상단 돌파),70008.7,,2.0,1.0,69971.70432303041
2024-11-01 13:45:00,추세확정 (BB 상단 돌파),71220.1,,2.0,1.0,70926.16392969918
2024-11-02 05:00:00,강력한 반전 (BB 찢고 복귀),69577.4,69455.19456778657,1.5,1.0,
2024-11-02 10:30:00,역추세 반등 (BB 하단),69547.9,69445.31404991442,1.0,1.0,
2024-11-02 10:30:00,강력한 반전 (BB 찢고 복귀),69547.9,69445.31404991442,1.5,1.0,
2024-11-02 13:00:00,강력한 반전 (BB 찢고 복귀),69520.1,69430.00858422581,1.5,1.0,
2024-11-02 14:45:00,역추세 반등 (BB 하단),69250.1,69148.17588600444,1.0,1.0,
2024-11-02 14:45:00,강력한 반전 (BB 찢고 복귀),69250.1,69148.17588600444,1.5,1.0,
2024-11-02 23:30:00,역추세 반등 (BB 하단),69233.5,69227.21909048647,1.0,1.0,
2024-11-02 23:30:00,강력한 반전 (BB 찢고 복귀),69233.5,69227.21909048647,1.5,1.0,
2024-11-03 02:45:00,역추세 반등 (BB 하단),68202.2,68201.35293899814,1.0,1.0,
2024-11-03 02:45:00,강력한 반전 (BB 찢고 복귀),68202.2,68201.35293899814,1.5,1.0,
2024-11-03 03:00:00,강력한 반전 (BB 찢고 복귀),68369.0,68116.10676219447,1.5,1.0,
2024-11-03 08:15:00,강력한 반전 (BB 찢고 복귀),68398.4,68283.72320284758,1.5,1.0,
2024-11-03 14:00:00,역추세 반등 (BB 하단),68065.2,68071.2686006389,1.0,1.0,
2024-11-03 14:30:00,역추세 반등 (BB 하단),67705.5,67803.13417255305,1.0,1.0,
2024-11-03 14:45:00,역추세 반등 (BB 하단),67770.0,67726.00076410084,1.0,1.0,
2024-11-03 14:45:00,강력한 반전 (BB 찢고 복귀),67770.0,67726.00076410084,1.5,1.0,
2024-11-03 15:30:00,강력한 반전 (BB 찢고 복귀),67681.1,67487.76154002076,1.5,1.0,
2024-11-03 20:45:00,추세확정 (BB 상단 돌파),68952.5,,2.0,1.0,68907.38674183245
2024-11-04 00:45:00,강력한 반전 (BB 찢고 복귀),68697.8,68341.33750639888,1.5,1.0,
2024-11-04 08:00:00,역추세 반등 (BB 하단),68663.8,68625.2236253786,1.0,1.0,
2024-11-04 08:00:00,강력한 반전 (BB 찢고 복귀),68663.8,68625.2236253786,1.5,1.0,
2024-11-04 08:45:00,강력한 반전 (BB 찢고 복귀),68681.9,68465.7526613205,1.5,1.0,
2024-11-04 13:00:00,추세확정 (BB 상단 돌파),69133.9,,2.0,1.0,69068.47746694609
2024-11-04 14:15:00,강력한 반전 (BB 찢고 복귀),68642.6,68519.15688655461,1.5,1.0,
2024-11-04 14:45:00,역추세 반등 (BB 하단),68379.2,68401.18862477255,1.0,1.0,
2024-11-04 15:15:00,역추세 반등 (BB 하단),68459.3,68269.42173891728,1.0,1.0,
2024-11-04 15:15:00,강력한 반전 (BB 찢고 복귀),68459.3,68269.42173891728,1.5,1.0,
2024-11-04 17:15:00,역추세 반등 (BB 하단),67788.1,67540.26610017936,1.0,1.0,
2024-11-04 17:15:00,강력한 반전 (BB 찢고 복귀),67788.1,67540.26610017936,1.5,1.0,
2024-11-04 21:45:00,역추세 반등 (BB 하단),67110.3,67117.10372680987,1.0,1.0,
2024-11-04 22:00:00,역추세 반등 (BB 하단),67685.9,67138.87464648741,1.0,1.0,
2024-11-04 22:00:00,강력한 반전 (BB 찢고 복귀),67685.9,67138.87464648741,1.5,1.0,
2024-11-05 03:45:00,추세확정 (BB 상단 돌파),68236.3,,2.0,1.0,68232.25137383779
2024-11-05 05:45:00,추세확정 (BB 상단 돌파),68737.7,,2.0,1.0,68706.1770116247
2024-11-05 14:15:00,추세확정 (BB 상단 돌파),69328.8,,2.0,1.0,69094.42552136342
2024-11-05 20:00:00,역추세 반등 (BB 하단),69464.5,69220.85965453727,1.0,1.0,
2024-11-05 20:00:00,강력한 반전 (BB 찢고 복귀),69464.5,69220.85965453727,1.5,1.0,
2024-11-05 22:15:00,강력한 반전 (BB 찢고 복귀),69199.9,68893.35596669854,1.5,1.0,
2024-11-06 00:15:00,추세확정 (BB 상단 돌파),70285.2,,2.0,1.0,70067.5196703654
2024-11-06 02:15:00,추세확정 (BB 상단 돌파),72388.9,,2.0,1.0,72165.76241468145
2024-11-06 08:30:00,역추세 반등 (BB 하단),73399.9,73130.23274173203,1.0,1.0,
2024-11-06 08:30:00,강력한 반전 (BB 찢고 복귀),73399.9,73130.23274173203,1.5,1.0,
2024-11-06 12:00:00,추세확정 (BB 상단 돌파),74602.0,,2.0,1.0,74581.0574185846
2024-11-06 15:00:00,강력한 반전 (BB 찢고 복귀),74367.9,73540.60151594025,1.5,1.0,
2024-11-06 18:15:00,추세확정 (BB 상단 돌파),74995.1,,2.0,1.0,74992.32760073146
2024-11-06 18:45:00,추세확정 (BB 상단 돌파),75252.0,,2.0,1.0,75209.95719765178
2024-11-06 19:45:00,추세확정 (BB 상단 돌파),75830.8,,2.0,1.0,75727.37711330871
2024-11-07 00:30:00,역추세 반등 (BB 하단),75258.3,75257.9935651629,1.0,1.0,
2024-11-07 00:30:00,강력한 반전 (BB 찢고 복귀),75258.3,75257.9935651629,1.5,1.0,
2024-11-07 00:45:00,강력한 반전 (BB 찢고 복귀),75380.3,75215.386621821,1.5,1.0,
2024-11-07 03:15:00,강력한 반전 (BB 찢고 복귀),75386.0,75075.35684623175,1.5,1.0,
2024-11-07 04:45:00,역추세 반등 (BB 하단),74774.1,74736.70502777873,1.0,1.0,
2024-11-07 04:45:00,강력한 반전 (BB 찢고 복귀),74774.1,74736.70502777873,1.5,1.0,
2024-11-07 06:15:00,역추세 반등 (BB 하단),74772.0,74485.04705613988,1.0,1.0,
2024-11-07 06:15:00,강력한 반전 (BB 찢고 복귀),74772.0,74485.04705613988,1.5,1.0,
2024-11-07 14:00:00,역추세 반등 (BB 하단),74800.0,74697.5972194624,1.0,1.0,
2024-11-07 14:00:00,강력한 반전 (BB 찢고 복귀),74800.0,74697.5972194624,1.5,1.0,
2024-11-07 14:15:00,강력한 반전 (BB 찢고 복귀),74900.2,74704.0939751628,1.5,1.0,
2024-11-07 14:45:00,강력한 반전 (BB 찢고 복귀),74855.3,74664.97204226255,1.5,1.0,
2024-11-07 15:00:00,추세확정 (BB 상단 돌파),75267.7,,2.0,1.0,75207.04404699753
2024-11-07 22:30:00,역추세 반등 (BB 하단),75805.0,75655.3761149374,1.0,1.0,
2024-11-07 22:30:00,강력한 반전 (BB 찢고 복귀),75805.0,75655.3761149374,1.5,1.0,
2024-11-08 07:45:00,추세확정 (BB 상단 돌파),76213.2,,2.0,1.0,76192.34876320895
2024-11-08 10:45:00,추세확정 (BB 상단 돌파),76275.2,,2.0,1.0,76258.12108188427
2024-11-08 13:45:00,추세확정 (BB 상단 돌파),76306.2,,2.0,1.0,76297.56159917795
2024-11-08 14:45:00,역추세 반등 (BB 하단),75790.1,75763.73638347861,1.0,1.0,
2024-11-08 14:45:00,강력한 반전 (BB 찢고 복귀),75790.1,75763.73638347861,1.5,1.0,
2024-11-08 15:00:00,강력한 반전 (BB 찢고 복귀),75917.7,75765.25238304463,1.5,1.0,
2024-11-08 15:15:00,추세확정 (BB 상단 돌파),76459.2,,2.0,1.0,76423.77007502114
2024-11-08 18:30:00,추세확정 (BB 상단 돌파),76869.0,,2.0,1.0,76802.78162177258
2024-11-09 01:30:00,강력한 반전 (BB 찢고 복귀),76426.3,76337.45479424238,1.5,1.0,
2024-11-09 02:15:00,역추세 반등 (BB 하단),76272.7,76242.885153391,1.0,1.0,
2024-11-09 02:15:00,강력한 반전 (BB 찢고 복귀),76272.7,76242.885153391,1.5,1.0,
2024-11-09 02:30:00,강력한 반전 (BB 찢고 복귀),76278.5,76218.43141402671,1.5,1.0,
2024-11-09 05:30:00,추세확정 (BB 상단 돌파),76608.5,,2.0,1.0,76551.60646494543
2024-11-09 06:00:00,추세확정 (BB 상단 돌파),76724.7,,2.0,1.0,76633.46502713287
2024-11-09 12:15:00,강력한 반전 (BB 찢고 복귀),76428.6,76367.16075852464,1.5,1.0,
2024-11-09 13:00:00,역추세 반등 (BB 하단),76368.6,76298.84274863132,1.0,1.0,
2024-11-09 13:00:00,강력한 반전 (BB 찢고 복귀),76368.6,76298.84274863132,1.5,1.0,
2024-11-09 14:15:00,강력한 반전 (BB 찢고 복귀),76350.1,76271.71858542836,1.5,1.0,
2024-11-09 16:45:00,역추세 반등 (BB 하단),76093.4,76099.87944389296,1.0,1.0,
2024-11-09 17:15:00,역추세 반등 (BB 하단),75980.0,75948.82489569655,1.0,1.0,
2024-11-09 17:15:00,강력한 반전 (BB 찢고 복귀),75980.0,75948.82489569655,1.5,1.0,
2024-11-09 23:00:00,추세확정 (BB 상단 돌파),76636.1,,2.0,1.0,76629.72210779325
2024-11-10 02:15:00,추세확정 (BB 상단 돌파),77321.9,,2.0,1.0,77167.39357915138
2024-11-10 04:30:00,추세확정 (BB 상단 돌파),77938.0,,2.0,1.0,77767.60241305163
2024-11-10 11:00:00,추세확정 (BB 상단 돌파),79835.9,,2.0,1.0,79770.30371426149
2024-11-10 11:30:00,추세확정 (BB 상단 돌파),79964.3,,2.0,1.0,79964.24225170116
2024-11-10 14:45:00,강력한 반전 (BB 찢고 복귀),79542.8,79250.49051232869,1.5,1.0,
2024-11-10 17:30:00,추세확정 (BB 상단 돌파),80296.0,,2.0,1.0,80113.90436411284
2024-11-11 06:00:00,강력한 반전 (BB 찢고 복귀),80918.1,80727.68071579213,1.5,1.0,
2024-11-11 06:15:00,강력한 반전 (BB 찢고 복귀),81134.6,80774.70366131549,1.5,1.0,
2024-11-11 09:45:00,추세확정 (BB 상단 돌파),81754.8,,2.0,1.0,81702.2712689721
2024-11-11 14:30:00,강력한 반전 (BB 찢고 복귀),81971.3,81624.52315053389,1.5,1.0,
2024-11-11 14:45:00,추세확정 (BB 상단 돌파),82525.6,,2.0,1.0,82472.89186688502
2024-11-11 20:00:00,추세확정 (BB 상단 돌파),87203.7,,2.0,1.0,86891.42728669976
2024-11-11 21:15:00,추세확정 (BB 상단 돌파),88281.6,,2.0,1.0,88187.73450728391
2024-11-11 23:00:00,추세확정 (BB 상단 돌파),89577.2,,2.0,1.0,89201.51475012707
2024-11-12 06:30:00,추세확정 (BB 상단 돌파),89532.5,,2.0,1.0,89301.48446375641
2024-11-12 10:00:00,역추세 반등 (BB 하단),87959.3,87698.83208078882,1.0,1.0,
2024-11-12 10:00:00,강력한 반전 (BB 찢고 복귀),87959.3,87698.83208078882,1.5,1.0,
2024-11-12 10:45:00,역추세 반등 (BB 하단),86957.2,86765.22731558852,1.0,1.0,
2024-11-12 10:45:00,강력한 반전 (BB 찢고 복귀),86957.2,86765.22731558852,1.5,1.0,
2024-11-12 13:45:00,강력한 반전 (BB 찢고 복귀),86440.0,85600.14083694678,1.5,1.0,
2024-11-12 14:30:00,강력한 반전 (BB 찢고 복귀),86420.5,85549.17969658018,1.5,1.0,
2024-11-12 18:15:00,추세확정 (BB 상단 돌파),88423.9,,2.0,1.0,88291.41881565507
2024-11-13 02:30:00,역추세 반등 (BB 하단),87744.0,87562.06096852415,1.0,1.0,
2024-11-13 02:30:00,강력한 반전 (BB 찢고 복귀),87744.0,87562.06096852415,1.5,1.0,
2024-11-13 04:45:00,역추세 반등 (BB 하단),87200.4,86764.69742746877,1.0,1.0,
2024-11-13 04:45:00,강력한 반전 (BB 찢고 복귀),87200.4,86764.69742746877,1.5,1.0,
2024-11-13 06:30:00,강력한 반전 (BB 찢고 복귀),86600.3,86220.79552832904,1.5,1.0,
2024-11-13 12:30:00,추세확정 (BB 상단 돌파),88006.8,,2.0,1.0,87998.05091319051
2024-11-13 13:15:00,추세확정 (BB 상단 돌파),88308.5,,2.0,1.0,88161.84871722596
2024-11-13 15:15:00,추세확정 (BB 상단 돌파),91886.4,,2.0,1.0,91850.77714016198
2024-11-13 19:15:00,강력한 반전 (BB 찢고 복귀),91196.5,90751.82592711084,1.5,1.0,
2024-11-13 20:00:00,역추세 반등 (BB 하단),90781.6,90318.58781714526,1.0,1.0,
2024-11-13 20:00:00,강력한 반전 (BB 찢고 복귀),90781.6,90318.58781714526,1.5,1.0,
2024-11-13 21:15:00,역추세 반등 (BB 하단),88814.1,88718.85825998457,1.0,1.0,
2024-11-13 21:15:00,강력한 반전 (BB 찢고 복귀),88814.1,88718.85825998457,1.5,1.0,
2024-11-14 04:30:00,강력한 반전 (BB 찢고 복귀),89897.9,89583.81934740339,1.5,1.0,
2024-11-14 07:00:00,역추세 반등 (BB 하단),89728.5,89542.6084967618,1.0,1.0,
2024-11-14 07:00:00,강력한 반전 (BB 찢고 복귀),89728.5,89542.6084967618,1.5,1.0,
2024-11-14 07:45:00,추세확정 (BB 상단 돌파),90858.6,,2.0,1.0,90509.26712248857
2024-11-14 14:00:00,강력한 반전 (BB 찢고 복귀),90998.7,90653.63498405377,1.5,1.0,
2024-11-14 15:00:00,역추세 반등 (BB 하단),89426.8,89455.58480005762,1.0,1.0,
2024-11-14 16:15:00,역추세 반등 (BB 하단),88189.3,87534.78784699821,1.0,1.0,
2024-11-14 21:15:00,역추세 반등 (BB 하단),88110.6,87512.06280872936,1.0,1.0,
2024-11-14 21:15:00,강력한 반전 (BB 찢고 복귀),88110.6,87512.06280872936,1.5,1.0,
2024-11-14 22:30:00,강력한 반전 (BB 찢고 복귀),87916.0,87094.94267581624,1.5,1.0,
2024-11-15 04:45:00,역추세 반등 (BB 하단),87470.9,87465.95745274676,1.0,1.0,
2024-11-15 04:45:00,강력한 반전 (BB 찢고 복귀),87470.9,87465.95745274676,1.5,1.0,
2024-11-15 05:00:00,강력한 반전 (BB 찢고 복귀),87628.3,87412.9921218268,1.5,1.0,
2024-11-15 05:15:00,강력한 반전 (BB 찢고 복귀),87800.0,87392.07619980723,1.5,1.0,
2024-11-15 09:00:00,추세확정 (BB 상단 돌파),88838.1,,2.0,1.0,88564.36606466337
2024-11-15 12:00:00,추세확정 (BB 상단 돌파),90703.7,,2.0,1.0,90537.93790124611
2024-11-15 14:30:00,강력한 반전 (BB 찢고 복귀),89363.8,88823.57324101382,1.5,1.0,
2024-11-15 15:45:00,역추세 반등 (BB 하단),88450.5,88101.79357580465,1.0,1.0,
2024-11-15 15:45:00,강력한 반전 (BB 찢고 복귀),88450.5,88101.79357580465,1.5,1.0,
2024-11-15 19:30:00,추세확정 (BB 상단 돌파),90650.5,,2.0,1.0,90548.153812842
2024-11-15 20:00:00,추세확정 (BB 상단 돌파),90973.1,,2.0,1.0,90927.01249248558
2024-11-15 20:45:00,추세확정 (BB 상단 돌파),91492.8,,2.0,1.0,91381.37678131717
2024-11-16 08:15:00,강력한 반전 (BB 찢고 복귀),91308.0,91105.29341537846,1.5,1.0,
2024-11-16 10:30:00,추세확정 (BB 상단 돌파),91663.1,,2.0,1.0,91610.13101339807
2024-11-16 11:45:00,역추세 반등 (BB 하단),91246.5,91091.67606133322,1.0,1.0,
2024-11-16 11:45:00,강력한 반전 (BB 찢고 복귀),91246.5,91091.67606133322,1.5,1.0,
2024-11-16 12:15:00,역추세 반등 (BB 하단),90871.7,90862.60509479714,1.0,1.0,
2024-11-16 12:15:00,강력한 반전 (BB 찢고 복귀),90871.7,90862.60509479714,1.5,1.0,
2024-11-16 12:30:00,강력한 반전 (BB 찢고 복귀),90988.5,90831.67517205668,1.5,1.0,
2024-11-16 15:30:00,역추세 반등 (BB 하단),90463.5,90411.71680913193,1.0,1.0,
2024-11-16 15:30:00,강력한 반전 (BB 찢고 복귀),90463.5,90411.71680913193,1.5,1.0,
2024-11-16 15:45:00,강력한 반전 (BB 찢고 복귀),90582.2,90387.83151764645,1.5,1.0,
2024-11-16 23:00:00,역추세 반등 (BB 하단),90611.0,90526.85698114918,1.0,1.0,
2024-11-16 23:00:00,강력한 반전 (BB 찢고 복귀),90611.0,90526.85698114918,1.5,1.0,
2024-11-17 01:45:00,역추세 반등 (BB 하단),90315.9,90245.57100283384,1.0,1.0,
2024-11-17 01:45:00,강력한 반전 (BB 찢고 복귀),90315.9,90245.57100283384,1.5,1.0,
2024-11-17 02:15:00,역추세 반등 (BB 하단),89803.5,89813.14273134343,1.0,1.0,
2024-11-17 02:30:00,역추세 반등 (BB 하단),89946.4,89732.75089241452,1.0,1.0,
2024-11-17 02:30:00,강력한 반전 (BB 찢고 복귀),89946.4,89732.75089241452,1.5,1.0,
2024-11-17 08:45:00,추세확정 (BB 상단 돌파),91083.7,,2.0,1.0,91014.68376211543
2024-11-17 13:45:00,역추세 반등 (BB 하단),90573.4,90482.64797986948,1.0,1.0,
2024-11-17 13:45:00,강력한 반전 (BB 찢고 복귀),90573.4,90482.64797986948,1.5,1.0,
2024-11-17 14:30:00,역추세 반등 (BB 하단),90360.0,90244.1465495076,1.0,1.0,
2024-11-17 14:30:00,강력한 반전 (BB 찢고 복귀),90360.0,90244.1465495076,1.5,1.0,
2024-11-17 15:00:00,강력한 반전 (BB 찢고 복귀),90464.5,90188.03677781225,1.5,1.0,
2024-11-17 18:30:00,역추세 반등 (BB 하단),90196.1,90081.76652508273,1.0,1.0,
2024-11-17 18:30:00,강력한 반전 (BB 찢고 복귀),90196.1,90081.76652508273,1.5,1.0,
2024-11-17 19:15:00,역추세 반등 (BB 하단),89975.4,89929.2793768314,1.0,1.0,
2024-11-17 19:15:00,강력한 반전 (BB 찢고 복귀),89975.4,89929.2793768314,1.5,1.0,
2024-11-17 19:30:00,강력한 반전 (BB 찢고 복귀),90210.0,89917.51752090495,1.5,1.0,
2024-11-17 20:30:00,역추세 반등 (BB 하단),89816.5,89730.21719423767,1.0,1.0,
2024-11-17 20:30:00,강력한 반전 (BB 찢고 복귀),89816.5,89730.21719423767,1.5,1.0,
2024-11-17 21:15:00,강력한 반전 (BB 찢고 복귀),89687.5,89483.08102635277,1.5,1.0,
2024-11-17 22:00:00,역추세 반등 (BB 하단),89408.0,89168.86182496868,1.0,1.0,
2024-11-17 22:00:00,강력한 반전 (BB 찢고 복귀),89408.0,89168.86182496868,1.5,1.0,
2024-11-18 01:15:00,추세확정 (BB 상단 돌파),90643.5,,2.0,1.0,90416.40601039545
2024-11-18 06:15:00,추세확정 (BB 상단 돌파),91035.0,,2.0,1.0,90979.23054453281
2024-11-18 12:15:00,역추세 반등 (BB 하단),90671.0,90279.21752443131,1.0,1.0,
2024-11-18 15:30:00,추세확정 (BB 상단 돌파),92005.9,,2.0,1.0,91834.33914933959
2024-11-19 05:45:00,추세확정 (BB 상단 돌파),91965.6,,2.0,1.0,91963.85987332895
2024-11-19 09:30:00,역추세 반등 (BB 하단),91367.5,91297.74281061401,1.0,1.0,
2024-11-19 09:30:00,강력한 반전 (BB 찢고 복귀),91367.5,91297.74281061401,1.5,1.0,
2024-11-19 09:45:00,강력한 반전 (BB 찢고 복귀),91776.1,91309.95740315515,1.5,1.0,
2024-11-19 12:00:00,추세확정 (BB 상단 돌파),92124.2,,2.0,1.0,92115.81366844091
2024-11-19 18:15:00,추세확정 (BB 상단 돌파),93743.0,,2.0,1.0,93645.1661555017
2024-11-19 21:15:00,강력한 반전 (BB 찢고 복귀),92228.5,92012.169108848,1.5,1.0,
2024-11-20 02:15:00,강력한 반전 (BB 찢고 복귀),92009.1,91658.74099911614,1.5,1.0,
2024-11-20 05:15:00,추세확정 (BB 상단 돌파),92477.7,,2.0,1.0,92426.80296000543
2024-11-20 05:45:00,추세확정 (BB 상단 돌파),92575.5,,2.0,1.0,92534.45232405199
2024-11-20 08:30:00,추세확정 (BB 상단 돌파),93245.9,,2.0,1.0,93228.00024761283
2024-11-20 09:00:00,추세확정 (BB 상단 돌파),93519.9,,2.0,1.0,93463.30911949875
2024-11-20 13:00:00,추세확정 (BB 상단 돌파),93990.1,,2.0,1.0,93904.35756762823
2024-11-20 18:45:00,역추세 반등 (BB 하단),93705.9,93385.51715072223,1.0,1.0,
2024-11-20 18:45:00,강력한 반전 (BB 찢고 복귀),93705.9,93385.51715072223,1.5,1.0,
2024-11-21 00:15:00,추세확정 (BB 상단 돌파),94870.2,,2.0,1.0,94701.92138192628
2024-11-21 03:15:00,추세확정 (BB 상단 돌파),95796.3,,2.0,1.0,95465.70352231052
2024-11-21 04:45:00,추세확정 (BB 상단 돌파),97665.2,,2.0,1.0,97311.38148800739
2024-11-21 11:00:00,추세확정 (BB 상단 돌파),98287.0,,2.0,1.0,98067.18449351644
2024-11-21 15:30:00,역추세 반등 (BB 하단),96301.4,96391.13350577034,1.0,1.0,
2024-11-21 15:45:00,역추세 반등 (BB 하단),96739.1,96295.51987269685,1.0,1.0,
2024-11-21 15:45:00,강력한 반전 (BB 찢고 복귀),96739.1,96295.51987269685,1.5,1.0,
2024-11-21 19:00:00,추세확정 (BB 상단 돌파),98911.0,,2.0,1.0,98872.52179554303
2024-11-22 03:00:00,추세확정 (BB 상단 돌파),98994.7,,2.0,1.0,98878.3292675792
2024-11-22 07:15:00,추세확정 (BB 상단 돌파),99298.2,,2.0,1.0,99228.57550460917
2024-11-22 13:45:00,역추세 반등 (BB 하단),97820.1,97767.13358794694,1.0,1.0,
2024-11-22 13:45:00,강력한 반전 (BB 찢고 복귀),97820.1,97767.13358794694,1.5,1.0,
2024-11-22 14:00:00,강력한 반전 (BB 찢고 복귀),98088.2,97716.95620378801,1.5,1.0,
2024-11-22 14:30:00,강력한 반전 (BB 찢고 복귀),97753.6,97507.31269107675,1.5,1.0,
2024-11-22 15:00:00,강력한 반전 (BB 찢고 복귀),98007.6,97311.29175624088,1.5,1.0,
2024-11-22 22:45:00,역추세 반등 (BB 하단),98676.7,98637.77103239825,1.0,1.0,
2024-11-22 22:45:00,강력한 반전 (BB 찢고 복귀),98676.7,98637.77103239825,1.5,1.0,
2024-11-23 01:30:00,역추세 반등 (BB 하단),98453.8,98376.61463606863,1.0,1.0,
2024-11-23 01:30:00,강력한 반전 (BB 찢고 복귀),98453.8,98376.61463606863,1.5,1.0,
2024-11-23 04:45:00,강력한 반전 (BB 찢고 복귀),98640.5,98362.78933176158,1.5,1.0,
2024-11-23 12:30:00,추세확정 (BB 상단 돌파),98654.6,,2.0,1.0,98648.96426784547
2024-11-23 16:30:00,역추세 반등 (BB 하단),97872.1,97983.78178088304,1.0,1.0,
2024-11-23 17:15:00,역추세 반등 (BB 하단),98015.8,97624.97578315476,1.0,1.0,
2024-11-23 17:15:00,강력한 반전 (BB 찢고 복귀),98015.8,97624.97578315476,1.5,1.0,
2024-11-23 20:30:00,강력한 반전 (BB 찢고 복귀),97764.1,97225.16290572859,1.5,1.0,
2024-11-24 01:00:00,추세확정 (BB 상단 돌파),98400.0,,2.0,1.0,98299.23024648405
2024-11-24 02:00:00,추세확정 (BB 상단 돌파),98583.3,,2.0,1.0,98499.8748334395
2024-11-24 05:45:00,강력한 반전 (BB 찢고 복귀),98360.5,98002.5035043244,1.5,1.0,
2024-11-24 09:30:00,역추세 반등 (BB 하단),98035.8,97972.89507542033,1.0,1.0,
2024-11-24 09:30:00,강력한 반전 (BB 찢고 복귀),98035.8,97972.89507542033,1.5,1.0,
2024-11-24 10:45:00,역추세 반등 (BB 하단),97750.1,97703.07565278679,1.0,1.0,
2024-11-24 10:45:00,강력한 반전 (BB 찢고 복귀),97750.1,97703.07565278679,1.5,1.0,
2024-11-24 11:30:00,역추세 반등 (BB 하단),97579.5,97417.14105590472,1.0,1.0,
2024-11-24 11:30:00,강력한 반전 (BB 찢고 복귀),97579.5,97417.14105590472,1.5,1.0,
2024-11-24 12:45:00,역추세 반등 (BB 하단),96986.1,96826.71472232365,1.0,1.0,
2024-11-24 12:45:00,강력한 반전 (BB 찢고 복귀),96986.1,96826.71472232365,1.5,1.0,
2024-11-24 16:00:00,역추세 반등 (BB 하단),96208.6,96098.3136139874,1.0,1.0,
2024-11-24 16:00:00,강력한 반전 (BB 찢고 복귀),96208.6,96098.3136139874,1.5,1.0,
2024-11-24 16:15:00,강력한 반전 (BB 찢고 복귀),96622.7,96068.44197222334,1.5,1.0,
2024-11-24 22:00:00,추세확정 (BB 상단 돌파),97513.3,,2.0,1.0,97359.18308631772
2024-11-25 09:00:00,추세확정 (BB 상단 돌파),98630.4,,2.0,1.0,98578.76590797731
2024-11-25 13:15:00,역추세 반등 (BB 하단),97712.1,97664.29708140843,1.0,1.0,
2024-11-25 13:15:00,강력한 반전 (BB 찢고 복귀),97712.1,97664.29708140843,1.5,1.0,
2024-11-25 13:30:00,강력한 반전 (BB 찢고 복귀),97786.0,97600.21822457846,1.5,1.0,
2024-11-25 15:15:00,역추세 반등 (BB 하단),96163.1,95680.5509608749,1.0,1.0,
2024-11-25 15:15:00,강력한 반전 (BB 찢고 복귀),96163.1,95680.5509608749,1.5,1.0,
2024-11-25 22:00:00,역추세 반등 (BB 하단),94182.4,94041.54228386606,1.0,1.0,
2024-11-25 22:00:00,강력한 반전 (BB 찢고 복귀),94182.4,94041.54228386606,1.5,1.0,
2024-11-25 22:45:00,역추세 반등 (BB 하단),94438.4,93430.5968252335,1.0,1.0,
2024-11-25 22:45:00,강력한 반전 (BB 찢고 복귀),94438.4,93430.5968252335,1.5,1.0,
2024-11-26 00:00:00,강력한 반전 (BB 찢고 복귀),93397.6,92796.88110999875,1.5,1.0,
2024-11-26 06:15:00,추세확정 (BB 상단 돌파),94958.2,,2.0,1.0,94945.88526922834
2024-11-26 07:15:00,역추세 반등 (BB 하단),94013.3,94018.14526545102,1.0,1.0,
2024-11-26 08:30:00,역추세 반등 (BB 하단),92818.5,92879.44110743898,1.0,1.0,
2024-11-26 08:45:00,역추세 반등 (BB 하단),93183.3,92750.7021239003,1.0,1.0,
2024-11-26 08:45:00,강력한 반전 (BB 찢고 복귀),93183.3,92750.7021239003,1.5,1.0,
2024-11-26 11:45:00,역추세 반등 (BB 하단),92400.1,91668.52694168552,1.0,1.0,
2024-11-26 11:45:00,강력한 반전 (BB 찢고 복귀),92400.1,91668.52694168552,1.5,1.0,
2024-11-26 16:15:00,추세확정 (BB 상단 돌파),94278.8,,2.0,1.0,93924.58222303278
2024-11-26 20:30:00,강력한 반전 (BB 찢고 복귀),91490.0,90840.58112776546,1.5,1.0,
2024-11-27 02:15:00,추세확정 (BB 상단 돌파),93018.1,,2.0,1.0,92928.71005644865
2024-11-27 06:15:00,추세확정 (BB 상단 돌파),93265.9,,2.0,1.0,93256.86794086688
2024-11-27 07:15:00,추세확정 (BB 상단 돌파),93491.0,,2.0,1.0,93479.27415045221
2024-11-27 10:30:00,추세확정 (BB 상단 돌파),93932.5,,2.0,1.0,93875.09033665013
2024-11-27 12:30:00,역추세 반등 (BB 하단),93155.5,92984.24408427399,1.0,1.0,
2024-11-27 12:30:00,강력한 반전 (BB 찢고 복귀),93155.5,92984.24408427399,1.5,1.0,
2024-11-27 13:45:00,추세확정 (BB 상단 돌파),94345.9,,2.0,1.0,94239.16969377855
2024-11-27 15:30:00,추세확정 (BB 상단 돌파),95672.8,,2.0,1.0,95456.07139887517
2024-11-27 20:15:00,추세확정 (BB 상단 돌파),97268.4,,2.0,1.0,97115.10431625671
2024-11-28 03:30:00,역추세 반등 (BB 하단),95291.3,95330.09061124938,1.0,1.0,
2024-11-28 03:45:00,역추세 반등 (BB 하단),95544.9,95268.65454790829,1.0,1.0,
2024-11-28 10:15:00,역추세 반등 (BB 하단),95007.1,94926.25850751883,1.0,1.0,
2024-11-28 10:15:00,강력한 반전 (BB 찢고 복귀),95007.1,94926.25850751883,1.5,1.0,
2024-11-28 14:00:00,추세확정 (BB 상단 돌파),95989.2,,2.0,1.0,95911.07339068464
2024-11-28 20:45:00,역추세 반등 (BB 하단),94888.1,94808.58475353554,1.0,1.0,
2024-11-28 20:45:00,강력한 반전 (BB 찢고 복귀),94888.1,94808.58475353554,1.5,1.0,
2024-11-28 22:30:00,추세확정 (BB 상단 돌파),95653.2,,2.0,1.0,95586.22103850055
2024-11-29 02:00:00,추세확정 (BB 상단 돌파),96525.4,,2.0,1.0,96301.86866449704
2024-11-29 08:00:00,역추세 반등 (BB 하단),95864.4,95779.98622824928,1.0,1.0,
2024-11-29 08:00:00,강력한 반전 (BB 찢고 복귀),95864.4,95779.98622824928,1.5,1.0,
2024-11-29 10:30:00,추세확정 (BB 상단 돌파),96888.3,,2.0,1.0,96857.85624784595
2024-11-29 14:45:00,추세확정 (BB 상단 돌파),98091.2,,2.0,1.0,97814.73804956338
2024-11-30 02:00:00,역추세 반등 (BB 하단),96675.9,96578.12523581496,1.0,1.0,
2024-11-30 02:00:00,강력한 반전 (BB 찢고 복귀),96675.9,96578.12523581496,1.5,1.0,
2024-11-30 05:45:00,추세확정 (BB 상단 돌파),97162.8,,2.0,1.0,97024.16693478341
2024-11-30 11:00:00,역추세 반등 (BB 하단),96342.2,96323.89959253444,1.0,1.0,
2024-11-30 11:00:00,강력한 반전 (BB 찢고 복귀),96342.2,96323.89959253444,1.5,1.0,
2024-11-30 16:45:00,추세확정 (BB 상단 돌파),96934.1,,2.0,1.0,96860.52521285301
2024-11-30 23:30:00,역추세 반등 (BB 하단),96555.5,96420.11511172433,1.0,1.0,
2024-11-30 23:30:00,강력한 반전 (BB 찢고 복귀),96555.5,96420.11511172433,1.5,1.0,
2024-12-01 02:00:00,강력한 반전 (BB 찢고 복귀),96223.7,96123.11602044864,1.5,1.0,
2024-12-01 03:00:00,역추세 반등 (BB 하단),96238.2,95916.8406047259,1.0,1.0,
2024-12-01 03:00:00,강력한 반전 (BB 찢고 복귀),96238.2,95916.8406047259,1.5,1.0,
2024-12-01 08:00:00,추세확정 (BB 상단 돌파),96793.7,,2.0,1.0,96722.75833304015
2024-12-01 13:00:00,강력한 반전 (BB 찢고 복귀),97095.0,96832.2912905334,1.5,1.0,
2024-12-01 13:15:00,추세확정 (BB 상단 돌파),97354.9,,2.0,1.0,97289.14271094225
2024-12-01 18:00:00,추세확정 (BB 상단 돌파),97582.7,,2.0,1.0,97493.44766166217
2024-12-01 20:30:00,역추세 반등 (BB 하단),96996.8,96892.06425920948,1.0,1.0,
2024-12-01 20:30:00,강력한 반전 (BB 찢고 복귀),96996.8,96892.06425920948,1.5,1.0,
2024-12-01 21:45:00,추세확정 (BB 상단 돌파),97844.9,,2.0,1.0,97714.33090702536
2024-12-02 01:15:00,추세확정 (BB 상단 돌파),98160.2,,2.0,1.0,98019.31897003777
2024-12-02 04:15:00,역추세 반등 (BB 하단),96521.6,96420.24071096885,1.0,1.0,
2024-12-02 04:15:00,강력한 반전 (BB 찢고 복귀),96521.6,96420.24071096885,1.5,1.0,
2024-12-02 09:00:00,역추세 반등 (BB 하단),95415.8,95032.77093945898,1.0,1.0,
2024-12-02 09:00:00,강력한 반전 (BB 찢고 복귀),95415.8,95032.77093945898,1.5,1.0,
2024-12-02 13:00:00,강력한 반전 (BB 찢고 복귀),95461.3,94908.74145857111,1.5,1.0,
2024-12-02 13:15:00,추세확정 (BB 상단 돌파),95746.0,,2.0,1.0,95641.40719815537
2024-12-02 14:15:00,추세확정 (BB 상단 돌파),95951.5,,2.0,1.0,95905.58146065423
2024-12-02 15:30:00,추세확정 (BB 상단 돌파),97240.1,,2.0,1.0,97046.33855501776
2024-12-02 18:00:00,역추세 반등 (BB 하단),95423.6,94766.40205414708,1.0,1.0,
2024-12-02 18:00:00,강력한 반전 (BB 찢고 복귀),95423.6,94766.40205414708,1.5,1.0,
2024-12-03 02:30:00,추세확정 (BB 상단 돌파),96222.8,,2.0,1.0,96201.39857895611
2024-12-03 07:45:00,역추세 반등 (BB 하단),95599.1,95517.5438306927,1.0,1.0,
2024-12-03 07:45:00,강력한 반전 (BB 찢고 복귀),95599.1,95517.5438306927,1.5,1.0,
2024-12-03 11:00:00,역추세 반등 (BB 하단),94913.0,94813.82455823295,1.0,1.0,
2024-12-03 11:00:00,강력한 반전 (BB 찢고 복귀),94913.0,94813.82455823295,1.5,1.0,
2024-12-03 11:45:00,강력한 반전 (BB 찢고 복귀),95055.0,94746.70549861419,1.5,1.0,
2024-12-03 13:30:00,강력한 반전 (BB 찢고 복귀),94604.3,94403.20392604679,1.5,1.0,
2024-12-03 14:00:00,역추세 반등 (BB 하단),94310.0,94062.63411212672,1.0,1.0,
2024-12-03 14:00:00,강력한 반전 (BB 찢고 복귀),94310.0,94062.63411212672,1.5,1.0,
2024-12-03 14:30:00,강력한 반전 (BB 찢고 복귀),94754.1,93960.71421532458,1.5,1.0,
2024-12-03 15:00:00,추세확정 (BB 상단 돌파),95903.8,,2.0,1.0,95802.16011719922
2024-12-04 01:15:00,강력한 반전 (BB 찢고 복귀),95792.6,95575.19048804,1.5,1.0,
2024-12-04 01:30:00,추세확정 (BB 상단 돌파),96607.7,,2.0,1.0,96393.81864516252
2024-12-04 02:15:00,역추세 반등 (BB 하단),95673.8,95455.45457104982,1.0,1.0,
2024-12-04 02:15:00,강력한 반전 (BB 찢고 복귀),95673.8,95455.45457104982,1.5,1.0,
2024-12-04 05:15:00,추세확정 (BB 상단 돌파),96499.9,,2.0,1.0,96492.97559975654
2024-12-04 12:45:00,역추세 반등 (BB 하단),96039.4,95892.09257862478,1.0,1.0,
2024-12-04 19:45:00,추세확정 (BB 상단 돌파),97285.2,,2.0,1.0,97203.22784919028
2024-12-05 02:15:00,추세확정 (BB 상단 돌파),99374.5,,2.0,1.0,99255.76246946944
2024-12-05 14:45:00,추세확정 (BB 상단 돌파),103627.2,,2.0,1.0,103494.4475462817
2024-12-05 16:00:00,역추세 반등 (BB 하단),101566.3,101456.52286830105,1.0,1.0,
2024-12-05 16:00:00,강력한 반전 (BB 찢고 복귀),101566.3,101456.52286830105,1.5,1.0,
2024-12-05 20:30:00,역추세 반등 (BB 하단),99020.0,98547.92827018378,1.0,1.0,
2024-12-05 20:30:00,강력한 반전 (BB 찢고 복귀),99020.0,98547.92827018378,1.5,1.0,
2024-12-05 22:30:00,역추세 반등 (BB 하단),96256.2,95749.73758167932,1.0,1.0,
2024-12-05 22:30:00,강력한 반전 (BB 찢고 복귀),96256.2,95749.73758167932,1.5,1.0,
2024-12-06 08:15:00,추세확정 (BB 상단 돌파),98659.3,,2.0,1.0,98516.83784688404
2024-12-06 10:15:00,강력한 반전 (BB 찢고 복귀),97956.9,97661.63352069452,1.5,1.0,
2024-12-06 13:00:00,강력한 반전 (BB 찢고 복귀),97966.2,97607.81318006378,1.5,1.0,
2024-12-06 13:30:00,추세확정 (BB 상단 돌파),98772.8,,2.0,1.0,98588.64599502462
2024-12-06 14:15:00,추세확정 (BB 상단 돌파),99287.9,,2.0,1.0,98977.37243544182
2024-12-06 14:45:00,추세확정 (BB 상단 돌파),99524.4,,2.0,1.0,99303.66401772368
2024-12-06 17:30:00,추세확정 (BB 상단 돌파),100678.2,,2.0,1.0,100267.65324253618
2024-12-06 23:30:00,역추세 반등 (BB 하단),99884.5,99588.6192086212,1.0,1.0,
2024-12-06 23:30:00,강력한 반전 (BB 찢고 복귀),99884.5,99588.6192086212,1.5,1.0,
2024-12-07 04:00:00,강력한 반전 (BB 찢고 복귀),99520.1,99286.50719187461,1.5,1.0,
2024-12-07 05:45:00,강력한 반전 (BB 찢고 복귀),99207.4,98985.56915864749,1.5,1.0,
2024-12-07 09:15:00,추세확정 (BB 상단 돌파),99842.8,,2.0,1.0,99776.75017547577
2024-12-07 13:15:00,강력한 반전 (BB 찢고 복귀),99456.1,99347.12602330839,1.5,1.0,
2024-12-07 14:15:00,역추세 반등 (BB 하단),99323.9,99241.4613185908,1.0,1.0,
2024-12-07 14:15:00,강력한 반전 (BB 찢고 복귀),99323.9,99241.4613185908,1.5,1.0,
2024-12-07 18:30:00,추세확정 (BB 상단 돌파),100059.4,,2.0,1.0,100007.20620334975
2024-12-07 23:00:00,강력한 반전 (BB 찢고 복귀),99974.2,99683.52050797922,1.5,1.0,
2024-12-08 02:15:00,추세확정 (BB 상단 돌파),100267.4,,2.0,1.0,100232.69632406729
2024-12-08 09:00:00,역추세 반등 (BB 하단),99248.9,99182.42428491787,1.0,1.0,
2024-12-08 09:00:00,강력한 반전 (BB 찢고 복귀),99248.9,99182.42428491787,1.5,1.0,
2024-12-08 10:00:00,역추세 반등 (BB 하단),99507.5,98973.58876625067,1.0,1.0,
2024-12-08 10:00:00,강력한 반전 (BB 찢고 복귀),99507.5,98973.58876625067,1.5,1.0,
2024-12-08 13:00:00,추세확정 (BB 상단 돌파),100170.0,,2.0,1.0,100160.43536097965
2024-12-08 19:45:00,추세확정 (BB 상단 돌파),100171.2,,2.0,1.0,100167.2555259905
2024-12-08 23:00:00,추세확정 (BB 상단 돌파),100549.8,,2.0,1.0,100448.35275123405
2024-12-08 23:30:00,추세확정 (BB 상단 돌파),100636.6,,2.0,1.0,100622.44314363977
2024-12-09 03:45:00,강력한 반전 (BB 찢고 복귀),99155.0,98568.03890262013,1.5,1.0,
2024-12-09 06:30:00,강력한 반전 (BB 찢고 복귀),99220.2,98959.53468701233,1.5,1.0,
2024-12-09 07:15:00,역추세 반등 (BB 하단),98779.3,98740.55916882734,1.0,1.0,
2024-12-09 07:15:00,강력한 반전 (BB 찢고 복귀),98779.3,98740.55916882734,1.5,1.0,
2024-12-09 09:30:00,강력한 반전 (BB 찢고 복귀),98710.7,98530.6183730388,1.5,1.0,
2024-12-09 14:30:00,추세확정 (BB 상단 돌파),99677.9,,2.0,1.0,99506.0472585965
2024-12-09 20:30:00,역추세 반등 (BB 하단),96921.0,96687.41367544544,1.0,1.0,
2024-12-09 20:30:00,강력한 반전 (BB 찢고 복귀),96921.0,96687.41367544544,1.5,1.0,
2024-12-09 21:00:00,역추세 반등 (BB 하단),96599.5,96314.3672296946,1.0,1.0,
2024-12-09 21:00:00,강력한 반전 (BB 찢고 복귀),96599.5,96314.3672296946,1.5,1.0,
2024-12-09 22:15:00,강력한 반전 (BB 찢고 복귀),97198.9,96227.11544781784,1.5,1.0,
2024-12-10 00:30:00,추세확정 (BB 상단 돌파),97929.5,,2.0,1.0,97877.92897972191
2024-12-10 03:30:00,역추세 반등 (BB 하단),96610.1,96157.70602587795,1.0,1.0,
2024-12-10 03:30:00,강력한 반전 (BB 찢고 복귀),96610.1,96157.70602587795,1.5,1.0,
2024-12-10 09:00:00,추세확정 (BB 상단 돌파),97657.7,,2.0,1.0,97649.87973338434
2024-12-10 12:45:00,강력한 반전 (BB 찢고 복귀),97189.9,97026.83570341252,1.5,1.0,
2024-12-10 16:00:00,역추세 반등 (BB 하단),95784.0,95999.02278345618,1.0,1.0,
2024-12-10 16:45:00,역추세 반등 (BB 하단),96305.7,95016.9588785131,1.0,1.0,
2024-12-10 16:45:00,강력한 반전 (BB 찢고 복귀),96305.7,95016.9588785131,1.5,1.0,
2024-12-11 00:45:00,강력한 반전 (BB 찢고 복귀),96367.5,95949.35027644059,1.5,1.0,
2024-12-11 01:30:00,역추세 반등 (BB 하단),96017.2,95851.60355433395,1.0,1.0,
2024-12-11 02:00:00,역추세 반등 (BB 하단),95922.1,95655.0408379263,1.0,1.0,
2024-12-11 02:00:00,강력한 반전 (BB 찢고 복귀),95922.1,95655.0408379263,1.5,1.0,
2024-12-11 08:15:00,추세확정 (BB 상단 돌파),97940.3,,2.0,1.0,97871.77802658764
2024-12-11 13:30:00,추세확정 (BB 상단 돌파),98632.3,,2.0,1.0,98599.21625888675
2024-12-11 14:30:00,추세확정 (BB 상단 돌파),98963.4,,2.0,1.0,98869.06938439286
2024-12-11 16:15:00,추세확정 (BB 상단 돌파),101055.3,,2.0,1.0,101042.76333434669
2024-12-12 01:15:00,강력한 반전 (BB 찢고 복귀),100805.7,100597.63514703492,1.5,1.0,
2024-12-12 02:45:00,추세확정 (BB 상단 돌파),101856.0,,2.0,1.0,101762.99810806807
2024-12-12 11:15:00,역추세 반등 (BB 하단),100485.1,100301.06237368697,1.0,1.0,
2024-12-12 11:15:00,강력한 반전 (BB 찢고 복귀),100485.1,100301.06237368697,1.5,1.0,
2024-12-12 13:15:00,추세확정 (BB 상단 돌파),101288.3,,2.0,1.0,101271.12549785212
2024-12-12 14:15:00,추세확정 (BB 상단 돌파),101443.4,,2.0,1.0,101370.85666964423
2024-12-12 14:45:00,추세확정 (BB 상단 돌파),101728.0,,2.0,1.0,101601.0715812836
2024-12-12 16:00:00,추세확정 (BB 상단 돌파),102398.0,,2.0,1.0,102188.5266540007
2024-12-12 20:00:00,역추세 반등 (BB 하단),99820.8,99477.6258145121,1.0,1.0,
2024-12-12 20:00:00,강력한 반전 (BB 찢고 복귀),99820.8,99477.6258145121,1.5,1.0,
2024-12-13 02:00:00,역추세 반등 (BB 하단),99336.3,99264.95861036278,1.0,1.0,
2024-12-13 02:00:00,강력한 반전 (BB 찢고 복귀),99336.3,99264.95861036278,1.5,1.0,
2024-12-13 08:15:00,추세확정 (BB 상단 돌파),100276.8,,2.0,1.0,100230.32227182074
2024-12-13 10:45:00,추세확정 (BB 상단 돌파),100471.1,,2.0,1.0,100470.85002093816
2024-12-13 13:30:00,강력한 반전 (BB 찢고 복귀),100291.9,99935.08401158996,1.5,1.0,
2024-12-13 14:30:00,추세확정 (BB 상단 돌파),100888.9,,2.0,1.0,100728.62541289626
2024-12-14 01:00:00,추세확정 (BB 상단 돌파),101946.5,,2.0,1.0,101825.58914032327
2024-12-14 08:30:00,강력한 반전 (BB 찢고 복귀),101821.8,101579.83857073773,1.5,1.0,
2024-12-14 09:30:00,강력한 반전 (BB 찢고 복귀),101676.6,101574.65670520245,1.5,1.0,
2024-12-14 10:15:00,역추세 반등 (BB 하단),101463.7,101433.319557357,1.0,1.0,
2024-12-14 10:15:00,강력한 반전 (BB 찢고 복귀),101463.7,101433.319557357,1.5,1.0,
2024-12-14 13:30:00,역추세 반등 (BB 하단),101284.7,101143.66511313905,1.0,1.0,
2024-12-14 13:30:00,강력한 반전 (BB 찢고 복귀),101284.7,101143.66511313905,1.5,1.0,
2024-12-15 01:30:00,추세확정 (BB 상단 돌파),101895.9,,2.0,1.0,101831.88172252
2024-12-15 04:15:00,추세확정 (BB 상단 돌파),102639.9,,2.0,1.0,102406.33128141782
2024-12-15 12:30:00,추세확정 (BB 상단 돌파),103260.8,,2.0,1.0,103035.62733531017
2024-12-15 17:30:00,추세확정 (BB 상단 돌파),103303.9,,2.0,1.0,103280.49067975974
2024-12-15 21:30:00,역추세 반등 (BB 하단),103100.0,102876.149506704,1.0,1.0,
2024-12-15 21:30:00,강력한 반전 (BB 찢고 복귀),103100.0,102876.149506704,1.5,1.0,
2024-12-15 22:00:00,강력한 반전 (BB 찢고 복귀),102962.0,102808.97806596357,1.5,1.0,
2024-12-15 23:00:00,추세확정 (BB 상단 돌파),103641.0,,2.0,1.0,103565.58129154576
2024-12-16 00:15:00,추세확정 (BB 상단 돌파),105294.3,,2.0,1.0,105084.56402161863
2024-12-16 12:00:00,역추세 반등 (BB 하단),104065.5,103923.87248631287,1.0,1.0,
2024-12-16 12:00:00,강력한 반전 (BB 찢고 복귀),104065.5,103923.87248631287,1.5,1.0,
2024-12-16 12:45:00,역추세 반등 (BB 하단),103670.0,103599.03075346106,1.0,1.0,
2024-12-16 12:45:00,강력한 반전 (BB 찢고 복귀),103670.0,103599.03075346106,1.5,1.0,
2024-12-16 13:00:00,강력한 반전 (BB 찢고 복귀),104040.2,103564.98877652167,1.5,1.0,
2024-12-16 14:30:00,추세확정 (BB 상단 돌파),105398.5,,2.0,1.0,105138.03203912858
2024-12-17 02:00:00,추세확정 (BB 상단 돌파),106505.1,,2.0,1.0,106503.57857209512
2024-12-17 03:30:00,추세확정 (BB 상단 돌파),106949.5,,2.0,1.0,106894.47365732022
2024-12-17 07:15:00,추세확정 (BB 상단 돌파),107141.8,,2.0,1.0,107078.7086307025
2024-12-17 08:15:00,추세확정 (BB 상단 돌파),107322.0,,2.0,1.0,107248.8147664865
2024-12-17 12:15:00,역추세 반등 (BB 하단),106858.0,106653.54581832833,1.0,1.0,
2024-12-17 12:15:00,강력한 반전 (BB 찢고 복귀),106858.0,106653.54581832833,1.5,1.0,
2024-12-17 14:15:00,추세확정 (BB 상단 돌파),107741.1,,2.0,1.0,107724.79238020963
2024-12-17 14:45:00,추세확정 (BB 상단 돌파),108276.4,,2.0,1.0,108020.0459779523
2024-12-17 15:30:00,역추세 반등 (BB 하단),106490.9,106159.84167879938,1.0,1.0,
2024-12-17 15:30:00,강력한 반전 (BB 찢고 복귀),106490.9,106159.84167879938,1.5,1.0,
2024-12-17 22:45:00,역추세 반등 (BB 하단),105930.2,105568.52451308798,1.0,1.0,
2024-12-17 22:45:00,강력한 반전 (BB 찢고 복귀),105930.2,105568.52451308798,1.5,1.0,
2024-12-18 02:00:00,역추세 반등 (BB 하단),105351.6,105339.33101114396,1.0,1.0,
2024-12-18 02:00:00,강력한 반전 (BB 찢고 복귀),105351.6,105339.33101114396,1.5,1.0,
2024-12-18 02:15:00,강력한 반전 (BB 찢고 복귀),105570.7,105316.17011146013,1.5,1.0,
2024-12-18 03:15:00,역추세 반등 (BB 하단),104862.3,104808.98763549607,1.0,1.0,
2024-12-18 03:15:00,강력한 반전 (BB 찢고 복귀),104862.3,104808.98763549607,1.5,1.0,
2024-12-18 03:45:00,역추세 반등 (BB 하단),104723.5,104492.24532651414,1.0,1.0,
2024-12-18 04:30:00,강력한 반전 (BB 찢고 복귀),104005.4,103797.52842219349,1.5,1.0,
2024-12-18 11:30:00,추세확정 (BB 상단 돌파),104850.0,,2.0,1.0,104822.74254635278
2024-12-18 15:00:00,역추세 반등 (BB 하단),104085.0,104016.94736639307,1.0,1.0,
2024-12-18 15:00:00,강력한 반전 (BB 찢고 복귀),104085.0,104016.94736639307,1.5,1.0,
2024-12-18 15:15:00,강력한 반전 (BB 찢고 복귀),104105.6,103985.58999139436,1.5,1.0,
2024-12-18 15:30:00,강력한 반전 (BB 찢고 복귀),104334.9,103966.60216800435,1.5,1.0,
2024-12-18 20:45:00,역추세 반등 (BB 하단),100776.0,100825.7063303263,1.0,1.0,
2024-12-18 21:00:00,역추세 반등 (BB 하단),101320.6,100531.08558777359,1.0,1.0,
2024-12-18 21:00:00,강력한 반전 (BB 찢고 복귀),101320.6,100531.08558777359,1.5,1.0,
2024-12-19 02:30:00,역추세 반등 (BB 하단),99265.7,99056.72968391885,1.0,1.0,
2024-12-19 02:30:00,강력한 반전 (BB 찢고 복귀),99265.7,99056.72968391885,1.5,1.0,
2024-12-19 10:30:00,추세확정 (BB 상단 돌파),102426.7,,2.0,1.0,102228.83998437983
2024-12-19 15:30:00,역추세 반등 (BB 하단),100168.0,100277.13998529343,1.0,1.0,
2024-12-19 15:45:00,역추세 반등 (BB 하단),100611.4,100124.19535322225,1.0,1.0,
2024-12-19 15:45:00,강력한 반전 (BB 찢고 복귀),100611.4,100124.19535322225,1.5,1.0,
2024-12-19 17:45:00,역추세 반등 (BB 하단),98781.4,98585.68115323172,1.0,1.0,
2024-12-19 17:45:00,강력한 반전 (BB 찢고 복귀),98781.4,98585.68115323172,1.5,1.0,
2024-12-19 18:15:00,역추세 반등 (BB 하단),98384.0,97874.57919002695,1.0,1.0,
2024-12-19 18:15:00,강력한 반전 (BB 찢고 복귀),98384.0,97874.57919002695,1.5,1.0,
2024-12-19 19:45:00,역추세 반등 (BB 하단),97154.9,96752.3592667273,1.0,1.0,
2024-12-19 19:45:00,강력한 반전 (BB 찢고 복귀),97154.9,96752.3592667273,1.5,1.0,
2024-12-19 20:15:00,역추세 반등 (BB 하단),96547.8,95871.47672664438,1.0,1.0,
2024-12-19 20:15:00,강력한 반전 (BB 찢고 복귀),96547.8,95871.47672664438,1.5,1.0,
2024-12-20 02:00:00,역추세 반등 (BB 하단),96707.4,96273.64285230008,1.0,1.0,
2024-12-20 02:00:00,강력한 반전 (BB 찢고 복귀),96707.4,96273.64285230008,1.5,1.0,
2024-12-20 06:45:00,강력한 반전 (BB 찢고 복귀),97245.1,96424.68683092877,1.5,1.0,
2024-12-20 07:00:00,추세확정 (BB 상단 돌파),97989.6,,2.0,1.0,97967.45531707112
2024-12-20 09:15:00,역추세 반등 (BB 하단),95127.2,95051.35205043461,1.0,1.0,
2024-12-20 09:15:00,강력한 반전 (BB 찢고 복귀),95127.2,95051.35205043461,1.5,1.0,
2024-12-20 10:15:00,역추세 반등 (BB 하단),94679.8,93834.16394077905,1.0,1.0,
2024-12-20 15:15:00,추세확정 (BB 상단 돌파),97027.8,,2.0,1.0,96925.34435453702
2024-12-20 21:15:00,역추세 반등 (BB 하단),96099.9,95972.58451652994,1.0,1.0,
2024-12-20 21:15:00,강력한 반전 (BB 찢고 복귀),96099.9,95972.58451652994,1.5,1.0,
2024-12-21 05:00:00,추세확정 (BB 상단 돌파),97698.6,,2.0,1.0,97642.08559191212
2024-12-21 05:30:00,추세확정 (BB 상단 돌파),97853.5,,2.0,1.0,97741.5483655317
2024-12-21 07:30:00,추세확정 (BB 상단 돌파),99434.5,,2.0,1.0,99338.38326293371
2024-12-21 11:30:00,강력한 반전 (BB 찢고 복귀),98288.0,97784.8823488258,1.5,1.0,
2024-12-21 13:00:00,역추세 반등 (BB 하단),97354.1,97261.84179935532,1.0,1.0,
2024-12-21 13:00:00,강력한 반전 (BB 찢고 복귀),97354.1,97261.84179935532,1.5,1.0,
2024-12-21 13:30:00,역추세 반등 (BB 하단),97239.4,96855.15392648723,1.0,1.0,
2024-12-21 13:30:00,강력한 반전 (BB 찢고 복귀),97239.4,96855.15392648723,1.5,1.0,
2024-12-21 19:30:00,역추세 반등 (BB 하단),96994.2,96929.3476594153,1.0,1.0,
2024-12-21 19:30:00,강력한 반전 (BB 찢고 복귀),96994.2,96929.3476594153,1.5,1.0,
2024-12-21 19:45:00,강력한 반전 (BB 찢고 복귀),97228.0,96957.59237554684,1.5,1.0,
2024-12-21 20:00:00,추세확정 (BB 상단 돌파),97802.1,,2.0,1.0,97769.18069177971
2024-12-21 22:15:00,역추세 반등 (BB 하단),97168.9,96657.25702488766,1.0,1.0,
2024-12-21 22:15:00,강력한 반전 (BB 찢고 복귀),97168.9,96657.25702488766,1.5,1.0,
2024-12-22 01:45:00,강력한 반전 (BB 찢고 복귀),97000.0,96733.28566003634,1.5,1.0,
2024-12-22 02:45:00,강력한 반전 (BB 찢고 복귀),96674.5,96633.5193482422,1.5,1.0,
2024-12-22 03:15:00,역추세 반등 (BB 하단),97118.3,96623.8584560555,1.0,1.0,
2024-12-22 03:15:00,강력한 반전 (BB 찢고 복귀),97118.3,96623.8584560555,1.5,1.0,
2024-12-22 05:15:00,역추세 반등 (BB 하단),96243.1,95993.64692626301,1.0,1.0,
2024-12-22 05:15:00,강력한 반전 (BB 찢고 복귀),96243.1,95993.64692626301,1.5,1.0,
2024-12-22 09:30:00,추세확정 (BB 상단 돌파),97121.0,,2.0,1.0,96958.8612316878
2024-12-22 15:00:00,역추세 반등 (BB 하단),95483.2,95524.07859611225,1.0,1.0,
2024-12-22 20:15:00,역추세 반등 (BB 하단),94938.0,94684.67634963884,1.0,1.0,
2024-12-22 20:15:00,강력한 반전 (BB 찢고 복귀),94938.0,94684.67634963884,1.5,1.0,
2024-12-23 02:30:00,강력한 반전 (BB 찢고 복귀),94386.2,93838.57413014414,1.5,1.0,
2024-12-23 03:45:00,추세확정 (BB 상단 돌파),95969.8,,2.0,1.0,95968.52845082607
2024-12-23 14:00:00,역추세 반등 (BB 하단),95162.4,95092.14143130962,1.0,1.0,
2024-12-23 14:00:00,강력한 반전 (BB 찢고 복귀),95162.4,95092.14143130962,1.5,1.0,
2024-12-23 14:45:00,역추세 반등 (BB 하단),94349.9,94454.18885976751,1.0,1.0,
2024-12-23 20:15:00,역추세 반등 (BB 하단),92900.0,92607.13996458358,1.0,1.0,
2024-12-23 20:15:00,강력한 반전 (BB 찢고 복귀),92900.0,92607.13996458358,1.5,1.0,
2024-12-23 22:15:00,추세확정 (BB 상단 돌파),94889.4,,2.0,1.0,94580.31113362247
2024-12-23 22:45:00,추세확정 (BB 상단 돌파),95154.7,,2.0,1.0,95064.92622780566
2024-12-24 13:15:00,추세확정 (BB 상단 돌파),94727.7,,2.0,1.0,94640.71202706799
2024-12-24 20:00:00,강력한 반전 (BB 찢고 복귀),97571.9,97438.77455358412,1.5,1.0,
2024-12-24 20:15:00,강력한 반전 (BB 찢고 복귀),97794.3,97502.36614720785,1.5,1.0,
2024-12-25 02:15:00,역추세 반등 (BB 하단),97992.1,97846.95826370975,1.0,1.0,
2024-12-25 07:00:00,강력한 반전 (BB 찢고 복귀),98178.0,97882.38840394576,1.5,1.0,
2024-12-25 10:00:00,추세확정 (BB 상단 돌파),98583.1,,2.0,1.0,98437.2224366506
2024-12-25 12:00:00,강력한 반전 (BB 찢고 복귀),98026.6,97637.73512801416,1.5,1.0,
2024-12-25 18:15:00,추세확정 (BB 상단 돌파),98922.0,,2.0,1.0,98841.29615957449
2024-12-25 19:00:00,추세확정 (BB 상단 돌파),99003.8,,2.0,1.0,98986.70821784253
2024-12-25 19:30:00,추세확정 (BB 상단 돌파),99177.6,,2.0,1.0,99126.83309582638
2024-12-26 00:00:00,추세확정 (BB 상단 돌파),99691.1,,2.0,1.0,99663.42460032944
2024-12-26 05:15:00,역추세 반등 (BB 하단),98233.8,98102.31606642876,1.0,1.0,
2024-12-26 05:15:00,강력한 반전 (BB 찢고 복귀),98233.8,98102.31606642876,1.5,1.0,
2024-12-26 09:00:00,역추세 반등 (BB 하단),95847.5,95727.7605297574,1.0,1.0,
2024-12-26 09:00:00,강력한 반전 (BB 찢고 복귀),95847.5,95727.7605297574,1.5,1.0,
2024-12-26 13:30:00,강력한 반전 (BB 찢고 복귀),95550.0,95263.49782235375,1.5,1.0,
2024-12-26 14:00:00,추세확정 (BB 상단 돌파),96230.0,,2.0,1.0,96008.92805311324
2024-12-26 15:00:00,강력한 반전 (BB 찢고 복귀),95434.6,95226.76645618463,1.5,1.0,
2024-12-26 16:00:00,추세확정 (BB 상단 돌파),96296.7,,2.0,1.0,96245.91385109237
2024-12-26 16:45:00,추세확정 (BB 상단 돌파),96463.4,,2.0,1.0,96449.534066568
2024-12-27 01:30:00,추세확정 (BB 상단 돌파),96149.8,,2.0,1.0,96033.05769651412
2024-12-27 02:00:00,추세확정 (BB 상단 돌파),96229.9,,2.0,1.0,96118.04392472903
2024-12-27 07:45:00,역추세 반등 (BB 하단),95059.6,95197.67790679337,1.0,1.0,
2024-12-27 08:00:00,역추세 반등 (BB 하단),95999.9,95187.28401240193,1.0,1.0,
2024-12-27 08:00:00,강력한 반전 (BB 찢고 복귀),95999.9,95187.28401240193,1.5,1.0,
2024-12-27 09:00:00,추세확정 (BB 상단 돌파),97248.7,,2.0,1.0,97092.47642523522
2024-12-27 14:15:00,역추세 반등 (BB 하단),96300.3,96136.26774865211,1.0,1.0,
2024-12-27 14:15:00,강력한 반전 (BB 찢고 복귀),96300.3,96136.26774865211,1.5,1.0,
2024-12-27 14:45:00,역추세 반등 (BB 하단),95639.9,95673.4050600285,1.0,1.0,
2024-12-27 15:45:00,역추세 반등 (BB 하단),94529.2,94401.66860034039,1.0,1.0,
2024-12-27 15:45:00,강력한 반전 (BB 찢고 복귀),94529.2,94401.66860034039,1.5,1.0,
2024-12-27 23:30:00,강력한 반전 (BB 찢고 복귀),94328.0,94215.29944734261,1.5,1.0,
2024-12-28 01:30:00,강력한 반전 (BB 찢고 복귀),94437.4,94139.14085753809,1.5,1.0,
2024-12-28 08:00:00,역추세 반등 (BB 하단),94375.0,94310.35544222913,1.0,1.0,
2024-12-28 13:45:00,강력한 반전 (BB 찢고 복귀),94621.3,94454.60070524915,1.5,1.0,
2024-12-28 14:00:00,추세확정 (BB 상단 돌파),94839.5,,2.0,1.0,94788.24113569308
2024-12-28 15:00:00,강력한 반전 (BB 찢고 복귀),94598.0,94467.47658737609,1.5,1.0,
2024-12-28 16:00:00,역추세 반등 (BB 하단),94395.9,94380.61407739879,1.0,1.0,
2024-12-28 16:00:00,강력한 반전 (BB 찢고 복귀),94395.9,94380.61407739879,1.5,1.0,
2024-12-28 17:00:00,추세확정 (BB 상단 돌파),94959.0,,2.0,1.0,94920.1915096106
2024-12-28 22:45:00,추세확정 (BB 상단 돌파),95277.3,,2.0,1.0,95262.42069694042
2024-12-29 01:15:00,강력한 반전 (BB 찢고 복귀),94966.1,94890.10276216174,1.5,1.0,
2024-12-29 02:00:00,역추세 반등 (BB 하단),94965.9,94840.27559697107,1.0,1.0,
2024-12-29 02:00:00,강력한 반전 (BB 찢고 복귀),94965.9,94840.27559697107,1.5,1.0,
2024-12-29 07:45:00,추세확정 (BB 상단 돌파),95217.6,,2.0,1.0,95206.42125028175
2024-12-29 12:00:00,역추세 반등 (BB 하단),95075.6,94979.57821815985,1.0,1.0,
2024-12-29 12:00:00,강력한 반전 (BB 찢고 복귀),95075.6,94979.57821815985,1.5,1.0,
2024-12-29 13:00:00,역추세 반등 (BB 하단),94944.9,94880.67898549516,1.0,1.0,
2024-12-29 13:00:00,강력한 반전 (BB 찢고 복귀),94944.9,94880.67898549516,1.5,1.0,
2024-12-29 13:30:00,역추세 반등 (BB 하단),94847.3,94816.08931552093,1.0,1.0,
2024-12-29 13:30:00,강력한 반전 (BB 찢고 복귀),94847.3,94816.08931552093,1.5,1.0,
2024-12-29 14:45:00,역추세 반등 (BB 하단),94577.9,94444.57517728079,1.0,1.0,
2024-12-29 14:45:00,강력한 반전 (BB 찢고 복귀),94577.9,94444.57517728079,1.5,1.0,
2024-12-29 16:45:00,역추세 반등 (BB 하단),93841.2,93741.85421169038,1.0,1.0,
2024-12-29 16:45:00,강력한 반전 (BB 찢고 복귀),93841.2,93741.85421169038,1.5,1.0,
2024-12-29 23:15:00,역추세 반등 (BB 하단),93446.2,93039.81497288283,1.0,1.0,
2024-12-29 23:15:00,강력한 반전 (BB 찢고 복귀),93446.2,93039.81497288283,1.5,1.0,
2024-12-30 05:00:00,역추세 반등 (BB 하단),93364.2,93235.35743954733,1.0,1.0,
2024-12-30 05:00:00,강력한 반전 (BB 찢고 복귀),93364.2,93235.35743954733,1.5,1.0,
2024-12-30 11:15:00,역추세 반등 (BB 하단),93831.1,93506.213096095,1.0,1.0,
2024-12-30 11:15:00,강력한 반전 (BB 찢고 복귀),93831.1,93506.213096095,1.5,1.0,
2024-12-30 12:15:00,추세확정 (BB 상단 돌파),94083.6,,2.0,1.0,94080.55766201805
2024-12-30 14:00:00,역추세 반등 (BB 하단),92834.2,92830.72873371627,1.0,1.0,
2024-12-30 14:00:00,강력한 반전 (BB 찢고 복귀),92834.2,92830.72873371627,1.5,1.0,
2024-12-30 14:15:00,강력한 반전 (BB 찢고 복귀),93044.0,92755.69231703746,1.5,1.0,
2024-12-30 17:30:00,추세확정 (BB 상단 돌파),93919.9,,2.0,1.0,93876.00040788321
2024-12-30 18:00:00,추세확정 (BB 상단 돌파),94384.6,,2.0,1.0,94141.98350883987
2024-12-30 22:00:00,역추세 반등 (BB 하단),92520.0,92289.90624062902,1.0,1.0,
2024-12-30 22:00:00,강력한 반전 (BB 찢고 복귀),92520.0,92289.90624062902,1.5,1.0,
2024-12-30 22:15:00,강력한 반전 (BB 찢고 복귀),92544.1,92304.82331934766,1.5,1.0,
2024-12-31 06:00:00,추세확정 (BB 상단 돌파),92792.6,,2.0,1.0,92750.47017646873
2024-12-31 08:15:00,추세확정 (BB 상단 돌파),94045.1,,2.0,1.0,93412.9912731842
2024-12-31 13:00:00,추세확정 (BB 상단 돌파),95085.1,,2.0,1.0,94843.43310176776
2024-12-31 17:45:00,역추세 반등 (BB 하단),94087.2,94020.88038219948,1.0,1.0,
2024-12-31 17:45:00,강력한 반전 (BB 찢고 복귀),94087.2,94020.88038219948,1.5,1.0,
2024-12-31 23:00:00,강력한 반전 (BB 찢고 복귀),93666.8,93393.84183286139,1.5,1.0,
2025-01-01 00:45:00,추세확정 (BB 상단 돌파),94343.2,,2.0,1.0,94155.14913920892
2025-01-01 08:30:00,역추세 반등 (BB 하단),93426.3,93410.68349869929,1.0,1.0,
2025-01-01 08:30:00,강력한 반전 (BB 찢고 복귀),93426.3,93410.68349869929,1.5,1.0,
2025-01-01 09:45:00,역추세 반등 (BB 하단),93368.4,93099.77653587669,1.0,1.0,
2025-01-01 09:45:00,강력한 반전 (BB 찢고 복귀),93368.4,93099.77653587669,1.5,1.0,
2025-01-01 12:15:00,추세확정 (BB 상단 돌파),93840.0,,2.0,1.0,93797.6752283063
2025-01-01 13:45:00,추세확정 (BB 상단 돌파),93985.9,,2.0,1.0,93980.22770369216
2025-01-01 19:45:00,추세확정 (BB 상단 돌파),94583.4,,2.0,1.0,94535.14123186232
2025-01-02 00:15:00,강력한 반전 (BB 찢고 복귀),94895.4,94440.42756410655,1.5,1.0,
2025-01-02 00:30:00,추세확정 (BB 상단 돌파),95092.1,,2.0,1.0,95047.58562363051
2025-01-02 04:30:00,추세확정 (BB 상단 돌파),95780.2,,2.0,1.0,95547.2429087165
2025-01-02 09:15:00,추세확정 (BB 상단 돌파),96356.8,,2.0,1.0,96252.38782256718
2025-01-02 09:45:00,추세확정 (BB 상단 돌파),96716.4,,2.0,1.0,96526.67165736822
2025-01-02 14:15:00,강력한 반전 (BB 찢고 복귀),96454.4,96337.06046971251,1.5,1.0,
2025-01-02 14:30:00,강력한 반전 (BB 찢고 복귀),96798.8,96390.77929736272,1.5,1.0,
2025-01-02 14:45:00,추세확정 (BB 상단 돌파),97238.1,,2.0,1.0,97042.8226205162
2025-01-02 15:45:00,강력한 반전 (BB 찢고 복귀),96427.0,96224.1104241716,1.5,1.0,
2025-01-02 16:00:00,강력한 반전 (BB 찢고 복귀),96631.2,96219.8057667079,1.5,1.0,
2025-01-02 16:15:00,추세확정 (BB 상단 돌파),97375.2,,2.0,1.0,97244.85016674908
2025-01-03 01:15:00,강력한 반전 (BB 찢고 복귀),96870.5,96626.63798334119,1.5,1.0,
2025-01-03 02:15:00,추세확정 (BB 상단 돌파),97219.8,,2.0,1.0,97210.09697006675
2025-01-03 08:00:00,역추세 반등 (BB 하단),96442.4,96262.0866874692,1.0,1.0,
2025-01-03 09:00:00,역추세 반등 (BB 하단),96309.8,96079.48516318561,1.0,1.0,
2025-01-03 09:00:00,강력한 반전 (BB 찢고 복귀),96309.8,96079.48516318561,1.5,1.0,
2025-01-03 12:00:00,추세확정 (BB 상단 돌파),96817.0,,2.0,1.0,96811.74902971243
2025-01-03 14:15:00,추세확정 (BB 상단 돌파),97046.6,,2.0,1.0,96944.80155711899
2025-01-03 15:30:00,추세확정 (BB 상단 돌파),97411.9,,2.0,1.0,97362.86316649709
2025-01-04 01:15:00,강력한 반전 (BB 찢고 복귀),97911.7,97822.16618370752,1.5,1.0,
2025-01-04 09:15:00,역추세 반등 (BB 하단),97849.4,97812.50048825121,1.0,1.0,
2025-01-04 09:15:00,강력한 반전 (BB 찢고 복귀),97849.4,97812.50048825121,1.5,1.0,
2025-01-04 10:00:00,역추세 반등 (BB 하단),97684.5,97655.083549126,1.0,1.0,
2025-01-04 10:00:00,강력한 반전 (BB 찢고 복귀),97684.5,97655.083549126,1.5,1.0,
2025-01-04 10:15:00,강력한 반전 (BB 찢고 복귀),97707.8,97612.27841062381,1.5,1.0,
2025-01-04 14:15:00,추세확정 (BB 상단 돌파),97954.2,,2.0,1.0,97954.0825774731
2025-01-04 15:45:00,역추세 반등 (BB 하단),97617.4,97613.15074238945,1.0,1.0,
2025-01-04 15:45:00,강력한 반전 (BB 찢고 복귀),97617.4,97613.15074238945,1.5,1.0,
2025-01-04 16:00:00,강력한 반전 (BB 찢고 복귀),97749.4,97614.41575150387,1.5,1.0,
2025-01-04 20:15:00,추세확정 (BB 상단 돌파),98414.6,,2.0,1.0,98388.38819371816
2025-01-05 03:45:00,강력한 반전 (BB 찢고 복귀),98161.7,98067.35191770774,1.5,1.0,
2025-01-05 04:15:00,추세확정 (BB 상단 돌파),98458.6,,2.0,1.0,98350.76749854046
2025-01-05 09:00:00,역추세 반등 (BB 하단),97864.8,97774.83651761703,1.0,1.0,
2025-01-05 09:00:00,강력한 반전 (BB 찢고 복귀),97864.8,97774.83651761703,1.5,1.0,
2025-01-05 14:30:00,역추세 반등 (BB 하단),97637.5,97473.31157189829,1.0,1.0,
2025-01-05 14:30:00,강력한 반전 (BB 찢고 복귀),97637.5,97473.31157189829,1.5,1.0,
2025-01-05 15:30:00,추세확정 (BB 상단 돌파),98036.1,,2.0,1.0,97986.44589158062
2025-01-05 16:00:00,추세확정 (BB 상단 돌파),98160.0,,2.0,1.0,98103.94139888047
2025-01-05 20:15:00,추세확정 (BB 상단 돌파),98458.6,,2.0,1.0,98319.29126806043
2025-01-06 01:15:00,역추세 반등 (BB 하단),98073.0,98044.98844411415,1.0,1.0,
2025-01-06 01:15:00,강력한 반전 (BB 찢고 복귀),98073.0,98044.98844411415,1.5,1.0,
2025-01-06 02:00:00,추세확정 (BB 상단 돌파),98988.3,,2.0,1.0,98866.66983019828
2025-01-06 14:45:00,추세확정 (BB 상단 돌파),100692.4,,2.0,1.0,100090.28561319948
2025-01-07 10:15:00,역추세 반등 (BB 하단),101492.1,101465.93459413455,1.0,1.0,
2025-01-07 10:15:00,강력한 반전 (BB 찢고 복귀),101492.1,101465.93459413455,1.5,1.0,
2025-01-07 11:45:00,역추세 반등 (BB 하단),100796.4,100869.52335565622,1.0,1.0,
2025-01-07 15:45:00,역추세 반등 (BB 하단),97905.1,97948.74332547603,1.0,1.0,
2025-01-08 01:45:00,강력한 반전 (BB 찢고 복귀),96853.1,96560.95381100742,1.5,1.0,
2025-01-08 03:45:00,역추세 반등 (BB 하단),96487.5,96445.33220032536,1.0,1.0,
2025-01-08 03:45:00,강력한 반전 (BB 찢고 복귀),96487.5,96445.33220032536,1.5,1.0,
2025-01-08 05:00:00,강력한 반전 (BB 찢고 복귀),96283.1,96112.03171895276,1.5,1.0,
2025-01-08 07:00:00,역추세 반등 (BB 하단),95653.5,95521.93135957622,1.0,1.0,
2025-01-08 07:00:00,강력한 반전 (BB 찢고 복귀),95653.5,95521.93135957622,1.5,1.0,
2025-01-08 07:30:00,강력한 반전 (BB 찢고 복귀),95543.5,95327.41547882558,1.5,1.0,
2025-01-08 11:45:00,역추세 반등 (BB 하단),95101.8,95007.28303090729,1.0,1.0,
2025-01-08 11:45:00,강력한 반전 (BB 찢고 복귀),95101.8,95007.28303090729,1.5,1.0,
2025-01-08 12:00:00,강력한 반전 (BB 찢고 복귀),95161.0,94948.97565419183,1.5,1.0,
2025-01-08 12:30:00,강력한 반전 (BB 찢고 복귀),95139.1,94844.9246020787,1.5,1.0,
2025-01-08 15:30:00,강력한 반전 (BB 찢고 복귀),94964.1,94643.62315967985,1.5,1.0,
2025-01-08 17:30:00,역추세 반등 (BB 하단),93573.8,93530.22470319721,1.0,1.0,
2025-01-08 17:30:00,강력한 반전 (BB 찢고 복귀),93573.8,93530.22470319721,1.5,1.0,
2025-01-08 17:45:00,강력한 반전 (BB 찢고 복귀),93957.6,93424.29105857757,1.5,1.0,
2025-01-08 22:30:00,추세확정 (BB 상단 돌파),95203.0,,2.0,1.0,95065.27264766674
2025-01-09 02:15:00,역추세 반등 (BB 하단),94441.2,94233.423262986,1.0,1.0,
2025-01-09 02:15:00,강력한 반전 (BB 찢고 복귀),94441.2,94233.423262986,1.5,1.0,
2025-01-09 02:30:00,강력한 반전 (BB 찢고 복귀),94761.6,94277.96176791661,1.5,1.0,
2025-01-09 04:15:00,역추세 반등 (BB 하단),94128.4,93728.90945795465,1.0,1.0,
2025-01-09 08:15:00,역추세 반등 (BB 하단),92949.4,92998.51140185448,1.0,1.0,
2025-01-09 08:30:00,역추세 반등 (BB 하단),93350.3,92922.65832383173,1.0,1.0,
2025-01-09 08:30:00,강력한 반전 (BB 찢고 복귀),93350.3,92922.65832383173,1.5,1.0,
2025-01-09 14:00:00,역추세 반등 (BB 하단),92356.7,92238.48453432924,1.0,1.0,
2025-01-09 14:00:00,강력한 반전 (BB 찢고 복귀),92356.7,92238.48453432924,1.5,1.0,
2025-01-09 20:30:00,역추세 반등 (BB 하단),91765.6,91185.77548481857,1.0,1.0,
2025-01-09 20:30:00,강력한 반전 (BB 찢고 복귀),91765.6,91185.77548481857,1.5,1.0,
2025-01-10 01:30:00,추세확정 (BB 상단 돌파),93073.6,,2.0,1.0,93072.87136781262
2025-01-10 02:15:00,추세확정 (BB 상단 돌파),93479.9,,2.0,1.0,93408.17320094918
2025-01-10 07:30:00,추세확정 (BB 상단 돌파),94771.6,,2.0,1.0,94546.00035822218
2025-01-10 13:45:00,역추세 반등 (BB 하단),93513.6,93865.70403025592,1.0,1.0,
2025-01-10 14:00:00,역추세 반등 (BB 하단),94091.5,93786.95108923473,1.0,1.0,
2025-01-10 14:00:00,강력한 반전 (BB 찢고 복귀),94091.5,93786.95108923473,1.5,1.0,
2025-01-10 15:15:00,역추세 반등 (BB 하단),93232.7,92919.7332368165,1.0,1.0,
2025-01-10 15:15:00,강력한 반전 (BB 찢고 복귀),93232.7,92919.7332368165,1.5,1.0,
2025-01-10 17:45:00,추세확정 (BB 상단 돌파),95767.1,,2.0,1.0,95379.2461727844
2025-01-11 00:45:00,강력한 반전 (BB 찢고 복귀),94560.8,94367.0003371792,1.5,1.0,
2025-01-11 01:45:00,역추세 반등 (BB 하단),94389.9,94296.7931142841,1.0,1.0,
2025-01-11 01:45:00,강력한 반전 (BB 찢고 복귀),94389.9,94296.7931142841,1.5,1.0,
2025-01-11 02:30:00,강력한 반전 (BB 찢고 복귀),94267.3,94156.52601596419,1.5,1.0,
2025-01-11 04:45:00,강력한 반전 (BB 찢고 복귀),94024.2,93893.34407041428,1.5,1.0,
2025-01-11 11:15:00,추세확정 (BB 상단 돌파),94553.6,,2.0,1.0,94533.7881485527
2025-01-11 17:15:00,역추세 반등 (BB 하단),94069.4,94115.46826962505,1.0,1.0,
2025-01-11 17:30:00,역추세 반등 (BB 하단),94132.9,94082.04425061418,1.0,1.0,
2025-01-11 17:30:00,강력한 반전 (BB 찢고 복귀),94132.9,94082.04425061418,1.5,1.0,
2025-01-11 21:15:00,추세확정 (BB 상단 돌파),94767.8,,2.0,1.0,94728.27435402747
2025-01-11 21:45:00,추세확정 (BB 상단 돌파),94896.0,,2.0,1.0,94843.67813371046
2025-01-12 07:15:00,역추세 반등 (BB 하단),94350.7,94306.49668636202,1.0,1.0,
2025-01-12 07:15:00,강력한 반전 (BB 찢고 복귀),94350.7,94306.49668636202,1.5,1.0,
2025-01-12 09:00:00,강력한 반전 (BB 찢고 복귀),94187.8,94110.83075072744,1.5,1.0,
2025-01-12 09:45:00,역추세 반등 (BB 하단),93862.8,93840.51444387222,1.0,1.0,
2025-01-12 09:45:00,강력한 반전 (BB 찢고 복귀),93862.8,93840.51444387222,1.5,1.0,
2025-01-12 10:00:00,강력한 반전 (BB 찢고 복귀),93938.2,93803.80953232477,1.5,1.0,
2025-01-12 15:15:00,추세확정 (BB 상단 돌파),95230.0,,2.0,1.0,95126.14017150868
2025-01-12 20:00:00,강력한 반전 (BB 찢고 복귀),94765.2,94611.38685458548,1.5,1.0,
2025-01-12 21:15:00,강력한 반전 (BB 찢고 복귀),94574.6,94433.58086449277,1.5,1.0,
2025-01-12 22:30:00,역추세 반등 (BB 하단),93992.6,93910.7554353005,1.0,1.0,
2025-01-12 22:30:00,강력한 반전 (BB 찢고 복귀),93992.6,93910.7554353005,1.5,1.0,
2025-01-13 00:15:00,추세확정 (BB 상단 돌파),95225.3,,2.0,1.0,95125.1120224987
2025-01-13 07:15:00,역추세 반등 (BB 하단),93664.0,93537.8788873798,1.0,1.0,
2025-01-13 07:15:00,강력한 반전 (BB 찢고 복귀),93664.0,93537.8788873798,1.5,1.0,
2025-01-13 09:30:00,강력한 반전 (BB 찢고 복귀),92889.2,92592.36263417012,1.5,1.0,
2025-01-13 10:45:00,역추세 반등 (BB 하단),91594.1,91604.00804224126,1.0,1.0,
2025-01-13 11:15:00,역추세 반등 (BB 하단),91419.2,91178.20147253468,1.0,1.0,
2025-01-13 14:30:00,강력한 반전 (BB 찢고 복귀),91194.7,90143.85422448366,1.5,1.0,
2025-01-13 15:00:00,추세확정 (BB 상단 돌파),92355.9,,2.0,1.0,92130.06945081275
2025-01-13 15:30:00,추세확정 (BB 상단 돌파),92602.8,,2.0,1.0,92406.83725804703
2025-01-13 20:30:00,추세확정 (BB 상단 돌파),92924.2,,2.0,1.0,92622.4637371186
2025-01-14 02:15:00,추세확정 (BB 상단 돌파),95188.4,,2.0,1.0,95104.8094218422
2025-01-14 05:00:00,추세확정 (BB 상단 돌파),95441.4,,2.0,1.0,95401.67300839725
2025-01-14 08:00:00,추세확정 (BB 상단 돌파),95509.5,,2.0,1.0,95395.54729282769
2025-01-14 08:30:00,추세확정 (BB 상단 돌파),95617.4,,2.0,1.0,95545.07210767982
2025-01-14 09:00:00,추세확정 (BB 상단 돌파),95844.1,,2.0,1.0,95734.34706824252
2025-01-14 16:45:00,역추세 반등 (BB 하단),95709.1,95462.90604279787,1.0,1.0,
2025-01-14 16:45:00,강력한 반전 (BB 찢고 복귀),95709.1,95462.90604279787,1.5,1.0,
2025-01-15 00:15:00,추세확정 (BB 상단 돌파),97177.0,,2.0,1.0,96985.91987999663
2025-01-15 01:30:00,추세확정 (BB 상단 돌파),97240.0,,2.0,1.0,97199.8459706286
2025-01-15 07:15:00,추세확정 (BB 상단 돌파),97493.6,,2.0,1.0,97412.97775067117
2025-01-15 11:30:00,강력한 반전 (BB 찢고 복귀),96650.1,96539.84399976967,1.5,1.0,
2025-01-15 13:30:00,추세확정 (BB 상단 돌파),98484.9,,2.0,1.0,97791.78031321683
2025-01-15 19:45:00,추세확정 (BB 상단 돌파),99807.5,,2.0,1.0,99758.80716367636
2025-01-15 23:45:00,추세확정 (BB 상단 돌파),100465.0,,2.0,1.0,100389.41204740645
2025-01-16 09:15:00,역추세 반등 (BB 하단),98906.0,98836.12884297618,1.0,1.0,
2025-01-16 09:15:00,강력한 반전 (BB 찢고 복귀),98906.0,98836.12884297618,1.5,1.0,
2025-01-16 09:30:00,강력한 반전 (BB 찢고 복귀),99049.9,98785.90762370016,1.5,1.0,
2025-01-16 14:00:00,강력한 반전 (BB 찢고 복귀),99097.3,98817.07570754872,1.5,1.0,
2025-01-16 15:00:00,역추세 반등 (BB 하단),97789.5,97942.1078040957,1.0,1.0,
2025-01-16 15:15:00,역추세 반등 (BB 하단),98367.9,97876.82676682489,1.0,1.0,
2025-01-16 15:15:00,강력한 반전 (BB 찢고 복귀),98367.9,97876.82676682489,1.5,1.0,
2025-01-17 01:30:00,추세확정 (BB 상단 돌파),101598.2,,2.0,1.0,100906.61801524519
2025-01-17 08:45:00,추세확정 (BB 상단 돌파),102100.0,,2.0,1.0,102055.15785261028
2025-01-17 14:45:00,추세확정 (BB 상단 돌파),103357.9,,2.0,1.0,103079.14774636393
2025-01-17 16:00:00,추세확정 (BB 상단 돌파),104410.9,,2.0,1.0,104343.78708509867
2025-01-17 19:45:00,추세확정 (BB 상단 돌파),105788.5,,2.0,1.0,105737.80020240243
2025-01-18 03:45:00,역추세 반등 (BB 하단),103530.0,103594.63455818278,1.0,1.0,
2025-01-18 04:30:00,역추세 반등 (BB 하단),103425.0,103137.06875292913,1.0,1.0,
2025-01-18 04:30:00,강력한 반전 (BB 찢고 복귀),103425.0,103137.06875292913,1.5,1.0,
2025-01-18 08:15:00,강력한 반전 (BB 찢고 복귀),102771.4,102550.23118865641,1.5,1.0,
2025-01-18 11:30:00,추세확정 (BB 상단 돌파),103648.2,,2.0,1.0,103602.13681796452
2025-01-18 13:45:00,추세확정 (BB 상단 돌파),104314.3,,2.0,1.0,104043.44751441582
2025-01-18 15:30:00,추세확정 (BB 상단 돌파),104615.4,,2.0,1.0,104580.87013792379
2025-01-18 23:00:00,추세확정 (BB 상단 돌파),104552.2,,2.0,1.0,104507.9886492373
2025-01-19 02:00:00,추세확정 (BB 상단 돌파),104812.0,,2.0,1.0,104745.4909308118
2025-01-19 06:30:00,추세확정 (BB 상단 돌파),105438.9,,2.0,1.0,105438.39111746954
2025-01-19 09:15:00,역추세 반등 (BB 하단),104280.7,104108.40622744845,1.0,1.0,
2025-01-19 09:15:00,강력한 반전 (BB 찢고 복귀),104280.7,104108.40622744845,1.5,1.0,
2025-01-19 17:30:00,강력한 반전 (BB 찢고 복귀),104602.1,104485.46894240695,1.5,1.0,
2025-01-19 19:30:00,추세확정 (BB 상단 돌파),105505.4,,2.0,1.0,105478.65659850293
2025-01-19 22:00:00,역추세 반등 (BB 하단),104057.9,103665.93557433927,1.0,1.0,
2025-01-19 22:00:00,강력한 반전 (BB 찢고 복귀),104057.9,103665.93557433927,1.5,1.0,
2025-01-19 22:15:00,강력한 반전 (BB 찢고 복귀),104168.4,103609.10362788338,1.5,1.0,
2025-01-19 22:45:00,역추세 반등 (BB 하단),103400.0,103111.93822031359,1.0,1.0,
2025-01-19 22:45:00,강력한 반전 (BB 찢고 복귀),103400.0,103111.93822031359,1.5,1.0,
2025-01-19 23:30:00,역추세 반등 (BB 하단),101203.0,100890.41762403572,1.0,1.0,
2025-01-19 23:30:00,강력한 반전 (BB 찢고 복귀),101203.0,100890.41762403572,1.5,1.0,
2025-01-20 06:30:00,추세확정 (BB 상단 돌파),104714.7,,2.0,1.0,103694.44724323021
2025-01-20 12:45:00,역추세 반등 (BB 하단),106947.6,106740.0382592713,1.0,1.0,
2025-01-20 12:45:00,강력한 반전 (BB 찢고 복귀),106947.6,106740.0382592713,1.5,1.0,
2025-01-20 16:15:00,역추세 반등 (BB 하단),105637.1,105028.8584128173,1.0,1.0,
2025-01-20 16:15:00,강력한 반전 (BB 찢고 복귀),105637.1,105028.8584128173,1.5,1.0,
2025-01-20 17:45:00,역추세 반등 (BB 하단),102978.4,102250.54681252429,1.0,1.0,
2025-01-20 17:45:00,강력한 반전 (BB 찢고 복귀),102978.4,102250.54681252429,1.5,1.0,
2025-01-20 23:15:00,강력한 반전 (BB 찢고 복귀),103222.0,102573.44212846388,1.5,1.0,
2025-01-21 00:00:00,역추세 반등 (BB 하단),102413.6,102243.32185902457,1.0,1.0,
2025-01-21 00:00:00,강력한 반전 (BB 찢고 복귀),102413.6,102243.32185902457,1.5,1.0,
2025-01-21 00:30:00,역추세 반등 (BB 하단),102299.8,101908.88929421219,1.0,1.0,
2025-01-21 00:30:00,강력한 반전 (BB 찢고 복귀),102299.8,101908.88929421219,1.5,1.0,
2025-01-21 01:00:00,역추세 반등 (BB 하단),102140.7,101436.99478557183,1.0,1.0,
2025-01-21 01:00:00,강력한 반전 (BB 찢고 복귀),102140.7,101436.99478557183,1.5,1.0,
2025-01-21 01:30:00,역추세 반등 (BB 하단),101214.8,100779.0109937808,1.0,1.0,
2025-01-21 01:30:00,강력한 반전 (BB 찢고 복귀),101214.8,100779.0109937808,1.5,1.0,
2025-01-21 10:15:00,추세확정 (BB 상단 돌파),103170.0,,2.0,1.0,103081.35035830093
2025-01-21 11:00:00,추세확정 (BB 상단 돌파),103561.7,,2.0,1.0,103432.21687829251
2025-01-21 12:15:00,추세확정 (BB 상단 돌파),104450.4,,2.0,1.0,104381.222195516
2025-01-21 16:00:00,추세확정 (BB 상단 돌파),106067.3,,2.0,1.0,105594.6669306289
2025-01-21 23:15:00,역추세 반등 (BB 하단),105700.1,105566.16106018382,1.0,1.0,
2025-01-22 04:45:00,역추세 반등 (BB 하단),105571.8,105404.56989417256,1.0,1.0,
2025-01-22 04:45:00,강력한 반전 (BB 찢고 복귀),105571.8,105404.56989417256,1.5,1.0,
2025-01-22 07:00:00,강력한 반전 (BB 찢고 복귀),105548.5,105308.15716637301,1.5,1.0,
2025-01-22 08:30:00,역추세 반등 (BB 하단),105078.9,104860.86170257584,1.0,1.0,
2025-01-22 08:30:00,강력한 반전 (BB 찢고 복귀),105078.9,104860.86170257584,1.5,1.0,
2025-01-22 12:00:00,추세확정 (BB 상단 돌파),105460.0,,2.0,1.0,105424.37124657191
2025-01-22 12:30:00,추세확정 (BB 상단 돌파),105464.0,,2.0,1.0,105460.95948650072
2025-01-22 14:15:00,역추세 반등 (BB 하단),104635.8,104180.94596391491,1.0,1.0,
2025-01-22 14:15:00,강력한 반전 (BB 찢고 복귀),104635.8,104180.94596391491,1.5,1.0,
2025-01-22 14:45:00,강력한 반전 (BB 찢고 복귀),104391.7,104013.88400790143,1.5,1.0,
2025-01-22 21:15:00,강력한 반전 (BB 찢고 복귀),103887.5,103582.83341295563,1.5,1.0,
2025-01-22 22:15:00,강력한 반전 (BB 찢고 복귀),103968.6,103752.83049149942,1.5,1.0,
2025-01-22 23:00:00,강력한 반전 (BB 찢고 복귀),103903.9,103671.65737764476,1.5,1.0,
2025-01-23 00:45:00,역추세 반등 (BB 하단),103268.1,103187.12847686309,1.0,1.0,
2025-01-23 00:45:00,강력한 반전 (BB 찢고 복귀),103268.1,103187.12847686309,1.5,1.0,
2025-01-23 01:15:00,강력한 반전 (BB 찢고 복귀),103511.1,103117.92196303853,1.5,1.0,
2025-01-23 02:30:00,역추세 반등 (BB 하단),102426.7,102332.03876429479,1.0,1.0,
2025-01-23 02:30:00,강력한 반전 (BB 찢고 복귀),102426.7,102332.03876429479,1.5,1.0,
2025-01-23 04:30:00,역추세 반등 (BB 하단),101798.1,101714.67190074013,1.0,1.0,
2025-01-23 04:30:00,강력한 반전 (BB 찢고 복귀),101798.1,101714.67190074013,1.5,1.0,
2025-01-23 10:00:00,역추세 반등 (BB 하단),101850.0,101699.20122402116,1.0,1.0,
2025-01-23 10:00:00,강력한 반전 (BB 찢고 복귀),101850.0,101699.20122402116,1.5,1.0,
2025-01-23 10:45:00,역추세 반등 (BB 하단),101651.7,101384.49786591434,1.0,1.0,
2025-01-23 10:45:00,강력한 반전 (BB 찢고 복귀),101651.7,101384.49786591434,1.5,1.0,
2025-01-23 13:45:00,추세확정 (BB 상단 돌파),102475.0,,2.0,1.0,102462.4538353585
2025-01-23 14:30:00,추세확정 (BB 상단 돌파),104927.0,,2.0,1.0,103511.88552438289
2025-01-23 16:00:00,추세확정 (BB 상단 돌파),106476.4,,2.0,1.0,106149.31032265165
2025-01-23 20:00:00,강력한 반전 (BB 찢고 복귀),104792.6,103903.98651648892,1.5,1.0,
2025-01-23 20:15:00,강력한 반전 (BB 찢고 복귀),105716.4,104052.24445547302,1.5,1.0,
2025-01-23 21:30:00,역추세 반등 (BB 하단),102936.6,102637.77106755997,1.0,1.0,
2025-01-23 21:30:00,강력한 반전 (BB 찢고 복귀),102936.6,102637.77106755997,1.5,1.0,
2025-01-24 03:15:00,강력한 반전 (BB 찢고 복귀),103415.8,102852.02927411626,1.5,1.0,
2025-01-24 04:30:00,추세확정 (BB 상단 돌파),104365.8,,2.0,1.0,104285.71878715878
2025-01-24 13:15:00,강력한 반전 (BB 찢고 복귀),105239.9,105089.80129883304,1.5,1.0,
2025-01-24 13:45:00,역추세 반등 (BB 하단),105077.8,105012.04384087391,1.0,1.0,
2025-01-24 13:45:00,강력한 반전 (BB 찢고 복귀),105077.8,105012.04384087391,1.5,1.0,
2025-01-24 14:15:00,강력한 반전 (BB 찢고 복귀),105229.3,104990.49597856487,1.5,1.0,
2025-01-24 14:30:00,추세확정 (BB 상단 돌파),106195.4,,2.0,1.0,105792.05086229705
2025-01-24 14:30:00,강력한 반전 (BB 찢고 복귀),106195.4,104799.76913770296,1.5,1.0,
2025-01-24 17:15:00,추세확정 (BB 상단 돌파),106448.8,,2.0,1.0,106410.96097290784
2025-01-24 21:00:00,역추세 반등 (BB 하단),105057.5,104762.66099089799,1.0,1.0,
2025-01-25 03:45:00,추세확정 (BB 상단 돌파),105146.5,,2.0,1.0,104958.25688802433
2025-01-25 06:00:00,강력한 반전 (BB 찢고 복귀),104386.5,104252.1392780383,1.5,1.0,
2025-01-25 10:45:00,추세확정 (BB 상단 돌파),104479.9,,2.0,1.0,104470.0889054334
2025-01-25 11:45:00,추세확정 (BB 상단 돌파),104619.1,,2.0,1.0,104560.30661298547
2025-01-25 12:45:00,추세확정 (BB 상단 돌파),104688.7,,2.0,1.0,104667.22805051679
2025-01-25 15:00:00,추세확정 (BB 상단 돌파),104874.5,,2.0,1.0,104856.39709403842
2025-01-25 17:15:00,강력한 반전 (BB 찢고 복귀),104722.0,104435.96143561298,1.5,1.0,
2025-01-26 00:00:00,역추세 반등 (BB 하단),104714.4,104749.25540099124,1.0,1.0,
2025-01-26 01:00:00,역추세 반등 (BB 하단),104582.3,104540.97165656251,1.0,1.0,
2025-01-26 01:00:00,강력한 반전 (BB 찢고 복귀),104582.3,104540.97165656251,1.5,1.0,
2025-01-26 03:30:00,추세확정 (BB 상단 돌파),105057.7,,2.0,1.0,105043.38422203144
2025-01-26 04:15:00,추세확정 (BB 상단 돌파),105328.6,,2.0,1.0,105169.77640683677
2025-01-26 08:30:00,강력한 반전 (BB 찢고 복귀),104961.4,104853.55445646579,1.5,1.0,
2025-01-26 10:00:00,역추세 반등 (BB 하단),104663.1,104638.17579615567,1.0,1.0,
2025-01-26 10:00:00,강력한 반전 (BB 찢고 복귀),104663.1,104638.17579615567,1.5,1.0,
2025-01-26 10:45:00,역추세 반등 (BB 하단),104670.2,104484.9942645534,1.0,1.0,
2025-01-26 10:45:00,강력한 반전 (BB 찢고 복귀),104670.2,104484.9942645534,1.5,1.0,
2025-01-26 18:00:00,추세확정 (BB 상단 돌파),105057.3,,2.0,1.0,105034.77429121835
2025-01-26 21:15:00,역추세 반등 (BB 하단),104870.4,104770.15480799296,1.0,1.0,
2025-01-26 21:15:00,강력한 반전 (BB 찢고 복귀),104870.4,104770.15480799296,1.5,1.0,
2025-01-26 22:15:00,역추세 반등 (BB 하단),104489.0,104461.43206655607,1.0,1.0,
2025-01-26 22:15:00,강력한 반전 (BB 찢고 복귀),104489.0,104461.43206655607,1.5,1.0,
2025-01-27 00:00:00,역추세 반등 (BB 하단),102928.6,102614.08873916561,1.0,1.0,
2025-01-27 00:00:00,강력한 반전 (BB 찢고 복귀),102928.6,102614.08873916561,1.5,1.0,
2025-01-27 05:45:00,강력한 반전 (BB 찢고 복귀),100319.3,100068.22091407976,1.5,1.0,
2025-01-27 07:00:00,역추세 반등 (BB 하단),98918.9,98865.8472413649,1.0,1.0,
2025-01-27 07:00:00,강력한 반전 (BB 찢고 복귀),98918.9,98865.8472413649,1.5,1.0,
2025-01-27 07:30:00,역추세 반등 (BB 하단),99092.1,98171.48467895767,1.0,1.0,
2025-01-27 07:30:00,강력한 반전 (BB 찢고 복귀),99092.1,98171.48467895767,1.5,1.0,
2025-01-27 12:30:00,추세확정 (BB 상단 돌파),99725.0,,2.0,1.0,99562.22090192379
2025-01-27 20:45:00,추세확정 (BB 상단 돌파),101336.1,,2.0,1.0,101184.57267297899
2025-01-28 09:30:00,역추세 반등 (BB 하단),102575.0,102460.76818562835,1.0,1.0,
2025-01-28 09:30:00,강력한 반전 (BB 찢고 복귀),102575.0,102460.76818562835,1.5,1.0,
2025-01-28 14:15:00,역추세 반등 (BB 하단),102524.4,102222.76672257514,1.0,1.0,
2025-01-28 14:15:00,강력한 반전 (BB 찢고 복귀),102524.4,102222.76672257514,1.5,1.0,
2025-01-28 14:45:00,역추세 반등 (BB 하단),102590.3,102135.48551760474,1.0,1.0,
2025-01-28 14:45:00,강력한 반전 (BB 찢고 복귀),102590.3,102135.48551760474,1.5,1.0,
2025-01-28 15:15:00,추세확정 (BB 상단 돌파),103176.0,,2.0,1.0,103157.77233586065
2025-01-28 21:00:00,역추세 반등 (BB 하단),101228.6,101301.5436271801,1.0,1.0,
2025-01-28 21:15:00,역추세 반등 (BB 하단),101413.8,101207.32389798154,1.0,1.0,
2025-01-28 21:15:00,강력한 반전 (BB 찢고 복귀),101413.8,101207.32389798154,1.5,1.0,
2025-01-28 22:00:00,역추세 반등 (BB 하단),100830.4,100433.3458293895,1.0,1.0,
2025-01-28 22:00:00,강력한 반전 (BB 찢고 복귀),100830.4,100433.3458293895,1.5,1.0,
2025-01-29 06:00:00,추세확정 (BB 상단 돌파),102378.1,,2.0,1.0,102351.62412962255
2025-01-29 13:30:00,역추세 반등 (BB 하단),101952.8,101941.13098881318,1.0,1.0,
2025-01-29 13:30:00,강력한 반전 (BB 찢고 복귀),101952.8,101941.13098881318,1.5,1.0,
2025-01-29 14:00:00,역추세 반등 (BB 하단),102005.7,101804.10005521718,1.0,1.0,
2025-01-29 14:00:00,강력한 반전 (BB 찢고 복귀),102005.7,101804.10005521718,1.5,1.0,
2025-01-29 17:30:00,추세확정 (BB 상단 돌파),102541.0,,2.0,1.0,102441.60372763395
2025-01-29 18:30:00,추세확정 (BB 상단 돌파),102686.9,,2.0,1.0,102659.48312323334
2025-01-29 19:30:00,역추세 반등 (BB 하단),103420.3,101342.63573975382,1.0,1.0,
2025-01-29 19:30:00,추세확정 (BB 상단 돌파),103420.3,,2.0,1.0,103088.02426024618
2025-01-29 20:15:00,추세확정 (BB 상단 돌파),104324.9,,2.0,1.0,103905.15267154889
2025-01-30 03:45:00,추세확정 (BB 상단 돌파),105166.3,,2.0,1.0,105116.48179059643
2025-01-30 12:45:00,역추세 반등 (BB 하단),104986.4,104874.5310610199,1.0,1.0,
2025-01-30 12:45:00,강력한 반전 (BB 찢고 복귀),104986.4,104874.5310610199,1.5,1.0,
2025-01-30 14:15:00,강력한 반전 (BB 찢고 복귀),104870.3,104749.60146058007,1.5,1.0,
2025-01-30 14:30:00,강력한 반전 (BB 찢고 복귀),105108.7,104764.63508278407,1.5,1.0,
2025-01-30 14:45:00,추세확정 (BB 상단 돌파),105883.0,,2.0,1.0,105591.66729296563
2025-01-31 00:15:00,강력한 반전 (BB 찢고 복귀),104715.5,104426.11701637437,1.5,1.0,
2025-01-31 01:30:00,역추세 반등 (BB 하단),104601.1,104458.71559848785,1.0,1.0,
2025-01-31 02:30:00,역추세 반등 (BB 하단),104363.5,104265.43044453136,1.0,1.0,
2025-01-31 02:30:00,강력한 반전 (BB 찢고 복귀),104363.5,104265.43044453136,1.5,1.0,
2025-01-31 03:30:00,강력한 반전 (BB 찢고 복귀),104136.0,103976.26728732526,1.5,1.0,
2025-01-31 15:15:00,추세확정 (BB 상단 돌파),105114.8,,2.0,1.0,105035.53552601922
2025-01-31 19:00:00,역추세 반등 (BB 하단),102593.6,102805.28795017423,1.0,1.0,
2025-02-01 08:30:00,역추세 반등 (BB 하단),101957.0,101945.65144214591,1.0,1.0,
2025-02-01 08:30:00,강력한 반전 (BB 찢고 복귀),101957.0,101945.65144214591,1.5,1.0,
2025-02-01 08:45:00,강력한 반전 (BB 찢고 복귀),101961.8,101910.6263753453,1.5,1.0,
2025-02-01 09:15:00,역추세 반등 (BB 하단),101806.0,101769.82315825255,1.0,1.0,
2025-02-01 09:15:00,강력한 반전 (BB 찢고 복귀),101806.0,101769.82315825255,1.5,1.0,
2025-02-01 09:45:00,역추세 반등 (BB 하단),101621.8,101576.35819447093,1.0,1.0,
2025-02-01 09:45:00,강력한 반전 (BB 찢고 복귀),101621.8,101576.35819447093,1.5,1.0,
2025-02-01 19:45:00,역추세 반등 (BB 하단),101622.6,101607.45881363557,1.0,1.0,
2025-02-01 19:45:00,강력한 반전 (BB 찢고 복귀),101622.6,101607.45881363557,1.5,1.0,
2025-02-01 20:30:00,역추세 반등 (BB 하단),101260.0,101208.53677345195,1.0,1.0,
2025-02-01 20:30:00,강력한 반전 (BB 찢고 복귀),101260.0,101208.53677345195,1.5,1.0,
2025-02-01 20:45:00,강력한 반전 (BB 찢고 복귀),101284.1,101129.55634137649,1.5,1.0,
2025-02-01 22:30:00,역추세 반등 (BB 하단),100838.0,100603.81613089665,1.0,1.0,
2025-02-01 22:30:00,강력한 반전 (BB 찢고 복귀),100838.0,100603.81613089665,1.5,1.0,
2025-02-01 23:15:00,역추세 반등 (BB 하단),100453.1,100270.18767331427,1.0,1.0,
2025-02-01 23:15:00,강력한 반전 (BB 찢고 복귀),100453.1,100270.18767331427,1.5,1.0,
2025-02-02 04:00:00,역추세 반등 (BB 하단),99234.3,99122.32310023255,1.0,1.0,
2025-02-02 04:00:00,강력한 반전 (BB 찢고 복귀),99234.3,99122.32310023255,1.5,1.0,
2025-02-02 11:45:00,역추세 반등 (BB 하단),98824.4,98753.11072576047,1.0,1.0,
2025-02-02 11:45:00,강력한 반전 (BB 찢고 복귀),98824.4,98753.11072576047,1.5,1.0,
2025-02-02 12:00:00,강력한 반전 (BB 찢고 복귀),99080.0,98756.71261085334,1.5,1.0,
2025-02-02 13:00:00,역추세 반등 (BB 하단),98496.0,98234.91647112304,1.0,1.0,
2025-02-02 13:00:00,강력한 반전 (BB 찢고 복귀),98496.0,98234.91647112304,1.5,1.0,
2025-02-02 18:00:00,역추세 반등 (BB 하단),97423.4,97306.04183982513,1.0,1.0,
2025-02-02 18:00:00,강력한 반전 (BB 찢고 복귀),97423.4,97306.04183982513,1.5,1.0,
2025-02-02 18:15:00,강력한 반전 (BB 찢고 복귀),97799.7,97214.37230287689,1.5,1.0,
2025-02-03 00:45:00,역추세 반등 (BB 하단),96448.0,96035.49935544562,1.0,1.0,
2025-02-03 00:45:00,강력한 반전 (BB 찢고 복귀),96448.0,96035.49935544562,1.5,1.0,
2025-02-03 02:00:00,역추세 반등 (BB 하단),93941.0,93749.54226990229,1.0,1.0,
2025-02-03 02:00:00,강력한 반전 (BB 찢고 복귀),93941.0,93749.54226990229,1.5,1.0,
2025-02-03 07:45:00,추세확정 (BB 상단 돌파),95247.1,,2.0,1.0,95067.68617276543
2025-02-03 13:30:00,역추세 반등 (BB 하단),95289.9,94478.28805197096,1.0,1.0,
2025-02-03 13:30:00,강력한 반전 (BB 찢고 복귀),95289.9,94478.28805197096,1.5,1.0,
2025-02-03 14:15:00,강력한 반전 (BB 찢고 복귀),94710.0,94298.44430656362,1.5,1.0,
2025-02-03 14:30:00,추세확정 (BB 상단 돌파),96067.5,,2.0,1.0,95948.96618660707
2025-02-03 19:30:00,추세확정 (BB 상단 돌파),101194.5,,2.0,1.0,101015.03528621484
2025-02-04 01:15:00,역추세 반등 (BB 하단),101195.4,100778.90321902977,1.0,1.0,
2025-02-04 01:15:00,강력한 반전 (BB 찢고 복귀),101195.4,100778.90321902977,1.5,1.0,
2025-02-04 03:30:00,역추세 반등 (BB 하단),100677.7,100537.56829843596,1.0,1.0,
2025-02-04 03:30:00,강력한 반전 (BB 찢고 복귀),100677.7,100537.56829843596,1.5,1.0,
2025-02-04 05:45:00,역추세 반등 (BB 하단),98807.4,98627.52569366714,1.0,1.0,
2025-02-04 14:30:00,추세확정 (BB 상단 돌파),100095.4,,2.0,1.0,99893.32237326574
2025-02-04 19:15:00,추세확정 (BB 상단 돌파),100380.5,,2.0,1.0,100271.50586545939
2025-02-04 20:30:00,강력한 반전 (BB 찢고 복귀),98739.9,98157.58200353681,1.5,1.0,
2025-02-04 22:00:00,역추세 반등 (BB 하단),96499.8,96315.55044292484,1.0,1.0,
2025-02-04 22:00:00,강력한 반전 (BB 찢고 복귀),96499.8,96315.55044292484,1.5,1.0,
2025-02-05 07:15:00,강력한 반전 (BB 찢고 복귀),97611.1,97529.746439353,1.5,1.0,
2025-02-05 07:30:00,강력한 반전 (BB 찢고 복귀),97747.0,97519.80877221943,1.5,1.0,
2025-02-05 09:45:00,역추세 반등 (BB 하단),97361.9,97331.71012105417,1.0,1.0,
2025-02-05 09:45:00,강력한 반전 (BB 찢고 복귀),97361.9,97331.71012105417,1.5,1.0,
2025-02-05 12:00:00,추세확정 (BB 상단 돌파),98332.9,,2.0,1.0,98318.3451076017
2025-02-05 16:15:00,역추세 반등 (BB 하단),97745.0,97696.05977457557,1.0,1.0,
2025-02-05 16:15:00,강력한 반전 (BB 찢고 복귀),97745.0,97696.05977457557,1.5,1.0,
2025-02-05 16:45:00,강력한 반전 (BB 찢고 복귀),97945.9,97576.39574989841,1.5,1.0,
2025-02-05 18:15:00,역추세 반등 (BB 하단),97080.0,96880.46022241913,1.0,1.0,
2025-02-05 18:15:00,강력한 반전 (BB 찢고 복귀),97080.0,96880.46022241913,1.5,1.0,
2025-02-05 19:00:00,강력한 반전 (BB 찢고 복귀),96778.6,96456.77678215728,1.5,1.0,
2025-02-05 22:00:00,강력한 반전 (BB 찢고 복귀),96979.2,96603.68697029143,1.5,1.0,
2025-02-05 22:45:00,역추세 반등 (BB 하단),96413.4,96284.83159553556,1.0,1.0,
2025-02-05 22:45:00,강력한 반전 (BB 찢고 복귀),96413.4,96284.83159553556,1.5,1.0,
2025-02-05 23:00:00,강력한 반전 (BB 찢고 복귀),96673.9,96266.06985595143,1.5,1.0,
2025-02-05 23:30:00,강력한 반전 (BB 찢고 복귀),96542.4,96120.03646004105,1.5,1.0,
2025-02-06 06:30:00,추세확정 (BB 상단 돌파),98327.0,,2.0,1.0,98174.14063322183
2025-02-06 09:00:00,추세확정 (BB 상단 돌파),98605.9,,2.0,1.0,98534.81599204792
2025-02-06 10:00:00,추세확정 (BB 상단 돌파),98793.7,,2.0,1.0,98754.28074398462
2025-02-06 15:00:00,역추세 반등 (BB 하단),97908.2,97821.75877744514,1.0,1.0,
2025-02-06 15:00:00,강력한 반전 (BB 찢고 복귀),97908.2,97821.75877744514,1.5,1.0,
2025-02-06 15:45:00,역추세 반등 (BB 하단),97292.6,97264.64679224738,1.0,1.0,
2025-02-06 15:45:00,강력한 반전 (BB 찢고 복귀),97292.6,97264.64679224738,1.5,1.0,
2025-02-06 16:00:00,강력한 반전 (BB 찢고 복귀),97486.3,97172.23552585756,1.5,1.0,
2025-02-07 01:45:00,추세확정 (BB 상단 돌파),97341.7,,2.0,1.0,97112.03121743629
2025-02-07 07:00:00,역추세 반등 (BB 하단),96878.8,96708.08333712672,1.0,1.0,
2025-02-07 07:00:00,강력한 반전 (BB 찢고 복귀),96878.8,96708.08333712672,1.5,1.0,
2025-02-07 11:00:00,추세확정 (BB 상단 돌파),97599.9,,2.0,1.0,97570.18591121299
2025-02-07 13:30:00,추세확정 (BB 상단 돌파),98294.3,,2.0,1.0,98143.99575528345
2025-02-07 21:00:00,역추세 반등 (BB 하단),95953.1,95638.28700125439,1.0,1.0,
2025-02-08 04:45:00,역추세 반등 (BB 하단),96266.0,96264.29737579088,1.0,1.0,
2025-02-08 04:45:00,강력한 반전 (BB 찢고 복귀),96266.0,96264.29737579088,1.5,1.0,
2025-02-08 05:30:00,강력한 반전 (BB 찢고 복귀),96234.9,96120.37751315566,1.5,1.0,
2025-02-08 07:15:00,강력한 반전 (BB 찢고 복귀),95952.9,95753.93990356271,1.5,1.0,
2025-02-08 11:45:00,강력한 반전 (BB 찢고 복귀),96080.0,95820.75267799191,1.5,1.0,
2025-02-08 13:30:00,추세확정 (BB 상단 돌파),96354.5,,2.0,1.0,96308.12302600904
2025-02-08 15:45:00,역추세 반등 (BB 하단),95802.9,95707.09258250595,1.0,1.0,
2025-02-08 15:45:00,강력한 반전 (BB 찢고 복귀),95802.9,95707.09258250595,1.5,1.0,
2025-02-08 16:15:00,강력한 반전 (BB 찢고 복귀),95921.2,95706.10014110399,1.5,1.0,
2025-02-09 01:00:00,추세확정 (BB 상단 돌파),96673.6,,2.0,1.0,96648.36537889524
2025-02-09 01:45:00,추세확정 (BB 상단 돌파),96929.4,,2.0,1.0,96832.12748088114
2025-02-09 03:30:00,추세확정 (BB 상단 돌파),97126.2,,2.0,1.0,97041.83539045118
2025-02-09 12:00:00,역추세 반등 (BB 하단),96607.8,96490.9138988691,1.0,1.0,
2025-02-09 12:00:00,강력한 반전 (BB 찢고 복귀),96607.8,96490.9138988691,1.5,1.0,
2025-02-09 14:00:00,역추세 반등 (BB 하단),96063.0,95927.07999629679,1.0,1.0,
2025-02-09 14:00:00,강력한 반전 (BB 찢고 복귀),96063.0,95927.07999629679,1.5,1.0,
2025-02-09 21:45:00,역추세 반등 (BB 하단),95120.0,95295.23508001179,1.0,1.0,
2025-02-09 22:00:00,역추세 반등 (BB 하단),95380.1,95207.83114946062,1.0,1.0,
2025-02-09 22:00:00,강력한 반전 (BB 찢고 복귀),95380.1,95207.83114946062,1.5,1.0,
2025-02-10 08:00:00,추세확정 (BB 상단 돌파),97737.7,,2.0,1.0,97584.45756595573
2025-02-10 12:45:00,역추세 반등 (BB 하단),97322.0,97352.72723019317,1.0,1.0,
2025-02-10 13:00:00,역추세 반등 (BB 하단),97539.0,97342.12473100676,1.0,1.0,
2025-02-10 13:00:00,강력한 반전 (BB 찢고 복귀),97539.0,97342.12473100676,1.5,1.0,
2025-02-10 13:45:00,추세확정 (BB 상단 돌파),98185.4,,2.0,1.0,98041.39970824789
2025-02-10 15:30:00,역추세 반등 (BB 하단),97042.5,97000.60828775664,1.0,1.0,
2025-02-10 15:30:00,강력한 반전 (BB 찢고 복귀),97042.5,97000.60828775664,1.5,1.0,
2025-02-10 15:45:00,강력한 반전 (BB 찢고 복귀),97188.9,96958.88524919334,1.5,1.0,
2025-02-11 00:00:00,추세확정 (BB 상단 돌파),97693.4,,2.0,1.0,97587.74802228637
2025-02-11 05:45:00,추세확정 (BB 상단 돌파),98380.0,,2.0,1.0,98372.94789807685
2025-02-11 09:45:00,역추세 반등 (BB 하단),97956.2,97949.40006759454,1.0,1.0,
2025-02-11 09:45:00,강력한 반전 (BB 찢고 복귀),97956.2,97949.40006759454,1.5,1.0,
2025-02-11 10:00:00,강력한 반전 (BB 찢고 복귀),98046.8,97937.96821696669,1.5,1.0,
2025-02-11 10:30:00,역추세 반등 (BB 하단),97923.1,97843.32970718265,1.0,1.0,
2025-02-11 12:30:00,역추세 반등 (BB 하단),97682.3,97648.39365551817,1.0,1.0,
2025-02-11 12:30:00,강력한 반전 (BB 찢고 복귀),97682.3,97648.39365551817,1.5,1.0,
2025-02-11 13:00:00,강력한 반전 (BB 찢고 복귀),97738.8,97595.68540842857,1.5,1.0,
2025-02-11 14:00:00,역추세 반등 (BB 하단),96877.4,96962.55918180759,1.0,1.0,
2025-02-11 14:30:00,강력한 반전 (BB 찢고 복귀),97123.1,96759.23819172678,1.5,1.0,
2025-02-11 17:15:00,역추세 반등 (BB 하단),96224.8,95973.55215132829,1.0,1.0,
2025-02-11 18:30:00,역추세 반등 (BB 하단),95675.1,95562.6568668684,1.0,1.0,
2025-02-11 19:30:00,역추세 반등 (BB 하단),95010.2,94851.25400614068,1.0,1.0,
2025-02-11 19:30:00,강력한 반전 (BB 찢고 복귀),95010.2,94851.25400614068,1.5,1.0,
2025-02-12 03:15:00,역추세 반등 (BB 하단),95654.0,95431.93537107522,1.0,1.0,
2025-02-12 03:15:00,강력한 반전 (BB 찢고 복귀),95654.0,95431.93537107522,1.5,1.0,
2025-02-12 04:00:00,역추세 반등 (BB 하단),95484.1,95295.80500822775,1.0,1.0,
2025-02-12 04:00:00,강력한 반전 (BB 찢고 복귀),95484.1,95295.80500822775,1.5,1.0,
2025-02-12 13:15:00,추세확정 (BB 상단 돌파),96446.0,,2.0,1.0,96391.8380578798
2025-02-12 13:45:00,역추세 반등 (BB 하단),94912.2,95045.77703944649,1.0,1.0,
2025-02-12 14:30:00,역추세 반등 (BB 하단),95498.3,94624.06845799409,1.0,1.0,
2025-02-12 14:30:00,강력한 반전 (BB 찢고 복귀),95498.3,94624.06845799409,1.5,1.0,
2025-02-12 16:45:00,추세확정 (BB 상단 돌파),96954.7,,2.0,1.0,96868.53559940512
2025-02-12 17:15:00,추세확정 (BB 상단 돌파),97499.9,,2.0,1.0,97327.89370189465
2025-02-12 21:30:00,추세확정 (BB 상단 돌파),97834.7,,2.0,1.0,97748.42488408972
2025-02-13 05:15:00,역추세 반등 (BB 하단),96782.5,96771.7596641965,1.0,1.0,
2025-02-13 05:15:00,강력한 반전 (BB 찢고 복귀),96782.5,96771.7596641965,1.5,1.0,
2025-02-13 07:00:00,강력한 반전 (BB 찢고 복귀),96092.1,95889.24856605487,1.5,1.0,
2025-02-13 12:15:00,역추세 반등 (BB 하단),95836.9,95768.87759252469,1.0,1.0,
2025-02-13 12:15:00,강력한 반전 (BB 찢고 복귀),95836.9,95768.87759252469,1.5,1.0,
2025-02-13 13:15:00,강력한 반전 (BB 찢고 복귀),95785.5,95658.10562987285,1.5,1.0,
2025-02-13 14:30:00,강력한 반전 (BB 찢고 복귀),95931.2,95636.59465705558,1.5,1.0,
2025-02-13 15:00:00,강력한 반전 (BB 찢고 복귀),95822.8,95631.06745503766,1.5,1.0,
2025-02-13 15:30:00,추세확정 (BB 상단 돌파),96377.1,,2.0,1.0,96268.91762456832
2025-02-13 16:30:00,역추세 반등 (BB 하단),95449.3,95442.30193068982,1.0,1.0,
2025-02-13 16:30:00,강력한 반전 (BB 찢고 복귀),95449.3,95442.30193068982,1.5,1.0,
2025-02-13 17:00:00,역추세 반등 (BB 하단),95661.7,95336.95684593223,1.0,1.0,
2025-02-13 17:00:00,강력한 반전 (BB 찢고 복귀),95661.7,95336.95684593223,1.5,1.0,
2025-02-13 21:00:00,추세확정 (BB 상단 돌파),96457.4,,2.0,1.0,96428.18181924107
2025-02-14 03:45:00,추세확정 (BB 상단 돌파),97109.0,,2.0,1.0,96953.05824753232
2025-02-14 12:15:00,역추세 반등 (BB 하단),96690.0,96656.08864724156,1.0,1.0,
2025-02-14 12:15:00,강력한 반전 (BB 찢고 복귀),96690.0,96656.08864724156,1.5,1.0,
2025-02-14 12:45:00,역추세 반등 (BB 하단),96615.0,96550.09725640218,1.0,1.0,
2025-02-14 12:45:00,강력한 반전 (BB 찢고 복귀),96615.0,96550.09725640218,1.5,1.0,
2025-02-14 14:45:00,추세확정 (BB 상단 돌파),97260.0,,2.0,1.0,97248.46879190806
2025-02-14 16:45:00,추세확정 (BB 상단 돌파),97626.0,,2.0,1.0,97320.7439237059
2025-02-14 17:30:00,추세확정 (BB 상단 돌파),97950.1,,2.0,1.0,97693.36314254598
2025-02-15 02:00:00,추세확정 (BB 상단 돌파),97846.5,,2.0,1.0,97805.10696683488
2025-02-15 08:00:00,강력한 반전 (BB 찢고 복귀),97325.5,97259.48758201074,1.5,1.0,
2025-02-15 10:45:00,추세확정 (BB 상단 돌파),97620.0,,2.0,1.0,97619.1938110064
2025-02-15 12:45:00,추세확정 (BB 상단 돌파),97714.8,,2.0,1.0,97708.04420253121
2025-02-15 13:15:00,추세확정 (BB 상단 돌파),97759.8,,2.0,1.0,97740.79972864017
2025-02-15 16:45:00,강력한 반전 (BB 찢고 복귀),97498.9,97428.13148339158,1.5,1.0,
2025-02-15 17:45:00,역추세 반등 (BB 하단),97367.1,97313.18341260323,1.0,1.0,
2025-02-15 17:45:00,강력한 반전 (BB 찢고 복귀),97367.1,97313.18341260323,1.5,1.0,
2025-02-16 03:30:00,강력한 반전 (BB 찢고 복귀),97454.2,97409.00868861064,1.5,1.0,
2025-02-16 07:30:00,역추세 반등 (BB 하단),97334.5,97344.8599002788,1.0,1.0,
2025-02-16 08:00:00,역추세 반등 (BB 하단),97253.7,97251.48129332876,1.0,1.0,
2025-02-16 08:00:00,강력한 반전 (BB 찢고 복귀),97253.7,97251.48129332876,1.5,1.0,
2025-02-16 09:15:00,강력한 반전 (BB 찢고 복귀),97138.9,97030.70113028381,1.5,1.0,
2025-02-16 14:30:00,강력한 반전 (BB 찢고 복귀),96850.6,96748.82830365331,1.5,1.0,
2025-02-16 18:30:00,역추세 반등 (BB 하단),96799.9,96710.48611439049,1.0,1.0,
2025-02-16 18:30:00,강력한 반전 (BB 찢고 복귀),96799.9,96710.48611439049,1.5,1.0,
2025-02-16 19:00:00,강력한 반전 (BB 찢고 복귀),96839.0,96717.88328880907,1.5,1.0,
2025-02-17 00:00:00,역추세 반등 (BB 하단),96152.5,96020.18678359938,1.0,1.0,
2025-02-17 00:00:00,강력한 반전 (BB 찢고 복귀),96152.5,96020.18678359938,1.5,1.0,
2025-02-17 04:15:00,강력한 반전 (BB 찢고 복귀),96172.5,95978.65821892807,1.5,1.0,
2025-02-17 05:00:00,강력한 반전 (BB 찢고 복귀),96168.7,95940.65873063872,1.5,1.0,
2025-02-17 07:45:00,강력한 반전 (BB 찢고 복귀),96023.0,95883.02140788171,1.5,1.0,
2025-02-17 12:45:00,추세확정 (BB 상단 돌파),96415.3,,2.0,1.0,96398.50947649706
2025-02-17 14:00:00,추세확정 (BB 상단 돌파),96877.6,,2.0,1.0,96625.71453412167
2025-02-17 16:30:00,역추세 반등 (BB 하단),95482.9,95399.43026094763,1.0,1.0,
2025-02-17 16:30:00,강력한 반전 (BB 찢고 복귀),95482.9,95399.43026094763,1.5,1.0,
2025-02-17 20:30:00,추세확정 (BB 상단 돌파),95972.1,,2.0,1.0,95838.8490566476
2025-02-17 21:45:00,추세확정 (BB 상단 돌파),96362.9,,2.0,1.0,96290.94375527585
2025-02-18 06:15:00,역추세 반등 (BB 하단),95384.8,95395.52244567296,1.0,1.0,
2025-02-18 06:30:00,역추세 반등 (BB 하단),95450.1,95322.35361121093,1.0,1.0,
2025-02-18 06:30:00,강력한 반전 (BB 찢고 복귀),95450.1,95322.35361121093,1.5,1.0,
2025-02-18 10:30:00,추세확정 (BB 상단 돌파),95829.4,,2.0,1.0,95802.6703919221
2025-02-18 12:30:00,추세확정 (BB 상단 돌파),96108.4,,2.0,1.0,96043.75862585258
2025-02-18 15:45:00,강력한 반전 (BB 찢고 복귀),95518.1,95181.15724919771,1.5,1.0,
2025-02-18 17:00:00,역추세 반등 (BB 하단),94730.1,94516.45611799596,1.0,1.0,
2025-02-18 21:15:00,추세확정 (BB 상단 돌파),95141.5,,2.0,1.0,95128.19176193865
2025-02-19 10:00:00,추세확정 (BB 상단 돌파),96340.9,,2.0,1.0,96178.4480479549
2025-02-19 15:15:00,역추세 반등 (BB 하단),95942.9,95788.63946607284,1.0,1.0,
2025-02-19 15:15:00,강력한 반전 (BB 찢고 복귀),95942.9,95788.63946607284,1.5,1.0,
2025-02-19 19:00:00,강력한 반전 (BB 찢고 복귀),95979.2,95601.21961239139,1.5,1.0,
2025-02-20 00:45:00,추세확정 (BB 상단 돌파),96825.9,,2.0,1.0,96788.61932444401
2025-02-20 02:00:00,추세확정 (BB 상단 돌파),96913.1,,2.0,1.0,96891.68199905277
2025-02-20 02:45:00,추세확정 (BB 상단 돌파),97108.8,,2.0,1.0,97021.09940216962
2025-02-20 13:45:00,추세확정 (BB 상단 돌파),97510.1,,2.0,1.0,97507.83205152473
2025-02-20 15:00:00,역추세 반등 (BB 하단),97016.4,96917.48506407763,1.0,1.0,
2025-02-20 15:00:00,강력한 반전 (BB 찢고 복귀),97016.4,96917.48506407763,1.5,1.0,
2025-02-21 05:30:00,추세확정 (BB 상단 돌파),98325.1,,2.0,1.0,98322.76713303546
2025-02-21 10:45:00,추세확정 (BB 상단 돌파),98573.4,,2.0,1.0,98551.17030365602
2025-02-21 11:15:00,추세확정 (BB 상단 돌파),98727.8,,2.0,1.0,98657.42853011898
2025-02-21 13:00:00,추세확정 (BB 상단 돌파),99272.5,,2.0,1.0,99087.33273849584
2025-02-21 13:30:00,추세확정 (BB 상단 돌파),99290.2,,2.0,1.0,99287.71756906094
2025-02-21 15:45:00,역추세 반등 (BB 하단),98074.8,97849.66923047899,1.0,1.0,
2025-02-21 15:45:00,강력한 반전 (BB 찢고 복귀),98074.8,97849.66923047899,1.5,1.0,
2025-02-21 16:00:00,강력한 반전 (BB 찢고 복귀),98538.3,97850.59347649406,1.5,1.0,
2025-02-21 18:15:00,역추세 반등 (BB 하단),97064.1,96587.34364290639,1.0,1.0,
2025-02-22 08:15:00,역추세 반등 (BB 하단),96295.1,96212.42594375777,1.0,1.0,
2025-02-22 08:15:00,강력한 반전 (BB 찢고 복귀),96295.1,96212.42594375777,1.5,1.0,
2025-02-22 08:45:00,강력한 반전 (BB 찢고 복귀),96232.1,96201.41216370586,1.5,1.0,
2025-02-22 09:00:00,강력한 반전 (BB 찢고 복귀),96391.2,96198.38043997319,1.5,1.0,
2025-02-22 12:45:00,추세확정 (BB 상단 돌파),96838.2,,2.0,1.0,96835.97047527095
2025-02-23 01:45:00,역추세 반등 (BB 하단),96440.6,96430.92720229598,1.0,1.0,
2025-02-23 01:45:00,강력한 반전 (BB 찢고 복귀),96440.6,96430.92720229598,1.5,1.0,
2025-02-23 02:00:00,강력한 반전 (BB 찢고 복귀),96472.1,96418.54926335101,1.5,1.0,
2025-02-23 02:30:00,강력한 반전 (BB 찢고 복귀),96443.2,96386.53354440337,1.5,1.0,
2025-02-23 06:15:00,역추세 반등 (BB 하단),96276.9,96226.11272540987,1.0,1.0,
2025-02-23 06:15:00,강력한 반전 (BB 찢고 복귀),96276.9,96226.11272540987,1.5,1.0,
2025-02-23 10:45:00,강력한 반전 (BB 찢고 복귀),96192.3,96116.53361782746,1.5,1.0,
2025-02-23 13:00:00,역추세 반등 (BB 하단),95841.8,95743.21772774911,1.0,1.0,
2025-02-23 13:00:00,강력한 반전 (BB 찢고 복귀),95841.8,95743.21772774911,1.5,1.0,
2025-02-23 15:00:00,역추세 반등 (BB 하단),95624.4,95542.98552301235,1.0,1.0,
2025-02-23 15:00:00,강력한 반전 (BB 찢고 복귀),95624.4,95542.98552301235,1.5,1.0,
2025-02-23 22:30:00,강력한 반전 (BB 찢고 복귀),95840.0,95633.05085651293,1.5,1.0,
2025-02-23 23:00:00,추세확정 (BB 상단 돌파),96157.4,,2.0,1.0,95986.92284436767
2025-02-23 23:45:00,추세확정 (BB 상단 돌파),96262.6,,2.0,1.0,96125.70995516177
2025-02-24 03:30:00,역추세 반등 (BB 하단),95767.3,95533.81734854213,1.0,1.0,
2025-02-24 03:30:00,강력한 반전 (BB 찢고 복귀),95767.3,95533.81734854213,1.5,1.0,
2025-02-24 04:00:00,역추세 반등 (BB 하단),95459.9,95378.56133377358,1.0,1.0,
2025-02-24 15:00:00,역추세 반등 (BB 하단),94889.9,94902.92699374627,1.0,1.0,
2025-02-24 15:45:00,역추세 반등 (BB 하단),94376.8,94217.14544484713,1.0,1.0,
2025-02-24 15:45:00,강력한 반전 (BB 찢고 복귀),94376.8,94217.14544484713,1.5,1.0,
2025-02-24 19:45:00,역추세 반등 (BB 하단),93984.9,93832.68518159798,1.0,1.0,
2025-02-24 19:45:00,강력한 반전 (BB 찢고 복귀),93984.9,93832.68518159798,1.5,1.0,
2025-02-24 22:15:00,역추세 반등 (BB 하단),93439.3,93296.74108874744,1.0,1.0,
2025-02-24 22:15:00,강력한 반전 (BB 찢고 복귀),93439.3,93296.74108874744,1.5,1.0,
2025-02-24 23:00:00,역추세 반등 (BB 하단),92444.0,92567.1323937443,1.0,1.0,
2025-02-24 23:30:00,역추세 반등 (BB 하단),91986.2,91957.7623829229,1.0,1.0,
2025-02-24 23:30:00,강력한 반전 (BB 찢고 복귀),91986.2,91957.7623829229,1.5,1.0,
2025-02-25 00:15:00,역추세 반등 (BB 하단),91600.0,90956.51826095502,1.0,1.0,
2025-02-25 00:15:00,강력한 반전 (BB 찢고 복귀),91600.0,90956.51826095502,1.5,1.0,
2025-02-25 06:30:00,역추세 반등 (BB 하단),91576.2,91555.84905486499,1.0,1.0,
2025-02-25 06:30:00,강력한 반전 (BB 찢고 복귀),91576.2,91555.84905486499,1.5,1.0,
2025-02-25 07:45:00,역추세 반등 (BB 하단),89227.5,89328.51116899893,1.0,1.0,
2025-02-25 08:00:00,역추세 반등 (BB 하단),89770.4,89112.05063015761,1.0,1.0,
2025-02-25 08:00:00,강력한 반전 (BB 찢고 복귀),89770.4,89112.05063015761,1.5,1.0,
2025-02-25 10:15:00,강력한 반전 (BB 찢고 복귀),87753.3,87084.97067780509,1.5,1.0,
2025-02-25 15:30:00,역추세 반등 (BB 하단),87001.9,86605.29086311514,1.0,1.0,
2025-02-25 15:30:00,강력한 반전 (BB 찢고 복귀),87001.9,86605.29086311514,1.5,1.0,
2025-02-25 19:45:00,추세확정 (BB 상단 돌파),87959.5,,2.0,1.0,87911.74746684692
2025-02-25 20:15:00,추세확정 (BB 상단 돌파),88696.4,,2.0,1.0,88298.38024842326
2025-02-26 03:00:00,추세확정 (BB 상단 돌파),89251.9,,2.0,1.0,89249.55153062003
2025-02-26 08:15:00,역추세 반등 (BB 하단),88395.8,88303.03103590386,1.0,1.0,
2025-02-26 08:15:00,강력한 반전 (BB 찢고 복귀),88395.8,88303.03103590386,1.5,1.0,
2025-02-26 13:15:00,역추세 반등 (BB 하단),87826.3,87711.40356966735,1.0,1.0,
2025-02-26 13:15:00,강력한 반전 (BB 찢고 복귀),87826.3,87711.40356966735,1.5,1.0,
2025-02-26 14:30:00,역추세 반등 (BB 하단),86656.2,86179.9089753316,1.0,1.0,
2025-02-26 14:30:00,강력한 반전 (BB 찢고 복귀),86656.2,86179.9089753316,1.5,1.0,
2025-02-26 19:00:00,역추세 반등 (BB 하단),84523.9,84202.14530335579,1.0,1.0,
2025-02-26 19:00:00,강력한 반전 (BB 찢고 복귀),84523.9,84202.14530335579,1.5,1.0,
2025-02-26 20:15:00,강력한 반전 (BB 찢고 복귀),83367.6,82536.81966673583,1.5,1.0,
2025-02-27 01:15:00,추세확정 (BB 상단 돌파),85172.0,,2.0,1.0,85022.13270482705
2025-02-27 05:00:00,추세확정 (BB 상단 돌파),85479.6,,2.0,1.0,85387.72155749059
2025-02-27 05:30:00,추세확정 (BB 상단 돌파),85660.4,,2.0,1.0,85576.12963978607
2025-02-27 06:15:00,추세확정 (BB 상단 돌파),86042.3,,2.0,1.0,86009.7738383525
2025-02-27 10:45:00,추세확정 (BB 상단 돌파),86953.2,,2.0,1.0,86693.76239560512
2025-02-27 14:15:00,강력한 반전 (BB 찢고 복귀),86290.1,85959.41701228103,1.5,1.0,
2025-02-27 15:00:00,역추세 반등 (BB 하단),85274.6,85283.70647416291,1.0,1.0,
2025-02-27 15:15:00,역추세 반등 (BB 하단),85635.6,85209.28457975798,1.0,1.0,
2025-02-27 16:30:00,강력한 반전 (BB 찢고 복귀),84900.0,84712.60660369463,1.5,1.0,
2025-02-27 17:00:00,역추세 반등 (BB 하단),84562.1,84315.10896065517,1.0,1.0,
2025-02-27 20:30:00,역추세 반등 (BB 하단),83382.4,83019.83794469756,1.0,1.0,
2025-02-27 20:30:00,강력한 반전 (BB 찢고 복귀),83382.4,83019.83794469756,1.5,1.0,
2025-02-28 02:00:00,역추세 반등 (BB 하단),82400.1,82241.16165181762,1.0,1.0,
2025-02-28 02:00:00,강력한 반전 (BB 찢고 복귀),82400.1,82241.16165181762,1.5,1.0,
2025-02-28 02:45:00,역추세 반등 (BB 하단),80749.3,80591.29546014898,1.0,1.0,
2025-02-28 02:45:00,강력한 반전 (BB 찢고 복귀),80749.3,80591.29546014898,1.5,1.0,
2025-02-28 08:15:00,강력한 반전 (BB 찢고 복귀),78830.8,78580.85321649113,1.5,1.0,
2025-02-28 08:45:00,역추세 반등 (BB 하단),78943.3,78409.22677234851,1.0,1.0,
2025-02-28 08:45:00,강력한 반전 (BB 찢고 복귀),78943.3,78409.22677234851,1.5,1.0,
2025-02-28 13:30:00,추세확정 (BB 상단 돌파),81455.9,,2.0,1.0,81370.46579366126
2025-02-28 14:30:00,추세확정 (BB 상단 돌파),82256.8,,2.0,1.0,82136.73706712751
2025-02-28 15:00:00,추세확정 (BB 상단 돌파),83219.6,,2.0,1.0,82785.04715694842
2025-03-01 01:45:00,추세확정 (BB 상단 돌파),84621.0,,2.0,1.0,84615.55472753975
2025-03-01 02:15:00,추세확정 (BB 상단 돌파),85040.0,,2.0,1.0,84841.32617384501
2025-03-01 04:00:00,추세확정 (BB 상단 돌파),85863.9,,2.0,1.0,85812.46107655719
2025-03-01 04:30:00,추세확정 (BB 상단 돌파),86524.9,,2.0,1.0,86323.23180114674
2025-03-01 11:30:00,역추세 반등 (BB 하단),84631.4,84425.93092551525,1.0,1.0,
2025-03-01 11:30:00,강력한 반전 (BB 찢고 복귀),84631.4,84425.93092551525,1.5,1.0,
2025-03-01 16:00:00,추세확정 (BB 상단 돌파),84899.3,,2.0,1.0,84853.2282822298
2025-03-01 16:45:00,추세확정 (BB 상단 돌파),85234.0,,2.0,1.0,85104.4906550583
2025-03-01 21:45:00,추세확정 (BB 상단 돌파),86033.4,,2.0,1.0,85805.77292001797
2025-03-02 04:30:00,강력한 반전 (BB 찢고 복귀),85751.2,85588.19907122813,1.5,1.0,
2025-03-02 06:15:00,추세확정 (BB 상단 돌파),86350.7,,2.0,1.0,86315.14833992122
2025-03-02 13:45:00,강력한 반전 (BB 찢고 복귀),85679.2,85594.14967045787,1.5,1.0,
2025-03-02 15:00:00,역추세 반등 (BB 하단),85165.9,85119.31646531976,1.0,1.0,
2025-03-02 15:00:00,강력한 반전 (BB 찢고 복귀),85165.9,85119.31646531976,1.5,1.0,
2025-03-02 15:30:00,추세확정 (BB 상단 돌파),88091.8,,2.0,1.0,87104.67600015731
2025-03-03 01:15:00,역추세 반등 (BB 하단),93061.1,93077.3315321431,1.0,1.0,
2025-03-03 01:45:00,강력한 반전 (BB 찢고 복귀),93066.5,92803.35862626215,1.5,1.0,
2025-03-03 02:30:00,역추세 반등 (BB 하단),93066.5,92374.95289531743,1.0,1.0,
2025-03-03 07:00:00,역추세 반등 (BB 하단),91851.4,91806.51033851819,1.0,1.0,
2025-03-03 07:00:00,강력한 반전 (BB 찢고 복귀),91851.4,91806.51033851819,1.5,1.0,
2025-03-03 07:15:00,강력한 반전 (BB 찢고 복귀),91952.2,91728.89520966809,1.5,1.0,
2025-03-03 09:00:00,강력한 반전 (BB 찢고 복귀),91629.5,91212.6580847021,1.5,1.0,
2025-03-03 12:00:00,추세확정 (BB 상단 돌파),93110.0,,2.0,1.0,93044.9208751364
2025-03-03 15:00:00,역추세 반등 (BB 하단),90427.7,90374.75174138209,1.0,1.0,
2025-03-03 15:00:00,강력한 반전 (BB 찢고 복귀),90427.7,90374.75174138209,1.5,1.0,
2025-03-03 15:15:00,강력한 반전 (BB 찢고 복귀),91081.6,90244.13802356824,1.5,1.0,
2025-03-03 20:00:00,역추세 반등 (BB 하단),85689.5,85178.76462785169,1.0,1.0,
2025-03-04 02:00:00,역추세 반등 (BB 하단),83724.9,83719.59808026296,1.0,1.0,
2025-03-04 02:00:00,강력한 반전 (BB 찢고 복귀),83724.9,83719.59808026296,1.5,1.0,
2025-03-04 02:30:00,역추세 반등 (BB 하단),83414.3,82966.62845448294,1.0,1.0,
2025-03-04 07:15:00,강력한 반전 (BB 찢고 복귀),83457.5,83303.34621489172,1.5,1.0,
2025-03-04 08:00:00,역추세 반등 (BB 하단),83234.3,83111.59876164523,1.0,1.0,
2025-03-04 08:00:00,강력한 반전 (BB 찢고 복귀),83234.3,83111.59876164523,1.5,1.0,
2025-03-04 13:30:00,역추세 반등 (BB 하단),83203.9,82933.73824399726,1.0,1.0,
2025-03-04 13:30:00,강력한 반전 (BB 찢고 복귀),83203.9,82933.73824399726,1.5,1.0,
2025-03-04 14:00:00,역추세 반등 (BB 하단),83069.8,82720.63408206745,1.0,1.0,
2025-03-04 14:00:00,강력한 반전 (BB 찢고 복귀),83069.8,82720.63408206745,1.5,1.0,
2025-03-04 14:30:00,강력한 반전 (BB 찢고 복귀),84041.3,82599.84328909079,1.5,1.0,
2025-03-04 15:30:00,강력한 반전 (BB 찢고 복귀),82793.4,82214.72849481492,1.5,1.0,
2025-03-04 16:30:00,강력한 반전 (BB 찢고 복귀),82870.0,82055.16794811783,1.5,1.0,
2025-03-04 17:15:00,추세확정 (BB 상단 돌파),84692.2,,2.0,1.0,84393.2531713175
2025-03-04 18:45:00,추세확정 (BB 상단 돌파),86729.2,,2.0,1.0,86678.94009760112
2025-03-05 00:45:00,강력한 반전 (BB 찢고 복귀),86785.7,86425.05523920222,1.5,1.0,
2025-03-05 09:00:00,추세확정 (BB 상단 돌파),88220.0,,2.0,1.0,88104.93489362183
2025-03-05 10:15:00,추세확정 (BB 상단 돌파),89578.7,,2.0,1.0,89102.07381218762
2025-03-05 15:00:00,역추세 반등 (BB 하단),88641.3,88663.65539164966,1.0,1.0,
2025-03-05 15:30:00,역추세 반등 (BB 하단),88570.2,88215.62500513568,1.0,1.0,
2025-03-05 15:30:00,강력한 반전 (BB 찢고 복귀),88570.2,88215.62500513568,1.5,1.0,
2025-03-05 16:15:00,강력한 반전 (BB 찢고 복귀),87902.5,87576.75621904057,1.5,1.0,
2025-03-05 23:30:00,추세확정 (BB 상단 돌파),90810.4,,2.0,1.0,90741.17709253401
2025-03-06 01:45:00,추세확정 (BB 상단 돌파),91004.1,,2.0,1.0,90869.14388255948
2025-03-06 02:45:00,추세확정 (BB 상단 돌파),91782.0,,2.0,1.0,91643.43236374078
2025-03-06 13:00:00,역추세 반등 (BB 하단),90246.9,90137.91504211108,1.0,1.0,
2025-03-06 13:00:00,강력한 반전 (BB 찢고 복귀),90246.9,90137.91504211108,1.5,1.0,
2025-03-06 14:00:00,역추세 반등 (BB 하단),89557.1,89450.37998462729,1.0,1.0,
2025-03-06 14:00:00,강력한 반전 (BB 찢고 복귀),89557.1,89450.37998462729,1.5,1.0,
2025-03-06 17:15:00,역추세 반등 (BB 하단),88698.9,88626.15026811372,1.0,1.0,
2025-03-06 17:15:00,강력한 반전 (BB 찢고 복귀),88698.9,88626.15026811372,1.5,1.0,
2025-03-06 17:45:00,강력한 반전 (BB 찢고 복귀),88592.0,88199.22196318627,1.5,1.0,
2025-03-06 21:45:00,추세확정 (BB 상단 돌파),89890.2,,2.0,1.0,89715.93015079327
2025-03-07 01:00:00,역추세 반등 (BB 하단),86469.1,85916.74476031921,1.0,1.0,
2025-03-07 01:00:00,강력한 반전 (BB 찢고 복귀),86469.1,85916.74476031921,1.5,1.0,
2025-03-07 09:15:00,추세확정 (BB 상단 돌파),89240.0,,2.0,1.0,88916.72341184308
2025-03-07 13:30:00,추세확정 (BB 상단 돌파),90100.1,,2.0,1.0,89797.23305502938
2025-03-07 14:30:00,추세확정 (BB 상단 돌파),89927.9,,2.0,1.0,89897.52638583397
2025-03-07 16:00:00,강력한 반전 (BB 찢고 복귀),88656.6,88126.9192285032,1.5,1.0,
2025-03-07 17:15:00,강력한 반전 (BB 찢고 복귀),87334.7,86659.60228117196,1.5,1.0,
2025-03-07 20:30:00,강력한 반전 (BB 찢고 복귀),87640.0,86887.02903876123,1.5,1.0,
2025-03-07 21:15:00,역추세 반등 (BB 하단),87143.6,86503.81576426979,1.0,1.0,
2025-03-07 21:15:00,강력한 반전 (BB 찢고 복귀),87143.6,86503.81576426979,1.5,1.0,
2025-03-07 21:45:00,역추세 반등 (BB 하단),86273.2,86129.71711176491,1.0,1.0,
2025-03-07 21:45:00,강력한 반전 (BB 찢고 복귀),86273.2,86129.71711176491,1.5,1.0,
2025-03-07 22:15:00,역추세 반등 (BB 하단),86039.5,85715.19690174196,1.0,1.0,
2025-03-07 22:15:00,강력한 반전 (BB 찢고 복귀),86039.5,85715.19690174196,1.5,1.0,
2025-03-08 01:45:00,역추세 반등 (BB 하단),86068.7,85626.29204309123,1.0,1.0,
2025-03-08 01:45:00,강력한 반전 (BB 찢고 복귀),86068.7,85626.29204309123,1.5,1.0,
2025-03-08 03:15:00,강력한 반전 (BB 찢고 복귀),85715.9,85489.34794191801,1.5,1.0,
2025-03-08 11:15:00,강력한 반전 (BB 찢고 복귀),85909.0,85782.94132196726,1.5,1.0,
2025-03-08 16:30:00,강력한 반전 (BB 찢고 복귀),86060.6,85884.16943727147,1.5,1.0,
2025-03-08 17:15:00,역추세 반등 (BB 하단),85880.0,85813.90963728342,1.0,1.0,
2025-03-08 17:15:00,강력한 반전 (BB 찢고 복귀),85880.0,85813.90963728342,1.5,1.0,
2025-03-09 03:00:00,강력한 반전 (BB 찢고 복귀),85997.1,85931.44935129526,1.5,1.0,
2025-03-09 04:15:00,강력한 반전 (BB 찢고 복귀),86039.4,85895.3646062387,1.5,1.0,
2025-03-09 06:15:00,역추세 반등 (BB 하단),85899.2,85849.11029074604,1.0,1.0,
2025-03-09 06:15:00,강력한 반전 (BB 찢고 복귀),85899.2,85849.11029074604,1.5,1.0,
2025-03-09 06:30:00,강력한 반전 (BB 찢고 복귀),85960.1,85851.93832332974,1.5,1.0,
2025-03-09 07:00:00,강력한 반전 (BB 찢고 복귀),85929.6,85828.50414841682,1.5,1.0,
2025-03-09 09:00:00,역추세 반등 (BB 하단),85755.1,85733.8106099399,1.0,1.0,
2025-03-09 09:00:00,강력한 반전 (BB 찢고 복귀),85755.1,85733.8106099399,1.5,1.0,
2025-03-09 09:15:00,강력한 반전 (BB 찢고 복귀),85764.4,85713.03739980396,1.5,1.0,
2025-03-09 12:15:00,역추세 반등 (BB 하단),84560.1,84300.1602740989,1.0,1.0,
2025-03-09 14:15:00,역추세 반등 (BB 하단),83300.1,83186.63788470713,1.0,1.0,
2025-03-09 14:15:00,강력한 반전 (BB 찢고 복귀),83300.1,83186.63788470713,1.5,1.0,
2025-03-09 16:00:00,강력한 반전 (BB 찢고 복귀),83479.7,82651.81644213811,1.5,1.0,
2025-03-09 21:30:00,역추세 반등 (BB 하단),82098.0,81914.12742867574,1.0,1.0,
2025-03-09 21:30:00,강력한 반전 (BB 찢고 복귀),82098.0,81914.12742867574,1.5,1.0,
2025-03-09 23:00:00,역추세 반등 (BB 하단),80518.0,80460.21858319886,1.0,1.0,
2025-03-09 23:00:00,강력한 반전 (BB 찢고 복귀),80518.0,80460.21858319886,1.5,1.0,
2025-03-10 02:30:00,추세확정 (BB 상단 돌파),82369.9,,2.0,1.0,82359.91554214642
2025-03-10 09:00:00,역추세 반등 (BB 하단),81898.1,81510.29245780315,1.0,1.0,
2025-03-10 09:00:00,강력한 반전 (BB 찢고 복귀),81898.1,81510.29245780315,1.5,1.0,
2025-03-10 09:15:00,추세확정 (BB 상단 돌파),83188.4,,2.0,1.0,82958.23420176712
2025-03-10 11:45:00,추세확정 (BB 상단 돌파),83541.9,,2.0,1.0,83270.69843035394
2025-03-10 14:45:00,역추세 반등 (BB 하단),79795.9,79561.46118309045,1.0,1.0,
2025-03-10 14:45:00,강력한 반전 (BB 찢고 복귀),79795.9,79561.46118309045,1.5,1.0,
2025-03-10 19:00:00,역추세 반등 (BB 하단),77965.0,77576.62719809967,1.0,1.0,
2025-03-10 19:00:00,강력한 반전 (BB 찢고 복귀),77965.0,77576.62719809967,1.5,1.0,
2025-03-11 00:45:00,역추세 반등 (BB 하단),77612.9,77311.22663885064,1.0,1.0,
2025-03-11 00:45:00,강력한 반전 (BB 찢고 복귀),77612.9,77311.22663885064,1.5,1.0,
2025-03-11 08:45:00,추세확정 (BB 상단 돌파),81069.8,,2.0,1.0,81057.11689279586
2025-03-11 13:15:00,역추세 반등 (BB 하단),81412.3,80848.39586598617,1.0,1.0,
2025-03-11 13:15:00,강력한 반전 (BB 찢고 복귀),81412.3,80848.39586598617,1.5,1.0,
2025-03-11 14:45:00,역추세 반등 (BB 하단),79743.8,79692.44907183836,1.0,1.0,
2025-03-11 14:45:00,강력한 반전 (BB 찢고 복귀),79743.8,79692.44907183836,1.5,1.0,
2025-03-11 15:00:00,강력한 반전 (BB 찢고 복귀),81176.0,79685.27826069682,1.5,1.0,
2025-03-11 18:00:00,추세확정 (BB 상단 돌파),82400.1,,2.0,1.0,82341.0413590728
2025-03-11 18:30:00,추세확정 (BB 상단 돌파),82861.4,,2.0,1.0,82847.23211329842
2025-03-11 23:30:00,강력한 반전 (BB 찢고 복귀),82745.9,82594.66192312146,1.5,1.0,
2025-03-12 03:00:00,강력한 반전 (BB 찢고 복귀),82443.0,82314.51977143296,1.5,1.0,
2025-03-12 04:45:00,역추세 반등 (BB 하단),81775.8,81545.94172728717,1.0,1.0,
2025-03-12 08:00:00,추세확정 (BB 상단 돌파),82715.6,,2.0,1.0,82564.32829255536
2025-03-12 12:15:00,추세확정 (BB 상단 돌파),83340.0,,2.0,1.0,83206.30184674478
2025-03-12 15:15:00,역추세 반등 (BB 하단),81177.7,80939.40440634283,1.0,1.0,
2025-03-12 15:15:00,강력한 반전 (BB 찢고 복귀),81177.7,80939.40440634283,1.5,1.0,
2025-03-13 02:00:00,추세확정 (BB 상단 돌파),84137.5,,2.0,1.0,84081.60213871178
2025-03-13 06:15:00,강력한 반전 (BB 찢고 복귀),82985.3,82816.29134918122,1.5,1.0,
2025-03-13 08:30:00,역추세 반등 (BB 하단),82632.5,82650.52838982364,1.0,1.0,
2025-03-13 08:45:00,역추세 반등 (BB 하단),82926.4,82640.66959043752,1.0,1.0,
2025-03-13 08:45:00,강력한 반전 (BB 찢고 복귀),82926.4,82640.66959043752,1.5,1.0,
2025-03-13 13:00:00,역추세 반등 (BB 하단),82556.1,82436.4086362137,1.0,1.0,
2025-03-13 13:00:00,강력한 반전 (BB 찢고 복귀),82556.1,82436.4086362137,1.5,1.0,
2025-03-13 14:00:00,역추세 반등 (BB 하단),82009.2,81976.81827680755,1.0,1.0,
2025-03-13 14:00:00,강력한 반전 (BB 찢고 복귀),82009.2,81976.81827680755,1.5,1.0,
2025-03-13 22:45:00,추세확정 (BB 상단 돌파),81330.1,,2.0,1.0,81237.55549871922
2025-03-14 02:45:00,추세확정 (BB 상단 돌파),82177.2,,2.0,1.0,82060.14285138165
2025-03-14 07:30:00,추세확정 (BB 상단 돌파),82344.0,,2.0,1.0,82256.00459163041
2025-03-14 08:15:00,추세확정 (BB 상단 돌파),82423.9,,2.0,1.0,82370.26975628108
2025-03-14 09:15:00,추세확정 (BB 상단 돌파),82845.9,,2.0,1.0,82747.87144542256
2025-03-14 15:00:00,추세확정 (BB 상단 돌파),84236.2,,2.0,1.0,83870.07818986857
2025-03-14 20:30:00,강력한 반전 (BB 찢고 복귀),84218.2,84045.83658045207,1.5,1.0,
2025-03-15 07:30:00,역추세 반등 (BB 하단),83978.3,83942.03423651098,1.0,1.0,
2025-03-15 07:30:00,강력한 반전 (BB 찢고 복귀),83978.3,83942.03423651098,1.5,1.0,
2025-03-15 08:15:00,역추세 반등 (BB 하단),83800.6,83733.86605043813,1.0,1.0,
2025-03-15 08:15:00,강력한 반전 (BB 찢고 복귀),83800.6,83733.86605043813,1.5,1.0,
2025-03-15 12:00:00,추세확정 (BB 상단 돌파),84115.0,,2.0,1.0,84114.21455703642
2025-03-15 13:30:00,추세확정 (BB 상단 돌파),84408.0,,2.0,1.0,84386.62022885456
2025-03-16 00:30:00,강력한 반전 (BB 찢고 복귀),84263.2,84225.79360131043,1.5,1.0,
2025-03-16 01:15:00,역추세 반등 (BB 하단),84149.9,84155.1648004686,1.0,1.0,
2025-03-16 02:15:00,역추세 반등 (BB 하단),83920.0,83840.21182651575,1.0,1.0,
2025-03-16 02:15:00,강력한 반전 (BB 찢고 복귀),83920.0,83840.21182651575,1.5,1.0,
2025-03-16 09:45:00,역추세 반등 (BB 하단),83859.6,83856.16544029207,1.0,1.0,
2025-03-16 09:45:00,강력한 반전 (BB 찢고 복귀),83859.6,83856.16544029207,1.5,1.0,
2025-03-16 10:00:00,강력한 반전 (BB 찢고 복귀),83998.7,83836.67556138782,1.5,1.0,
2025-03-16 10:30:00,역추세 반등 (BB 하단),83769.9,83711.62312782461,1.0,1.0,
2025-03-16 10:30:00,강력한 반전 (BB 찢고 복귀),83769.9,83711.62312782461,1.5,1.0,
2025-03-16 12:00:00,역추세 반등 (BB 하단),82574.6,82403.14944282745,1.0,1.0,
2025-03-16 12:00:00,강력한 반전 (BB 찢고 복귀),82574.6,82403.14944282745,1.5,1.0,
2025-03-16 16:00:00,추세확정 (BB 상단 돌파),84121.3,,2.0,1.0,83699.6125473824
2025-03-16 23:00:00,강력한 반전 (BB 찢고 복귀),82174.6,81952.6346400451,1.5,1.0,
2025-03-17 06:30:00,강력한 반전 (BB 찢고 복귀),83053.1,82855.57335034663,1.5,1.0,
2025-03-17 12:30:00,역추세 반등 (BB 하단),83294.0,83179.11736714012,1.0,1.0,
2025-03-17 12:30:00,강력한 반전 (BB 찢고 복귀),83294.0,83179.11736714012,1.5,1.0,
2025-03-17 13:00:00,역추세 반등 (BB 하단),83110.1,83053.1593077421,1.0,1.0,
2025-03-17 13:00:00,강력한 반전 (BB 찢고 복귀),83110.1,83053.1593077421,1.5,1.0,
2025-03-17 13:30:00,역추세 반등 (BB 하단),83375.3,82960.70262968176,1.0,1.0,
2025-03-17 13:30:00,강력한 반전 (BB 찢고 복귀),83375.3,82960.70262968176,1.5,1.0,
2025-03-17 14:30:00,역추세 반등 (BB 하단),83152.4,82733.80837937449,1.0,1.0,
2025-03-17 14:30:00,강력한 반전 (BB 찢고 복귀),83152.4,82733.80837937449,1.5,1.0,
2025-03-17 15:00:00,강력한 반전 (BB 찢고 복귀),83189.6,82704.25102782373,1.5,1.0,
2025-03-17 17:30:00,추세확정 (BB 상단 돌파),84220.0,,2.0,1.0,84079.62130086572
2025-03-17 23:30:00,강력한 반전 (BB 찢고 복귀),84057.8,83689.11540659919,1.5,1.0,
2025-03-18 00:45:00,강력한 반전 (BB 찢고 복귀),83748.0,83667.15053880133,1.5,1.0,
2025-03-18 01:45:00,역추세 반등 (BB 하단),83119.7,83144.47705494135,1.0,1.0,
2025-03-18 02:00:00,역추세 반등 (BB 하단),83316.6,83085.20483430737,1.0,1.0,
2025-03-18 02:00:00,강력한 반전 (BB 찢고 복귀),83316.6,83085.20483430737,1.5,1.0,
2025-03-18 06:45:00,역추세 반등 (BB 하단),82403.1,82409.75305474055,1.0,1.0,
2025-03-18 07:00:00,역추세 반등 (BB 하단),82911.8,82406.24978643745,1.0,1.0,
2025-03-18 07:00:00,강력한 반전 (BB 찢고 복귀),82911.8,82406.24978643745,1.5,1.0,
2025-03-18 14:15:00,역추세 반등 (BB 하단),81579.6,81275.04232390404,1.0,1.0,
2025-03-18 14:15:00,강력한 반전 (BB 찢고 복귀),81579.6,81275.04232390404,1.5,1.0,
2025-03-18 18:30:00,강력한 반전 (BB 찢고 복귀),81558.8,81195.57864794145,1.5,1.0,
2025-03-18 19:45:00,추세확정 (BB 상단 돌파),82263.2,,2.0,1.0,82205.6584290296
2025-03-18 23:15:00,추세확정 (BB 상단 돌파),82729.9,,2.0,1.0,82610.1569699012
2025-03-19 00:15:00,추세확정 (BB 상단 돌파),82887.0,,2.0,1.0,82885.86598977762
2025-03-19 05:45:00,추세확정 (BB 상단 돌파),83205.0,,2.0,1.0,83163.6654929612
2025-03-19 11:15:00,추세확정 (BB 상단 돌파),83729.2,,2.0,1.0,83725.3998712534
2025-03-19 14:45:00,추세확정 (BB 상단 돌파),84273.8,,2.0,1.0,84273.66736752006
2025-03-19 15:30:00,추세확정 (BB 상단 돌파),84669.4,,2.0,1.0,84509.30716912428
2025-03-19 18:00:00,강력한 반전 (BB 찢고 복귀),84449.4,83761.74289004524,1.5,1.0,
2025-03-19 18:45:00,추세확정 (BB 상단 돌파),85571.7,,2.0,1.0,85121.50349344264
2025-03-19 23:15:00,추세확정 (BB 상단 돌파),86751.5,,2.0,1.0,86588.51175991494
2025-03-20 00:00:00,추세확정 (BB 상단 돌파),87206.0,,2.0,1.0,87110.43544134666
2025-03-20 08:45:00,추세확정 (BB 상단 돌파),86200.1,,2.0,1.0,86119.57606705977
2025-03-20 10:30:00,역추세 반등 (BB 하단),85250.2,85299.0464601086,1.0,1.0,
2025-03-20 11:00:00,역추세 반등 (BB 하단),85216.8,85104.09314902933,1.0,1.0,
2025-03-20 14:15:00,추세확정 (BB 상단 돌파),86299.9,,2.0,1.0,86100.86761827009
2025-03-21 01:45:00,추세확정 (BB 상단 돌파),84735.6,,2.0,1.0,84684.58345502021
2025-03-21 07:45:00,역추세 반등 (BB 하단),83897.9,83829.21099578466,1.0,1.0,
2025-03-21 07:45:00,강력한 반전 (BB 찢고 복귀),83897.9,83829.21099578466,1.5,1.0,
2025-03-21 08:00:00,강력한 반전 (BB 찢고 복귀),84073.7,83803.02386446412,1.5,1.0,
2025-03-21 13:00:00,역추세 반등 (BB 하단),83579.8,83554.2391542804,1.0,1.0,
2025-03-21 13:00:00,강력한 반전 (BB 찢고 복귀),83579.8,83554.2391542804,1.5,1.0,
2025-03-21 13:15:00,강력한 반전 (BB 찢고 복귀),83661.7,83530.55708157533,1.5,1.0,
2025-03-21 13:30:00,강력한 반전 (BB 찢고 복귀),83751.9,83520.41081192273,1.5,1.0,
2025-03-21 16:00:00,강력한 반전 (BB 찢고 복귀),83770.0,83380.5783626485,1.5,1.0,
2025-03-21 21:00:00,추세확정 (BB 상단 돌파),84299.9,,2.0,1.0,84291.19967227115
2025-03-22 08:30:00,강력한 반전 (BB 찢고 복귀),84205.9,84170.05359582051,1.5,1.0,
2025-03-22 09:30:00,추세확정 (BB 상단 돌파),84434.1,,2.0,1.0,84399.54010226496
2025-03-22 13:30:00,역추세 반등 (BB 하단),84104.4,84061.68729657539,1.0,1.0,
2025-03-22 13:30:00,강력한 반전 (BB 찢고 복귀),84104.4,84061.68729657539,1.5,1.0,
2025-03-22 15:00:00,역추세 반등 (BB 하단),84018.3,83950.30782544472,1.0,1.0,
2025-03-22 15:00:00,강력한 반전 (BB 찢고 복귀),84018.3,83950.30782544472,1.5,1.0,
2025-03-22 18:30:00,추세확정 (BB 상단 돌파),84268.3,,2.0,1.0,84254.95933832476
2025-03-22 21:00:00,역추세 반등 (BB 하단),84030.9,83981.90821519835,1.0,1.0,
2025-03-22 21:00:00,강력한 반전 (BB 찢고 복귀),84030.9,83981.90821519835,1.5,1.0,
2025-03-22 21:45:00,역추세 반등 (BB 하단),83974.3,83921.28798760644,1.0,1.0,
2025-03-22 23:45:00,역추세 반등 (BB 하단),83805.9,83727.17937150455,1.0,1.0,
2025-03-22 23:45:00,강력한 반전 (BB 찢고 복귀),83805.9,83727.17937150455,1.5,1.0,
2025-03-23 02:30:00,추세확정 (BB 상단 돌파),84176.5,,2.0,1.0,84167.30928789757
2025-03-23 10:30:00,추세확정 (BB 상단 돌파),84469.0,,2.0,1.0,84394.92503028488
2025-03-23 11:00:00,추세확정 (BB 상단 돌파),84634.8,,2.0,1.0,84506.42470183948
2025-03-23 16:00:00,추세확정 (BB 상단 돌파),85258.7,,2.0,1.0,85248.38279893676
2025-03-23 22:00:00,추세확정 (BB 상단 돌파),85348.5,,2.0,1.0,85287.49750183168
2025-03-23 23:15:00,추세확정 (BB 상단 돌파),85699.2,,2.0,1.0,85592.38712529108
2025-03-23 23:45:00,추세확정 (BB 상단 돌파),86037.8,,2.0,1.0,85840.90910482104
2025-03-24 00:15:00,추세확정 (BB 상단 돌파),86364.7,,2.0,1.0,86160.78686982644
2025-03-24 04:00:00,추세확정 (BB 상단 돌파),86686.3,,2.0,1.0,86645.65426888803
2025-03-24 08:15:00,추세확정 (BB 상단 돌파),87359.5,,2.0,1.0,87342.3785333291
2025-03-24 10:30:00,추세확정 (BB 상단 돌파),87629.8,,2.0,1.0,87590.28467384657
2025-03-24 14:00:00,추세확정 (BB 상단 돌파),88306.0,,2.0,1.0,88014.57461940321
2025-03-25 01:30:00,강력한 반전 (BB 찢고 복귀),87082.4,86866.17120373278,1.5,1.0,
2025-03-25 03:45:00,역추세 반등 (BB 하단),86468.5,86432.9108080414,1.0,1.0,
2025-03-25 03:45:00,강력한 반전 (BB 찢고 복귀),86468.5,86432.9108080414,1.5,1.0,
2025-03-25 04:00:00,강력한 반전 (BB 찢고 복귀),86565.5,86365.01019946657,1.5,1.0,
2025-03-25 09:15:00,추세확정 (BB 상단 돌파),86829.0,,2.0,1.0,86805.73847933099
2025-03-25 13:15:00,추세확정 (BB 상단 돌파),87655.8,,2.0,1.0,87640.5214725665
2025-03-25 14:30:00,추세확정 (BB 상단 돌파),88092.2,,2.0,1.0,87875.58094245553
2025-03-25 18:45:00,강력한 반전 (BB 찢고 복귀),87752.7,87536.46897385022,1.5,1.0,
2025-03-25 20:00:00,추세확정 (BB 상단 돌파),88335.0,,2.0,1.0,88227.80970376913
2025-03-25 22:30:00,역추세 반등 (BB 하단),87526.9,87390.10823151712,1.0,1.0,
2025-03-25 22:30:00,강력한 반전 (BB 찢고 복귀),87526.9,87390.10823151712,1.5,1.0,
2025-03-25 23:15:00,역추세 반등 (BB 하단),87345.0,87168.56040361292,1.0,1.0,
2025-03-26 06:45:00,추세확정 (BB 상단 돌파),87863.0,,2.0,1.0,87789.29447353707
2025-03-26 07:15:00,추세확정 (BB 상단 돌파),87980.7,,2.0,1.0,87941.32525314776
2025-03-26 12:00:00,강력한 반전 (BB 찢고 복귀),87922.5,87809.07348280976,1.5,1.0,
2025-03-26 12:45:00,역추세 반등 (BB 하단),87774.1,87685.09234165195,1.0,1.0,
2025-03-26 12:45:00,강력한 반전 (BB 찢고 복귀),87774.1,87685.09234165195,1.5,1.0,
2025-03-26 13:30:00,역추세 반등 (BB 하단),87754.0,87517.19898948623,1.0,1.0,
2025-03-26 13:30:00,강력한 반전 (BB 찢고 복귀),87754.0,87517.19898948623,1.5,1.0,
2025-03-26 14:00:00,역추세 반등 (BB 하단),86924.5,87049.23860238274,1.0,1.0,
2025-03-26 14:45:00,역추세 반등 (BB 하단),86705.1,86474.09026909115,1.0,1.0,
2025-03-26 14:45:00,강력한 반전 (BB 찢고 복귀),86705.1,86474.09026909115,1.5,1.0,
2025-03-26 19:15:00,역추세 반등 (BB 하단),86080.5,86037.68427074455,1.0,1.0,
2025-03-26 19:15:00,강력한 반전 (BB 찢고 복귀),86080.5,86037.68427074455,1.5,1.0,
2025-03-26 20:15:00,추세확정 (BB 상단 돌파),87155.8,,2.0,1.0,87140.67336333933
2025-03-27 11:45:00,역추세 반등 (BB 하단),86900.1,86899.10881394277,1.0,1.0,
2025-03-27 11:45:00,강력한 반전 (BB 찢고 복귀),86900.1,86899.10881394277,1.5,1.0,
2025-03-27 12:00:00,강력한 반전 (BB 찢고 복귀),86948.7,86853.61131212435,1.5,1.0,
2025-03-27 13:45:00,역추세 반등 (BB 하단),86339.9,86100.16154852057,1.0,1.0,
2025-03-27 13:45:00,강력한 반전 (BB 찢고 복귀),86339.9,86100.16154852057,1.5,1.0,
2025-03-27 21:30:00,추세확정 (BB 상단 돌파),87594.4,,2.0,1.0,87554.44049735312
2025-03-28 03:30:00,역추세 반등 (BB 하단),86795.5,86733.90435618494,1.0,1.0,
2025-03-28 04:45:00,역추세 반등 (BB 하단),86243.6,86282.5923309163,1.0,1.0,
2025-03-28 14:30:00,역추세 반등 (BB 하단),84375.2,84391.87889271551,1.0,1.0,
2025-03-28 15:00:00,역추세 반등 (BB 하단),84279.2,84139.0712719594,1.0,1.0,
2025-03-28 15:00:00,강력한 반전 (BB 찢고 복귀),84279.2,84139.0712719594,1.5,1.0,
2025-03-28 22:00:00,추세확정 (BB 상단 돌파),84194.2,,2.0,1.0,84156.19727777467
2025-03-28 22:30:00,추세확정 (BB 상단 돌파),84267.5,,2.0,1.0,84262.68513841381
2025-03-29 03:15:00,역추세 반등 (BB 하단),84011.8,83825.46477792544,1.0,1.0,
2025-03-29 03:15:00,강력한 반전 (BB 찢고 복귀),84011.8,83825.46477792544,1.5,1.0,
2025-03-29 09:45:00,역추세 반등 (BB 하단),83505.6,83497.2800718501,1.0,1.0,
2025-03-29 09:45:00,강력한 반전 (BB 찢고 복귀),83505.6,83497.2800718501,1.5,1.0,
2025-03-29 11:00:00,역추세 반등 (BB 하단),83055.1,83055.171644405,1.0,1.0,
2025-03-29 11:45:00,역추세 반등 (BB 하단),82245.0,82252.47717680612,1.0,1.0,
2025-03-29 12:00:00,역추세 반등 (BB 하단),82291.1,82095.36232930495,1.0,1.0,
2025-03-29 12:00:00,강력한 반전 (BB 찢고 복귀),82291.1,82095.36232930495,1.5,1.0,
2025-03-29 17:15:00,역추세 반등 (BB 하단),82141.0,81992.03360589767,1.0,1.0,
2025-03-29 17:15:00,강력한 반전 (BB 찢고 복귀),82141.0,81992.03360589767,1.5,1.0,
2025-03-29 22:45:00,강력한 반전 (BB 찢고 복귀),82360.2,82222.02804309211,1.5,1.0,
2025-03-30 00:45:00,추세확정 (BB 상단 돌파),82765.4,,2.0,1.0,82732.29600406716
2025-03-30 02:00:00,추세확정 (BB 상단 돌파),83103.2,,2.0,1.0,83078.50587717087
2025-03-30 02:30:00,추세확정 (BB 상단 돌파),83241.8,,2.0,1.0,83238.9815676546
2025-03-30 06:30:00,강력한 반전 (BB 찢고 복귀),83117.0,82826.1728858877,1.5,1.0,
2025-03-30 13:30:00,강력한 반전 (BB 찢고 복귀),82924.9,82786.21693713269,1.5,1.0,
2025-03-30 17:00:00,역추세 반등 (BB 하단),82324.5,82285.94033379601,1.0,1.0,
2025-03-30 17:00:00,강력한 반전 (BB 찢고 복귀),82324.5,82285.94033379601,1.5,1.0,
2025-03-30 17:15:00,강력한 반전 (BB 찢고 복귀),82380.0,82265.66529377652,1.5,1.0,
2025-03-30 22:15:00,역추세 반등 (BB 하단),82173.5,82035.0403192418,1.0,1.0,
2025-03-30 22:15:00,강력한 반전 (BB 찢고 복귀),82173.5,82035.0403192418,1.5,1.0,
2025-03-30 23:30:00,역추세 반등 (BB 하단),82269.9,81919.04396923108,1.0,1.0,
2025-03-30 23:30:00,강력한 반전 (BB 찢고 복귀),82269.9,81919.04396923108,1.5,1.0,
2025-03-31 00:45:00,역추세 반등 (BB 하단),81598.6,81528.56413293547,1.0,1.0,
2025-03-31 00:45:00,강력한 반전 (BB 찢고 복귀),81598.6,81528.56413293547,1.5,1.0,
2025-03-31 01:00:00,강력한 반전 (BB 찢고 복귀),81858.6,81493.73829561878,1.5,1.0,
2025-03-31 10:00:00,역추세 반등 (BB 하단),81428.0,81345.15329051552,1.0,1.0,
2025-03-31 10:00:00,강력한 반전 (BB 찢고 복귀),81428.0,81345.15329051552,1.5,1.0,
2025-03-31 12:45:00,추세확정 (BB 상단 돌파),82735.0,,2.0,1.0,82634.5170889846
2025-03-31 14:00:00,추세확정 (BB 상단 돌파),83281.1,,2.0,1.0,83060.91148497332
2025-03-31 14:45:00,추세확정 (BB 상단 돌파),83451.0,,2.0,1.0,83409.44035614554
2025-03-31 20:00:00,역추세 반등 (BB 하단),82535.5,82437.35398038698,1.0,1.0,
2025-03-31 20:00:00,강력한 반전 (BB 찢고 복귀),82535.5,82437.35398038698,1.5,1.0,
2025-04-01 02:00:00,추세확정 (BB 상단 돌파),82807.1,,2.0,1.0,82788.66402181907
2025-04-01 06:30:00,추세확정 (BB 상단 돌파),83330.0,,2.0,1.0,83327.18029834471
2025-04-01 08:00:00,추세확정 (BB 상단 돌파),83658.2,,2.0,1.0,83643.32624409722
2025-04-01 13:00:00,역추세 반등 (BB 하단),83737.0,83623.61339814356,1.0,1.0,
2025-04-01 13:00:00,강력한 반전 (BB 찢고 복귀),83737.0,83623.61339814356,1.5,1.0,
2025-04-01 13:30:00,강력한 반전 (BB 찢고 복귀),83688.0,83539.6329130712,1.5,1.0,
2025-04-01 14:15:00,역추세 반등 (BB 하단),82937.9,83007.17107207899,1.0,1.0,
2025-04-01 14:30:00,역추세 반등 (BB 하단),83467.7,82973.25951448338,1.0,1.0,
2025-04-01 14:30:00,강력한 반전 (BB 찢고 복귀),83467.7,82973.25951448338,1.5,1.0,
2025-04-01 15:00:00,추세확정 (BB 상단 돌파),84869.8,,2.0,1.0,84785.4050169829
2025-04-01 15:30:00,추세확정 (BB 상단 돌파),85289.3,,2.0,1.0,85084.43217227471
2025-04-01 21:00:00,추세확정 (BB 상단 돌파),85254.4,,2.0,1.0,85243.67958096183
2025-04-01 21:30:00,추세확정 (BB 상단 돌파),85320.6,,2.0,1.0,85307.82496846872
2025-04-02 01:15:00,강력한 반전 (BB 찢고 복귀),84884.9,84837.33426666439,1.5,1.0,
2025-04-02 02:15:00,역추세 반등 (BB 하단),84759.8,84723.33990891869,1.0,1.0,
2025-04-02 02:15:00,강력한 반전 (BB 찢고 복귀),84759.8,84723.33990891869,1.5,1.0,
2025-04-02 02:45:00,역추세 반등 (BB 하단),84679.0,84605.76016538375,1.0,1.0,
2025-04-02 09:00:00,추세확정 (BB 상단 돌파),85273.3,,2.0,1.0,84951.91157181
2025-04-02 13:30:00,추세확정 (BB 상단 돌파),85419.9,,2.0,1.0,85365.2852178851
2025-04-02 14:15:00,추세확정 (BB 상단 돌파),85692.2,,2.0,1.0,85559.77163167101
2025-04-02 14:45:00,추세확정 (BB 상단 돌파),85833.1,,2.0,1.0,85786.9931516876
2025-04-02 20:00:00,추세확정 (BB 상단 돌파),87711.3,,2.0,1.0,87477.90007986069
2025-04-02 20:45:00,역추세 반등 (BB 하단),85622.4,85422.13927731798,1.0,1.0,
2025-04-02 20:45:00,강력한 반전 (BB 찢고 복귀),85622.4,85422.13927731798,1.5,1.0,
2025-04-02 21:15:00,역추세 반등 (BB 하단),84572.2,84678.54531195368,1.0,1.0,
2025-04-02 21:30:00,역추세 반등 (BB 하단),84580.0,84423.21588284285,1.0,1.0,
2025-04-02 21:30:00,강력한 반전 (BB 찢고 복귀),84580.0,84423.21588284285,1.5,1.0,
2025-04-02 22:45:00,역추세 반등 (BB 하단),82777.1,82520.26836881168,1.0,1.0,
2025-04-03 07:00:00,역추세 반등 (BB 하단),83058.0,83033.74301379395,1.0,1.0,
2025-04-03 07:00:00,강력한 반전 (BB 찢고 복귀),83058.0,83033.74301379395,1.5,1.0,
2025-04-03 07:15:00,강력한 반전 (BB 찢고 복귀),83359.9,83032.47199512043,1.5,1.0,
2025-04-03 13:15:00,역추세 반등 (BB 하단),81948.7,81803.07632443833,1.0,1.0,
2025-04-03 13:15:00,강력한 반전 (BB 찢고 복귀),81948.7,81803.07632443833,1.5,1.0,
2025-04-03 15:00:00,강력한 반전 (BB 찢고 복귀),81580.1,81163.0566474018,1.5,1.0,
2025-04-03 21:00:00,추세확정 (BB 상단 돌파),82483.4,,2.0,1.0,82450.584320027
2025-04-04 07:00:00,추세확정 (BB 상단 돌파),83501.3,,2.0,1.0,83379.98202027704
2025-04-04 11:30:00,역추세 반등 (BB 하단),81876.9,81654.18689993967,1.0,1.0,
2025-04-04 11:30:00,강력한 반전 (BB 찢고 복귀),81876.9,81654.18689993967,1.5,1.0,
2025-04-04 15:00:00,추세확정 (BB 상단 돌파),83475.3,,2.0,1.0,83455.53806433278
2025-04-04 17:30:00,추세확정 (BB 상단 돌파),84145.9,,2.0,1.0,83908.31755440289
2025-04-04 23:30:00,역추세 반등 (BB 하단),83777.0,83665.31571376369,1.0,1.0,
2025-04-04 23:30:00,강력한 반전 (BB 찢고 복귀),83777.0,83665.31571376369,1.5,1.0,
2025-04-05 00:45:00,역추세 반등 (BB 하단),83758.5,83493.36717322732,1.0,1.0,
2025-04-05 00:45:00,강력한 반전 (BB 찢고 복귀),83758.5,83493.36717322732,1.5,1.0,
2025-04-05 06:45:00,역추세 반등 (BB 하단),83436.8,83396.8414343765,1.0,1.0,
2025-04-05 06:45:00,강력한 반전 (BB 찢고 복귀),83436.8,83396.8414343765,1.5,1.0,
2025-04-05 12:45:00,역추세 반등 (BB 하단),83245.6,83214.57408187308,1.0,1.0,
2025-04-05 12:45:00,강력한 반전 (BB 찢고 복귀),83245.6,83214.57408187308,1.5,1.0,
2025-04-05 13:45:00,역추세 반등 (BB 하단),82714.9,82690.47122550462,1.0,1.0,
2025-04-05 13:45:00,강력한 반전 (BB 찢고 복귀),82714.9,82690.47122550462,1.5,1.0,
2025-04-05 18:00:00,추세확정 (BB 상단 돌파),83035.2,,2.0,1.0,83032.00606458138
2025-04-05 21:15:00,추세확정 (BB 상단 돌파),83187.6,,2.0,1.0,83185.08367003564
2025-04-05 23:30:00,추세확정 (BB 상단 돌파),83280.1,,2.0,1.0,83259.78222647746
2025-04-06 07:00:00,역추세 반등 (BB 하단),83146.8,83113.24145716104,1.0,1.0,
2025-04-06 07:00:00,강력한 반전 (BB 찢고 복귀),83146.8,83113.24145716104,1.5,1.0,
2025-04-06 07:30:00,역추세 반등 (BB 하단),83048.2,83019.83854337865,1.0,1.0,
2025-04-06 07:30:00,강력한 반전 (BB 찢고 복귀),83048.2,83019.83854337865,1.5,1.0,
2025-04-06 08:30:00,역추세 반등 (BB 하단),82908.5,82762.23837770172,1.0,1.0,
2025-04-06 08:30:00,강력한 반전 (BB 찢고 복귀),82908.5,82762.23837770172,1.5,1.0,
2025-04-06 11:15:00,강력한 반전 (BB 찢고 복귀),82747.4,82645.6972563428,1.5,1.0,
2025-04-06 14:00:00,역추세 반등 (BB 하단),82587.5,82349.21878535421,1.0,1.0,
2025-04-06 14:00:00,강력한 반전 (BB 찢고 복귀),82587.5,82349.21878535421,1.5,1.0,
2025-04-06 19:00:00,역추세 반등 (BB 하단),79365.0,78894.92556380543,1.0,1.0,
2025-04-06 19:00:00,강력한 반전 (BB 찢고 복귀),79365.0,78894.92556380543,1.5,1.0,
2025-04-06 23:30:00,역추세 반등 (BB 하단),78281.7,77635.6925053742,1.0,1.0,
2025-04-06 23:30:00,강력한 반전 (BB 찢고 복귀),78281.7,77635.6925053742,1.5,1.0,
2025-04-07 04:15:00,강력한 반전 (BB 찢고 복귀),77378.4,77103.96733297323,1.5,1.0,
2025-04-07 04:45:00,역추세 반등 (BB 하단),76946.0,76673.68847598608,1.0,1.0,
2025-04-07 04:45:00,강력한 반전 (BB 찢고 복귀),76946.0,76673.68847598608,1.5,1.0,
2025-04-07 07:00:00,역추세 반등 (BB 하단),75046.7,74767.78195422144,1.0,1.0,
2025-04-07 07:00:00,강력한 반전 (BB 찢고 복귀),75046.7,74767.78195422144,1.5,1.0,
2025-04-07 13:45:00,추세확정 (BB 상단 돌파),78329.9,,2.0,1.0,77957.73014071972
2025-04-07 13:45:00,강력한 반전 (BB 찢고 복귀),78329.9,75805.46985928029,1.5,1.0,
2025-04-07 22:00:00,추세확정 (BB 상단 돌파),79558.3,,2.0,1.0,79529.55975453391
2025-04-08 01:30:00,추세확정 (BB 상단 돌파),80389.3,,2.0,1.0,80236.4166214484
2025-04-08 06:30:00,강력한 반전 (BB 찢고 복귀),79509.5,79247.24730831836,1.5,1.0,
2025-04-08 07:00:00,강력한 반전 (BB 찢고 복귀),79473.6,79206.27054674785,1.5,1.0,
2025-04-08 11:45:00,추세확정 (BB 상단 돌파),79955.8,,2.0,1.0,79786.51831727146
2025-04-08 15:30:00,역추세 반등 (BB 하단),78549.2,78146.86570690025,1.0,1.0,
2025-04-08 15:30:00,강력한 반전 (BB 찢고 복귀),78549.2,78146.86570690025,1.5,1.0,
2025-04-09 00:00:00,강력한 반전 (BB 찢고 복귀),76585.1,76186.12599915471,1.5,1.0,
2025-04-09 01:30:00,역추세 반등 (BB 하단),75446.0,75168.41037061342,1.0,1.0,
2025-04-09 01:30:00,강력한 반전 (BB 찢고 복귀),75446.0,75168.41037061342,1.5,1.0,
2025-04-09 06:00:00,추세확정 (BB 상단 돌파),77256.0,,2.0,1.0,77209.45567733684
2025-04-09 11:15:00,역추세 반등 (BB 하단),76531.5,76559.5777499532,1.0,1.0,
2025-04-09 11:45:00,역추세 반등 (BB 하단),76200.1,76161.08190355512,1.0,1.0,
2025-04-09 11:45:00,강력한 반전 (BB 찢고 복귀),76200.1,76161.08190355512,1.5,1.0,
2025-04-09 12:00:00,강력한 반전 (BB 찢고 복귀),76429.7,76073.00153005483,1.5,1.0,
2025-04-09 16:45:00,추세확정 (BB 상단 돌파),78248.2,,2.0,1.0,78243.88688827792
2025-04-10 03:30:00,역추세 반등 (BB 하단),81697.2,81600.34378594342,1.0,1.0,
2025-04-10 03:30:00,강력한 반전 (BB 찢고 복귀),81697.2,81600.34378594342,1.5,1.0,
2025-04-10 14:00:00,역추세 반등 (BB 하단),81068.1,80944.79255426738,1.0,1.0,
2025-04-10 14:00:00,강력한 반전 (BB 찢고 복귀),81068.1,80944.79255426738,1.5,1.0,
2025-04-10 16:00:00,역추세 반등 (BB 하단),78834.9,78988.06503632119,1.0,1.0,
2025-04-11 01:00:00,역추세 반등 (BB 하단),79368.0,79163.3904609498,1.0,1.0,
2025-04-11 01:00:00,강력한 반전 (BB 찢고 복귀),79368.0,79163.3904609498,1.5,1.0,
2025-04-11 01:45:00,추세확정 (BB 상단 돌파),80400.0,,2.0,1.0,80163.5177353422
2025-04-11 07:30:00,추세확정 (BB 상단 돌파),81330.3,,2.0,1.0,81326.53120126408
2025-04-11 08:00:00,추세확정 (BB 상단 돌파),81417.5,,2.0,1.0,81386.07401759818
2025-04-11 08:30:00,추세확정 (BB 상단 돌파),81591.1,,2.0,1.0,81536.2199377332
2025-04-11 09:15:00,추세확정 (BB 상단 돌파),82022.4,,2.0,1.0,81864.20205623716
2025-04-11 10:15:00,추세확정 (BB 상단 돌파),82706.4,,2.0,1.0,82627.66072922779
2025-04-11 14:30:00,역추세 반등 (BB 하단),81984.0,81589.55243547476,1.0,1.0,
2025-04-11 14:30:00,강력한 반전 (BB 찢고 복귀),81984.0,81589.55243547476,1.5,1.0,
2025-04-11 17:30:00,추세확정 (BB 상단 돌파),83914.2,,2.0,1.0,83557.29182319442
2025-04-11 22:45:00,역추세 반등 (BB 하단),83382.3,83347.41377421585,1.0,1.0,
2025-04-11 22:45:00,강력한 반전 (BB 찢고 복귀),83382.3,83347.41377421585,1.5,1.0,
2025-04-11 23:30:00,역추세 반등 (BB 하단),83403.1,83168.95802072865,1.0,1.0,
2025-04-11 23:30:00,강력한 반전 (BB 찢고 복귀),83403.1,83168.95802072865,1.5,1.0,
2025-04-12 03:00:00,역추세 반등 (BB 하단),82908.9,82900.91107451425,1.0,1.0,
2025-04-12 03:00:00,강력한 반전 (BB 찢고 복귀),82908.9,82900.91107451425,1.5,1.0,
2025-04-12 03:15:00,강력한 반전 (BB 찢고 복귀),83016.6,82879.21448099057,1.5,1.0,
2025-04-12 06:15:00,추세확정 (BB 상단 돌파),83578.4,,2.0,1.0,83560.84087721167
2025-04-12 08:00:00,추세확정 (BB 상단 돌파),83966.8,,2.0,1.0,83952.54148992171
2025-04-12 13:00:00,추세확정 (BB 상단 돌파),83953.9,,2.0,1.0,83869.17975256268
2025-04-12 13:30:00,추세확정 (BB 상단 돌파),84132.0,,2.0,1.0,84014.49009852842
2025-04-12 20:30:00,추세확정 (BB 상단 돌파),85766.0,,2.0,1.0,85481.56359629415
2025-04-13 01:00:00,추세확정 (BB 상단 돌파),85739.0,,2.0,1.0,85708.8810662652
2025-04-13 02:30:00,역추세 반등 (BB 하단),84991.3,84826.22659320614,1.0,1.0,
2025-04-13 02:30:00,강력한 반전 (BB 찢고 복귀),84991.3,84826.22659320614,1.5,1.0,
2025-04-13 05:15:00,역추세 반등 (BB 하단),84605.5,84380.43981406958,1.0,1.0,
2025-04-13 11:45:00,강력한 반전 (BB 찢고 복귀),84478.5,84249.44690062173,1.5,1.0,
2025-04-13 14:00:00,역추세 반등 (BB 하단),83724.4,83652.98577615146,1.0,1.0,
2025-04-13 14:00:00,강력한 반전 (BB 찢고 복귀),83724.4,83652.98577615146,1.5,1.0,
2025-04-13 17:30:00,추세확정 (BB 상단 돌파),84801.6,,2.0,1.0,84782.27403264435
2025-04-13 19:45:00,강력한 반전 (BB 찢고 복귀),83943.6,83420.45004129858,1.5,1.0,
2025-04-13 20:45:00,역추세 반등 (BB 하단),83449.9,83363.92756343336,1.0,1.0,
2025-04-13 20:45:00,강력한 반전 (BB 찢고 복귀),83449.9,83363.92756343336,1.5,1.0,
2025-04-13 21:15:00,강력한 반전 (BB 찢고 복귀),83637.9,83167.9163102965,1.5,1.0,
2025-04-14 00:15:00,추세확정 (BB 상단 돌파),84722.1,,2.0,1.0,84411.68704287706
2025-04-14 12:30:00,추세확정 (BB 상단 돌파),85104.8,,2.0,1.0,85094.7304441831
2025-04-14 14:30:00,추세확정 (BB 상단 돌파),85481.6,,2.0,1.0,85385.47143543277
2025-04-14 22:30:00,강력한 반전 (BB 찢고 복귀),84582.9,84436.81528874784,1.5,1.0,
2025-04-15 00:15:00,강력한 반전 (BB 찢고 복귀),84549.2,84309.31090781266,1.5,1.0,
2025-04-15 02:00:00,추세확정 (BB 상단 돌파),85108.1,,2.0,1.0,85058.56331192356
2025-04-15 02:45:00,추세확정 (BB 상단 돌파),85189.4,,2.0,1.0,85168.28120393128
2025-04-15 05:30:00,추세확정 (BB 상단 돌파),85771.1,,2.0,1.0,85756.57640888558
2025-04-15 11:15:00,강력한 반전 (BB 찢고 복귀),85536.0,85348.23507951682,1.5,1.0,
2025-04-15 11:45:00,강력한 반전 (BB 찢고 복귀),85549.9,85392.2401195169,1.5,1.0,
2025-04-15 14:30:00,역추세 반등 (BB 하단),85189.1,85095.94531753084,1.0,1.0,
2025-04-15 14:30:00,강력한 반전 (BB 찢고 복귀),85189.1,85095.94531753084,1.5,1.0,
2025-04-15 15:00:00,강력한 반전 (BB 찢고 복귀),85202.9,84996.24785787148,1.5,1.0,
2025-04-15 15:45:00,역추세 반등 (BB 하단),84863.3,84750.89702201646,1.0,1.0,
2025-04-15 15:45:00,강력한 반전 (BB 찢고 복귀),84863.3,84750.89702201646,1.5,1.0,
2025-04-15 23:15:00,강력한 반전 (BB 찢고 복귀),83712.1,83665.08245584575,1.5,1.0,
2025-04-15 23:45:00,역추세 반등 (BB 하단),83603.7,83600.43816209487,1.0,1.0,
2025-04-15 23:45:00,강력한 반전 (BB 찢고 복귀),83603.7,83600.43816209487,1.5,1.0,
2025-04-16 00:15:00,역추세 반등 (BB 하단),83445.5,83391.69782219511,1.0,1.0,
2025-04-16 00:15:00,강력한 반전 (BB 찢고 복귀),83445.5,83391.69782219511,1.5,1.0,
2025-04-16 01:00:00,역추세 반등 (BB 하단),83243.1,83115.58113312442,1.0,1.0,
2025-04-16 01:00:00,강력한 반전 (BB 찢고 복귀),83243.1,83115.58113312442,1.5,1.0,
2025-04-16 06:00:00,강력한 반전 (BB 찢고 복귀),83439.5,83238.64063227393,1.5,1.0,
2025-04-16 08:15:00,역추세 반등 (BB 하단),83555.2,83176.69498193878,1.0,1.0,
2025-04-16 08:15:00,강력한 반전 (BB 찢고 복귀),83555.2,83176.69498193878,1.5,1.0,
2025-04-16 08:30:00,추세확정 (BB 상단 돌파),83858.2,,2.0,1.0,83813.04039899042
2025-04-16 13:30:00,강력한 반전 (BB 찢고 복귀),83990.9,83536.71117908473,1.5,1.0,
2025-04-16 14:15:00,추세확정 (BB 상단 돌파),84322.9,,2.0,1.0,84226.38807994276
2025-04-16 18:00:00,역추세 반등 (BB 하단),84228.1,83390.26245376546,1.0,1.0,
2025-04-16 18:00:00,강력한 반전 (BB 찢고 복귀),84228.1,83390.26245376546,1.5,1.0,
2025-04-17 00:15:00,강력한 반전 (BB 찢고 복귀),83973.2,83909.5406743666,1.5,1.0,
2025-04-17 03:30:00,역추세 반등 (BB 하단),83826.9,83783.83128727865,1.0,1.0,
2025-04-17 03:30:00,강력한 반전 (BB 찢고 복귀),83826.9,83783.83128727865,1.5,1.0,
2025-04-17 03:45:00,강력한 반전 (BB 찢고 복귀),83949.2,83781.50344762999,1.5,1.0,
2025-04-17 06:15:00,추세확정 (BB 상단 돌파),84558.0,,2.0,1.0,84554.32523348255
2025-04-17 10:15:00,강력한 반전 (BB 찢고 복귀),84305.3,84157.64637035054,1.5,1.0,
2025-04-17 14:30:00,역추세 반등 (BB 하단),84089.0,83960.14884668516,1.0,1.0,
2025-04-17 14:30:00,강력한 반전 (BB 찢고 복귀),84089.0,83960.14884668516,1.5,1.0,
2025-04-18 00:45:00,강력한 반전 (BB 찢고 복귀),84775.5,84717.73862524197,1.5,1.0,
2025-04-18 04:15:00,역추세 반등 (BB 하단),84653.1,84610.60131086055,1.0,1.0,
2025-04-18 04:15:00,강력한 반전 (BB 찢고 복귀),84653.1,84610.60131086055,1.5,1.0,
2025-04-18 07:30:00,강력한 반전 (BB 찢고 복귀),84561.3,84453.38217109996,1.5,1.0,
2025-04-18 11:00:00,강력한 반전 (BB 찢고 복귀),84549.1,84424.10243337594,1.5,1.0,
2025-04-18 13:45:00,강력한 반전 (BB 찢고 복귀),84511.9,84429.29800567811,1.5,1.0,
2025-04-18 14:30:00,강력한 반전 (BB 찢고 복귀),84513.1,84401.94860094908,1.5,1.0,
2025-04-18 15:30:00,역추세 반등 (BB 하단),84341.9,84328.44405737528,1.0,1.0,
2025-04-18 15:30:00,강력한 반전 (BB 찢고 복귀),84341.9,84328.44405737528,1.5,1.0,
2025-04-18 16:00:00,강력한 반전 (BB 찢고 복귀),84378.8,84289.86670991169,1.5,1.0,
2025-04-18 23:15:00,역추세 반등 (BB 하단),84397.9,84362.136263922,1.0,1.0,
2025-04-18 23:15:00,강력한 반전 (BB 찢고 복귀),84397.9,84362.136263922,1.5,1.0,
2025-04-19 02:15:00,추세확정 (BB 상단 돌파),84690.7,,2.0,1.0,84664.7720356885
2025-04-19 02:45:00,추세확정 (BB 상단 돌파),84739.8,,2.0,1.0,84703.16683277395
2025-04-19 04:15:00,추세확정 (BB 상단 돌파),85035.4,,2.0,1.0,85023.93454749764
2025-04-19 09:00:00,추세확정 (BB 상단 돌파),85393.7,,2.0,1.0,85382.8630945104
2025-04-19 13:45:00,추세확정 (BB 상단 돌파),85456.0,,2.0,1.0,85442.29287248293
2025-04-19 17:00:00,역추세 반등 (BB 하단),84915.1,84888.60226187416,1.0,1.0,
2025-04-19 17:00:00,강력한 반전 (BB 찢고 복귀),84915.1,84888.60226187416,1.5,1.0,
2025-04-20 07:45:00,역추세 반등 (BB 하단),84730.1,84692.14527788441,1.0,1.0,
2025-04-20 07:45:00,강력한 반전 (BB 찢고 복귀),84730.1,84692.14527788441,1.5,1.0,
2025-04-20 11:00:00,강력한 반전 (BB 찢고 복귀),84166.7,84072.27878556427,1.5,1.0,
2025-04-20 11:30:00,역추세 반등 (BB 하단),83985.4,83936.4932003457,1.0,1.0,
2025-04-20 11:30:00,강력한 반전 (BB 찢고 복귀),83985.4,83936.4932003457,1.5,1.0,
2025-04-20 20:00:00,추세확정 (BB 상단 돌파),84894.6,,2.0,1.0,84736.38733626937
2025-04-21 00:15:00,추세확정 (BB 상단 돌파),86168.1,,2.0,1.0,85677.97367488583
2025-04-21 09:30:00,강력한 반전 (BB 찢고 복귀),87359.9,87289.16919113074,1.5,1.0,
2025-04-21 10:45:00,역추세 반등 (BB 하단),87300.0,87223.19332941835,1.0,1.0,
2025-04-21 10:45:00,강력한 반전 (BB 찢고 복귀),87300.0,87223.19332941835,1.5,1.0,
2025-04-21 11:30:00,역추세 반등 (BB 하단),86891.3,86921.5300921306,1.0,1.0,
2025-04-21 11:45:00,역추세 반등 (BB 하단),86940.4,86861.43796815319,1.0,1.0,
2025-04-21 11:45:00,강력한 반전 (BB 찢고 복귀),86940.4,86861.43796815319,1.5,1.0,
2025-04-21 14:00:00,추세확정 (BB 상단 돌파),87647.4,,2.0,1.0,87640.72660396933
2025-04-21 23:45:00,추세확정 (BB 상단 돌파),87471.1,,2.0,1.0,87432.40560596823
2025-04-22 00:15:00,추세확정 (BB 상단 돌파),87556.2,,2.0,1.0,87529.9443506782
2025-04-22 00:45:00,추세확정 (BB 상단 돌파),87650.0,,2.0,1.0,87604.40814534697
2025-04-22 07:30:00,추세확정 (BB 상단 돌파),88412.9,,2.0,1.0,88409.02254792214
2025-04-22 08:00:00,추세확정 (BB 상단 돌파),88499.9,,2.0,1.0,88490.6138437219
2025-04-22 12:15:00,추세확정 (BB 상단 돌파),88760.6,,2.0,1.0,88705.365848124
2025-04-22 12:45:00,추세확정 (BB 상단 돌파),88947.6,,2.0,1.0,88829.35518641255
2025-04-22 15:00:00,추세확정 (BB 상단 돌파),91296.4,,2.0,1.0,91277.3365924085
2025-04-22 21:45:00,추세확정 (BB 상단 돌파),92997.6,,2.0,1.0,92219.62448653844
2025-04-23 04:45:00,추세확정 (BB 상단 돌파),93608.6,,2.0,1.0,93520.34787388441
2025-04-23 07:45:00,추세확정 (BB 상단 돌파),94100.4,,2.0,1.0,94044.85516484953
2025-04-23 14:00:00,역추세 반등 (BB 하단),93261.6,93074.73014558796,1.0,1.0,
2025-04-23 14:00:00,강력한 반전 (BB 찢고 복귀),93261.6,93074.73014558796,1.5,1.0,
2025-04-23 14:30:00,강력한 반전 (BB 찢고 복귀),93161.1,92998.45701847634,1.5,1.0,
2025-04-23 15:30:00,역추세 반등 (BB 하단),92546.7,92340.23696169339,1.0,1.0,
2025-04-23 15:30:00,강력한 반전 (BB 찢고 복귀),92546.7,92340.23696169339,1.5,1.0,
2025-04-24 00:30:00,강력한 반전 (BB 찢고 복귀),93580.1,93225.26567637426,1.5,1.0,
2025-04-24 01:15:00,강력한 반전 (BB 찢고 복귀),93243.1,93117.32481459365,1.5,1.0,
2025-04-24 04:15:00,역추세 반등 (BB 하단),92685.3,92575.74730387876,1.0,1.0,
2025-04-24 04:15:00,강력한 반전 (BB 찢고 복귀),92685.3,92575.74730387876,1.5,1.0,
2025-04-24 08:30:00,역추세 반등 (BB 하단),91840.9,91871.06109879045,1.0,1.0,
2025-04-24 08:45:00,역추세 반등 (BB 하단),91984.2,91813.73828583797,1.0,1.0,
2025-04-24 08:45:00,강력한 반전 (BB 찢고 복귀),91984.2,91813.73828583797,1.5,1.0,
2025-04-24 14:30:00,추세확정 (BB 상단 돌파),93090.3,,2.0,1.0,92972.34613335805
2025-04-24 16:00:00,추세확정 (BB 상단 돌파),93420.1,,2.0,1.0,93412.82433888163
2025-04-24 23:30:00,추세확정 (BB 상단 돌파),93849.9,,2.0,1.0,93748.0207008123
2025-04-25 01:00:00,추세확정 (BB 상단 돌파),94136.8,,2.0,1.0,94085.04995147939
2025-04-25 03:00:00,역추세 반등 (BB 하단),93066.0,92972.79617402451,1.0,1.0,
2025-04-25 03:00:00,강력한 반전 (BB 찢고 복귀),93066.0,92972.79617402451,1.5,1.0,
2025-04-25 03:15:00,강력한 반전 (BB 찢고 복귀),93078.5,92912.57819001343,1.5,1.0,
2025-04-25 07:45:00,추세확정 (BB 상단 돌파),93747.9,,2.0,1.0,93730.13740828182
2025-04-25 11:00:00,추세확정 (BB 상단 돌파),93986.2,,2.0,1.0,93896.51778821109
2025-04-25 12:30:00,추세확정 (BB 상단 돌파),94746.6,,2.0,1.0,94736.35682826616
2025-04-25 14:00:00,추세확정 (BB 상단 돌파),95276.1,,2.0,1.0,95101.75913956773
2025-04-26 05:15:00,강력한 반전 (BB 찢고 복귀),94502.1,94387.13453357256,1.5,1.0,
2025-04-26 08:00:00,강력한 반전 (BB 찢고 복귀),94547.1,94443.82646505037,1.5,1.0,
2025-04-26 09:00:00,역추세 반등 (BB 하단),94304.6,94296.3258359986,1.0,1.0,
2025-04-26 09:00:00,강력한 반전 (BB 찢고 복귀),94304.6,94296.3258359986,1.5,1.0,
2025-04-26 09:45:00,역추세 반등 (BB 하단),94227.3,94132.30544476853,1.0,1.0,
2025-04-26 09:45:00,강력한 반전 (BB 찢고 복귀),94227.3,94132.30544476853,1.5,1.0,
2025-04-26 13:45:00,역추세 반등 (BB 하단),94108.9,93971.47291411117,1.0,1.0,
2025-04-26 13:45:00,강력한 반전 (BB 찢고 복귀),94108.9,93971.47291411117,1.5,1.0,
2025-04-26 14:15:00,강력한 반전 (BB 찢고 복귀),94068.2,93944.32541781045,1.5,1.0,
2025-04-26 19:00:00,강력한 반전 (BB 찢고 복귀),94099.0,94055.72684529335,1.5,1.0,
2025-04-26 21:00:00,역추세 반등 (BB 하단),94203.3,94055.47440916573,1.0,1.0,
2025-04-26 21:00:00,강력한 반전 (BB 찢고 복귀),94203.3,94055.47440916573,1.5,1.0,
2025-04-26 22:00:00,추세확정 (BB 상단 돌파),94521.8,,2.0,1.0,94426.73010307061
2025-04-27 02:00:00,강력한 반전 (BB 찢고 복귀),94348.8,94078.95645442196,1.5,1.0,
2025-04-27 05:30:00,강력한 반전 (BB 찢고 복귀),93889.9,93627.37693722085,1.5,1.0,
2025-04-27 12:30:00,역추세 반등 (BB 하단),93795.8,93721.25397395201,1.0,1.0,
2025-04-27 12:30:00,강력한 반전 (BB 찢고 복귀),93795.8,93721.25397395201,1.5,1.0,
2025-04-27 13:00:00,강력한 반전 (BB 찢고 복귀),93779.9,93648.9824533682,1.5,1.0,
2025-04-27 17:00:00,추세확정 (BB 상단 돌파),94061.6,,2.0,1.0,94058.13814626828
2025-04-27 18:30:00,추세확정 (BB 상단 돌파),94330.8,,2.0,1.0,94237.05771494044
2025-04-27 22:30:00,역추세 반등 (BB 하단),93921.3,93835.13191383489,1.0,1.0,
2025-04-27 22:30:00,강력한 반전 (BB 찢고 복귀),93921.3,93835.13191383489,1.5,1.0,
2025-04-27 23:15:00,역추세 반등 (BB 하단),93770.2,93669.69454280297,1.0,1.0,
2025-04-27 23:15:00,강력한 반전 (BB 찢고 복귀),93770.2,93669.69454280297,1.5,1.0,
2025-04-28 00:15:00,역추세 반등 (BB 하단),93535.8,93351.72435521176,1.0,1.0,
2025-04-28 00:15:00,강력한 반전 (BB 찢고 복귀),93535.8,93351.72435521176,1.5,1.0,
2025-04-28 01:45:00,역추세 반등 (BB 하단),92902.2,92761.51448054628,1.0,1.0,
2025-04-28 01:45:00,강력한 반전 (BB 찢고 복귀),92902.2,92761.51448054628,1.5,1.0,
2025-04-28 10:30:00,추세확정 (BB 상단 돌파),95142.6,,2.0,1.0,95014.90561418893
2025-04-28 11:00:00,추세확정 (BB 상단 돌파),95192.3,,2.0,1.0,95124.95736378616
2025-04-28 14:00:00,역추세 반등 (BB 하단),94451.5,94165.30496195408,1.0,1.0,
2025-04-28 14:00:00,강력한 반전 (BB 찢고 복귀),94451.5,94165.30496195408,1.5,1.0,
2025-04-28 19:15:00,추세확정 (BB 상단 돌파),94623.2,,2.0,1.0,94613.55829027091
2025-04-29 03:15:00,강력한 반전 (BB 찢고 복귀),94602.1,94442.07345018201,1.5,1.0,
2025-04-29 05:15:00,역추세 반등 (BB 하단),94305.7,94153.47006483501,1.0,1.0,
2025-04-29 11:00:00,추세확정 (BB 상단 돌파),95154.9,,2.0,1.0,95114.63478708621
2025-04-29 13:15:00,강력한 반전 (BB 찢고 복귀),94798.8,94667.53947514894,1.5,1.0,
2025-04-29 14:00:00,강력한 반전 (BB 찢고 복귀),94845.5,94641.78389467715,1.5,1.0,
2025-04-29 16:30:00,추세확정 (BB 상단 돌파),95396.4,,2.0,1.0,95264.1378520608
2025-04-29 21:30:00,역추세 반등 (BB 하단),94619.8,94526.14290542748,1.0,1.0,
2025-04-29 21:30:00,강력한 반전 (BB 찢고 복귀),94619.8,94526.14290542748,1.5,1.0,
2025-04-29 21:45:00,강력한 반전 (BB 찢고 복귀),94692.2,94494.9339233876,1.5,1.0,
2025-04-29 22:45:00,역추세 반등 (BB 하단),94102.2,93928.39190903418,1.0,1.0,
2025-04-30 03:45:00,추세확정 (BB 상단 돌파),95000.0,,2.0,1.0,94990.36917412204
2025-04-30 07:45:00,강력한 반전 (BB 찢고 복귀),94584.3,94496.15570924022,1.5,1.0,
2025-04-30 08:00:00,강력한 반전 (BB 찢고 복귀),94685.1,94521.34109539946,1.5,1.0,
2025-04-30 08:30:00,역추세 반등 (BB 하단),94599.3,94476.330149723,1.0,1.0,
2025-04-30 12:45:00,강력한 반전 (BB 찢고 복귀),94490.2,94398.84508172727,1.5,1.0,
2025-04-30 13:15:00,역추세 반등 (BB 하단),94499.1,94302.99360247455,1.0,1.0,
2025-04-30 13:15:00,강력한 반전 (BB 찢고 복귀),94499.1,94302.99360247455,1.5,1.0,
2025-04-30 14:00:00,역추세 반등 (BB 하단),93388.4,93441.66050791017,1.0,1.0,
2025-04-30 14:15:00,역추세 반등 (BB 하단),94071.7,93385.70637290971,1.0,1.0,
2025-04-30 14:15:00,강력한 반전 (BB 찢고 복귀),94071.7,93385.70637290971,1.5,1.0,
2025-04-30 20:00:00,추세확정 (BB 상단 돌파),94584.8,,2.0,1.0,94434.75380949854
2025-05-01 02:15:00,추세확정 (BB 상단 돌파),94889.0,,2.0,1.0,94815.96517777859
2025-05-01 05:30:00,추세확정 (BB 상단 돌파),95065.3,,2.0,1.0,95059.88983839504
2025-05-01 09:15:00,추세확정 (BB 상단 돌파),95302.4,,2.0,1.0,95259.17588582721
2025-05-01 14:45:00,추세확정 (BB 상단 돌파),96788.0,,2.0,1.0,96722.8489748797
2025-05-01 20:00:00,강력한 반전 (BB 찢고 복귀),96676.9,96238.67411996391,1.5,1.0,
2025-05-02 00:45:00,추세확정 (BB 상단 돌파),96987.2,,2.0,1.0,96929.23353478439
2025-05-02 06:00:00,역추세 반등 (BB 하단),96661.5,96618.14574602996,1.0,1.0,
2025-05-02 06:00:00,강력한 반전 (BB 찢고 복귀),96661.5,96618.14574602996,1.5,1.0,
2025-05-02 06:15:00,강력한 반전 (BB 찢고 복귀),96770.1,96603.46191350439,1.5,1.0,
2025-05-02 06:45:00,강력한 반전 (BB 찢고 복귀),96680.2,96545.09483682648,1.5,1.0,
2025-05-02 07:15:00,역추세 반등 (BB 하단),96582.0,96458.64676466028,1.0,1.0,
2025-05-02 07:15:00,강력한 반전 (BB 찢고 복귀),96582.0,96458.64676466028,1.5,1.0,
2025-05-02 08:00:00,역추세 반등 (BB 하단),96521.0,96297.69476593527,1.0,1.0,
2025-05-02 12:45:00,추세확정 (BB 상단 돌파),97141.3,,2.0,1.0,97088.0054917759
2025-05-02 14:30:00,추세확정 (BB 상단 돌파),97322.9,,2.0,1.0,97214.13183074644
2025-05-02 19:45:00,역추세 반등 (BB 하단),96843.6,96792.14198553955,1.0,1.0,
2025-05-02 19:45:00,강력한 반전 (BB 찢고 복귀),96843.6,96792.14198553955,1.5,1.0,
2025-05-03 01:45:00,강력한 반전 (BB 찢고 복귀),96446.3,96380.73109374478,1.5,1.0,
2025-05-03 06:30:00,역추세 반등 (BB 하단),96273.3,96196.43534454214,1.0,1.0,
2025-05-03 06:30:00,강력한 반전 (BB 찢고 복귀),96273.3,96196.43534454214,1.5,1.0,
2025-05-03 07:00:00,역추세 반등 (BB 하단),96204.8,96121.76951403143,1.0,1.0,
2025-05-03 07:00:00,강력한 반전 (BB 찢고 복귀),96204.8,96121.76951403143,1.5,1.0,
2025-05-03 11:00:00,역추세 반등 (BB 하단),95900.0,95891.05545350902,1.0,1.0,
2025-05-03 11:00:00,강력한 반전 (BB 찢고 복귀),95900.0,95891.05545350902,1.5,1.0,
2025-05-03 17:15:00,강력한 반전 (BB 찢고 복귀),96059.9,95972.37043889705,1.5,1.0,
2025-05-04 00:00:00,역추세 반등 (BB 하단),95915.3,95838.96317266778,1.0,1.0,
2025-05-04 00:00:00,강력한 반전 (BB 찢고 복귀),95915.3,95838.96317266778,1.5,1.0,
2025-05-04 01:45:00,강력한 반전 (BB 찢고 복귀),96049.2,95615.03460749425,1.5,1.0,
2025-05-04 08:45:00,역추세 반등 (BB 하단),95605.4,95575.74169414079,1.0,1.0,
2025-05-04 08:45:00,강력한 반전 (BB 찢고 복귀),95605.4,95575.74169414079,1.5,1.0,
2025-05-04 09:30:00,역추세 반등 (BB 하단),95452.3,95431.99453915037,1.0,1.0,
2025-05-04 09:30:00,강력한 반전 (BB 찢고 복귀),95452.3,95431.99453915037,1.5,1.0,
2025-05-04 13:45:00,역추세 반등 (BB 하단),95333.6,95272.44746337827,1.0,1.0,
2025-05-04 13:45:00,강력한 반전 (BB 찢고 복귀),95333.6,95272.44746337827,1.5,1.0,
2025-05-04 14:00:00,강력한 반전 (BB 찢고 복귀),95438.0,95291.9949221068,1.5,1.0,
2025-05-04 17:30:00,강력한 반전 (BB 찢고 복귀),95327.2,95206.8570045873,1.5,1.0,
2025-05-04 20:15:00,추세확정 (BB 상단 돌파),95668.9,,2.0,1.0,95621.94244941934
2025-05-04 22:15:00,역추세 반등 (BB 하단),95168.0,95132.17759625758,1.0,1.0,
2025-05-04 22:15:00,강력한 반전 (BB 찢고 복귀),95168.0,95132.17759625758,1.5,1.0,
2025-05-04 22:45:00,역추세 반등 (BB 하단),94953.3,94933.75092711642,1.0,1.0,
2025-05-04 22:45:00,강력한 반전 (BB 찢고 복귀),94953.3,94933.75092711642,1.5,1.0,
2025-05-04 23:45:00,역추세 반등 (BB 하단),94224.1,94189.61538817374,1.0,1.0,
2025-05-04 23:45:00,강력한 반전 (BB 찢고 복귀),94224.1,94189.61538817374,1.5,1.0,
2025-05-05 02:00:00,강력한 반전 (BB 찢고 복귀),94017.1,93525.10906607943,1.5,1.0,
2025-05-05 05:45:00,추세확정 (BB 상단 돌파),94692.7,,2.0,1.0,94628.66121344251
2025-05-05 11:00:00,역추세 반등 (BB 하단),94194.9,94136.22696609974,1.0,1.0,
2025-05-05 11:00:00,강력한 반전 (BB 찢고 복귀),94194.9,94136.22696609974,1.5,1.0,
2025-05-05 11:45:00,역추세 반등 (BB 하단),93997.9,93893.99215660876,1.0,1.0,
2025-05-05 12:00:00,강력한 반전 (BB 찢고 복귀),94161.9,93870.76906520587,1.5,1.0,
2025-05-05 13:45:00,강력한 반전 (BB 찢고 복귀),94211.2,93806.91279436536,1.5,1.0,
2025-05-05 14:30:00,강력한 반전 (BB 찢고 복귀),94041.9,93781.35134065307,1.5,1.0,
2025-05-05 15:15:00,역추세 반등 (BB 하단),93798.0,93683.29152671817,1.0,1.0,
2025-05-05 15:15:00,강력한 반전 (BB 찢고 복귀),93798.0,93683.29152671817,1.5,1.0,
2025-05-05 15:45:00,강력한 반전 (BB 찢고 복귀),93723.1,93590.12012196983,1.5,1.0,
2025-05-05 18:00:00,추세확정 (BB 상단 돌파),94610.6,,2.0,1.0,94579.91467724973
2025-05-05 18:30:00,추세확정 (BB 상단 돌파),94812.2,,2.0,1.0,94770.54113581036
2025-05-05 22:30:00,추세확정 (BB 상단 돌파),95127.1,,2.0,1.0,95087.63526566177
2025-05-06 02:30:00,역추세 반등 (BB 하단),94094.7,94021.52360603237,1.0,1.0,
2025-05-06 02:30:00,강력한 반전 (BB 찢고 복귀),94094.7,94021.52360603237,1.5,1.0,
2025-05-06 08:30:00,역추세 반등 (BB 하단),94216.6,94107.80937628126,1.0,1.0,
2025-05-06 08:30:00,강력한 반전 (BB 찢고 복귀),94216.6,94107.80937628126,1.5,1.0,
2025-05-06 11:00:00,역추세 반등 (BB 하단),93951.8,93870.93583392285,1.0,1.0,
2025-05-06 14:00:00,강력한 반전 (BB 찢고 복귀),94012.1,93568.03454090687,1.5,1.0,
2025-05-06 15:15:00,추세확정 (BB 상단 돌파),94468.4,,2.0,1.0,94410.33786602571
2025-05-06 16:00:00,추세확정 (BB 상단 돌파),94769.4,,2.0,1.0,94719.97865801514
2025-05-06 18:45:00,추세확정 (BB 상단 돌파),95030.0,,2.0,1.0,95000.17807432088
2025-05-06 22:15:00,추세확정 (BB 상단 돌파),95606.9,,2.0,1.0,95382.29358484577
2025-05-07 07:30:00,추세확정 (BB 상단 돌파),96831.7,,2.0,1.0,96782.94623033695
2025-05-07 13:30:00,역추세 반등 (BB 하단),97184.7,96733.53420995735,1.0,1.0,
2025-05-07 13:30:00,추세확정 (BB 상단 돌파),97184.7,,2.0,1.0,97130.80579004268
2025-05-07 13:30:00,강력한 반전 (BB 찢고 복귀),97184.7,96733.53420995735,1.5,1.0,
2025-05-07 14:15:00,추세확정 (BB 상단 돌파),97391.8,,2.0,1.0,97263.37637709374
2025-05-07 16:30:00,역추세 반등 (BB 하단),96663.8,96514.06402270476,1.0,1.0,
2025-05-07 16:30:00,강력한 반전 (BB 찢고 복귀),96663.8,96514.06402270476,1.5,1.0,
2025-05-07 18:15:00,역추세 반등 (BB 하단),96400.3,96159.97318401473,1.0,1.0,
2025-05-07 18:15:00,강력한 반전 (BB 찢고 복귀),96400.3,96159.97318401473,1.5,1.0,
2025-05-07 18:45:00,강력한 반전 (BB 찢고 복귀),96550.0,96096.75106865668,1.5,1.0,
2025-05-07 19:30:00,역추세 반등 (BB 하단),96410.2,96015.46078240211,1.0,1.0,
2025-05-07 19:30:00,강력한 반전 (BB 찢고 복귀),96410.2,96015.46078240211,1.5,1.0,
2025-05-07 21:15:00,추세확정 (BB 상단 돌파),97109.9,,2.0,1.0,97034.41693471368
2025-05-08 00:45:00,추세확정 (BB 상단 돌파),97728.3,,2.0,1.0,97685.3283471916
2025-05-08 02:15:00,추세확정 (BB 상단 돌파),98550.0,,2.0,1.0,98298.01943458893
2025-05-08 13:45:00,강력한 반전 (BB 찢고 복귀),99255.5,99101.51593995896,1.5,1.0,
2025-05-08 15:15:00,추세확정 (BB 상단 돌파),100592.1,,2.0,1.0,100115.02217704612
2025-05-08 20:30:00,추세확정 (BB 상단 돌파),102073.0,,2.0,1.0,101779.31093473395
2025-05-09 03:00:00,강력한 반전 (BB 찢고 복귀),102693.1,102474.86037642854,1.5,1.0,
2025-05-09 03:45:00,역추세 반등 (BB 하단),102410.3,102321.97127069392,1.0,1.0,
2025-05-09 03:45:00,강력한 반전 (BB 찢고 복귀),102410.3,102321.97127069392,1.5,1.0,
2025-05-09 06:45:00,추세확정 (BB 상단 돌파),103180.0,,2.0,1.0,103173.59881385742
2025-05-09 13:45:00,추세확정 (BB 상단 돌파),103574.5,,2.0,1.0,103488.89061111075
2025-05-09 14:30:00,강력한 반전 (BB 찢고 복귀),102910.0,102616.19518869476,1.5,1.0,
2025-05-09 14:45:00,강력한 반전 (BB 찢고 복귀),103100.0,102635.5175190174,1.5,1.0,
2025-05-09 17:00:00,강력한 반전 (BB 찢고 복귀),102740.8,102392.43106616782,1.5,1.0,
2025-05-09 21:45:00,강력한 반전 (BB 찢고 복귀),102945.0,102758.23849283927,1.5,1.0,
2025-05-09 23:00:00,강력한 반전 (BB 찢고 복귀),102840.0,102706.90950627303,1.5,1.0,
2025-05-10 02:30:00,추세확정 (BB 상단 돌파),103153.1,,2.0,1.0,103108.57109722185
2025-05-10 05:45:00,추세확정 (BB 상단 돌파),103323.1,,2.0,1.0,103282.12214493903
2025-05-10 16:00:00,역추세 반등 (BB 하단),103217.5,103183.3637117836,1.0,1.0,
2025-05-10 16:00:00,강력한 반전 (BB 찢고 복귀),103217.5,103183.3637117836,1.5,1.0,
2025-05-10 18:00:00,강력한 반전 (BB 찢고 복귀),103247.9,103103.55121661194,1.5,1.0,
2025-05-10 21:45:00,추세확정 (BB 상단 돌파),103706.1,,2.0,1.0,103522.67090241876
2025-05-10 23:00:00,추세확정 (BB 상단 돌파),103956.9,,2.0,1.0,103809.99263655095
2025-05-10 23:45:00,추세확정 (BB 상단 돌파),104782.3,,2.0,1.0,104602.44800518325
2025-05-11 06:45:00,강력한 반전 (BB 찢고 복귀),103813.1,103629.44591422098,1.5,1.0,
2025-05-11 08:00:00,역추세 반등 (BB 하단),103754.1,103363.64334773115,1.0,1.0,
2025-05-11 08:00:00,강력한 반전 (BB 찢고 복귀),103754.1,103363.64334773115,1.5,1.0,
2025-05-11 14:30:00,강력한 반전 (BB 찢고 복귀),104221.6,103880.82701921856,1.5,1.0,
2025-05-11 16:15:00,강력한 반전 (BB 찢고 복귀),104060.5,103767.21746204016,1.5,1.0,
2025-05-11 18:30:00,추세확정 (BB 상단 돌파),104449.9,,2.0,1.0,104427.80913449077
2025-05-11 22:45:00,역추세 반등 (BB 하단),103763.4,103626.25333447341,1.0,1.0,
2025-05-11 22:45:00,강력한 반전 (BB 찢고 복귀),103763.4,103626.25333447341,1.5,1.0,
2025-05-12 01:00:00,추세확정 (BB 상단 돌파),104725.5,,2.0,1.0,104700.06976316082
2025-05-12 06:15:00,추세확정 (BB 상단 돌파),104185.3,,2.0,1.0,104126.04627105632
2025-05-12 12:00:00,강력한 반전 (BB 찢고 복귀),103883.1,103719.75087254382,1.5,1.0,
2025-05-12 12:15:00,강력한 반전 (BB 찢고 복귀),103953.4,103829.1823423165,1.5,1.0,
2025-05-12 14:30:00,역추세 반등 (BB 하단),103418.2,103270.29799140668,1.0,1.0,
2025-05-12 14:30:00,강력한 반전 (BB 찢고 복귀),103418.2,103270.29799140668,1.5,1.0,
2025-05-12 15:00:00,역추세 반등 (BB 하단),102900.0,102853.84106962323,1.0,1.0,
2025-05-12 15:00:00,강력한 반전 (BB 찢고 복귀),102900.0,102853.84106962323,1.5,1.0,
2025-05-12 18:45:00,역추세 반등 (BB 하단),101578.0,101332.98378274364,1.0,1.0,
2025-05-12 18:45:00,강력한 반전 (BB 찢고 복귀),101578.0,101332.98378274364,1.5,1.0,
2025-05-13 02:15:00,강력한 반전 (BB 찢고 복귀),102242.0,101984.5813610833,1.5,1.0,
2025-05-13 02:45:00,역추세 반등 (BB 하단),102020.1,101822.72299470413,1.0,1.0,
2025-05-13 02:45:00,강력한 반전 (BB 찢고 복귀),102020.1,101822.72299470413,1.5,1.0,
2025-05-13 03:30:00,역추세 반등 (BB 하단),101792.8,101537.87683929667,1.0,1.0,
2025-05-13 03:30:00,강력한 반전 (BB 찢고 복귀),101792.8,101537.87683929667,1.5,1.0,
2025-05-13 09:00:00,추세확정 (BB 상단 돌파),102937.6,,2.0,1.0,102928.80338679675
2025-05-13 14:15:00,역추세 반등 (BB 하단),103343.2,103152.49475866492,1.0,1.0,
2025-05-13 14:15:00,강력한 반전 (BB 찢고 복귀),103343.2,103152.49475866492,1.5,1.0,
2025-05-13 14:45:00,역추세 반등 (BB 하단),103140.1,103059.88171612848,1.0,1.0,
2025-05-13 14:45:00,강력한 반전 (BB 찢고 복귀),103140.1,103059.88171612848,1.5,1.0,
2025-05-13 16:00:00,추세확정 (BB 상단 돌파),104270.4,,2.0,1.0,104101.25873041224
2025-05-13 19:30:00,추세확정 (BB 상단 돌파),104821.2,,2.0,1.0,104789.29487583558
2025-05-13 23:00:00,강력한 반전 (BB 찢고 복귀),104082.8,103915.9323015971,1.5,1.0,
2025-05-14 02:30:00,역추세 반등 (BB 하단),103715.6,103542.97393114376,1.0,1.0,
2025-05-14 02:30:00,강력한 반전 (BB 찢고 복귀),103715.6,103542.97393114376,1.5,1.0,
2025-05-14 03:30:00,강력한 반전 (BB 찢고 복귀),103557.6,103427.7741984784,1.5,1.0,
2025-05-14 07:30:00,강력한 반전 (BB 찢고 복귀),103593.9,103423.32695576099,1.5,1.0,
2025-05-14 09:15:00,역추세 반등 (BB 하단),103271.9,103175.79530223498,1.0,1.0,
2025-05-14 09:15:00,강력한 반전 (BB 찢고 복귀),103271.9,103175.79530223498,1.5,1.0,
2025-05-14 14:30:00,역추세 반등 (BB 하단),103208.0,103162.15042774317,1.0,1.0,
2025-05-14 14:30:00,강력한 반전 (BB 찢고 복귀),103208.0,103162.15042774317,1.5,1.0,
2025-05-14 15:00:00,강력한 반전 (BB 찢고 복귀),103232.0,103055.46877270023,1.5,1.0,
2025-05-15 00:00:00,추세확정 (BB 상단 돌파),103650.1,,2.0,1.0,103628.41346455703
2025-05-15 02:00:00,역추세 반등 (BB 하단),103001.1,103045.30760686132,1.0,1.0,
2025-05-15 06:45:00,역추세 반등 (BB 하단),102209.1,102162.60213526405,1.0,1.0,
2025-05-15 06:45:00,강력한 반전 (BB 찢고 복귀),102209.1,102162.60213526405,1.5,1.0,
2025-05-15 09:45:00,강력한 반전 (BB 찢고 복귀),101769.0,101524.15754220857,1.5,1.0,
2025-05-15 12:15:00,추세확정 (BB 상단 돌파),102488.7,,2.0,1.0,102472.14891705527
2025-05-15 14:45:00,강력한 반전 (BB 찢고 복귀),101960.0,101469.6751476401,1.5,1.0,
2025-05-15 15:30:00,추세확정 (BB 상단 돌파),102938.5,,2.0,1.0,102927.32863886203
2025-05-15 16:30:00,추세확정 (BB 상단 돌파),103545.1,,2.0,1.0,103470.5853316028
2025-05-16 08:30:00,역추세 반등 (BB 하단),103271.5,103343.25754171476,1.0,1.0,
2025-05-16 08:45:00,역추세 반등 (BB 하단),103342.2,103273.15170021448,1.0,1.0,
2025-05-16 08:45:00,강력한 반전 (BB 찢고 복귀),103342.2,103273.15170021448,1.5,1.0,
2025-05-16 13:30:00,강력한 반전 (BB 찢고 복귀),103672.9,103384.57547946759,1.5,1.0,
2025-05-16 13:45:00,추세확정 (BB 상단 돌파),103925.6,,2.0,1.0,103868.24244798893
2025-05-16 14:45:00,역추세 반등 (BB 하단),103529.9,103331.25454009959,1.0,1.0,
2025-05-16 14:45:00,강력한 반전 (BB 찢고 복귀),103529.9,103331.25454009959,1.5,1.0,
2025-05-16 15:00:00,추세확정 (BB 상단 돌파),104060.0,,2.0,1.0,103976.18888561329
2025-05-16 15:45:00,추세확정 (BB 상단 돌파),104137.0,,2.0,1.0,104107.58117747887
2025-05-17 00:45:00,강력한 반전 (BB 찢고 복귀),103302.2,103153.07993764864,1.5,1.0,
2025-05-17 01:15:00,역추세 반등 (BB 하단),102945.8,102973.4095266228,1.0,1.0,
2025-05-17 02:15:00,강력한 반전 (BB 찢고 복귀),103099.4,102686.37952190019,1.5,1.0,
2025-05-17 08:15:00,강력한 반전 (BB 찢고 복귀),103412.0,103274.81699769068,1.5,1.0,
2025-05-17 09:30:00,역추세 반등 (BB 하단),102849.8,102946.29728289884,1.0,1.0,
2025-05-17 09:45:00,역추세 반등 (BB 하단),102850.7,102866.43388608834,1.0,1.0,
2025-05-17 10:00:00,역추세 반등 (BB 하단),102957.4,102821.55555423885,1.0,1.0,
2025-05-17 10:00:00,강력한 반전 (BB 찢고 복귀),102957.4,102821.55555423885,1.5,1.0,
2025-05-17 14:00:00,강력한 반전 (BB 찢고 복귀),102880.0,102680.16948485524,1.5,1.0,
2025-05-17 16:45:00,강력한 반전 (BB 찢고 복귀),102905.8,102729.66667422056,1.5,1.0,
2025-05-17 20:45:00,추세확정 (BB 상단 돌파),103327.2,,2.0,1.0,103305.18204565326
2025-05-17 22:30:00,강력한 반전 (BB 찢고 복귀),102984.5,102864.43163714318,1.5,1.0,
2025-05-18 04:30:00,추세확정 (BB 상단 돌파),103364.9,,2.0,1.0,103363.99011494585
2025-05-18 05:30:00,추세확정 (BB 상단 돌파),103447.3,,2.0,1.0,103442.78793395599
2025-05-18 07:45:00,추세확정 (BB 상단 돌파),103883.4,,2.0,1.0,103767.7471176976
2025-05-18 13:30:00,추세확정 (BB 상단 돌파),104437.4,,2.0,1.0,104163.17426975406
2025-05-18 18:15:00,강력한 반전 (BB 찢고 복귀),104652.1,104233.87816150027,1.5,1.0,
2025-05-18 22:30:00,추세확정 (BB 상단 돌파),105221.2,,2.0,1.0,105140.11038420099
2025-05-18 23:45:00,추세확정 (BB 상단 돌파),106428.1,,2.0,1.0,106371.3857495374
2025-05-19 04:00:00,강력한 반전 (BB 찢고 복귀),103622.8,103223.71676719184,1.5,1.0,
2025-05-19 12:45:00,역추세 반등 (BB 하단),102432.0,102410.10294624438,1.0,1.0,
2025-05-19 12:45:00,강력한 반전 (BB 찢고 복귀),102432.0,102410.10294624438,1.5,1.0,
2025-05-19 13:15:00,역추세 반등 (BB 하단),102465.3,102266.66275490778,1.0,1.0,
2025-05-19 14:30:00,추세확정 (BB 상단 돌파),103687.0,,2.0,1.0,103623.02687182961
2025-05-19 15:30:00,추세확정 (BB 상단 돌파),104838.8,,2.0,1.0,104753.21416456597
2025-05-20 00:00:00,추세확정 (BB 상단 돌파),105960.1,,2.0,1.0,105878.14680772093
2025-05-20 01:15:00,추세확정 (BB 상단 돌파),106064.3,,2.0,1.0,106058.35001659088
2025-05-20 07:00:00,강력한 반전 (BB 찢고 복귀),105631.3,105219.7545304578,1.5,1.0,
2025-05-20 12:45:00,역추세 반등 (BB 하단),104717.9,104675.7601423455,1.0,1.0,
2025-05-20 12:45:00,강력한 반전 (BB 찢고 복귀),104717.9,104675.7601423455,1.5,1.0,
2025-05-20 13:15:00,역추세 반등 (BB 하단),104562.2,104541.5447700955,1.0,1.0,
2025-05-20 13:15:00,강력한 반전 (BB 찢고 복귀),104562.2,104541.5447700955,1.5,1.0,
2025-05-20 13:45:00,역추세 반등 (BB 하단),104396.8,104287.47113784403,1.0,1.0,
2025-05-20 13:45:00,강력한 반전 (BB 찢고 복귀),104396.8,104287.47113784403,1.5,1.0,
2025-05-20 17:00:00,추세확정 (BB 상단 돌파),106040.0,,2.0,1.0,105705.49642531281
2025-05-20 19:45:00,추세확정 (BB 상단 돌파),106986.0,,2.0,1.0,106866.22896171932
2025-05-21 02:15:00,강력한 반전 (BB 찢고 복귀),106440.7,106217.96035220932,1.5,1.0,
2025-05-21 04:30:00,추세확정 (BB 상단 돌파),107468.6,,2.0,1.0,107241.2984389051
2025-05-21 05:00:00,추세확정 (BB 상단 돌파),107402.7,,2.0,1.0,107396.31921318329
2025-05-21 12:15:00,추세확정 (BB 상단 돌파),106778.3,,2.0,1.0,106762.09028488089
2025-05-21 13:30:00,추세확정 (BB 상단 돌파),107076.1,,2.0,1.0,106879.92604815739
2025-05-21 14:30:00,추세확정 (BB 상단 돌파),107733.3,,2.0,1.0,107538.10974192127
2025-05-21 23:15:00,추세확정 (BB 상단 돌파),109719.5,,2.0,1.0,109638.25088985616
2025-05-22 03:30:00,추세확정 (BB 상단 돌파),111280.5,,2.0,1.0,111107.78509481395
2025-05-22 12:15:00,추세확정 (BB 상단 돌파),111225.9,,2.0,1.0,111159.34509644077
2025-05-23 04:45:00,역추세 반등 (BB 하단),110790.8,110622.1094155868,1.0,1.0,
2025-05-23 04:45:00,강력한 반전 (BB 찢고 복귀),110790.8,110622.1094155868,1.5,1.0,
2025-05-23 09:30:00,추세확정 (BB 상단 돌파),111115.5,,2.0,1.0,111113.3326769876
2025-05-23 12:15:00,역추세 반등 (BB 하단),108378.6,108716.90229185177,1.0,1.0,
2025-05-23 12:30:00,역추세 반등 (BB 하단),108531.0,108402.040912995,1.0,1.0,
2025-05-23 12:30:00,강력한 반전 (BB 찢고 복귀),108531.0,108402.040912995,1.5,1.0,
2025-05-23 23:45:00,역추세 반등 (BB 하단),107275.9,107108.61174187648,1.0,1.0,
2025-05-23 23:45:00,강력한 반전 (BB 찢고 복귀),107275.9,107108.61174187648,1.5,1.0,
2025-05-24 00:00:00,강력한 반전 (BB 찢고 복귀),107370.5,107039.18682967106,1.5,1.0,
2025-05-24 03:15:00,추세확정 (BB 상단 돌파),108250.7,,2.0,1.0,108183.05962423497
2025-05-24 08:00:00,역추세 반등 (BB 하단),107807.0,107696.17741318599,1.0,1.0,
2025-05-24 08:00:00,강력한 반전 (BB 찢고 복귀),107807.0,107696.17741318599,1.5,1.0,
2025-05-24 08:15:00,강력한 반전 (BB 찢고 복귀),107852.0,107660.46361221319,1.5,1.0,
2025-05-24 10:30:00,추세확정 (BB 상단 돌파),108890.1,,2.0,1.0,108633.38294986649
2025-05-24 21:30:00,역추세 반등 (BB 하단),108760.3,108683.83975504048,1.0,1.0,
2025-05-24 21:30:00,강력한 반전 (BB 찢고 복귀),108760.3,108683.83975504048,1.5,1.0,
2025-05-24 23:45:00,역추세 반등 (BB 하단),107716.0,107671.28639307592,1.0,1.0,
2025-05-24 23:45:00,강력한 반전 (BB 찢고 복귀),107716.0,107671.28639307592,1.5,1.0,
2025-05-25 07:30:00,역추세 반등 (BB 하단),107581.3,107588.02602761019,1.0,1.0,
2025-05-25 07:45:00,역추세 반등 (BB 하단),107631.0,107548.38207894814,1.0,1.0,
2025-05-25 07:45:00,강력한 반전 (BB 찢고 복귀),107631.0,107548.38207894814,1.5,1.0,
2025-05-25 09:00:00,역추세 반등 (BB 하단),107136.8,107050.9088426575,1.0,1.0,
2025-05-25 09:00:00,강력한 반전 (BB 찢고 복귀),107136.8,107050.9088426575,1.5,1.0,
2025-05-25 15:30:00,역추세 반등 (BB 하단),107100.2,106819.18343845029,1.0,1.0,
2025-05-25 15:30:00,강력한 반전 (BB 찢고 복귀),107100.2,106819.18343845029,1.5,1.0,
2025-05-25 16:30:00,역추세 반등 (BB 하단),107088.1,106714.80131143141,1.0,1.0,
2025-05-25 16:30:00,강력한 반전 (BB 찢고 복귀),107088.1,106714.80131143141,1.5,1.0,
2025-05-25 22:00:00,추세확정 (BB 상단 돌파),108350.8,,2.0,1.0,108029.51814109774
2025-05-26 06:45:00,추세확정 (BB 상단 돌파),109920.0,,2.0,1.0,109840.11688038183
2025-05-26 07:30:00,추세확정 (BB 상단 돌파),109980.7,,2.0,1.0,109963.03532097315
2025-05-26 14:00:00,강력한 반전 (BB 찢고 복귀),109679.7,109547.25500935235,1.5,1.0,
2025-05-26 14:45:00,강력한 반전 (BB 찢고 복귀),109614.7,109532.74017842737,1.5,1.0,
2025-05-26 15:30:00,추세확정 (BB 상단 돌파),109922.0,,2.0,1.0,109896.15874936679
2025-05-26 16:30:00,역추세 반등 (BB 하단),109551.0,109371.35130741681,1.0,1.0,
2025-05-26 16:30:00,강력한 반전 (BB 찢고 복귀),109551.0,109371.35130741681,1.5,1.0,
2025-05-26 18:00:00,강력한 반전 (BB 찢고 복귀),109216.7,109027.84167274743,1.5,1.0,
2025-05-26 18:15:00,강력한 반전 (BB 찢고 복귀),109228.7,108990.03685539294,1.5,1.0,
2025-05-26 22:00:00,추세확정 (BB 상단 돌파),109650.1,,2.0,1.0,109580.92880618719
2025-05-27 01:45:00,역추세 반등 (BB 하단),108350.4,108353.00510547987,1.0,1.0,
2025-05-27 07:30:00,추세확정 (BB 상단 돌파),109439.2,,2.0,1.0,109397.48093469824
2025-05-27 13:00:00,추세확정 (BB 상단 돌파),110333.3,,2.0,1.0,110027.1029474717
2025-05-27 14:30:00,강력한 반전 (BB 찢고 복귀),109592.9,109176.32628161625,1.5,1.0,
2025-05-27 15:00:00,강력한 반전 (BB 찢고 복귀),109478.1,109102.65224916469,1.5,1.0,
2025-05-27 21:00:00,강력한 반전 (BB 찢고 복귀),109624.7,109405.23136548274,1.5,1.0,
2025-05-27 21:45:00,역추세 반등 (BB 하단),108816.9,108863.7883501187,1.0,1.0,
2025-05-27 22:15:00,역추세 반등 (BB 하단),108788.2,108586.56559845882,1.0,1.0,
2025-05-27 22:15:00,강력한 반전 (BB 찢고 복귀),108788.2,108586.56559845882,1.5,1.0,
2025-05-28 02:00:00,강력한 반전 (BB 찢고 복귀),108603.2,108559.29684175586,1.5,1.0,
2025-05-28 02:30:00,역추세 반등 (BB 하단),108742.4,108467.38152721831,1.0,1.0,
2025-05-28 02:30:00,강력한 반전 (BB 찢고 복귀),108742.4,108467.38152721831,1.5,1.0,
2025-05-28 08:30:00,강력한 반전 (BB 찢고 복귀),109027.3,108562.7529816453,1.5,1.0,
2025-05-28 09:30:00,역추세 반등 (BB 하단),108729.9,108537.20665850512,1.0,1.0,
2025-05-28 09:30:00,강력한 반전 (BB 찢고 복귀),108729.9,108537.20665850512,1.5,1.0,
2025-05-28 10:15:00,강력한 반전 (BB 찢고 복귀),108580.0,108465.64942313396,1.5,1.0,
2025-05-28 14:15:00,역추세 반등 (BB 하단),107916.6,107959.73815555254,1.0,1.0,
2025-05-28 15:15:00,역추세 반등 (BB 하단),107271.2,107135.16362467411,1.0,1.0,
2025-05-28 15:15:00,강력한 반전 (BB 찢고 복귀),107271.2,107135.16362467411,1.5,1.0,
2025-05-28 20:00:00,역추세 반등 (BB 하단),106979.8,106886.17684213963,1.0,1.0,
2025-05-28 20:00:00,강력한 반전 (BB 찢고 복귀),106979.8,106886.17684213963,1.5,1.0,
2025-05-28 20:15:00,강력한 반전 (BB 찢고 복귀),107124.6,106868.09907396277,1.5,1.0,
2025-05-28 23:00:00,추세확정 (BB 상단 돌파),107837.2,,2.0,1.0,107790.34925158927
2025-05-29 00:45:00,추세확정 (BB 상단 돌파),108251.1,,2.0,1.0,108181.64236624689
2025-05-29 04:45:00,역추세 반등 (BB 하단),107515.3,107433.53235910962,1.0,1.0,
2025-05-29 04:45:00,강력한 반전 (BB 찢고 복귀),107515.3,107433.53235910962,1.5,1.0,
2025-05-29 05:00:00,강력한 반전 (BB 찢고 복귀),107539.2,107437.08351209767,1.5,1.0,
2025-05-29 08:45:00,추세확정 (BB 상단 돌파),108439.1,,2.0,1.0,108320.14563320632
2025-05-29 13:45:00,역추세 반등 (BB 하단),107550.0,107734.54120275214,1.0,1.0,
2025-05-29 14:30:00,역추세 반등 (BB 하단),107127.6,107073.07246772111,1.0,1.0,
2025-05-29 14:30:00,강력한 반전 (BB 찢고 복귀),107127.6,107073.07246772111,1.5,1.0,
2025-05-30 01:00:00,역추세 반등 (BB 하단),105451.5,105213.30013858862,1.0,1.0,
2025-05-30 01:00:00,강력한 반전 (BB 찢고 복귀),105451.5,105213.30013858862,1.5,1.0,
2025-05-30 07:15:00,역추세 반등 (BB 하단),105582.7,105578.01175863114,1.0,1.0,
2025-05-30 07:15:00,강력한 반전 (BB 찢고 복귀),105582.7,105578.01175863114,1.5,1.0,
2025-05-30 08:15:00,역추세 반등 (BB 하단),105169.3,104929.13161237631,1.0,1.0,
2025-05-30 08:15:00,강력한 반전 (BB 찢고 복귀),105169.3,104929.13161237631,1.5,1.0,
2025-05-30 14:30:00,강력한 반전 (BB 찢고 복귀),105402.7,105191.69372997471,1.5,1.0,
2025-05-30 17:00:00,역추세 반등 (BB 하단),104050.1,104120.0658763258,1.0,1.0,
2025-05-30 23:00:00,역추세 반등 (BB 하단),104007.3,103990.23606971819,1.0,1.0,
2025-05-30 23:00:00,강력한 반전 (BB 찢고 복귀),104007.3,103990.23606971819,1.5,1.0,
2025-05-31 02:00:00,강력한 반전 (BB 찢고 복귀),103702.3,103335.7616422829,1.5,1.0,
2025-05-31 03:00:00,역추세 반등 (BB 하단),103220.4,103198.01960900032,1.0,1.0,
2025-05-31 03:00:00,강력한 반전 (BB 찢고 복귀),103220.4,103198.01960900032,1.5,1.0,
2025-05-31 03:15:00,강력한 반전 (BB 찢고 복귀),103445.0,103207.8440860212,1.5,1.0,
2025-05-31 10:45:00,역추세 반등 (BB 하단),103380.4,103291.31920994224,1.0,1.0,
2025-05-31 10:45:00,강력한 반전 (BB 찢고 복귀),103380.4,103291.31920994224,1.5,1.0,
2025-05-31 12:00:00,추세확정 (BB 상단 돌파),103823.3,,2.0,1.0,103804.94484252828
2025-05-31 12:45:00,추세확정 (BB 상단 돌파),103998.8,,2.0,1.0,103921.72182789093
2025-05-31 14:00:00,추세확정 (BB 상단 돌파),104359.6,,2.0,1.0,104331.93798982327
2025-06-01 00:30:00,역추세 반등 (BB 하단),104423.8,104376.71687341716,1.0,1.0,
2025-06-01 00:30:00,강력한 반전 (BB 찢고 복귀),104423.8,104376.71687341716,1.5,1.0,
2025-06-01 01:00:00,강력한 반전 (BB 찢고 복귀),104430.0,104327.72513600484,1.5,1.0,
2025-06-01 02:15:00,역추세 반등 (BB 하단),104117.0,103949.12304212981,1.0,1.0,
2025-06-01 02:15:00,강력한 반전 (BB 찢고 복귀),104117.0,103949.12304212981,1.5,1.0,
2025-06-01 09:45:00,역추세 반등 (BB 하단),103886.4,103866.82230730818,1.0,1.0,
2025-06-01 09:45:00,강력한 반전 (BB 찢고 복귀),103886.4,103866.82230730818,1.5,1.0,
2025-06-01 10:00:00,강력한 반전 (BB 찢고 복귀),103917.9,103844.02863357907,1.5,1.0,
2025-06-01 14:00:00,추세확정 (BB 상단 돌파),104447.8,,2.0,1.0,104370.82290010578
2025-06-01 16:00:00,추세확정 (BB 상단 돌파),105049.9,,2.0,1.0,104996.3604453887
2025-06-01 22:00:00,추세확정 (BB 상단 돌파),105693.0,,2.0,1.0,105582.71416140141
2025-06-02 02:15:00,강력한 반전 (BB 찢고 복귀),105241.4,105188.47710135211,1.5,1.0,
2025-06-02 02:30:00,강력한 반전 (BB 찢고 복귀),105268.6,105177.65861205953,1.5,1.0,
2025-06-02 03:15:00,역추세 반등 (BB 하단),104785.8,104829.14539751857,1.0,1.0,
2025-06-02 03:30:00,역추세 반등 (BB 하단),104887.3,104760.70967261863,1.0,1.0,
2025-06-02 07:30:00,추세확정 (BB 상단 돌파),105381.7,,2.0,1.0,105312.97257221148
2025-06-02 08:00:00,추세확정 (BB 상단 돌파),105483.9,,2.0,1.0,105461.40737332989
2025-06-02 14:00:00,강력한 반전 (BB 찢고 복귀),104065.1,103714.08276366936,1.5,1.0,
2025-06-02 20:00:00,추세확정 (BB 상단 돌파),104851.4,,2.0,1.0,104670.40493221901
2025-06-02 22:00:00,추세확정 (BB 상단 돌파),105165.4,,2.0,1.0,105160.20967610495
2025-06-03 08:30:00,역추세 반등 (BB 하단),104886.8,104894.10248674557,1.0,1.0,
2025-06-03 08:45:00,역추세 반등 (BB 하단),105032.0,104884.96036178537,1.0,1.0,
2025-06-03 08:45:00,강력한 반전 (BB 찢고 복귀),105032.0,104884.96036178537,1.5,1.0,
2025-06-03 13:30:00,추세확정 (BB 상단 돌파),105541.7,,2.0,1.0,105481.81108711654
2025-06-03 13:30:00,강력한 반전 (BB 찢고 복귀),105541.7,105000.22891288344,1.5,1.0,
2025-06-03 14:15:00,추세확정 (BB 상단 돌파),105732.0,,2.0,1.0,105571.81256262967
2025-06-03 20:30:00,강력한 반전 (BB 찢고 복귀),105750.6,105462.664070298,1.5,1.0,
2025-06-03 21:15:00,강력한 반전 (BB 찢고 복귀),105587.7,105428.4144698907,1.5,1.0,
2025-06-03 22:00:00,강력한 반전 (BB 찢고 복귀),105665.0,105279.31720405181,1.5,1.0,
2025-06-04 09:30:00,추세확정 (BB 상단 돌파),105599.8,,2.0,1.0,105512.80018839776
2025-06-04 12:00:00,강력한 반전 (BB 찢고 복귀),105120.2,104979.35082548321,1.5,1.0,
2025-06-04 12:30:00,강력한 반전 (BB 찢고 복귀),104935.7,104857.2968143603,1.5,1.0,
2025-06-04 20:30:00,역추세 반등 (BB 하단),104717.7,104603.92861687507,1.0,1.0,
2025-06-04 20:30:00,강력한 반전 (BB 찢고 복귀),104717.7,104603.92861687507,1.5,1.0,
2025-06-05 01:00:00,추세확정 (BB 상단 돌파),105000.2,,2.0,1.0,104979.54426812976
2025-06-05 02:30:00,추세확정 (BB 상단 돌파),105110.5,,2.0,1.0,105067.10679593141
2025-06-05 06:15:00,역추세 반등 (BB 하단),104640.7,104532.28007804386,1.0,1.0,
2025-06-05 06:15:00,강력한 반전 (BB 찢고 복귀),104640.7,104532.28007804386,1.5,1.0,
2025-06-05 06:45:00,역추세 반등 (BB 하단),104401.8,104378.95644614604,1.0,1.0,
2025-06-05 06:45:00,강력한 반전 (BB 찢고 복귀),104401.8,104378.95644614604,1.5,1.0,
2025-06-05 12:00:00,추세확정 (BB 상단 돌파),105057.6,,2.0,1.0,104949.53586545402
2025-06-05 14:30:00,강력한 반전 (BB 찢고 복귀),104537.2,103951.1106401598,1.5,1.0,
2025-06-05 17:00:00,역추세 반등 (BB 하단),103366.4,103127.03309831853,1.0,1.0,
2025-06-05 17:00:00,강력한 반전 (BB 찢고 복귀),103366.4,103127.03309831853,1.5,1.0,
2025-06-05 18:15:00,강력한 반전 (BB 찢고 복귀),103249.1,102620.28293407497,1.5,1.0,
2025-06-06 02:45:00,추세확정 (BB 상단 돌파),102154.2,,2.0,1.0,102135.25207957628
2025-06-06 03:15:00,추세확정 (BB 상단 돌파),102256.9,,2.0,1.0,102238.84216651587
2025-06-06 13:30:00,추세확정 (BB 상단 돌파),104306.8,,2.0,1.0,104123.78464759195
2025-06-06 14:00:00,추세확정 (BB 상단 돌파),104289.1,,2.0,1.0,104237.788650062
2025-06-07 00:15:00,역추세 반등 (BB 하단),104124.7,104050.08425303022,1.0,1.0,
2025-06-07 00:15:00,강력한 반전 (BB 찢고 복귀),104124.7,104050.08425303022,1.5,1.0,
2025-06-07 03:00:00,추세확정 (BB 상단 돌파),104700.0,,2.0,1.0,104621.4453329438
2025-06-07 03:30:00,추세확정 (BB 상단 돌파),104788.2,,2.0,1.0,104752.92785523247
2025-06-07 06:45:00,추세확정 (BB 상단 돌파),105291.3,,2.0,1.0,105158.84664222338
2025-06-07 12:30:00,추세확정 (BB 상단 돌파),105589.6,,2.0,1.0,105433.40061197334
2025-06-07 18:00:00,추세확정 (BB 상단 돌파),105649.9,,2.0,1.0,105641.52372946184
2025-06-07 19:15:00,추세확정 (BB 상단 돌파),105818.2,,2.0,1.0,105777.06991086497
2025-06-08 00:15:00,역추세 반등 (BB 하단),105462.0,105439.50995618249,1.0,1.0,
2025-06-08 00:15:00,강력한 반전 (BB 찢고 복귀),105462.0,105439.50995618249,1.5,1.0,
2025-06-08 01:00:00,강력한 반전 (BB 찢고 복귀),105473.8,105348.69782502874,1.5,1.0,
2025-06-08 10:15:00,역추세 반등 (BB 하단),105030.4,104994.53252134427,1.0,1.0,
2025-06-08 10:15:00,강력한 반전 (BB 찢고 복귀),105030.4,104994.53252134427,1.5,1.0,
2025-06-08 16:00:00,추세확정 (BB 상단 돌파),106095.9,,2.0,1.0,106061.21110828863
2025-06-08 22:15:00,역추세 반등 (BB 하단),105964.8,105967.17465466581,1.0,1.0,
2025-06-08 23:15:00,역추세 반등 (BB 하단),105625.0,105636.73569089656,1.0,1.0,
2025-06-09 03:15:00,강력한 반전 (BB 찢고 복귀),105432.5,105383.43522608819,1.5,1.0,
2025-06-09 05:00:00,강력한 반전 (BB 찢고 복귀),105393.3,105342.6803451249,1.5,1.0,
2025-06-09 06:00:00,강력한 반전 (BB 찢고 복귀),105352.6,105267.6287490513,1.5,1.0,
2025-06-09 08:45:00,추세확정 (BB 상단 돌파),105878.8,,2.0,1.0,105780.21894631788
2025-06-09 17:00:00,추세확정 (BB 상단 돌파),108230.1,,2.0,1.0,108206.68604425505
2025-06-09 21:00:00,추세확정 (BB 상단 돌파),109165.9,,2.0,1.0,109005.3051877832
2025-06-10 02:15:00,강력한 반전 (BB 찢고 복귀),109603.3,109540.40448812724,1.5,1.0,
2025-06-10 03:15:00,역추세 반등 (BB 하단),109435.5,109311.4399935527,1.0,1.0,
2025-06-10 07:45:00,역추세 반등 (BB 하단),109170.9,109134.3355931076,1.0,1.0,
2025-06-10 07:45:00,강력한 반전 (BB 찢고 복귀),109170.9,109134.3355931076,1.5,1.0,
2025-06-10 08:30:00,강력한 반전 (BB 찢고 복귀),109207.6,109073.57642060252,1.5,1.0,
2025-06-10 11:15:00,추세확정 (BB 상단 돌파),109693.1,,2.0,1.0,109639.20109885748
2025-06-10 13:45:00,강력한 반전 (BB 찢고 복귀),109274.4,109020.26469682627,1.5,1.0,
2025-06-10 14:45:00,역추세 반등 (BB 하단),108578.0,108603.52952830265,1.0,1.0,
2025-06-10 15:00:00,역추세 반등 (BB 하단),109061.3,108578.04026812113,1.0,1.0,
2025-06-10 15:00:00,강력한 반전 (BB 찢고 복귀),109061.3,108578.04026812113,1.5,1.0,
2025-06-10 18:45:00,추세확정 (BB 상단 돌파),109239.2,,2.0,1.0,109236.48218476583
2025-06-10 23:45:00,추세확정 (BB 상단 돌파),110227.5,,2.0,1.0,110224.77718403912
2025-06-11 05:15:00,강력한 반전 (BB 찢고 복귀),109579.8,109421.11305705816,1.5,1.0,
2025-06-11 06:45:00,강력한 반전 (BB 찢고 복귀),109537.8,109348.61134264302,1.5,1.0,
2025-06-11 10:00:00,역추세 반등 (BB 하단),109219.0,109211.08498913528,1.0,1.0,
2025-06-11 10:00:00,강력한 반전 (BB 찢고 복귀),109219.0,109211.08498913528,1.5,1.0,
2025-06-11 12:00:00,강력한 반전 (BB 찢고 복귀),109336.7,109096.38817484655,1.5,1.0,
2025-06-11 12:30:00,추세확정 (BB 상단 돌파),109774.4,,2.0,1.0,109654.86906670399
2025-06-11 14:00:00,추세확정 (BB 상단 돌파),109950.7,,2.0,1.0,109895.13797620937
2025-06-11 18:30:00,역추세 반등 (BB 하단),108765.6,108583.7842828474,1.0,1.0,
2025-06-11 18:30:00,강력한 반전 (BB 찢고 복귀),108765.6,108583.7842828474,1.5,1.0,
2025-06-11 22:30:00,역추세 반등 (BB 하단),108270.0,108264.25190528453,1.0,1.0,
2025-06-11 22:30:00,강력한 반전 (BB 찢고 복귀),108270.0,108264.25190528453,1.5,1.0,
2025-06-12 03:30:00,역추세 반등 (BB 하단),107998.0,108019.38498492271,1.0,1.0,
2025-06-12 08:00:00,강력한 반전 (BB 찢고 복귀),107681.2,107466.79586070767,1.5,1.0,
2025-06-12 10:45:00,역추세 반등 (BB 하단),107270.9,107176.64189112034,1.0,1.0,
2025-06-12 10:45:00,강력한 반전 (BB 찢고 복귀),107270.9,107176.64189112034,1.5,1.0,
2025-06-12 11:30:00,역추세 반등 (BB 하단),107073.3,106983.81832491882,1.0,1.0,
2025-06-12 11:30:00,강력한 반전 (BB 찢고 복귀),107073.3,106983.81832491882,1.5,1.0,
2025-06-12 13:30:00,강력한 반전 (BB 찢고 복귀),107082.2,106648.80789809008,1.5,1.0,
2025-06-12 17:15:00,추세확정 (BB 상단 돌파),108125.7,,2.0,1.0,108064.18328274923
2025-06-12 20:15:00,역추세 반등 (BB 하단),106838.8,106554.67882754697,1.0,1.0,
2025-06-12 20:15:00,강력한 반전 (BB 찢고 복귀),106838.8,106554.67882754697,1.5,1.0,
2025-06-12 21:00:00,역추세 반등 (BB 하단),106135.5,105852.97494680593,1.0,1.0,
2025-06-12 21:00:00,강력한 반전 (BB 찢고 복귀),106135.5,105852.97494680593,1.5,1.0,
2025-06-13 00:30:00,역추세 반등 (BB 하단),103844.1,104040.56395782297,1.0,1.0,
2025-06-13 01:15:00,역추세 반등 (BB 하단),103203.2,102950.02819942386,1.0,1.0,
2025-06-13 01:15:00,강력한 반전 (BB 찢고 복귀),103203.2,102950.02819942386,1.5,1.0,
2025-06-13 08:00:00,추세확정 (BB 상단 돌파),105355.7,,2.0,1.0,105083.18917401068
2025-06-13 13:30:00,추세확정 (BB 상단 돌파),105189.9,,2.0,1.0,105130.40803352198
2025-06-13 14:30:00,역추세 반등 (BB 하단),104607.8,104307.87278595475,1.0,1.0,
2025-06-13 14:30:00,강력한 반전 (BB 찢고 복귀),104607.8,104307.87278595475,1.5,1.0,
2025-06-13 15:00:00,추세확정 (BB 상단 돌파),105439.3,,2.0,1.0,105366.50550444933
2025-06-14 06:30:00,역추세 반등 (BB 하단),105144.2,105110.22927869573,1.0,1.0,
2025-06-14 06:30:00,강력한 반전 (BB 찢고 복귀),105144.2,105110.22927869573,1.5,1.0,
2025-06-14 07:15:00,역추세 반등 (BB 하단),104927.0,104950.02928271407,1.0,1.0,
2025-06-14 07:30:00,역추세 반등 (BB 하단),105075.9,104936.50196696831,1.0,1.0,
2025-06-14 07:30:00,강력한 반전 (BB 찢고 복귀),105075.9,104936.50196696831,1.5,1.0,
2025-06-14 08:15:00,역추세 반등 (BB 하단),104952.7,104836.54947565329,1.0,1.0,
2025-06-14 08:15:00,강력한 반전 (BB 찢고 복귀),104952.7,104836.54947565329,1.5,1.0,
2025-06-14 08:30:00,강력한 반전 (BB 찢고 복귀),105013.9,104825.07539109192,1.5,1.0,
2025-06-14 12:45:00,역추세 반등 (BB 하단),104987.7,104785.33880693156,1.0,1.0,
2025-06-14 12:45:00,강력한 반전 (BB 찢고 복귀),104987.7,104785.33880693156,1.5,1.0,
2025-06-14 14:45:00,강력한 반전 (BB 찢고 복귀),104858.5,104795.12366398504,1.5,1.0,
2025-06-14 15:45:00,역추세 반등 (BB 하단),104780.6,104719.32294342757,1.0,1.0,
2025-06-14 15:45:00,강력한 반전 (BB 찢고 복귀),104780.6,104719.32294342757,1.5,1.0,
2025-06-14 17:00:00,역추세 반등 (BB 하단),104548.6,104481.79852334986,1.0,1.0,
2025-06-14 17:00:00,강력한 반전 (BB 찢고 복귀),104548.6,104481.79852334986,1.5,1.0,
2025-06-14 18:45:00,강력한 반전 (BB 찢고 복귀),104847.7,104332.92442704116,1.5,1.0,
2025-06-14 20:15:00,강력한 반전 (BB 찢고 복귀),104600.0,104279.31958710235,1.5,1.0,
2025-06-14 22:00:00,추세확정 (BB 상단 돌파),105413.2,,2.0,1.0,105399.31794273536
2025-06-15 05:15:00,추세확정 (BB 상단 돌파),105631.0,,2.0,1.0,105614.31734734749
2025-06-15 07:30:00,강력한 반전 (BB 찢고 복귀),105311.4,105159.76516705683,1.5,1.0,
2025-06-15 13:00:00,추세확정 (BB 상단 돌파),105374.0,,2.0,1.0,105320.16418229986
2025-06-15 19:45:00,역추세 반등 (BB 하단),105246.3,105214.01139891439,1.0,1.0,
2025-06-15 19:45:00,강력한 반전 (BB 찢고 복귀),105246.3,105214.01139891439,1.5,1.0,
2025-06-15 20:45:00,역추세 반등 (BB 하단),104687.5,104742.02292804603,1.0,1.0,
2025-06-15 21:15:00,역추세 반등 (BB 하단),104768.7,104525.30458081384,1.0,1.0,
2025-06-15 21:15:00,강력한 반전 (BB 찢고 복귀),104768.7,104525.30458081384,1.5,1.0,
2025-06-16 05:15:00,추세확정 (BB 상단 돌파),106653.4,,2.0,1.0,106638.88479041134
2025-06-16 07:30:00,추세확정 (BB 상단 돌파),107141.9,,2.0,1.0,107121.46103460867
2025-06-16 12:30:00,강력한 반전 (BB 찢고 복귀),106708.2,106600.93470585672,1.5,1.0,
2025-06-16 13:30:00,강력한 반전 (BB 찢고 복귀),106700.3,106486.23834382197,1.5,1.0,
2025-06-16 14:15:00,추세확정 (BB 상단 돌파),107297.8,,2.0,1.0,107227.52296672264
2025-06-16 19:00:00,추세확정 (BB 상단 돌파),108570.9,,2.0,1.0,108348.16148454873
2025-06-16 22:45:00,역추세 반등 (BB 하단),107647.1,107623.4213159769,1.0,1.0,
2025-06-16 22:45:00,강력한 반전 (BB 찢고 복귀),107647.1,107623.4213159769,1.5,1.0,
2025-06-16 23:00:00,강력한 반전 (BB 찢고 복귀),107818.0,107608.71426699839,1.5,1.0,
2025-06-17 00:15:00,역추세 반등 (BB 하단),106750.0,106412.66126831157,1.0,1.0,
2025-06-17 00:15:00,강력한 반전 (BB 찢고 복귀),106750.0,106412.66126831157,1.5,1.0,
2025-06-17 07:30:00,역추세 반등 (BB 하단),106622.9,106486.50871737827,1.0,1.0,
2025-06-17 07:30:00,강력한 반전 (BB 찢고 복귀),106622.9,106486.50871737827,1.5,1.0,
2025-06-17 10:45:00,역추세 반등 (BB 하단),105902.1,105733.39448460231,1.0,1.0,
2025-06-17 10:45:00,강력한 반전 (BB 찢고 복귀),105902.1,105733.39448460231,1.5,1.0,
2025-06-17 14:00:00,강력한 반전 (BB 찢고 복귀),105623.5,105117.22687741097,1.5,1.0,
2025-06-17 15:30:00,역추세 반등 (BB 하단),104531.0,104437.53753079231,1.0,1.0,
2025-06-17 15:30:00,강력한 반전 (BB 찢고 복귀),104531.0,104437.53753079231,1.5,1.0,
2025-06-17 16:00:00,역추세 반등 (BB 하단),104354.0,104143.33289981457,1.0,1.0,
2025-06-17 17:00:00,역추세 반등 (BB 하단),103585.9,103426.66781502418,1.0,1.0,
2025-06-17 17:00:00,강력한 반전 (BB 찢고 복귀),103585.9,103426.66781502418,1.5,1.0,
2025-06-18 01:00:00,추세확정 (BB 상단 돌파),104909.0,,2.0,1.0,104860.70354464336
2025-06-18 11:00:00,역추세 반등 (BB 하단),104424.0,104257.02459931934,1.0,1.0,
2025-06-18 11:00:00,강력한 반전 (BB 찢고 복귀),104424.0,104257.02459931934,1.5,1.0,
2025-06-18 13:30:00,역추세 반등 (BB 하단),104151.4,103935.91175537716,1.0,1.0,
2025-06-18 13:30:00,강력한 반전 (BB 찢고 복귀),104151.4,103935.91175537716,1.5,1.0,
2025-06-18 13:45:00,강력한 반전 (BB 찢고 복귀),104394.2,103937.91138402141,1.5,1.0,
2025-06-18 14:15:00,추세확정 (BB 상단 돌파),105115.5,,2.0,1.0,105109.51836588078
2025-06-18 17:30:00,강력한 반전 (BB 찢고 복귀),104148.2,103762.7983622936,1.5,1.0,
2025-06-18 19:00:00,역추세 반등 (BB 하단),104256.1,103707.60554704313,1.0,1.0,
2025-06-18 19:00:00,강력한 반전 (BB 찢고 복귀),104256.1,103707.60554704313,1.5,1.0,
2025-06-19 12:45:00,강력한 반전 (BB 찢고 복귀),104705.4,104627.24304669746,1.5,1.0,
2025-06-19 13:15:00,역추세 반등 (BB 하단),104741.5,104583.61457575833,1.0,1.0,
2025-06-19 13:15:00,강력한 반전 (BB 찢고 복귀),104741.5,104583.61457575833,1.5,1.0,
2025-06-19 14:00:00,역추세 반등 (BB 하단),104419.3,104357.62403273433,1.0,1.0,
2025-06-19 14:00:00,강력한 반전 (BB 찢고 복귀),104419.3,104357.62403273433,1.5,1.0,
2025-06-19 15:00:00,역추세 반등 (BB 하단),104327.6,104133.84741279302,1.0,1.0,
2025-06-19 15:00:00,강력한 반전 (BB 찢고 복귀),104327.6,104133.84741279302,1.5,1.0,
2025-06-19 22:30:00,추세확정 (BB 상단 돌파),104658.4,,2.0,1.0,104632.32907812527
2025-06-19 23:00:00,추세확정 (BB 상단 돌파),104679.0,,2.0,1.0,104665.60822529563
2025-06-20 05:00:00,역추세 반등 (BB 하단),104314.7,104246.85282019737,1.0,1.0,
2025-06-20 05:00:00,강력한 반전 (BB 찢고 복귀),104314.7,104246.85282019737,1.5,1.0,
2025-06-20 07:15:00,추세확정 (BB 상단 돌파),105109.0,,2.0,1.0,104943.43640066069
2025-06-20 15:00:00,역추세 반등 (BB 하단),104230.1,104380.06610196618,1.0,1.0,
2025-06-20 15:30:00,강력한 반전 (BB 찢고 복귀),104519.0,104032.64117958269,1.5,1.0,
2025-06-21 08:30:00,추세확정 (BB 상단 돌파),103555.3,,2.0,1.0,103540.61299941593
2025-06-21 10:00:00,추세확정 (BB 상단 돌파),103872.9,,2.0,1.0,103860.40618363644
2025-06-21 14:30:00,역추세 반등 (BB 하단),103646.8,103460.45141354932,1.0,1.0,
2025-06-21 14:30:00,강력한 반전 (BB 찢고 복귀),103646.8,103460.45141354932,1.5,1.0,
2025-06-21 15:30:00,강력한 반전 (BB 찢고 복귀),103481.3,103334.07829500882,1.5,1.0,
2025-06-21 18:00:00,역추세 반등 (BB 하단),103315.8,103156.27344231577,1.0,1.0,
2025-06-21 18:00:00,강력한 반전 (BB 찢고 복귀),103315.8,103156.27344231577,1.5,1.0,
2025-06-21 20:00:00,역추세 반등 (BB 하단),102400.0,102160.43137232508,1.0,1.0,
2025-06-21 20:00:00,강력한 반전 (BB 찢고 복귀),102400.0,102160.43137232508,1.5,1.0,
2025-06-21 22:00:00,역추세 반등 (BB 하단),101829.5,101415.41421424718,1.0,1.0,
2025-06-21 22:00:00,강력한 반전 (BB 찢고 복귀),101829.5,101415.41421424718,1.5,1.0,
2025-06-21 23:45:00,강력한 반전 (BB 찢고 복귀),102083.9,101075.67560488643,1.5,1.0,
2025-06-22 09:30:00,강력한 반전 (BB 찢고 복귀),102384.9,102241.8363768451,1.5,1.0,
2025-06-22 10:00:00,역추세 반등 (BB 하단),102316.6,102144.14780693279,1.0,1.0,
2025-06-22 10:00:00,강력한 반전 (BB 찢고 복귀),102316.6,102144.14780693279,1.5,1.0,
2025-06-22 13:45:00,역추세 반등 (BB 하단),100804.6,100857.13864904504,1.0,1.0,
2025-06-22 14:45:00,역추세 반등 (BB 하단),99580.3,99160.7199118093,1.0,1.0,
2025-06-22 14:45:00,강력한 반전 (BB 찢고 복귀),99580.3,99160.7199118093,1.5,1.0,
2025-06-22 20:15:00,역추세 반등 (BB 하단),98463.5,98385.80735885067,1.0,1.0,
2025-06-22 20:15:00,강력한 반전 (BB 찢고 복귀),98463.5,98385.80735885067,1.5,1.0,
2025-06-22 20:30:00,강력한 반전 (BB 찢고 복귀),99155.8,98382.05852484073,1.5,1.0,
2025-06-22 22:00:00,추세확정 (BB 상단 돌파),100294.0,,2.0,1.0,100078.62802227207
2025-06-23 05:45:00,추세확정 (BB 상단 돌파),101710.8,,2.0,1.0,101637.85363501974
2025-06-23 10:45:00,역추세 반등 (BB 하단),101400.0,101206.7818817635,1.0,1.0,
2025-06-23 10:45:00,강력한 반전 (BB 찢고 복귀),101400.0,101206.7818817635,1.5,1.0,
2025-06-23 13:30:00,추세확정 (BB 상단 돌파),101944.9,,2.0,1.0,101856.91292427578
2025-06-23 13:30:00,강력한 반전 (BB 찢고 복귀),101944.9,100909.99707572423,1.5,1.0,
2025-06-23 16:30:00,역추세 반등 (BB 하단),100514.0,100393.52665933658,1.0,1.0,
2025-06-23 16:30:00,강력한 반전 (BB 찢고 복귀),100514.0,100393.52665933658,1.5,1.0,
2025-06-23 16:45:00,강력한 반전 (BB 찢고 복귀),100644.9,100308.74499548796,1.5,1.0,
2025-06-23 22:00:00,추세확정 (BB 상단 돌파),105274.7,,2.0,1.0,104667.95032085491
2025-06-24 06:30:00,추세확정 (BB 상단 돌파),105648.7,,2.0,1.0,105592.27269871037
2025-06-24 13:45:00,강력한 반전 (BB 찢고 복귀),105033.4,104961.09888487495,1.5,1.0,
2025-06-24 14:00:00,강력한 반전 (BB 찢고 복귀),105176.3,104972.28198507642,1.5,1.0,
2025-06-24 14:15:00,추세확정 (BB 상단 돌파),105328.2,,2.0,1.0,105325.01220464925
2025-06-24 16:30:00,추세확정 (BB 상단 돌파),105755.2,,2.0,1.0,105691.10310087135
2025-06-25 00:00:00,추세확정 (BB 상단 돌파),106399.8,,2.0,1.0,106293.14753298167
2025-06-25 00:45:00,추세확정 (BB 상단 돌파),106350.0,,2.0,1.0,106337.1185000146
2025-06-25 02:00:00,추세확정 (BB 상단 돌파),106694.0,,2.0,1.0,106588.58821267847
2025-06-25 09:00:00,추세확정 (BB 상단 돌파),106781.8,,2.0,1.0,106781.02501690894
2025-06-25 10:15:00,추세확정 (BB 상단 돌파),107061.1,,2.0,1.0,106969.81503177185
2025-06-25 13:15:00,추세확정 (BB 상단 돌파),107808.3,,2.0,1.0,107585.95722376331
2025-06-25 23:00:00,강력한 반전 (BB 찢고 복귀),107231.9,107132.26546011116,1.5,1.0,
2025-06-26 01:15:00,강력한 반전 (BB 찢고 복귀),107372.3,107038.5043787718,1.5,1.0,
2025-06-26 02:00:00,추세확정 (BB 상단 돌파),107743.3,,2.0,1.0,107669.43794440768
2025-06-26 02:45:00,추세확정 (BB 상단 돌파),107875.6,,2.0,1.0,107835.69138079684
2025-06-26 08:00:00,추세확정 (BB 상단 돌파),108031.7,,2.0,1.0,108005.17190885314
2025-06-26 09:15:00,역추세 반등 (BB 하단),107400.0,107338.213948232,1.0,1.0,
2025-06-26 09:15:00,강력한 반전 (BB 찢고 복귀),107400.0,107338.213948232,1.5,1.0,
2025-06-26 10:00:00,강력한 반전 (BB 찢고 복귀),107327.5,107184.87851059006,1.5,1.0,
2025-06-26 14:00:00,역추세 반등 (BB 하단),107000.0,106916.2359767882,1.0,1.0,
2025-06-26 14:00:00,강력한 반전 (BB 찢고 복귀),107000.0,106916.2359767882,1.5,1.0,
2025-06-26 14:15:00,강력한 반전 (BB 찢고 복귀),107189.0,106923.51955808503,1.5,1.0,
2025-06-26 14:30:00,추세확정 (BB 상단 돌파),107592.6,,2.0,1.0,107499.87295628479
2025-06-26 15:30:00,강력한 반전 (BB 찢고 복귀),106863.9,106787.47417826035,1.5,1.0,
2025-06-26 20:30:00,추세확정 (BB 상단 돌파),107898.9,,2.0,1.0,107725.1618782905
2025-06-26 21:45:00,역추세 반등 (BB 하단),106966.8,106878.5193055871,1.0,1.0,
2025-06-26 21:45:00,강력한 반전 (BB 찢고 복귀),106966.8,106878.5193055871,1.5,1.0,
2025-06-27 01:00:00,강력한 반전 (BB 찢고 복귀),106847.7,106427.57700751921,1.5,1.0,
2025-06-27 03:30:00,추세확정 (BB 상단 돌파),107399.8,,2.0,1.0,107390.773858005
2025-06-27 08:00:00,역추세 반등 (BB 하단),106836.5,106877.67897573586,1.0,1.0,
2025-06-27 08:30:00,역추세 반등 (BB 하단),106766.5,106697.80075863659,1.0,1.0,
2025-06-27 08:30:00,강력한 반전 (BB 찢고 복귀),106766.5,106697.80075863659,1.5,1.0,
2025-06-27 12:15:00,추세확정 (BB 상단 돌파),107124.3,,2.0,1.0,107120.070599798
2025-06-27 13:00:00,강력한 반전 (BB 찢고 복귀),106742.1,106619.83713323134,1.5,1.0,
2025-06-27 13:30:00,강력한 반전 (BB 찢고 복귀),106804.1,106619.19105947793,1.5,1.0,
2025-06-27 14:30:00,역추세 반등 (BB 하단),106508.8,106470.12519197,1.0,1.0,
2025-06-27 14:30:00,강력한 반전 (BB 찢고 복귀),106508.8,106470.12519197,1.5,1.0,
2025-06-27 15:45:00,추세확정 (BB 상단 돌파),107268.3,,2.0,1.0,107247.11619709515
2025-06-28 01:30:00,역추세 반등 (BB 하단),106937.7,106798.00215571052,1.0,1.0,
2025-06-28 01:30:00,강력한 반전 (BB 찢고 복귀),106937.7,106798.00215571052,1.5,1.0,
2025-06-28 03:45:00,추세확정 (BB 상단 돌파),107241.2,,2.0,1.0,107239.51509204468
2025-06-28 06:15:00,추세확정 (BB 상단 돌파),107394.4,,2.0,1.0,107382.00186001792
2025-06-28 14:00:00,역추세 반등 (BB 하단),107125.8,107077.43167267164,1.0,1.0,
2025-06-28 14:00:00,강력한 반전 (BB 찢고 복귀),107125.8,107077.43167267164,1.5,1.0,
2025-06-28 15:45:00,추세확정 (BB 상단 돌파),107401.4,,2.0,1.0,107392.31749705858
2025-06-28 20:15:00,강력한 반전 (BB 찢고 복귀),107178.4,107119.93649506927,1.5,1.0,
2025-06-29 00:15:00,추세확정 (BB 상단 돌파),107376.7,,2.0,1.0,107369.66619758161
2025-06-29 06:45:00,추세확정 (BB 상단 돌파),107320.2,,2.0,1.0,107314.065712134
2025-06-29 08:00:00,추세확정 (BB 상단 돌파),107400.1,,2.0,1.0,107384.09672375118
2025-06-29 08:30:00,추세확정 (BB 상단 돌파),107633.7,,2.0,1.0,107499.86754388385
2025-06-29 10:00:00,추세확정 (BB 상단 돌파),108092.9,,2.0,1.0,107993.1735960957
2025-06-29 14:45:00,역추세 반등 (BB 하단),107884.1,107820.18253901084,1.0,1.0,
2025-06-29 14:45:00,강력한 반전 (BB 찢고 복귀),107884.1,107820.18253901084,1.5,1.0,
2025-06-29 15:00:00,강력한 반전 (BB 찢고 복귀),107937.1,107805.8549359577,1.5,1.0,
2025-06-29 16:45:00,역추세 반등 (BB 하단),107498.8,107416.74173242981,1.0,1.0,
2025-06-29 16:45:00,강력한 반전 (BB 찢고 복귀),107498.8,107416.74173242981,1.5,1.0,
2025-06-29 21:00:00,강력한 반전 (BB 찢고 복귀),107342.9,107245.44561495382,1.5,1.0,
2025-06-29 22:00:00,추세확정 (BB 상단 돌파),107744.9,,2.0,1.0,107693.47405319904
2025-06-29 23:15:00,추세확정 (BB 상단 돌파),108339.6,,2.0,1.0,108236.85663760858
2025-06-30 05:45:00,강력한 반전 (BB 찢고 복귀),108236.5,108164.40916638928,1.5,1.0,
2025-06-30 07:15:00,역추세 반등 (BB 하단),107656.1,107532.20034014003,1.0,1.0,
2025-06-30 07:15:00,강력한 반전 (BB 찢고 복귀),107656.1,107532.20034014003,1.5,1.0,
2025-06-30 11:15:00,추세확정 (BB 상단 돌파),107780.1,,2.0,1.0,107756.35546861726
2025-06-30 15:00:00,역추세 반등 (BB 하단),106779.1,106914.50252117812,1.0,1.0,
2025-06-30 15:15:00,역추세 반등 (BB 하단),107140.0,106878.24723892804,1.0,1.0,
2025-06-30 15:15:00,강력한 반전 (BB 찢고 복귀),107140.0,106878.24723892804,1.5,1.0,
2025-06-30 22:00:00,역추세 반등 (BB 하단),107130.2,107029.24389002788,1.0,1.0,
2025-06-30 22:00:00,강력한 반전 (BB 찢고 복귀),107130.2,107029.24389002788,1.5,1.0,
2025-07-01 05:30:00,역추세 반등 (BB 하단),106773.3,106683.74117430083,1.0,1.0,
2025-07-01 05:30:00,강력한 반전 (BB 찢고 복귀),106773.3,106683.74117430083,1.5,1.0,
2025-07-01 09:45:00,역추세 반등 (BB 하단),106491.1,106456.68925864511,1.0,1.0,
2025-07-01 09:45:00,강력한 반전 (BB 찢고 복귀),106491.1,106456.68925864511,1.5,1.0,
2025-07-01 10:45:00,강력한 반전 (BB 찢고 복귀),106434.9,106268.6086628113,1.5,1.0,
2025-07-01 13:45:00,추세확정 (BB 상단 돌파),106766.9,,2.0,1.0,106711.0147110846
2025-07-01 15:15:00,역추세 반등 (BB 하단),105934.2,105721.18749007187,1.0,1.0,
2025-07-01 15:15:00,강력한 반전 (BB 찢고 복귀),105934.2,105721.18749007187,1.5,1.0,
2025-07-01 19:15:00,강력한 반전 (BB 찢고 복귀),105685.1,105552.33999816522,1.5,1.0,
2025-07-01 20:00:00,역추세 반등 (BB 하단),105399.1,105319.40153256204,1.0,1.0,
2025-07-01 20:00:00,강력한 반전 (BB 찢고 복귀),105399.1,105319.40153256204,1.5,1.0,
2025-07-02 01:15:00,강력한 반전 (BB 찢고 복귀),105571.9,105280.9109485442,1.5,1.0,
2025-07-02 03:00:00,추세확정 (BB 상단 돌파),106021.7,,2.0,1.0,105945.62151954172
2025-07-02 08:00:00,추세확정 (BB 상단 돌파),107338.9,,2.0,1.0,107324.55016855127
2025-07-02 12:45:00,강력한 반전 (BB 찢고 복귀),107336.3,107197.08121914128,1.5,1.0,
2025-07-02 14:45:00,추세확정 (BB 상단 돌파),108100.0,,2.0,1.0,108081.8978647959
2025-07-02 15:30:00,추세확정 (BB 상단 돌파),108424.4,,2.0,1.0,108412.3245117916
2025-07-02 16:30:00,추세확정 (BB 상단 돌파),109474.1,,2.0,1.0,109419.97059988035
2025-07-02 23:45:00,역추세 반등 (BB 하단),108803.0,108745.75855324467,1.0,1.0,
2025-07-02 23:45:00,강력한 반전 (BB 찢고 복귀),108803.0,108745.75855324467,1.5,1.0,
2025-07-03 02:45:00,강력한 반전 (BB 찢고 복귀),108671.5,108507.92586658317,1.5,1.0,
2025-07-03 05:30:00,추세확정 (BB 상단 돌파),109189.7,,2.0,1.0,109182.5385700256
2025-07-03 06:15:00,추세확정 (BB 상단 돌파),109400.0,,2.0,1.0,109382.18390261907
2025-07-03 09:15:00,추세확정 (BB 상단 돌파),109939.9,,2.0,1.0,109805.55189848293
2025-07-03 12:45:00,역추세 반등 (BB 하단),109112.6,109007.35871169489,1.0,1.0,
2025-07-03 12:45:00,강력한 반전 (BB 찢고 복귀),109112.6,109007.35871169489,1.5,1.0,
2025-07-04 00:30:00,역추세 반등 (BB 하단),109603.7,109433.23943731847,1.0,1.0,
2025-07-04 02:45:00,역추세 반등 (BB 하단),109134.7,109153.29612314822,1.0,1.0,
2025-07-04 03:00:00,역추세 반등 (BB 하단),109145.1,109103.71006381768,1.0,1.0,
2025-07-04 03:00:00,강력한 반전 (BB 찢고 복귀),109145.1,109103.71006381768,1.5,1.0,
2025-07-04 06:15:00,역추세 반등 (BB 하단),108857.7,108768.3043529045,1.0,1.0,
2025-07-04 06:15:00,강력한 반전 (BB 찢고 복귀),108857.7,108768.3043529045,1.5,1.0,
2025-07-04 08:15:00,역추세 반등 (BB 하단),108741.7,108531.87889294393,1.0,1.0,
2025-07-04 08:15:00,강력한 반전 (BB 찢고 복귀),108741.7,108531.87889294393,1.5,1.0,
2025-07-04 14:15:00,역추세 반등 (BB 하단),107995.3,107891.20038959265,1.0,1.0,
2025-07-04 14:15:00,강력한 반전 (BB 찢고 복귀),107995.3,107891.20038959265,1.5,1.0,
2025-07-04 19:00:00,강력한 반전 (BB 찢고 복귀),107528.6,107369.86082374267,1.5,1.0,
2025-07-04 19:30:00,역추세 반등 (BB 하단),107458.8,107307.4079642246,1.0,1.0,
2025-07-04 19:30:00,강력한 반전 (BB 찢고 복귀),107458.8,107307.4079642246,1.5,1.0,
2025-07-04 22:30:00,추세확정 (BB 상단 돌파),108165.7,,2.0,1.0,108155.24829316352
2025-07-05 02:30:00,강력한 반전 (BB 찢고 복귀),107912.4,107768.36093613003,1.5,1.0,
2025-07-05 04:15:00,추세확정 (BB 상단 돌파),108329.4,,2.0,1.0,108278.98042690741
2025-07-05 07:45:00,강력한 반전 (BB 찢고 복귀),108008.7,107948.22712723447,1.5,1.0,
2025-07-05 08:00:00,강력한 반전 (BB 찢고 복귀),108078.8,107949.30268801916,1.5,1.0,
2025-07-05 08:45:00,역추세 반등 (BB 하단),107970.0,107894.47598788924,1.0,1.0,
2025-07-05 08:45:00,강력한 반전 (BB 찢고 복귀),107970.0,107894.47598788924,1.5,1.0,
2025-07-05 09:30:00,강력한 반전 (BB 찢고 복귀),107905.1,107845.57907909511,1.5,1.0,
2025-07-05 16:45:00,역추세 반등 (BB 하단),108050.0,107910.33906008613,1.0,1.0,
2025-07-05 16:45:00,강력한 반전 (BB 찢고 복귀),108050.0,107910.33906008613,1.5,1.0,
2025-07-06 03:00:00,역추세 반등 (BB 하단),108041.4,108007.38708935298,1.0,1.0,
2025-07-06 03:00:00,강력한 반전 (BB 찢고 복귀),108041.4,108007.38708935298,1.5,1.0,
2025-07-06 03:30:00,강력한 반전 (BB 찢고 복귀),108018.1,107976.79383301112,1.5,1.0,
2025-07-06 04:30:00,강력한 반전 (BB 찢고 복귀),107955.4,107920.10351196841,1.5,1.0,
2025-07-06 10:00:00,역추세 반등 (BB 하단),107868.8,107837.7096983372,1.0,1.0,
2025-07-06 10:00:00,강력한 반전 (BB 찢고 복귀),107868.8,107837.7096983372,1.5,1.0,
2025-07-06 12:30:00,추세확정 (BB 상단 돌파),108124.0,,2.0,1.0,108098.70631449214
2025-07-06 18:45:00,역추세 반등 (BB 하단),108432.8,108441.21398923303,1.0,1.0,
2025-07-06 19:00:00,역추세 반등 (BB 하단),108503.1,108410.50980298712,1.0,1.0,
2025-07-06 19:45:00,강력한 반전 (BB 찢고 복귀),108498.1,108287.7835886109,1.5,1.0,
2025-07-06 21:15:00,추세확정 (BB 상단 돌파),109257.6,,2.0,1.0,109131.37274113097
2025-07-07 07:00:00,역추세 반등 (BB 하단),108827.0,108702.86033530485,1.0,1.0,
2025-07-07 07:00:00,강력한 반전 (BB 찢고 복귀),108827.0,108702.86033530485,1.5,1.0,
2025-07-07 11:15:00,강력한 반전 (BB 찢고 복귀),108713.0,108606.72475793914,1.5,1.0,
2025-07-07 12:30:00,역추세 반등 (BB 하단),108450.0,108392.19085096421,1.0,1.0,
2025-07-07 12:30:00,강력한 반전 (BB 찢고 복귀),108450.0,108392.19085096421,1.5,1.0,
2025-07-07 13:15:00,역추세 반등 (BB 하단),108371.9,108210.24847443415,1.0,1.0,
2025-07-07 13:15:00,강력한 반전 (BB 찢고 복귀),108371.9,108210.24847443415,1.5,1.0,
2025-07-07 13:45:00,역추세 반등 (BB 하단),108474.9,108134.25540821186,1.0,1.0,
2025-07-07 13:45:00,강력한 반전 (BB 찢고 복귀),108474.9,108134.25540821186,1.5,1.0,
2025-07-07 14:15:00,강력한 반전 (BB 찢고 복귀),108100.0,108009.42816353461,1.5,1.0,
2025-07-07 14:30:00,강력한 반전 (BB 찢고 복귀),108132.1,107976.69049774442,1.5,1.0,
2025-07-07 17:00:00,역추세 반등 (BB 하단),107976.9,107908.67766303201,1.0,1.0,
2025-07-07 17:00:00,강력한 반전 (BB 찢고 복귀),107976.9,107908.67766303201,1.5,1.0,
2025-07-07 18:30:00,역추세 반등 (BB 하단),107684.6,107598.08418640768,1.0,1.0,
2025-07-07 18:30:00,강력한 반전 (BB 찢고 복귀),107684.6,107598.08418640768,1.5,1.0,
2025-07-08 00:15:00,추세확정 (BB 상단 돌파),108379.9,,2.0,1.0,108327.80225243211
2025-07-08 02:15:00,강력한 반전 (BB 찢고 복귀),107866.7,107606.73721589812,1.5,1.0,
2025-07-08 02:45:00,강력한 반전 (BB 찢고 복귀),107722.4,107524.91881809988,1.5,1.0,
2025-07-08 10:30:00,추세확정 (BB 상단 돌파),108827.5,,2.0,1.0,108650.50244254537
2025-07-08 15:00:00,역추세 반등 (BB 하단),108391.0,108344.31831738568,1.0,1.0,
2025-07-08 15:00:00,강력한 반전 (BB 찢고 복귀),108391.0,108344.31831738568,1.5,1.0,
2025-07-08 15:30:00,역추세 반등 (BB 하단),108265.5,108211.25123693753,1.0,1.0,
2025-07-08 15:30:00,강력한 반전 (BB 찢고 복귀),108265.5,108211.25123693753,1.5,1.0,
2025-07-08 16:15:00,강력한 반전 (BB 찢고 복귀),108398.1,108038.26548397473,1.5,1.0,
2025-07-09 01:00:00,추세확정 (BB 상단 돌파),109056.9,,2.0,1.0,109011.38635114493
2025-07-09 11:00:00,추세확정 (BB 상단 돌파),108964.3,,2.0,1.0,108925.13525345449
2025-07-09 12:00:00,추세확정 (BB 상단 돌파),109351.6,,2.0,1.0,109186.35788744572
2025-07-09 13:00:00,추세확정 (BB 상단 돌파),109666.2,,2.0,1.0,109611.04926915091
2025-07-09 19:15:00,추세확정 (BB 상단 돌파),110300.9,,2.0,1.0,109938.5708891611
2025-07-10 07:00:00,추세확정 (BB 상단 돌파),111343.2,,2.0,1.0,111313.11864420505
2025-07-10 10:45:00,강력한 반전 (BB 찢고 복귀),111033.8,110869.78182469432,1.5,1.0,
2025-07-10 12:15:00,역추세 반등 (BB 하단),110876.8,110782.46646982463,1.0,1.0,
2025-07-10 12:15:00,강력한 반전 (BB 찢고 복귀),110876.8,110782.46646982463,1.5,1.0,
2025-07-10 12:45:00,강력한 반전 (BB 찢고 복귀),110827.0,110724.6228974498,1.5,1.0,
2025-07-10 14:00:00,강력한 반전 (BB 찢고 복귀),111050.0,110708.44169130376,1.5,1.0,
2025-07-10 14:45:00,추세확정 (BB 상단 돌파),111193.3,,2.0,1.0,111188.24351591716
2025-07-10 15:15:00,추세확정 (BB 상단 돌파),111280.6,,2.0,1.0,111248.79153000223
2025-07-10 15:45:00,추세확정 (BB 상단 돌파),111359.2,,2.0,1.0,111332.95805499412
2025-07-10 21:15:00,추세확정 (BB 상단 돌파),115693.0,,2.0,1.0,114646.80715747236
2025-07-11 02:45:00,추세확정 (BB 상단 돌파),116634.9,,2.0,1.0,116520.58848852411
2025-07-11 05:15:00,추세확정 (BB 상단 돌파),117454.4,,2.0,1.0,117440.6095557927
2025-07-11 09:30:00,추세확정 (BB 상단 돌파),118572.6,,2.0,1.0,118555.97821037813
2025-07-11 13:45:00,강력한 반전 (BB 찢고 복귀),117977.9,117373.06441868244,1.5,1.0,
2025-07-11 16:15:00,역추세 반등 (BB 하단),117281.4,116982.54355773242,1.0,1.0,
2025-07-11 16:15:00,강력한 반전 (BB 찢고 복귀),117281.4,116982.54355773242,1.5,1.0,
2025-07-11 22:30:00,강력한 반전 (BB 찢고 복귀),117391.2,117222.1455812004,1.5,1.0,
2025-07-12 00:45:00,강력한 반전 (BB 찢고 복귀),117379.3,117177.69477145841,1.5,1.0,
2025-07-12 06:30:00,추세확정 (BB 상단 돌파),117905.4,,2.0,1.0,117904.9426370116
2025-07-12 09:45:00,추세확정 (BB 상단 돌파),118123.9,,2.0,1.0,118108.2642759216
2025-07-12 12:45:00,역추세 반등 (BB 하단),117493.9,117469.0464374299,1.0,1.0,
2025-07-12 12:45:00,강력한 반전 (BB 찢고 복귀),117493.9,117469.0464374299,1.5,1.0,
2025-07-12 13:30:00,역추세 반등 (BB 하단),117330.4,117243.7252551953,1.0,1.0,
2025-07-12 13:30:00,강력한 반전 (BB 찢고 복귀),117330.4,117243.7252551953,1.5,1.0,
2025-07-12 15:45:00,역추세 반등 (BB 하단),117066.3,116976.33356606362,1.0,1.0,
2025-07-12 15:45:00,강력한 반전 (BB 찢고 복귀),117066.3,116976.33356606362,1.5,1.0,
2025-07-12 21:00:00,역추세 반등 (BB 하단),117084.7,117038.33368208937,1.0,1.0,
2025-07-12 21:00:00,강력한 반전 (BB 찢고 복귀),117084.7,117038.33368208937,1.5,1.0,
2025-07-13 03:15:00,추세확정 (BB 상단 돌파),117717.1,,2.0,1.0,117648.23232552853
2025-07-13 11:15:00,추세확정 (BB 상단 돌파),118011.9,,2.0,1.0,118009.93960702982
2025-07-13 12:15:00,추세확정 (BB 상단 돌파),118137.1,,2.0,1.0,118103.64740033125
2025-07-13 12:45:00,추세확정 (BB 상단 돌파),118365.9,,2.0,1.0,118233.04683940232
2025-07-13 13:30:00,추세확정 (BB 상단 돌파),118553.9,,2.0,1.0,118431.81946737494
2025-07-13 14:15:00,추세확정 (BB 상단 돌파),119110.4,,2.0,1.0,118848.96097011962
2025-07-13 19:15:00,추세확정 (BB 상단 돌파),119196.2,,2.0,1.0,119128.45982243006
2025-07-13 22:15:00,역추세 반등 (BB 하단),118364.3,118361.61288532145,1.0,1.0,
2025-07-13 22:15:00,강력한 반전 (BB 찢고 복귀),118364.3,118361.61288532145,1.5,1.0,
2025-07-14 02:15:00,추세확정 (BB 상단 돌파),119802.8,,2.0,1.0,119604.2237994273
2025-07-14 03:30:00,추세확정 (BB 상단 돌파),121149.2,,2.0,1.0,120497.99966357762
2025-07-14 05:15:00,추세확정 (BB 상단 돌파),122300.1,,2.0,1.0,122185.62125368812
2025-07-14 11:30:00,강력한 반전 (BB 찢고 복귀),121605.6,121406.11938875262,1.5,1.0,
2025-07-14 13:30:00,강력한 반전 (BB 찢고 복귀),121792.1,121385.94506923396,1.5,1.0,
2025-07-14 14:00:00,강력한 반전 (BB 찢고 복귀),121766.6,121487.72465615626,1.5,1.0,
2025-07-14 14:45:00,역추세 반등 (BB 하단),121174.4,121145.72231657286,1.0,1.0,
2025-07-14 14:45:00,강력한 반전 (BB 찢고 복귀),121174.4,121145.72231657286,1.5,1.0,
2025-07-14 16:15:00,역추세 반등 (BB 하단),120060.0,119598.31544104792,1.0,1.0,
2025-07-14 16:15:00,강력한 반전 (BB 찢고 복귀),120060.0,119598.31544104792,1.5,1.0,
2025-07-15 00:15:00,강력한 반전 (BB 찢고 복귀),119877.7,119614.44475276582,1.5,1.0,
2025-07-15 00:45:00,역추세 반등 (BB 하단),119479.9,119442.04987583874,1.0,1.0,
2025-07-15 00:45:00,강력한 반전 (BB 찢고 복귀),119479.9,119442.04987583874,1.5,1.0,
2025-07-15 01:30:00,역추세 반등 (BB 하단),119248.1,119086.85622378219,1.0,1.0,
2025-07-15 01:30:00,강력한 반전 (BB 찢고 복귀),119248.1,119086.85622378219,1.5,1.0,
2025-07-15 02:30:00,역추세 반등 (BB 하단),118280.5,118023.71540524505,1.0,1.0,
2025-07-15 02:30:00,강력한 반전 (BB 찢고 복귀),118280.5,118023.71540524505,1.5,1.0,
2025-07-15 07:45:00,강력한 반전 (BB 찢고 복귀),116822.5,116717.51314917977,1.5,1.0,
2025-07-15 08:15:00,강력한 반전 (BB 찢고 복귀),116866.1,116644.58543036535,1.5,1.0,
2025-07-15 11:30:00,역추세 반등 (BB 하단),116696.0,116560.25996122701,1.0,1.0,
2025-07-15 11:30:00,강력한 반전 (BB 찢고 복귀),116696.0,116560.25996122701,1.5,1.0,
2025-07-15 13:00:00,추세확정 (BB 상단 돌파),118055.1,,2.0,1.0,117621.53270042234
2025-07-15 13:30:00,추세확정 (BB 상단 돌파),118296.4,,2.0,1.0,118006.35083402097
2025-07-15 14:00:00,추세확정 (BB 상단 돌파),118399.9,,2.0,1.0,118373.97179744858
2025-07-15 15:00:00,강력한 반전 (BB 찢고 복귀),116160.1,115837.20164982657,1.5,1.0,
2025-07-16 02:45:00,역추세 반등 (BB 하단),117345.1,117183.59224819748,1.0,1.0,
2025-07-16 02:45:00,강력한 반전 (BB 찢고 복귀),117345.1,117183.59224819748,1.5,1.0,
2025-07-16 06:30:00,추세확정 (BB 상단 돌파),118272.9,,2.0,1.0,118235.2608130581
2025-07-16 08:30:00,추세확정 (BB 상단 돌파),118789.9,,2.0,1.0,118682.4948651307
2025-07-16 09:00:00,추세확정 (BB 상단 돌파),119014.8,,2.0,1.0,118900.58677709562
2025-07-16 13:00:00,강력한 반전 (BB 찢고 복귀),118679.9,118412.98839961995,1.5,1.0,
2025-07-16 13:45:00,역추세 반등 (BB 하단),118672.9,118438.41746192843,1.0,1.0,
2025-07-16 13:45:00,강력한 반전 (BB 찢고 복귀),118672.9,118438.41746192843,1.5,1.0,
2025-07-16 14:15:00,역추세 반등 (BB 하단),118460.7,118292.6840928266,1.0,1.0,
2025-07-16 14:15:00,강력한 반전 (BB 찢고 복귀),118460.7,118292.6840928266,1.5,1.0,
2025-07-16 14:30:00,강력한 반전 (BB 찢고 복귀),118623.6,118276.48703727456,1.5,1.0,
2025-07-16 15:15:00,추세확정 (BB 상단 돌파),119466.4,,2.0,1.0,119335.52258010935
2025-07-16 20:30:00,추세확정 (BB 상단 돌파),119948.3,,2.0,1.0,119844.81929541862
2025-07-16 23:15:00,강력한 반전 (BB 찢고 복귀),118652.1,118463.45664130917,1.5,1.0,
2025-07-17 02:00:00,강력한 반전 (BB 찢고 복귀),118370.3,118029.20755312507,1.5,1.0,
2025-07-17 03:30:00,역추세 반등 (BB 하단),117875.2,117769.38820098195,1.0,1.0,
2025-07-17 03:30:00,강력한 반전 (BB 찢고 복귀),117875.2,117769.38820098195,1.5,1.0,
2025-07-17 09:15:00,추세확정 (BB 상단 돌파),119170.3,,2.0,1.0,118932.4555966795
2025-07-17 12:30:00,역추세 반등 (BB 하단),118017.7,117573.10618282668,1.0,1.0,
2025-07-17 12:30:00,강력한 반전 (BB 찢고 복귀),118017.7,117573.10618282668,1.5,1.0,
2025-07-17 15:30:00,추세확정 (BB 상단 돌파),119131.8,,2.0,1.0,119062.81626001802
2025-07-17 18:15:00,추세확정 (BB 상단 돌파),119740.1,,2.0,1.0,119592.89870574143
2025-07-17 21:15:00,추세확정 (BB 상단 돌파),120943.8,,2.0,1.0,120547.30659608726
2025-07-18 07:30:00,역추세 반등 (BB 하단),119909.9,119771.93623505485,1.0,1.0,
2025-07-18 07:30:00,강력한 반전 (BB 찢고 복귀),119909.9,119771.93623505485,1.5,1.0,
2025-07-18 08:45:00,역추세 반등 (BB 하단),118686.0,118695.64425213089,1.0,1.0,
2025-07-18 09:00:00,역추세 반등 (BB 하단),118892.0,118557.20215467918,1.0,1.0,
2025-07-18 09:00:00,강력한 반전 (BB 찢고 복귀),118892.0,118557.20215467918,1.5,1.0,
2025-07-18 14:45:00,역추세 반등 (BB 하단),118148.8,117969.79941172413,1.0,1.0,
2025-07-18 14:45:00,강력한 반전 (BB 찢고 복귀),118148.8,117969.79941172413,1.5,1.0,
2025-07-18 19:00:00,강력한 반전 (BB 찢고 복귀),117374.7,117285.43858563519,1.5,1.0,
2025-07-18 20:30:00,역추세 반등 (BB 하단),117029.0,117006.36327897487,1.0,1.0,
2025-07-18 20:30:00,강력한 반전 (BB 찢고 복귀),117029.0,117006.36327897487,1.5,1.0,
2025-07-19 08:30:00,강력한 반전 (BB 찢고 복귀),118104.9,118019.77430990552,1.5,1.0,
2025-07-19 10:30:00,추세확정 (BB 상단 돌파),118435.9,,2.0,1.0,118392.11610785086
2025-07-19 11:15:00,추세확정 (BB 상단 돌파),118489.9,,2.0,1.0,118483.15294165694
2025-07-19 15:00:00,역추세 반등 (BB 하단),117914.9,117749.44231923786,1.0,1.0,
2025-07-19 15:00:00,강력한 반전 (BB 찢고 복귀),117914.9,117749.44231923786,1.5,1.0,
2025-07-19 21:15:00,역추세 반등 (BB 하단),117690.0,117620.37218042777,1.0,1.0,
2025-07-19 21:15:00,강력한 반전 (BB 찢고 복귀),117690.0,117620.37218042777,1.5,1.0,
2025-07-19 21:45:00,역추세 반등 (BB 하단),117699.0,117530.87552895864,1.0,1.0,
2025-07-19 21:45:00,강력한 반전 (BB 찢고 복귀),117699.0,117530.87552895864,1.5,1.0,
2025-07-19 22:00:00,강력한 반전 (BB 찢고 복귀),117762.1,117522.66892228533,1.5,1.0,
2025-07-20 06:15:00,강력한 반전 (BB 찢고 복귀),117847.9,117780.6589890545,1.5,1.0,
2025-07-20 07:30:00,추세확정 (BB 상단 돌파),118248.9,,2.0,1.0,118161.65870048954
2025-07-20 08:00:00,추세확정 (BB 상단 돌파),118290.0,,2.0,1.0,118229.79318216864
2025-07-20 12:00:00,강력한 반전 (BB 찢고 복귀),117932.4,117808.64073908854,1.5,1.0,
2025-07-20 13:45:00,추세확정 (BB 상단 돌파),118423.3,,2.0,1.0,118291.12959445898
2025-07-20 21:15:00,강력한 반전 (BB 찢고 복귀),118128.4,117903.62340799802,1.5,1.0,
2025-07-20 22:15:00,역추세 반등 (BB 하단),117300.0,117355.64016667378,1.0,1.0,
2025-07-20 22:30:00,역추세 반등 (BB 하단),117638.6,117299.35561267965,1.0,1.0,
2025-07-20 22:30:00,강력한 반전 (BB 찢고 복귀),117638.6,117299.35561267965,1.5,1.0,
2025-07-21 00:15:00,강력한 반전 (BB 찢고 복귀),116934.5,116700.30381306107,1.5,1.0,
2025-07-21 02:45:00,추세확정 (BB 상단 돌파),118202.1,,2.0,1.0,118146.29729294193
2025-07-21 06:45:00,추세확정 (BB 상단 돌파),119213.0,,2.0,1.0,119085.51153840713
2025-07-21 12:00:00,강력한 반전 (BB 찢고 복귀),118258.6,118033.49102957982,1.5,1.0,
2025-07-22 01:15:00,강력한 반전 (BB 찢고 복귀),117279.5,116886.63066633942,1.5,1.0,
2025-07-22 03:15:00,강력한 반전 (BB 찢고 복귀),117153.7,116871.22674822954,1.5,1.0,
2025-07-22 05:00:00,역추세 반등 (BB 하단),117228.3,116607.80981099379,1.0,1.0,
2025-07-22 05:00:00,강력한 반전 (BB 찢고 복귀),117228.3,116607.80981099379,1.5,1.0,
2025-07-22 07:00:00,추세확정 (BB 상단 돌파),118312.1,,2.0,1.0,118076.70114838508
2025-07-22 14:00:00,강력한 반전 (BB 찢고 복귀),118452.1,118065.38199654086,1.5,1.0,
2025-07-22 18:45:00,추세확정 (BB 상단 돌파),119816.5,,2.0,1.0,119720.08138992649
2025-07-22 23:00:00,추세확정 (BB 상단 돌파),120292.5,,2.0,1.0,120210.05913714714
2025-07-23 02:15:00,역추세 반등 (BB 하단),119396.7,119190.09201813646,1.0,1.0,
2025-07-23 02:45:00,역추세 반등 (BB 하단),119154.8,119035.7461204002,1.0,1.0,
2025-07-23 06:45:00,강력한 반전 (BB 찢고 복귀),118474.1,118365.97378054753,1.5,1.0,
2025-07-23 08:00:00,강력한 반전 (BB 찢고 복귀),118586.5,118326.70084209357,1.5,1.0,
2025-07-23 09:30:00,역추세 반등 (BB 하단),118112.3,118036.28921321452,1.0,1.0,
2025-07-23 09:30:00,강력한 반전 (BB 찢고 복귀),118112.3,118036.28921321452,1.5,1.0,
2025-07-23 10:15:00,역추세 반등 (BB 하단),118285.2,117929.56596833616,1.0,1.0,
2025-07-23 10:15:00,강력한 반전 (BB 찢고 복귀),118285.2,117929.56596833616,1.5,1.0,
2025-07-23 14:00:00,역추세 반등 (BB 하단),117692.7,117458.46662515365,1.0,1.0,
2025-07-23 14:00:00,강력한 반전 (BB 찢고 복귀),117692.7,117458.46662515365,1.5,1.0,
2025-07-23 17:15:00,강력한 반전 (BB 찢고 복귀),117642.7,117341.44497245933,1.5,1.0,
2025-07-23 21:30:00,강력한 반전 (BB 찢고 복귀),117831.0,117461.43458408615,1.5,1.0,
2025-07-24 04:00:00,강력한 반전 (BB 찢고 복귀),118571.2,118488.11168845471,1.5,1.0,
2025-07-24 04:45:00,역추세 반등 (BB 하단),117935.3,118043.21843626913,1.0,1.0,
2025-07-24 05:30:00,역추세 반등 (BB 하단),117879.7,117518.16946300349,1.0,1.0,
2025-07-24 14:15:00,역추세 반등 (BB 하단),118131.0,117994.68778209014,1.0,1.0,
2025-07-24 14:15:00,강력한 반전 (BB 찢고 복귀),118131.0,117994.68778209014,1.5,1.0,
2025-07-24 14:45:00,추세확정 (BB 상단 돌파),119050.1,,2.0,1.0,118996.29392424818
2025-07-25 03:45:00,역추세 반등 (BB 하단),115400.1,115328.77749498488,1.0,1.0,
2025-07-25 03:45:00,강력한 반전 (BB 찢고 복귀),115400.1,115328.77749498488,1.5,1.0,
2025-07-25 07:45:00,강력한 반전 (BB 찢고 복귀),115329.5,114942.82984908634,1.5,1.0,
2025-07-25 09:45:00,추세확정 (BB 상단 돌파),116062.0,,2.0,1.0,115945.14428407577
2025-07-25 10:30:00,추세확정 (BB 상단 돌파),116438.8,,2.0,1.0,116340.88169233898
2025-07-25 15:00:00,역추세 반등 (BB 하단),115358.0,115054.56983582683,1.0,1.0,
2025-07-25 15:00:00,강력한 반전 (BB 찢고 복귀),115358.0,115054.56983582683,1.5,1.0,
2025-07-25 20:30:00,추세확정 (BB 상단 돌파),117242.2,,2.0,1.0,117175.75584235042
2025-07-26 10:15:00,추세확정 (BB 상단 돌파),117755.1,,2.0,1.0,117684.73910938257
2025-07-26 20:30:00,강력한 반전 (BB 찢고 복귀),117990.5,117939.04993662956,1.5,1.0,
2025-07-26 21:15:00,역추세 반등 (BB 하단),117946.0,117878.59179061325,1.0,1.0,
2025-07-26 21:15:00,강력한 반전 (BB 찢고 복귀),117946.0,117878.59179061325,1.5,1.0,
2025-07-27 02:45:00,추세확정 (BB 상단 돌파),118322.0,,2.0,1.0,118301.05999589765
2025-07-27 08:30:00,역추세 반등 (BB 하단),118058.9,118025.91504383742,1.0,1.0,
2025-07-27 08:30:00,강력한 반전 (BB 찢고 복귀),118058.9,118025.91504383742,1.5,1.0,
2025-07-27 09:30:00,역추세 반등 (BB 하단),117894.6,117860.20796019018,1.0,1.0,
2025-07-27 09:30:00,강력한 반전 (BB 찢고 복귀),117894.6,117860.20796019018,1.5,1.0,
2025-07-27 14:15:00,추세확정 (BB 상단 돌파),118421.4,,2.0,1.0,118390.9468336711
2025-07-27 16:00:00,추세확정 (BB 상단 돌파),119171.8,,2.0,1.0,118832.13425329619
2025-07-27 21:00:00,역추세 반등 (BB 하단),118759.9,118726.82003078112,1.0,1.0,
2025-07-27 21:15:00,강력한 반전 (BB 찢고 복귀),119048.4,118743.25579408309,1.5,1.0,
2025-07-27 22:00:00,추세확정 (BB 상단 돌파),119730.0,,2.0,1.0,119519.78279798212
2025-07-28 07:15:00,역추세 반등 (BB 하단),119051.5,118967.22514532888,1.0,1.0,
2025-07-28 07:15:00,강력한 반전 (BB 찢고 복귀),119051.5,118967.22514532888,1.5,1.0,
2025-07-28 07:45:00,역추세 반등 (BB 하단),118885.8,118838.95598392248,1.0,1.0,
2025-07-28 11:30:00,강력한 반전 (BB 찢고 복귀),118689.5,118490.6569305039,1.5,1.0,
2025-07-28 13:30:00,강력한 반전 (BB 찢고 복귀),118654.3,118521.34446555379,1.5,1.0,
2025-07-28 14:00:00,역추세 반등 (BB 하단),118469.3,118433.01860861805,1.0,1.0,
2025-07-28 14:00:00,강력한 반전 (BB 찢고 복귀),118469.3,118433.01860861805,1.5,1.0,
2025-07-28 14:30:00,역추세 반등 (BB 하단),118247.9,118207.51620645892,1.0,1.0,
2025-07-28 14:30:00,강력한 반전 (BB 찢고 복귀),118247.9,118207.51620645892,1.5,1.0,
2025-07-28 15:00:00,역추세 반등 (BB 하단),118175.1,118020.34324593123,1.0,1.0,
2025-07-28 15:00:00,강력한 반전 (BB 찢고 복귀),118175.1,118020.34324593123,1.5,1.0,
2025-07-28 17:15:00,강력한 반전 (BB 찢고 복귀),118016.5,117709.1280762182,1.5,1.0,
2025-07-28 18:00:00,강력한 반전 (BB 찢고 복귀),117778.2,117617.29964288056,1.5,1.0,
2025-07-28 18:30:00,강력한 반전 (BB 찢고 복귀),117730.1,117533.1738447767,1.5,1.0,
2025-07-28 21:30:00,추세확정 (BB 상단 돌파),118343.7,,2.0,1.0,118328.19694785587
2025-07-29 03:00:00,추세확정 (BB 상단 돌파),118390.0,,2.0,1.0,118377.47101046081
2025-07-29 03:30:00,추세확정 (BB 상단 돌파),118492.1,,2.0,1.0,118482.41224136113
2025-07-29 10:15:00,역추세 반등 (BB 하단),118669.3,118630.79885583611,1.0,1.0,
2025-07-29 10:15:00,강력한 반전 (BB 찢고 복귀),118669.3,118630.79885583611,1.5,1.0,
2025-07-29 11:00:00,역추세 반등 (BB 하단),118420.3,118402.03022743529,1.0,1.0,
2025-07-29 11:00:00,강력한 반전 (BB 찢고 복귀),118420.3,118402.03022743529,1.5,1.0,
2025-07-29 14:15:00,역추세 반등 (BB 하단),118267.2,118130.89068703851,1.0,1.0,
2025-07-29 14:15:00,강력한 반전 (BB 찢고 복귀),118267.2,118130.89068703851,1.5,1.0,
2025-07-29 16:30:00,강력한 반전 (BB 찢고 복귀),117450.9,116930.2171491509,1.5,1.0,
2025-07-29 20:15:00,강력한 반전 (BB 찢고 복귀),117544.5,117198.72403419581,1.5,1.0,
2025-07-29 20:45:00,강력한 반전 (BB 찢고 복귀),117498.8,117164.7097361701,1.5,1.0,
2025-07-30 11:00:00,강력한 반전 (BB 찢고 복귀),118053.4,117949.2128848547,1.5,1.0,
2025-07-30 12:15:00,역추세 반등 (BB 하단),117707.5,117504.60089255308,1.0,1.0,
2025-07-30 12:15:00,강력한 반전 (BB 찢고 복귀),117707.5,117504.60089255308,1.5,1.0,
2025-07-30 14:45:00,추세확정 (BB 상단 돌파),118683.3,,2.0,1.0,118536.750695796
2025-07-30 19:15:00,역추세 반등 (BB 하단),116416.4,116420.49057800682,1.0,1.0,
2025-07-30 19:30:00,역추세 반등 (BB 하단),116750.0,116306.64888695965,1.0,1.0,
2025-07-30 19:30:00,강력한 반전 (BB 찢고 복귀),116750.0,116306.64888695965,1.5,1.0,
2025-07-31 00:15:00,추세확정 (BB 상단 돌파),118045.8,,2.0,1.0,118010.83615225021
2025-07-31 06:45:00,추세확정 (BB 상단 돌파),118675.6,,2.0,1.0,118616.4516942649
2025-07-31 11:45:00,역추세 반등 (BB 하단),118346.9,118316.26963101779,1.0,1.0,
2025-07-31 11:45:00,강력한 반전 (BB 찢고 복귀),118346.9,118316.26963101779,1.5,1.0,
2025-07-31 12:15:00,강력한 반전 (BB 찢고 복귀),118526.4,118326.43294593597,1.5,1.0,
2025-07-31 13:30:00,역추세 반등 (BB 하단),118283.8,118190.36773157546,1.0,1.0,
2025-07-31 13:30:00,강력한 반전 (BB 찢고 복귀),118283.8,118190.36773157546,1.5,1.0,
2025-07-31 14:30:00,역추세 반등 (BB 하단),118003.6,118002.74108605512,1.0,1.0,
2025-07-31 14:30:00,강력한 반전 (BB 찢고 복귀),118003.6,118002.74108605512,1.5,1.0,
2025-07-31 15:00:00,역추세 반등 (BB 하단),117988.7,117874.34756440927,1.0,1.0,
2025-07-31 15:00:00,강력한 반전 (BB 찢고 복귀),117988.7,117874.34756440927,1.5,1.0,
2025-07-31 17:30:00,강력한 반전 (BB 찢고 복귀),118059.9,117741.7707751831,1.5,1.0,
2025-07-31 18:15:00,역추세 반등 (BB 하단),117888.7,117534.0920617403,1.0,1.0,
2025-07-31 18:15:00,강력한 반전 (BB 찢고 복귀),117888.7,117534.0920617403,1.5,1.0,
2025-07-31 20:15:00,강력한 반전 (BB 찢고 복귀),116699.7,116409.94625479833,1.5,1.0,
2025-07-31 23:45:00,강력한 반전 (BB 찢고 복귀),115680.1,115585.84673790897,1.5,1.0,
2025-08-01 00:15:00,역추세 반등 (BB 하단),115719.0,115386.21276995806,1.0,1.0,
2025-08-01 00:15:00,강력한 반전 (BB 찢고 복귀),115719.0,115386.21276995806,1.5,1.0,
2025-08-01 01:15:00,역추세 반등 (BB 하단),115122.0,114784.76333376415,1.0,1.0,
2025-08-01 01:15:00,강력한 반전 (BB 찢고 복귀),115122.0,114784.76333376415,1.5,1.0,
2025-08-01 06:45:00,역추세 반등 (BB 하단),115099.2,115023.87640337102,1.0,1.0,
2025-08-01 06:45:00,강력한 반전 (BB 찢고 복귀),115099.2,115023.87640337102,1.5,1.0,
2025-08-01 07:45:00,강력한 반전 (BB 찢고 복귀),115012.4,114658.71026997961,1.5,1.0,
2025-08-01 08:30:00,역추세 반등 (BB 하단),114528.2,114348.86550665776,1.0,1.0,
2025-08-01 08:30:00,강력한 반전 (BB 찢고 복귀),114528.2,114348.86550665776,1.5,1.0,
2025-08-01 12:30:00,추세확정 (BB 상단 돌파),115820.2,,2.0,1.0,115688.26171907019
2025-08-01 14:00:00,역추세 반등 (BB 하단),115000.0,114397.76106998966,1.0,1.0,
2025-08-01 14:00:00,강력한 반전 (BB 찢고 복귀),115000.0,114397.76106998966,1.5,1.0,
2025-08-01 18:15:00,강력한 반전 (BB 찢고 복귀),114114.0,113903.45561723648,1.5,1.0,
2025-08-01 22:45:00,강력한 반전 (BB 찢고 복귀),113084.3,112916.4910105773,1.5,1.0,
2025-08-01 23:00:00,강력한 반전 (BB 찢고 복귀),113257.7,112893.40961579733,1.5,1.0,
2025-08-02 13:30:00,역추세 반등 (BB 하단),113327.0,113288.02022646593,1.0,1.0,
2025-08-02 13:30:00,강력한 반전 (BB 찢고 복귀),113327.0,113288.02022646593,1.5,1.0,
2025-08-02 14:45:00,역추세 반등 (BB 하단),113076.1,113027.13800267964,1.0,1.0,
2025-08-02 14:45:00,강력한 반전 (BB 찢고 복귀),113076.1,113027.13800267964,1.5,1.0,
2025-08-02 18:30:00,역추세 반등 (BB 하단),112458.5,112354.90299060068,1.0,1.0,
2025-08-02 18:30:00,강력한 반전 (BB 찢고 복귀),112458.5,112354.90299060068,1.5,1.0,
2025-08-02 19:15:00,역추세 반등 (BB 하단),112687.0,112089.43646621845,1.0,1.0,
2025-08-02 19:15:00,강력한 반전 (BB 찢고 복귀),112687.0,112089.43646621845,1.5,1.0,
2025-08-03 00:30:00,강력한 반전 (BB 찢고 복귀),112598.1,112173.102181709,1.5,1.0,
2025-08-03 01:15:00,추세확정 (BB 상단 돌파),113180.0,,2.0,1.0,113119.55766860768
2025-08-03 02:00:00,추세확정 (BB 상단 돌파),113342.1,,2.0,1.0,113330.63188888019
2025-08-03 10:45:00,추세확정 (BB 상단 돌파),113850.0,,2.0,1.0,113836.63831271217
2025-08-03 17:00:00,추세확정 (BB 상단 돌파),114084.8,,2.0,1.0,114083.40876952521
2025-08-03 18:15:00,추세확정 (BB 상단 돌파),114240.9,,2.0,1.0,114187.90987662581
2025-08-03 19:15:00,추세확정 (BB 상단 돌파),114462.5,,2.0,1.0,114452.60733371189
2025-08-04 00:30:00,추세확정 (BB 상단 돌파),114560.0,,2.0,1.0,114534.50901359484
2025-08-04 05:30:00,역추세 반등 (BB 하단),114197.9,114152.77320414176,1.0,1.0,
2025-08-04 05:30:00,강력한 반전 (BB 찢고 복귀),114197.9,114152.77320414176,1.5,1.0,
2025-08-04 11:00:00,강력한 반전 (BB 찢고 복귀),114264.2,114144.8436486507,1.5,1.0,
2025-08-04 13:30:00,추세확정 (BB 상단 돌파),114750.1,,2.0,1.0,114661.50974841205
2025-08-04 13:30:00,강력한 반전 (BB 찢고 복귀),114750.1,114111.42025158794,1.5,1.0,
2025-08-04 17:00:00,추세확정 (BB 상단 돌파),115649.9,,2.0,1.0,115567.31671844139
2025-08-05 08:00:00,역추세 반등 (BB 하단),113951.0,113946.85466975262,1.0,1.0,
2025-08-05 08:00:00,강력한 반전 (BB 찢고 복귀),113951.0,113946.85466975262,1.5,1.0,
2025-08-05 09:30:00,추세확정 (BB 상단 돌파),114697.2,,2.0,1.0,114666.08454631714
2025-08-05 10:15:00,추세확정 (BB 상단 돌파),114901.1,,2.0,1.0,114848.77895604406
2025-08-05 12:45:00,역추세 반등 (BB 하단),113889.9,113830.87829220593,1.0,1.0,
2025-08-05 12:45:00,강력한 반전 (BB 찢고 복귀),113889.9,113830.87829220593,1.5,1.0,
2025-08-05 13:00:00,강력한 반전 (BB 찢고 복귀),113981.9,113837.70332145435,1.5,1.0,
2025-08-05 14:45:00,역추세 반등 (BB 하단),112972.8,112889.78040182295,1.0,1.0,
2025-08-05 14:45:00,강력한 반전 (BB 찢고 복귀),112972.8,112889.78040182295,1.5,1.0,
2025-08-05 15:00:00,강력한 반전 (BB 찢고 복귀),113128.3,112739.50768051385,1.5,1.0,
2025-08-05 22:00:00,강력한 반전 (BB 찢고 복귀),113744.6,113260.26439650377,1.5,1.0,
2025-08-05 23:30:00,추세확정 (BB 상단 돌파),114133.1,,2.0,1.0,114132.74360697785
2025-08-06 05:30:00,추세확정 (BB 상단 돌파),114208.7,,2.0,1.0,114081.71476290708
2025-08-06 12:15:00,강력한 반전 (BB 찢고 복귀),114010.3,113787.46856777681,1.5,1.0,
2025-08-06 13:30:00,강력한 반전 (BB 찢고 복귀),114133.1,113782.4792895251,1.5,1.0,
2025-08-06 14:45:00,추세확정 (BB 상단 돌파),115132.8,,2.0,1.0,114665.14473871965
2025-08-06 15:30:00,추세확정 (BB 상단 돌파),115164.4,,2.0,1.0,115111.49818893263
2025-08-06 21:45:00,역추세 반등 (BB 하단),115002.9,114838.86596485272,1.0,1.0,
2025-08-07 00:15:00,강력한 반전 (BB 찢고 복귀),114909.3,114828.72681608464,1.5,1.0,
2025-08-07 02:00:00,역추세 반등 (BB 하단),114796.6,114736.33517141343,1.0,1.0,
2025-08-07 02:00:00,강력한 반전 (BB 찢고 복귀),114796.6,114736.33517141343,1.5,1.0,
2025-08-07 03:15:00,역추세 반등 (BB 하단),114469.7,114428.22414891765,1.0,1.0,
2025-08-07 03:15:00,강력한 반전 (BB 찢고 복귀),114469.7,114428.22414891765,1.5,1.0,
2025-08-07 07:00:00,추세확정 (BB 상단 돌파),114744.6,,2.0,1.0,114743.52878717524
2025-08-07 08:00:00,추세확정 (BB 상단 돌파),114898.3,,2.0,1.0,114865.04958388236
2025-08-07 10:00:00,추세확정 (BB 상단 돌파),115450.1,,2.0,1.0,115305.76803166322
2025-08-07 16:45:00,강력한 반전 (BB 찢고 복귀),116197.3,116009.23817418564,1.5,1.0,
2025-08-07 19:30:00,추세확정 (BB 상단 돌파),117079.6,,2.0,1.0,116913.19878794937
2025-08-08 00:30:00,강력한 반전 (BB 찢고 복귀),117508.1,117016.14852504128,1.5,1.0,
2025-08-08 01:45:00,역추세 반등 (BB 하단),116830.6,116784.79001142459,1.0,1.0,
2025-08-08 01:45:00,강력한 반전 (BB 찢고 복귀),116830.6,116784.79001142459,1.5,1.0,
2025-08-08 06:00:00,강력한 반전 (BB 찢고 복귀),116530.0,116479.19705938274,1.5,1.0,
2025-08-08 06:15:00,강력한 반전 (BB 찢고 복귀),116593.4,116475.70869328207,1.5,1.0,
2025-08-08 07:15:00,추세확정 (BB 상단 돌파),116922.0,,2.0,1.0,116888.73436446197
2025-08-08 10:45:00,강력한 반전 (BB 찢고 복귀),116498.5,116352.29503571459,1.5,1.0,
2025-08-08 15:45:00,역추세 반등 (BB 하단),116157.0,116042.2634270152,1.0,1.0,
2025-08-08 15:45:00,강력한 반전 (BB 찢고 복귀),116157.0,116042.2634270152,1.5,1.0,
2025-08-09 05:15:00,추세확정 (BB 상단 돌파),116928.5,,2.0,1.0,116744.64080012808
2025-08-09 08:30:00,추세확정 (BB 상단 돌파),117129.6,,2.0,1.0,117060.94468382296
2025-08-09 09:00:00,추세확정 (BB 상단 돌파),117368.9,,2.0,1.0,117242.79875315446
2025-08-09 09:45:00,추세확정 (BB 상단 돌파),117459.9,,2.0,1.0,117448.47114777187
2025-08-09 16:30:00,강력한 반전 (BB 찢고 복귀),116677.1,116607.17731526651,1.5,1.0,
2025-08-09 17:00:00,강력한 반전 (BB 찢고 복귀),116685.0,116564.73882449079,1.5,1.0,
2025-08-09 20:15:00,강력한 반전 (BB 찢고 복귀),116680.7,116440.12274165265,1.5,1.0,
2025-08-09 20:30:00,추세확정 (BB 상단 돌파),116860.6,,2.0,1.0,116833.50324468415
2025-08-09 21:30:00,역추세 반등 (BB 하단),116366.4,116353.73415730045,1.0,1.0,
2025-08-09 21:30:00,강력한 반전 (BB 찢고 복귀),116366.4,116353.73415730045,1.5,1.0,
2025-08-10 02:15:00,추세확정 (BB 상단 돌파),116750.0,,2.0,1.0,116723.2474217427
2025-08-10 07:45:00,강력한 반전 (BB 찢고 복귀),117784.9,117555.16130887253,1.5,1.0,
2025-08-10 12:30:00,추세확정 (BB 상단 돌파),118675.7,,2.0,1.0,118639.46548427787
2025-08-10 20:30:00,역추세 반등 (BB 하단),118656.9,118267.67739532459,1.0,1.0,
2025-08-10 20:30:00,강력한 반전 (BB 찢고 복귀),118656.9,118267.67739532459,1.5,1.0,
2025-08-10 21:30:00,강력한 반전 (BB 찢고 복귀),118209.5,118131.89654750057,1.5,1.0,
2025-08-10 22:45:00,추세확정 (BB 상단 돌파),119055.6,,2.0,1.0,119050.31512017621
2025-08-11 01:45:00,추세확정 (BB 상단 돌파),119989.7,,2.0,1.0,119932.66591046966
2025-08-11 08:00:00,강력한 반전 (BB 찢고 복귀),121648.0,121421.41840733435,1.5,1.0,
2025-08-11 09:30:00,역추세 반등 (BB 하단),121424.7,121270.57751131717,1.0,1.0,
2025-08-11 09:30:00,강력한 반전 (BB 찢고 복귀),121424.7,121270.57751131717,1.5,1.0,
2025-08-11 11:30:00,역추세 반등 (BB 하단),120676.9,120576.29879747466,1.0,1.0,
2025-08-11 11:30:00,강력한 반전 (BB 찢고 복귀),120676.9,120576.29879747466,1.5,1.0,
2025-08-11 12:45:00,역추세 반등 (BB 하단),119638.0,119619.84136557429,1.0,1.0,
2025-08-11 12:45:00,강력한 반전 (BB 찢고 복귀),119638.0,119619.84136557429,1.5,1.0,
2025-08-11 18:00:00,강력한 반전 (BB 찢고 복귀),119477.7,119353.2756238831,1.5,1.0,
2025-08-11 20:15:00,역추세 반등 (BB 하단),118840.6,118630.87333134092,1.0,1.0,
2025-08-11 20:15:00,강력한 반전 (BB 찢고 복귀),118840.6,118630.87333134092,1.5,1.0,
2025-08-11 21:45:00,강력한 반전 (BB 찢고 복귀),118700.0,118458.87338394974,1.5,1.0,
2025-08-12 05:45:00,역추세 반등 (BB 하단),118797.2,118590.97359973672,1.0,1.0,
2025-08-12 05:45:00,강력한 반전 (BB 찢고 복귀),118797.2,118590.97359973672,1.5,1.0,
2025-08-12 10:15:00,역추세 반등 (BB 하단),118482.5,118257.43639467027,1.0,1.0,
2025-08-12 10:15:00,강력한 반전 (BB 찢고 복귀),118482.5,118257.43639467027,1.5,1.0,
2025-08-12 12:45:00,추세확정 (BB 상단 돌파),119199.9,,2.0,1.0,119148.47182044716
2025-08-12 20:45:00,추세확정 (BB 상단 돌파),120153.8,,2.0,1.0,120079.22322925329
2025-08-13 01:15:00,역추세 반등 (BB 하단),119483.9,119461.80231679103,1.0,1.0,
2025-08-13 01:15:00,강력한 반전 (BB 찢고 복귀),119483.9,119461.80231679103,1.5,1.0,
2025-08-13 02:15:00,역추세 반등 (BB 하단),119241.1,119134.4447762121,1.0,1.0,
2025-08-13 02:15:00,강력한 반전 (BB 찢고 복귀),119241.1,119134.4447762121,1.5,1.0,
2025-08-13 06:00:00,역추세 반등 (BB 하단),119231.6,119067.1402571145,1.0,1.0,
2025-08-13 06:00:00,강력한 반전 (BB 찢고 복귀),119231.6,119067.1402571145,1.5,1.0,
2025-08-13 08:00:00,추세확정 (BB 상단 돌파),119775.5,,2.0,1.0,119766.13073036024
2025-08-13 08:30:00,추세확정 (BB 상단 돌파),119928.1,,2.0,1.0,119916.29113365468
2025-08-13 13:45:00,추세확정 (BB 상단 돌파),121786.0,,2.0,1.0,121247.19732491368
2025-08-13 19:15:00,추세확정 (BB 상단 돌파),122376.1,,2.0,1.0,122307.40287611034
2025-08-13 19:45:00,추세확정 (BB 상단 돌파),122748.9,,2.0,1.0,122638.91481396965
2025-08-14 00:00:00,추세확정 (BB 상단 돌파),123919.4,,2.0,1.0,123753.22663916582
2025-08-14 06:30:00,역추세 반등 (BB 하단),121811.8,121684.5797224607,1.0,1.0,
2025-08-14 06:30:00,강력한 반전 (BB 찢고 복귀),121811.8,121684.5797224607,1.5,1.0,
2025-08-14 11:15:00,역추세 반등 (BB 하단),120884.0,120881.09598978572,1.0,1.0,
2025-08-14 11:15:00,강력한 반전 (BB 찢고 복귀),120884.0,120881.09598978572,1.5,1.0,
2025-08-14 12:15:00,강력한 반전 (BB 찢고 복귀),121158.0,120590.98105008826,1.5,1.0,
2025-08-14 13:00:00,역추세 반등 (BB 하단),119258.1,119278.39117541873,1.0,1.0,
2025-08-14 13:30:00,역추세 반등 (BB 하단),118262.1,118329.21045144043,1.0,1.0,
2025-08-14 13:45:00,역추세 반등 (BB 하단),118408.5,118007.60761213952,1.0,1.0,
2025-08-14 18:15:00,강력한 반전 (BB 찢고 복귀),117807.9,117189.63641908472,1.5,1.0,
2025-08-14 21:45:00,강력한 반전 (BB 찢고 복귀),117844.8,117460.83243877953,1.5,1.0,
2025-08-15 14:00:00,역추세 반등 (BB 하단),117979.9,117896.38289187862,1.0,1.0,
2025-08-15 14:00:00,강력한 반전 (BB 찢고 복귀),117979.9,117896.38289187862,1.5,1.0,
2025-08-15 22:45:00,추세확정 (BB 상단 돌파),117652.0,,2.0,1.0,117533.64245381595
2025-08-16 00:45:00,추세확정 (BB 상단 돌파),117695.3,,2.0,1.0,117679.11830603964
2025-08-16 10:15:00,강력한 반전 (BB 찢고 복귀),117276.5,117209.86341541473,1.5,1.0,
2025-08-16 18:45:00,강력한 반전 (BB 찢고 복귀),117640.3,117578.34405307061,1.5,1.0,
2025-08-16 21:15:00,역추세 반등 (BB 하단),117536.5,117525.1748544489,1.0,1.0,
2025-08-16 21:15:00,강력한 반전 (BB 찢고 복귀),117536.5,117525.1748544489,1.5,1.0,
2025-08-16 22:15:00,역추세 반등 (BB 하단),117378.1,117355.31703211572,1.0,1.0,
2025-08-16 22:15:00,강력한 반전 (BB 찢고 복귀),117378.1,117355.31703211572,1.5,1.0,
2025-08-16 23:30:00,역추세 반등 (BB 하단),117301.4,117221.93545405917,1.0,1.0,
2025-08-16 23:30:00,강력한 반전 (BB 찢고 복귀),117301.4,117221.93545405917,1.5,1.0,
2025-08-17 01:00:00,강력한 반전 (BB 찢고 복귀),117200.0,117113.69131988082,1.5,1.0,
2025-08-17 02:15:00,추세확정 (BB 상단 돌파),117495.1,,2.0,1.0,117492.59053994855
2025-08-17 02:45:00,추세확정 (BB 상단 돌파),117543.3,,2.0,1.0,117537.1190336195
2025-08-17 03:30:00,추세확정 (BB 상단 돌파),117652.9,,2.0,1.0,117628.79458058125
2025-08-17 04:45:00,추세확정 (BB 상단 돌파),118033.8,,2.0,1.0,117918.62852286502
2025-08-17 08:45:00,추세확정 (BB 상단 돌파),118321.1,,2.0,1.0,118255.89999556432
2025-08-17 13:15:00,강력한 반전 (BB 찢고 복귀),118132.6,118051.22479199438,1.5,1.0,
2025-08-17 17:15:00,역추세 반등 (BB 하단),117764.4,117727.382085849,1.0,1.0,
2025-08-17 17:15:00,강력한 반전 (BB 찢고 복귀),117764.4,117727.382085849,1.5,1.0,
2025-08-17 19:00:00,역추세 반등 (BB 하단),117648.5,117509.30102310104,1.0,1.0,
2025-08-17 19:00:00,강력한 반전 (BB 찢고 복귀),117648.5,117509.30102310104,1.5,1.0,
2025-08-18 00:00:00,역추세 반등 (BB 하단),117453.2,117354.47777089733,1.0,1.0,
2025-08-18 00:00:00,강력한 반전 (BB 찢고 복귀),117453.2,117354.47777089733,1.5,1.0,
2025-08-18 00:30:00,역추세 반등 (BB 하단),117215.6,117191.91139938093,1.0,1.0,
2025-08-18 00:30:00,강력한 반전 (BB 찢고 복귀),117215.6,117191.91139938093,1.5,1.0,
2025-08-18 00:45:00,강력한 반전 (BB 찢고 복귀),117249.9,117149.03616132413,1.5,1.0,
2025-08-18 02:30:00,역추세 반등 (BB 하단),115859.4,115684.38471383603,1.0,1.0,
2025-08-18 02:30:00,강력한 반전 (BB 찢고 복귀),115859.4,115684.38471383603,1.5,1.0,
2025-08-18 03:00:00,역추세 반등 (BB 하단),115423.5,115186.43870647706,1.0,1.0,
2025-08-18 06:45:00,강력한 반전 (BB 찢고 복귀),115210.9,114909.73952520832,1.5,1.0,
2025-08-18 09:30:00,역추세 반등 (BB 하단),114960.0,114715.37478983893,1.0,1.0,
2025-08-18 09:30:00,강력한 반전 (BB 찢고 복귀),114960.0,114715.37478983893,1.5,1.0,
2025-08-18 12:45:00,추세확정 (BB 상단 돌파),115469.7,,2.0,1.0,115414.82511270724
2025-08-18 13:15:00,추세확정 (BB 상단 돌파),115599.9,,2.0,1.0,115552.99122029476
2025-08-18 15:45:00,추세확정 (BB 상단 돌파),116082.5,,2.0,1.0,115940.7716615578
2025-08-18 17:15:00,추세확정 (BB 상단 돌파),116479.9,,2.0,1.0,116467.67537799745
2025-08-18 22:00:00,추세확정 (BB 상단 돌파),116849.2,,2.0,1.0,116753.23068683333
2025-08-19 00:30:00,강력한 반전 (BB 찢고 복귀),115964.1,115821.19564173107,1.5,1.0,
2025-08-19 04:15:00,역추세 반등 (BB 하단),114829.3,114626.5076757312,1.0,1.0,
2025-08-19 04:15:00,강력한 반전 (BB 찢고 복귀),114829.3,114626.5076757312,1.5,1.0,
2025-08-19 13:45:00,역추세 반등 (BB 하단),115148.3,115123.69505817133,1.0,1.0,
2025-08-19 13:45:00,강력한 반전 (BB 찢고 복귀),115148.3,115123.69505817133,1.5,1.0,
2025-08-19 15:15:00,역추세 반등 (BB 하단),114034.2,113588.03721477998,1.0,1.0,
2025-08-19 15:15:00,강력한 반전 (BB 찢고 복귀),114034.2,113588.03721477998,1.5,1.0,
2025-08-19 19:15:00,역추세 반등 (BB 하단),113345.0,112785.41889584174,1.0,1.0,
2025-08-19 19:15:00,강력한 반전 (BB 찢고 복귀),113345.0,112785.41889584174,1.5,1.0,
2025-08-20 03:15:00,추세확정 (BB 상단 돌파),113580.8,,2.0,1.0,113559.16589800389
2025-08-20 08:00:00,강력한 반전 (BB 찢고 복귀),113568.5,113425.19298994476,1.5,1.0,
2025-08-20 08:15:00,추세확정 (BB 상단 돌파),113814.5,,2.0,1.0,113772.2643259308
2025-08-20 11:45:00,역추세 반등 (BB 하단),113641.9,113288.01135809552,1.0,1.0,
2025-08-20 11:45:00,강력한 반전 (BB 찢고 복귀),113641.9,113288.01135809552,1.5,1.0,
2025-08-20 13:15:00,강력한 반전 (BB 찢고 복귀),113370.1,113227.60114476984,1.5,1.0,
2025-08-20 14:00:00,역추세 반등 (BB 하단),112640.7,112759.49843099061,1.0,1.0,
2025-08-20 14:15:00,역추세 반등 (BB 하단),113099.7,112718.7754325181,1.0,1.0,
2025-08-20 14:15:00,강력한 반전 (BB 찢고 복귀),113099.7,112718.7754325181,1.5,1.0,
2025-08-21 01:45:00,추세확정 (BB 상단 돌파),114682.0,,2.0,1.0,114611.65998360259
2025-08-21 09:30:00,역추세 반등 (BB 하단),113576.9,113389.03072768162,1.0,1.0,
2025-08-21 09:30:00,강력한 반전 (BB 찢고 복귀),113576.9,113389.03072768162,1.5,1.0,
2025-08-21 10:15:00,강력한 반전 (BB 찢고 복귀),113406.9,113260.69386404987,1.5,1.0,
2025-08-21 12:00:00,강력한 반전 (BB 찢고 복귀),113131.0,113036.8943399022,1.5,1.0,
2025-08-21 12:15:00,강력한 반전 (BB 찢고 복귀),113195.9,113002.52369070522,1.5,1.0,
2025-08-21 14:00:00,추세확정 (BB 상단 돌파),113800.0,,2.0,1.0,113702.53081281054
2025-08-21 15:15:00,역추세 반등 (BB 하단),112978.1,112752.76374312956,1.0,1.0,
2025-08-21 15:15:00,강력한 반전 (BB 찢고 복귀),112978.1,112752.76374312956,1.5,1.0,
2025-08-21 16:00:00,강력한 반전 (BB 찢고 복귀),112808.3,112599.13757726901,1.5,1.0,
2025-08-21 17:15:00,역추세 반등 (BB 하단),112200.1,112062.06313046382,1.0,1.0,
2025-08-22 01:30:00,추세확정 (BB 상단 돌파),112870.0,,2.0,1.0,112830.90597712163
2025-08-22 02:00:00,추세확정 (BB 상단 돌파),113151.3,,2.0,1.0,113001.71449567545
2025-08-22 12:30:00,강력한 반전 (BB 찢고 복귀),112245.4,111855.8148018682,1.5,1.0,
2025-08-22 14:00:00,추세확정 (BB 상단 돌파),115142.7,,2.0,1.0,113913.11285862548
2025-08-23 01:45:00,역추세 반등 (BB 하단),116417.3,116367.849355169,1.0,1.0,
2025-08-23 01:45:00,강력한 반전 (BB 찢고 복귀),116417.3,116367.849355169,1.5,1.0,
2025-08-23 02:45:00,역추세 반등 (BB 하단),115895.5,115841.42452461908,1.0,1.0,
2025-08-23 02:45:00,강력한 반전 (BB 찢고 복귀),115895.5,115841.42452461908,1.5,1.0,
2025-08-23 03:00:00,강력한 반전 (BB 찢고 복귀),115962.1,115764.04989304872,1.5,1.0,
2025-08-23 03:45:00,역추세 반등 (BB 하단),115530.1,115341.22850706373,1.0,1.0,
2025-08-23 08:30:00,강력한 반전 (BB 찢고 복귀),115805.1,115584.94258899985,1.5,1.0,
2025-08-23 11:00:00,강력한 반전 (BB 찢고 복귀),115565.2,115508.32376202398,1.5,1.0,
2025-08-23 12:00:00,역추세 반등 (BB 하단),115358.9,115316.39930506918,1.0,1.0,
2025-08-23 12:00:00,강력한 반전 (BB 찢고 복귀),115358.9,115316.39930506918,1.5,1.0,
2025-08-23 14:00:00,역추세 반등 (BB 하단),114894.5,114801.15151351143,1.0,1.0,
2025-08-23 14:00:00,강력한 반전 (BB 찢고 복귀),114894.5,114801.15151351143,1.5,1.0,
2025-08-23 15:00:00,강력한 반전 (BB 찢고 복귀),114696.3,114528.17696428263,1.5,1.0,
2025-08-23 23:45:00,추세확정 (BB 상단 돌파),115404.8,,2.0,1.0,115396.12904543764
2025-08-24 02:00:00,추세확정 (BB 상단 돌파),115605.2,,2.0,1.0,115603.94507857047
2025-08-24 03:00:00,역추세 반등 (BB 하단),115066.9,115031.90352304612,1.0,1.0,
2025-08-24 03:00:00,강력한 반전 (BB 찢고 복귀),115066.9,115031.90352304612,1.5,1.0,
2025-08-24 03:30:00,역추세 반등 (BB 하단),114978.2,114933.66353958257,1.0,1.0,
2025-08-24 08:00:00,강력한 반전 (BB 찢고 복귀),114886.0,114816.8080676906,1.5,1.0,
2025-08-24 09:15:00,역추세 반등 (BB 하단),114851.6,114706.13335182861,1.0,1.0,
2025-08-24 09:15:00,강력한 반전 (BB 찢고 복귀),114851.6,114706.13335182861,1.5,1.0,
2025-08-24 10:30:00,강력한 반전 (BB 찢고 복귀),114870.0,114699.52636998866,1.5,1.0,
2025-08-24 14:15:00,역추세 반등 (BB 하단),114466.3,114437.59203026185,1.0,1.0,
2025-08-24 14:15:00,강력한 반전 (BB 찢고 복귀),114466.3,114437.59203026185,1.5,1.0,
2025-08-24 16:00:00,강력한 반전 (BB 찢고 복귀),114530.0,114398.86520027764,1.5,1.0,
2025-08-24 17:00:00,역추세 반등 (BB 하단),114473.1,114302.18203455795,1.0,1.0,
2025-08-24 17:00:00,강력한 반전 (BB 찢고 복귀),114473.1,114302.18203455795,1.5,1.0,
2025-08-24 20:15:00,역추세 반등 (BB 하단),112876.3,112566.88580015417,1.0,1.0,
2025-08-24 20:15:00,강력한 반전 (BB 찢고 복귀),112876.3,112566.88580015417,1.5,1.0,
2025-08-25 00:45:00,강력한 반전 (BB 찢고 복귀),112628.4,112143.03020139407,1.5,1.0,
2025-08-25 08:00:00,강력한 반전 (BB 찢고 복귀),111599.4,111331.08564249726,1.5,1.0,
2025-08-25 11:00:00,강력한 반전 (BB 찢고 복귀),111107.9,110914.28375033711,1.5,1.0,
2025-08-25 13:45:00,역추세 반등 (BB 하단),111479.9,110801.27224440667,1.0,1.0,
2025-08-25 13:45:00,강력한 반전 (BB 찢고 복귀),111479.9,110801.27224440667,1.5,1.0,
2025-08-25 14:45:00,추세확정 (BB 상단 돌파),112239.5,,2.0,1.0,112202.340822129
2025-08-25 15:15:00,추세확정 (BB 상단 돌파),112436.0,,2.0,1.0,112415.97402518237
2025-08-25 20:15:00,역추세 반등 (BB 하단),110476.4,110450.99688101925,1.0,1.0,
2025-08-25 20:15:00,강력한 반전 (BB 찢고 복귀),110476.4,110450.99688101925,1.5,1.0,
2025-08-26 01:00:00,역추세 반등 (BB 하단),109384.8,109026.10320691222,1.0,1.0,
2025-08-26 01:00:00,강력한 반전 (BB 찢고 복귀),109384.8,109026.10320691222,1.5,1.0,
2025-08-26 11:45:00,역추세 반등 (BB 하단),109853.0,109677.61012701342,1.0,1.0,
2025-08-26 11:45:00,강력한 반전 (BB 찢고 복귀),109853.0,109677.61012701342,1.5,1.0,
2025-08-26 12:15:00,역추세 반등 (BB 하단),109690.9,109595.47404425366,1.0,1.0,
2025-08-26 12:15:00,강력한 반전 (BB 찢고 복귀),109690.9,109595.47404425366,1.5,1.0,
2025-08-26 13:45:00,강력한 반전 (BB 찢고 복귀),110049.9,109530.28181398858,1.5,1.0,
2025-08-26 18:30:00,추세확정 (BB 상단 돌파),110879.4,,2.0,1.0,110700.30097689916
2025-08-26 19:15:00,추세확정 (BB 상단 돌파),111084.3,,2.0,1.0,111042.09750066596
2025-08-26 23:00:00,추세확정 (BB 상단 돌파),112297.7,,2.0,1.0,112149.14741254467
2025-08-27 07:45:00,역추세 반등 (BB 하단),110686.0,110624.14035741134,1.0,1.0,
2025-08-27 07:45:00,강력한 반전 (BB 찢고 복귀),110686.0,110624.14035741134,1.5,1.0,
2025-08-27 08:45:00,강력한 반전 (BB 찢고 복귀),110702.7,110352.01939709914,1.5,1.0,
2025-08-27 13:30:00,추세확정 (BB 상단 돌파),111509.9,,2.0,1.0,111482.08874836272
2025-08-27 14:00:00,추세확정 (BB 상단 돌파),111599.8,,2.0,1.0,111582.55041965685
2025-08-27 20:15:00,강력한 반전 (BB 찢고 복귀),112031.6,111582.77937830726,1.5,1.0,
2025-08-27 22:15:00,역추세 반등 (BB 하단),111249.9,111187.12689495654,1.0,1.0,
2025-08-27 22:15:00,강력한 반전 (BB 찢고 복귀),111249.9,111187.12689495654,1.5,1.0,
2025-08-28 03:00:00,추세확정 (BB 상단 돌파),111813.8,,2.0,1.0,111748.33478335488
2025-08-28 04:00:00,추세확정 (BB 상단 돌파),112118.1,,2.0,1.0,112090.70581743117
2025-08-28 12:30:00,강력한 반전 (BB 찢고 복귀),113088.5,112728.13640269845,1.5,1.0,
2025-08-28 14:00:00,강력한 반전 (BB 찢고 복귀),112953.7,112704.80818748292,1.5,1.0,
2025-08-28 14:30:00,역추세 반등 (BB 하단),112941.9,112648.17904897331,1.0,1.0,
2025-08-28 14:30:00,강력한 반전 (BB 찢고 복귀),112941.9,112648.17904897331,1.5,1.0,
2025-08-28 15:30:00,역추세 반등 (BB 하단),112526.7,112516.2528025074,1.0,1.0,
2025-08-28 15:30:00,강력한 반전 (BB 찢고 복귀),112526.7,112516.2528025074,1.5,1.0,
2025-08-28 15:45:00,강력한 반전 (BB 찢고 복귀),112620.5,112485.39593883784,1.5,1.0,
2025-08-28 17:15:00,역추세 반등 (BB 하단),112457.8,112222.83074195891,1.0,1.0,
2025-08-28 17:15:00,강력한 반전 (BB 찢고 복귀),112457.8,112222.83074195891,1.5,1.0,
2025-08-28 20:00:00,역추세 반등 (BB 하단),111940.0,111822.90412679911,1.0,1.0,
2025-08-28 20:00:00,강력한 반전 (BB 찢고 복귀),111940.0,111822.90412679911,1.5,1.0,
2025-08-29 01:30:00,역추세 반등 (BB 하단),111594.5,111538.49817668213,1.0,1.0,
2025-08-29 01:30:00,강력한 반전 (BB 찢고 복귀),111594.5,111538.49817668213,1.5,1.0,
2025-08-29 02:00:00,역추세 반등 (BB 하단),111605.0,111389.81963522591,1.0,1.0,
2025-08-29 02:00:00,강력한 반전 (BB 찢고 복귀),111605.0,111389.81963522591,1.5,1.0,
2025-08-29 05:45:00,강력한 반전 (BB 찢고 복귀),111253.9,111161.94806333,1.5,1.0,
2025-08-29 06:30:00,역추세 반등 (BB 하단),111219.3,111005.75463153067,1.0,1.0,
2025-08-29 06:30:00,강력한 반전 (BB 찢고 복귀),111219.3,111005.75463153067,1.5,1.0,
2025-08-29 08:00:00,역추세 반등 (BB 하단),109988.2,109843.0716736245,1.0,1.0,
2025-08-29 12:30:00,추세확정 (BB 상단 돌파),110508.1,,2.0,1.0,110393.6392515336
2025-08-29 15:00:00,역추세 반등 (BB 하단),108187.2,108034.44750990704,1.0,1.0,
2025-08-29 19:00:00,강력한 반전 (BB 찢고 복귀),108318.7,107982.15391337444,1.5,1.0,
2025-08-29 20:15:00,역추세 반등 (BB 하단),107946.4,107862.49272298774,1.0,1.0,
2025-08-29 20:15:00,강력한 반전 (BB 찢고 복귀),107946.4,107862.49272298774,1.5,1.0,
2025-08-29 20:45:00,역추세 반등 (BB 하단),107758.1,107654.77193737759,1.0,1.0,
2025-08-29 20:45:00,강력한 반전 (BB 찢고 복귀),107758.1,107654.77193737759,1.5,1.0,
2025-08-29 21:00:00,강력한 반전 (BB 찢고 복귀),107869.9,107615.64202516979,1.5,1.0,
2025-08-30 02:00:00,역추세 반등 (BB 하단),107738.7,107667.83341501688,1.0,1.0,
2025-08-30 02:00:00,강력한 반전 (BB 찢고 복귀),107738.7,107667.83341501688,1.5,1.0,
2025-08-30 02:15:00,강력한 반전 (BB 찢고 복귀),107787.6,107641.38231172864,1.5,1.0,
2025-08-30 08:00:00,추세확정 (BB 상단 돌파),108615.0,,2.0,1.0,108600.91167250644
2025-08-30 13:15:00,역추세 반등 (BB 하단),108399.9,108317.93127295125,1.0,1.0,
2025-08-30 13:15:00,강력한 반전 (BB 찢고 복귀),108399.9,108317.93127295125,1.5,1.0,
2025-08-30 15:15:00,추세확정 (BB 상단 돌파),108746.7,,2.0,1.0,108737.60466882431
2025-08-30 20:45:00,역추세 반등 (BB 하단),108621.7,108592.02736385485,1.0,1.0,
2025-08-30 20:45:00,강력한 반전 (BB 찢고 복귀),108621.7,108592.02736385485,1.5,1.0,
2025-08-30 21:45:00,강력한 반전 (BB 찢고 복귀),108552.2,108512.7645191238,1.5,1.0,
2025-08-31 00:30:00,추세확정 (BB 상단 돌파),109163.7,,2.0,1.0,108995.49212279363
2025-08-31 01:15:00,추세확정 (BB 상단 돌파),109289.1,,2.0,1.0,109284.18193893538
2025-08-31 04:45:00,강력한 반전 (BB 찢고 복귀),108773.5,108673.97201407059,1.5,1.0,
2025-08-31 05:30:00,역추세 반등 (BB 하단),108692.8,108518.4512844695,1.0,1.0,
2025-08-31 09:00:00,추세확정 (BB 상단 돌파),108990.1,,2.0,1.0,108981.48392944413
2025-08-31 10:15:00,강력한 반전 (BB 찢고 복귀),108417.7,108365.1993116249,1.5,1.0,
2025-08-31 10:45:00,강력한 반전 (BB 찢고 복귀),108512.2,108295.17935072894,1.5,1.0,
2025-08-31 15:30:00,추세확정 (BB 상단 돌파),108651.5,,2.0,1.0,108593.81411820003
2025-08-31 16:30:00,추세확정 (BB 상단 돌파),108815.6,,2.0,1.0,108799.11082224046
2025-08-31 22:00:00,강력한 반전 (BB 찢고 복귀),109029.8,108860.01549439879,1.5,1.0,
2025-08-31 22:45:00,역추세 반등 (BB 하단),108846.5,108814.48868871175,1.0,1.0,
2025-08-31 22:45:00,강력한 반전 (BB 찢고 복귀),108846.5,108814.48868871175,1.5,1.0,
2025-08-31 23:45:00,역추세 반등 (BB 하단),108200.0,108282.83423388761,1.0,1.0,
2025-09-01 00:30:00,역추세 반등 (BB 하단),108124.9,107828.97849739996,1.0,1.0,
2025-09-01 00:30:00,강력한 반전 (BB 찢고 복귀),108124.9,107828.97849739996,1.5,1.0,
2025-09-01 07:15:00,추세확정 (BB 상단 돌파),108407.3,,2.0,1.0,108280.97275067276
2025-09-01 17:15:00,강력한 반전 (BB 찢고 복귀),108584.6,108489.13625712246,1.5,1.0,
2025-09-01 20:45:00,역추세 반등 (BB 하단),108840.0,108477.80575577577,1.0,1.0,
2025-09-01 20:45:00,강력한 반전 (BB 찢고 복귀),108840.0,108477.80575577577,1.5,1.0,
2025-09-01 21:45:00,역추세 반등 (BB 하단),107750.0,107756.27897897462,1.0,1.0,
2025-09-01 22:00:00,역추세 반등 (BB 하단),107880.0,107652.3654601525,1.0,1.0,
2025-09-01 22:00:00,강력한 반전 (BB 찢고 복귀),107880.0,107652.3654601525,1.5,1.0,
2025-09-02 02:45:00,추세확정 (BB 상단 돌파),110211.5,,2.0,1.0,110133.71680644447
2025-09-02 08:15:00,강력한 반전 (BB 찢고 복귀),110272.3,110041.6452349776,1.5,1.0,
2025-09-02 08:30:00,추세확정 (BB 상단 돌파),110481.3,,2.0,1.0,110472.14582976254
2025-09-02 09:00:00,추세확정 (BB 상단 돌파),110569.6,,2.0,1.0,110527.19256968053
2025-09-02 11:30:00,역추세 반등 (BB 하단),109877.9,109874.13548587846,1.0,1.0,
2025-09-02 11:30:00,강력한 반전 (BB 찢고 복귀),109877.9,109874.13548587846,1.5,1.0,
2025-09-02 12:15:00,역추세 반등 (BB 하단),109380.0,109455.81402261746,1.0,1.0,
2025-09-02 12:45:00,역추세 반등 (BB 하단),108740.1,108891.79490389985,1.0,1.0,
2025-09-02 13:00:00,역추세 반등 (BB 하단),109139.3,108785.06149569846,1.0,1.0,
2025-09-02 13:00:00,강력한 반전 (BB 찢고 복귀),109139.3,108785.06149569846,1.5,1.0,
2025-09-02 18:45:00,강력한 반전 (BB 찢고 복귀),110594.4,110182.44064224175,1.5,1.0,
2025-09-02 20:15:00,추세확정 (BB 상단 돌파),111227.3,,2.0,1.0,111179.47213308506
2025-09-03 06:00:00,강력한 반전 (BB 찢고 복귀),110659.8,110570.85789042548,1.5,1.0,
2025-09-03 07:15:00,강력한 반전 (BB 찢고 복귀),110752.3,110491.11838624257,1.5,1.0,
2025-09-03 08:00:00,추세확정 (BB 상단 돌파),111190.4,,2.0,1.0,111163.2612326104
2025-09-03 14:30:00,추세확정 (BB 상단 돌파),112458.1,,2.0,1.0,111992.20589291707
2025-09-03 23:45:00,역추세 반등 (BB 하단),111661.8,111596.85723106119,1.0,1.0,
2025-09-04 00:00:00,강력한 반전 (BB 찢고 복귀),111680.5,111581.82038281707,1.5,1.0,
2025-09-04 02:30:00,역추세 반등 (BB 하단),111564.2,111450.45570884756,1.0,1.0,
2025-09-04 02:30:00,강력한 반전 (BB 찢고 복귀),111564.2,111450.45570884756,1.5,1.0,
2025-09-04 03:00:00,강력한 반전 (BB 찢고 복귀),111431.0,111351.58006146524,1.5,1.0,
2025-09-04 04:00:00,역추세 반등 (BB 하단),111200.5,111055.86340167484,1.0,1.0,
2025-09-04 05:15:00,강력한 반전 (BB 찢고 복귀),110759.9,110600.95368354762,1.5,1.0,
2025-09-04 10:00:00,추세확정 (BB 상단 돌파),110965.0,,2.0,1.0,110956.61655322988
2025-09-04 14:15:00,역추세 반등 (BB 하단),109891.0,110027.21536453403,1.0,1.0,
2025-09-04 14:30:00,역추세 반등 (BB 하단),110059.5,109937.84478749563,1.0,1.0,
2025-09-04 14:30:00,강력한 반전 (BB 찢고 복귀),110059.5,109937.84478749563,1.5,1.0,
2025-09-04 15:15:00,역추세 반등 (BB 하단),109452.1,109410.04672228993,1.0,1.0,
2025-09-04 15:15:00,강력한 반전 (BB 찢고 복귀),109452.1,109410.04672228993,1.5,1.0,
2025-09-04 22:15:00,추세확정 (BB 상단 돌파),110763.8,,2.0,1.0,110742.06046286336
2025-09-04 22:45:00,추세확정 (BB 상단 돌파),111450.4,,2.0,1.0,111066.74957070555
2025-09-05 06:45:00,추세확정 (BB 상단 돌파),111860.4,,2.0,1.0,111784.06378225851
2025-09-05 12:30:00,강력한 반전 (BB 찢고 복귀),112630.8,111970.42755483597,1.5,1.0,
2025-09-05 12:45:00,추세확정 (BB 상단 돌파),113175.0,,2.0,1.0,112952.85724352793
2025-09-05 15:00:00,역추세 반등 (BB 하단),110577.1,110541.78724721332,1.0,1.0,
2025-09-05 15:00:00,강력한 반전 (BB 찢고 복귀),110577.1,110541.78724721332,1.5,1.0,
2025-09-05 19:45:00,추세확정 (BB 상단 돌파),111550.2,,2.0,1.0,111507.44412082709
2025-09-06 02:45:00,추세확정 (BB 상단 돌파),111161.8,,2.0,1.0,110996.75362886746
2025-09-06 08:45:00,추세확정 (BB 상단 돌파),110883.5,,2.0,1.0,110881.46629247721
2025-09-06 16:30:00,역추세 반등 (BB 하단),110176.5,110195.12101117166,1.0,1.0,
2025-09-06 16:45:00,역추세 반등 (BB 하단),110201.6,110126.72370083873,1.0,1.0,
2025-09-06 16:45:00,강력한 반전 (BB 찢고 복귀),110201.6,110126.72370083873,1.5,1.0,
2025-09-07 00:45:00,추세확정 (BB 상단 돌파),110301.9,,2.0,1.0,110284.32649224848
2025-09-07 07:15:00,강력한 반전 (BB 찢고 복귀),110614.8,110425.24337976056,1.5,1.0,
2025-09-07 07:30:00,추세확정 (BB 상단 돌파),110750.7,,2.0,1.0,110723.33572589509
2025-09-07 08:00:00,추세확정 (BB 상단 돌파),110794.5,,2.0,1.0,110779.10173263888
2025-09-07 17:30:00,역추세 반등 (BB 하단),111061.6,110945.1258170371,1.0,1.0,
2025-09-07 17:30:00,강력한 반전 (BB 찢고 복귀),111061.6,110945.1258170371,1.5,1.0,
2025-09-07 18:00:00,강력한 반전 (BB 찢고 복귀),110951.6,110904.12323358057,1.5,1.0,
2025-09-07 23:15:00,추세확정 (BB 상단 돌파),111427.5,,2.0,1.0,111385.17391887921
2025-09-08 00:15:00,강력한 반전 (BB 찢고 복귀),111183.1,110987.93033018788,1.5,1.0,
2025-09-08 01:00:00,역추세 반등 (BB 하단),110822.8,110834.90383680178,1.0,1.0,
2025-09-08 01:30:00,역추세 반등 (BB 하단),110810.5,110724.45905514246,1.0,1.0,
2025-09-08 01:30:00,강력한 반전 (BB 찢고 복귀),110810.5,110724.45905514246,1.5,1.0,
2025-09-08 07:15:00,추세확정 (BB 상단 돌파),111452.0,,2.0,1.0,111339.40989568521
2025-09-08 08:15:00,추세확정 (BB 상단 돌파),111544.6,,2.0,1.0,111480.33675450673
2025-09-08 09:00:00,추세확정 (BB 상단 돌파),111922.0,,2.0,1.0,111829.58082060948
2025-09-08 13:00:00,추세확정 (BB 상단 돌파),112283.8,,2.0,1.0,112255.71756164824
2025-09-08 14:30:00,추세확정 (BB 상단 돌파),112549.5,,2.0,1.0,112393.73560249397
2025-09-09 00:45:00,역추세 반등 (BB 하단),111598.0,111552.65492953251,1.0,1.0,
2025-09-09 00:45:00,강력한 반전 (BB 찢고 복귀),111598.0,111552.65492953251,1.5,1.0,
2025-09-09 01:30:00,역추세 반등 (BB 하단),111418.4,111297.98657006671,1.0,1.0,
2025-09-09 01:30:00,강력한 반전 (BB 찢고 복귀),111418.4,111297.98657006671,1.5,1.0,
2025-09-09 06:00:00,추세확정 (BB 상단 돌파),112624.5,,2.0,1.0,112377.09584002625
2025-09-09 12:00:00,역추세 반등 (BB 하단),112666.6,112448.22384620993,1.0,1.0,
2025-09-09 12:00:00,강력한 반전 (BB 찢고 복귀),112666.6,112448.22384620993,1.5,1.0,
2025-09-09 14:45:00,역추세 반등 (BB 하단),111697.0,111828.19173739305,1.0,1.0,
2025-09-09 15:45:00,역추세 반등 (BB 하단),110821.8,110819.9333419939,1.0,1.0,
2025-09-09 15:45:00,강력한 반전 (BB 찢고 복귀),110821.8,110819.9333419939,1.5,1.0,
2025-09-09 20:45:00,추세확정 (BB 상단 돌파),111495.5,,2.0,1.0,111378.1204060968
2025-09-10 01:00:00,역추세 반등 (BB 하단),111114.0,110986.47276542587,1.0,1.0,
2025-09-10 01:00:00,강력한 반전 (BB 찢고 복귀),111114.0,110986.47276542587,1.5,1.0,
2025-09-10 01:30:00,역추세 반등 (BB 하단),110950.0,110907.44428306879,1.0,1.0,
2025-09-10 01:30:00,강력한 반전 (BB 찢고 복귀),110950.0,110907.44428306879,1.5,1.0,
2025-09-10 06:30:00,추세확정 (BB 상단 돌파),111834.2,,2.0,1.0,111818.09384948804
2025-09-10 07:00:00,추세확정 (BB 상단 돌파),111879.2,,2.0,1.0,111840.80028732159
2025-09-10 12:30:00,추세확정 (BB 상단 돌파),113203.6,,2.0,1.0,112888.28322650856
2025-09-10 17:30:00,강력한 반전 (BB 찢고 복귀),113571.0,113393.12743580701,1.5,1.0,
2025-09-10 18:30:00,역추세 반등 (BB 하단),113436.5,113347.44468007868,1.0,1.0,
2025-09-10 18:30:00,강력한 반전 (BB 찢고 복귀),113436.5,113347.44468007868,1.5,1.0,
2025-09-10 18:45:00,강력한 반전 (BB 찢고 복귀),113545.1,113325.66565953755,1.5,1.0,
2025-09-10 19:30:00,역추세 반등 (BB 하단),113417.9,113177.69337273354,1.0,1.0,
2025-09-10 19:30:00,강력한 반전 (BB 찢고 복귀),113417.9,113177.69337273354,1.5,1.0,
2025-09-11 01:00:00,추세확정 (BB 상단 돌파),114009.9,,2.0,1.0,113990.23196721624
2025-09-11 03:15:00,추세확정 (BB 상단 돌파),114072.0,,2.0,1.0,114032.53658651213
2025-09-11 08:00:00,강력한 반전 (BB 찢고 복귀),114072.2,113957.20021516235,1.5,1.0,
2025-09-11 09:15:00,역추세 반등 (BB 하단),113923.5,113870.20096910838,1.0,1.0,
2025-09-11 09:15:00,강력한 반전 (BB 찢고 복귀),113923.5,113870.20096910838,1.5,1.0,
2025-09-11 09:45:00,역추세 반등 (BB 하단),113848.4,113782.4357842823,1.0,1.0,
2025-09-11 09:45:00,강력한 반전 (BB 찢고 복귀),113848.4,113782.4357842823,1.5,1.0,
2025-09-11 12:00:00,추세확정 (BB 상단 돌파),114219.9,,2.0,1.0,114198.5916499781
2025-09-11 13:15:00,역추세 반등 (BB 하단),113687.2,113558.56610781036,1.0,1.0,
2025-09-11 13:15:00,강력한 반전 (BB 찢고 복귀),113687.2,113558.56610781036,1.5,1.0,
2025-09-11 13:45:00,추세확정 (BB 상단 돌파),114600.5,,2.0,1.0,114421.44629143523
2025-09-11 22:15:00,추세확정 (BB 상단 돌파),114997.3,,2.0,1.0,114746.829147703
2025-09-12 08:15:00,강력한 반전 (BB 찢고 복귀),115132.9,114986.05785278227,1.5,1.0,
2025-09-12 12:15:00,강력한 반전 (BB 찢고 복귀),115086.7,114802.67045777074,1.5,1.0,
2025-09-12 13:30:00,강력한 반전 (BB 찢고 복귀),114900.1,114805.93515296215,1.5,1.0,
2025-09-12 14:15:00,추세확정 (BB 상단 돌파),115183.9,,2.0,1.0,115167.12248616072
2025-09-12 14:45:00,추세확정 (BB 상단 돌파),115219.0,,2.0,1.0,115211.45850029108
2025-09-12 16:15:00,추세확정 (BB 상단 돌파),115307.6,,2.0,1.0,115297.8370666577
2025-09-12 16:45:00,추세확정 (BB 상단 돌파),115434.7,,2.0,1.0,115403.83328697052
2025-09-12 18:00:00,추세확정 (BB 상단 돌파),115971.9,,2.0,1.0,115956.35858488228
2025-09-13 02:00:00,역추세 반등 (BB 하단),115914.2,115706.2419990952,1.0,1.0,
2025-09-13 02:00:00,강력한 반전 (BB 찢고 복귀),115914.2,115706.2419990952,1.5,1.0,
2025-09-13 08:30:00,추세확정 (BB 상단 돌파),115930.4,,2.0,1.0,115895.88033082044
2025-09-13 09:45:00,추세확정 (BB 상단 돌파),115970.1,,2.0,1.0,115961.05976515064
2025-09-13 14:15:00,역추세 반등 (BB 하단),115846.8,115686.1946455352,1.0,1.0,
2025-09-13 14:15:00,강력한 반전 (BB 찢고 복귀),115846.8,115686.1946455352,1.5,1.0,
2025-09-13 15:45:00,강력한 반전 (BB 찢고 복귀),115729.5,115648.07219324732,1.5,1.0,
2025-09-13 17:15:00,역추세 반등 (BB 하단),115325.0,115212.94980967013,1.0,1.0,
2025-09-13 17:15:00,강력한 반전 (BB 찢고 복귀),115325.0,115212.94980967013,1.5,1.0,
2025-09-14 00:45:00,강력한 반전 (BB 찢고 복귀),115872.7,115768.95545082918,1.5,1.0,
2025-09-14 01:15:00,역추세 반등 (BB 하단),115764.9,115727.5121212673,1.0,1.0,
2025-09-14 01:15:00,강력한 반전 (BB 찢고 복귀),115764.9,115727.5121212673,1.5,1.0,
2025-09-14 01:30:00,강력한 반전 (BB 찢고 복귀),115881.9,115730.77307937662,1.5,1.0,
2025-09-14 02:00:00,추세확정 (BB 상단 돌파),116050.0,,2.0,1.0,115997.1567627472
2025-09-14 03:15:00,역추세 반등 (BB 하단),115670.4,115642.4584843168,1.0,1.0,
2025-09-14 03:15:00,강력한 반전 (BB 찢고 복귀),115670.4,115642.4584843168,1.5,1.0,
2025-09-14 03:30:00,강력한 반전 (BB 찢고 복귀),115671.9,115620.9780880477,1.5,1.0,
2025-09-14 04:15:00,강력한 반전 (BB 찢고 복귀),115672.4,115543.20275279292,1.5,1.0,
2025-09-14 08:30:00,추세확정 (BB 상단 돌파),115922.9,,2.0,1.0,115876.20643124472
2025-09-14 09:15:00,추세확정 (BB 상단 돌파),115957.3,,2.0,1.0,115945.99588931432
2025-09-14 12:45:00,강력한 반전 (BB 찢고 복귀),115719.5,115619.18120586693,1.5,1.0,
2025-09-14 13:45:00,역추세 반등 (BB 하단),115286.3,115326.09882954448,1.0,1.0,
2025-09-14 14:00:00,역추세 반등 (BB 하단),115535.9,115299.30161569029,1.0,1.0,
2025-09-14 14:00:00,강력한 반전 (BB 찢고 복귀),115535.9,115299.30161569029,1.5,1.0,
2025-09-14 14:45:00,강력한 반전 (BB 찢고 복귀),115350.4,115166.63632557275,1.5,1.0,
2025-09-14 20:30:00,추세확정 (BB 상단 돌파),115786.5,,2.0,1.0,115770.43955113085
2025-09-14 21:15:00,추세확정 (BB 상단 돌파),115856.5,,2.0,1.0,115855.44983220306
2025-09-14 23:45:00,강력한 반전 (BB 찢고 복귀),115214.4,115149.2214583919,1.5,1.0,
2025-09-15 00:15:00,역추세 반등 (BB 하단),115167.8,115032.66756317228,1.0,1.0,
2025-09-15 00:15:00,강력한 반전 (BB 찢고 복귀),115167.8,115032.66756317228,1.5,1.0,
2025-09-15 04:15:00,추세확정 (BB 상단 돌파),115916.6,,2.0,1.0,115730.63230614018
2025-09-15 09:00:00,역추세 반등 (BB 하단),114797.6,114856.25727087418,1.0,1.0,
2025-09-15 09:15:00,역추세 반등 (BB 하단),115030.0,114742.0198620265,1.0,1.0,
2025-09-15 09:15:00,강력한 반전 (BB 찢고 복귀),115030.0,114742.0198620265,1.5,1.0,
2025-09-15 13:45:00,역추세 반등 (BB 하단),114604.2,114496.05658758293,1.0,1.0,
2025-09-15 13:45:00,강력한 반전 (BB 찢고 복귀),114604.2,114496.05658758293,1.5,1.0,
2025-09-15 14:00:00,강력한 반전 (BB 찢고 복귀),114609.8,114474.39510181115,1.5,1.0,
2025-09-15 15:15:00,강력한 반전 (BB 찢고 복귀),114635.1,114406.40854004706,1.5,1.0,
2025-09-15 18:45:00,추세확정 (BB 상단 돌파),115277.9,,2.0,1.0,115176.17063942646
2025-09-15 19:30:00,추세확정 (BB 상단 돌파),115407.0,,2.0,1.0,115338.77397546105
2025-09-16 00:30:00,역추세 반등 (BB 하단),115101.0,115044.19163742385,1.0,1.0,
2025-09-16 00:30:00,강력한 반전 (BB 찢고 복귀),115101.0,115044.19163742385,1.5,1.0,
2025-09-16 04:15:00,강력한 반전 (BB 찢고 복귀),115269.9,114899.67786448874,1.5,1.0,
2025-09-16 04:45:00,추세확정 (BB 상단 돌파),115474.6,,2.0,1.0,115454.8871368407
2025-09-16 11:15:00,역추세 반등 (BB 하단),115278.3,115172.05779811445,1.0,1.0,
2025-09-16 11:15:00,강력한 반전 (BB 찢고 복귀),115278.3,115172.05779811445,1.5,1.0,
2025-09-16 13:45:00,역추세 반등 (BB 하단),115159.9,115080.21787419321,1.0,1.0,
2025-09-16 13:45:00,강력한 반전 (BB 찢고 복귀),115159.9,115080.21787419321,1.5,1.0,
2025-09-16 14:15:00,역추세 반등 (BB 하단),114946.0,114962.58424747174,1.0,1.0,
2025-09-16 14:30:00,역추세 반등 (BB 하단),114994.9,114928.52314234636,1.0,1.0,
2025-09-16 14:30:00,강력한 반전 (BB 찢고 복귀),114994.9,114928.52314234636,1.5,1.0,
2025-09-16 15:45:00,추세확정 (BB 상단 돌파),115869.9,,2.0,1.0,115657.07297406477
2025-09-16 16:45:00,추세확정 (BB 상단 돌파),116043.1,,2.0,1.0,116024.11841302468
2025-09-17 01:15:00,강력한 반전 (BB 찢고 복귀),116671.1,116484.58283445291,1.5,1.0,
2025-09-17 04:00:00,역추세 반등 (BB 하단),116374.8,116342.27266470811,1.0,1.0,
2025-09-17 04:00:00,강력한 반전 (BB 찢고 복귀),116374.8,116342.27266470811,1.5,1.0,
2025-09-17 04:45:00,역추세 반등 (BB 하단),116259.2,116178.99925679405,1.0,1.0,
2025-09-17 04:45:00,강력한 반전 (BB 찢고 복귀),116259.2,116178.99925679405,1.5,1.0,
2025-09-17 05:45:00,추세확정 (BB 상단 돌파),117059.2,,2.0,1.0,116961.79361038253
2025-09-17 13:45:00,강력한 반전 (BB 찢고 복귀),116051.8,115895.60945564359,1.5,1.0,
2025-09-17 14:45:00,역추세 반등 (BB 하단),115548.7,115584.56760596043,1.0,1.0,
2025-09-17 15:00:00,역추세 반등 (BB 하단),115709.4,115539.71800016645,1.0,1.0,
2025-09-17 15:00:00,강력한 반전 (BB 찢고 복귀),115709.4,115539.71800016645,1.5,1.0,
2025-09-17 18:15:00,강력한 반전 (BB 찢고 복귀),115941.8,115263.74238181808,1.5,1.0,
2025-09-17 18:45:00,역추세 반등 (BB 하단),115205.5,115048.17361477982,1.0,1.0,
2025-09-17 18:45:00,강력한 반전 (BB 찢고 복귀),115205.5,115048.17361477982,1.5,1.0,
2025-09-17 19:00:00,강력한 반전 (BB 찢고 복귀),115483.8,115072.23934603471,1.5,1.0,
2025-09-17 23:00:00,추세확정 (BB 상단 돌파),116771.2,,2.0,1.0,116717.12145406342
2025-09-18 02:45:00,추세확정 (BB 상단 돌파),116914.1,,2.0,1.0,116889.399292313
2025-09-18 12:00:00,강력한 반전 (BB 찢고 복귀),117182.3,116999.9262344319,1.5,1.0,
2025-09-18 13:00:00,추세확정 (BB 상단 돌파),117332.8,,2.0,1.0,117322.30166260278
2025-09-18 13:00:00,강력한 반전 (BB 찢고 복귀),117332.8,117010.64833739723,1.5,1.0,
2025-09-18 13:45:00,강력한 반전 (BB 찢고 복귀),117365.2,116979.76787920123,1.5,1.0,
2025-09-18 14:00:00,추세확정 (BB 상단 돌파),117491.4,,2.0,1.0,117438.24567337576
2025-09-18 19:45:00,강력한 반전 (BB 찢고 복귀),117404.7,117212.7969599553,1.5,1.0,
2025-09-18 23:15:00,역추세 반등 (BB 하단),116760.3,116759.95864945946,1.0,1.0,
2025-09-18 23:15:00,강력한 반전 (BB 찢고 복귀),116760.3,116759.95864945946,1.5,1.0,
2025-09-19 04:15:00,강력한 반전 (BB 찢고 복귀),116937.3,116750.06548312698,1.5,1.0,
2025-09-19 10:00:00,역추세 반등 (BB 하단),116482.0,116480.29388332015,1.0,1.0,
2025-09-19 10:00:00,강력한 반전 (BB 찢고 복귀),116482.0,116480.29388332015,1.5,1.0,
2025-09-19 15:15:00,역추세 반등 (BB 하단),115751.8,115672.4047597045,1.0,1.0,
2025-09-19 15:15:00,강력한 반전 (BB 찢고 복귀),115751.8,115672.4047597045,1.5,1.0,
2025-09-19 15:30:00,강력한 반전 (BB 찢고 복귀),115855.4,115643.87840059507,1.5,1.0,
2025-09-20 07:30:00,추세확정 (BB 상단 돌파),115880.2,,2.0,1.0,115791.57288007726
2025-09-20 15:00:00,추세확정 (BB 상단 돌파),116019.4,,2.0,1.0,115991.96942505543
2025-09-20 18:15:00,역추세 반등 (BB 하단),115755.1,115700.60146595635,1.0,1.0,
2025-09-20 18:15:00,강력한 반전 (BB 찢고 복귀),115755.1,115700.60146595635,1.5,1.0,
2025-09-21 00:30:00,역추세 반등 (BB 하단),115559.3,115539.28015585808,1.0,1.0,
2025-09-21 00:30:00,강력한 반전 (BB 찢고 복귀),115559.3,115539.28015585808,1.5,1.0,
2025-09-21 06:00:00,추세확정 (BB 상단 돌파),115745.0,,2.0,1.0,115709.73584501047
2025-09-21 09:30:00,강력한 반전 (BB 찢고 복귀),115458.2,115381.79454376842,1.5,1.0,
2025-09-21 14:30:00,강력한 반전 (BB 찢고 복귀),115604.4,115502.71377688007,1.5,1.0,
2025-09-21 15:00:00,역추세 반등 (BB 하단),115506.0,115458.74755009986,1.0,1.0,
2025-09-21 15:00:00,강력한 반전 (BB 찢고 복귀),115506.0,115458.74755009986,1.5,1.0,
2025-09-21 15:30:00,강력한 반전 (BB 찢고 복귀),115527.4,115437.50561025749,1.5,1.0,
2025-09-21 17:00:00,역추세 반등 (BB 하단),115323.2,115243.250971638,1.0,1.0,
2025-09-21 17:00:00,강력한 반전 (BB 찢고 복귀),115323.2,115243.250971638,1.5,1.0,
2025-09-21 21:00:00,강력한 반전 (BB 찢고 복귀),115256.9,115184.05512178117,1.5,1.0,
2025-09-21 22:15:00,강력한 반전 (BB 찢고 복귀),115265.4,115144.1389999597,1.5,1.0,
2025-09-22 01:00:00,역추세 반등 (BB 하단),114566.2,114590.14514336608,1.0,1.0,
2025-09-22 01:15:00,역추세 반등 (BB 하단),114590.8,114507.62210106087,1.0,1.0,
2025-09-22 01:15:00,강력한 반전 (BB 찢고 복귀),114590.8,114507.62210106087,1.5,1.0,
2025-09-22 02:00:00,역추세 반등 (BB 하단),114304.6,114162.82202050468,1.0,1.0,
2025-09-22 06:30:00,역추세 반등 (BB 하단),112908.5,112967.64858961807,1.0,1.0,
2025-09-22 13:45:00,추세확정 (BB 상단 돌파),113077.3,,2.0,1.0,113057.11041090186
2025-09-22 14:15:00,추세확정 (BB 상단 돌파),113315.6,,2.0,1.0,113243.45888539529
2025-09-22 17:15:00,역추세 반등 (BB 하단),112334.4,112230.1183349511,1.0,1.0,
2025-09-22 17:15:00,강력한 반전 (BB 찢고 복귀),112334.4,112230.1183349511,1.5,1.0,
2025-09-22 19:45:00,역추세 반등 (BB 하단),112058.8,112026.1708865481,1.0,1.0,
2025-09-22 19:45:00,강력한 반전 (BB 찢고 복귀),112058.8,112026.1708865481,1.5,1.0,
2025-09-22 20:00:00,강력한 반전 (BB 찢고 복귀),112078.4,111978.0719023274,1.5,1.0,
2025-09-23 01:15:00,강력한 반전 (BB 찢고 복귀),112442.9,112307.70116237272,1.5,1.0,
2025-09-23 02:00:00,역추세 반등 (BB 하단),112342.2,112124.59915746588,1.0,1.0,
2025-09-23 02:00:00,강력한 반전 (BB 찢고 복귀),112342.2,112124.59915746588,1.5,1.0,
2025-09-23 03:00:00,역추세 반등 (BB 하단),111761.8,111747.73137379122,1.0,1.0,
2025-09-23 03:00:00,강력한 반전 (BB 찢고 복귀),111761.8,111747.73137379122,1.5,1.0,
2025-09-23 03:15:00,강력한 반전 (BB 찢고 복귀),112236.3,111739.211607503,1.5,1.0,
2025-09-23 05:30:00,추세확정 (BB 상단 돌파),112787.2,,2.0,1.0,112786.31100969098
2025-09-23 11:15:00,역추세 반등 (BB 하단),112791.7,112690.80828332165,1.0,1.0,
2025-09-23 11:15:00,강력한 반전 (BB 찢고 복귀),112791.7,112690.80828332165,1.5,1.0,
2025-09-23 14:30:00,강력한 반전 (BB 찢고 복귀),112758.2,112675.55914404613,1.5,1.0,
2025-09-23 15:00:00,역추세 반등 (BB 하단),112880.1,112627.2642955417,1.0,1.0,
2025-09-23 15:00:00,강력한 반전 (BB 찢고 복귀),112880.1,112627.2642955417,1.5,1.0,
2025-09-23 16:15:00,역추세 반등 (BB 하단),112746.7,112580.40418897483,1.0,1.0,
2025-09-23 16:15:00,강력한 반전 (BB 찢고 복귀),112746.7,112580.40418897483,1.5,1.0,
2025-09-23 16:45:00,역추세 반등 (BB 하단),112741.8,112531.59257338244,1.0,1.0,
2025-09-23 16:45:00,강력한 반전 (BB 찢고 복귀),112741.8,112531.59257338244,1.5,1.0,
2025-09-23 18:00:00,역추세 반등 (BB 하단),112056.2,111967.04407128227,1.0,1.0,
2025-09-23 18:00:00,강력한 반전 (BB 찢고 복귀),112056.2,111967.04407128227,1.5,1.0,
2025-09-23 18:45:00,역추세 반등 (BB 하단),111712.8,111603.13902628489,1.0,1.0,
2025-09-24 01:15:00,추세확정 (BB 상단 돌파),112337.2,,2.0,1.0,112333.60821738085
2025-09-24 03:30:00,역추세 반등 (BB 하단),111779.2,111739.55290980387,1.0,1.0,
2025-09-24 03:30:00,강력한 반전 (BB 찢고 복귀),111779.2,111739.55290980387,1.5,1.0,
2025-09-24 04:15:00,역추세 반등 (BB 하단),111968.0,111544.17955817269,1.0,1.0,
2025-09-24 04:15:00,강력한 반전 (BB 찢고 복귀),111968.0,111544.17955817269,1.5,1.0,
2025-09-24 10:45:00,추세확정 (BB 상단 돌파),112891.1,,2.0,1.0,112831.25806650525
2025-09-24 14:30:00,추세확정 (BB 상단 돌파),113330.7,,2.0,1.0,113283.8888743423
2025-09-24 15:15:00,추세확정 (BB 상단 돌파),113602.6,,2.0,1.0,113570.32443867919
2025-09-24 19:45:00,강력한 반전 (BB 찢고 복귀),113370.0,113220.40156166426,1.5,1.0,
2025-09-24 23:45:00,강력한 반전 (BB 찢고 복귀),113255.5,113156.1606240241,1.5,1.0,
2025-09-25 00:30:00,역추세 반등 (BB 하단),113159.5,113090.26043687481,1.0,1.0,
2025-09-25 00:30:00,강력한 반전 (BB 찢고 복귀),113159.5,113090.26043687481,1.5,1.0,
2025-09-25 01:00:00,역추세 반등 (BB 하단),113213.1,113018.5948369526,1.0,1.0,
2025-09-25 01:00:00,강력한 반전 (BB 찢고 복귀),113213.1,113018.5948369526,1.5,1.0,
2025-09-25 02:00:00,역추세 반등 (BB 하단),112614.4,112615.27077538366,1.0,1.0,
2025-09-25 02:15:00,역추세 반등 (BB 하단),112684.9,112557.74570851051,1.0,1.0,
2025-09-25 02:15:00,강력한 반전 (BB 찢고 복귀),112684.9,112557.74570851051,1.5,1.0,
2025-09-25 03:30:00,역추세 반등 (BB 하단),112373.3,112276.02549220456,1.0,1.0,
2025-09-25 03:30:00,강력한 반전 (BB 찢고 복귀),112373.3,112276.02549220456,1.5,1.0,
2025-09-25 05:00:00,강력한 반전 (BB 찢고 복귀),111787.6,111598.38208849041,1.5,1.0,
2025-09-25 12:00:00,강력한 반전 (BB 찢고 복귀),111507.9,111280.21132743171,1.5,1.0,
2025-09-25 12:30:00,역추세 반등 (BB 하단),111291.2,111118.69702169792,1.0,1.0,
2025-09-25 12:30:00,강력한 반전 (BB 찢고 복귀),111291.2,111118.69702169792,1.5,1.0,
2025-09-25 13:00:00,강력한 반전 (BB 찢고 복귀),111205.0,110993.21396402533,1.5,1.0,
2025-09-25 13:45:00,역추세 반등 (BB 하단),110935.3,110762.62395519475,1.0,1.0,
2025-09-25 13:45:00,강력한 반전 (BB 찢고 복귀),110935.3,110762.62395519475,1.5,1.0,
2025-09-25 18:00:00,역추세 반등 (BB 하단),109170.3,109063.07868057206,1.0,1.0,
2025-09-25 18:00:00,강력한 반전 (BB 찢고 복귀),109170.3,109063.07868057206,1.5,1.0,
2025-09-26 00:00:00,역추세 반등 (BB 하단),109239.7,108936.32964163074,1.0,1.0,
2025-09-26 00:00:00,강력한 반전 (BB 찢고 복귀),109239.7,108936.32964163074,1.5,1.0,
2025-09-26 00:45:00,역추세 반등 (BB 하단),109420.5,108875.50643750139,1.0,1.0,
2025-09-26 00:45:00,강력한 반전 (BB 찢고 복귀),109420.5,108875.50643750139,1.5,1.0,
2025-09-26 06:00:00,강력한 반전 (BB 찢고 복귀),109209.6,109140.36471018533,1.5,1.0,
2025-09-26 07:45:00,역추세 반등 (BB 하단),109254.9,109018.42531800941,1.0,1.0,
2025-09-26 07:45:00,강력한 반전 (BB 찢고 복귀),109254.9,109018.42531800941,1.5,1.0,
2025-09-26 10:45:00,역추세 반등 (BB 하단),108840.6,108782.04189926402,1.0,1.0,
2025-09-26 10:45:00,강력한 반전 (BB 찢고 복귀),108840.6,108782.04189926402,1.5,1.0,
2025-09-26 17:15:00,추세확정 (BB 상단 돌파),109869.9,,2.0,1.0,109823.80288078073
2025-09-27 01:45:00,강력한 반전 (BB 찢고 복귀),109370.5,109283.59596123587,1.5,1.0,
2025-09-27 07:45:00,역추세 반등 (BB 하단),109359.2,109338.9598739965,1.0,1.0,
2025-09-27 07:45:00,강력한 반전 (BB 찢고 복귀),109359.2,109338.9598739965,1.5,1.0,
2025-09-27 08:15:00,역추세 반등 (BB 하단),109317.2,109272.57149361823,1.0,1.0,
2025-09-27 08:15:00,강력한 반전 (BB 찢고 복귀),109317.2,109272.57149361823,1.5,1.0,
2025-09-27 09:30:00,역추세 반등 (BB 하단),109236.4,109057.46951006245,1.0,1.0,
2025-09-27 09:30:00,강력한 반전 (BB 찢고 복귀),109236.4,109057.46951006245,1.5,1.0,
2025-09-27 15:30:00,강력한 반전 (BB 찢고 복귀),109287.1,109170.61197294065,1.5,1.0,
2025-09-27 22:00:00,추세확정 (BB 상단 돌파),109573.8,,2.0,1.0,109490.96587572746
2025-09-28 00:15:00,추세확정 (BB 상단 돌파),109725.1,,2.0,1.0,109708.00005346186
2025-09-28 06:30:00,역추세 반등 (BB 하단),109391.1,109234.21050708054,1.0,1.0,
2025-09-28 06:30:00,강력한 반전 (BB 찢고 복귀),109391.1,109234.21050708054,1.5,1.0,
2025-09-28 11:30:00,역추세 반등 (BB 하단),109229.6,109204.02925570737,1.0,1.0,
2025-09-28 11:30:00,강력한 반전 (BB 찢고 복귀),109229.6,109204.02925570737,1.5,1.0,
2025-09-28 11:45:00,강력한 반전 (BB 찢고 복귀),109325.7,109200.24400911591,1.5,1.0,
2025-09-28 12:45:00,강력한 반전 (BB 찢고 복귀),109255.9,109162.99268550663,1.5,1.0,
2025-09-28 13:30:00,추세확정 (BB 상단 돌파),109568.9,,2.0,1.0,109563.73224279344
2025-09-28 14:15:00,추세확정 (BB 상단 돌파),109669.0,,2.0,1.0,109650.81782386266
2025-09-28 14:45:00,추세확정 (BB 상단 돌파),109805.4,,2.0,1.0,109747.1622007166
2025-09-28 16:00:00,추세확정 (BB 상단 돌파),110142.9,,2.0,1.0,110114.73843795502
2025-09-28 20:15:00,추세확정 (BB 상단 돌파),110603.0,,2.0,1.0,110500.00958273343
2025-09-28 22:00:00,추세확정 (BB 상단 돌파),111418.8,,2.0,1.0,111166.55950018845
2025-09-29 08:00:00,추세확정 (BB 상단 돌파),111948.1,,2.0,1.0,111904.69483210066
2025-09-29 13:00:00,강력한 반전 (BB 찢고 복귀),112063.9,111864.0373924571,1.5,1.0,
2025-09-29 13:30:00,추세확정 (BB 상단 돌파),113266.7,,2.0,1.0,112695.36745183398
2025-09-29 19:45:00,추세확정 (BB 상단 돌파),114208.6,,2.0,1.0,114185.30233427114
2025-09-30 00:45:00,추세확정 (BB 상단 돌파),114475.2,,2.0,1.0,114428.84886658924
2025-09-30 05:00:00,강력한 반전 (BB 찢고 복귀),114067.8,113992.5731346134,1.5,1.0,
2025-09-30 05:30:00,역추세 반등 (BB 하단),113942.9,113890.55919958735,1.0,1.0,
2025-09-30 05:30:00,강력한 반전 (BB 찢고 복귀),113942.9,113890.55919958735,1.5,1.0,
2025-09-30 06:00:00,강력한 반전 (BB 찢고 복귀),113925.8,113809.50297566896,1.5,1.0,
2025-09-30 07:45:00,역추세 반등 (BB 하단),113661.6,113571.65064132879,1.0,1.0,
2025-09-30 07:45:00,강력한 반전 (BB 찢고 복귀),113661.6,113571.65064132879,1.5,1.0,
2025-09-30 09:15:00,역추세 반등 (BB 하단),113221.9,113192.36453729267,1.0,1.0,
2025-09-30 09:15:00,강력한 반전 (BB 찢고 복귀),113221.9,113192.36453729267,1.5,1.0,
2025-09-30 10:00:00,역추세 반등 (BB 하단),112811.9,112770.74357712011,1.0,1.0,
2025-09-30 10:00:00,강력한 반전 (BB 찢고 복귀),112811.9,112770.74357712011,1.5,1.0,
2025-09-30 13:30:00,추세확정 (BB 상단 돌파),113445.6,,2.0,1.0,113418.3416610102
2025-09-30 14:45:00,추세확정 (BB 상단 돌파),113545.9,,2.0,1.0,113474.97865342631
2025-09-30 18:45:00,추세확정 (BB 상단 돌파),113674.9,,2.0,1.0,113632.86180297946
2025-10-01 08:15:00,추세확정 (BB 상단 돌파),115043.1,,2.0,1.0,114846.38462940196
2025-10-01 14:00:00,추세확정 (BB 상단 돌파),117134.3,,2.0,1.0,116925.20442371069
2025-10-01 22:00:00,추세확정 (BB 상단 돌파),117778.3,,2.0,1.0,117769.0046471386
2025-10-01 23:15:00,추세확정 (BB 상단 돌파),118308.3,,2.0,1.0,118076.9432521567
2025-10-02 06:00:00,강력한 반전 (BB 찢고 복귀),118368.5,118271.43903398019,1.5,1.0,
2025-10-02 09:45:00,추세확정 (BB 상단 돌파),118829.9,,2.0,1.0,118795.56836697299
2025-10-02 12:15:00,추세확정 (BB 상단 돌파),119033.0,,2.0,1.0,118951.8862804673
2025-10-02 13:30:00,추세확정 (BB 상단 돌파),119517.1,,2.0,1.0,119397.46080829858
2025-10-02 16:00:00,추세확정 (BB 상단 돌파),120085.8,,2.0,1.0,120044.4279046261
2025-10-02 19:00:00,추세확정 (BB 상단 돌파),120981.5,,2.0,1.0,120763.25082071955
2025-10-03 02:00:00,역추세 반등 (BB 하단),120078.2,119847.98585771442,1.0,1.0,
2025-10-03 02:00:00,강력한 반전 (BB 찢고 복귀),120078.2,119847.98585771442,1.5,1.0,
2025-10-03 05:45:00,강력한 반전 (BB 찢고 복귀),119864.8,119771.391488405,1.5,1.0,
2025-10-03 06:00:00,강력한 반전 (BB 찢고 복귀),119976.4,119766.86354447178,1.5,1.0,
2025-10-03 07:45:00,역추세 반등 (BB 하단),119584.8,119552.53004381665,1.0,1.0,
2025-10-03 08:15:00,역추세 반등 (BB 하단),119585.1,119436.5713809017,1.0,1.0,
2025-10-03 08:15:00,강력한 반전 (BB 찢고 복귀),119585.1,119436.5713809017,1.5,1.0,
2025-10-03 09:15:00,추세확정 (BB 상단 돌파),120234.5,,2.0,1.0,120226.52320676454
2025-10-03 14:15:00,강력한 반전 (BB 찢고 복귀),120379.9,120076.12239997773,1.5,1.0,
2025-10-03 14:30:00,추세확정 (BB 상단 돌파),120593.1,,2.0,1.0,120530.53122646603
2025-10-04 04:30:00,추세확정 (BB 상단 돌파),122431.3,,2.0,1.0,122398.02207519366
2025-10-04 05:00:00,추세확정 (BB 상단 돌파),122586.3,,2.0,1.0,122543.33498602976
2025-10-04 11:15:00,역추세 반등 (BB 하단),122043.1,121987.5229496999,1.0,1.0,
2025-10-04 11:15:00,강력한 반전 (BB 찢고 복귀),122043.1,121987.5229496999,1.5,1.0,
2025-10-04 12:00:00,역추세 반등 (BB 하단),122050.1,121902.15141966785,1.0,1.0,
2025-10-04 15:30:00,역추세 반등 (BB 하단),121842.5,121678.79408693999,1.0,1.0,
2025-10-04 15:30:00,강력한 반전 (BB 찢고 복귀),121842.5,121678.79408693999,1.5,1.0,
2025-10-04 19:45:00,추세확정 (BB 상단 돌파),121921.9,,2.0,1.0,121909.53071241984
2025-10-04 20:15:00,추세확정 (BB 상단 돌파),122019.3,,2.0,1.0,121976.48612760374
2025-10-04 21:00:00,추세확정 (BB 상단 돌파),122100.0,,2.0,1.0,122069.99069283337
2025-10-05 02:15:00,추세확정 (BB 상단 돌파),122824.7,,2.0,1.0,122579.04224531715
2025-10-05 04:45:00,추세확정 (BB 상단 돌파),125140.1,,2.0,1.0,125006.58568637089
2025-10-05 09:45:00,역추세 반등 (BB 하단),122973.8,123323.0166376928,1.0,1.0,
2025-10-05 10:15:00,역추세 반등 (BB 하단),122962.8,122784.95829630681,1.0,1.0,
2025-10-05 10:15:00,강력한 반전 (BB 찢고 복귀),122962.8,122784.95829630681,1.5,1.0,
2025-10-05 15:45:00,강력한 반전 (BB 찢고 복귀),122753.1,122669.62219844587,1.5,1.0,
2025-10-05 16:45:00,강력한 반전 (BB 찢고 복귀),123212.6,122710.99925388793,1.5,1.0,
2025-10-05 19:15:00,강력한 반전 (BB 찢고 복귀),122795.5,122671.5160873674,1.5,1.0,
2025-10-05 20:00:00,역추세 반등 (BB 하단),122649.3,122539.03619837799,1.0,1.0,
2025-10-05 20:00:00,강력한 반전 (BB 찢고 복귀),122649.3,122539.03619837799,1.5,1.0,
2025-10-05 22:45:00,추세확정 (BB 상단 돌파),123192.4,,2.0,1.0,123192.3860285137
2025-10-06 05:15:00,역추세 반등 (BB 하단),123572.3,123310.61178502282,1.0,1.0,
2025-10-06 05:15:00,강력한 반전 (BB 찢고 복귀),123572.3,123310.61178502282,1.5,1.0,
2025-10-06 11:15:00,추세확정 (BB 상단 돌파),124323.0,,2.0,1.0,124280.86173494249
2025-10-06 13:00:00,추세확정 (BB 상단 돌파),124635.5,,2.0,1.0,124629.64255814569
2025-10-06 13:45:00,추세확정 (BB 상단 돌파),124980.0,,2.0,1.0,124915.57209827303
2025-10-06 16:45:00,추세확정 (BB 상단 돌파),125410.6,,2.0,1.0,125365.11601332597
2025-10-06 17:15:00,추세확정 (BB 상단 돌파),125598.5,,2.0,1.0,125561.85939289824
2025-10-06 18:45:00,추세확정 (BB 상단 돌파),125981.3,,2.0,1.0,125811.00578885514
2025-10-06 21:30:00,역추세 반등 (BB 하단),124948.3,124726.14311543337,1.0,1.0,
2025-10-06 21:30:00,강력한 반전 (BB 찢고 복귀),124948.3,124726.14311543337,1.5,1.0,
2025-10-07 01:30:00,강력한 반전 (BB 찢고 복귀),124735.6,124513.08427489527,1.5,1.0,
2025-10-07 03:00:00,역추세 반등 (BB 하단),124410.0,124256.39038359094,1.0,1.0,
2025-10-07 03:00:00,강력한 반전 (BB 찢고 복귀),124410.0,124256.39038359094,1.5,1.0,
2025-10-07 03:30:00,역추세 반등 (BB 하단),124211.5,124123.50839895722,1.0,1.0,
2025-10-07 03:30:00,강력한 반전 (BB 찢고 복귀),124211.5,124123.50839895722,1.5,1.0,
2025-10-07 06:45:00,역추세 반등 (BB 하단),123840.7,123806.2012568196,1.0,1.0,
2025-10-07 06:45:00,강력한 반전 (BB 찢고 복귀),123840.7,123806.2012568196,1.5,1.0,
2025-10-07 07:15:00,강력한 반전 (BB 찢고 복귀),123808.0,123680.06431504505,1.5,1.0,
2025-10-07 08:15:00,강력한 반전 (BB 찢고 복귀),123597.2,123366.166540169,1.5,1.0,
2025-10-07 12:45:00,추세확정 (BB 상단 돌파),124863.9,,2.0,1.0,124794.05878708704
2025-10-07 13:45:00,강력한 반전 (BB 찢고 복귀),123845.7,123691.79162033768,1.5,1.0,
2025-10-07 14:15:00,역추세 반등 (BB 하단),122854.3,123079.09165567502,1.0,1.0,
2025-10-07 15:15:00,역추세 반등 (BB 하단),122057.2,121951.91198096868,1.0,1.0,
2025-10-07 15:15:00,강력한 반전 (BB 찢고 복귀),122057.2,121951.91198096868,1.5,1.0,
2025-10-07 15:45:00,강력한 반전 (BB 찢고 복귀),121817.0,121350.33222232977,1.5,1.0,
2025-10-08 00:30:00,강력한 반전 (BB 찢고 복귀),121843.3,121336.93748039329,1.5,1.0,
2025-10-08 03:45:00,강력한 반전 (BB 찢고 복귀),121335.4,121189.34872526384,1.5,1.0,
2025-10-08 04:00:00,강력한 반전 (BB 찢고 복귀),121338.1,121146.65546480693,1.5,1.0,
2025-10-08 08:15:00,추세확정 (BB 상단 돌파),121892.5,,2.0,1.0,121889.88529830471
2025-10-08 13:45:00,역추세 반등 (BB 하단),122560.1,122103.75609804735,1.0,1.0,
2025-10-08 13:45:00,강력한 반전 (BB 찢고 복귀),122560.1,122103.75609804735,1.5,1.0,
2025-10-08 17:00:00,추세확정 (BB 상단 돌파),123622.0,,2.0,1.0,123265.10169708742
2025-10-09 01:45:00,역추세 반등 (BB 하단),122479.4,122351.81745861692,1.0,1.0,
2025-10-09 01:45:00,강력한 반전 (BB 찢고 복귀),122479.4,122351.81745861692,1.5,1.0,
2025-10-09 03:00:00,역추세 반등 (BB 하단),121755.0,121465.40156594345,1.0,1.0,
2025-10-09 07:45:00,강력한 반전 (BB 찢고 복귀),121847.6,121688.67362473662,1.5,1.0,
2025-10-09 08:30:00,역추세 반등 (BB 하단),121272.0,121337.98732389802,1.0,1.0,
2025-10-09 09:00:00,역추세 반등 (BB 하단),121545.9,121197.28702078984,1.0,1.0,
2025-10-09 09:00:00,강력한 반전 (BB 찢고 복귀),121545.9,121197.28702078984,1.5,1.0,
2025-10-09 11:15:00,추세확정 (BB 상단 돌파),122620.3,,2.0,1.0,122489.74143006992
2025-10-09 12:00:00,추세확정 (BB 상단 돌파),122955.1,,2.0,1.0,122946.68794576557
2025-10-09 12:30:00,추세확정 (BB 상단 돌파),123481.9,,2.0,1.0,123369.42890418132
2025-10-09 14:45:00,강력한 반전 (BB 찢고 복귀),121264.5,121053.0110685638,1.5,1.0,
2025-10-10 02:15:00,강력한 반전 (BB 찢고 복귀),121341.8,121252.24346360787,1.5,1.0,
2025-10-10 03:00:00,역추세 반등 (BB 하단),121083.2,121058.44286906988,1.0,1.0,
2025-10-10 03:00:00,강력한 반전 (BB 찢고 복귀),121083.2,121058.44286906988,1.5,1.0,
2025-10-10 08:00:00,강력한 반전 (BB 찢고 복귀),121113.9,120890.07000500636,1.5,1.0,
2025-10-10 13:00:00,추세확정 (BB 상단 돌파),121774.1,,2.0,1.0,121749.35770987667
2025-10-10 15:30:00,역추세 반등 (BB 하단),119505.3,119670.38500389528,1.0,1.0,
2025-10-10 16:15:00,강력한 반전 (BB 찢고 복귀),119036.0,118615.79643909463,1.5,1.0,
2025-10-10 21:30:00,역추세 반등 (BB 하단),110880.4,110748.44007330402,1.0,1.0,
2025-10-10 21:30:00,강력한 반전 (BB 찢고 복귀),110880.4,110748.44007330402,1.5,1.0,
2025-10-11 08:15:00,역추세 반등 (BB 하단),110934.0,110178.56665046961,1.0,1.0,
2025-10-11 16:00:00,역추세 반등 (BB 하단),111995.0,111778.312521226,1.0,1.0,
2025-10-11 16:00:00,강력한 반전 (BB 찢고 복귀),111995.0,111778.312521226,1.5,1.0,
2025-10-11 16:45:00,역추세 반등 (BB 하단),111810.3,111559.7352009056,1.0,1.0,
2025-10-11 16:45:00,강력한 반전 (BB 찢고 복귀),111810.3,111559.7352009056,1.5,1.0,
2025-10-11 19:45:00,역추세 반등 (BB 하단),111125.5,111112.86489744743,1.0,1.0,
2025-10-11 19:45:00,강력한 반전 (BB 찢고 복귀),111125.5,111112.86489744743,1.5,1.0,
2025-10-11 21:15:00,역추세 반등 (BB 하단),110734.5,109956.87870312078,1.0,1.0,
2025-10-11 21:15:00,강력한 반전 (BB 찢고 복귀),110734.5,109956.87870312078,1.5,1.0,
2025-10-12 01:00:00,역추세 반등 (BB 하단),109957.1,109558.60798915353,1.0,1.0,
2025-10-12 04:30:00,추세확정 (BB 상단 돌파),111437.1,,2.0,1.0,111400.68602490364
2025-10-12 09:15:00,강력한 반전 (BB 찢고 복귀),111334.3,111156.24096462564,1.5,1.0,
2025-10-12 12:00:00,추세확정 (BB 상단 돌파),112052.6,,2.0,1.0,112037.56290979052
2025-10-12 14:00:00,강력한 반전 (BB 찢고 복귀),111360.4,111264.66448411426,1.5,1.0,
2025-10-12 14:15:00,강력한 반전 (BB 찢고 복귀),111413.0,111281.09896368395,1.5,1.0,
2025-10-12 14:45:00,추세확정 (BB 상단 돌파),112337.7,,2.0,1.0,112223.74749944205
2025-10-12 16:00:00,추세확정 (BB 상단 돌파),113868.4,,2.0,1.0,113553.2290638363
2025-10-12 16:30:00,추세확정 (BB 상단 돌파),114219.0,,2.0,1.0,114130.32697034733
2025-10-12 20:15:00,추세확정 (BB 상단 돌파),115186.0,,2.0,1.0,115070.10452679978
2025-10-12 21:00:00,추세확정 (BB 상단 돌파),115320.6,,2.0,1.0,115284.92342397556
2025-10-13 01:15:00,추세확정 (BB 상단 돌파),115571.5,,2.0,1.0,115550.77076554055
2025-10-13 04:45:00,강력한 반전 (BB 찢고 복귀),114673.5,114463.67047226384,1.5,1.0,
2025-10-13 11:30:00,역추세 반등 (BB 하단),114042.1,114009.11394544989,1.0,1.0,
2025-10-13 11:30:00,강력한 반전 (BB 찢고 복귀),114042.1,114009.11394544989,1.5,1.0,
2025-10-13 19:15:00,추세확정 (BB 상단 돌파),115559.5,,2.0,1.0,115520.51275524555
2025-10-14 00:00:00,역추세 반등 (BB 하단),115172.3,115113.95399982382,1.0,1.0,
2025-10-14 00:00:00,강력한 반전 (BB 찢고 복귀),115172.3,115113.95399982382,1.5,1.0,
2025-10-14 06:45:00,역추세 반등 (BB 하단),111913.2,111772.27779459435,1.0,1.0,
2025-10-14 06:45:00,강력한 반전 (BB 찢고 복귀),111913.2,111772.27779459435,1.5,1.0,
2025-10-14 10:30:00,역추세 반등 (BB 하단),110296.2,110469.69241076414,1.0,1.0,
2025-10-14 10:45:00,역추세 반등 (BB 하단),110556.3,110338.29535780827,1.0,1.0,
2025-10-14 10:45:00,강력한 반전 (BB 찢고 복귀),110556.3,110338.29535780827,1.5,1.0,
2025-10-14 15:30:00,추세확정 (BB 상단 돌파),112087.0,,2.0,1.0,112047.92334080207
2025-10-15 01:30:00,역추세 반등 (BB 하단),112463.0,112390.60502601766,1.0,1.0,
2025-10-15 01:30:00,강력한 반전 (BB 찢고 복귀),112463.0,112390.60502601766,1.5,1.0,
2025-10-15 03:45:00,역추세 반등 (BB 하단),111967.7,111886.94114190862,1.0,1.0,
2025-10-15 03:45:00,강력한 반전 (BB 찢고 복귀),111967.7,111886.94114190862,1.5,1.0,
2025-10-15 08:00:00,추세확정 (BB 상단 돌파),112850.0,,2.0,1.0,112740.29722163297
2025-10-15 11:30:00,강력한 반전 (BB 찢고 복귀),112054.0,111855.26045321375,1.5,1.0,
2025-10-15 12:00:00,강력한 반전 (BB 찢고 복귀),111924.7,111696.48685984279,1.5,1.0,
2025-10-15 12:30:00,역추세 반등 (BB 하단),111550.1,111399.061714342,1.0,1.0,
2025-10-15 12:30:00,강력한 반전 (BB 찢고 복귀),111550.1,111399.061714342,1.5,1.0,
2025-10-15 13:45:00,강력한 반전 (BB 찢고 복귀),111330.1,111007.28918353182,1.5,1.0,
2025-10-15 15:15:00,역추세 반등 (BB 하단),111118.1,110750.41444911258,1.0,1.0,
2025-10-15 15:15:00,강력한 반전 (BB 찢고 복귀),111118.1,110750.41444911258,1.5,1.0,
2025-10-15 15:45:00,강력한 반전 (BB 찢고 복귀),110748.0,110546.89207183986,1.5,1.0,
2025-10-15 17:15:00,역추세 반등 (BB 하단),110345.5,110115.45731830965,1.0,1.0,
2025-10-15 17:15:00,강력한 반전 (BB 찢고 복귀),110345.5,110115.45731830965,1.5,1.0,
2025-10-15 23:00:00,역추세 반등 (BB 하단),110793.1,110638.24525272624,1.0,1.0,
2025-10-15 23:00:00,강력한 반전 (BB 찢고 복귀),110793.1,110638.24525272624,1.5,1.0,
2025-10-16 00:15:00,강력한 반전 (BB 찢고 복귀),110726.3,110475.52246761628,1.5,1.0,
2025-10-16 00:45:00,역추세 반등 (BB 하단),110379.5,110302.69595158892,1.0,1.0,
2025-10-16 00:45:00,강력한 반전 (BB 찢고 복귀),110379.5,110302.69595158892,1.5,1.0,
2025-10-16 08:00:00,강력한 반전 (BB 찢고 복귀),110592.3,110432.5996123853,1.5,1.0,
2025-10-16 09:30:00,강력한 반전 (BB 찢고 복귀),111187.4,110301.52537890704,1.5,1.0,
2025-10-16 14:15:00,역추세 반등 (BB 하단),110256.5,110423.21453633303,1.0,1.0,
2025-10-16 14:30:00,역추세 반등 (BB 하단),111299.1,110426.34670255624,1.0,1.0,
2025-10-16 14:30:00,강력한 반전 (BB 찢고 복귀),111299.1,110426.34670255624,1.5,1.0,
2025-10-16 15:00:00,강력한 반전 (BB 찢고 복귀),110527.6,110247.89078931166,1.5,1.0,
2025-10-16 16:00:00,역추세 반등 (BB 하단),108503.5,108714.0692340468,1.0,1.0,
2025-10-17 00:15:00,추세확정 (BB 상단 돌파),108456.1,,2.0,1.0,108439.03375005496
2025-10-17 07:15:00,역추세 반등 (BB 하단),106240.5,106343.54626914876,1.0,1.0,
2025-10-17 08:15:00,강력한 반전 (BB 찢고 복귀),105119.4,104653.55339855663,1.5,1.0,
2025-10-17 15:45:00,추세확정 (BB 상단 돌파),106729.6,,2.0,1.0,106483.59540933963
2025-10-17 21:00:00,추세확정 (BB 상단 돌파),107349.7,,2.0,1.0,107195.22109326048
2025-10-18 07:00:00,추세확정 (BB 상단 돌파),107240.0,,2.0,1.0,107151.77479101533
2025-10-18 16:45:00,역추세 반등 (BB 하단),106610.5,106601.71026823831,1.0,1.0,
2025-10-18 16:45:00,강력한 반전 (BB 찢고 복귀),106610.5,106601.71026823831,1.5,1.0,
2025-10-18 17:00:00,강력한 반전 (BB 찢고 복귀),106669.6,106588.16439497547,1.5,1.0,
2025-10-18 20:15:00,추세확정 (BB 상단 돌파),107190.9,,2.0,1.0,107133.76097874604
2025-10-19 00:45:00,역추세 반등 (BB 하단),106849.5,106822.52675812056,1.0,1.0,
2025-10-19 00:45:00,강력한 반전 (BB 찢고 복귀),106849.5,106822.52675812056,1.5,1.0,
2025-10-19 01:15:00,역추세 반등 (BB 하단),106911.2,106779.20191422987,1.0,1.0,
2025-10-19 01:15:00,강력한 반전 (BB 찢고 복귀),106911.2,106779.20191422987,1.5,1.0,
2025-10-19 03:30:00,추세확정 (BB 상단 돌파),107203.9,,2.0,1.0,107203.52696414551
2025-10-19 09:30:00,역추세 반등 (BB 하단),106913.2,106233.42677024698,1.0,1.0,
2025-10-19 09:30:00,강력한 반전 (BB 찢고 복귀),106913.2,106233.42677024698,1.5,1.0,
2025-10-19 09:45:00,추세확정 (BB 상단 돌파),107357.3,,2.0,1.0,107272.42885142418
2025-10-19 14:15:00,추세확정 (BB 상단 돌파),108360.8,,2.0,1.0,108303.53952865391
2025-10-19 23:45:00,강력한 반전 (BB 찢고 복귀),108597.3,108448.04529343816,1.5,1.0,
2025-10-20 00:30:00,역추세 반등 (BB 하단),107799.2,107830.34730878368,1.0,1.0,
2025-10-20 00:45:00,역추세 반등 (BB 하단),108004.5,107742.19500660662,1.0,1.0,
2025-10-20 03:45:00,추세확정 (BB 상단 돌파),110098.3,,2.0,1.0,109549.81274467938
2025-10-20 14:15:00,추세확정 (BB 상단 돌파),111242.5,,2.0,1.0,111201.05022015776
2025-10-20 16:45:00,역추세 반등 (BB 하단),110640.9,110487.44476811771,1.0,1.0,
2025-10-20 16:45:00,강력한 반전 (BB 찢고 복귀),110640.9,110487.44476811771,1.5,1.0,
2025-10-20 17:45:00,역추세 반등 (BB 하단),110250.1,110046.39247974035,1.0,1.0,
2025-10-20 17:45:00,강력한 반전 (BB 찢고 복귀),110250.1,110046.39247974035,1.5,1.0,
2025-10-21 00:15:00,역추세 반등 (BB 하단),110284.9,110205.73913223164,1.0,1.0,
2025-10-21 00:15:00,강력한 반전 (BB 찢고 복귀),110284.9,110205.73913223164,1.5,1.0,
2025-10-21 02:30:00,역추세 반등 (BB 하단),109557.7,109457.08163796381,1.0,1.0,
2025-10-21 02:30:00,강력한 반전 (BB 찢고 복귀),109557.7,109457.08163796381,1.5,1.0,
2025-10-21 10:45:00,추세확정 (BB 상단 돌파),108442.1,,2.0,1.0,108227.80331312069
2025-10-21 12:15:00,추세확정 (BB 상단 돌파),109065.3,,2.0,1.0,108815.79786931186
2025-10-21 14:00:00,추세확정 (BB 상단 돌파),109704.6,,2.0,1.0,109502.20340622848
2025-10-21 14:30:00,추세확정 (BB 상단 돌파),109899.3,,2.0,1.0,109889.39139296228
2025-10-21 23:00:00,역추세 반등 (BB 하단),109162.3,108876.06663611306,1.0,1.0,
2025-10-22 07:15:00,역추세 반등 (BB 하단),107945.1,107675.31570514265,1.0,1.0,
2025-10-22 07:15:00,강력한 반전 (BB 찢고 복귀),107945.1,107675.31570514265,1.5,1.0,
2025-10-22 11:00:00,강력한 반전 (BB 찢고 복귀),107917.1,107588.86757978101,1.5,1.0,
2025-10-22 12:00:00,강력한 반전 (BB 찢고 복귀),107657.4,107472.42345041531,1.5,1.0,
2025-10-22 13:45:00,추세확정 (BB 상단 돌파),108734.5,,2.0,1.0,108485.55374318785
2025-10-22 14:45:00,추세확정 (BB 상단 돌파),108927.0,,2.0,1.0,108687.2715093377
2025-10-22 18:15:00,강력한 반전 (BB 찢고 복귀),107972.6,107465.41771482296,1.5,1.0,
2025-10-22 20:30:00,강력한 반전 (BB 찢고 복귀),107825.9,107493.38980557024,1.5,1.0,
2025-10-22 21:30:00,역추세 반등 (BB 하단),106869.6,106929.58659920284,1.0,1.0,
2025-10-22 21:45:00,역추세 반등 (BB 하단),107158.7,106866.25537591225,1.0,1.0,
2025-10-23 01:00:00,추세확정 (BB 상단 돌파),108272.3,,2.0,1.0,108190.50545402216
2025-10-23 06:15:00,추세확정 (BB 상단 돌파),109840.3,,2.0,1.0,109372.3299683518
2025-10-23 12:15:00,역추세 반등 (BB 하단),109080.0,108951.5330184823,1.0,1.0,
2025-10-23 12:15:00,강력한 반전 (BB 찢고 복귀),109080.0,108951.5330184823,1.5,1.0,
2025-10-23 14:15:00,강력한 반전 (BB 찢고 복귀),109258.3,108842.57777819024,1.5,1.0,
2025-10-23 15:00:00,추세확정 (BB 상단 돌파),109826.4,,2.0,1.0,109767.13615572614
2025-10-23 17:30:00,추세확정 (BB 상단 돌파),110694.1,,2.0,1.0,110544.66188470973
2025-10-23 21:00:00,강력한 반전 (BB 찢고 복귀),109650.0,109327.25641152037,1.5,1.0,
2025-10-24 00:45:00,추세확정 (BB 상단 돌파),110446.4,,2.0,1.0,110436.33141755317
2025-10-24 04:15:00,추세확정 (BB 상단 돌파),110925.9,,2.0,1.0,110821.8989828071
2025-10-24 12:30:00,추세확정 (BB 상단 돌파),111515.0,,2.0,1.0,111491.99874120277
2025-10-24 13:45:00,역추세 반등 (BB 하단),110879.6,110745.55989933207,1.0,1.0,
2025-10-24 13:45:00,강력한 반전 (BB 찢고 복귀),110879.6,110745.55989933207,1.5,1.0,
2025-10-24 14:30:00,역추세 반등 (BB 하단),110018.6,110162.63940868655,1.0,1.0,
2025-10-24 14:45:00,역추세 반등 (BB 하단),110159.7,110045.37826140202,1.0,1.0,
2025-10-24 14:45:00,강력한 반전 (BB 찢고 복귀),110159.7,110045.37826140202,1.5,1.0,
2025-10-24 15:00:00,강력한 반전 (BB 찢고 복귀),110373.3,109984.86386286601,1.5,1.0,
2025-10-24 19:15:00,추세확정 (BB 상단 돌파),110889.2,,2.0,1.0,110813.33343226364
2025-10-25 04:15:00,추세확정 (BB 상단 돌파),111244.4,,2.0,1.0,111210.67350361048
2025-10-25 05:45:00,추세확정 (BB 상단 돌파),111344.9,,2.0,1.0,111332.81357750425
2025-10-25 07:15:00,추세확정 (BB 상단 돌파),111614.9,,2.0,1.0,111544.86558569325
2025-10-25 12:45:00,추세확정 (BB 상단 돌파),111875.8,,2.0,1.0,111837.50049427849
2025-10-25 15:15:00,역추세 반등 (BB 하단),111437.1,111379.52558908163,1.0,1.0,
2025-10-25 15:30:00,강력한 반전 (BB 찢고 복귀),111450.0,111359.9828820655,1.5,1.0,
2025-10-25 16:30:00,역추세 반등 (BB 하단),111235.3,111152.35569630124,1.0,1.0,
2025-10-26 00:30:00,추세확정 (BB 상단 돌파),111815.0,,2.0,1.0,111758.73843780662
2025-10-26 04:00:00,역추세 반등 (BB 하단),111320.8,111210.81288522355,1.0,1.0,
2025-10-26 04:00:00,강력한 반전 (BB 찢고 복귀),111320.8,111210.81288522355,1.5,1.0,
2025-10-26 09:15:00,추세확정 (BB 상단 돌파),112638.3,,2.0,1.0,112174.69992379584
2025-10-26 11:30:00,추세확정 (BB 상단 돌파),113299.9,,2.0,1.0,113066.54663310405
2025-10-26 20:30:00,역추세 반등 (BB 하단),113436.3,113318.73347558618,1.0,1.0,
2025-10-26 20:30:00,강력한 반전 (BB 찢고 복귀),113436.3,113318.73347558618,1.5,1.0,
2025-10-26 21:00:00,역추세 반등 (BB 하단),113350.0,113269.01606857296,1.0,1.0,
2025-10-26 21:00:00,강력한 반전 (BB 찢고 복귀),113350.0,113269.01606857296,1.5,1.0,
2025-10-26 21:30:00,역추세 반등 (BB 하단),113409.5,113162.2624833992,1.0,1.0,
2025-10-26 21:30:00,강력한 반전 (BB 찢고 복귀),113409.5,113162.2624833992,1.5,1.0,
2025-10-26 22:00:00,추세확정 (BB 상단 돌파),114573.0,,2.0,1.0,114094.37429715352
2025-10-27 05:00:00,추세확정 (BB 상단 돌파),115441.7,,2.0,1.0,115420.64002039089
2025-10-27 06:45:00,추세확정 (BB 상단 돌파),116001.3,,2.0,1.0,115923.78930450644
2025-10-27 09:00:00,강력한 반전 (BB 찢고 복귀),115094.5,114901.01833938879,1.5,1.0,
2025-10-27 13:45:00,역추세 반등 (BB 하단),115216.2,114905.42087366778,1.0,1.0,
2025-10-27 13:45:00,강력한 반전 (BB 찢고 복귀),115216.2,114905.42087366778,1.5,1.0,
2025-10-27 14:15:00,역추세 반등 (BB 하단),114940.0,114807.17750607926,1.0,1.0,
2025-10-27 14:15:00,강력한 반전 (BB 찢고 복귀),114940.0,114807.17750607926,1.5,1.0,
2025-10-27 21:30:00,역추세 반등 (BB 하단),114240.0,114008.78361748264,1.0,1.0,
2025-10-28 02:45:00,강력한 반전 (BB 찢고 복귀),113875.3,113770.62666707828,1.5,1.0,
2025-10-28 03:15:00,역추세 반등 (BB 하단),113907.7,113710.17166918491,1.0,1.0,
2025-10-28 03:15:00,강력한 반전 (BB 찢고 복귀),113907.7,113710.17166918491,1.5,1.0,
2025-10-28 07:15:00,추세확정 (BB 상단 돌파),114214.0,,2.0,1.0,114155.22563524969
2025-10-28 13:00:00,추세확정 (BB 상단 돌파),114717.3,,2.0,1.0,114661.61737505611
2025-10-28 19:30:00,역추세 반등 (BB 하단),113949.6,113961.98373770024,1.0,1.0,
2025-10-28 20:30:00,역추세 반등 (BB 하단),112678.0,112583.0937501376,1.0,1.0,
2025-10-28 20:30:00,강력한 반전 (BB 찢고 복귀),112678.0,112583.0937501376,1.5,1.0,
2025-10-29 01:30:00,역추세 반등 (BB 하단),112647.4,112184.47548715092,1.0,1.0,
2025-10-29 01:30:00,강력한 반전 (BB 찢고 복귀),112647.4,112184.47548715092,1.5,1.0,
2025-10-29 05:15:00,추세확정 (BB 상단 돌파),112925.1,,2.0,1.0,112917.78954204313
2025-10-29 13:00:00,추세확정 (BB 상단 돌파),113300.6,,2.0,1.0,113293.94425192568
2025-10-29 14:30:00,역추세 반등 (BB 하단),112505.4,112419.8070493243,1.0,1.0,
2025-10-29 14:30:00,강력한 반전 (BB 찢고 복귀),112505.4,112419.8070493243,1.5,1.0,
2025-10-29 16:15:00,역추세 반등 (BB 하단),111078.1,111027.9267115045,1.0,1.0,
2025-10-29 16:15:00,강력한 반전 (BB 찢고 복귀),111078.1,111027.9267115045,1.5,1.0,
2025-10-29 18:45:00,역추세 반등 (BB 하단),110753.9,110082.50101834313,1.0,1.0,
2025-10-29 18:45:00,강력한 반전 (BB 찢고 복귀),110753.9,110082.50101834313,1.5,1.0,
2025-10-29 23:45:00,역추세 반등 (BB 하단),109948.8,109910.73918585406,1.0,1.0,
2025-10-29 23:45:00,강력한 반전 (BB 찢고 복귀),109948.8,109910.73918585406,1.5,1.0,
2025-10-30 00:00:00,강력한 반전 (BB 찢고 복귀),110094.3,109796.58274138028,1.5,1.0,
2025-10-30 04:30:00,역추세 반등 (BB 하단),108909.6,109004.93165987347,1.0,1.0,
2025-10-30 05:00:00,역추세 반등 (BB 하단),108935.1,108541.13490346682,1.0,1.0,
2025-10-30 05:00:00,강력한 반전 (BB 찢고 복귀),108935.1,108541.13490346682,1.5,1.0,
2025-10-30 13:00:00,역추세 반등 (BB 하단),108475.2,108280.72141287535,1.0,1.0,
2025-10-30 13:00:00,강력한 반전 (BB 찢고 복귀),108475.2,108280.72141287535,1.5,1.0,
2025-10-30 13:45:00,역추세 반등 (BB 하단),107560.0,107473.26459943762,1.0,1.0,
2025-10-30 13:45:00,강력한 반전 (BB 찢고 복귀),107560.0,107473.26459943762,1.5,1.0,
2025-10-30 17:30:00,역추세 반등 (BB 하단),107116.2,107065.87698198114,1.0,1.0,
2025-10-30 17:30:00,강력한 반전 (BB 찢고 복귀),107116.2,107065.87698198114,1.5,1.0,
2025-10-30 20:00:00,강력한 반전 (BB 찢고 복귀),106800.0,106305.1561382563,1.5,1.0,
2025-10-31 00:00:00,추세확정 (BB 상단 돌파),108624.5,,2.0,1.0,108533.41151490442
2025-10-31 00:45:00,추세확정 (BB 상단 돌파),109288.8,,2.0,1.0,108996.01292085757
2025-10-31 11:45:00,추세확정 (BB 상단 돌파),110374.8,,2.0,1.0,110309.10227475809
2025-10-31 14:45:00,추세확정 (BB 상단 돌파),110724.2,,2.0,1.0,110508.47874858209
2025-10-31 17:00:00,역추세 반등 (BB 하단),108870.1,108924.97137454897,1.0,1.0,
2025-10-31 17:15:00,역추세 반등 (BB 하단),108980.4,108788.46578056357,1.0,1.0,
2025-10-31 17:15:00,강력한 반전 (BB 찢고 복귀),108980.4,108788.46578056357,1.5,1.0,
2025-11-01 01:15:00,추세확정 (BB 상단 돌파),109871.7,,2.0,1.0,109790.6350583899
2025-11-01 03:15:00,추세확정 (BB 상단 돌파),109973.4,,2.0,1.0,109922.36227324311
2025-11-01 13:45:00,역추세 반등 (BB 하단),109900.0,109784.38889039843,1.0,1.0,
2025-11-01 13:45:00,강력한 반전 (BB 찢고 복귀),109900.0,109784.38889039843,1.5,1.0,
2025-11-01 14:15:00,역추세 반등 (BB 하단),109837.7,109720.10553968747,1.0,1.0,
2025-11-01 14:15:00,강력한 반전 (BB 찢고 복귀),109837.7,109720.10553968747,1.5,1.0,
2025-11-01 16:30:00,추세확정 (BB 상단 돌파),110402.6,,2.0,1.0,110354.87380362254
2025-11-01 22:00:00,역추세 반등 (BB 하단),109895.4,109922.18262553816,1.0,1.0,
2025-11-01 22:15:00,역추세 반등 (BB 하단),109945.6,109888.50854146486,1.0,1.0,
2025-11-01 22:15:00,강력한 반전 (BB 찢고 복귀),109945.6,109888.50854146486,1.5,1.0,
2025-11-02 04:15:00,추세확정 (BB 상단 돌파),110098.8,,2.0,1.0,110081.08133685093
2025-11-02 11:45:00,추세확정 (BB 상단 돌파),111146.2,,2.0,1.0,111103.92833029623
2025-11-02 16:15:00,역추세 반등 (BB 하단),110028.1,109765.12756460691,1.0,1.0,
2025-11-02 16:15:00,강력한 반전 (BB 찢고 복귀),110028.1,109765.12756460691,1.5,1.0,
2025-11-02 22:45:00,역추세 반등 (BB 하단),109867.7,109688.75545184844,1.0,1.0,
2025-11-02 22:45:00,강력한 반전 (BB 찢고 복귀),109867.7,109688.75545184844,1.5,1.0,
2025-11-02 23:00:00,추세확정 (BB 상단 돌파),110422.6,,2.0,1.0,110376.81489799538
2025-11-02 23:45:00,추세확정 (BB 상단 돌파),110493.5,,2.0,1.0,110446.30344710016
2025-11-03 01:30:00,강력한 반전 (BB 찢고 복귀),109672.0,109406.38438527433,1.5,1.0,
2025-11-03 02:45:00,역추세 반등 (BB 하단),108982.0,108845.47658484546,1.0,1.0,
2025-11-03 02:45:00,강력한 반전 (BB 찢고 복귀),108982.0,108845.47658484546,1.5,1.0,
2025-11-03 03:30:00,역추세 반등 (BB 하단),108206.8,108010.50633292942,1.0,1.0,
2025-11-03 03:30:00,강력한 반전 (BB 찢고 복귀),108206.8,108010.50633292942,1.5,1.0,
2025-11-03 08:45:00,강력한 반전 (BB 찢고 복귀),107550.1,107090.73640739225,1.5,1.0,
2025-11-03 11:00:00,역추세 반등 (BB 하단),107495.6,107006.13545469973,1.0,1.0,
2025-11-03 11:00:00,강력한 반전 (BB 찢고 복귀),107495.6,107006.13545469973,1.5,1.0,
2025-11-03 12:00:00,추세확정 (BB 상단 돌파),108015.1,,2.0,1.0,107964.64870858756
2025-11-03 15:30:00,역추세 반등 (BB 하단),106034.1,106343.66265864053,1.0,1.0,
2025-11-03 16:00:00,역추세 반등 (BB 하단),106022.3,105833.55991372882,1.0,1.0,
2025-11-03 16:00:00,강력한 반전 (BB 찢고 복귀),106022.3,105833.55991372882,1.5,1.0,
2025-11-03 21:15:00,강력한 반전 (BB 찢고 복귀),106574.3,106274.79302064385,1.5,1.0,
2025-11-03 22:30:00,역추세 반등 (BB 하단),106321.2,106139.63830822082,1.0,1.0,
2025-11-03 22:30:00,강력한 반전 (BB 찢고 복귀),106321.2,106139.63830822082,1.5,1.0,
2025-11-04 00:30:00,역추세 반등 (BB 하단),106668.5,105936.84678085463,1.0,1.0,
2025-11-04 00:30:00,강력한 반전 (BB 찢고 복귀),106668.5,105936.84678085463,1.5,1.0,
2025-11-04 06:00:00,역추세 반등 (BB 하단),104835.7,104721.2042585636,1.0,1.0,
2025-11-04 06:00:00,강력한 반전 (BB 찢고 복귀),104835.7,104721.2042585636,1.5,1.0,
2025-11-04 14:30:00,강력한 반전 (BB 찢고 복귀),103890.8,103420.2254232263,1.5,1.0,
2025-11-04 17:15:00,역추세 반등 (BB 하단),101304.9,101531.56959060258,1.0,1.0,
2025-11-04 17:30:00,역추세 반등 (BB 하단),101316.6,101202.22346698471,1.0,1.0,
2025-11-04 18:30:00,강력한 반전 (BB 찢고 복귀),101212.5,100007.2543736301,1.5,1.0,
2025-11-04 20:15:00,강력한 반전 (BB 찢고 복귀),100499.4,99523.49316146181,1.5,1.0,
2025-11-04 21:45:00,역추세 반등 (BB 하단),100264.9,99639.2799751162,1.0,1.0,
2025-11-04 21:45:00,강력한 반전 (BB 찢고 복귀),100264.9,99639.2799751162,1.5,1.0,
2025-11-05 01:30:00,역추세 반등 (BB 하단),99288.4,99115.33741784717,1.0,1.0,
2025-11-05 01:30:00,강력한 반전 (BB 찢고 복귀),99288.4,99115.33741784717,1.5,1.0,
2025-11-05 08:30:00,역추세 반등 (BB 하단),101455.0,101397.03368671263,1.0,1.0,
2025-11-05 08:30:00,강력한 반전 (BB 찢고 복귀),101455.0,101397.03368671263,1.5,1.0,
2025-11-05 08:45:00,강력한 반전 (BB 찢고 복귀),101650.3,101388.90547316207,1.5,1.0,
2025-11-05 11:00:00,역추세 반등 (BB 하단),101508.6,101348.75798360557,1.0,1.0,
2025-11-05 11:00:00,강력한 반전 (BB 찢고 복귀),101508.6,101348.75798360557,1.5,1.0,
2025-11-05 12:15:00,추세확정 (BB 상단 돌파),102470.6,,2.0,1.0,102288.17351687742
2025-11-05 22:15:00,역추세 반등 (BB 하단),103312.0,103234.13448691968,1.0,1.0,
2025-11-06 01:30:00,역추세 반등 (BB 하단),103298.4,102970.22352745001,1.0,1.0,
2025-11-06 01:30:00,강력한 반전 (BB 찢고 복귀),103298.4,102970.22352745001,1.5,1.0,
2025-11-06 07:15:00,강력한 반전 (BB 찢고 복귀),103400.0,102998.83412747215,1.5,1.0,
2025-11-06 08:00:00,강력한 반전 (BB 찢고 복귀),103237.7,102930.58902954105,1.5,1.0,
2025-11-06 10:00:00,역추세 반등 (BB 하단),102831.2,102778.2671849148,1.0,1.0,
2025-11-06 10:00:00,강력한 반전 (BB 찢고 복귀),102831.2,102778.2671849148,1.5,1.0,
2025-11-06 12:45:00,역추세 반등 (BB 하단),102519.1,102504.30999332236,1.0,1.0,
2025-11-06 12:45:00,강력한 반전 (BB 찢고 복귀),102519.1,102504.30999332236,1.5,1.0,
2025-11-06 13:15:00,추세확정 (BB 상단 돌파),103465.1,,2.0,1.0,103443.77110792734
2025-11-06 15:00:00,역추세 반등 (BB 하단),102173.4,102125.34629872115,1.0,1.0,
2025-11-06 15:00:00,강력한 반전 (BB 찢고 복귀),102173.4,102125.34629872115,1.5,1.0,
2025-11-06 15:15:00,강력한 반전 (BB 찢고 복귀),102386.7,102066.78307202976,1.5,1.0,
2025-11-06 15:45:00,역추세 반등 (BB 하단),101964.3,101755.71435125252,1.0,1.0,
2025-11-06 15:45:00,강력한 반전 (BB 찢고 복귀),101964.3,101755.71435125252,1.5,1.0,
2025-11-06 16:45:00,역추세 반등 (BB 하단),100806.7,100794.83699093906,1.0,1.0,
2025-11-06 16:45:00,강력한 반전 (BB 찢고 복귀),100806.7,100794.83699093906,1.5,1.0,
2025-11-07 02:45:00,추세확정 (BB 상단 돌파),101864.1,,2.0,1.0,101772.426307293
2025-11-07 09:45:00,역추세 반등 (BB 하단),100966.3,100840.97106012274,1.0,1.0,
2025-11-07 09:45:00,강력한 반전 (BB 찢고 복귀),100966.3,100840.97106012274,1.5,1.0,
2025-11-07 11:30:00,역추세 반등 (BB 하단),100110.0,99844.151623088,1.0,1.0,
2025-11-07 11:30:00,강력한 반전 (BB 찢고 복귀),100110.0,99844.151623088,1.5,1.0,
2025-11-07 14:30:00,강력한 반전 (BB 찢고 복귀),100790.1,99478.49509074015,1.5,1.0,
2025-11-07 15:00:00,추세확정 (BB 상단 돌파),101116.9,,2.0,1.0,101105.00659989998
2025-11-07 16:15:00,추세확정 (BB 상단 돌파),101497.7,,2.0,1.0,101355.84968308019
2025-11-07 17:15:00,추세확정 (BB 상단 돌파),102296.1,,2.0,1.0,102046.59245065905
2025-11-08 01:00:00,역추세 반등 (BB 하단),102860.8,102706.31302091834,1.0,1.0,
2025-11-08 01:00:00,강력한 반전 (BB 찢고 복귀),102860.8,102706.31302091834,1.5,1.0,
2025-11-08 04:30:00,강력한 반전 (BB 찢고 복귀),102714.8,102405.03566366881,1.5,1.0,
2025-11-08 06:15:00,역추세 반등 (BB 하단),102290.1,102022.65483244412,1.0,1.0,
2025-11-08 12:15:00,역추세 반등 (BB 하단),101941.8,101792.33493006392,1.0,1.0,
2025-11-08 12:15:00,강력한 반전 (BB 찢고 복귀),101941.8,101792.33493006392,1.5,1.0,
2025-11-08 14:15:00,강력한 반전 (BB 찢고 복귀),101663.5,101442.44446259394,1.5,1.0,
2025-11-08 21:30:00,추세확정 (BB 상단 돌파),102276.4,,2.0,1.0,102248.2201245958
2025-11-08 22:00:00,추세확정 (BB 상단 돌파),102332.9,,2.0,1.0,102310.70425416676
2025-11-09 00:30:00,역추세 반등 (BB 하단),101973.8,101769.82890668132,1.0,1.0,
2025-11-09 00:30:00,강력한 반전 (BB 찢고 복귀),101973.8,101769.82890668132,1.5,1.0,
2025-11-09 01:00:00,강력한 반전 (BB 찢고 복귀),101912.4,101729.36001762527,1.5,1.0,
2025-11-09 01:30:00,강력한 반전 (BB 찢고 복귀),101951.2,101678.5928922594,1.5,1.0,
2025-11-09 10:15:00,역추세 반등 (BB 하단),101710.6,101591.96495753183,1.0,1.0,
2025-11-09 10:15:00,강력한 반전 (BB 찢고 복귀),101710.6,101591.96495753183,1.5,1.0,
2025-11-09 10:30:00,강력한 반전 (BB 찢고 복귀),101717.3,101587.44093758526,1.5,1.0,
2025-11-09 11:00:00,추세확정 (BB 상단 돌파),102159.1,,2.0,1.0,102115.98538568824
2025-11-09 13:30:00,추세확정 (BB 상단 돌파),102738.7,,2.0,1.0,102614.61183937329
2025-11-09 18:45:00,추세확정 (BB 상단 돌파),104485.3,,2.0,1.0,104206.75212281563
2025-11-09 19:15:00,추세확정 (BB 상단 돌파),104715.4,,2.0,1.0,104472.8567466239
2025-11-10 00:00:00,추세확정 (BB 상단 돌파),104988.3,,2.0,1.0,104967.60939766218
2025-11-10 07:00:00,추세확정 (BB 상단 돌파),106490.1,,2.0,1.0,106440.99672477413
2025-11-10 09:15:00,강력한 반전 (BB 찢고 복귀),106380.0,105809.42857705319,1.5,1.0,
2025-11-10 15:00:00,역추세 반등 (BB 하단),104951.0,105133.12574941175,1.0,1.0,
2025-11-10 15:15:00,역추세 반등 (BB 하단),105424.7,105068.3467817031,1.0,1.0,
2025-11-10 15:15:00,강력한 반전 (BB 찢고 복귀),105424.7,105068.3467817031,1.5,1.0,
2025-11-10 16:00:00,강력한 반전 (BB 찢고 복귀),105258.6,104804.0119286313,1.5,1.0,
2025-11-10 20:00:00,추세확정 (BB 상단 돌파),106175.7,,2.0,1.0,106158.83273298045
2025-11-11 01:15:00,추세확정 (BB 상단 돌파),106739.0,,2.0,1.0,106554.62395947066
2025-11-11 05:15:00,역추세 반등 (BB 하단),105497.7,105291.92127652922,1.0,1.0,
2025-11-11 05:15:00,강력한 반전 (BB 찢고 복귀),105497.7,105291.92127652922,1.5,1.0,
2025-11-11 11:30:00,추세확정 (BB 상단 돌파),105437.2,,2.0,1.0,105417.05533152091
2025-11-11 13:00:00,역추세 반등 (BB 하단),104589.6,104570.19393106662,1.0,1.0,
2025-11-11 13:00:00,강력한 반전 (BB 찢고 복귀),104589.6,104570.19393106662,1.5,1.0,
2025-11-11 13:30:00,역추세 반등 (BB 하단),104317.3,104318.3867814178,1.0,1.0,
2025-11-11 13:45:00,역추세 반등 (BB 하단),104351.5,104227.42586892976,1.0,1.0,
2025-11-11 13:45:00,강력한 반전 (BB 찢고 복귀),104351.5,104227.42586892976,1.5,1.0,
2025-11-11 14:45:00,강력한 반전 (BB 찢고 복귀),104515.5,103945.62594923047,1.5,1.0,
2025-11-11 16:00:00,강력한 반전 (BB 찢고 복귀),103486.0,103191.34494861405,1.5,1.0,
2025-11-11 21:00:00,강력한 반전 (BB 찢고 복귀),102930.0,102723.4891746803,1.5,1.0,
2025-11-11 21:45:00,역추세 반등 (BB 하단),102600.3,102501.95424071343,1.0,1.0,
2025-11-11 21:45:00,강력한 반전 (BB 찢고 복귀),102600.3,102501.95424071343,1.5,1.0,
2025-11-11 22:00:00,강력한 반전 (BB 찢고 복귀),102730.7,102491.05108497731,1.5,1.0,
2025-11-12 06:00:00,추세확정 (BB 상단 돌파),103500.0,,2.0,1.0,103479.03680323824
2025-11-12 08:15:00,추세확정 (BB 상단 돌파),103811.3,,2.0,1.0,103663.06318123959
2025-11-12 16:15:00,역추세 반등 (BB 하단),101744.9,101738.20272961372,1.0,1.0,
2025-11-12 16:15:00,강력한 반전 (BB 찢고 복귀),101744.9,101738.20272961372,1.5,1.0,
2025-11-13 01:00:00,추세확정 (BB 상단 돌파),102351.6,,2.0,1.0,102138.84791840125
2025-11-13 01:30:00,추세확정 (BB 상단 돌파),102366.6,,2.0,1.0,102281.37121257404
2025-11-13 03:15:00,강력한 반전 (BB 찢고 복귀),102070.3,101302.9927101017,1.5,1.0,
2025-11-13 05:45:00,추세확정 (BB 상단 돌파),103091.0,,2.0,1.0,102801.63953241316
2025-11-13 14:15:00,역추세 반등 (BB 하단),102408.0,102244.87679963905,1.0,1.0,
2025-11-13 14:15:00,강력한 반전 (BB 찢고 복귀),102408.0,102244.87679963905,1.5,1.0,
2025-11-13 14:45:00,역추세 반등 (BB 하단),102821.1,102030.4057329668,1.0,1.0,
2025-11-13 14:45:00,강력한 반전 (BB 찢고 복귀),102821.1,102030.4057329668,1.5,1.0,
2025-11-13 22:30:00,추세확정 (BB 상단 돌파),99736.3,,2.0,1.0,99734.69535399457
2025-11-14 04:45:00,역추세 반등 (BB 하단),97769.2,97963.73866124125,1.0,1.0,
2025-11-14 05:30:00,역추세 반등 (BB 하단),97250.1,97104.15828548741,1.0,1.0,
2025-11-14 05:30:00,강력한 반전 (BB 찢고 복귀),97250.1,97104.15828548741,1.5,1.0,
2025-11-14 06:45:00,강력한 반전 (BB 찢고 복귀),97516.3,96164.0491150745,1.5,1.0,
2025-11-14 09:30:00,강력한 반전 (BB 찢고 복귀),97111.0,96676.94773884797,1.5,1.0,
2025-11-14 12:15:00,역추세 반등 (BB 하단),95712.0,95757.73025022245,1.0,1.0,
2025-11-14 12:45:00,역추세 반등 (BB 하단),95326.8,95146.68989554855,1.0,1.0,
2025-11-14 12:45:00,강력한 반전 (BB 찢고 복귀),95326.8,95146.68989554855,1.5,1.0,
2025-11-14 13:15:00,강력한 반전 (BB 찢고 복귀),95057.6,94706.01979627843,1.5,1.0,
2025-11-14 19:00:00,역추세 반등 (BB 하단),95368.3,95044.7332239301,1.0,1.0,
2025-11-14 19:00:00,강력한 반전 (BB 찢고 복귀),95368.3,95044.7332239301,1.5,1.0,
2025-11-14 20:45:00,역추세 반등 (BB 하단),94341.0,94145.25660757524,1.0,1.0,
2025-11-15 02:15:00,추세확정 (BB 상단 돌파),95848.7,,2.0,1.0,95834.87086078251
2025-11-15 09:00:00,강력한 반전 (BB 찢고 복귀),96032.6,95794.67622380951,1.5,1.0,
2025-11-15 10:00:00,강력한 반전 (BB 찢고 복귀),95805.7,95712.16069106008,1.5,1.0,
2025-11-15 10:15:00,강력한 반전 (BB 찢고 복귀),95832.1,95686.24015250905,1.5,1.0,
2025-11-15 12:00:00,강력한 반전 (BB 찢고 복귀),95731.2,95577.49083760363,1.5,1.0,
2025-11-15 13:45:00,추세확정 (BB 상단 돌파),96332.1,,2.0,1.0,96192.06811923209
2025-11-15 21:00:00,역추세 반등 (BB 하단),95511.2,95370.55980996657,1.0,1.0,
2025-11-15 21:00:00,강력한 반전 (BB 찢고 복귀),95511.2,95370.55980996657,1.5,1.0,
2025-11-15 21:45:00,역추세 반등 (BB 하단),95233.6,95098.4479808894,1.0,1.0,
2025-11-15 21:45:00,강력한 반전 (BB 찢고 복귀),95233.6,95098.4479808894,1.5,1.0,
2025-11-16 01:00:00,강력한 반전 (BB 찢고 복귀),95449.7,95142.5307906017,1.5,1.0,
2025-11-16 01:45:00,역추세 반등 (BB 하단),95229.3,95061.8740748967,1.0,1.0,
2025-11-16 01:45:00,강력한 반전 (BB 찢고 복귀),95229.3,95061.8740748967,1.5,1.0,
2025-11-16 02:00:00,강력한 반전 (BB 찢고 복귀),95243.0,95046.96428794524,1.5,1.0,
2025-11-16 02:45:00,추세확정 (BB 상단 돌파),95918.3,,2.0,1.0,95860.60309949411
2025-11-16 07:45:00,추세확정 (BB 상단 돌파),96060.8,,2.0,1.0,96035.87428873265
2025-11-16 09:30:00,추세확정 (BB 상단 돌파),96148.5,,2.0,1.0,96148.26575355521
2025-11-16 16:30:00,역추세 반등 (BB 하단),94273.5,94276.0408625358,1.0,1.0,
2025-11-16 17:45:00,강력한 반전 (BB 찢고 복귀),94317.8,93703.69230110692,1.5,1.0,
2025-11-16 22:15:00,강력한 반전 (BB 찢고 복귀),93636.3,93149.54495573237,1.5,1.0,
2025-11-17 00:45:00,추세확정 (BB 상단 돌파),95261.0,,2.0,1.0,95084.35687296292
2025-11-17 07:30:00,추세확정 (BB 상단 돌파),95707.6,,2.0,1.0,95638.34540682434
2025-11-17 08:15:00,추세확정 (BB 상단 돌파),95815.0,,2.0,1.0,95812.5401162419
2025-11-17 12:15:00,역추세 반등 (BB 하단),95419.4,95365.83176330262,1.0,1.0,
2025-11-17 12:15:00,강력한 반전 (BB 찢고 복귀),95419.4,95365.83176330262,1.5,1.0,
2025-11-17 12:30:00,강력한 반전 (BB 찢고 복귀),95468.3,95349.75802381705,1.5,1.0,
2025-11-17 13:45:00,역추세 반등 (BB 하단),93921.3,94161.85746380186,1.0,1.0,
2025-11-17 14:00:00,역추세 반등 (BB 하단),94028.8,93957.63603737974,1.0,1.0,
2025-11-17 14:00:00,강력한 반전 (BB 찢고 복귀),94028.8,93957.63603737974,1.5,1.0,
2025-11-17 16:15:00,역추세 반등 (BB 하단),93439.9,93082.54921922304,1.0,1.0,
2025-11-17 16:15:00,강력한 반전 (BB 찢고 복귀),93439.9,93082.54921922304,1.5,1.0,
2025-11-17 18:00:00,강력한 반전 (BB 찢고 복귀),92789.5,92547.3217581303,1.5,1.0,
2025-11-18 00:45:00,역추세 반등 (BB 하단),92122.2,91396.203507434,1.0,1.0,
2025-11-18 00:45:00,강력한 반전 (BB 찢고 복귀),92122.2,91396.203507434,1.5,1.0,
2025-11-18 02:15:00,역추세 반등 (BB 하단),91631.3,91315.24856801073,1.0,1.0,
2025-11-18 02:15:00,강력한 반전 (BB 찢고 복귀),91631.3,91315.24856801073,1.5,1.0,
2025-11-18 03:30:00,역추세 반등 (BB 하단),90587.0,90232.48911784097,1.0,1.0,
2025-11-18 03:30:00,강력한 반전 (BB 찢고 복귀),90587.0,90232.48911784097,1.5,1.0,
2025-11-18 04:45:00,강력한 반전 (BB 찢고 복귀),90045.6,89451.46816199258,1.5,1.0,
2025-11-18 08:30:00,추세확정 (BB 상단 돌파),91321.8,,2.0,1.0,91108.99477687903
2025-11-18 15:00:00,추세확정 (BB 상단 돌파),92008.9,,2.0,1.0,91886.01014097246
2025-11-18 15:00:00,강력한 반전 (BB 찢고 복귀),92008.9,90977.68985902755,1.5,1.0,
2025-11-18 20:45:00,역추세 반등 (BB 하단),92745.0,92727.51917389038,1.0,1.0,
2025-11-18 20:45:00,강력한 반전 (BB 찢고 복귀),92745.0,92727.51917389038,1.5,1.0,
2025-11-18 21:00:00,강력한 반전 (BB 찢고 복귀),92956.6,92707.89934470007,1.5,1.0,
2025-11-18 22:00:00,역추세 반등 (BB 하단),93039.5,92480.71968298701,1.0,1.0,
2025-11-18 22:00:00,강력한 반전 (BB 찢고 복귀),93039.5,92480.71968298701,1.5,1.0,
2025-11-19 00:30:00,역추세 반등 (BB 하단),92574.9,92302.1940683145,1.0,1.0,
2025-11-19 00:30:00,강력한 반전 (BB 찢고 복귀),92574.9,92302.1940683145,1.5,1.0,
2025-11-19 01:15:00,역추세 반등 (BB 하단),92394.0,92066.47999484789,1.0,1.0,
2025-11-19 01:15:00,강력한 반전 (BB 찢고 복귀),92394.0,92066.47999484789,1.5,1.0,
2025-11-19 05:45:00,역추세 반등 (BB 하단),90406.4,90295.98261123114,1.0,1.0,
2025-11-19 05:45:00,강력한 반전 (BB 찢고 복귀),90406.4,90295.98261123114,1.5,1.0,
2025-11-19 13:15:00,추세확정 (BB 상단 돌파),91741.0,,2.0,1.0,91731.72081718069
2025-11-19 14:00:00,강력한 반전 (BB 찢고 복귀),91443.5,91193.12673188336,1.5,1.0,
2025-11-19 14:30:00,역추세 반등 (BB 하단),91740.8,91132.099287961,1.0,1.0,
2025-11-19 14:30:00,강력한 반전 (BB 찢고 복귀),91740.8,91132.099287961,1.5,1.0,
2025-11-19 15:00:00,추세확정 (BB 상단 돌파),91982.0,,2.0,1.0,91911.0787545241
2025-11-19 16:00:00,역추세 반등 (BB 하단),90065.4,90233.06920018974,1.0,1.0,
2025-11-19 16:30:00,역추세 반등 (BB 하단),89649.1,89654.2595795136,1.0,1.0,
2025-11-19 16:45:00,역추세 반등 (BB 하단),89848.1,89479.28946246943,1.0,1.0,
2025-11-19 16:45:00,강력한 반전 (BB 찢고 복귀),89848.1,89479.28946246943,1.5,1.0,
2025-11-19 21:15:00,추세확정 (BB 상단 돌파),90072.0,,2.0,1.0,90047.71364624274
2025-11-19 23:00:00,추세확정 (BB 상단 돌파),91289.7,,2.0,1.0,91237.43983487622
2025-11-20 06:45:00,역추세 반등 (BB 하단),91946.6,91941.19713448406,1.0,1.0,
2025-11-20 06:45:00,강력한 반전 (BB 찢고 복귀),91946.6,91941.19713448406,1.5,1.0,
2025-11-20 07:00:00,강력한 반전 (BB 찢고 복귀),92038.5,91885.79766659511,1.5,1.0,
2025-11-20 09:45:00,강력한 반전 (BB 찢고 복귀),91867.4,91529.1722118011,1.5,1.0,
2025-11-20 14:15:00,역추세 반등 (BB 하단),91404.9,91102.5160313389,1.0,1.0,
2025-11-20 14:15:00,강력한 반전 (BB 찢고 복귀),91404.9,91102.5160313389,1.5,1.0,
2025-11-20 14:45:00,역추세 반등 (BB 하단),91062.0,90912.39872280793,1.0,1.0,
2025-11-20 14:45:00,강력한 반전 (BB 찢고 복귀),91062.0,90912.39872280793,1.5,1.0,
2025-11-20 15:15:00,역추세 반등 (BB 하단),90589.7,90516.36930400661,1.0,1.0,
2025-11-20 15:15:00,강력한 반전 (BB 찢고 복귀),90589.7,90516.36930400661,1.5,1.0,
2025-11-20 16:15:00,역추세 반등 (BB 하단),88659.1,89000.96549477222,1.0,1.0,
2025-11-20 17:15:00,역추세 반등 (BB 하단),87100.0,86863.0320060412,1.0,1.0,
2025-11-20 17:15:00,강력한 반전 (BB 찢고 복귀),87100.0,86863.0320060412,1.5,1.0,
2025-11-20 22:00:00,추세확정 (BB 상단 돌파),87849.1,,2.0,1.0,87782.33929431156
2025-11-21 02:15:00,역추세 반등 (BB 하단),86454.6,86302.73511134254,1.0,1.0,
2025-11-21 02:15:00,강력한 반전 (BB 찢고 복귀),86454.6,86302.73511134254,1.5,1.0,
2025-11-21 03:00:00,역추세 반등 (BB 하단),85748.5,85519.42764110869,1.0,1.0,
2025-11-21 03:00:00,강력한 반전 (BB 찢고 복귀),85748.5,85519.42764110869,1.5,1.0,
2025-11-21 08:00:00,역추세 반등 (BB 하단),84450.6,84317.69210587647,1.0,1.0,
2025-11-21 08:00:00,강력한 반전 (BB 찢고 복귀),84450.6,84317.69210587647,1.5,1.0,
2025-11-21 12:30:00,역추세 반등 (BB 하단),82970.9,81158.26324897894,1.0,1.0,
2025-11-21 12:30:00,강력한 반전 (BB 찢고 복귀),82970.9,81158.26324897894,1.5,1.0,
2025-11-21 14:30:00,추세확정 (BB 상단 돌파),84882.2,,2.0,1.0,84807.1023334806
2025-11-22 10:45:00,강력한 반전 (BB 찢고 복귀),83653.9,83536.38631487901,1.5,1.0,
2025-11-22 14:00:00,추세확정 (BB 상단 돌파),84421.9,,2.0,1.0,84378.19621147994
2025-11-22 20:45:00,강력한 반전 (BB 찢고 복귀),84427.1,84386.18708012774,1.5,1.0,
2025-11-22 21:15:00,역추세 반등 (BB 하단),84263.0,84269.6727791653,1.0,1.0,
2025-11-22 21:30:00,역추세 반등 (BB 하단),84370.5,84260.81977722052,1.0,1.0,
2025-11-22 21:30:00,강력한 반전 (BB 찢고 복귀),84370.5,84260.81977722052,1.5,1.0,
2025-11-22 22:00:00,강력한 반전 (BB 찢고 복귀),84546.8,84245.91774857196,1.5,1.0,
2025-11-22 22:45:00,추세확정 (BB 상단 돌파),85023.2,,2.0,1.0,84908.94422022263
2025-11-23 00:00:00,추세확정 (BB 상단 돌파),85154.5,,2.0,1.0,85128.46210185514
2025-11-23 01:15:00,추세확정 (BB 상단 돌파),85493.0,,2.0,1.0,85468.69179528358
2025-11-23 07:00:00,강력한 반전 (BB 찢고 복귀),85825.9,85680.02556519175,1.5,1.0,
2025-11-23 07:30:00,역추세 반등 (BB 하단),85655.1,85511.77359718739,1.0,1.0,
2025-11-23 07:30:00,강력한 반전 (BB 찢고 복귀),85655.1,85511.77359718739,1.5,1.0,
2025-11-23 12:15:00,추세확정 (BB 상단 돌파),86745.0,,2.0,1.0,86672.84100883621
2025-11-23 13:45:00,추세확정 (BB 상단 돌파),86881.4,,2.0,1.0,86851.8201177035
2025-11-23 16:30:00,추세확정 (BB 상단 돌파),87295.5,,2.0,1.0,87261.40942018924
2025-11-23 19:30:00,추세확정 (BB 상단 돌파),87578.9,,2.0,1.0,87489.08389183583
