type,trendline_H1,trendline_H2,trendline_H3,breakout_time,breakout_price,breakout_pct,trendline_L1,trendline_L2,trendline_L3
하락추세선 돌파 (상승),6767.0,6751.0,6675.5,2020-03-26 20:00:00,6725.0,0.7415174893266422,,,
하락추세선 돌파 (상승),6751.0,6675.5,6675.0,2020-03-26 20:00:00,6725.0,0.7490636704119851,,,
하락추세선 돌파 (상승),6680.0,6300.0,6268.0,2020-03-28 20:00:00,6271.0,0.047862156987874924,,,
하락추세선 돌파 (상승),6490.0,6372.0,6333.0,2020-04-01 20:45:00,6373.5,0.63950734249171,,,
하락추세선 돌파 (상승),7044.0,6810.0,6801.5,2020-04-04 09:45:00,6859.5,0.8527530691759171,,,
하락추세선 돌파 (상승),6810.0,6801.5,6764.5,2020-04-04 08:45:00,6775.0,0.1552221154556878,,,
하락추세선 돌파 (상승),7012.0,6889.0,6820.0,2020-04-05 17:45:00,6848.0,0.41055718475073316,,,
하락추세선 돌파 (상승),7155.0,7079.5,7060.5,2020-04-16 19:45:00,7091.5,0.4390623893491962,,,
하락추세선 돌파 (상승),7188.0,7119.5,7083.0,2020-04-17 23:15:00,7138.5,0.7835662854722576,,,
하락추세선 돌파 (상승),7289.0,7238.0,7161.0,2020-04-19 21:45:00,7195.0,0.47479402318111996,,,
하락추세선 돌파 (상승),6909.0,6894.0,6872.5,2020-04-21 17:45:00,6937.0,0.9385230993088396,,,
하락추세선 돌파 (상승),6937.0,6906.5,6879.0,2020-04-22 05:30:00,6885.0,0.08722197993894462,,,
하락추세선 돌파 (상승),7743.5,7611.0,7548.0,2020-04-24 07:30:00,7572.5,0.32458929517753043,,,
하락추세선 돌파 (상승),7608.5,7544.5,7542.0,2020-04-25 05:15:00,7544.0,0.026518164942985947,,,
하락추세선 돌파 (상승),7702.5,7698.5,7656.5,2020-04-26 23:15:00,7659.0,0.03265199503689675,,,
하락추세선 돌파 (상승),7791.5,7736.0,7722.5,2020-04-27 21:15:00,7733.5,0.14244091939138878,,,
하락추세선 돌파 (상승),7778.0,7760.0,7739.0,2020-04-28 22:45:00,7756.5,0.22612740664168496,,,
하락추세선 돌파 (상승),9458.0,8881.0,8834.0,2020-05-01 09:45:00,8855.0,0.2377179080824089,,,
하락추세선 돌파 (상승),9138.5,8956.5,8715.0,2020-05-04 12:15:00,8721.0,0.06884681583476765,,,
하락추세선 돌파 (상승),9105.5,8951.0,8930.0,2020-05-05 20:15:00,8957.0,0.3023516237402016,,,
하락추세선 돌파 (상승),9795.0,8898.5,8778.0,2020-05-10 22:45:00,8795.0,0.19366598313966735,,,
하락추세선 돌파 (상승),9158.5,8802.0,8777.0,2020-05-12 09:00:00,8830.5,0.6095476814401276,,,
하락추세선 돌파 (상승),9612.0,9530.0,9484.5,2020-05-16 04:45:00,9497.0,0.13179397965100956,,,
하락추세선 돌파 (상승),9529.5,9161.0,9112.0,2020-05-22 10:00:00,9185.5,0.8066286215978928,,,
하락추세선 돌파 (상승),9308.5,9262.5,9214.5,2020-05-23 20:30:00,9237.5,0.24960659829616366,,,
하락추세선 돌파 (상승),9295.0,9077.0,8876.5,2020-05-25 17:30:00,8888.5,0.13518841885878444,,,
하락추세선 돌파 (상승),9077.0,8876.5,8856.0,2020-05-25 17:30:00,8888.5,0.3669828364950316,,,
하락추세선 돌파 (상승),9478.0,9452.5,9447.5,2020-05-30 04:15:00,9496.0,0.5133633236305901,,,
하락추세선 돌파 (상승),9599.0,9579.0,9569.0,2020-05-30 22:15:00,9570.0,0.010450412791305257,,,
하락추세선 돌파 (상승),9633.5,9610.0,9574.0,2020-06-01 12:30:00,9587.5,0.1410068936703572,,,
하락추세선 돌파 (상승),9693.5,9685.0,9660.5,2020-06-04 12:15:00,9685.5,0.2587857771336887,,,
하락추세선 돌파 (상승),9851.5,9753.5,9644.0,2020-06-06 09:00:00,9683.0,0.40439651596847787,,,
하락추세선 돌파 (상승),9730.0,9715.5,9701.0,2020-06-07 04:00:00,9710.0,0.09277394083084219,,,
하락추세선 돌파 (상승),9807.5,9776.0,9751.0,2020-06-08 09:15:00,9799.0,0.49225720438929343,,,
하락추세선 돌파 (상승),9810.0,9780.0,9770.0,2020-06-10 16:45:00,9776.5,0.06653019447287616,,,
하락추세선 돌파 (상승),9550.0,9464.0,9461.5,2020-06-13 19:30:00,9494.0,0.34349733128996457,,,
하락추세선 돌파 (상승),9437.5,9411.0,9167.5,2020-06-15 13:45:00,9192.0,0.26724843196073084,,,
하락추세선 돌파 (상승),9419.0,9355.0,9346.5,2020-06-20 11:15:00,9380.0,0.35842293906810035,,,
하락추세선 돌파 (상승),9252.0,9233.5,9185.0,2020-06-27 06:30:00,9194.0,0.0979858464888405,,,
하락추세선 돌파 (상승),9185.0,9184.0,9083.0,2020-06-28 14:00:00,9154.5,0.7871848508202136,,,
하락추세선 돌파 (상승),9190.0,9146.5,9129.5,2020-06-29 09:30:00,9134.5,0.05476751191193384,,,
하락추세선 돌파 (상승),9234.0,9205.0,9171.5,2020-06-30 14:45:00,9179.5,0.08722673499427575,,,
하락추세선 돌파 (상승),9185.0,9168.0,9159.5,2020-07-01 08:15:00,9171.0,0.12555270484196737,,,
하락추세선 돌파 (상승),9289.0,9260.0,9219.0,2020-07-02 12:30:00,9233.5,0.15728387026792495,,,
하락추세선 돌파 (상승),9100.0,9093.0,9080.0,2020-07-04 17:30:00,9174.5,1.0407488986784141,,,
하락추세선 돌파 (상승),9185.5,9143.5,9065.0,2020-07-05 22:45:00,9095.0,0.3309431880860452,,,
하락추세선 돌파 (상승),9349.0,9286.5,9278.0,2020-07-08 02:00:00,9301.5,0.2532873464108644,,,
하락추세선 돌파 (상승),9466.5,9462.5,9413.5,2020-07-09 12:45:00,9425.5,0.12747649652095394,,,
하락추세선 돌파 (상승),9148.0,9141.0,9125.0,2020-07-17 11:45:00,9132.0,0.07671232876712328,,,
하락추세선 돌파 (상승),9180.0,9168.0,9160.0,2020-07-18 09:00:00,9214.0,0.5895196506550219,,,
하락추세선 돌파 (상승),9168.0,9160.0,9141.5,2020-07-18 08:45:00,9157.0,0.16955641853087566,,,
하락추세선 돌파 (상승),9437.0,9379.0,9350.0,2020-07-22 11:45:00,9351.0,0.0106951871657754,,,
하락추세선 돌파 (상승),9630.0,9615.5,9600.0,2020-07-25 16:45:00,9632.0,0.33333333333333337,,,
하락추세선 돌파 (상승),11393.0,11185.0,11001.0,2020-07-29 06:00:00,11046.5,0.4135987637487501,,,
하락추세선 돌파 (상승),12113.5,11282.0,11207.0,2020-08-03 06:30:00,11242.0,0.3123048094940662,,,
하락추세선 돌파 (상승),11418.0,11312.0,11236.5,2020-08-04 17:45:00,11259.0,0.2002402883460152,,,
하락추세선 돌파 (상승),11916.5,11847.0,11658.0,2020-08-08 09:30:00,11719.0,0.5232458397666838,,,
하락추세선 돌파 (상승),11847.0,11658.0,11618.5,2020-08-08 09:00:00,11647.5,0.24960192795971942,,,
하락추세선 돌파 (상승),11965.0,11934.5,11426.5,2020-08-12 07:45:00,11479.0,0.45945827681267226,,,
하락추세선 돌파 (상승),11981.0,11937.5,11911.0,2020-08-15 21:15:00,11945.0,0.28545042397783565,,,
하락추세선 돌파 (상승),11981.5,11936.0,11900.0,2020-08-16 22:45:00,11912.0,0.10084033613445378,,,
하락추세선 돌파 (상승),12424.5,12310.0,12056.5,2020-08-18 21:00:00,12081.0,0.20320988678306307,,,
하락추세선 돌파 (상승),11922.5,11820.0,11790.0,2020-08-20 09:45:00,11808.5,0.15691263782866835,,,
하락추세선 돌파 (상승),11874.5,11767.5,11623.0,2020-08-22 14:45:00,11635.0,0.1032435687860277,,,
하락추세선 돌파 (상승),11789.0,11661.0,11389.0,2020-08-26 02:45:00,11398.5,0.08341382035297217,,,
하락추세선 돌파 (상승),12066.0,12057.0,11409.0,2020-09-02 22:15:00,11411.5,0.021912525199403978,,,
하락추세선 돌파 (상승),11465.0,10791.0,10327.0,2020-09-04 08:00:00,10422.0,0.919918659823763,,,
하락추세선 돌파 (상승),10491.0,10342.5,10217.0,2020-09-06 07:45:00,10257.5,0.3963981599295292,,,
하락추세선 돌파 (상승),10348.5,10307.5,10237.0,2020-09-07 22:30:00,10385.0,1.4457360554850054,,,
하락추세선 돌파 (상승),10307.5,10237.0,10222.0,2020-09-07 22:30:00,10385.0,1.5945998826061438,,,
하락추세선 돌파 (상승),10440.5,10340.0,10167.5,2020-09-08 22:30:00,10220.0,0.5163511187607573,,,
하락추세선 돌파 (상승),10485.5,10371.5,10335.0,2020-09-11 16:30:00,10340.0,0.04837929366231253,,,
하락추세선 돌파 (상승),10393.0,10370.5,10353.0,2020-09-12 14:30:00,10354.5,0.014488554042306579,,,
하락추세선 돌파 (상승),10572.5,10553.5,10370.0,2020-09-14 07:15:00,10374.0,0.03857280617164899,,,
하락추세선 돌파 (상승),11035.0,10923.0,10864.0,2020-09-17 18:00:00,10902.0,0.349779086892489,,,
하락추세선 돌파 (상승),10962.5,10949.0,10928.0,2020-09-18 06:30:00,10939.0,0.10065885797950219,,,
하락추세선 돌파 (상승),11168.0,11100.5,11074.5,2020-09-19 23:45:00,11075.0,0.004514876518127229,,,
하락추세선 돌파 (상승),11075.0,10984.0,10888.0,2020-09-20 23:00:00,10918.5,0.2801249081557678,,,
하락추세선 돌파 (상승),10977.0,10530.0,10495.0,2020-09-22 11:30:00,10500.0,0.04764173415912339,,,
하락추세선 돌파 (상승),10572.0,10523.5,10336.0,2020-09-24 07:45:00,10348.0,0.11609907120743033,,,
하락추세선 돌파 (상승),10787.5,10695.5,10680.5,2020-09-25 17:30:00,10719.0,0.36047001544871493,,,
하락추세선 돌파 (상승),10909.5,10887.0,10627.5,2020-10-02 03:45:00,10638.5,0.103505057633498,,,
하락추세선 돌파 (상승),10595.0,10582.0,10555.5,2020-10-03 11:15:00,10556.5,0.00947373407228459,,,
하락추세선 돌파 (상승),10582.0,10555.5,10554.0,2020-10-03 11:15:00,10556.5,0.023687701345461436,,,
하락추세선 돌파 (상승),10781.5,10749.0,10617.5,2020-10-07 06:15:00,10622.0,0.042382858488344714,,,
하락추세선 돌파 (상승),10945.0,10924.5,10894.0,2020-10-09 10:15:00,10894.5,0.004589682393978336,,,
하락추세선 돌파 (상승),11092.0,11085.0,11080.5,2020-10-10 02:00:00,11414.5,3.014304408645819,,,
하락추세선 돌파 (상승),11549.5,11428.0,11419.0,2020-10-15 16:15:00,11474.0,0.4816533847096943,,,
하락추세선 돌파 (상승),13195.5,13002.0,12996.0,2020-10-23 10:00:00,13012.5,0.12696214219759927,,,
하락추세선 돌파 (상승),14120.0,13875.0,13793.5,2020-11-01 14:00:00,13832.5,0.2827418711712038,,,
하락추세선 돌파 (상승),13818.5,13741.0,13539.0,2020-11-02 20:00:00,13576.5,0.27697762020828715,,,
하락추세선 돌파 (상승),13691.5,13625.5,13585.5,2020-11-03 13:15:00,13671.0,0.6293474660483603,,,
하락추세선 돌파 (상승),15757.5,15582.0,15120.5,2020-11-08 10:45:00,15175.5,0.36374458516583447,,,
하락추세선 돌파 (상승),15582.0,15120.5,15077.0,2020-11-08 10:30:00,15100.0,0.15255024209060158,,,
하락추세선 돌파 (상승),15848.0,15477.5,15428.0,2020-11-10 05:15:00,15446.5,0.11991184858698471,,,
하락추세선 돌파 (상승),16355.5,16197.0,16038.0,2020-11-14 23:00:00,16106.5,0.4271106122957975,,,
하락추세선 돌파 (상승),16149.5,16094.0,16023.0,2020-11-16 03:45:00,16030.0,0.043687199650502405,,,
하락추세선 돌파 (상승),16872.0,16820.0,16787.5,2020-11-17 11:15:00,16935.0,0.8786299329858525,,,
하락추세선 돌파 (상승),18804.0,18714.0,18494.0,2020-11-24 01:15:00,18540.0,0.24872931761652428,,,
하락추세선 돌파 (상승),19124.0,17417.0,17283.0,2020-11-27 00:30:00,17290.0,0.04050222762251924,,,
하락추세선 돌파 (상승),17455.0,17337.5,17068.0,2020-11-27 20:30:00,17100.0,0.1874853527068198,,,
하락추세선 돌파 (상승),19470.5,19218.0,18962.5,2020-12-02 07:00:00,18988.0,0.13447593935398813,,,
하락추세선 돌파 (상승),19342.0,19259.5,19095.0,2020-12-06 14:30:00,19103.5,0.04451427075150563,,,
하락추세선 돌파 (상승),19399.0,19262.0,19235.0,2020-12-08 05:45:00,19306.0,0.3691187938653496,,,
하락추세선 돌파 (상승),18967.0,18931.0,18504.0,2020-12-09 21:45:00,18543.0,0.21076523994811933,,,
하락추세선 돌파 (상승),18425.5,18034.0,17983.0,2020-12-11 14:00:00,18019.5,0.20296947116721348,,,
하락추세선 돌파 (상승),19395.5,19339.5,19258.5,2020-12-14 15:00:00,19306.5,0.2492405950619207,,,
하락추세선 돌파 (상승),23893.0,23729.0,23266.5,2020-12-18 08:30:00,23309.0,0.18266606494315862,,,
하락추세선 돌파 (상승),24278.0,24093.0,23795.5,2020-12-20 15:45:00,23931.0,0.5694353974490975,,,
하락추세선 돌파 (상승),23300.0,23238.5,23070.0,2020-12-22 11:45:00,23152.5,0.3576072821846554,,,
하락추세선 돌파 (상승),23677.5,23487.0,23423.0,2020-12-24 17:30:00,23464.5,0.1771762797250566,,,
하락추세선 돌파 (상승),28468.0,27820.5,27304.5,2020-12-28 01:15:00,27321.5,0.062260799501913607,,,
하락추세선 돌파 (상승),27514.0,27154.0,27108.0,2020-12-29 21:00:00,27233.5,0.4629629629629629,,,
하락추세선 돌파 (상승),33915.0,33616.5,32139.5,2021-01-05 00:00:00,32509.5,1.1512313508299756,,,
하락추세선 돌파 (상승),33616.5,32139.5,31887.0,2021-01-04 23:30:00,31963.5,0.23990968106124755,,,
하락추세선 돌파 (상승),39002.0,36350.0,35562.0,2021-01-12 05:45:00,35895.0,0.936392778808841,,,
하락추세선 돌파 (상승),36672.0,35527.5,35049.0,2021-01-13 07:45:00,35203.0,0.43938486119432796,,,
하락추세선 돌파 (상승),35527.5,35049.0,34395.0,2021-01-13 07:15:00,34727.0,0.9652565779909871,,,
하락추세선 돌파 (상승),39763.0,38794.0,37626.5,2021-01-16 09:00:00,37698.0,0.19002564681806705,,,
하락추세선 돌파 (상승),37761.0,36733.5,35516.5,2021-01-17 15:15:00,35800.0,0.7982205453803163,,,
하락추세선 돌파 (상승),36789.5,35919.0,35118.5,2021-01-20 18:45:00,35235.5,0.33315773737488785,,,
하락추세선 돌파 (상승),34980.0,32729.5,32030.0,2021-01-22 13:15:00,32287.5,0.8039338120512021,,,
하락추세선 돌파 (상승),33777.0,33445.0,32530.0,2021-01-24 04:00:00,32581.0,0.1567783584383646,,,
하락추세선 돌파 (상승),32837.5,32444.0,32386.5,2021-01-26 22:45:00,32736.0,1.0791533509332591,,,
하락추세선 돌파 (상승),38632.0,35300.0,34430.0,2021-01-30 15:45:00,34490.0,0.17426662794074935,,,
하락추세선 돌파 (상승),40569.0,39727.0,39124.0,2021-02-08 06:15:00,39223.0,0.25304161128718944,,,
하락추세선 돌파 (상승),47537.0,47444.0,45259.5,2021-02-10 23:30:00,45335.0,0.16681580662623316,,,
하락추세선 돌파 (상승),49179.5,48222.0,48010.0,2021-02-12 21:30:00,48169.0,0.3311810039575089,,,
하락추세선 돌파 (상승),49834.0,49394.0,48784.0,2021-02-15 20:15:00,48795.0,0.022548376516890786,,,
하락추세선 돌파 (상승),57667.0,57540.5,56937.0,2021-02-21 10:00:00,57377.0,0.7727839541949875,,,
하락추세선 돌파 (상승),58399.0,56676.0,53835.0,2021-02-22 20:00:00,54277.0,0.8210272127797902,,,
하락추세선 돌파 (상승),51382.0,51300.0,50120.0,2021-02-25 00:15:00,50401.5,0.5616520351157223,,,
하락추세선 돌파 (상승),47862.0,47592.5,46781.5,2021-03-01 08:15:00,47056.5,0.5878392099441019,,,
하락추세선 돌파 (상승),52622.0,51636.5,51340.0,2021-03-04 01:00:00,51450.0,0.21425788858589795,,,
하락추세선 돌파 (상승),50598.0,48710.0,47500.0,2021-03-05 12:00:00,47853.0,0.7431578947368421,,,
하락추세선 돌파 (상승),56953.5,56378.0,56076.0,2021-03-16 20:00:00,56337.0,0.46543976032527284,,,
하락추세선 돌파 (상승),57199.0,56300.0,55411.5,2021-03-17 16:15:00,55602.5,0.34469379100006314,,,
하락추세선 돌파 (상승),59900.0,59533.0,57509.0,2021-03-21 19:00:00,57669.0,0.27821732250604253,,,
하락추세선 돌파 (상승),53261.0,53123.5,52673.5,2021-03-26 03:45:00,52704.5,0.05885312348714249,,,
하락추세선 돌파 (상승),56511.0,56494.5,55882.0,2021-03-29 07:15:00,56100.0,0.3901077269961705,,,
하락추세선 돌파 (상승),58450.0,58360.5,57958.5,2021-03-30 06:45:00,58337.0,0.6530534779195459,,,
하락추세선 돌파 (상승),59442.0,59183.5,59050.0,2021-03-31 06:15:00,59470.0,0.7112616426756985,,,
하락추세선 돌파 (상승),59667.0,59600.0,59356.0,2021-04-01 08:15:00,59496.0,0.2358649504683604,,,
하락추세선 돌파 (상승),59496.0,59229.0,59067.5,2021-04-01 23:00:00,59075.0,0.012697337791509715,,,
하락추세선 돌파 (상승),59767.0,59697.0,59461.5,2021-04-03 04:45:00,59479.0,0.02943080816999235,,,
하락추세선 돌파 (상승),59863.0,59522.5,57728.0,2021-04-04 10:00:00,57772.5,0.07708564301552107,,,
하락추세선 돌파 (상승),59136.0,58321.5,58221.0,2021-04-07 05:45:00,58280.0,0.10133800518713179,,,
하락추세선 돌파 (상승),58620.0,56899.0,56525.0,2021-04-08 01:15:00,56639.0,0.20168067226890757,,,
하락추세선 돌파 (상승),61324.0,60610.0,60274.5,2021-04-13 00:00:00,60364.0,0.14848733709943673,,,
하락추세선 돌파 (상승),64900.0,63860.5,63379.0,2021-04-15 04:15:00,63437.0,0.09151296170655895,,,
하락추세선 돌파 (상승),61022.5,56442.0,55947.0,2021-04-18 20:00:00,56012.0,0.11618138595456415,,,
하락추세선 돌파 (상승),57310.5,56539.0,55412.0,2021-04-20 09:15:00,55430.0,0.032483938497076446,,,
하락추세선 돌파 (상승),55444.0,55147.5,50240.5,2021-04-23 18:15:00,50415.5,0.3483245588718265,,,
하락추세선 돌파 (상승),51138.0,50597.0,49763.5,2021-04-24 15:30:00,50134.0,0.7445215871070162,,,
하락추세선 돌파 (상승),56457.0,55178.0,54487.5,2021-04-29 09:15:00,54640.0,0.27988070658407893,,,
하락추세선 돌파 (상승),57733.0,57300.0,57000.0,2021-05-02 20:45:00,57019.0,0.03333333333333333,,,
하락추세선 돌파 (상승),57478.5,56635.5,54850.5,2021-05-05 00:45:00,54911.0,0.11029981495155013,,,
하락추세선 돌파 (상승),57865.0,57650.0,57627.5,2021-05-06 10:00:00,58061.0,0.7522450219079433,,,
하락추세선 돌파 (상승),59526.0,59274.0,57909.5,2021-05-09 20:30:00,57915.0,0.009497578117580016,,,
하락추세선 돌파 (상승),58680.0,56400.0,56201.0,2021-05-11 16:00:00,56546.0,0.6138680806391346,,,
하락추세선 돌파 (상승),51318.5,50866.0,50380.0,2021-05-14 08:00:00,50440.0,0.11909487892020643,,,
하락추세선 돌파 (상승),50688.0,49575.0,48758.0,2021-05-16 04:00:00,48792.0,0.06973214651954551,,,
하락추세선 돌파 (상승),46629.0,45788.0,44939.0,2021-05-18 01:00:00,45050.0,0.2470014909099001,,,
하락추세선 돌파 (상승),40790.0,40555.0,40192.0,2021-05-20 06:00:00,40223.0,0.0771297770700637,,,
하락추세선 돌파 (상승),42400.0,42215.0,40763.5,2021-05-21 09:30:00,41155.0,0.9604180210237099,,,
하락추세선 돌파 (상승),38328.5,38230.0,35675.5,2021-05-24 03:15:00,35889.0,0.5984499166094379,,,
하락추세선 돌파 (상승),39800.0,39184.0,38480.0,2021-05-25 22:45:00,38728.5,0.6457900207900208,,,
하락추세선 돌파 (상승),39150.0,37238.5,36562.0,2021-05-29 03:15:00,36753.0,0.5224003063289754,,,
하락추세선 돌파 (상승),37433.0,37387.0,36858.0,2021-06-02 05:45:00,36910.5,0.14243854794074556,,,
하락추세선 돌파 (상승),37867.0,36420.0,36243.0,2021-06-06 06:00:00,36447.0,0.5628673123085838,,,
하락추세선 돌파 (상승),36784.0,33324.5,33200.0,2021-06-08 20:15:00,33250.0,0.15060240963855423,,,
하락추세선 돌파 (상승),38440.5,38175.0,37240.0,2021-06-11 05:00:00,37308.5,0.1839419978517723,,,
하락추세선 돌파 (상승),37656.5,37459.0,35550.0,2021-06-12 10:30:00,35815.0,0.7454289732770746,,,
하락추세선 돌파 (상승),36180.0,36072.0,35875.0,2021-06-13 10:15:00,35928.5,0.14912891986062718,,,
하락추세선 돌파 (상승),40832.0,40576.0,40434.0,2021-06-15 17:45:00,40768.5,0.827274076272444,,,
하락추세선 돌파 (상승),38006.0,36270.0,35911.0,2021-06-19 11:30:00,35961.0,0.13923310406282197,,,
하락추세선 돌파 (상승),33529.0,33189.0,32898.0,2021-06-22 01:15:00,32985.0,0.2644537661863943,,,
하락추세선 돌파 (상승),35466.0,32482.0,32182.0,2021-06-26 03:30:00,32243.0,0.18954695171213723,,,
하락추세선 돌파 (상승),32700.0,31975.0,31888.0,2021-06-26 23:00:00,31983.0,0.2979177119919719,,,
하락추세선 돌파 (상승),35223.0,34981.0,34794.0,2021-06-29 00:30:00,35142.5,1.0016094728976261,,,
하락추세선 돌파 (상승),36573.0,35320.0,34986.5,2021-06-30 20:00:00,35050.5,0.18292770068454975,,,
하락추세선 돌파 (상승),34450.0,33800.5,33623.0,2021-07-02 00:00:00,33924.0,0.8952205335633348,,,
하락추세선 돌파 (상승),35940.0,34539.0,33722.0,2021-07-05 18:00:00,33945.0,0.6612893659925272,,,
하락추세선 돌파 (상승),35061.5,34466.0,34155.0,2021-07-06 23:15:00,34162.0,0.020494803103498757,,,
하락추세선 돌파 (상승),34767.0,33478.0,32945.0,2021-07-08 17:00:00,32976.0,0.09409622097435119,,,
하락추세선 돌파 (상승),34150.5,33785.0,33619.0,2021-07-11 08:15:00,33710.0,0.2706802700853684,,,
하락추세선 돌파 (상승),34457.0,33376.5,33283.0,2021-07-13 07:15:00,33306.0,0.06910434756482288,,,
하락추세선 돌파 (상승),33376.5,33283.0,33190.0,2021-07-13 07:00:00,33270.0,0.24103645676408555,,,
하락추세선 돌파 (상승),32925.5,32797.0,32676.0,2021-07-14 13:00:00,32817.0,0.4315093646713184,,,
하락추세선 돌파 (상승),32200.0,31914.0,31832.0,2021-07-17 19:15:00,31851.5,0.06125911032922844,,,
하락추세선 돌파 (상승),31849.0,31032.0,29842.5,2021-07-20 15:15:00,29880.0,0.12565971349585323,,,
하락추세선 돌파 (상승),29947.0,29940.5,29860.0,2021-07-21 04:00:00,29925.5,0.21935699933020764,,,
하락추세선 돌파 (상승),32840.0,32344.0,32261.0,2021-07-22 15:00:00,32295.0,0.10539040947273798,,,
하락추세선 돌파 (상승),39952.5,39299.0,38877.0,2021-07-26 16:15:00,39322.5,1.1459217532216992,,,
하락추세선 돌파 (상승),40874.0,40653.0,40278.0,2021-07-29 09:30:00,40397.0,0.2954466458116093,,,
하락추세선 돌파 (상승),40653.0,40278.0,40240.0,2021-07-29 09:30:00,40397.0,0.39015904572564614,,,
하락추세선 돌파 (상승),40378.5,39880.0,39208.0,2021-07-30 19:15:00,39350.0,0.36217098551316057,,,
하락추세선 돌파 (상승),42421.5,41985.0,41686.0,2021-07-31 20:30:00,42091.0,0.9715492011706569,,,
하락추세선 돌파 (상승),39780.0,38800.0,38688.5,2021-08-03 23:00:00,38700.0,0.029724595163937606,,,
하락추세선 돌파 (상승),41346.5,41240.0,41041.5,2021-08-06 15:15:00,41720.0,1.653204683064703,,,
하락추세선 돌파 (상승),45189.5,44651.0,43726.5,2021-08-09 07:45:00,43816.0,0.20468137170823186,,,
하락추세선 돌파 (상승),46264.0,46120.0,45981.5,2021-08-11 02:00:00,45988.0,0.01413611996128878,,,
하락추세선 돌파 (상승),46645.0,45633.0,44560.0,2021-08-13 00:00:00,44675.5,0.25920107719928187,,,
하락추세선 돌파 (상승),47450.0,47382.0,46540.5,2021-08-15 20:30:00,46762.0,0.47592956672145764,,,
하락추세선 돌파 (상승),47720.0,46691.0,46630.0,2021-08-17 09:30:00,46840.0,0.4503538494531417,,,
하락추세선 돌파 (상승),47300.0,46223.0,45490.0,2021-08-18 10:00:00,45585.0,0.2088371070564959,,,
하락추세선 돌파 (상승),46000.0,45200.0,45000.0,2021-08-19 14:00:00,45288.0,0.64,,,
하락추세선 돌파 (상승),49800.0,49369.5,49250.0,2021-08-22 09:45:00,49260.0,0.02030456852791878,,,
하락추세선 돌파 (상승),49840.0,49820.0,48478.0,2021-08-25 05:45:00,48556.0,0.16089772680391107,,,
하락추세선 돌파 (상승),49820.0,48478.0,48322.0,2021-08-25 05:30:00,48355.0,0.06829187533628575,,,
하락추세선 돌파 (상승),50400.0,49885.0,49749.0,2021-09-03 08:45:00,50087.0,0.679410641419928,,,
하락추세선 돌파 (상승),51037.5,50552.0,50279.0,2021-09-05 02:30:00,50281.0,0.003977803854491935,,,
하락추세선 돌파 (상승),47330.0,46891.0,46541.0,2021-09-08 22:15:00,46690.0,0.32014782664747216,,,
하락추세선 돌파 (상승),46478.0,45850.0,45499.0,2021-09-11 10:00:00,45708.5,0.46044968021275196,,,
하락추세선 돌파 (상승),45850.0,45499.0,45466.5,2021-09-11 09:45:00,45479.5,0.02859248017771326,,,
하락추세선 돌파 (상승),46900.0,45518.0,45365.0,2021-09-14 06:30:00,45747.0,0.8420588559462141,,,
하락추세선 돌파 (상승),48435.0,48222.0,48064.0,2021-09-17 04:45:00,48100.0,0.07490013315579228,,,
하락추세선 돌파 (상승),48350.5,48300.5,47744.0,2021-09-19 18:30:00,47787.0,0.09006367292225201,,,
하락추세선 돌파 (상승),45277.0,44254.5,43060.0,2021-09-21 07:30:00,43318.0,0.5991639572689271,,,
하락추세선 돌파 (상승),43600.0,43322.0,42370.0,2021-09-22 07:00:00,42433.0,0.14869011092754308,,,
하락추세선 돌파 (상승),42730.0,42590.5,41988.0,2021-09-29 03:45:00,42250.0,0.6239878060398208,,,
하락추세선 돌파 (상승),48440.0,47889.0,47866.0,2021-10-02 13:45:00,48315.0,0.9380353486817365,,,
하락추세선 돌파 (상승),48315.0,48261.0,48055.0,2021-10-03 12:45:00,48120.0,0.13526167932577257,,,
하락추세선 돌파 (상승),49357.0,48336.0,47830.0,2021-10-04 08:00:00,47960.5,0.27284131298348313,,,
하락추세선 돌파 (상승),55260.5,54747.0,54648.0,2021-10-08 07:45:00,55000.0,0.644122383252818,,,
하락추세선 돌파 (상승),54747.0,54648.0,54436.5,2021-10-08 07:00:00,54450.0,0.024799537075307927,,,
하락추세선 돌파 (상승),56145.0,55950.0,55582.0,2021-10-10 20:00:00,55890.0,0.5541362311539707,,,
하락추세선 돌파 (상승),58653.0,58200.0,57859.0,2021-10-14 18:45:00,58135.0,0.4770217252285729,,,
하락추세선 돌파 (상승),62419.5,61843.5,61410.0,2021-10-17 01:30:00,61500.0,0.14655593551538837,,,
하락추세선 돌파 (상승),61500.0,61492.5,61104.5,2021-10-17 22:00:00,61300.0,0.3199437030005973,,,
하락추세선 돌파 (상승),67210.0,66790.0,66272.0,2021-10-21 09:00:00,66581.5,0.4670147271849348,,,
하락추세선 돌파 (상승),66726.0,63550.0,63396.5,2021-10-22 08:00:00,63538.5,0.22398712862697467,,,
하락추세선 돌파 (상승),63774.0,63700.0,61271.0,2021-10-23 03:45:00,61279.5,0.013872794633676617,,,
하락추세선 돌파 (상승),61670.0,61521.0,61311.5,2021-10-24 09:15:00,61333.0,0.035066830855549125,,,
하락추세선 돌파 (상승),62808.5,61520.0,59479.0,2021-10-27 20:00:00,59684.0,0.3446594596412179,,,
하락추세선 돌파 (상승),62715.5,62277.5,61958.0,2021-10-31 00:00:00,62354.0,0.6391426450175925,,,
하락추세선 돌파 (상승),62277.5,61958.0,60991.0,2021-10-31 20:15:00,61022.5,0.05164696430620911,,,
하락추세선 돌파 (상승),62899.0,62392.5,61580.0,2021-11-05 01:45:00,61841.0,0.4238389087366028,,,
하락추세선 돌파 (상승),61961.0,61468.5,61400.0,2021-11-06 05:30:00,61536.0,0.22149837133550487,,,
하락추세선 돌파 (상승),68165.5,67822.0,67180.5,2021-11-10 13:30:00,67799.5,0.9213983224298717,,,
하락추세선 돌파 (상승),65594.0,65495.0,65330.5,2021-11-12 01:45:00,65400.0,0.10638216453264554,,,
하락추세선 돌파 (상승),64595.5,64444.5,64200.0,2021-11-13 14:00:00,64238.0,0.059190031152647975,,,
하락추세선 돌파 (상승),65375.0,65200.0,64800.0,2021-11-14 22:30:00,64859.5,0.09182098765432099,,,
하락추세선 돌파 (상승),65200.0,64800.0,64450.0,2021-11-14 21:30:00,64475.5,0.0395655546935609,,,
하락추세선 돌파 (상승),61428.0,61159.5,60155.0,2021-11-17 10:45:00,60600.0,0.7397556312858449,,,
하락추세선 돌파 (상승),59975.0,58470.0,57509.0,2021-11-19 13:15:00,57559.0,0.0869429132831383,,,
하락추세선 돌파 (상승),58968.0,58844.0,58839.0,2021-11-20 18:15:00,59546.5,1.2024337599211408,,,
하락추세선 돌파 (상승),60047.5,59693.5,57865.0,2021-11-22 12:30:00,58049.5,0.3188455888706472,,,
하락추세선 돌파 (상승),57902.0,57472.0,56921.0,2021-11-24 15:45:00,57193.0,0.47785527309780224,,,
하락추세선 돌파 (상승),59337.0,54881.5,54650.0,2021-11-27 08:00:00,55089.0,0.8032936870997255,,,
하락추세선 돌파 (상승),54881.5,54650.0,54611.5,2021-11-27 08:00:00,55089.0,0.8743579648975033,,,
하락추세선 돌파 (상승),55218.5,55075.0,54975.0,2021-11-28 20:30:00,55153.0,0.32378353797180537,,,
하락추세선 돌파 (상승),58250.0,57674.5,57522.5,2021-11-29 17:00:00,57964.0,0.7675257507931679,,,
하락추세선 돌파 (상승),58871.5,58444.0,57480.0,2021-11-30 11:30:00,57736.0,0.4453723034098817,,,
하락추세선 돌파 (상승),59200.0,58414.0,57697.5,2021-12-01 08:15:00,57749.5,0.09012522206334762,,,
하락추세선 돌파 (상승),59073.0,57390.5,57200.0,2021-12-02 15:00:00,57375.0,0.30594405594405594,,,
하락추세선 돌파 (상승),57375.0,57200.0,57066.5,2021-12-03 10:00:00,57371.0,0.5335880069743194,,,
하락추세선 돌파 (상승),49631.5,49622.0,49351.0,2021-12-05 23:00:00,49481.5,0.26443233166501184,,,
하락추세선 돌파 (상승),51923.5,50788.5,50662.0,2021-12-08 14:45:00,51092.5,0.8497493190162252,,,
하락추세선 돌파 (상승),50388.5,49669.0,48800.0,2021-12-10 12:00:00,49222.0,0.8647540983606558,,,
하락추세선 돌파 (상승),50149.5,48550.0,48475.0,2021-12-11 03:15:00,48684.0,0.43115007735946365,,,
하락추세선 돌파 (상승),48976.5,47297.5,47150.0,2021-12-14 08:00:00,47250.0,0.2120890774125133,,,
하락추세선 돌파 (상승),48826.5,48747.0,48417.5,2021-12-15 08:15:00,48549.5,0.27262869830123404,,,
하락추세선 돌파 (상승),49504.5,49286.5,49083.5,2021-12-16 10:00:00,49190.5,0.21799586419061395,,,
하락추세선 돌파 (상승),47982.5,47952.5,47342.5,2021-12-17 16:15:00,47411.0,0.14469028885251095,,,
하락추세선 돌파 (상승),47450.0,47185.0,46907.0,2021-12-18 10:00:00,46925.0,0.03837380348348861,,,
하락추세선 돌파 (상승),47321.5,47202.5,47098.5,2021-12-19 02:45:00,47149.0,0.10722209836831322,,,
하락추세선 돌파 (상승),49318.0,49299.0,48863.5,2021-12-21 21:30:00,49175.0,0.6374901511353055,,,
하락추세선 돌파 (상승),51069.0,51040.5,50888.0,2021-12-25 18:15:00,50970.0,0.16113818581983966,,,
하락추세선 돌파 (상승),51149.0,51081.5,50173.5,2021-12-26 15:15:00,50260.5,0.17339830787168525,,,
하락추세선 돌파 (상승),48118.0,48040.0,46924.5,2021-12-30 07:00:00,47150.0,0.4805591961555264,,,
하락추세선 돌파 (상승),48554.0,48136.5,46929.5,2022-01-01 05:15:00,47485.5,1.1847558571900403,,,
하락추세선 돌파 (상승),47915.5,47845.0,47552.0,2022-01-02 16:30:00,47704.0,0.319650067294751,,,
하락추세선 돌파 (상승),47845.0,47552.0,47436.5,2022-01-02 16:00:00,47452.0,0.032675260611554395,,,
하락추세선 돌파 (상승),48000.0,47477.5,47199.0,2022-01-03 10:00:00,47239.0,0.08474755821097905,,,
하락추세선 돌파 (상승),46826.5,43795.0,43220.0,2022-01-06 18:45:00,43437.0,0.5020823692734845,,,
하락추세선 돌파 (상승),42774.0,42404.5,42043.0,2022-01-08 00:45:00,42121.0,0.1855243441238732,,,
하락추세선 돌파 (상승),42771.0,42121.5,41972.0,2022-01-11 01:30:00,42073.5,0.2418278852568379,,,
하락추세선 돌파 (상승),43163.0,42938.5,42830.0,2022-01-12 09:15:00,42910.0,0.18678496381041326,,,
하락추세선 돌파 (상승),42395.5,42304.0,41890.0,2022-01-18 21:00:00,41968.0,0.18620195750775842,,,
하락추세선 돌파 (상승),39273.0,39034.0,35901.0,2022-01-22 13:15:00,36189.0,0.8022060666833792,,,
하락추세선 돌파 (상승),36189.0,35738.0,35498.0,2022-01-23 05:45:00,35551.5,0.1507127162093639,,,
하락추세선 돌파 (상승),38341.0,38230.0,38058.0,2022-01-30 23:00:00,38200.0,0.37311471963844656,,,
하락추세선 돌파 (상승),38771.0,38700.0,38631.0,2022-02-01 09:00:00,39097.0,1.2062851078149672,,,
하락추세선 돌파 (상승),38707.5,37641.0,37066.0,2022-02-03 16:00:00,37190.0,0.334538390978255,,,
하락추세선 돌파 (상승),41918.0,41696.0,41636.0,2022-02-05 14:45:00,41751.5,0.277404169468729,,,
하락추세선 돌파 (상승),41847.0,41730.0,41606.0,2022-02-06 07:45:00,41682.0,0.18266596164014806,,,
하락추세선 돌파 (상승),45500.0,44360.0,44000.0,2022-02-09 12:30:00,44280.0,0.6363636363636364,,,
하락추세선 돌파 (상승),43876.0,42483.5,42437.0,2022-02-12 16:30:00,42788.0,0.8271084195395527,,,
하락추세선 돌파 (상승),42750.0,42508.0,42399.0,2022-02-14 12:30:00,42440.0,0.09670039387721409,,,
하락추세선 돌파 (상승),43990.0,43348.0,40921.5,2022-02-18 08:45:00,40924.0,0.006109257969527021,,,
하락추세선 돌파 (상승),40924.0,40782.0,40330.0,2022-02-19 06:30:00,40450.0,0.29754525167369206,,,
하락추세선 돌파 (상승),40347.5,38599.0,38476.0,2022-02-20 22:45:00,38988.0,1.3306996569289946,,,
하락추세선 돌파 (상승),39480.0,39368.0,37250.0,2022-02-22 09:30:00,37303.0,0.14228187919463087,,,
하락추세선 돌파 (상승),40000.0,39000.0,38818.0,2022-02-25 10:00:00,38849.5,0.08114792106754598,,,
하락추세선 돌파 (상승),40300.0,39550.0,39404.0,2022-02-26 21:00:00,39550.0,0.3705207593137752,,,
하락추세선 돌파 (상승),44747.0,44515.0,44308.5,2022-03-02 14:30:00,44850.0,1.2221131385625783,,,
하락추세선 돌파 (상승),45372.0,44391.5,43680.0,2022-03-03 12:15:00,43778.5,0.22550366300366298,,,
하락추세선 돌파 (상승),44065.0,42696.0,41826.0,2022-03-04 11:45:00,41900.0,0.17692344474728638,,,
하락추세선 돌파 (상승),39351.0,39266.0,38225.0,2022-03-07 09:00:00,38360.5,0.3544800523217789,,,
하락추세선 돌파 (상승),40371.0,39650.0,39300.0,2022-03-11 11:15:00,39388.5,0.2251908396946565,,,
하락추세선 돌파 (상승),40250.0,39283.0,39241.5,2022-03-12 10:30:00,39260.0,0.047143967483404055,,,
하락추세선 돌파 (상승),39047.0,39045.0,38912.0,2022-03-14 07:30:00,39131.0,0.5628083881578948,,,
하락추세선 돌파 (상승),41664.0,41537.0,41340.0,2022-03-22 02:00:00,41870.0,1.282051282051282,,,
하락추세선 돌파 (상승),43204.5,42869.0,42343.0,2022-03-23 12:45:00,42410.0,0.15823158491368114,,,
하락추세선 돌파 (상승),44592.0,44529.0,44440.0,2022-03-26 20:00:00,44528.0,0.19801980198019803,,,
하락추세선 돌파 (상승),47971.0,47857.0,47500.0,2022-03-30 05:30:00,47542.5,0.08947368421052632,,,
하락추세선 돌파 (상승),47589.5,46697.0,46426.0,2022-04-02 00:30:00,46437.0,0.023693619954335932,,,
하락추세선 돌파 (상승),43883.0,43830.5,43731.5,2022-04-08 07:45:00,43795.0,0.14520425780044133,,,
하락추세선 돌파 (상승),43830.5,43731.5,43673.5,2022-04-08 07:45:00,43795.0,0.2782007395789209,,,
하락추세선 돌파 (상승),43942.5,42614.0,42518.0,2022-04-09 16:45:00,42524.5,0.015287642880662308,,,
하락추세선 돌파 (상승),43403.0,42400.0,40398.0,2022-04-12 11:30:00,40449.0,0.12624387345908214,,,
하락추세선 돌파 (상승),40278.0,40239.5,40200.0,2022-04-13 13:30:00,40329.5,0.32213930348258707,,,
하락추세선 돌파 (상승),41340.0,41290.5,40187.0,2022-04-15 04:00:00,40187.5,0.0012441834424067484,,,
하락추세선 돌파 (상승),40849.0,40695.0,40475.0,2022-04-16 15:00:00,40551.5,0.18900555898702903,,,
하락추세선 돌파 (상승),40444.0,39854.0,39670.0,2022-04-18 17:00:00,40400.0,1.8401814973531636,,,
하락추세선 돌파 (상승),41300.0,40864.5,40833.0,2022-04-19 11:45:00,41019.5,0.45673842235446815,,,
하락추세선 돌파 (상승),41769.5,41525.0,41517.5,2022-04-20 07:00:00,41600.0,0.19871138676461733,,,
하락추세선 돌파 (상승),40767.0,40627.5,39756.5,2022-04-22 23:00:00,39818.0,0.15469168563631103,,,
하락추세선 돌파 (상승),39931.0,39794.0,39775.5,2022-04-24 14:45:00,39914.5,0.3494613518371862,,,
하락추세선 돌파 (상승),40787.0,40611.5,39195.5,2022-04-27 13:30:00,39444.0,0.6340013521960429,,,
하락추세선 돌파 (상승),38623.5,38478.0,38059.0,2022-05-01 05:00:00,38140.0,0.21282745211382326,,,
하락추세선 돌파 (상승),38630.0,38585.0,38042.0,2022-05-04 03:30:00,38100.0,0.15246306713632302,,,
하락추세선 돌파 (상승),40058.5,39840.0,36590.0,2022-05-06 00:00:00,36666.0,0.20770702377698827,,,
하락추세선 돌파 (상승),33780.5,33450.0,31499.0,2022-05-10 05:00:00,31546.5,0.15079843804565224,,,
하락추세선 돌파 (상승),32060.0,30233.0,28561.0,2022-05-12 10:45:00,28976.0,1.453030356079969,,,
하락추세선 돌파 (상승),31518.0,30310.5,30250.0,2022-05-17 03:30:00,30530.0,0.9256198347107438,,,
하락추세선 돌파 (상승),30785.0,30741.0,30650.0,2022-05-18 00:30:00,30692.5,0.13866231647634583,,,
하락추세선 돌파 (상승),30020.0,29536.5,29403.0,2022-05-19 06:45:00,29424.0,0.07142128354249566,,,
하락추세선 돌파 (상승),29536.5,29403.0,29322.0,2022-05-19 06:45:00,29424.0,0.3478616738285247,,,
하락추세선 돌파 (상승),30767.0,30524.5,29353.0,2022-05-20 23:00:00,29364.5,0.03917827819984329,,,
하락추세선 돌파 (상승),29653.5,29583.5,29540.0,2022-05-22 08:45:00,29569.0,0.0981719702098849,,,
하락추세선 돌파 (상승),30654.5,30600.0,29422.0,2022-05-24 11:15:00,29431.0,0.030589354904493236,,,
하락추세선 돌파 (상승),30213.0,29937.5,29908.0,2022-05-25 18:00:00,30041.5,0.44636886451785474,,,
하락추세선 돌파 (상승),29800.0,29686.0,29144.5,2022-05-27 07:15:00,29250.0,0.3619893976565047,,,
하락추세선 돌파 (상승),29362.0,29053.0,28930.0,2022-05-28 12:45:00,29020.0,0.3110957483581058,,,
하락추세선 돌파 (상승),32450.0,31982.5,31694.0,2022-06-01 12:30:00,31809.0,0.36284470246734396,,,
하락추세선 돌파 (상승),31894.5,30064.0,29887.0,2022-06-02 06:45:00,29929.5,0.14220229531234316,,,
하락추세선 돌파 (상승),30698.0,30541.0,29687.0,2022-06-03 20:45:00,29738.0,0.17179236702933945,,,
하락추세선 돌파 (상승),30000.0,29952.0,29816.5,2022-06-05 14:45:00,29839.0,0.0754615732899569,,,
하락추세선 돌파 (상승),31750.0,31598.0,29725.5,2022-06-07 14:30:00,29904.5,0.6021765823955862,,,
하락추세선 돌파 (상승),30900.0,30545.0,30463.5,2022-06-09 07:45:00,30485.5,0.07221757184827746,,,
하락추세선 돌파 (상승),30694.5,30446.5,30249.5,2022-06-10 03:00:00,30376.0,0.4181887303922379,,,
하락추세선 돌파 (상승),30230.0,30175.0,29420.0,2022-06-11 05:00:00,29427.0,0.02379333786539769,,,
하락추세선 돌파 (상승),28786.0,28678.0,27697.0,2022-06-12 14:30:00,27707.0,0.036104993320576234,,,
하락추세선 돌파 (상승),22799.0,22327.5,21448.5,2022-06-15 12:15:00,21629.0,0.8415506911905261,,,
하락추세선 돌파 (상승),21504.5,21463.5,21040.0,2022-06-17 07:15:00,21180.0,0.6653992395437262,,,
하락추세선 돌파 (상승),21630.0,21580.0,21510.0,2022-06-26 11:30:00,21560.5,0.23477452347745237,,,
하락추세선 돌파 (상승),21880.0,21419.5,21318.0,2022-06-27 07:00:00,21343.0,0.1172717890984145,,,
하락추세선 돌파 (상승),20454.0,20233.0,20178.0,2022-06-29 19:45:00,20287.0,0.5401922886311825,,,
하락추세선 돌파 (상승),20433.0,19312.0,19283.0,2022-06-30 23:45:00,19999.0,3.713115179173365,,,
하락추세선 돌파 (상승),21017.5,19886.5,19670.0,2022-07-01 20:15:00,19693.5,0.11947127605490594,,,
하락추세선 돌파 (상승),20750.0,20317.5,20303.0,2022-07-06 13:30:00,20373.5,0.3472393242377974,,,
하락추세선 돌파 (상승),22120.0,22050.0,21723.5,2022-07-09 10:45:00,21745.0,0.09897116026422999,,,
하락추세선 돌파 (상승),21414.0,21162.0,20623.0,2022-07-11 13:30:00,20748.5,0.6085438587984289,,,
하락추세선 돌파 (상승),20005.0,19994.0,19575.0,2022-07-13 07:30:00,19873.5,1.524904214559387,,,
하락추세선 돌파 (상승),21669.0,21490.0,21350.0,2022-07-18 02:45:00,21400.0,0.234192037470726,,,
하락추세선 돌파 (상승),23941.5,23800.0,23081.0,2022-07-21 16:15:00,23102.0,0.09098392617304277,,,
하락추세선 돌파 (상승),23800.0,23081.0,23060.0,2022-07-21 16:15:00,23102.0,0.1821335646140503,,,
하락추세선 돌파 (상승),23765.0,22987.5,22671.0,2022-07-24 05:30:00,22774.5,0.4565303691941246,,,
하락추세선 돌파 (상승),22990.0,22099.0,21993.5,2022-07-25 20:00:00,22180.0,0.8479778116261623,,,
하락추세선 돌파 (상승),21247.0,21189.0,21066.0,2022-07-26 21:00:00,21110.5,0.21124086205259662,,,
하락추세선 돌파 (상승),24595.5,23878.5,23827.0,2022-07-31 10:45:00,23842.0,0.06295379191673313,,,
하락추세선 돌파 (상승),23490.0,23429.5,22930.5,2022-08-02 11:30:00,22962.0,0.13737162294760252,,,
하락추세선 돌파 (상승),23494.0,23333.0,23243.5,2022-08-06 17:30:00,23257.5,0.06023189278723084,,,
하락추세선 돌파 (상승),23333.0,23243.5,23227.0,2022-08-06 17:30:00,23257.5,0.13131269643087787,,,
하락추세선 돌파 (상승),23257.5,23205.0,23015.5,2022-08-07 11:45:00,23049.0,0.1455540831178988,,,
하락추세선 돌파 (상승),23910.0,23249.0,22989.0,2022-08-10 07:45:00,22990.0,0.004349906477010744,,,
하락추세선 돌파 (상승),24950.0,24325.5,24084.5,2022-08-12 09:45:00,24129.5,0.1868421598953684,,,
하락추세선 돌파 (상승),24867.0,24585.0,24575.0,2022-08-14 01:00:00,24625.0,0.20345879959308238,,,
하락추세선 돌파 (상승),24585.0,24575.0,24534.0,2022-08-14 01:00:00,24625.0,0.3709138338632102,,,
하락추세선 돌파 (상승),25031.0,24539.0,24422.5,2022-08-15 01:30:00,24578.0,0.6367079537311905,,,
하락추세선 돌파 (상승),24227.0,24134.5,24045.0,2022-08-17 03:00:00,24072.5,0.11436889166146808,,,
하락추세선 돌파 (상승),24436.5,23618.5,23501.0,2022-08-18 09:45:00,23545.0,0.18722607548614953,,,
하락추세선 돌파 (상승),21365.0,21343.0,21307.0,2022-08-21 08:00:00,21480.0,0.8119397381142347,,,
하락추세선 돌파 (상승),21650.0,21585.5,21487.0,2022-08-24 12:15:00,21514.0,0.12565737422627635,,,
하락추세선 돌파 (상승),21880.0,21800.0,21636.5,2022-08-25 06:15:00,21729.0,0.4275183139602061,,,
하락추세선 돌파 (상승),21768.5,21667.5,21464.5,2022-08-26 12:30:00,21734.5,1.2578909361969763,,,
하락추세선 돌파 (상승),20262.5,20239.5,20093.5,2022-08-28 02:30:00,20174.0,0.40062706845497303,,,
하락추세선 돌파 (상승),20174.0,20096.5,20039.0,2022-08-28 16:00:00,20088.0,0.24452317979939117,,,
하락추세선 돌파 (상승),20135.5,19942.0,19900.0,2022-08-29 12:15:00,19982.0,0.4120603015075377,,,
하락추세선 돌파 (상승),20569.0,20497.0,20079.0,2022-08-31 01:30:00,20189.0,0.5478360476119328,,,
하락추세선 돌파 (상승),20318.0,20197.5,20120.0,2022-09-01 21:00:00,20124.5,0.022365805168986085,,,
하락추세선 돌파 (상승),20043.0,19950.0,19871.5,2022-09-03 13:45:00,19898.5,0.13587298392169692,,,
하락추세선 돌파 (상승),19898.5,19849.0,19820.0,2022-09-04 11:45:00,19847.0,0.136226034308779,,,
하락추세선 돌파 (상승),20020.0,19070.0,18846.5,2022-09-07 13:00:00,18877.5,0.16448677473270898,,,
하락추세선 돌파 (상승),20518.0,20408.5,20375.0,2022-09-14 22:45:00,20377.5,0.012269938650306749,,,
하락추세선 돌파 (상승),20319.0,19895.5,19799.5,2022-09-16 04:00:00,19834.5,0.176772140710624,,,
하락추세선 돌파 (상승),20092.0,19745.0,19424.5,2022-09-19 19:30:00,19546.0,0.6254987258359289,,,
하락추세선 돌파 (상승),19333.0,19313.5,19050.0,2022-09-21 05:15:00,19064.0,0.07349081364829396,,,
하락추세선 돌파 (상승),19213.0,19186.0,19119.5,2022-09-25 11:45:00,19185.0,0.3425821804963519,,,
하락추세선 돌파 (상승),19185.0,19110.0,18933.0,2022-09-26 03:15:00,18946.0,0.06866318068980087,,,
하락추세선 돌파 (상승),19318.5,19268.0,19255.0,2022-09-27 00:00:00,19355.0,0.5193456245131135,,,
하락추세선 돌파 (상승),20383.5,19222.0,18870.0,2022-09-28 10:15:00,19043.5,0.9194488606253313,,,
하락추세선 돌파 (상승),20165.0,19473.5,19366.0,2022-10-01 13:15:00,19395.5,0.15232882371165962,,,
하락추세선 돌파 (상승),20316.0,20270.0,20042.0,2022-10-07 12:15:00,20078.0,0.1796227921365133,,,
하락추세선 돌파 (상승),20270.0,20042.0,20025.0,2022-10-07 12:15:00,20078.0,0.264669163545568,,,
하락추세선 돌파 (상승),19636.5,19614.0,19533.5,2022-10-08 11:30:00,19539.5,0.030716461463639388,,,
하락추세선 돌파 (상승),19521.5,19444.5,19429.0,2022-10-09 10:30:00,19535.5,0.5481496731689742,,,
하락추세선 돌파 (상승),19434.5,19358.0,19090.0,2022-10-11 06:30:00,19110.5,0.10738606600314302,,,
하락추세선 돌파 (상승),19258.0,19186.0,19123.0,2022-10-12 05:45:00,19138.0,0.07843957538043195,,,
하락추세선 돌파 (상승),19189.5,19186.0,19185.0,2022-10-12 22:00:00,19227.5,0.2215272348188689,,,
하락추세선 돌파 (상승),19205.0,19190.0,19155.0,2022-10-16 08:15:00,19184.0,0.15139650221874185,,,
하락추세선 돌파 (상승),19668.0,19616.5,19614.0,2022-10-18 06:30:00,19694.0,0.40787192821454066,,,
하락추세선 돌파 (상승),19661.0,19426.0,19275.0,2022-10-19 15:45:00,19296.5,0.11154345006485084,,,
하락추세선 돌파 (상승),19296.5,19243.0,19198.0,2022-10-20 10:30:00,19240.0,0.21877278883217,,,
하락추세선 돌파 (상승),19345.0,19125.0,19077.0,2022-10-21 14:00:00,19119.0,0.22016040257902186,,,
하락추세선 돌파 (상승),19215.0,19212.0,19199.5,2022-10-23 17:15:00,19209.0,0.04948045522018803,,,
하락추세선 돌파 (상승),19439.0,19412.0,19365.0,2022-10-25 13:00:00,19381.5,0.08520526723470179,,,
하락추세선 돌파 (상승),20822.5,20665.0,20295.0,2022-10-28 12:30:00,20330.0,0.17245627001724562,,,
하락추세선 돌파 (상승),21100.0,20968.0,20895.0,2022-10-30 06:45:00,20900.0,0.023929169657812874,,,
하락추세선 돌파 (상승),20920.0,20724.5,20578.5,2022-10-31 09:30:00,20646.5,0.3304419661296985,,,
하락추세선 돌파 (상승),20789.0,20382.0,20326.0,2022-11-03 14:45:00,20334.5,0.04181836072025977,,,
하락추세선 돌파 (상승),21470.0,21414.0,21346.0,2022-11-05 20:30:00,21372.5,0.12414503888316313,,,
하락추세선 돌파 (상승),21278.0,21062.5,20799.0,2022-11-07 19:30:00,20879.0,0.3846338766286841,,,
하락추세선 돌파 (상승),21062.5,20799.0,20794.0,2022-11-07 19:30:00,20879.0,0.40877176108492835,,,
하락추세선 돌파 (상승),20799.0,20794.0,20793.0,2022-11-07 19:30:00,20879.0,0.4136007310152455,,,
하락추세선 돌파 (상승),18499.5,18048.5,16943.0,2022-11-10 13:30:00,17777.0,4.9223868264179895,,,
하락추세선 돌파 (상승),17532.0,17529.0,17036.5,2022-11-11 23:45:00,17133.5,0.5693657734863381,,,
하락추세선 돌파 (상승),17160.0,17011.0,16634.5,2022-11-16 22:45:00,16695.0,0.36370194475337403,,,
하락추세선 돌파 (상승),16758.0,16631.5,16606.0,2022-11-17 15:15:00,16698.0,0.554016620498615,,,
하락추세선 돌파 (상승),16848.0,16812.5,16683.0,2022-11-18 23:30:00,16698.0,0.08991188635137566,,,
하락추세선 돌파 (상승),16730.5,16619.0,16604.5,2022-11-21 04:15:00,16789.0,1.1111445692432773,,,
하락추세선 돌파 (상승),16300.0,16296.0,16237.0,2022-11-22 22:45:00,16270.0,0.203239514688674,,,
하락추세선 돌파 (상승),16664.0,16636.5,16594.5,2022-11-25 20:15:00,16646.0,0.31034378860465817,,,
하락추세선 돌파 (상승),16685.0,16640.0,16620.0,2022-11-26 14:30:00,16675.5,0.33393501805054154,,,
하락추세선 돌파 (상승),16588.5,16583.0,16574.0,2022-11-27 21:45:00,16580.0,0.03620127911186195,,,
하락추세선 돌파 (상승),17093.0,17038.5,17027.0,2022-12-06 23:00:00,17075.0,0.28190520937334823,,,
하락추세선 돌파 (상승),16885.0,16878.5,16835.5,2022-12-08 11:45:00,16850.5,0.08909744290338868,,,
하락추세선 돌파 (상승),17716.0,17467.5,17418.0,2022-12-16 07:00:00,17497.5,0.45642438856355494,,,
하락추세선 돌파 (상승),16792.5,16755.0,16728.0,2022-12-18 18:00:00,16780.0,0.31085604973696795,,,
하락추세선 돌파 (상승),16775.0,16760.0,16644.5,2022-12-20 02:30:00,16990.0,2.0757607618132115,,,
하락추세선 돌파 (상승),16922.5,16918.5,16894.0,2022-12-21 14:45:00,16918.5,0.1450219012667219,,,
하락추세선 돌파 (상승),16918.5,16894.0,16891.0,2022-12-21 14:45:00,16918.5,0.1628085962938843,,,
하락추세선 돌파 (상승),16918.5,16855.0,16850.0,2022-12-22 09:30:00,16862.5,0.0741839762611276,,,
하락추세선 돌파 (상승),16839.5,16749.5,16680.5,2022-12-28 14:30:00,16748.0,0.4046641287731183,,,
하락추세선 돌파 (상승),16725.0,16637.5,16595.0,2022-12-31 13:15:00,16607.0,0.07231093702922567,,,
하락추세선 돌파 (상승),16650.5,16577.5,16560.0,2023-01-01 11:00:00,16565.0,0.030193236714975844,,,
하락추세선 돌파 (상승),16799.0,16774.0,16750.0,2023-01-03 14:30:00,16770.0,0.11940298507462686,,,
하락추세선 돌파 (상승),16988.0,16873.5,16841.5,2023-01-05 15:00:00,16862.0,0.12172312442478402,,,
하락추세선 돌파 (상승),16873.5,16841.5,16832.5,2023-01-05 15:00:00,16862.0,0.1752562008020199,,,
하락추세선 돌파 (상승),16974.0,16941.5,16937.5,2023-01-07 19:15:00,16938.5,0.005904059040590406,,,
하락추세선 돌파 (상승),17495.0,17461.5,17431.0,2023-01-11 18:00:00,17548.0,0.6712179450404452,,,
하락추세선 돌파 (상승),21093.0,20795.5,20773.0,2023-01-15 13:30:00,20862.5,0.4308477350406778,,,
하락추세선 돌파 (상승),21488.0,21297.0,21230.0,2023-01-17 09:00:00,21244.0,0.06594441827602449,,,
하락추세선 돌파 (상승),23083.0,22829.5,22791.5,2023-01-23 10:00:00,22920.0,0.5638066823157756,,,
하락추세선 돌파 (상승),23086.5,22769.0,22752.0,2023-01-25 19:45:00,22765.0,0.05713783403656821,,,
하락추세선 돌파 (상승),23241.5,23179.0,23099.5,2023-01-27 15:15:00,23135.0,0.15368298015108553,,,
하락추세선 돌파 (상승),23515.5,23193.0,23019.0,2023-01-28 15:00:00,23045.0,0.11295017159737607,,,
하락추세선 돌파 (상승),23764.0,23300.5,22914.0,2023-01-31 07:45:00,22986.5,0.31640045387099586,,,
하락추세선 돌파 (상승),23179.5,23164.5,23142.0,2023-02-01 19:00:00,23236.0,0.4061878835018581,,,
하락추세선 돌파 (상승),23723.0,23475.0,23371.5,2023-02-04 10:15:00,23378.0,0.027811650942387096,,,
하락추세선 돌파 (상승),23434.5,23098.0,22934.0,2023-02-06 12:00:00,22937.0,0.013081015086770733,,,
하락추세선 돌파 (상승),23165.0,23126.0,22984.0,2023-02-07 09:45:00,23042.5,0.25452488687782804,,,
하락추세선 돌파 (상승),23041.0,23011.0,22760.0,2023-02-09 12:45:00,22797.5,0.1647627416520211,,,
하락추세선 돌파 (상승),21900.0,21794.0,21715.0,2023-02-11 12:00:00,21741.6,0.12249597052727858,,,
하락추세선 돌파 (상승),21794.0,21715.0,21706.0,2023-02-11 12:00:00,21741.6,0.16400995116556966,,,
하락추세선 돌파 (상승),22079.0,21867.1,21861.0,2023-02-13 07:15:00,21887.0,0.11893326014363477,,,
하락추세선 돌파 (상승),25296.1,23915.5,23869.3,2023-02-17 12:30:00,23926.0,0.2375436229801491,,,
하락추세선 돌파 (상승),25043.9,24794.9,24678.8,2023-02-18 14:45:00,24741.0,0.2520381866217188,,,
하락추세선 돌파 (상승),25197.5,24583.9,24550.9,2023-02-20 08:15:00,24570.0,0.07779755528309977,,,
하락추세선 돌파 (상승),24476.0,24234.3,23981.7,2023-02-22 22:15:00,23985.0,0.013760492375433236,,,
하락추세선 돌파 (상승),24602.9,24500.0,24079.6,2023-02-24 01:00:00,24130.0,0.20930580242197322,,,
하락추세선 돌파 (상승),23212.8,23150.0,23085.8,2023-02-25 22:30:00,23097.8,0.05198000502473382,,,
하락추세선 돌파 (상승),23150.0,23085.8,23078.0,2023-02-25 22:30:00,23097.8,0.08579599618684146,,,
하락추세선 돌파 (상승),22495.0,22438.1,22377.8,2023-03-04 06:15:00,22394.8,0.07596814700283316,,,
하락추세선 돌파 (상승),22569.2,22498.9,22435.0,2023-03-06 13:30:00,22446.6,0.051704925339864254,,,
하락추세선 돌파 (상승),22594.7,22541.2,22422.3,2023-03-07 15:30:00,22485.7,0.28275422235899733,,,
하락추세선 돌파 (상승),22485.7,22280.0,22139.0,2023-03-08 15:00:00,22227.0,0.3974885947874791,,,
하락추세선 돌파 (상승),26500.0,25099.1,24941.6,2023-03-15 12:30:00,25211.0,1.0801231677197993,,,
하락추세선 돌파 (상승),27640.0,27448.9,27276.9,2023-03-19 12:00:00,27344.0,0.24599569599184123,,,
하락추세선 돌파 (상승),28480.0,28189.5,27949.7,2023-03-21 09:30:00,28078.0,0.4590389163389921,,,
하락추세선 돌파 (상승),28249.1,27656.6,27568.2,2023-03-25 13:45:00,27608.5,0.1461829209016159,,,
하락추세선 돌파 (상승),27656.6,27568.2,27518.0,2023-03-25 13:30:00,27549.7,0.11519732538702206,,,
하락추세선 돌파 (상승),27235.7,27174.1,27135.0,2023-03-28 11:45:00,27144.7,0.03574718997604838,,,
하락추세선 돌파 (상승),28644.5,28594.5,28530.0,2023-03-30 02:15:00,28938.8,1.432877672625304,,,
하락추세선 돌파 (상승),28777.8,28688.7,28199.4,2023-03-31 00:45:00,28342.6,0.507812222955088,,,
하락추세선 돌파 (상승),28484.2,28229.9,28188.1,2023-04-03 08:15:00,28415.0,0.8049496063941928,,,
하락추세선 돌파 (상승),28366.5,28235.2,28019.4,2023-04-04 06:30:00,28074.9,0.1980770466177006,,,
하락추세선 돌파 (상승),28235.2,28019.4,27955.8,2023-04-04 06:30:00,28074.9,0.4260296611078996,,,
하락추세선 돌파 (상승),28797.1,28617.2,28600.0,2023-04-05 12:15:00,28650.6,0.17692307692307183,,,
하락추세선 돌파 (상승),28298.0,28148.0,28087.9,2023-04-06 15:30:00,28173.5,0.3047575646452691,,,
하락추세선 돌파 (상승),28094.1,28000.0,27970.0,2023-04-08 03:15:00,28065.9,0.34286735788345174,,,
하락추세선 돌파 (상승),28074.7,28059.0,27958.9,2023-04-09 18:45:00,28043.9,0.3040176830991205,,,
하락추세선 돌파 (상승),30560.5,30344.0,30067.0,2023-04-12 12:30:00,30480.0,1.373598962317491,,,
하락추세선 돌파 (상승),30480.0,30079.1,29974.4,2023-04-13 00:30:00,30025.2,0.16947795452118897,,,
하락추세선 돌파 (상승),31061.7,30860.0,30509.4,2023-04-15 00:15:00,30583.0,0.24123712691825647,,,
하락추세선 돌파 (상승),30583.0,30460.0,30365.4,2023-04-16 07:30:00,30390.0,0.08101325851132718,,,
하락추세선 돌파 (상승),30565.4,29998.9,29580.0,2023-04-18 05:30:00,29615.8,0.12102772143339849,,,
하락추세선 돌파 (상승),29998.9,29580.0,29535.3,2023-04-18 05:15:00,29571.3,0.12188804582990524,,,
하락추세선 돌파 (상승),28347.2,28299.9,27395.8,2023-04-22 14:45:00,27494.6,0.3606392220705337,,,
하락추세선 돌파 (상승),27756.7,27726.7,27678.3,2023-04-24 00:45:00,27864.7,0.6734517654624795,,,
하락추세선 돌파 (상승),27989.0,27700.0,27569.9,2023-04-25 00:15:00,27584.4,0.05259358938552552,,,
하락추세선 돌파 (상승),29893.7,29480.0,29277.3,2023-04-27 15:15:00,29594.6,1.0837748016381268,,,
하락추세선 돌파 (상승),29480.0,29277.3,29135.6,2023-04-27 15:15:00,29594.6,1.575392303573635,,,
하락추세선 돌파 (상승),29471.9,29432.2,29422.2,2023-04-29 04:15:00,29427.9,0.01937312641475052,,,
하락추세선 돌파 (상승),28608.8,28167.2,28150.0,2023-05-02 12:30:00,28238.0,0.3126110124333925,,,
하락추세선 돌파 (상승),28869.0,28796.5,28757.6,2023-05-03 17:30:00,28768.8,0.038946226388852784,,,
하락추세선 돌파 (상승),29384.2,28964.8,28911.8,2023-05-05 00:30:00,28931.7,0.06883002787789573,,,
하락추세선 돌파 (상승),29833.0,29424.2,28953.0,2023-05-07 01:15:00,29129.3,0.6089179014264473,,,
하락추세선 돌파 (상승),28944.7,28250.0,27963.0,2023-05-08 14:45:00,27977.5,0.05185423595465437,,,
하락추세선 돌파 (상승),28076.0,27739.1,27659.3,2023-05-09 11:45:00,27714.0,0.19776350088397293,,,
하락추세선 돌파 (상승),28286.9,27970.4,27544.9,2023-05-11 12:30:00,27618.0,0.2653848806857115,,,
하락추세선 돌파 (상승),27648.0,27273.0,27126.0,2023-05-16 16:45:00,27147.5,0.0792597507925975,,,
하락추세선 돌파 (상승),27565.2,27474.6,27443.6,2023-05-18 12:00:00,27468.6,0.09109592036030259,,,
하락추세선 돌파 (상승),27468.6,27049.0,26952.8,2023-05-19 12:00:00,26983.8,0.11501587961176575,,,
하락추세선 돌파 (상승),27172.9,26907.6,26864.6,2023-05-20 08:15:00,26876.0,0.04243502601937664,,,
하락추세선 돌파 (상승),26967.7,26916.6,26900.0,2023-05-22 13:30:00,27099.3,0.7408921933085475,,,
하락추세선 돌파 (상승),26840.4,26492.8,26286.6,2023-05-25 11:45:00,26333.3,0.17765705720785774,,,
하락추세선 돌파 (상승),26627.4,26538.9,26537.3,2023-05-26 13:30:00,26584.3,0.1771092010114066,,,
하락추세선 돌파 (상승),26929.9,26772.3,26764.5,2023-05-27 18:30:00,26843.0,0.29329895944254514,,,
하락추세선 돌파 (상승),27964.9,27937.1,27822.0,2023-05-30 03:15:00,27930.0,0.38818201423334053,,,
하락추세선 돌파 (상승),27860.0,27824.0,27212.5,2023-05-31 23:30:00,27296.8,0.30978410656866984,,,
하락추세선 돌파 (상승),27293.4,27291.9,27209.3,2023-06-03 15:15:00,27233.2,0.0878376143451006,,,
하락추세선 돌파 (상승),27291.9,27209.3,27172.8,2023-06-03 13:30:00,27175.6,0.010304422069125274,,,
하락추세선 돌파 (상승),26812.2,25854.9,25799.9,2023-06-06 14:00:00,26118.0,1.232950515312069,,,
하락추세선 돌파 (상승),25854.9,25799.9,25780.0,2023-06-06 14:00:00,26118.0,1.3110938712179985,,,
하락추세선 돌파 (상승),27397.0,26979.0,26457.3,2023-06-08 06:30:00,26488.5,0.11792586545112589,,,
하락추세선 돌파 (상승),26810.5,26638.7,26585.7,2023-06-09 08:15:00,26619.6,0.1275121587921244,,,
하락추세선 돌파 (상승),26527.7,25748.0,25723.0,2023-06-10 17:00:00,25775.0,0.20215371457450532,,,
하락추세선 돌파 (상승),26145.7,25917.0,25819.5,2023-06-11 11:30:00,25835.9,0.06351788377002442,,,
하락추세선 돌파 (상승),26196.8,26095.0,25964.7,2023-06-13 00:15:00,26019.7,0.21182605614545902,,,
하락추세선 돌파 (상승),26098.4,25197.4,25103.0,2023-06-15 17:45:00,25158.8,0.22228418914073725,,,
하락추세선 돌파 (상승),25750.0,25623.2,25616.8,2023-06-16 14:45:00,25720.0,0.40286062271634526,,,
하락추세선 돌파 (상승),27166.0,27023.7,26968.8,2023-06-20 15:45:00,27123.6,0.5739966183144941,,,
하락추세선 돌파 (상승),30800.0,30497.6,30236.8,2023-06-22 13:15:00,30315.5,0.2602788654884139,,,
하락추세선 돌파 (상승),30350.0,30262.0,30079.7,2023-06-23 09:45:00,30171.7,0.30585411423651165,,,
하락추세선 돌파 (상승),31042.1,30733.0,30564.7,2023-06-26 07:15:00,30565.0,0.0009815244383202598,,,
하락추세선 돌파 (상승),30733.0,30564.7,30317.0,2023-06-26 06:30:00,30337.3,0.06695913184021926,,,
하락추세선 돌파 (상승),30770.0,30730.7,30369.0,2023-06-28 14:30:00,30490.0,0.39843261220323356,,,
하락추세선 돌파 (상승),30790.0,30782.4,30747.0,2023-07-03 15:00:00,30942.9,0.6371353302761292,,,
하락추세선 돌파 (상승),31399.4,31319.2,31073.4,2023-07-04 16:15:00,31120.8,0.1525420456081337,,,
하락추세선 돌파 (상승),30869.1,30588.2,30550.0,2023-07-06 05:30:00,30582.0,0.10474631751227496,,,
하락추세선 돌파 (상승),30445.6,30377.1,30296.5,2023-07-08 16:30:00,30307.2,0.03531761094516108,,,
하락추세선 돌파 (상승),30962.2,30523.9,30424.9,2023-07-13 09:00:00,30513.6,0.29153752354156326,,,
하락추세선 돌파 (상승),30360.9,30338.0,30322.0,2023-07-16 10:15:00,30339.0,0.05606490337049007,,,
하락추세선 돌파 (상승),30059.4,30018.0,29930.3,2023-07-19 00:30:00,30049.5,0.39825862086247293,,,
하락추세선 돌파 (상승),30124.7,30100.0,30035.0,2023-07-20 05:15:00,30073.4,0.12785084068587135,,,
하락추세선 돌파 (상승),29520.0,29460.7,29287.0,2023-08-01 01:00:00,29334.9,0.16355379519924013,,,
하락추세선 돌파 (상승),30040.0,29600.0,29225.8,2023-08-03 01:45:00,29279.2,0.18271527212258162,,,
하락추세선 돌파 (상승),29433.0,29357.0,29249.0,2023-08-04 12:30:00,29266.0,0.05812164518445075,,,
하락추세선 돌파 (상승),29320.0,29140.7,29078.0,2023-08-05 18:45:00,29090.0,0.04126831281381113,,,
하락추세선 돌파 (상승),29140.7,29078.0,29076.9,2023-08-05 18:45:00,29090.0,0.045052945809211244,,,
하락추세선 돌파 (상승),30129.0,29649.2,29608.9,2023-08-10 12:30:00,29625.3,0.05538875135515949,,,
하락추세선 돌파 (상승),29732.3,29478.0,29474.3,2023-08-11 14:00:00,29573.0,0.33486800365064046,,,
하락추세선 돌파 (상승),29446.5,29442.5,29411.9,2023-08-12 07:45:00,29413.8,0.006459970284129272,,,
하락추세선 돌파 (상승),29680.0,29460.0,29448.0,2023-08-15 14:30:00,29454.9,0.02343113284434072,,,
하락추세선 돌파 (상승),29496.1,29258.7,29217.0,2023-08-16 18:15:00,29230.0,0.04449464352945203,,,
하락추세선 돌파 (상승),29258.7,29217.0,29207.6,2023-08-16 18:15:00,29230.0,0.0766923677399083,,,
하락추세선 돌파 (상승),26320.8,26147.5,25985.4,2023-08-19 14:15:00,26038.7,0.20511518006264776,,,
하락추세선 돌파 (상승),26307.0,26174.6,26079.5,2023-08-21 13:45:00,26133.0,0.2051419697463525,,,
하락추세선 돌파 (상승),26279.7,26100.2,26044.0,2023-08-22 23:45:00,26063.8,0.07602518814313959,,,
하락추세선 돌파 (상승),26115.0,26070.8,26040.1,2023-08-26 14:30:00,26049.0,0.03417805615186369,,,
하락추세선 돌파 (상승),28140.8,27775.8,27464.2,2023-08-30 08:30:00,27494.0,0.10850489000225484,,,
하락추세선 돌파 (상승),27463.1,27346.1,27282.1,2023-08-31 11:15:00,27323.9,0.1532140121178462,,,
하락추세선 돌파 (상승),26145.0,25923.5,25829.0,2023-09-02 05:30:00,25838.0,0.034844554570444074,,,
하락추세선 돌파 (상승),25936.6,25858.8,25794.1,2023-09-05 12:45:00,25830.5,0.14111754238372906,,,
하락추세선 돌파 (상승),25856.9,25779.5,25777.2,2023-09-06 17:45:00,26052.4,1.0676101360892598,,,
하락추세선 돌파 (상승),25947.9,25928.9,25892.3,2023-09-09 15:00:00,25912.0,0.07608439574700095,,,
하락추세선 돌파 (상승),25864.0,25861.0,25822.1,2023-09-10 19:45:00,25858.0,0.13902819677718486,,,
하락추세선 돌파 (상승),25890.0,25746.4,25210.0,2023-09-12 00:45:00,25228.0,0.07140023800079334,,,
하락추세선 돌파 (상승),26890.9,26765.4,26569.0,2023-09-16 17:30:00,26617.2,0.18141443035116386,,,
하락추세선 돌파 (상승),26765.4,26569.0,26564.9,2023-09-16 17:30:00,26617.2,0.19687632929165652,,,
하락추세선 돌파 (상승),27400.0,27346.0,26869.9,2023-09-19 08:00:00,26891.2,0.07927085698122907,,,
하락추세선 돌파 (상승),27470.7,27383.1,27186.2,2023-09-20 13:45:00,27195.9,0.03567986699134387,,,
하락추세선 돌파 (상승),27086.9,26690.7,26654.0,2023-09-22 05:45:00,26663.0,0.03376603886846252,,,
하락추세선 돌파 (상승),26624.8,26603.5,26576.2,2023-09-23 12:45:00,26578.0,0.006772977325574281,,,
하락추세선 돌파 (상승),26320.3,26285.0,26274.5,2023-09-27 04:00:00,26279.9,0.020552246474724374,,,
하락추세선 돌파 (상승),26838.7,26545.0,26498.3,2023-09-28 10:30:00,26618.4,0.45323662272674925,,,
하락추세선 돌파 (상승),27106.6,26978.0,26930.2,2023-09-30 05:15:00,26942.0,0.04381697870791629,,,
하락추세선 돌파 (상승),27662.0,27571.0,27484.8,2023-10-04 02:15:00,27516.1,0.11388112702293367,,,
하락추세선 돌파 (상승),27571.0,27484.8,27460.8,2023-10-04 02:15:00,27516.1,0.20137796422536589,,,
하락추세선 돌파 (상승),27979.8,27971.5,27570.1,2023-10-09 17:45:00,27586.0,0.05767117275599818,,,
하락추세선 돌파 (상승),27721.7,27619.0,27460.0,2023-10-11 00:45:00,27464.0,0.014566642388929352,,,
하락추세선 돌파 (상승),26910.0,26858.2,26799.9,2023-10-13 00:15:00,26837.5,0.14029903096652802,,,
하락추세선 돌파 (상승),26978.8,26944.6,26895.3,2023-10-15 08:30:00,26899.2,0.014500674839103693,,,
하락추세선 돌파 (상승),28600.0,28596.8,28546.3,2023-10-18 04:45:00,28993.7,1.5672784213716016,,,
하락추세선 돌파 (상승),28993.7,28429.1,28405.0,2023-10-19 10:00:00,28507.7,0.3615560640732291,,,
하락추세선 돌파 (상승),28429.1,28405.0,28333.0,2023-10-19 08:00:00,28358.5,0.0900010588359863,,,
하락추세선 돌파 (상승),30260.0,29781.0,29720.0,2023-10-21 09:45:00,29855.3,0.4552489905787324,,,
하락추세선 돌파 (상승),30321.0,29956.4,29939.6,2023-10-22 22:30:00,30047.0,0.35872222741787285,,,
하락추세선 돌파 (상승),35299.9,34911.8,34351.5,2023-10-25 01:15:00,34389.0,0.10916553862276757,,,
하락추세선 돌파 (상승),34276.3,34240.8,33889.9,2023-10-27 23:30:00,33974.2,0.24874667673848444,,,
하락추세선 돌파 (상승),34795.0,34747.4,34369.7,2023-10-30 08:30:00,34475.0,0.30637451010629396,,,
하락추세선 돌파 (상승),34761.0,34699.7,34532.2,2023-11-01 12:45:00,34947.5,1.2026456466718105,,,
하락추세선 돌파 (상승),35513.1,35116.0,34623.1,2023-11-03 14:00:00,34624.2,0.0031770696442506444,,,
하락추세선 돌파 (상승),35449.0,35310.9,35126.3,2023-11-06 22:30:00,35171.0,0.12725507668042774,,,
하락추세선 돌파 (상승),35171.0,35007.9,34867.0,2023-11-07 17:45:00,34882.0,0.04302062121777038,,,
하락추세선 돌파 (상승),37218.1,37215.1,37202.8,2023-11-12 14:15:00,37231.8,0.07795112195856226,,,
하락추세선 돌파 (상승),36786.2,36719.6,35689.0,2023-11-15 08:00:00,35755.3,0.1857715262405865,,,
하락추세선 돌파 (상승),37583.1,36710.0,36640.0,2023-11-17 17:00:00,36939.1,0.816320960698686,,,
하락추세선 돌파 (상승),36939.1,36760.0,36564.3,2023-11-18 14:30:00,36585.0,0.056612597533651915,,,
하락추세선 돌파 (상승),36898.2,36796.2,36734.7,2023-11-19 18:15:00,36790.2,0.15108330815278198,,,
하락추세선 돌파 (상승),37549.7,37199.4,36802.9,2023-11-22 18:15:00,37165.0,0.9838898565058691,,,
하락추세선 돌파 (상승),37199.4,36802.9,36674.9,2023-11-22 18:00:00,36741.0,0.18023225693866524,,,
하락추세선 돌파 (상승),37888.0,37677.0,37417.9,2023-11-24 01:00:00,37444.0,0.06975271193733092,,,
하락추세선 돌파 (상승),37827.0,37769.6,37434.1,2023-11-27 09:15:00,37478.3,0.11807416232794263,,,
하락추세선 돌파 (상승),38600.1,37945.3,37880.5,2023-11-30 02:30:00,37921.4,0.10797111970539316,,,
하락추세선 돌파 (상승),38145.0,37978.3,37817.0,2023-12-01 01:15:00,37888.0,0.1877462516857498,,,
하락추세선 돌파 (상승),37978.3,37817.0,37812.0,2023-12-01 01:15:00,37888.0,0.20099439331429178,,,
하락추세선 돌파 (상승),39031.6,38933.0,38797.3,2023-12-02 04:30:00,38819.9,0.058251476262519676,,,
하락추세선 돌파 (상승),39779.8,39568.6,39503.8,2023-12-03 10:30:00,39512.4,0.02177005756407876,,,
하락추세선 돌파 (상승),44087.7,43972.6,43488.0,2023-12-08 02:00:00,43536.0,0.11037527593818984,,,
하락추세선 돌파 (상승),44179.4,44140.0,44016.0,2023-12-10 07:45:00,44048.5,0.07383678662304617,,,
하락추세선 돌파 (상승),44114.6,42520.0,41975.0,2023-12-12 07:45:00,42095.1,0.28612269207861474,,,
하락추세선 돌파 (상승),42104.8,41588.8,41315.5,2023-12-13 13:00:00,41395.0,0.19242173034333362,,,
하락추세선 돌파 (상승),43475.0,43070.2,42288.9,2023-12-16 03:45:00,42436.5,0.34902775905733785,,,
하락추세선 돌파 (상승),43548.0,43313.4,42559.5,2023-12-20 04:15:00,42752.4,0.45324780601276204,,,
하락추세선 돌파 (상승),43313.4,42559.5,42515.0,2023-12-20 04:15:00,42752.4,0.5583911560625696,,,
하락추세선 돌파 (상승),44297.9,44290.0,44183.7,2023-12-22 01:30:00,44268.0,0.19079434271010104,,,
하락추세선 돌파 (상승),43899.8,43877.5,43866.0,2023-12-24 01:00:00,43934.4,0.15592942141978175,,,
하락추세선 돌파 (상승),43666.6,43244.2,42805.1,2023-12-29 03:30:00,42863.3,0.13596510696156386,,,
하락추세선 돌파 (상승),43244.2,42805.1,42791.4,2023-12-29 03:30:00,42863.3,0.16802441612099966,,,
하락추세선 돌파 (상승),42317.0,42250.0,42200.0,2023-12-30 14:00:00,42296.7,0.22914691943127274,,,
하락추세선 돌파 (상승),45946.5,45864.3,45369.9,2024-01-03 01:45:00,45390.7,0.04584537325406411,,,
하락추세선 돌파 (상승),45567.8,43615.5,43270.0,2024-01-04 05:30:00,43317.1,0.10885139819736202,,,
하락추세선 돌파 (상승),44875.5,44391.2,44300.0,2024-01-05 20:45:00,44436.4,0.3079006772009062,,,
하락추세선 돌파 (상승),47318.3,47009.3,46957.0,2024-01-09 12:45:00,47065.0,0.2299976574312669,,,
하락추세선 돌파 (상승),43267.6,43259.0,43074.4,2024-01-14 07:00:00,43078.8,0.010214884014638522,,,
하락추세선 돌파 (상승),42952.5,42884.7,42800.0,2024-01-18 06:00:00,42870.0,0.1635514018691589,,,
하락추세선 돌파 (상승),42199.0,41789.1,41695.7,2024-01-20 20:15:00,41762.2,0.15948886815666843,,,
하락추세선 돌파 (상승),41250.0,40180.0,39661.8,2024-01-23 23:15:00,39839.8,0.4487945579877867,,,
하락추세선 돌파 (상승),40565.3,40185.9,40175.0,2024-01-25 11:00:00,40264.2,0.22202862476663868,,,
하락추세선 돌파 (상승),40324.3,40045.0,39987.1,2024-01-26 02:00:00,40107.0,0.29984670056093454,,,
하락추세선 돌파 (상승),42541.2,42484.9,42368.9,2024-01-29 15:45:00,42642.7,0.6462287196504881,,,
하락추세선 돌파 (상승),43430.5,43243.7,43232.9,2024-02-02 15:45:00,43247.0,0.03261405087328989,,,
하락추세선 돌파 (상승),43476.7,43377.8,43109.9,2024-02-03 15:30:00,43167.6,0.13384396623512718,,,
하락추세선 돌파 (상승),43370.4,43305.1,43037.9,2024-02-07 09:30:00,43191.8,0.35759179699753346,,,
하락추세선 돌파 (상승),48230.0,47489.6,47388.3,2024-02-10 19:15:00,47555.0,0.35177459415087076,,,
하락추세선 돌파 (상승),48603.5,48485.0,48431.7,2024-02-12 00:15:00,48766.5,0.6912827755375156,,,
하락추세선 돌파 (상승),50430.5,50296.0,49798.0,2024-02-14 07:15:00,49880.0,0.16466524760030524,,,
하락추세선 돌파 (상승),52272.0,52092.4,51845.2,2024-02-17 21:15:00,52000.0,0.2985811608403534,,,
하락추세선 돌파 (상승),52113.0,52111.6,52027.6,2024-02-18 22:00:00,52366.0,0.6504240057200437,,,
하락추세선 돌파 (상승),52517.5,52150.7,52105.1,2024-02-20 10:30:00,52141.9,0.07062648377990428,,,
하락추세선 돌파 (상승),53120.0,52555.0,51459.3,2024-02-21 22:45:00,51559.0,0.19374534826551681,,,
하락추세선 돌파 (상승),52555.0,51459.3,51437.4,2024-02-21 22:00:00,51439.7,0.004471454622503537,,,
하락추세선 돌파 (상승),52119.7,51571.7,51300.0,2024-02-23 14:15:00,51375.3,0.14678362573099984,,,
하락추세선 돌파 (상승),51375.3,51227.7,51208.0,2024-02-24 13:30:00,51222.4,0.028120606155291078,,,
하락추세선 돌파 (상승),51936.0,51841.5,51734.4,2024-02-25 14:30:00,51808.8,0.14381146780479032,,,
하락추세선 돌파 (상승),63649.1,62380.0,61816.2,2024-03-01 06:15:00,61848.0,0.05144282566706286,,,
하락추세선 돌파 (상승),63181.9,62499.0,62250.0,2024-03-02 20:00:00,62277.0,0.043373493975903614,,,
하락추세선 돌파 (상승),67700.0,67579.6,66550.0,2024-03-07 08:00:00,66944.0,0.5920360631104433,,,
하락추세선 돌파 (상승),68160.3,67983.8,67337.4,2024-03-08 06:45:00,67693.5,0.5288294469344017,,,
하락추세선 돌파 (상승),70029.1,69849.8,68873.5,2024-03-11 06:45:00,69448.0,0.8341379485578634,,,
하락추세선 돌파 (상승),72850.0,72578.6,72433.0,2024-03-12 11:15:00,72460.0,0.037275827316278494,,,
하락추세선 돌파 (상승),72525.0,68892.6,68790.0,2024-03-15 18:30:00,69382.1,0.8607355720308268,,,
하락추세선 돌파 (상승),69511.0,68571.2,66619.1,2024-03-17 08:45:00,66775.0,0.23401697110887743,,,
하락추세선 돌파 (상승),69040.0,68686.3,68140.0,2024-03-19 00:15:00,68174.9,0.05121808042265069,,,
하락추세선 돌파 (상승),68174.9,65782.8,63505.9,2024-03-20 11:15:00,63999.0,0.7764632892376906,,,
하락추세선 돌파 (상승),71213.0,70829.5,70647.8,2024-03-27 13:00:00,71395.8,1.058773238515566,,,
하락추세선 돌파 (상승),71165.0,70740.0,70249.7,2024-03-30 05:00:00,70400.0,0.21395109160608933,,,
하락추세선 돌파 (상승),67157.5,66308.3,66219.2,2024-04-03 03:45:00,66345.0,0.18997511295817968,,,
하락추세선 돌파 (상승),69315.8,68775.9,67696.2,2024-04-05 14:00:00,67950.0,0.3749102608418241,,,
하락추세선 돌파 (상승),68591.0,68068.7,68050.0,2024-04-06 05:30:00,68220.2,0.25011021307861436,,,
하락추세선 돌파 (상승),71716.6,71033.3,69464.6,2024-04-10 02:00:00,69648.2,0.26430728745287707,,,
하락추세선 돌파 (상승),69648.2,69559.9,69267.2,2024-04-10 16:30:00,69312.1,0.06482144507069541,,,
하락추세선 돌파 (상승),71341.7,71101.0,70800.0,2024-04-12 02:15:00,70809.5,0.013418079096045197,,,
하락추세선 돌파 (상승),70998.9,67937.6,67831.8,2024-04-13 15:15:00,67937.0,0.15508950079460826,,,
하락추세선 돌파 (상승),65597.3,64870.5,64842.1,2024-04-14 22:00:00,65398.0,0.857313381275439,,,
하락추세선 돌파 (상승),64870.5,64842.1,64747.0,2024-04-14 22:00:00,65398.0,1.0054519900535932,,,
하락추세선 돌파 (상승),63899.4,63786.7,63433.7,2024-04-16 21:15:00,63748.0,0.4954779557238549,,,
하락추세선 돌파 (상승),63786.7,63433.7,63277.7,2024-04-16 21:00:00,63432.5,0.24463594599677757,,,
하락추세선 돌파 (상승),64479.9,61946.4,61746.8,2024-04-18 02:00:00,61887.1,0.22721825260579595,,,
하락추세선 돌파 (상승),67198.9,66620.0,66300.0,2024-04-23 13:30:00,66445.7,0.21975867269984475,,,
하락추세선 돌파 (상승),67110.0,66897.4,66887.0,2024-04-24 04:45:00,67084.5,0.29527411903658407,,,
하락추세선 돌파 (상승),66714.5,64710.0,64298.8,2024-04-25 16:45:00,64525.0,0.3517950568284277,,,
하락추세선 돌파 (상승),65272.3,64638.0,64593.9,2024-04-26 14:00:00,64766.5,0.26720789424388147,,,
하락추세선 돌파 (상승),64798.0,64140.0,63389.6,2024-04-27 17:45:00,63623.0,0.3681991998687505,,,
하락추세선 돌파 (상승),64336.8,64050.5,63862.4,2024-04-28 18:45:00,63968.3,0.1658252743398329,,,
하락추세선 돌파 (상승),63968.3,63343.2,62669.9,2024-04-29 13:00:00,62692.2,0.035583270437635345,,,
하락추세선 돌파 (상승),61554.6,61049.0,58265.7,2024-05-01 18:30:00,58708.4,0.7597952139938324,,,
하락추세선 돌파 (상승),64183.7,64178.9,63936.0,2024-05-05 13:15:00,64259.0,0.5051926926926926,,,
하락추세선 돌파 (상승),64305.3,63024.5,62499.4,2024-05-08 14:15:00,62655.0,0.24896239003894205,,,
하락추세선 돌파 (상승),62767.4,61788.0,61759.5,2024-05-09 15:00:00,61998.9,0.38763267189663364,,,
하락추세선 돌파 (상승),62752.9,62288.5,61774.4,2024-05-15 02:00:00,61881.0,0.17256339195524123,,,
하락추세선 돌파 (상승),67443.8,67080.1,67044.0,2024-05-18 07:15:00,67221.7,0.26504981802994615,,,
하락추세선 돌파 (상승),70403.9,70398.9,70336.5,2024-05-22 15:30:00,70658.0,0.45708842492873547,,,
하락추세선 돌파 (상승),70713.0,70013.8,69690.4,2024-05-23 06:45:00,69756.6,0.09499156268296874,,,
하락추세선 돌파 (상승),69424.5,69349.0,68940.0,2024-05-27 13:15:00,69085.3,0.21076298230345653,,,
하락추세선 돌파 (상승),70737.9,68925.0,68497.1,2024-05-28 19:45:00,68659.2,0.23665235462521955,,,
하락추세선 돌파 (상승),68989.0,68325.4,67885.3,2024-05-30 01:45:00,67912.0,0.03933104810613946,,,
하락추세선 돌파 (상승),69077.0,68072.5,67845.0,2024-06-01 12:45:00,67913.5,0.10096543592011202,,,
하락추세선 돌파 (상승),69547.8,69418.4,69252.3,2024-06-04 13:00:00,69318.8,0.09602569156547869,,,
하락추세선 돌파 (상승),71819.6,71320.1,71274.0,2024-06-06 12:00:00,71304.8,0.04321351404439615,,,
하락추세선 돌파 (상승),72169.0,69598.9,69580.0,2024-06-08 07:30:00,69592.8,0.01839609083070266,,,
하락추세선 돌파 (상승),69529.6,69526.6,69459.3,2024-06-09 12:30:00,69548.8,0.12885243588691506,,,
하락추세선 돌파 (상승),69526.6,69459.3,69420.0,2024-06-09 12:30:00,69548.8,0.18553730913281893,,,
하락추세선 돌파 (상승),69864.7,69808.4,69569.4,2024-06-10 14:30:00,69669.9,0.14446006433863165,,,
하락추세선 돌파 (상승),67341.0,66600.0,66261.1,2024-06-15 04:00:00,66326.0,0.0979458536003691,,,
하락추세선 돌파 (상승),67289.9,65828.0,65307.5,2024-06-19 01:00:00,65442.2,0.20625502430807655,,,
하락추세선 돌파 (상승),65642.1,65512.6,65246.5,2024-06-20 01:15:00,65307.2,0.0930318101354051,,,
하락추세선 돌파 (상승),65512.6,65246.5,65089.5,2024-06-20 01:00:00,65150.0,0.09294893953709892,,,
하락추세선 돌파 (상승),65175.8,65070.7,64339.8,2024-06-21 20:00:00,64397.7,0.08999095427712579,,,
하락추세선 돌파 (상승),62951.7,61673.3,61555.0,2024-06-25 09:45:00,61588.8,0.05491024287223281,,,
하락추세선 돌파 (상승),62218.0,61859.6,60959.8,2024-06-29 07:15:00,61100.0,0.22998763119301097,,,
하락추세선 돌파 (상승),61198.9,61074.0,61040.8,2024-06-30 07:00:00,61749.0,1.1602075988519107,,,
하락추세선 돌파 (상승),57035.1,56977.8,56660.5,2024-07-06 09:45:00,56747.5,0.15354612119554187,,,
하락추세선 돌파 (상승),57974.1,57557.0,57390.0,2024-07-12 12:00:00,57437.7,0.08311552535284386,,,
하락추세선 돌파 (상승),65977.0,65384.9,64729.4,2024-07-18 02:00:00,65132.9,0.6233643444864312,,,
하락추세선 돌파 (상승),67599.9,67398.0,67036.4,2024-07-21 14:15:00,67168.3,0.19675877582926404,,,
하락추세선 돌파 (상승),68249.8,67686.0,67141.7,2024-07-23 14:30:00,67347.2,0.30606910459520686,,,
하락추세선 돌파 (상승),66693.1,65618.0,64463.7,2024-07-25 14:30:00,64746.5,0.4386965067161875,,,
하락추세선 돌파 (상승),69222.0,68315.5,68118.0,2024-07-28 18:15:00,68279.3,0.23679497342846664,,,
하락추세선 돌파 (상승),66924.6,66547.9,66339.4,2024-07-31 00:45:00,66416.9,0.11682348649520496,,,
하락추세선 돌파 (상승),65490.0,61943.3,61870.2,2024-08-03 11:15:00,61889.0,0.030386195615987842,,,
하락추세선 돌파 (상승),61056.8,59559.4,55555.0,2024-08-06 00:15:00,55754.9,0.359823598235985,,,
하락추세선 돌파 (상승),59559.4,55555.0,55188.0,2024-08-06 00:15:00,55754.9,1.0272160614626393,,,
하락추세선 돌파 (상승),57762.5,57467.8,55587.1,2024-08-08 01:00:00,55903.0,0.568297320781263,,,
하락추세선 돌파 (상승),61880.0,60744.4,58805.9,2024-08-12 07:30:00,58998.9,0.32819836104880634,,,
하락추세선 돌파 (상승),60691.5,59902.3,59465.5,2024-08-13 14:00:00,59569.8,0.17539581774306598,,,
하락추세선 돌파 (상승),61950.3,59057.3,58612.0,2024-08-15 11:15:00,58798.0,0.3173411588070702,,,
하락추세선 돌파 (상승),60249.8,59844.0,58740.0,2024-08-19 13:15:00,58930.0,0.32345931222335716,,,
하락추세선 돌파 (상승),59844.0,58740.0,58724.0,2024-08-19 13:15:00,58930.0,0.35079354267420476,,,
하락추세선 돌파 (상승),60930.0,59743.0,59484.8,2024-08-21 06:00:00,59547.0,0.10456452740867765,,,
하락추세선 돌파 (상승),65041.9,64485.0,64224.9,2024-08-24 16:15:00,64338.6,0.1770341409640141,,,
하락추세선 돌파 (상승),60244.9,59799.0,59310.6,2024-08-29 05:15:00,59347.4,0.062046244684766154,,,
하락추세선 돌파 (상승),61148.7,59922.0,59390.8,2024-08-31 00:30:00,59437.7,0.07896845976143473,,,
하락추세선 돌파 (상승),59327.9,59230.0,59119.0,2024-08-31 21:45:00,59144.0,0.042287589438251665,,,
하락추세선 돌파 (상승),59331.9,58224.0,56879.7,2024-09-04 14:30:00,57099.5,0.38642960493814654,,,
하락추세선 돌파 (상승),58378.0,57319.3,56684.2,2024-09-06 02:00:00,56844.7,0.283147684892792,,,
하락추세선 돌파 (상승),58039.7,57864.0,56769.9,2024-09-11 11:30:00,56866.1,0.16945599692794436,,,
하락추세선 돌파 (상승),58580.9,58446.0,58232.1,2024-09-13 10:30:00,58247.8,0.02696107473370249,,,
하락추세선 돌파 (상승),60392.8,59159.0,58250.0,2024-09-16 23:30:00,58264.4,0.024721030042920953,,,
하락추세선 돌파 (상승),61330.0,60747.0,60146.0,2024-09-18 17:45:00,60249.2,0.1715824826256062,,,
하락추세선 돌파 (상승),63289.3,63280.0,63117.8,2024-09-21 12:45:00,63142.2,0.03865787464074188,,,
하락추세선 돌파 (상승),63544.0,63186.5,62910.1,2024-09-22 17:00:00,62991.0,0.12859620315339104,,,
하락추세선 돌파 (상승),64876.5,63992.4,63550.0,2024-09-26 05:15:00,63555.0,0.007867820613690008,,,
하락추세선 돌파 (상승),64689.0,64174.9,63872.9,2024-10-01 05:00:00,63878.7,0.00908053337173611,,,
하락추세선 돌파 (상승),62416.3,61460.0,61048.5,2024-10-03 19:45:00,61056.1,0.01244911832395316,,,
하락추세선 돌파 (상승),61460.0,61048.5,60875.9,2024-10-03 19:30:00,60904.0,0.04615948183106705,,,
하락추세선 돌파 (상승),63189.7,62543.6,62481.0,2024-10-09 05:30:00,62496.9,0.025447736111780313,,,
하락추세선 돌파 (상승),62525.0,62390.0,61144.4,2024-10-10 10:30:00,61189.2,0.07326917918892921,,,
하락추세선 돌파 (상승),63436.0,63078.1,62777.0,2024-10-12 09:45:00,62819.3,0.06738136578683739,,,
하락추세선 돌파 (상승),63355.6,62967.0,62804.7,2024-10-13 17:15:00,62864.0,0.09441968515095672,,,
하락추세선 돌파 (상승),68083.3,67921.0,67515.0,2024-10-17 15:30:00,67666.6,0.22454269421610876,,,
하락추세선 돌파 (상승),68685.0,68472.8,68339.3,2024-10-19 22:30:00,68399.6,0.0882361979124792,,,
하락추세선 돌파 (상승),69205.3,67943.9,67700.0,2024-10-22 06:00:00,67770.8,0.10457902511078716,,,
하락추세선 돌파 (상승),68755.0,67367.0,67212.0,2024-10-26 09:15:00,67240.0,0.041659227518895434,,,
하락추세선 돌파 (상승),67442.7,67307.3,67246.9,2024-10-27 12:15:00,67402.2,0.23094001359170893,,,
하락추세선 돌파 (상승),72649.0,72636.3,72491.0,2024-10-30 20:00:00,72559.5,0.09449448897104468,,,
하락추세선 돌파 (상승),73044.2,72638.3,72506.7,2024-10-31 10:30:00,72557.2,0.06964873590992281,,,
하락추세선 돌파 (상승),72736.4,70688.0,69720.0,2024-11-01 10:15:00,70053.0,0.4776247848537005,,,
하락추세선 돌파 (상승),69568.7,68766.0,68535.9,2024-11-03 19:30:00,68699.9,0.23929064913424938,,,
하락추세선 돌파 (상승),69497.0,69246.3,68079.7,2024-11-04 22:45:00,68107.3,0.04054071918649145,,,
하락추세선 돌파 (상승),76433.6,76119.0,75228.9,2024-11-07 15:00:00,75337.3,0.14409355978886937,,,
하락추세선 돌파 (상승),76890.0,76397.3,76288.0,2024-11-08 10:45:00,76374.0,0.11273070469798659,,,
하락추세선 돌파 (상승),91889.7,89708.5,88550.1,2024-11-15 09:00:00,88877.0,0.3691695435691142,,,
하락추세선 돌파 (상승),91683.6,91491.9,90968.7,2024-11-17 08:45:00,91153.8,0.20347658040623406,,,
하락추세선 돌파 (상승),98653.3,98473.7,98467.9,2024-11-25 09:00:00,98795.6,0.3327988105768597,,,
하락추세선 돌파 (상승),95063.1,94749.9,93967.9,2024-11-27 13:30:00,94000.0,0.034160601652272554,,,
하락추세선 돌파 (상승),96648.0,96300.0,95529.0,2024-11-28 22:30:00,95689.7,0.1682211684409939,,,
하락추세선 돌파 (상승),97324.1,97129.9,96620.6,2024-12-01 08:00:00,96811.5,0.19757691423981447,,,
하락추세선 돌파 (상승),103697.4,98878.8,98367.2,2024-12-06 08:15:00,98686.8,0.3249050496507025,,,
하락추세선 돌파 (상승),100540.2,100418.4,99951.8,2024-12-08 11:45:00,99953.0,0.0012005786789203291,,,
하락추세선 돌파 (상승),101961.0,101867.5,101149.3,2024-12-12 13:15:00,101575.0,0.42086302129623937,,,
하락추세선 돌파 (상승),102748.0,102029.3,101725.8,2024-12-14 15:15:00,101770.9,0.04433486883365996,,,
하락추세선 돌파 (상승),105309.2,104968.2,102554.7,2024-12-19 14:30:00,102742.4,0.18302427875075164,,,
하락추세선 돌파 (상승),98342.0,98221.5,97640.0,2024-12-20 19:15:00,97679.9,0.040864399836126775,,,
하락추세선 돌파 (상승),97431.6,97317.0,96437.1,2024-12-23 04:00:00,96470.0,0.03411550119196261,,,
하락추세선 돌파 (상승),97317.0,96437.1,95790.5,2024-12-23 03:45:00,95999.5,0.21818447549600428,,,
하락추세선 돌파 (상승),96500.0,95472.6,94639.8,2024-12-24 13:15:00,94820.2,0.19061747805890775,,,
하락추세선 돌파 (상승),99435.7,99065.0,98550.0,2024-12-25 10:00:00,98645.8,0.09720953830543166,,,
하락추세선 돌파 (상승),96995.7,94794.0,94759.8,2024-12-28 11:45:00,94858.3,0.1039470323913727,,,
하락추세선 돌파 (상승),95274.8,95188.8,93900.0,2024-12-30 01:30:00,94244.9,0.3673056443024432,,,
하락추세선 돌파 (상승),98759.6,98516.0,98308.6,2025-01-05 20:15:00,98651.9,0.34920647837522695,,,
하락추세선 돌파 (상승),96037.9,95356.6,94588.6,2025-01-09 16:00:00,94666.0,0.08182804270281427,,,
하락추세선 돌파 (상승),95356.6,94588.6,93827.2,2025-01-09 15:30:00,93900.0,0.07758944101497531,,,
하락추세선 돌파 (상승),95954.8,94888.2,93050.9,2025-01-13 20:45:00,93800.0,0.8050432612688387,,,
하락추세선 돌파 (상승),97395.5,97247.9,97064.0,2025-01-15 00:15:00,97248.5,0.1900807714497651,,,
하락추세선 돌파 (상승),100866.1,99891.8,99498.2,2025-01-16 16:00:00,99796.6,0.2999049229031367,,,
하락추세선 돌파 (상승),106875.0,106400.0,105733.4,2025-01-24 13:00:00,105775.7,0.040006279945601776,,,
하락추세선 돌파 (상승),107118.6,105227.3,105072.0,2025-01-25 18:30:00,105276.1,0.1942477539211263,,,
하락추세선 돌파 (상승),105591.5,105200.0,105053.7,2025-01-26 18:00:00,105130.6,0.07320065832998622,,,
하락추세선 돌파 (상승),103800.0,103077.6,102266.0,2025-01-29 05:00:00,102338.2,0.07060019947978516,,,
하락추세선 돌파 (상승),106421.1,105789.0,104761.1,2025-01-31 11:15:00,104796.0,0.03331389227489419,,,
하락추세선 돌파 (상승),99364.6,98645.7,95885.5,2025-02-03 14:30:00,96428.6,0.5664047222989981,,,
하락추세선 돌파 (상승),102457.8,101684.7,100381.1,2025-02-04 19:15:00,100681.0,0.2987614202275071,,,
하락추세선 돌파 (상승),100765.5,98900.0,98309.6,2025-02-05 12:00:00,98450.4,0.14322100791783138,,,
하락추세선 돌파 (상승),99170.0,99099.0,97050.0,2025-02-07 01:45:00,97791.7,0.7642452344152468,,,
하락추세선 돌파 (상승),97275.0,97250.0,96625.4,2025-02-09 20:30:00,96740.9,0.11953378718225229,,,
하락추세선 돌파 (상승),98459.0,96450.0,96234.5,2025-02-12 08:30:00,96333.4,0.10276979669452657,,,
하락추세선 돌파 (상승),98089.1,98047.0,96307.4,2025-02-13 15:15:00,96439.5,0.13716495305657284,,,
하락추세선 돌파 (상승),97898.8,97620.2,97119.4,2025-02-16 20:15:00,97137.8,0.018945751312311167,,,
하락추세선 돌파 (상승),97247.2,96580.0,96429.0,2025-02-17 12:45:00,96479.7,0.052577544099800984,,,
하락추세선 돌파 (상승),96703.1,96541.6,95887.2,2025-02-23 22:45:00,95949.8,0.06528504325916892,,,
하락추세선 돌파 (상승),89287.0,88470.2,85360.7,2025-02-27 01:15:00,85391.8,0.03643362812161313,,,
하락추세선 돌파 (상승),95058.7,94851.9,93327.5,2025-03-03 13:30:00,93666.8,0.3635584366880104,,,
하락추세선 돌파 (상승),93697.0,86983.4,84569.1,2025-03-04 14:30:00,84975.9,0.4810267580002487,,,
하락추세선 돌파 (상승),86983.4,84569.1,84350.0,2025-03-04 14:30:00,84975.9,0.7420272673384637,,,
하락추세선 돌파 (상승),91427.2,91279.5,89678.3,2025-03-07 13:00:00,89848.4,0.18967799344991068,,,
하락추세선 돌파 (상승),86142.5,83461.2,82739.3,2025-03-10 09:15:00,84050.0,1.5841323288932792,,,
하락추세선 돌파 (상승),84489.8,84343.2,83530.0,2025-03-13 12:30:00,83838.0,0.36872979767748115,,,
하락추세선 돌파 (상승),84920.0,84661.8,84429.8,2025-03-15 16:45:00,84457.2,0.032452996453851815,,,
하락추세선 돌파 (상승),85136.0,83836.2,83749.3,2025-03-17 12:00:00,83999.9,0.29922638159362674,,,
하락추세선 돌파 (상승),84728.5,83421.3,82427.2,2025-03-18 22:45:00,82517.6,0.10967253527962703,,,
하락추세선 돌파 (상승),84800.0,84758.5,84313.5,2025-03-21 12:15:00,84323.5,0.011860496836212469,,,
하락추세선 돌파 (상승),84500.0,84279.5,84257.5,2025-03-23 07:30:00,84290.6,0.03928433670593813,,,
하락추세선 돌파 (상승),88740.0,88496.1,86832.3,2025-03-25 09:15:00,86888.6,0.06483762378746494,,,
하락추세선 돌파 (상승),88284.0,88234.0,87358.8,2025-03-27 01:00:00,87387.8,0.03319642669084282,,,
하락추세선 돌파 (상승),87727.9,87570.0,87529.1,2025-03-27 21:30:00,87699.9,0.19513510363980477,,,
하락추세선 돌파 (상승),83908.5,82839.9,82799.1,2025-03-30 00:45:00,82852.0,0.06388958334087469,,,
하락추세선 돌파 (상승),82870.0,82724.1,82279.6,2025-03-31 12:30:00,82498.6,0.26616561091692226,,,
하락추세선 돌파 (상승),83888.0,83774.8,83389.9,2025-04-04 07:00:00,83560.5,0.20458113032873984,,,
하락추세선 돌파 (상승),80833.6,80350.0,77910.1,2025-04-09 14:00:00,78300.0,0.5004485939563602,,,
하락추세선 돌파 (상승),86444.0,84181.7,83910.5,2025-04-16 08:30:00,84093.0,0.21749363905589886,,,
하락추세선 돌파 (상승),85522.7,84636.3,84450.9,2025-04-17 05:45:00,84457.7,0.008052016023515334,,,
하락추세선 돌파 (상승),85455.8,84725.3,84618.0,2025-04-18 21:30:00,84647.0,0.034271667966626486,,,
하락추세선 돌파 (상승),85371.3,85290.0,84627.6,2025-04-20 20:00:00,84928.7,0.3557940908166972,,,
하락추세선 돌파 (상승),94722.9,94189.1,93554.8,2025-04-24 19:30:00,93578.8,0.025653413828045164,,,
하락추세선 돌파 (상승),95150.0,94746.9,94363.4,2025-04-26 22:00:00,94545.1,0.19255346882373003,,,
하락추세선 돌파 (상승),95279.4,94279.1,94130.0,2025-04-27 18:15:00,94187.4,0.06097949644108592,,,
하락추세선 돌파 (상승),96257.0,96108.8,95644.2,2025-05-04 20:15:00,95681.7,0.03920781396049107,,,
하락추세선 돌파 (상승),95706.0,94792.6,94510.0,2025-05-05 17:30:00,94586.0,0.08041477092371178,,,
하락추세선 돌파 (상승),104330.1,103735.1,103364.0,2025-05-10 06:00:00,103470.8,0.10332417476104148,,,
하락추세선 돌파 (상승),104986.7,104855.0,104812.0,2025-05-12 01:00:00,105133.7,0.30693050414074446,,,
하락추세선 돌파 (상승),105842.1,104614.0,103098.2,2025-05-13 09:15:00,103248.9,0.14617132015883602,,,
하락추세선 돌파 (상승),104555.0,103669.4,103325.0,2025-05-17 20:45:00,103396.6,0.06929591096056696,,,
하락추세선 돌파 (상승),111758.4,111340.3,108531.6,2025-05-24 10:30:00,108983.0,0.4159157332979465,,,
하락추세선 돌파 (상승),109090.7,108249.7,107708.9,2025-05-25 19:45:00,107919.8,0.19580554624549015,,,
하락추세선 돌파 (상승),110452.2,109887.8,109310.6,2025-05-27 07:30:00,109467.4,0.1434444600980951,,,
하락추세선 돌파 (상승),110459.6,109217.8,109032.1,2025-05-28 08:30:00,109051.9,0.01815978963992105,,,
하락추세선 돌파 (상승),109070.8,109000.0,108437.9,2025-05-29 08:45:00,108540.9,0.09498524040026596,,,
하락추세선 돌파 (상승),105996.6,104950.0,103882.5,2025-05-31 12:00:00,103919.0,0.035135850600437994,,,
하락추세선 돌파 (상승),104898.5,104699.0,104410.0,2025-06-01 14:00:00,104635.7,0.21616703380901936,,,
하락추세선 돌파 (상승),106773.7,106368.7,105777.4,2025-06-04 09:45:00,105856.9,0.07515783144603669,,,
하락추세선 돌파 (상승),105952.9,105492.5,105213.5,2025-06-05 12:15:00,105421.7,0.19788335147105368,,,
하락추세선 돌파 (상승),110351.0,110251.4,109684.7,2025-06-11 12:30:00,109942.3,0.2348549980079317,,,
하락추세선 돌파 (상승),108955.5,107724.9,105286.7,2025-06-18 04:30:00,105323.0,0.034477289154283414,,,
하락추세선 돌파 (상승),105500.0,105290.9,105100.7,2025-06-19 00:30:00,105149.9,0.04681224768245796,,,
하락추세선 돌파 (상승),105189.5,105027.3,104798.3,2025-06-19 23:15:00,104870.0,0.0684171403543732,,,
하락추세선 돌파 (상승),106499.9,103797.0,103644.1,2025-06-21 08:45:00,103773.9,0.12523626525773138,,,
하락추세선 돌파 (상승),102913.6,102789.0,100348.2,2025-06-22 22:00:00,100489.3,0.14061039460598776,,,
하락추세선 돌파 (상승),108239.6,108132.4,107721.1,2025-06-26 20:30:00,107899.0,0.1651487034573488,,,
하락추세선 돌파 (상승),108000.0,107688.9,107150.0,2025-06-27 15:30:00,107197.2,0.04405039664022127,,,
하락추세선 돌파 (상승),107904.7,107484.8,107126.0,2025-07-01 14:15:00,107139.9,0.012975374792295222,,,
하락추세선 돌파 (상승),107139.9,106250.0,106065.0,2025-07-02 03:15:00,106140.4,0.0710884834771076,,,
하락추세선 돌파 (상승),109978.3,109042.0,108223.9,2025-07-05 03:30:00,108229.9,0.005544061893906984,,,
하락추세선 돌파 (상승),108429.2,108191.6,108120.0,2025-07-05 22:30:00,108173.6,0.04957454679985741,,,
하락추세선 돌파 (상승),109685.0,109681.4,108482.3,2025-07-08 10:15:00,108669.6,0.1726548939320082,,,
하락추세선 돌파 (상승),109188.0,109126.2,108931.5,2025-07-09 01:00:00,109093.0,0.14825830912086954,,,
하락추세선 돌파 (상승),118849.9,118117.7,118035.2,2025-07-12 09:45:00,118195.1,0.1354680637640371,,,
하락추세선 돌파 (상승),120458.8,118510.5,118250.0,2025-07-16 06:30:00,118307.7,0.048794926004225865,,,
하락추세선 돌파 (상승),120896.9,119574.4,118398.5,2025-07-19 10:30:00,118523.7,0.10574458291278784,,,
하락추세선 돌파 (상승),119574.4,118398.5,118339.3,2025-07-19 10:30:00,118523.7,0.15582312891828343,,,
하락추세선 돌파 (상승),119750.0,119300.0,117669.6,2025-07-22 01:30:00,117854.5,0.15713489295450497,,,
하락추세선 돌파 (상승),119492.9,119427.2,116793.1,2025-07-25 19:30:00,117014.7,0.18973723618945917,,,
하락추세선 돌파 (상승),119699.1,119092.0,118346.7,2025-07-29 00:15:00,118467.8,0.10232646960160767,,,
하락추세선 돌파 (상승),119300.0,119127.5,118045.8,2025-07-30 02:00:00,118083.7,0.032106182515594946,,,
하락추세선 돌파 (상승),113998.0,113886.6,113025.4,2025-08-03 01:00:00,113113.5,0.0779470809216387,,,
하락추세선 돌파 (상승),115326.7,115046.8,114222.6,2025-08-06 05:30:00,114398.6,0.15408509349288144,,,
하락추세선 돌파 (상승),120280.0,120270.0,119822.3,2025-08-13 08:00:00,119864.9,0.035552647545566446,,,
하락추세선 돌파 (상승),119208.0,119100.0,117827.0,2025-08-16 01:45:00,117857.2,0.02563079769492314,,,
하락추세선 돌파 (상승),117857.2,117841.3,117658.4,2025-08-16 12:30:00,117679.1,0.017593304005503765,,,
하락추세선 돌파 (상승),118585.7,117957.0,115672.0,2025-08-18 13:30:00,115697.8,0.022304447057198726,,,
하락추세선 돌파 (상승),116945.3,115838.9,113543.6,2025-08-20 03:15:00,113580.9,0.032850816778742575,,,
하락추세선 돌파 (상승),114783.7,113945.7,112835.1,2025-08-22 01:30:00,112892.2,0.050604820663066076,,,
하락추세선 돌파 (상승),113649.9,112945.4,110499.9,2025-08-26 12:30:00,110793.1,0.26533960664218853,,,
하락추세선 돌파 (상승),111800.0,111490.7,108530.4,2025-08-30 04:15:00,108637.8,0.09895844850844439,,,
하락추세선 돌파 (상승),111660.7,111258.0,110903.0,2025-09-06 14:00:00,110932.6,0.02668999035193441,,,
하락추세선 돌파 (상승),113238.1,112900.0,111698.0,2025-09-10 05:45:00,111714.3,0.01459292019552983,,,
하락추세선 돌파 (상승),116249.9,115620.2,115441.9,2025-09-12 16:45:00,115478.8,0.03196413087449941,,,
하락추세선 돌파 (상승),116600.0,116147.1,115972.2,2025-09-14 02:00:00,116057.7,0.07372456502506636,,,
하락추세선 돌파 (상승),116761.3,115570.2,115481.7,2025-09-16 04:45:00,115532.5,0.043989653771985444,,,
하락추세선 돌파 (상승),117417.6,117058.9,115692.8,2025-09-20 07:15:00,115704.2,0.009853681473690826,,,
하락추세선 돌파 (상승),115507.4,113380.1,112936.6,2025-09-23 06:30:00,113045.6,0.09651432750764588,,,
하락추세선 돌파 (상승),111683.8,109764.0,109651.7,2025-09-26 13:45:00,109758.0,0.09694332144417543,,,
하락추세선 돌파 (상승),109710.9,109442.5,109399.9,2025-09-27 18:45:00,109400.0,9.140776180400601e-05,,,
하락추세선 돌파 (상승),125114.2,122270.0,122200.0,2025-10-08 08:30:00,122800.0,0.4909983633387889,,,
하락추세선 돌파 (상승),123733.9,121849.7,121740.0,2025-10-10 09:15:00,121744.9,0.004024971250200574,,,
하락추세선 돌파 (상승),113279.8,112496.7,112122.4,2025-10-12 12:00:00,112267.0,0.1289662012229544,,,
하락추세선 돌파 (상승),115950.6,115539.8,115517.9,2025-10-13 19:15:00,115706.9,0.16361100747156937,,,
하락추세선 돌파 (상승),113470.0,112200.0,111525.3,2025-10-16 03:00:00,111578.0,0.04725385181658071,,,
하락추세선 돌파 (상승),111962.3,109199.3,106573.9,2025-10-17 15:45:00,106790.9,0.2036145810559621,,,
하락추세선 돌파 (상승),107584.5,107400.6,107252.0,2025-10-18 07:00:00,107476.5,0.20932010591877076,,,
하락추세선 돌파 (상승),107476.5,107273.0,107115.9,2025-10-18 20:00:00,107230.6,0.1070802747304664,,,
하락추세선 돌파 (상승),114000.0,108600.0,108328.7,2025-10-22 12:30:00,108369.3,0.03747852600465603,,,
하락추세선 돌파 (상승),116373.3,115756.6,114501.8,2025-10-28 09:00:00,114617.9,0.10139578591776835,,,
하락추세선 돌파 (상승),116060.5,115571.8,113582.2,2025-10-29 13:15:00,113598.0,0.013910630362858716,,,
하락추세선 돌파 (상승),113598.0,111773.0,110966.7,2025-10-30 07:00:00,111275.0,0.2778310970768734,,,
하락추세선 돌파 (상승),111200.0,110721.3,107877.7,2025-11-03 12:00:00,108155.0,0.2570503449739871,,,
하락추세선 돌파 (상승),108292.0,107266.7,104657.2,2025-11-04 15:00:00,104769.3,0.10711159862867134,,,
하락추세선 돌파 (상승),104167.0,103616.4,102292.3,2025-11-07 03:00:00,102331.7,0.038517073132576136,,,
하락추세선 돌파 (상승),102633.4,102585.3,102174.1,2025-11-08 21:30:00,102291.3,0.11470617309082935,,,
하락추세선 돌파 (상승),105491.6,105316.9,102584.7,2025-11-13 05:45:00,103402.8,0.7974873446040256,,,
하락추세선 돌파 (상승),96542.6,96439.6,96170.1,2025-11-16 08:00:00,96192.9,0.023707992400952435,,,
하락추세선 돌파 (상승),93800.0,93400.0,91975.2,2025-11-19 15:00:00,92333.0,0.38901790917552004,,,
하락추세선 돌파 (상승),88211.0,86300.0,85535.7,2025-11-22 00:00:00,85592.2,0.06605429078150994,,,
상승추세선 하향돌파 (하락),,,,2020-03-31 11:00:00,6339.5,-0.525655107484701,5841.5,6274.0,6373.0
상승추세선 하향돌파 (하락),,,,2020-04-03 14:30:00,6743.0,-0.02965159377316531,6644.0,6723.5,6745.0
상승추세선 하향돌파 (하락),,,,2020-04-05 10:45:00,6740.0,-0.04449058282663503,6646.0,6723.0,6743.0
상승추세선 하향돌파 (하락),,,,2020-04-07 20:00:00,7127.5,-1.743865453542873,7039.5,7224.0,7254.0
상승추세선 하향돌파 (하락),,,,2020-04-11 14:00:00,6806.5,-0.35136520020496304,6741.5,6816.0,6830.5
상승추세선 하향돌파 (하락),,,,2020-04-13 13:45:00,6605.5,-0.6841076529845136,6557.0,6634.0,6651.0
상승추세선 하향돌파 (하락),,,,2020-04-14 08:00:00,6752.5,-0.7204293170624128,6634.0,6651.0,6801.5
상승추세선 하향돌파 (하락),,,,2020-04-19 05:45:00,7101.5,-1.0864266313810154,7051.5,7157.5,7179.5
상승추세선 하향돌파 (하락),,,,2020-04-21 09:15:00,6812.0,-0.2270230684730868,6750.0,6812.0,6827.5
상승추세선 하향돌파 (하락),,,,2020-04-24 11:15:00,7486.5,-0.14671557185728576,7015.0,7433.0,7497.5
상승추세선 하향돌파 (하락),,,,2020-04-25 15:45:00,7512.0,-0.006655574043261231,7400.0,7437.0,7512.5
상승추세선 하향돌파 (하락),,,,2020-04-25 15:45:00,7512.0,-0.10638297872340426,7437.0,7512.5,7520.0
상승추세선 하향돌파 (하락),,,,2020-04-26 15:00:00,7496.0,-0.37876270848561366,7468.0,7497.0,7524.5
상승추세선 하향돌파 (하락),,,,2020-04-27 13:30:00,7624.0,-0.1440733464309103,7496.0,7581.5,7635.0
상승추세선 하향돌파 (하락),,,,2020-04-30 17:30:00,8455.0,-1.1457967964456917,7705.0,7709.5,8553.0
상승추세선 하향돌파 (하락),,,,2020-04-30 16:15:00,8684.0,-0.19537984139754053,7709.5,8553.0,8701.0
상승추세선 하향돌파 (하락),,,,2020-05-01 16:00:00,8659.0,-0.6026516673362796,8402.5,8585.5,8711.5
상승추세선 하향돌파 (하락),,,,2020-05-02 08:00:00,8786.0,-0.005690547999772378,8669.5,8757.0,8786.5
상승추세선 하향돌파 (하락),,,,2020-05-03 12:30:00,8863.0,-0.8224696469535053,8770.0,8816.5,8936.5
상승추세선 하향돌파 (하락),,,,2020-05-05 03:00:00,8821.0,-0.05098861254319868,8525.0,8744.5,8825.5
상승추세선 하향돌파 (하락),,,,2020-05-06 23:45:00,9083.5,-1.3520851433536056,8920.0,9131.0,9208.0
상승추세선 하향돌파 (하락),,,,2020-05-08 22:45:00,9857.5,-0.08615446989661464,9716.5,9790.5,9866.0
상승추세선 하향돌파 (하락),,,,2020-05-10 14:45:00,8627.5,-0.4557517018576209,8153.0,8371.0,8667.0
상승추세선 하향돌파 (하락),,,,2020-05-11 08:00:00,8605.0,-0.15663978650577245,8260.5,8571.5,8618.5
상승추세선 하향돌파 (하락),,,,2020-05-13 07:30:00,8860.5,-0.07893994925288976,8660.5,8729.5,8867.5
상승추세선 하향돌파 (하락),,,,2020-05-15 02:30:00,9258.5,-3.3559498956158667,9262.0,9536.5,9580.0
상승추세선 하향돌파 (하락),,,,2020-05-15 02:30:00,9258.5,-3.557291666666667,9536.5,9580.0,9600.0
상승추세선 하향돌파 (하락),,,,2020-05-15 15:00:00,9423.5,-0.580260589755763,9258.5,9371.5,9478.5
상승추세선 하향돌파 (하락),,,,2020-05-16 16:30:00,9320.5,-0.11252813203300824,9140.5,9220.0,9331.0
상승추세선 하향돌파 (하락),,,,2020-05-17 09:15:00,9456.0,-0.17418844022169439,9263.5,9323.0,9472.5
상승추세선 하향돌파 (하락),,,,2020-05-20 06:45:00,9650.0,-0.5308457455032727,9617.5,9621.5,9701.5
상승추세선 하향돌파 (하락),,,,2020-05-22 23:30:00,9129.0,-0.02737775830914965,8933.5,9087.0,9131.5
상승추세선 하향돌파 (하락),,,,2020-05-29 08:15:00,9442.0,-0.30093448075603185,9153.0,9395.5,9470.5
상승추세선 하향돌파 (하락),,,,2020-05-30 20:00:00,9474.5,-0.20013693579817768,9327.5,9465.5,9493.5
상승추세선 하향돌파 (하락),,,,2020-06-05 06:30:00,9735.0,-0.15384615384615385,9726.0,9731.5,9750.0
상승추세선 하향돌파 (하락),,,,2020-06-07 08:15:00,9602.0,-0.20267110117964973,9582.5,9584.5,9621.5
상승추세선 하향돌파 (하락),,,,2020-06-09 00:15:00,9569.5,-0.9471069247489907,9640.5,9654.5,9661.0
상승추세선 하향돌파 (하락),,,,2020-06-09 00:15:00,9569.5,-1.110881471530433,9654.5,9661.0,9677.0
상승추세선 하향돌파 (하락),,,,2020-06-10 07:30:00,9720.5,-0.12329822758797841,9626.0,9677.5,9732.5
상승추세선 하향돌파 (하락),,,,2020-06-13 19:45:00,9383.0,-0.07454739084132055,9305.5,9365.5,9390.0
상승추세선 하향돌파 (하락),,,,2020-06-16 14:30:00,9440.0,-0.15864621893178213,9044.5,9372.5,9455.0
상승추세선 하향돌파 (하락),,,,2020-06-17 13:45:00,9426.5,-0.1112641729363145,9397.0,9423.0,9437.0
상승추세선 하향돌파 (하락),,,,2020-06-20 09:30:00,9274.5,-0.026948366928964105,9262.0,9263.0,9277.0
상승추세선 하향돌파 (하락),,,,2020-06-20 08:00:00,9289.0,-0.053798149343662574,9263.0,9277.0,9294.0
상승추세선 하향돌파 (하락),,,,2020-06-21 13:00:00,9328.5,-0.026792412388811488,9176.5,9228.5,9331.0
상승추세선 하향돌파 (하락),,,,2020-06-23 08:30:00,9587.0,-0.24971386952450317,9279.0,9540.0,9611.0
상승추세선 하향돌파 (하락),,,,2020-06-25 22:15:00,9233.5,-0.07575347654347708,9008.0,9163.0,9240.5
상승추세선 하향돌파 (하락),,,,2020-06-28 19:45:00,9107.5,-0.15348352792852052,8938.0,9023.0,9121.5
상승추세선 하향돌파 (하락),,,,2020-07-02 05:45:00,9201.5,-0.14650027129679868,9100.0,9136.0,9215.0
상승추세선 하향돌파 (하락),,,,2020-07-03 09:30:00,9065.0,-0.17619204933377383,8939.5,9067.0,9081.0
상승추세선 하향돌파 (하락),,,,2020-07-05 05:45:00,9065.5,-0.5103160667251976,9044.0,9050.0,9112.0
상승추세선 하향돌파 (하락),,,,2020-07-05 05:45:00,9065.5,-0.5376049152449394,9050.0,9112.0,9114.5
상승추세선 하향돌파 (하락),,,,2020-07-07 02:15:00,9256.0,-0.005401609679684546,8910.0,9173.0,9256.5
상승추세선 하향돌파 (하락),,,,2020-07-09 10:30:00,9340.5,-0.1816724552497996,9205.0,9252.0,9357.5
상승추세선 하향돌파 (하락),,,,2020-07-12 11:45:00,9240.0,-0.010821339681852614,9180.0,9201.0,9241.0
상승추세선 하향돌파 (하락),,,,2020-07-15 07:00:00,9220.0,-0.03252737720915103,9116.0,9185.5,9223.0
상승추세선 하향돌파 (하락),,,,2020-07-17 05:30:00,9087.5,-0.06048608819971406,9045.5,9070.0,9093.0
상승추세선 하향돌파 (하락),,,,2020-07-22 05:00:00,9333.0,-0.08564393533882882,9146.0,9318.0,9341.0
상승추세선 하향돌파 (하락),,,,2020-07-22 04:00:00,9344.5,-0.04813349021285699,9318.0,9341.0,9349.0
상승추세선 하향돌파 (하락),,,,2020-07-23 05:45:00,9462.0,-0.058093477686823346,9312.5,9354.0,9467.5
상승추세선 하향돌파 (하락),,,,2020-07-28 08:00:00,10760.5,-0.43948926720947445,9844.5,10124.5,10808.0
상승추세선 하향돌파 (하락),,,,2020-07-28 06:15:00,10840.5,-0.009223815892634782,10124.5,10808.0,10841.5
상승추세선 하향돌파 (하락),,,,2020-07-30 00:00:00,10980.5,-0.12279425140985993,10840.0,10944.5,10994.0
상승추세선 하향돌파 (하락),,,,2020-08-02 04:30:00,10529.5,-8.937991870621811,11230.0,11505.0,11563.0
상승추세선 하향돌파 (하락),,,,2020-08-04 06:15:00,11195.0,-0.351595531621345,10943.5,11150.0,11234.5
상승추세선 하향돌파 (하락),,,,2020-08-09 05:30:00,11670.0,-0.12409602464803801,11569.0,11603.0,11684.5
상승추세선 하향돌파 (하락),,,,2020-08-14 06:30:00,11683.5,-0.025670645616737257,11293.0,11457.5,11686.5
상승추세선 하향돌파 (하락),,,,2020-08-15 12:15:00,11700.0,-1.1699117286818432,11660.0,11715.0,11838.5
상승추세선 하향돌파 (하락),,,,2020-08-15 12:15:00,11700.0,-1.1740856491257707,11715.0,11838.5,11839.0
상승추세선 하향돌파 (하락),,,,2020-08-16 10:45:00,11783.0,-0.11444072394354257,11700.0,11750.0,11796.5
상승추세선 하향돌파 (하락),,,,2020-08-17 23:30:00,12251.0,-0.3983739837398374,11790.0,11805.0,12300.0
상승추세선 하향돌파 (하락),,,,2020-08-21 01:00:00,11805.0,-0.07618080243778569,11566.0,11680.5,11814.0
상승추세선 하향돌파 (하락),,,,2020-08-23 05:30:00,11575.5,-0.04749158103790691,11553.0,11562.0,11581.0
상승추세선 하향돌파 (하락),,,,2020-08-25 02:45:00,11682.0,-0.2646631947408862,11605.0,11648.5,11713.0
상승추세선 하향돌파 (하락),,,,2020-08-26 12:30:00,11297.0,-0.07518464464198842,11125.0,11262.0,11305.5
상승추세선 하향돌파 (하락),,,,2020-08-29 10:45:00,11434.5,-0.3008108815066701,11364.0,11409.5,11469.0
상승추세선 하향돌파 (하락),,,,2020-09-03 04:45:00,11269.5,-0.37130354064447685,11171.0,11214.0,11311.5
상승추세선 하향돌파 (하락),,,,2020-09-06 15:15:00,10133.0,-0.4323474501326521,9958.5,10005.5,10177.0
상승추세선 하향돌파 (하락),,,,2020-09-11 03:00:00,10252.0,-0.02925402242808386,10178.0,10237.5,10255.0
상승추세선 하향돌파 (하락),,,,2020-09-12 07:00:00,10312.5,-0.12590189337078106,10254.5,10272.5,10325.5
상승추세선 하향돌파 (하락),,,,2020-09-13 11:30:00,10319.0,-0.8360561214683836,10276.0,10405.0,10406.0
상승추세선 하향돌파 (하락),,,,2020-09-14 22:45:00,10633.0,-0.0939584703561026,10314.5,10326.0,10643.0
상승추세선 하향돌파 (하락),,,,2020-09-19 18:00:00,11025.5,-0.22171945701357468,10811.5,10884.0,11050.0
상승추세선 하향돌파 (하락),,,,2020-09-21 07:00:00,10924.0,-0.004576868506567806,10783.0,10820.0,10924.5
상승추세선 하향돌파 (하락),,,,2020-09-23 04:30:00,10445.5,-0.0717497369176313,10422.5,10427.0,10453.0
상승추세선 하향돌파 (하락),,,,2020-09-28 23:15:00,10714.5,-1.1805395434632235,10831.0,10832.0,10842.5
상승추세선 하향돌파 (하락),,,,2020-09-29 16:00:00,10712.5,-0.05131554394476581,10666.0,10702.5,10718.0
상승추세선 하향돌파 (하락),,,,2020-10-03 06:00:00,10502.0,-0.2422227499406317,10449.5,10473.0,10527.5
상승추세선 하향돌파 (하락),,,,2020-10-06 10:45:00,10700.0,-0.009344921035417252,10650.0,10671.5,10701.0
상승추세선 하향돌파 (하락),,,,2020-10-08 05:00:00,10606.5,-0.06595373816365949,10554.0,10577.5,10613.5
상승추세선 하향돌파 (하락),,,,2020-10-09 05:45:00,10857.0,-0.009209799226376865,10532.0,10845.0,10858.0
상승추세선 하향돌파 (하락),,,,2020-10-10 23:00:00,11301.0,-0.1237295625276182,11009.5,11248.0,11315.0
상승추세선 하향돌파 (하락),,,,2020-10-11 19:30:00,11329.0,-0.11021469823215624,11274.0,11312.0,11341.5
상승추세선 하향돌파 (하락),,,,2020-10-15 08:15:00,11365.5,-0.008797782958694409,11295.0,11296.5,11366.5
상승추세선 하향돌파 (하락),,,,2020-10-16 04:00:00,11312.0,-1.356006104207543,11260.0,11448.0,11467.5
상승추세선 하향돌파 (하락),,,,2020-10-16 20:00:00,11286.0,-0.0796812749003984,11203.5,11231.0,11295.0
상승추세선 하향돌파 (하락),,,,2020-10-19 04:00:00,11406.5,-0.017530788447210413,11260.5,11400.0,11408.5
상승추세선 하향돌파 (하락),,,,2020-10-22 02:15:00,12702.5,-0.20034569453174106,12127.0,12679.5,12728.0
상승추세선 하향돌파 (하락),,,,2020-10-23 16:15:00,12774.5,-0.799844690351388,12819.0,12856.5,12877.5
상승추세선 하향돌파 (하락),,,,2020-10-25 05:45:00,12845.0,-1.4916216112581002,12918.5,12941.0,13039.5
상승추세선 하향돌파 (하락),,,,2020-10-26 08:15:00,12840.0,-1.1090573012939002,12905.0,12932.0,12984.0
상승추세선 하향돌파 (하락),,,,2020-10-26 07:15:00,13041.5,-0.05364601295168027,12932.0,12984.0,13048.5
상승추세선 하향돌파 (하락),,,,2020-10-28 10:00:00,13529.0,-0.2580359775877322,13065.5,13563.5,13564.0
상승추세선 하향돌파 (하락),,,,2020-10-29 07:45:00,13120.5,-0.22433460076045625,13007.5,13098.0,13150.0
상승추세선 하향돌파 (하락),,,,2020-10-31 03:15:00,13413.5,-0.38617206936244475,13114.0,13219.5,13465.5
상승추세선 하향돌파 (하락),,,,2020-10-31 03:00:00,13503.0,-0.05181347150259067,13219.5,13465.5,13510.0
상승추세선 하향돌파 (하락),,,,2020-11-04 07:45:00,13531.0,-0.8717948717948718,13280.5,13462.0,13650.0
상승추세선 하향돌파 (하락),,,,2020-11-04 07:45:00,13531.0,-1.237181124776468,13462.0,13650.0,13700.5
상승추세선 하향돌파 (하락),,,,2020-11-06 09:15:00,15335.5,-0.6671632606794702,13939.0,14776.5,15438.5
상승추세선 하향돌파 (하락),,,,2020-11-09 07:45:00,15302.0,-0.22820629849383844,15115.5,15253.5,15337.0
상승추세선 하향돌파 (하락),,,,2020-11-10 11:00:00,15204.0,-0.3898188488878697,14825.0,15198.5,15263.5
상승추세선 하향돌파 (하락),,,,2020-11-12 00:00:00,15453.5,-0.8628432127277393,15276.0,15333.5,15588.0
상승추세선 하향돌파 (하락),,,,2020-11-13 16:00:00,16020.0,-0.3514446552421236,15630.0,15888.0,16076.5
상승추세선 하향돌파 (하락),,,,2020-11-15 17:30:00,15870.0,-0.314070351758794,15711.5,15872.5,15920.0
상승추세선 하향돌파 (하락),,,,2020-11-17 03:15:00,16581.0,-0.1385208383522043,15769.0,16172.0,16604.0
상승추세선 하향돌파 (하락),,,,2020-11-18 05:30:00,17392.0,-0.44647967945048656,16565.5,16639.0,17470.0
상승추세선 하향돌파 (하락),,,,2020-11-19 08:15:00,17514.5,-0.48579545454545453,17310.5,17517.5,17600.0
상승추세선 하향돌파 (하락),,,,2020-11-21 04:00:00,18461.0,-0.2862698498433618,18179.0,18456.0,18514.0
상승추세선 하향돌파 (하락),,,,2020-11-23 15:30:00,18304.0,-0.23708952173320616,17667.0,18045.0,18347.5
상승추세선 하향돌파 (하락),,,,2020-12-01 11:15:00,18914.5,-2.101394891436557,18342.5,19057.0,19320.5
상승추세선 하향돌파 (하락),,,,2020-12-03 05:30:00,18876.0,-0.4246564502940944,18332.0,18743.0,18956.5
상승추세선 하향돌파 (하락),,,,2020-12-05 20:45:00,19017.0,-0.09193832251963541,18512.0,18963.0,19034.5
상승추세선 하향돌파 (하락),,,,2020-12-07 11:00:00,19167.0,-0.007825338445887784,18866.0,19060.5,19168.5
상승추세선 하향돌파 (하락),,,,2020-12-10 05:45:00,18308.5,-0.06277292576419215,17649.5,18161.5,18320.0
상승추세선 하향돌파 (하락),,,,2020-12-13 22:15:00,18976.5,-0.6595995288574794,18308.5,18700.5,19102.5
상승추세선 하향돌파 (하락),,,,2020-12-18 11:00:00,22754.5,-0.12070933192871566,22348.5,22473.5,22782.0
상승추세선 하향돌파 (하락),,,,2020-12-20 03:00:00,23245.5,-0.12245424078370713,22765.5,22902.5,23274.0
상승추세선 하향돌파 (하락),,,,2020-12-23 11:00:00,22822.5,-2.2318846788185147,23243.5,23290.0,23343.5
상승추세선 하향돌파 (하락),,,,2020-12-26 10:30:00,24587.0,-0.36067433943913113,23835.5,24521.0,24676.0
상승추세선 하향돌파 (하락),,,,2020-12-27 18:00:00,26590.5,-0.2831320783019575,25626.5,26500.0,26666.0
상승추세선 하향돌파 (하락),,,,2020-12-31 12:45:00,28400.0,-0.7617583339157173,27621.0,28198.5,28618.0
상승추세선 하향돌파 (하락),,,,2021-01-01 15:30:00,29070.0,-0.44179595191616156,28703.5,28847.0,29199.0
상승추세선 하향돌파 (하락),,,,2021-01-03 14:45:00,33535.0,-0.03130077059516179,29510.0,30610.0,33545.5
상승추세선 하향돌파 (하락),,,,2021-01-05 04:00:00,30758.5,-0.47725360771371256,27923.0,30634.0,30906.0
상승추세선 하향돌파 (하락),,,,2021-01-08 02:30:00,36588.5,-0.5774299611423603,34375.5,36301.0,36801.0
상승추세선 하향돌파 (하락),,,,2021-01-08 20:00:00,39408.0,-1.0197417993670568,36524.5,37525.5,39814.0
상승추세선 하향돌파 (하락),,,,2021-01-09 23:00:00,39873.5,-0.5648379052369077,38726.5,39928.0,40100.0
상승추세선 하향돌파 (하락),,,,2021-01-12 13:15:00,34367.0,-1.329313809933965,30427.0,33749.0,34830.0
상승추세선 하향돌파 (하락),,,,2021-01-15 05:45:00,37880.5,-1.391383574124691,36739.0,37778.5,38415.0
상승추세선 하향돌파 (하락),,,,2021-01-16 18:45:00,36418.5,-0.888556266158661,34791.5,35533.0,36745.0
상승추세선 하향돌파 (하락),,,,2021-01-18 03:15:00,35177.0,-1.0380914870871547,33847.5,34684.0,35546.0
상승추세선 하향돌파 (하락),,,,2021-01-18 03:15:00,35177.0,-1.2159505756809885,34684.0,35546.0,35610.0
상승추세선 하향돌파 (하락),,,,2021-01-19 18:45:00,36534.5,-0.47129333242525373,35484.0,36242.5,36707.5
상승추세선 하향돌파 (하락),,,,2021-01-23 11:15:00,31620.0,-1.4369876250740314,30490.0,31950.0,32081.0
상승추세선 하향돌파 (하락),,,,2021-01-30 03:15:00,33180.5,-1.0924970936298328,30845.0,32012.0,33547.0
상승추세선 하향돌파 (하락),,,,2021-01-30 02:15:00,33701.0,-0.014834154156529996,32012.0,33547.0,33706.0
상승추세선 하향돌파 (하락),,,,2021-01-31 00:30:00,33931.5,-0.21027556392083052,33520.0,33570.0,34003.0
상승추세선 하향돌파 (하락),,,,2021-02-01 15:45:00,33180.0,-0.46199076018479635,32232.5,32344.5,33334.0
상승추세선 하향돌파 (하락),,,,2021-02-04 08:45:00,37115.5,-0.689000080271854,35632.0,36675.0,37373.0
상승추세선 하향돌파 (하락),,,,2021-02-06 23:00:00,39400.5,-0.8468178272139316,37251.0,38780.0,39737.0
상승추세선 하향돌파 (하락),,,,2021-02-09 12:45:00,45191.5,-1.0650641446648277,38925.0,42664.0,45678.0
상승추세선 하향돌파 (하락),,,,2021-02-11 21:15:00,46600.0,-0.9216834809231719,44042.5,44467.5,47033.5
상승추세선 하향돌파 (하락),,,,2021-02-13 07:30:00,47177.0,-0.08471525086303662,46174.5,47016.0,47217.0
상승추세선 하향돌파 (하락),,,,2021-02-14 15:15:00,48250.0,-0.5585210527400507,46708.0,47316.0,48521.0
상승추세선 하향돌파 (하락),,,,2021-02-16 12:00:00,48428.5,-0.47370476170903636,45712.5,47140.5,48659.0
상승추세선 하향돌파 (하락),,,,2021-02-18 04:00:00,51847.0,-0.3727829980207913,49192.0,50635.5,52041.0
상승추세선 하향돌파 (하락),,,,2021-02-18 23:15:00,51555.5,-0.10559968998256153,51043.5,51519.0,51610.0
상승추세선 하향돌파 (하락),,,,2021-02-20 07:00:00,55502.0,-0.14033825116948542,50832.5,52428.0,55580.0
상승추세선 하향돌파 (하락),,,,2021-02-24 13:30:00,49134.5,-0.7704580337668633,45300.0,47010.0,49516.0
상승추세선 하향돌파 (하락),,,,2021-02-27 22:45:00,45807.5,-1.125644844481858,45113.0,46281.5,46329.0
상승추세선 하향돌파 (하락),,,,2021-03-02 04:15:00,48679.0,-0.20909780447305304,45714.0,47969.0,48781.0
상승추세선 하향돌파 (하락),,,,2021-03-04 00:00:00,49935.0,-0.7660893671565266,47095.0,48531.0,50320.5
상승추세선 하향돌파 (하락),,,,2021-03-06 10:45:00,48022.0,-0.2906856027573606,46471.0,46927.0,48162.0
상승추세선 하향돌파 (하락),,,,2021-03-07 20:00:00,49870.0,-0.6504437560387677,47170.0,49142.0,50196.5
상승추세선 하향돌파 (하락),,,,2021-03-10 02:00:00,53438.0,-0.510128090557045,53338.5,53664.0,53712.0
상승추세선 하향돌파 (하락),,,,2021-03-12 08:00:00,56403.0,-0.07263836723123804,54455.0,55891.0,56444.0
상승추세선 하향돌파 (하락),,,,2021-03-14 06:15:00,60801.0,-0.15026481093730756,56157.5,59628.0,60892.5
상승추세선 하향돌파 (하락),,,,2021-03-16 00:00:00,55264.5,-0.46557282567584607,54707.5,55098.5,55523.0
상승추세선 하향돌파 (하락),,,,2021-03-17 09:30:00,54901.0,-0.6667330082595283,54720.0,55028.0,55269.5
상승추세선 하향돌파 (하락),,,,2021-03-18 07:15:00,58455.0,-0.3783424510455545,54209.0,54360.0,58677.0
상승추세선 하향돌파 (하락),,,,2021-03-20 00:00:00,57882.5,-0.287685509780446,56366.0,57522.0,58049.5
상승추세선 하향돌파 (하락),,,,2021-03-19 23:30:00,58076.0,-0.1676020868608559,57522.0,58049.5,58173.5
상승추세선 하향돌파 (하락),,,,2021-03-20 20:15:00,58400.0,-0.5373368190682187,57882.5,58050.0,58715.5
상승추세선 하향돌파 (하락),,,,2021-03-24 00:00:00,54163.0,-0.17876889052709177,53029.5,54100.0,54260.0
상승추세선 하향돌파 (하락),,,,2021-03-27 11:00:00,54313.0,-0.4125563827056364,51264.0,52586.0,54538.0
상승추세선 하향돌파 (하락),,,,2021-03-28 10:00:00,55862.0,-0.0008950548221078542,54018.5,55613.5,55862.5
상승추세선 하향돌파 (하락),,,,2021-03-30 20:15:00,58510.5,-0.09050005549531705,57200.0,57201.0,58563.5
상승추세선 하향돌파 (하락),,,,2021-04-01 11:00:00,58200.0,-0.701233556840866,57000.0,58426.0,58611.0
상승추세선 하향돌파 (하락),,,,2021-04-05 01:00:00,57758.5,-0.10636457973019717,57060.0,57670.5,57820.0
상승추세선 하향돌파 (하락),,,,2021-04-09 07:00:00,57686.5,-0.2748701281862893,56435.0,57474.5,57845.5
상승추세선 하향돌파 (하락),,,,2021-04-10 12:30:00,60207.0,-0.5254027261462205,57902.5,57928.0,60525.0
상승추세선 하향돌파 (하락),,,,2021-04-14 14:00:00,62760.5,-0.7393876130828114,62647.0,63175.0,63228.0
상승추세선 하향돌파 (하락),,,,2021-04-17 09:15:00,61777.5,-0.3146556940578482,61161.0,61167.0,61972.5
상승추세선 하향돌파 (하락),,,,2021-04-19 10:00:00,56340.5,-0.14444720144624437,53116.5,54711.0,56422.0
상승추세선 하향돌파 (하락),,,,2021-04-21 03:45:00,55227.0,-0.2870761564294226,53382.5,54701.0,55386.0
상승추세선 하향돌파 (하락),,,,2021-04-25 03:45:00,49645.0,-0.24614457226101372,48742.5,48960.0,49767.5
상승추세선 하향돌파 (하락),,,,2021-04-26 21:00:00,52700.0,-0.35075776914277074,47019.0,52257.0,52885.5
상승추세선 하향돌파 (하락),,,,2021-04-27 17:00:00,54278.5,-0.16829133713444916,52632.0,53275.0,54370.0
상승추세선 하향돌파 (하락),,,,2021-05-01 07:45:00,57650.0,-0.1913072082132253,52387.0,54099.5,57760.5
상승추세선 하향돌파 (하락),,,,2021-05-04 12:15:00,55578.5,-0.05125254014782312,54600.0,55275.0,55607.0
상승추세선 하향돌파 (하락),,,,2021-05-06 00:30:00,56642.0,-0.046763192955522025,54028.5,55080.0,56668.5
상승추세선 하향돌파 (하락),,,,2021-05-08 15:45:00,57553.0,-1.2186121552271596,56852.5,57535.5,58263.0
상승추세선 하향돌파 (하락),,,,2021-05-10 14:00:00,57313.0,-0.28533152391391337,56375.0,57095.5,57477.0
상승추세선 하향돌파 (하락),,,,2021-05-14 20:15:00,49726.5,-0.7554136313741143,48465.5,48901.0,50105.0
상승추세선 하향돌파 (하락),,,,2021-05-18 12:30:00,44210.0,-1.0198027560421354,42143.5,42522.0,44665.5
상승추세선 하향돌파 (하락),,,,2021-05-20 16:30:00,38561.0,-0.4710467562300773,28801.0,34950.0,38743.5
상승추세선 하향돌파 (하락),,,,2021-05-23 00:00:00,36676.0,-1.094870826816245,33404.0,35220.0,37082.0
상승추세선 하향돌파 (하락),,,,2021-05-23 00:00:00,36676.0,-1.3621999596584415,35220.0,37082.0,37182.5
상승추세선 하향돌파 (하락),,,,2021-05-25 03:00:00,37850.0,-0.360649695948614,35910.0,36866.0,37987.0
상승추세선 하향돌파 (하락),,,,2021-05-27 01:45:00,37511.0,-1.0394407070307348,37155.0,37823.0,37905.0
상승추세선 하향돌파 (하락),,,,2021-06-01 08:00:00,36175.0,-0.9446878422782037,36315.5,36501.0,36520.0
상승추세선 하향돌파 (하락),,,,2021-06-04 01:00:00,38218.0,-0.7247317972829052,37215.5,38360.0,38497.0
상승추세선 하향돌파 (하락),,,,2021-06-10 08:30:00,36375.0,-0.4420237296949626,34555.0,35688.0,36536.5
상승추세선 하향돌파 (하락),,,,2021-06-12 01:15:00,36440.0,-0.24637284423761294,35944.5,36410.0,36530.0
상승추세선 하향돌파 (하락),,,,2021-06-12 01:15:00,36440.0,-0.9136393299978247,36410.0,36530.0,36776.0
상승추세선 하향돌파 (하락),,,,2021-06-13 03:00:00,35211.0,-0.3763014938886374,34630.0,35305.0,35344.0
상승추세선 하향돌파 (하락),,,,2021-06-15 08:45:00,39690.0,-0.4339864034317537,38888.0,39336.0,39863.0
상승추세선 하향돌파 (하락),,,,2021-06-23 15:00:00,33412.0,-0.5239966654757652,28774.0,31704.0,33588.0
상승추세선 하향돌파 (하락),,,,2021-06-23 15:00:00,33412.0,-0.7072808320950966,31704.0,33588.0,33650.0
상승추세선 하향돌파 (하락),,,,2021-06-25 01:00:00,34252.0,-0.8050970170865914,32330.5,33744.5,34530.0
상승추세선 하향돌파 (하락),,,,2021-06-27 18:00:00,32573.0,-0.3883792048929664,30914.5,32339.0,32700.0
상승추세선 하향돌파 (하락),,,,2021-06-30 03:00:00,35437.0,-0.5974754558204769,34132.5,34240.0,35650.0
상승추세선 하향돌파 (하락),,,,2021-07-03 22:15:00,34266.5,-0.5672915094887122,33339.0,34442.5,34462.0
상승추세선 하향돌파 (하락),,,,2021-07-04 22:45:00,35341.5,-0.0904631998529973,34266.5,35250.0,35373.5
상승추세선 하향돌파 (하락),,,,2021-07-06 17:00:00,33545.0,-0.5543697379343058,33119.0,33633.5,33732.0
상승추세선 하향돌파 (하락),,,,2021-07-07 16:00:00,34431.5,-0.08270458502611723,33512.0,33636.0,34460.0
상승추세선 하향돌파 (하락),,,,2021-07-10 17:15:00,33347.0,-0.6746392243882824,33288.0,33478.0,33573.5
상승추세선 하향돌파 (하락),,,,2021-07-11 21:00:00,33711.5,-0.10371445927725839,33339.0,33391.0,33746.5
상승추세선 하향돌파 (하락),,,,2021-07-12 09:15:00,34120.5,-0.13025025611005414,33711.5,34050.0,34165.0
상승추세선 하향돌파 (하락),,,,2021-07-15 04:00:00,32458.0,-0.38363563821624774,31594.0,32293.0,32583.0
상승추세선 하향돌파 (하락),,,,2021-07-15 04:00:00,32458.0,-0.5880551301684532,32293.0,32583.0,32650.0
상승추세선 하향돌파 (하락),,,,2021-07-18 14:30:00,31122.0,-1.5126582278481011,31260.0,31478.0,31600.0
상승추세선 하향돌파 (하락),,,,2021-07-19 09:00:00,31370.0,-0.22264631043256997,31122.0,31423.5,31440.0
상승추세선 하향돌파 (하락),,,,2021-07-22 09:30:00,31740.5,-0.06611778410969255,29509.0,31512.0,31761.5
상승추세선 하향돌파 (하락),,,,2021-07-22 09:30:00,31740.5,-0.3610051639434321,31512.0,31761.5,31855.5
상승추세선 하향돌파 (하락),,,,2021-07-24 20:15:00,33652.0,-0.1498405162821749,32028.0,33527.0,33702.5
상승추세선 하향돌파 (하락),,,,2021-07-28 17:30:00,39026.0,-0.7224624777410328,37349.0,39268.0,39310.0
상승추세선 하향돌파 (하락),,,,2021-07-29 18:30:00,39390.0,-0.15462218955159565,38719.0,39250.0,39451.0
상승추세선 하향돌파 (하락),,,,2021-07-31 14:00:00,41078.5,-0.21134202183867556,38305.0,38849.0,41165.5
상승추세선 하향돌파 (하락),,,,2021-08-01 10:45:00,41300.0,-0.7235402995120309,41016.0,41111.0,41601.0
상승추세선 하향돌파 (하락),,,,2021-08-07 16:00:00,42653.5,-0.9026067561916268,40250.5,42402.0,43042.0
상승추세선 하향돌파 (하락),,,,2021-08-07 16:00:00,42653.5,-1.0726876333611652,42402.0,43042.0,43116.0
상승추세선 하향돌파 (하락),,,,2021-08-08 14:30:00,43912.0,-0.3132803632236095,42360.0,43800.0,44050.0
상승추세선 하향돌파 (하락),,,,2021-08-11 21:00:00,45960.0,-0.530245644410778,45348.0,45822.0,46205.0
상승추세선 하향돌파 (하락),,,,2021-08-14 09:45:00,46625.5,-1.6920384582946781,46135.0,46257.0,47428.0
상승추세선 하향돌파 (하락),,,,2021-08-16 13:30:00,46555.0,-0.9678791746436929,45510.0,45666.0,47010.0
상승추세선 하향돌파 (하락),,,,2021-08-21 11:00:00,48250.0,-0.613825492296284,46870.0,48307.0,48548.0
상승추세선 하향돌파 (하락),,,,2021-08-22 13:00:00,48786.5,-0.1861797350519155,48613.5,48628.0,48877.5
상승추세선 하향돌파 (하락),,,,2021-08-23 14:30:00,49682.0,-0.4508385597210812,48152.0,48262.5,49907.0
상승추세선 하향돌파 (하락),,,,2021-08-23 14:30:00,49682.0,-0.5365365365365365,48262.5,49907.0,49950.0
상승추세선 하향돌파 (하락),,,,2021-08-28 12:00:00,48550.0,-0.20965222395790512,46627.5,47074.0,48652.0
상승추세선 하향돌파 (하락),,,,2021-08-30 03:00:00,48292.0,-0.11995863495346433,48144.0,48228.0,48350.0
상승추세선 하향돌파 (하락),,,,2021-08-31 17:30:00,47033.0,-0.32741721854304634,46680.0,46900.0,47187.5
상승추세선 하향돌파 (하락),,,,2021-09-04 10:45:00,49791.0,-0.342260117689444,49250.0,49582.0,49962.0
상승추세선 하향돌파 (하락),,,,2021-09-06 11:30:00,51313.0,-0.2604622232588878,50041.5,51377.0,51447.0
상승추세선 하향돌파 (하락),,,,2021-09-06 11:30:00,51313.0,-0.5918420721253039,51377.0,51447.0,51618.5
상승추세선 하향돌파 (하락),,,,2021-09-08 05:45:00,46080.0,-0.11921534626639212,42330.0,45956.0,46135.0
상승추세선 하향돌파 (하락),,,,2021-09-09 02:30:00,45711.0,-0.3031624863685932,44444.0,45648.5,45850.0
상승추세선 하향돌파 (하락),,,,2021-09-12 20:30:00,45170.0,-1.1921688723613693,44772.0,45078.0,45715.0
상승추세선 하향돌파 (하락),,,,2021-09-16 02:30:00,47728.0,-0.1850825551849257,46699.0,47280.0,47816.5
상승추세선 하향돌파 (하락),,,,2021-09-18 16:30:00,48117.5,-0.2125673994193281,46788.0,46821.5,48220.0
상승추세선 하향돌파 (하락),,,,2021-09-23 10:15:00,43366.0,-0.6426632146907542,43004.0,43058.0,43646.5
상승추세선 하향돌파 (하락),,,,2021-09-24 03:45:00,44225.0,-0.10277724444042871,43334.0,43560.0,44270.5
상승추세선 하향돌파 (하락),,,,2021-09-26 00:45:00,42310.0,-0.10152763676717115,41667.0,42150.0,42353.0
상승추세선 하향돌파 (하락),,,,2021-10-02 03:15:00,47468.0,-0.2584522283625055,43076.0,43273.0,47591.0
상승추세선 하향돌파 (하락),,,,2021-10-06 08:15:00,50726.0,-0.3438046403803462,49070.0,49607.0,50901.0
상승추세선 하향돌파 (하락),,,,2021-10-06 08:00:00,51015.0,-0.36230114940283786,49607.0,50901.0,51200.5
상승추세선 하향돌파 (하락),,,,2021-10-08 20:45:00,53803.0,-0.45790510726080247,53621.0,53630.0,54050.5
상승추세선 하향돌파 (하락),,,,2021-10-09 19:45:00,54605.0,-0.027462467960454047,53717.0,54503.5,54620.0
상승추세선 하향돌파 (하락),,,,2021-10-11 20:00:00,56743.0,-0.8110895519779048,54350.0,55901.0,57207.0
상승추세선 하향돌파 (하락),,,,2021-10-14 15:00:00,56915.5,-0.6016416346489697,56604.0,57150.0,57260.0
상승추세선 하향돌파 (하락),,,,2021-10-17 19:45:00,60451.0,-0.1519581124159688,60217.0,60369.0,60543.0
상승추세선 하향돌파 (하락),,,,2021-10-19 14:15:00,61367.5,-0.6998381877022654,59917.0,61031.0,61800.0
상승추세선 하향돌파 (하락),,,,2021-10-20 20:00:00,66099.0,-0.21436874443320603,63501.0,63821.0,66241.0
상승추세선 하향돌파 (하락),,,,2021-10-22 13:45:00,62395.0,-0.18317215783200952,61880.0,62043.0,62509.5
상승추세선 하향돌파 (하락),,,,2021-10-22 13:45:00,62395.0,-0.7255254490779781,62043.0,62509.5,62851.0
상승추세선 하향돌파 (하락),,,,2021-10-24 02:30:00,60834.5,-0.027115413058125582,59625.0,60738.5,60851.0
상승추세선 하향돌파 (하락),,,,2021-10-26 04:15:00,62416.0,-0.2787963029533236,61850.0,62534.5,62590.5
상승추세선 하향돌파 (하락),,,,2021-10-27 19:00:00,58328.0,-0.39022141009110856,57919.5,58312.0,58556.5
상승추세선 하향돌파 (하락),,,,2021-10-30 00:45:00,61770.0,-0.15356017134082275,60420.0,60600.0,61865.0
상승추세선 하향돌파 (하락),,,,2021-11-03 12:15:00,62712.0,-0.14330753797649756,61383.0,62700.0,62802.0
상승추세선 하향돌파 (하락),,,,2021-11-06 07:15:00,60415.0,-0.7963875205254515,60764.0,60813.0,60900.0
상승추세선 하향돌파 (하락),,,,2021-11-06 07:15:00,60415.0,-0.9305948427827655,60813.0,60900.0,60982.5
상승추세선 하향돌파 (하락),,,,2021-11-09 11:30:00,67400.0,-0.37691227551548295,65238.5,65439.0,67655.0
상승추세선 하향돌파 (하락),,,,2021-11-12 01:00:00,64512.0,-0.13931457230426303,64127.0,64454.5,64602.0
상승추세선 하향돌파 (하락),,,,2021-11-14 08:15:00,64189.0,-0.4821705426356589,63409.5,63838.0,64500.0
상승추세선 하향돌파 (하락),,,,2021-11-18 05:00:00,59600.0,-0.13572158643454366,58350.0,59377.0,59681.0
상승추세선 하향돌파 (하락),,,,2021-11-20 15:00:00,57800.0,-0.8576329331046313,56540.0,57564.0,58300.0
상승추세선 하향돌파 (하락),,,,2021-11-24 13:45:00,56022.0,-0.4486934579605328,55300.0,56125.0,56274.5
상승추세선 하향돌파 (하락),,,,2021-11-25 22:00:00,58572.0,-0.2350536535513541,55935.0,57041.5,58710.0
상승추세선 하향돌파 (하락),,,,2021-11-29 23:45:00,57686.5,-0.05803880803880804,56686.5,56874.0,57720.0
상승추세선 하향돌파 (하락),,,,2021-12-05 00:30:00,48315.0,-0.3526791238708081,40829.0,46109.0,48486.0
상승추세선 하향돌파 (하락),,,,2021-12-06 06:45:00,48006.5,-0.5953120470451816,47736.0,48247.0,48294.0
상승추세선 하향돌파 (하락),,,,2021-12-07 12:15:00,50529.5,-0.5011420919974795,47800.0,48723.0,50784.0
상승추세선 하향돌파 (하락),,,,2021-12-09 02:15:00,49500.5,-1.1374076293189535,48514.0,50034.0,50070.0
상승추세선 하향돌파 (하락),,,,2021-12-10 16:00:00,47510.0,-0.1229805438472939,47315.5,47434.5,47568.5
상승추세선 하향돌파 (하락),,,,2021-12-12 09:45:00,48721.0,-0.16393106698633225,48156.5,48357.0,48801.0
상승추세선 하향돌파 (하락),,,,2021-12-15 12:30:00,47610.0,-0.7059657757802642,46450.0,47851.5,47948.5
상승추세선 하향돌파 (하락),,,,2021-12-18 19:00:00,46340.0,-0.46181935345290515,45500.0,46193.0,46555.0
상승추세선 하향돌파 (하락),,,,2021-12-19 19:15:00,46425.5,-0.8595284872298625,46340.0,46421.0,46828.0
상승추세선 하향돌파 (하락),,,,2021-12-22 09:30:00,48861.0,-0.11754244304302054,48350.0,48613.5,48918.5
상승추세선 하향돌파 (하락),,,,2021-12-24 14:45:00,50600.0,-0.31520882584712373,48030.0,50444.5,50760.0
상승추세선 하향돌파 (하락),,,,2021-12-24 14:45:00,50600.0,-0.3652617380945349,50444.5,50760.0,50785.5
상승추세선 하향돌파 (하락),,,,2021-12-25 06:00:00,50674.5,-0.08182821989115861,50402.0,50519.5,50716.0
상승추세선 하향돌파 (하락),,,,2021-12-30 21:00:00,46850.5,-0.4398873718323328,45807.5,46681.0,47057.5
상승추세선 하향돌파 (하락),,,,2022-01-02 04:30:00,46947.0,-0.5117772338599447,46500.0,46718.5,47188.5
상승추세선 하향돌파 (하락),,,,2022-01-03 14:45:00,46806.0,-0.008545182653279214,46600.0,46710.0,46810.0
상승추세선 하향돌파 (하락),,,,2022-01-04 18:30:00,45829.0,-1.0194164272909871,45700.0,45950.0,46301.0
상승추세선 하향돌파 (하락),,,,2022-01-04 18:15:00,46417.5,-0.011847575555220473,45950.0,46301.0,46423.0
상승추세선 하향돌파 (하락),,,,2022-01-05 11:30:00,46138.5,-0.25186466327964546,45500.0,45755.0,46255.0
상승추세선 하향돌파 (하락),,,,2022-01-08 10:45:00,41741.0,-0.029937610020716827,41327.0,41660.0,41753.5
상승추세선 하향돌파 (하락),,,,2022-01-11 08:30:00,41830.0,-0.34544371649791544,39655.0,40559.5,41975.0
상승추세선 하향돌파 (하락),,,,2022-01-13 11:15:00,43500.0,-0.13659477266727119,42463.0,43299.0,43559.5
상승추세선 하향돌파 (하락),,,,2022-01-14 10:45:00,41923.5,-1.0864949037372593,42303.0,42362.5,42384.0
상승추세선 하향돌파 (하락),,,,2022-01-15 04:15:00,42734.0,-0.33118761078458814,41743.0,42781.0,42876.0
상승추세선 하향돌파 (하락),,,,2022-01-19 03:30:00,41823.5,-0.8204982273918353,41300.0,41402.5,42169.5
상승추세선 하향돌파 (하락),,,,2022-01-20 21:30:00,41357.0,-1.4053615915511426,41790.0,41830.5,41946.5
상승추세선 하향돌파 (하락),,,,2022-01-23 18:15:00,35002.5,-0.08135651280294595,34227.0,34827.0,35031.0
상승추세선 하향돌파 (하락),,,,2022-01-26 18:00:00,37561.0,-0.10106651772653528,36406.0,37129.5,37599.0
상승추세선 하향돌파 (하락),,,,2022-01-29 09:00:00,37566.0,-0.05985873338920149,36752.5,37437.5,37588.5
상승추세선 하향돌파 (하락),,,,2022-01-30 14:15:00,37724.0,-0.17332857010545255,37256.0,37730.0,37789.5
상승추세선 하향돌파 (하락),,,,2022-02-01 01:45:00,38111.0,-0.17680107914140156,36632.0,36781.0,38178.5
상승추세선 하향돌파 (하락),,,,2022-02-02 05:15:00,38319.0,-0.015655577299412915,37969.5,38155.5,38325.0
상승추세선 하향돌파 (하락),,,,2022-02-02 05:15:00,38319.0,-0.07822889775483063,38155.5,38325.0,38349.0
상승추세선 하향돌파 (하락),,,,2022-02-04 13:30:00,37550.0,-0.5798406100240938,36200.5,36276.0,37769.0
상승추세선 하향돌파 (하락),,,,2022-02-05 17:00:00,40919.0,-0.6977054590901921,37310.0,40361.0,41206.5
상승추세선 하향돌파 (하락),,,,2022-02-06 14:30:00,41363.0,-0.22313082703139508,41320.0,41320.5,41455.5
상승추세선 하향돌파 (하락),,,,2022-02-08 09:00:00,43535.0,-0.021816762162844908,41470.0,42213.0,43544.5
상승추세선 하향돌파 (하락),,,,2022-02-11 18:30:00,42677.0,-0.4176778047414597,42570.0,42810.0,42856.0
상승추세선 하향돌파 (하락),,,,2022-02-14 19:00:00,41821.0,-0.28730493663793616,41566.5,41727.5,41941.5
상승추세선 하향돌파 (하락),,,,2022-02-14 18:45:00,42200.5,-0.3530106257378985,41727.5,41941.5,42350.0
상승추세선 하향돌파 (하락),,,,2022-02-15 17:15:00,43848.0,-0.40091312791740963,41791.5,43367.0,44024.5
상승추세선 하향돌파 (하락),,,,2022-02-18 11:00:00,40352.0,-0.3334403635734927,40009.5,40220.0,40487.0
상승추세선 하향돌파 (하락),,,,2022-02-19 08:45:00,39850.0,-0.4906795849824579,39438.5,39736.0,40046.5
상승추세선 하향돌파 (하락),,,,2022-02-21 10:15:00,38500.0,-0.8013192136250032,38007.5,38040.0,38811.0
상승추세선 하향돌파 (하락),,,,2022-02-23 02:30:00,37527.0,-0.5314425816711947,36501.0,37341.0,37727.5
상승추세선 하향돌파 (하락),,,,2022-02-25 08:00:00,38144.0,-0.30709721260274686,34760.0,37748.0,38261.5
상승추세선 하향돌파 (하락),,,,2022-02-28 13:15:00,37845.0,-0.5662038070965961,36922.0,37445.0,38060.5
상승추세선 하향돌파 (하락),,,,2022-03-02 07:00:00,43721.5,-0.17922374429223745,42811.0,43202.0,43800.0
상승추세선 하향돌파 (하락),,,,2022-03-06 04:00:00,38780.0,-1.2263922672338041,38772.0,38880.0,39261.5
상승추세선 하향돌파 (하락),,,,2022-03-10 01:30:00,41272.0,-0.9337269868702144,38388.5,41655.0,41661.0
상승추세선 하향돌파 (하락),,,,2022-03-12 14:00:00,38945.5,-0.05517489157492238,38631.5,38943.0,38967.0
상승추세선 하향돌파 (하락),,,,2022-03-17 06:45:00,40569.0,-0.4685966633954858,38750.0,39231.0,40760.0
상승추세선 하향돌파 (하락),,,,2022-03-18 00:45:00,40214.0,-1.0433584329937498,40400.0,40555.0,40638.0
상승추세선 하향돌파 (하락),,,,2022-03-20 05:30:00,41750.0,-0.026340365412705635,41650.0,41710.0,41761.0
상승추세선 하향돌파 (하락),,,,2022-03-22 19:45:00,42210.0,-0.5923012611424466,40860.0,41991.0,42461.5
상승추세선 하향돌파 (하락),,,,2022-03-24 12:30:00,42775.0,-0.05841121495327102,42025.0,42621.0,42800.0
상승추세선 하향돌파 (하락),,,,2022-03-25 08:00:00,43556.0,-0.6976426063562994,42556.0,43779.0,43862.0
상승추세선 하향돌파 (하락),,,,2022-03-27 10:00:00,44480.0,-0.07189072609633358,44128.5,44211.0,44512.0
상승추세선 하향돌파 (하락),,,,2022-03-28 23:15:00,47020.0,-0.536241234518282,44655.0,46721.5,47273.5
상승추세선 하향돌파 (하락),,,,2022-03-29 16:00:00,47100.0,-0.4607126252166195,46802.5,47286.0,47318.0
상승추세선 하향돌파 (하락),,,,2022-04-02 15:30:00,46159.0,-0.1103657217052586,46050.0,46077.0,46210.0
상승추세선 하향돌파 (하락),,,,2022-04-04 00:00:00,46106.0,-0.19698248804034896,45501.0,46080.0,46197.0
상승추세선 하향돌파 (하락),,,,2022-04-08 11:00:00,43336.0,-0.13365903120247039,43178.0,43300.0,43394.0
상승추세선 하향돌파 (하락),,,,2022-04-09 10:30:00,42303.0,-0.0991852639036486,42090.0,42121.5,42345.0
상승추세선 하향돌파 (하락),,,,2022-04-12 18:15:00,39700.0,-0.1835415985718955,39171.5,39216.0,39773.0
상승추세선 하향돌파 (하락),,,,2022-04-15 14:15:00,39854.0,-0.17283270295318487,39521.0,39746.0,39923.0
상승추세선 하향돌파 (하락),,,,2022-04-16 15:00:00,40105.5,-0.3936518974766541,39854.0,40229.5,40264.0
상승추세선 하향돌파 (하락),,,,2022-04-17 14:00:00,40193.5,-0.07085674506488987,39972.5,40120.0,40222.0
상승추세선 하향돌파 (하락),,,,2022-04-19 07:15:00,40533.0,-0.11582060128141941,38765.0,38990.0,40580.0
상승추세선 하향돌파 (하락),,,,2022-04-23 23:30:00,39305.0,-0.8638627908443155,39261.0,39476.5,39647.5
상승추세선 하향돌파 (하락),,,,2022-04-26 09:45:00,40322.0,-0.14734469992447036,38072.0,40366.5,40381.5
상승추세선 하향돌파 (하락),,,,2022-04-27 14:00:00,38546.5,-0.11790008291873964,37668.5,37700.0,38592.0
상승추세선 하향돌파 (하락),,,,2022-04-28 13:15:00,39195.5,-0.0012756403714664763,38377.5,38655.0,39196.0
상승추세선 하향돌파 (하락),,,,2022-04-30 13:00:00,38513.5,-0.04282377368284453,38162.0,38470.0,38530.0
상승추세선 하향돌파 (하락),,,,2022-05-10 14:45:00,30839.5,-1.2171879754640529,29711.0,30603.0,31219.5
상승추세선 하향돌파 (하락),,,,2022-05-12 21:30:00,28000.0,-0.5628850968624038,26536.0,27888.5,28158.5
상승추세선 하향돌파 (하락),,,,2022-05-17 14:30:00,29898.0,-1.1718039831418892,29050.0,29759.5,30252.5
상승추세선 하향돌파 (하락),,,,2022-05-22 04:15:00,29220.5,-0.25260714468586254,28920.5,29151.0,29294.5
상승추세선 하향돌파 (하락),,,,2022-05-23 13:00:00,30257.5,-0.05780346820809249,29661.5,30035.5,30275.0
상승추세선 하향돌파 (하락),,,,2022-05-25 11:15:00,29518.0,-0.11167134783932862,28659.0,29090.0,29551.0
상승추세선 하향돌파 (하락),,,,2022-05-26 08:15:00,29160.0,-1.0854816824966078,29324.0,29405.0,29480.0
상승추세선 하향돌파 (하락),,,,2022-05-29 19:00:00,29090.0,-0.21267837541163553,28838.5,28946.5,29152.0
상승추세선 하향돌파 (하락),,,,2022-05-31 13:30:00,31230.5,-0.6268395513483415,30536.0,31420.5,31427.5
상승추세선 하향돌파 (하락),,,,2022-05-31 13:30:00,31230.5,-0.8004446914952751,31420.5,31427.5,31482.5
상승추세선 하향돌파 (하락),,,,2022-06-05 07:45:00,29634.5,-0.08765867062254513,29466.0,29468.0,29660.5
상승추세선 하향돌파 (하락),,,,2022-06-07 00:15:00,30616.5,-1.3421196790513326,29615.0,29800.0,31033.0
상승추세선 하향돌파 (하락),,,,2022-06-08 03:15:00,30165.0,-0.45375794076396336,29119.5,29325.0,30302.5
상승추세선 하향돌파 (하락),,,,2022-06-16 14:00:00,20744.0,-0.5036212767998465,20071.0,20190.0,20849.0
상승추세선 하향돌파 (하락),,,,2022-06-17 22:15:00,20373.0,-0.06376925340920239,20228.0,20312.0,20386.0
상승추세선 하향돌파 (하락),,,,2022-06-17 22:15:00,20373.0,-0.24482201439553442,20312.0,20386.0,20423.0
상승추세선 하향돌파 (하락),,,,2022-06-20 16:45:00,20200.0,-0.7614836649471874,19624.0,19755.0,20355.0
상승추세선 하향돌파 (하락),,,,2022-06-21 20:00:00,20681.0,-0.7677174799673719,19813.0,20336.0,20841.0
상승추세선 하향돌파 (하락),,,,2022-06-25 12:15:00,21033.0,-0.6635653056887147,20782.5,21107.5,21173.5
상승추세선 하향돌파 (하락),,,,2022-06-26 13:00:00,21265.0,-0.26031284444548675,20900.0,21241.0,21320.5
상승추세선 하향돌파 (하락),,,,2022-06-30 06:15:00,19760.0,-0.9126466753585397,19820.0,19927.0,19942.0
상승추세선 하향돌파 (하락),,,,2022-07-03 00:30:00,19164.0,-0.14329260349633952,18960.0,19158.0,19191.5
상승추세선 하향돌파 (하락),,,,2022-07-05 08:00:00,20054.0,-0.47642679900744417,19500.0,19723.0,20150.0
상승추세선 하향돌파 (하락),,,,2022-07-08 12:30:00,21233.0,-0.3940516958296196,20248.0,20368.5,21317.0
상승추세선 하향돌파 (하락),,,,2022-07-17 13:00:00,21144.0,-0.2970717216013581,20910.0,21077.0,21207.0
상승추세선 하향돌파 (하락),,,,2022-07-20 20:00:00,23076.0,-1.4477898782831518,22940.0,23310.0,23415.0
상승추세선 하향돌파 (하락),,,,2022-07-23 07:00:00,22640.0,-0.3214018403557434,22487.0,22506.0,22713.0
상승추세선 하향돌파 (하락),,,,2022-07-28 12:30:00,22582.0,-0.9800267479336124,21121.5,22698.0,22805.5
상승추세선 하향돌파 (하락),,,,2022-07-29 11:30:00,23536.0,-1.0052576235541535,23662.5,23702.0,23775.0
상승추세선 하향돌파 (하락),,,,2022-07-30 01:45:00,23675.5,-0.04432998395676771,23418.0,23604.0,23686.0
상승추세선 하향돌파 (하락),,,,2022-07-31 18:15:00,23561.0,-0.11869939378523887,23506.0,23554.0,23589.0
상승추세선 하향돌파 (하락),,,,2022-08-03 00:15:00,22771.0,-0.2715368107563614,22640.5,22650.0,22833.0
상승추세선 하향돌파 (하락),,,,2022-08-07 23:00:00,23096.5,-0.18798617113223856,22882.5,22988.0,23140.0
상승추세선 하향돌파 (하락),,,,2022-08-11 15:45:00,24271.5,-0.2711864406779661,22835.0,23463.5,24337.5
상승추세선 하향돌파 (하락),,,,2022-08-14 12:00:00,24460.0,-0.024523828987165864,24310.0,24334.5,24466.0
상승추세선 하향돌파 (하락),,,,2022-08-15 23:00:00,23760.0,-0.7933194154488519,23862.0,23884.5,23950.0
상승추세선 하향돌파 (하락),,,,2022-08-21 22:00:00,21262.0,-0.15027707335399643,20730.0,21060.5,21294.0
상승추세선 하향돌파 (하락),,,,2022-08-24 00:30:00,21330.0,-0.04217629692113033,20885.0,21323.0,21339.0
상승추세선 하향돌파 (하락),,,,2022-08-24 00:30:00,21330.0,-0.3969180480971282,21323.0,21339.0,21415.0
상승추세선 하향돌파 (하락),,,,2022-08-26 05:15:00,21326.0,-0.45975401993045345,21414.5,21421.5,21424.5
상승추세선 하향돌파 (하락),,,,2022-08-28 12:45:00,19880.0,-0.2583849685171713,19761.0,19840.5,19931.5
상승추세선 하향돌파 (하락),,,,2022-08-31 14:45:00,20073.0,-0.23359840954274352,19530.0,19731.0,20120.0
상승추세선 하향돌파 (하락),,,,2022-09-01 07:00:00,19876.0,-0.16073940124573036,19852.0,19871.0,19908.0
상승추세선 하향돌파 (하락),,,,2022-09-01 07:00:00,19876.0,-0.2309005119967875,19871.0,19908.0,19922.0
상승추세선 하향돌파 (하락),,,,2022-09-05 03:00:00,19799.5,-0.05300353356890459,19585.0,19650.0,19810.0
상승추세선 하향돌파 (하락),,,,2022-09-08 07:15:00,19054.0,-0.5039032923422365,18451.0,18669.5,19150.5
상승추세선 하향돌파 (하락),,,,2022-09-10 12:15:00,21167.5,-0.2943947244465379,21119.5,21157.0,21230.0
상승추세선 하향돌파 (하락),,,,2022-09-11 06:30:00,21333.0,-0.46424822115945413,21113.0,21332.0,21432.5
상승추세선 하향돌파 (하락),,,,2022-09-13 00:15:00,22115.0,-0.6067415730337079,21966.0,22004.0,22250.0
상승추세선 하향돌파 (하락),,,,2022-09-18 03:45:00,19938.0,-0.05514060855180711,19734.0,19917.5,19949.0
상승추세선 하향돌파 (하락),,,,2022-09-20 09:45:00,19135.5,-0.13568875088067217,18110.0,18871.5,19161.5
상승추세선 하향돌파 (하락),,,,2022-09-21 18:00:00,18474.0,-3.1761006289308176,18769.5,18788.0,19080.0
상승추세선 하향돌파 (하락),,,,2022-09-23 07:45:00,19178.0,-0.1691783139428958,18764.5,19132.0,19210.5
상승추세선 하향돌파 (하락),,,,2022-09-27 13:15:00,20076.5,-0.02489853845579264,18959.0,19051.5,20081.5
상승추세선 하향돌파 (하락),,,,2022-09-29 12:30:00,19120.0,-0.7165853151936857,19247.0,19256.0,19258.0
상승추세선 하향돌파 (하락),,,,2022-09-30 12:30:00,19135.5,-0.8009331259720063,18831.0,19106.5,19290.0
상승추세선 하향돌파 (하락),,,,2022-10-01 11:15:00,19150.5,-0.4962070040527902,19135.5,19236.5,19246.0
상승추세선 하향돌파 (하락),,,,2022-10-02 09:30:00,19202.5,-0.12482771175200895,19150.5,19192.0,19226.5
상승추세선 하향돌파 (하락),,,,2022-10-05 04:15:00,20067.5,-0.330287076586868,19482.5,19865.0,20134.0
상승추세선 하향돌파 (하락),,,,2022-10-06 13:15:00,20033.5,-0.1868367296098849,19734.5,19950.0,20071.0
상승추세선 하향돌파 (하락),,,,2022-10-11 13:45:00,18972.0,-0.3047819232790331,18939.0,19010.5,19030.0
상승추세선 하향돌파 (하락),,,,2022-10-13 02:30:00,19002.0,-0.14713610089332632,18915.5,18949.5,19030.0
상승추세선 하향돌파 (하락),,,,2022-10-14 14:00:00,19424.0,-0.4561061856198432,18071.0,19329.5,19513.0
상승추세선 하향돌파 (하락),,,,2022-10-16 21:45:00,19091.0,-0.04712041884816754,18962.0,19077.5,19100.0
상승추세선 하향돌파 (하락),,,,2022-10-16 21:45:00,19091.0,-0.13078049801213643,19077.5,19100.0,19116.0
상승추세선 하향돌파 (하락),,,,2022-10-18 09:30:00,19470.0,-0.015405946695424435,19430.5,19465.0,19473.0
상승추세선 하향돌파 (하락),,,,2022-10-23 06:15:00,19144.5,-0.0704666457876605,19102.0,19127.5,19158.0
상승추세선 하향돌파 (하락),,,,2022-10-27 03:00:00,20566.5,-0.3222992293898124,20125.0,20335.0,20633.0
상승추세선 하향돌파 (하락),,,,2022-10-29 22:15:00,20722.0,-0.11087008917811522,20610.0,20640.5,20745.0
상승추세선 하향돌파 (하락),,,,2022-11-02 07:15:00,20349.0,-0.19863164864268373,20318.0,20367.0,20389.5
상승추세선 하향돌파 (하락),,,,2022-11-05 14:30:00,21208.5,-0.10127178520960906,20350.0,20654.0,21230.0
상승추세선 하향돌파 (하락),,,,2022-11-05 23:00:00,21230.0,-0.09411764705882353,20654.0,21230.0,21250.0
상승추세선 하향돌파 (하락),,,,2022-11-11 02:00:00,17003.0,-0.49451353328456477,15460.5,16241.5,17087.5
상승추세선 하향돌파 (하락),,,,2022-11-13 06:45:00,16666.0,-0.5044625533566163,16624.5,16736.0,16750.5
상승추세선 하향돌파 (하락),,,,2022-11-16 08:30:00,16679.5,-0.4090040601862909,16542.0,16591.0,16748.0
상승추세선 하향돌파 (하락),,,,2022-11-17 04:00:00,16400.0,-0.46127700898276286,16367.0,16433.0,16476.0
상승추세선 하향돌파 (하락),,,,2022-11-18 14:30:00,16643.0,-0.14399712005759885,16415.0,16584.0,16667.0
상승추세선 하향돌파 (하락),,,,2022-11-18 14:30:00,16643.0,-0.36518199233716475,16584.0,16667.0,16704.0
상승추세선 하향돌파 (하락),,,,2022-11-20 08:30:00,16540.0,-0.7232676090153356,16601.5,16655.0,16660.5
상승추세선 하향돌파 (하락),,,,2022-11-23 13:45:00,16372.5,-0.38634704307617423,15620.0,16044.0,16436.0
상승추세선 하향돌파 (하락),,,,2022-11-26 15:15:00,16477.0,-0.29046898638426627,16434.0,16460.5,16525.0
상승추세선 하향돌파 (하락),,,,2022-11-26 14:45:00,16534.5,-0.0513812488665901,16460.5,16525.0,16543.0
상승추세선 하향돌파 (하락),,,,2022-11-27 23:00:00,16444.5,-0.39672925499697154,16376.5,16505.0,16510.0
상승추세선 하향돌파 (하락),,,,2022-11-30 12:45:00,16759.0,-0.3419260845003419,16320.0,16415.0,16816.5
상승추세선 하향돌파 (하락),,,,2022-11-30 12:30:00,16822.5,-0.044563279857397504,16415.0,16816.5,16830.0
상승추세선 하향돌파 (하락),,,,2022-12-02 13:30:00,16769.0,-0.7868891255472725,16850.0,16856.5,16902.0
상승추세선 하향돌파 (하락),,,,2022-12-03 20:45:00,16902.0,-0.06799302332456321,16769.0,16875.0,16913.5
상승추세선 하향돌파 (하락),,,,2022-12-06 10:00:00,16921.0,-0.19464433172112777,16867.0,16916.5,16954.0
상승추세선 하향돌파 (하락),,,,2022-12-08 01:30:00,16773.5,-0.06553665584318866,16755.5,16771.5,16784.5
상승추세선 하향돌파 (하락),,,,2022-12-09 12:45:00,17164.5,-0.10766455217366001,16702.5,17169.0,17183.0
상승추세선 하향돌파 (하락),,,,2022-12-10 09:15:00,17104.5,-0.10512483574244415,17045.0,17111.0,17122.5
상승추세선 하향돌파 (하락),,,,2022-12-10 21:15:00,17138.0,-0.049572799113521714,17104.5,17128.0,17146.5
상승추세선 하향돌파 (하락),,,,2022-12-13 07:00:00,17102.5,-0.058436815193571946,16911.5,16973.5,17112.5
상승추세선 하향돌파 (하락),,,,2022-12-14 19:00:00,17514.0,-1.4766686355581808,17693.0,17727.5,17776.5
상승추세선 하향돌파 (하락),,,,2022-12-15 13:00:00,17457.5,-0.8350137748871026,17514.0,17556.5,17604.5
상승추세선 하향돌파 (하락),,,,2022-12-17 13:30:00,16643.5,-0.05404593904819096,16532.5,16574.5,16652.5
상승추세선 하향돌파 (하락),,,,2022-12-19 03:00:00,16622.0,-0.49983538355631385,16656.0,16667.0,16705.5
상승추세선 하향돌파 (하락),,,,2022-12-21 14:45:00,16710.0,-0.29832935560859186,16692.0,16755.0,16760.0
상승추세선 하향돌파 (하락),,,,2022-12-21 14:45:00,16710.0,-0.48536461900366257,16755.0,16760.0,16791.5
상승추세선 하향돌파 (하락),,,,2022-12-22 13:30:00,16759.0,-0.11324353319823578,16717.5,16744.5,16778.0
상승추세선 하향돌파 (하락),,,,2022-12-23 13:30:00,16705.0,-0.6216722686576044,16560.5,16780.5,16809.5
상승추세선 하향돌파 (하락),,,,2022-12-25 13:45:00,16802.0,-0.01487696747894909,16802.0,16803.5,16804.5
상승추세선 하향돌파 (하락),,,,2022-12-26 15:15:00,16791.5,-0.13678670195367093,16713.5,16730.0,16814.5
상승추세선 하향돌파 (하락),,,,2022-12-27 11:15:00,16801.0,-0.1040520855010851,16783.0,16814.0,16818.5
상승추세선 하향돌파 (하락),,,,2022-12-30 05:45:00,16526.0,-0.35273900328620095,16469.5,16551.5,16584.5
상승추세선 하향돌파 (하락),,,,2022-12-31 21:45:00,16554.5,-0.054336341956712046,16353.0,16553.5,16563.5
상승추세선 하향돌파 (하락),,,,2023-01-02 23:45:00,16651.0,-0.09000360014400575,16550.5,16552.0,16666.0
상승추세선 하향돌파 (하락),,,,2023-01-05 07:15:00,16785.0,-0.09820551736452103,16760.5,16767.5,16801.5
상승추세선 하향돌파 (하락),,,,2023-01-05 06:30:00,16802.0,-0.05353637499256439,16767.5,16801.5,16811.0
상승추세선 하향돌파 (하락),,,,2023-01-06 02:00:00,16797.0,-0.08922198429693076,16747.0,16793.0,16812.0
상승추세선 하향돌파 (하락),,,,2023-01-09 20:45:00,17174.0,-0.05237734970610487,16915.0,17171.0,17183.0
상승추세선 하향돌파 (하락),,,,2023-01-11 13:45:00,17376.0,-0.0316428386502891,17195.0,17361.0,17381.5
상승추세선 하향돌파 (하락),,,,2023-01-15 00:30:00,20627.0,-0.13072528323811367,20240.5,20502.0,20654.0
상승추세선 하향돌파 (하락),,,,2023-01-15 18:00:00,20642.5,-0.07744996006486435,20555.0,20573.0,20658.5
상승추세선 하향돌파 (하락),,,,2023-01-17 14:30:00,20985.0,-0.4341328019358053,20824.5,21051.0,21076.5
상승추세선 하향돌파 (하락),,,,2023-01-20 07:15:00,20853.0,-0.20339307506400897,20645.0,20777.5,20895.5
상승추세선 하향돌파 (하락),,,,2023-01-22 02:30:00,22602.0,-0.34171829184946756,20853.0,22567.0,22679.5
상승추세선 하향돌파 (하락),,,,2023-01-24 14:30:00,22687.0,-0.3645147123407993,22459.5,22650.0,22770.0
상승추세선 하향돌파 (하락),,,,2023-01-27 00:15:00,22932.0,-0.11107481215289121,22850.5,22851.0,22957.5
상승추세선 하향돌파 (하락),,,,2023-01-30 08:15:00,23524.0,-0.1718687007999321,22933.0,23152.5,23564.5
상승추세선 하향돌파 (하락),,,,2023-02-01 06:45:00,23039.5,-0.002170138888888889,22801.0,22801.5,23040.0
상승추세선 하향돌파 (하락),,,,2023-02-04 23:30:00,23260.5,-0.4174158746468019,23260.5,23300.0,23358.0
상승추세선 하향돌파 (하락),,,,2023-02-06 23:00:00,22663.5,-0.323261644016361,22612.5,22731.0,22737.0
상승추세선 하향돌파 (하락),,,,2023-02-11 18:30:00,21616.6,-0.14689307292919063,21431.1,21632.6,21648.4
상승추세선 하향돌파 (하락),,,,2023-02-12 13:30:00,21755.0,-0.022977941176470586,21604.5,21753.3,21760.0
상승추세선 하향돌파 (하락),,,,2023-02-16 13:45:00,24343.4,-0.4359918200408939,22032.0,22080.2,24450.0
상승추세선 하향돌파 (하락),,,,2023-02-18 07:45:00,24427.4,-0.34310425718539683,23685.2,24049.6,24511.5
상승추세선 하향돌파 (하락),,,,2023-02-19 17:00:00,24420.0,-0.572056757802162,24442.2,24502.2,24560.5
상승추세선 하향돌파 (하락),,,,2023-02-24 13:30:00,23670.0,-0.38717279690261763,23726.0,23750.5,23762.0
상승추세선 하향돌파 (하락),,,,2023-02-25 09:45:00,22991.3,-0.1003719410456157,22800.0,22964.4,23014.4
상승추세선 하향돌파 (하락),,,,2023-02-27 16:00:00,23137.0,-0.8272610372910416,23135.3,23313.7,23330.0
상승추세선 하향돌파 (하락),,,,2023-03-01 13:15:00,23619.0,-0.17075665486023084,23010.0,23015.0,23659.4
상승추세선 하향돌파 (하락),,,,2023-03-03 01:15:00,22810.0,-2.4400675776822567,23186.4,23223.1,23380.5
상승추세선 하향돌파 (하락),,,,2023-03-06 19:15:00,22333.7,-0.07069509384997101,22234.4,22302.7,22349.5
상승추세선 하향돌파 (하락),,,,2023-03-08 21:45:00,21894.0,-0.18782596010066344,21821.7,21865.0,21935.2
상승추세선 하향돌파 (하락),,,,2023-03-12 07:45:00,20260.9,-0.19310249703202,19760.0,19973.8,20300.1
상승추세선 하향돌파 (하락),,,,2023-03-15 09:30:00,24512.6,-0.44431808951344914,23966.0,24316.1,24622.0
상승추세선 하향돌파 (하락),,,,2023-03-18 08:00:00,27100.1,-0.17680795341110428,26100.0,26237.0,27148.1
상승추세선 하향돌파 (하락),,,,2023-03-20 01:00:00,27540.0,-0.6332196785192401,26793.0,26816.2,27715.5
상승추세선 하향돌파 (하락),,,,2023-03-21 07:00:00,27292.2,-0.9867872094963757,27123.0,27441.4,27564.2
상승추세선 하향돌파 (하락),,,,2023-03-21 21:30:00,27886.0,-0.09672912263103214,27292.2,27707.9,27913.0
상승추세선 하향돌파 (하락),,,,2023-03-24 04:45:00,28075.2,-0.12628643185690858,27264.0,27733.0,28110.7
상승추세선 하향돌파 (하락),,,,2023-03-27 06:00:00,27642.4,-0.055680495194837684,27446.7,27602.8,27657.8
상승추세선 하향돌파 (하락),,,,2023-03-27 05:45:00,27660.6,-0.3401188974959519,27602.8,27657.8,27755.0
상승추세선 하향돌파 (하락),,,,2023-03-29 16:45:00,28125.0,-0.3447628293937747,26733.5,27074.3,28222.3
상승추세선 하향돌파 (하락),,,,2023-04-01 06:30:00,28326.0,-0.208559390104705,27486.6,28230.4,28385.2
상승추세선 하향돌파 (하락),,,,2023-04-02 08:00:00,28356.2,-0.026089777038167995,28182.5,28325.2,28363.6
상승추세선 하향돌파 (하락),,,,2023-04-03 20:00:00,27644.2,-0.7934599663380568,27553.6,27564.0,27865.3
상승추세선 하향돌파 (하락),,,,2023-04-05 12:30:00,28250.0,-0.6352310538644931,27920.7,28056.6,28430.6
상승추세선 하향돌파 (하락),,,,2023-04-06 22:00:00,27888.0,-0.13249776186213072,27670.0,27726.3,27925.0
상승추세선 하향돌파 (하락),,,,2023-04-07 20:45:00,27830.0,-0.04561339237933364,27755.0,27775.2,27842.7
상승추세선 하향돌파 (하락),,,,2023-04-08 17:45:00,27866.0,-0.2327163366868354,27830.0,27846.0,27931.0
상승추세선 하향돌파 (하락),,,,2023-04-10 04:45:00,28190.0,-0.13461810967833357,27764.0,27777.8,28228.0
상승추세선 하향돌파 (하락),,,,2023-04-11 20:15:00,29892.3,-0.22596795727637095,29768.2,29959.2,29960.0
상승추세선 하향돌파 (하락),,,,2023-04-12 15:00:00,29630.0,-0.9609760173811315,29810.0,29835.0,29917.5
상승추세선 하향돌파 (하락),,,,2023-04-14 12:45:00,30561.0,-0.2978569308012752,30128.8,30180.8,30652.3
상승추세선 하향돌파 (하락),,,,2023-04-17 00:15:00,30000.0,-0.563473649320517,30114.0,30154.9,30170.0
상승추세선 하향돌파 (하락),,,,2023-04-19 06:15:00,30039.4,-0.221218361788343,29060.0,29931.9,30106.0
상승추세선 하향돌파 (하락),,,,2023-04-23 15:00:00,27444.1,-0.07355002676201733,27216.2,27399.2,27464.3
상승추세선 하향돌파 (하락),,,,2023-04-28 08:30:00,29118.4,-0.3817995210400224,28636.0,28804.1,29230.0
상승추세선 하향돌파 (하락),,,,2023-04-28 08:30:00,29118.4,-0.6930044745170697,28804.1,29230.0,29321.6
상승추세선 하향돌파 (하락),,,,2023-04-29 15:45:00,29201.0,-0.08075388542528741,28870.0,29175.0,29224.6
상승추세선 하향돌파 (하락),,,,2023-04-30 20:00:00,29137.8,-0.03705152220003456,29010.1,29074.8,29148.6
상승추세선 하향돌파 (하락),,,,2023-05-04 13:15:00,28774.0,-0.677590497854697,28069.1,28188.0,28970.3
상승추세선 하향돌파 (하락),,,,2023-05-05 12:30:00,28750.0,-0.8883848081716259,28653.1,28731.4,29007.7
상승추세선 하향돌파 (하락),,,,2023-05-07 11:15:00,28678.4,-0.15770948728749873,28325.0,28621.0,28723.7
상승추세선 하향돌파 (하락),,,,2023-05-10 08:00:00,27463.2,-0.1701199563794957,27425.3,27503.1,27510.0
상승추세선 하향돌파 (하락),,,,2023-05-11 08:00:00,27251.3,-0.38091060298660495,26700.0,26945.9,27355.5
상승추세선 하향돌파 (하락),,,,2023-05-14 00:00:00,26695.9,-0.10514892980092257,25764.0,26681.2,26724.0
상승추세선 하향돌파 (하락),,,,2023-05-13 23:45:00,26738.6,-0.05008971291866573,26681.2,26724.0,26752.0
상승추세선 하향돌파 (하락),,,,2023-05-15 00:15:00,26700.2,-0.40063265641086043,26534.3,26730.4,26807.6
상승추세선 하향돌파 (하락),,,,2023-05-15 22:30:00,27254.9,-0.17178354540725455,26700.2,27206.0,27301.8
상승추세선 하향돌파 (하락),,,,2023-05-19 14:00:00,26741.5,-0.1463740678921788,26341.3,26733.9,26780.7
상승추세선 하향돌파 (하락),,,,2023-05-23 13:30:00,27185.5,-0.0033104787688015154,26763.3,26787.6,27186.4
상승추세선 하향돌파 (하락),,,,2023-05-25 15:30:00,26147.9,-0.16265439758690572,25851.0,26116.5,26190.5
상승추세선 하향돌파 (하락),,,,2023-05-27 13:45:00,26530.0,-0.47716939513527573,26592.3,26623.0,26657.2
상승추세선 하향돌파 (하락),,,,2023-05-29 07:30:00,27822.0,-0.039521431394387956,26530.0,27088.0,27833.0
상승추세선 하향돌파 (하락),,,,2023-05-30 14:30:00,27640.0,-0.08350474097262615,27510.0,27541.9,27663.1
상승추세선 하향돌파 (하락),,,,2023-05-30 14:30:00,27640.0,-0.2238105551945708,27541.9,27663.1,27702.0
상승추세선 하향돌파 (하락),,,,2023-06-01 19:30:00,26639.0,-0.5599313150920154,26584.6,26781.3,26789.0
상승추세선 하향돌파 (하락),,,,2023-06-03 19:45:00,26917.4,-0.7053112296466697,27083.7,27096.9,27108.6
상승추세선 하향돌파 (하락),,,,2023-06-04 16:00:00,27142.2,-0.03241132923280643,26946.4,27017.8,27151.0
상승추세선 하향돌파 (하락),,,,2023-06-06 12:00:00,25324.2,-1.0139307994183688,25361.5,25372.4,25583.6
상승추세선 하향돌파 (하락),,,,2023-06-06 11:30:00,25628.0,-0.14027431421446385,25372.4,25583.6,25664.0
상승추세선 하향돌파 (하락),,,,2023-06-08 13:00:00,26300.7,-0.22306948159107445,26115.4,26190.3,26359.5
상승추세선 하향돌파 (하락),,,,2023-06-09 14:30:00,26533.2,-0.06327683615818935,26260.0,26424.7,26550.0
상승추세선 하향돌파 (하락),,,,2023-06-14 17:15:00,25874.9,-0.1277597653234466,25791.5,25825.0,25908.0
상승추세선 하향돌파 (하락),,,,2023-06-16 11:30:00,25457.1,-0.03494855886280317,24921.0,25422.8,25466.0
상승추세선 하향돌파 (하락),,,,2023-06-18 09:15:00,26444.5,-0.03969003969003969,26282.0,26351.8,26455.0
상승추세선 하향돌파 (하락),,,,2023-06-19 15:00:00,26335.9,-0.0743677790214511,26232.0,26354.0,26355.5
상승추세선 하향돌파 (하락),,,,2023-06-22 11:00:00,29817.0,-0.6129816105516882,26642.1,29749.9,30000.9
상승추세선 하향돌파 (하락),,,,2023-06-24 01:30:00,30352.9,-0.2143460636923315,29893.2,29912.0,30418.1
상승추세선 하향돌파 (하락),,,,2023-06-25 13:15:00,30519.4,-0.1720528588250639,30400.1,30457.0,30572.0
상승추세선 하향돌파 (하락),,,,2023-06-28 00:15:00,30450.0,-0.2822879074672052,30321.6,30358.0,30536.2
상승추세선 하향돌파 (하락),,,,2023-06-29 20:15:00,30220.0,-0.5279719819357265,29817.0,30027.8,30380.4
상승추세선 하향돌파 (하락),,,,2023-06-30 13:30:00,29942.8,-2.1211635835864024,30220.0,30335.1,30591.7
상승추세선 하향돌파 (하락),,,,2023-07-04 09:00:00,30850.0,-0.04503643415122993,30541.6,30824.3,30863.9
상승추세선 하향돌파 (하락),,,,2023-07-08 04:00:00,30221.2,-0.07010025659339446,30020.0,30090.4,30242.4
상승추세선 하향돌파 (하락),,,,2023-07-11 13:30:00,30251.5,-0.21045478685679928,30131.2,30157.1,30315.3
상승추세선 하향돌파 (하락),,,,2023-07-14 13:15:00,31053.9,-0.038949333676683656,30450.0,31011.2,31066.0
상승추세선 하향돌파 (하락),,,,2023-07-19 13:15:00,29801.4,-0.1404000227856766,29362.0,29652.2,29843.3
상승추세선 하향돌파 (하락),,,,2023-07-22 12:30:00,29826.5,-0.013744276011875542,29710.9,29750.2,29830.6
상승추세선 하향돌파 (하락),,,,2023-07-24 01:30:00,29845.4,-0.18260869565216903,29608.6,29837.0,29900.0
상승추세선 하향돌파 (하락),,,,2023-07-26 00:15:00,29119.7,-0.1323808315299539,29026.7,29068.4,29158.3
상승추세선 하향돌파 (하락),,,,2023-07-27 14:15:00,29333.0,-0.11271500131103056,29173.5,29272.0,29366.1
상승추세선 하향돌파 (하락),,,,2023-07-30 06:00:00,29277.0,-0.05120852109791069,29242.4,29249.8,29292.0
상승추세선 하향돌파 (하락),,,,2023-08-04 02:15:00,29083.9,-0.18806604275413547,29062.2,29080.0,29138.7
상승추세선 하향돌파 (하락),,,,2023-08-05 12:00:00,29009.9,-0.05994357036306449,28788.0,29020.0,29027.3
상승추세선 하향돌파 (하락),,,,2023-08-06 10:30:00,29034.2,-0.0027552953332160234,28997.1,29027.0,29035.0
상승추세선 하향돌파 (하락),,,,2023-08-09 02:30:00,29639.1,-0.07720315555256374,28677.1,29126.4,29662.0
상승추세선 하향돌파 (하락),,,,2023-08-09 15:00:00,29703.4,-0.08006135794827388,29625.0,29655.0,29727.2
상승추세선 하향돌파 (하락),,,,2023-08-11 15:45:00,29341.4,-0.0037488284910915733,29308.8,29338.3,29342.5
상승추세선 하향돌파 (하락),,,,2023-08-13 04:15:00,29380.0,-0.031984320877600274,29215.1,29371.2,29389.4
상승추세선 하향돌파 (하락),,,,2023-08-20 06:15:00,26018.3,-0.05339541029955768,25785.7,26008.0,26032.2
상승추세선 하향돌파 (하락),,,,2023-08-24 12:00:00,26366.7,-0.012514220705344225,26208.0,26337.3,26370.0
상승추세선 하향돌파 (하락),,,,2023-08-25 14:30:00,25888.1,-0.282342246566067,25834.0,25922.0,25961.4
상승추세선 하향돌파 (하락),,,,2023-08-26 08:30:00,25995.0,-0.08225580787503825,25755.0,25817.8,26016.4
상승추세선 하향돌파 (하락),,,,2023-08-30 01:00:00,27430.0,-0.3281214230949491,25902.2,25910.9,27520.3
상승추세선 하향돌파 (하락),,,,2023-09-02 18:15:00,25749.0,-0.05395355336550409,25305.4,25742.5,25762.9
상승추세선 하향돌파 (하락),,,,2023-09-02 18:00:00,25771.0,-0.00465617991479473,25742.5,25762.9,25772.2
상승추세선 하향돌파 (하락),,,,2023-09-03 13:00:00,25801.1,-0.23933805049685442,25749.0,25812.0,25863.0
상승추세선 하향돌파 (하락),,,,2023-09-04 10:30:00,25873.1,-0.09498913030887755,25783.0,25866.0,25897.7
상승추세선 하향돌파 (하락),,,,2023-09-06 12:30:00,25701.0,-0.004668861031354232,25604.2,25657.4,25702.2
상승추세선 하향돌파 (하락),,,,2023-09-09 05:45:00,25819.5,-0.06193028971763658,25631.9,25708.0,25835.5
상승추세선 하향돌파 (하락),,,,2023-09-15 11:00:00,26527.1,-0.0030156929120017427,26145.1,26429.6,26527.9
상승추세선 하향돌파 (하락),,,,2023-09-17 00:45:00,26388.9,-0.29169390276616913,26204.8,26430.0,26466.1
상승추세선 하향돌파 (하락),,,,2023-09-17 00:15:00,26471.1,-0.06908423746858332,26430.0,26466.1,26489.4
상승추세선 하향돌파 (하락),,,,2023-09-20 06:00:00,26925.1,-0.17758499239981262,26746.5,26868.0,26973.0
상승추세선 하향돌파 (하락),,,,2023-09-24 18:15:00,26406.0,-0.5431220857093383,26531.9,26533.0,26550.2
상승추세선 하향돌파 (하락),,,,2023-09-27 14:30:00,26151.0,-0.21596788717775967,26075.6,26081.9,26207.6
상승추세선 하향돌파 (하락),,,,2023-09-29 02:30:00,26857.0,-0.07813081330456134,26373.4,26836.6,26878.0
상승추세선 하향돌파 (하락),,,,2023-10-01 17:45:00,27018.0,-0.15631755745501444,26930.7,26942.9,27060.3
상승추세선 하향돌파 (하락),,,,2023-10-02 14:15:00,28161.6,-0.019171370753014005,27810.1,27900.0,28167.0
상승추세선 하향돌파 (하락),,,,2023-10-03 11:15:00,27462.0,-0.1599650985239584,27253.6,27371.0,27506.0
상승추세선 하향돌파 (하락),,,,2023-10-04 14:15:00,27325.0,-0.05486466715435259,27150.5,27175.6,27340.0
상승추세선 하향돌파 (하락),,,,2023-10-05 15:30:00,27369.6,-0.5826371231383998,27311.0,27495.1,27530.0
상승추세선 하향돌파 (하락),,,,2023-10-06 12:45:00,27165.4,-1.012994016776347,27336.6,27359.8,27443.4
상승추세선 하향돌파 (하락),,,,2023-10-07 17:15:00,27880.5,-0.001793335963559413,27817.5,27853.3,27881.0
상승추세선 하향돌파 (하락),,,,2023-10-12 08:00:00,26756.7,-0.05080256851809111,26523.0,26721.6,26770.3
상승추세선 하향돌파 (하락),,,,2023-10-13 09:30:00,26747.3,-0.051193901573187574,26540.1,26692.2,26761.0
상승추세선 하향돌파 (하락),,,,2023-10-14 20:15:00,26800.0,-0.14717114700348366,26670.2,26831.5,26839.5
상승추세선 하향돌파 (하락),,,,2023-10-15 11:00:00,26846.6,-0.048027699696574604,26780.0,26804.0,26859.5
상승추세선 하향돌파 (하락),,,,2023-10-17 04:00:00,28026.0,-0.6550682717257195,27013.9,27620.0,28210.8
상승추세선 하향돌파 (하락),,,,2023-10-17 04:00:00,28026.0,-0.6944936574303734,27620.0,28210.8,28222.0
상승추세선 하향돌파 (하락),,,,2023-10-18 09:45:00,28201.1,-0.3765759846260988,28111.4,28269.0,28307.7
상승추세선 하향돌파 (하락),,,,2023-10-20 01:00:00,28555.6,-0.08537438768369998,28223.1,28436.1,28580.0
상승추세선 하향돌파 (하락),,,,2023-10-21 23:15:00,29892.1,-0.007359262468098359,29618.8,29651.0,29894.3
상승추세선 하향돌파 (하락),,,,2023-10-24 15:15:00,33606.2,-0.3206354573578743,30372.0,30577.0,33714.3
상승추세선 하향돌파 (하락),,,,2023-10-25 23:00:00,34246.0,-0.3839664901972191,33483.7,33685.0,34378.0
상승추세선 하향돌파 (하락),,,,2023-10-27 12:30:00,33888.0,-0.15321154979375368,33751.0,33779.5,33940.0
상승추세선 하향돌파 (하락),,,,2023-11-01 14:45:00,34058.0,-0.8015565108990631,34041.4,34135.5,34333.2
상승추세선 하향돌파 (하락),,,,2023-11-01 14:45:00,34058.0,-0.8878710011611249,34135.5,34333.2,34363.1
상승추세선 하향돌파 (하락),,,,2023-11-05 13:45:00,34755.3,-0.794380252100828,34640.4,34714.0,35033.6
상승추세선 하향돌파 (하락),,,,2023-11-08 06:15:00,35160.0,-0.1329288660145282,34526.6,34562.9,35206.8
상승추세선 하향돌파 (하락),,,,2023-11-10 07:45:00,36468.9,-0.02357617709546582,35401.0,35610.6,36477.5
상승추세선 하향돌파 (하락),,,,2023-11-12 23:15:00,36962.6,-0.3268273477906912,36748.8,36950.0,37083.8
상승추세선 하향돌파 (하락),,,,2023-11-16 08:15:00,37222.0,-0.3136122723900644,34542.9,35384.9,37339.1
상승추세선 하향돌파 (하락),,,,2023-11-17 14:45:00,35870.4,-0.7399454310998496,35500.0,36125.7,36137.8
상승추세선 하향돌파 (하락),,,,2023-11-19 01:15:00,36451.0,-0.03839297956945016,36203.3,36374.8,36465.0
상승추세선 하향돌파 (하락),,,,2023-11-21 07:00:00,37236.8,-0.10194555034500519,36620.1,36782.0,37274.8
상승추세선 하향돌파 (하락),,,,2023-11-21 07:00:00,37236.8,-0.2389755130471979,36782.0,37274.8,37326.0
상승추세선 하향돌파 (하락),,,,2023-11-23 11:15:00,37100.0,-0.4569321953405336,36231.1,37263.3,37270.3
상승추세선 하향돌파 (하락),,,,2023-11-25 09:30:00,37683.7,-0.13171354820929035,37553.6,37580.0,37733.4
상승추세선 하향돌파 (하락),,,,2023-11-26 01:30:00,37684.0,-0.05622566648631248,37582.8,37622.9,37705.2
상승추세선 하향돌파 (하락),,,,2023-11-29 14:30:00,37880.4,-0.07781608498044046,36933.0,37635.8,37909.9
상승추세선 하향돌파 (하락),,,,2023-11-30 08:15:00,37665.5,-0.0835610260763456,37566.0,37581.8,37697.0
상승추세선 하향돌파 (하락),,,,2023-12-03 03:00:00,39280.0,-0.02621512179851747,38650.0,38706.9,39290.3
상승추세선 하향돌파 (하락),,,,2023-12-04 15:30:00,41113.7,-0.5450059266068432,39380.8,39450.6,41339.0
상승추세선 하향돌파 (하락),,,,2023-12-08 07:00:00,43374.1,-0.038717795666840076,42942.9,43089.0,43390.9
상승추세선 하향돌파 (하락),,,,2023-12-09 08:30:00,43746.0,-0.7284362448090408,43111.0,43657.6,44067.0
상승추세선 하향돌파 (하락),,,,2023-12-10 23:00:00,43660.9,-0.21164021164020833,43326.6,43637.0,43753.5
상승추세선 하향돌파 (하락),,,,2023-12-12 14:45:00,41312.2,-0.6452543860704006,40242.4,41412.4,41580.5
상승추세선 하향돌파 (하락),,,,2023-12-14 13:15:00,41951.0,-1.7697415868199042,40985.4,42697.6,42706.8
상승추세선 하향돌파 (하락),,,,2023-12-15 13:00:00,42474.8,-0.1387132116105309,41190.0,42443.1,42533.8
상승추세선 하향돌파 (하락),,,,2023-12-17 01:00:00,42130.4,-0.06380864049642992,41619.8,42114.8,42157.3
상승추세선 하향돌파 (하락),,,,2023-12-19 14:00:00,42578.5,-0.6189941578341672,40566.0,41165.0,42843.7
상승추세선 하향돌파 (하락),,,,2023-12-20 20:00:00,43242.0,-0.6159503562399449,42206.3,42705.1,43510.0
상승추세선 하향돌파 (하락),,,,2023-12-21 14:45:00,43457.1,-0.06967535424054533,43242.0,43324.3,43487.4
상승추세선 하향돌파 (하락),,,,2023-12-21 14:45:00,43457.1,-0.37482290477434976,43324.3,43487.4,43620.6
상승추세선 하향돌파 (하락),,,,2023-12-22 07:00:00,43717.5,-0.09552255177757164,43388.7,43394.1,43759.3
상승추세선 하향돌파 (하락),,,,2023-12-24 00:15:00,43635.0,-0.0160395948856606,43262.9,43513.8,43642.0
상승추세선 하향돌파 (하락),,,,2023-12-26 03:30:00,43400.0,-0.0656251079360328,42534.1,43077.2,43428.5
상승추세선 하향돌파 (하락),,,,2023-12-28 05:00:00,43168.6,-0.3837553565371165,42138.7,42729.4,43334.9
상승추세선 하향돌파 (하락),,,,2023-12-31 22:45:00,42096.0,-0.6874684458117305,42012.5,42376.3,42387.4
상승추세선 하향돌파 (하락),,,,2024-01-02 14:45:00,45039.1,-0.4491372012475147,42605.4,43421.8,45242.3
상승추세선 하향돌파 (하락),,,,2024-01-07 16:45:00,43835.9,-0.11324899283591222,43840.8,43850.8,43885.6
상승추세선 하향돌파 (하락),,,,2024-01-09 08:45:00,46531.0,-0.19946808510638298,44465.0,46261.0,46624.0
상승추세선 하향돌파 (하락),,,,2024-01-14 00:30:00,42681.2,-0.05877352990075426,42449.0,42506.0,42706.3
상승추세선 하향돌파 (하락),,,,2024-01-15 14:15:00,42222.0,-0.6590262598789203,41708.8,42488.0,42502.1
상승추세선 하향돌파 (하락),,,,2024-01-16 14:30:00,42003.9,-1.412255665921844,42159.2,42328.5,42605.6
상승추세선 하향돌파 (하락),,,,2024-01-18 10:45:00,42388.6,-0.26915747123732786,42195.7,42442.3,42503.0
상승추세선 하향돌파 (하락),,,,2024-01-19 14:15:00,41050.1,-0.21924973809137113,40669.0,40743.7,41140.3
상승추세선 하향돌파 (하락),,,,2024-01-21 06:15:00,41557.6,-0.14249019028328133,41480.0,41518.9,41616.9
상승추세선 하향돌파 (하락),,,,2024-01-24 18:15:00,39579.0,-0.4351982290199235,38531.5,39561.0,39752.0
상승추세선 하향돌파 (하락),,,,2024-01-26 23:45:00,41790.0,-0.049030745865273076,39810.0,39882.2,41810.5
상승추세선 하향돌파 (하락),,,,2024-02-02 10:00:00,42922.2,-0.001164884781246287,41931.0,42855.0,42922.7
상승추세선 하향돌파 (하락),,,,2024-02-03 15:00:00,42859.1,-0.18305591589674935,42520.3,42742.0,42937.7
상승추세선 하향돌파 (하락),,,,2024-02-07 03:00:00,42945.3,-0.05352783330967247,42615.1,42631.0,42968.3
상승추세선 하향돌파 (하락),,,,2024-02-07 02:30:00,42984.9,-0.06021743376082624,42631.0,42968.3,43010.8
상승추세선 하향돌파 (하락),,,,2024-02-11 10:45:00,47906.4,-0.33204344026962623,47142.3,47555.7,48066.0
상승추세선 하향돌파 (하락),,,,2024-02-12 06:45:00,47712.8,-0.5258000625456001,47906.4,47933.0,47965.0
상승추세선 하향돌파 (하락),,,,2024-02-12 06:45:00,47712.8,-0.6035102338419813,47933.0,47965.0,48002.5
상승추세선 하향돌파 (하락),,,,2024-02-13 11:00:00,49720.5,-0.08339696957517785,47725.2,49528.0,49762.0
상승추세선 하향돌파 (하락),,,,2024-02-15 07:30:00,51659.1,-0.14381396967149226,51196.3,51219.3,51733.5
상승추세선 하향돌파 (하락),,,,2024-02-17 05:15:00,51815.3,-0.08946872161921839,51600.6,51672.0,51861.7
상승추세선 하향돌파 (하락),,,,2024-02-19 14:00:00,52065.0,-0.07216530461051568,51930.1,52012.3,52102.6
상승추세선 하향돌파 (하락),,,,2024-02-25 15:30:00,51538.0,-0.046545905899693575,50600.0,51465.7,51562.0
상승추세선 하향돌파 (하락),,,,2024-02-29 13:15:00,62056.1,-0.1832073347273628,59811.7,61078.7,62170.0
상승추세선 하향돌파 (하락),,,,2024-03-01 14:30:00,61544.5,-0.5193499477902216,60600.0,60827.0,61865.8
상승추세선 하향돌파 (하락),,,,2024-03-05 16:00:00,64521.0,-1.586909370452727,64557.1,64878.0,65561.4
상승추세선 하향돌파 (하락),,,,2024-03-10 13:45:00,69152.6,-0.13545830541369425,68050.1,68275.0,69246.4
상승추세선 하향돌파 (하락),,,,2024-03-12 03:15:00,71559.1,-0.33787500853042657,66923.0,71303.0,71801.7
상승추세선 하향돌파 (하락),,,,2024-03-14 11:15:00,72666.6,-0.04195490604164403,71673.6,72550.0,72697.1
상승추세선 하향돌파 (하락),,,,2024-03-16 10:15:00,68306.3,-0.4731098191779182,65559.2,67346.9,68631.0
상승추세선 하향돌파 (하락),,,,2024-03-18 13:45:00,67172.7,-0.2266607055594343,66458.2,66832.7,67325.3
상승추세선 하향돌파 (하락),,,,2024-03-21 13:45:00,66555.9,-0.1651516515165239,62055.6,66073.5,66666.0
상승추세선 하향돌파 (하락),,,,2024-03-23 23:45:00,63875.6,-0.6170630536997311,62098.0,63001.1,64272.2
상승추세선 하향돌파 (하락),,,,2024-03-23 23:00:00,64519.8,-0.2620216944687916,63001.1,64272.2,64689.3
상승추세선 하향돌파 (하락),,,,2024-03-26 13:30:00,70104.5,-0.2849023110797597,66729.5,69600.0,70304.8
상승추세선 하향돌파 (하락),,,,2024-03-27 14:00:00,68400.0,-1.5373985144239073,69333.0,69431.2,69468.0
상승추세선 하향돌파 (하락),,,,2024-03-29 03:15:00,70324.8,-0.1813985573279097,68400.0,68955.0,70452.6
상승추세선 하향돌파 (하락),,,,2024-03-29 03:15:00,70324.8,-0.3813355242655142,68955.0,70452.6,70594.0
상승추세선 하향돌파 (하락),,,,2024-04-01 03:15:00,70585.9,-0.13581977847228216,70215.0,70343.0,70681.9
상승추세선 하향돌파 (하락),,,,2024-04-05 05:15:00,66305.0,-1.4245530988712953,65035.7,66115.0,67263.2
상승추세선 하향돌파 (하락),,,,2024-04-07 19:45:00,68855.0,-0.48417401358577833,67522.0,69020.0,69190.0
상승추세선 하향돌파 (하락),,,,2024-04-09 00:15:00,71436.8,-0.1445341220740146,68855.0,71305.0,71540.2
상승추세선 하향돌파 (하락),,,,2024-04-13 17:00:00,67016.0,-0.09540846750149076,64669.0,65684.7,67080.0
상승추세선 하향돌파 (하락),,,,2024-04-13 17:00:00,67016.0,-0.19955323901712585,65684.7,67080.0,67150.0
상승추세선 하향돌파 (하락),,,,2024-04-14 14:15:00,63800.0,-0.06703966618005931,59765.9,62088.7,63842.8
상승추세선 하향돌파 (하락),,,,2024-04-17 07:00:00,63153.3,-0.7493308984269954,61512.5,61657.5,63630.1
상승추세선 하향돌파 (하락),,,,2024-04-21 09:15:00,64695.9,-0.17605307822866617,63228.0,64520.0,64810.0
상승추세선 하향돌파 (하락),,,,2024-04-23 07:30:00,65935.8,-0.2710428798305938,65562.6,65601.0,66115.0
상승추세선 하향돌파 (하락),,,,2024-04-24 13:00:00,65933.2,-0.3566614074221844,65750.0,65929.8,66169.2
상승추세선 하향돌파 (하락),,,,2024-04-25 07:45:00,63800.1,-0.021155365000564145,63562.6,63780.0,63813.6
상승추세선 하향돌파 (하락),,,,2024-04-26 12:45:00,63910.1,-0.006884196856740575,62745.2,63780.0,63914.5
상승추세선 하향돌파 (하락),,,,2024-04-28 22:00:00,63336.1,-0.1395357637257468,62712.0,63309.8,63424.6
상승추세선 하향돌파 (하락),,,,2024-04-30 05:30:00,63039.0,-0.07766928734466143,61729.9,62520.0,63088.0
상승추세선 하향돌파 (하락),,,,2024-05-03 10:30:00,58880.0,-0.1690412124849687,58572.1,58780.0,58979.7
상승추세선 하향돌파 (하락),,,,2024-05-05 01:15:00,63112.4,-0.24278443397717345,58816.1,62512.8,63266.0
상승추세선 하향돌파 (하락),,,,2024-05-05 00:30:00,63424.0,-0.10662811044592772,62512.8,63266.0,63491.7
상승추세선 하향돌파 (하락),,,,2024-05-06 12:30:00,63602.1,-0.12233040201005253,62866.1,63536.1,63680.0
상승추세선 하향돌파 (하락),,,,2024-05-10 14:00:00,62455.9,-0.2749564492615888,60855.1,62623.4,62628.1
상승추세선 하향돌파 (하락),,,,2024-05-10 14:00:00,62455.9,-0.4967523105036438,62623.4,62628.1,62767.7
상승추세선 하향돌파 (하락),,,,2024-05-11 09:15:00,60634.1,-0.108566721581551,60111.0,60650.0,60700.0
상승추세선 하향돌파 (하락),,,,2024-05-14 01:30:00,62637.4,-0.05999202233745281,60707.8,62530.0,62675.0
상승추세선 하향돌파 (하락),,,,2024-05-16 14:45:00,65518.0,-0.15346235143335224,61123.6,61310.0,65618.7
상승추세선 하향돌파 (하락),,,,2024-05-18 14:30:00,66469.0,-0.3539459501597416,66161.0,66640.0,66705.1
상승추세선 하향돌파 (하락),,,,2024-05-19 12:15:00,66822.0,-0.11659192825112107,66469.0,66735.7,66900.0
상승추세선 하향돌파 (하락),,,,2024-05-21 13:45:00,70534.5,-0.375,66250.1,66708.9,70800.0
상승추세선 하향돌파 (하락),,,,2024-05-21 13:30:00,70824.3,-0.04346899517466338,66708.9,70800.0,70855.1
상승추세선 하향돌파 (하락),,,,2024-05-22 18:15:00,69260.5,-0.2958281749345003,69155.0,69232.4,69466.0
상승추세선 하향돌파 (하락),,,,2024-05-26 02:15:00,68864.9,-0.27413249302722054,68626.5,68821.7,69054.2
상승추세선 하향돌파 (하락),,,,2024-05-30 08:00:00,67188.5,-0.43714389443345414,67124.7,67173.8,67483.5
상승추세선 하향돌파 (하락),,,,2024-06-03 14:45:00,68556.0,-0.4543415097380592,67279.7,67621.5,68868.9
상승추세선 하향돌파 (하락),,,,2024-06-04 09:00:00,68730.7,-0.11176091013203299,68556.0,68668.0,68807.6
상승추세선 하향돌파 (하락),,,,2024-06-05 23:15:00,70707.6,-0.2544859496670722,70101.0,70406.0,70888.0
상승추세선 하향돌파 (하락),,,,2024-06-07 12:30:00,70668.0,-0.5815867442115578,70144.1,70661.3,71081.4
상승추세선 하향돌파 (하락),,,,2024-06-10 00:00:00,69521.7,-0.07962389924272315,69157.1,69240.0,69577.1
상승추세선 하향돌파 (하락),,,,2024-06-11 01:45:00,68457.9,-1.2493508741561448,69168.4,69234.6,69324.0
상승추세선 하향돌파 (하락),,,,2024-06-13 03:30:00,66937.7,-0.4318141250669407,66859.4,67151.1,67228.0
상승추세선 하향돌파 (하락),,,,2024-06-17 01:15:00,66252.5,-0.25383500122702846,66007.5,66156.1,66421.1
상승추세선 하향돌파 (하락),,,,2024-06-23 10:00:00,64286.0,-0.021306475768933745,64190.0,64214.7,64299.7
상승추세선 하향돌파 (하락),,,,2024-06-26 05:15:00,61534.4,-0.08913886015915337,60581.0,61110.7,61589.3
상승추세선 하향돌파 (하락),,,,2024-06-28 07:30:00,61352.9,-0.14663997526162223,60564.8,61323.2,61443.0
상승추세선 하향돌파 (하락),,,,2024-06-29 22:15:00,60882.3,-0.00739076450067995,60011.5,60880.1,60886.8
상승추세선 하향돌파 (하락),,,,2024-07-01 08:15:00,63044.0,-0.19156178263278714,61280.5,61777.2,63165.0
상승추세선 하향돌파 (하락),,,,2024-07-07 04:00:00,57760.5,-0.0745628299967451,56002.0,56480.7,57803.6
상승추세선 하향돌파 (하락),,,,2024-07-09 13:45:00,56900.0,-0.13146139791382075,54856.0,56257.0,56974.9
상승추세선 하향돌파 (하락),,,,2024-07-10 17:15:00,57416.1,-0.07274891703317195,56862.0,57309.1,57457.9
상승추세선 하향돌파 (하락),,,,2024-07-11 22:45:00,57103.9,-0.1343110525054706,57016.1,57162.0,57180.7
상승추세선 하향돌파 (하락),,,,2024-07-13 22:15:00,58228.5,-0.5161402753431514,57711.2,57885.0,58530.6
상승추세선 하향돌파 (하락),,,,2024-07-17 11:15:00,64700.2,-0.11686445113075133,63029.3,64111.1,64775.9
상승추세선 하향돌파 (하락),,,,2024-07-18 14:15:00,64183.5,-0.33803717943143463,63858.7,64366.2,64401.2
상승추세선 하향돌파 (하락),,,,2024-07-20 13:00:00,66376.7,-0.03524091078177402,63361.9,66202.0,66400.1
상승추세선 하향돌파 (하락),,,,2024-07-20 13:00:00,66376.7,-0.06669577392692509,66202.0,66400.1,66421.0
상승추세선 하향돌파 (하락),,,,2024-07-29 13:30:00,69312.0,-0.08504994882587824,67588.0,67804.0,69371.0
상승추세선 하향돌파 (하락),,,,2024-07-31 19:15:00,65625.0,-0.47770700636942676,65477.0,65901.3,65940.0
상승추세선 하향돌파 (하락),,,,2024-08-02 14:45:00,63058.7,-1.0946317714558202,62217.7,63650.0,63756.6
상승추세선 하향돌파 (하락),,,,2024-08-04 07:30:00,60313.2,-0.3230940344115805,59822.0,60270.5,60508.7
상승추세선 하향돌파 (하락),,,,2024-08-06 08:30:00,54790.5,-0.7797743978298124,52521.1,53846.6,55221.1
상승추세선 하향돌파 (하락),,,,2024-08-07 14:15:00,56128.0,-0.6759865510529109,54324.7,55518.4,56510.0
상승추세선 하향돌파 (하락),,,,2024-08-08 13:45:00,56622.0,-0.581180973785402,54517.7,56660.0,56953.0
상승추세선 하향돌파 (하락),,,,2024-08-09 04:45:00,60675.9,-0.11424752203051339,56622.0,59181.0,60745.3
상승추세선 하향돌파 (하락),,,,2024-08-11 11:00:00,60537.2,-0.5040768261074724,60365.0,60723.5,60843.9
상승추세선 하향돌파 (하락),,,,2024-08-13 09:15:00,58666.5,-0.253504172362432,57736.0,58396.2,58815.6
상승추세선 하향돌파 (하락),,,,2024-08-14 13:15:00,60542.8,-0.07328280560909595,60208.2,60357.4,60587.2
상승추세선 하향돌파 (하락),,,,2024-08-17 21:15:00,59136.6,-0.14504622398581865,59017.7,59034.9,59222.5
상승추세선 하향돌파 (하락),,,,2024-08-18 17:15:00,59324.7,-0.516995623228754,59101.2,59222.0,59633.0
상승추세선 하향돌파 (하락),,,,2024-08-21 01:15:00,58728.4,-0.12941186473824035,57753.1,58400.0,58804.5
상승추세선 하향돌파 (하락),,,,2024-08-24 16:00:00,63818.0,-0.00015669535758436058,60761.1,63596.8,63818.1
상승추세선 하향돌파 (하락),,,,2024-08-26 00:45:00,63811.0,-0.2379493208594897,63520.0,63750.0,63963.2
상승추세선 하향돌파 (하락),,,,2024-08-29 22:00:00,58618.2,-0.4243391995651337,57800.0,58833.3,58868.0
상승추세선 하향돌파 (하락),,,,2024-09-03 13:30:00,58467.5,-0.36230340439092396,58062.9,58271.2,58680.1
상승추세선 하향돌파 (하락),,,,2024-09-04 13:30:00,56260.0,-0.29065645824471853,55501.0,56130.0,56424.0
상승추세선 하향돌파 (하락),,,,2024-09-10 03:00:00,56565.2,-0.06183723732424974,54560.3,54760.0,56600.2
상승추세선 하향돌파 (하락),,,,2024-09-12 12:30:00,57685.3,-0.20051486820341827,55530.1,57182.5,57801.2
상승추세선 하향돌파 (하락),,,,2024-09-13 03:45:00,57800.0,-0.06172658064136354,57306.6,57645.6,57835.7
상승추세선 하향돌파 (하락),,,,2024-09-18 09:30:00,59815.3,-0.03292387398679216,58838.5,59531.2,59835.0
상승추세선 하향돌파 (하락),,,,2024-09-20 01:00:00,62562.5,-0.09182369849888214,59447.4,61782.2,62620.0
상승추세선 하향돌파 (하락),,,,2024-09-22 01:45:00,62962.0,-0.08331415785255775,62712.8,62935.6,63014.5
상승추세선 하향돌파 (하락),,,,2024-09-28 08:00:00,65587.4,-0.09322361786848712,65284.0,65483.6,65648.6
상승추세선 하향돌파 (하락),,,,2024-10-05 02:30:00,61938.0,-0.016142571188738943,60414.0,60753.9,61948.0
상승추세선 하향돌파 (하락),,,,2024-10-07 09:15:00,63089.0,-0.27141653506837116,61791.3,62253.8,63260.7
상승추세선 하향돌파 (하락),,,,2024-10-09 12:30:00,61751.0,-0.4346942789976211,61836.0,61952.7,62020.6
상승추세선 하향돌파 (하락),,,,2024-10-10 13:45:00,60528.1,-0.1038107969830527,60266.0,60339.0,60591.0
상승추세선 하향돌파 (하락),,,,2024-10-13 01:15:00,62808.0,-0.11720421044595977,62306.4,62460.5,62881.7
상승추세선 하향돌파 (하락),,,,2024-10-15 03:15:00,65584.2,-0.10022848438690467,64611.5,65543.9,65650.0
상승추세선 하향돌파 (하락),,,,2024-10-17 01:30:00,67357.0,-0.15519917227107694,66750.0,67085.3,67461.7
상승추세선 하향돌파 (하락),,,,2024-10-19 10:30:00,68256.0,-0.024021420076039777,67621.6,68100.0,68272.4
상승추세선 하향돌파 (하락),,,,2024-10-21 07:30:00,68570.2,-0.04344023323615585,68074.9,68177.5,68600.0
상승추세선 하향돌파 (하락),,,,2024-10-30 11:45:00,71930.0,-0.25570482455652993,71887.1,72028.6,72114.4
상승추세선 하향돌파 (하락),,,,2024-10-31 12:15:00,72000.0,-0.2079002079002079,71644.1,72056.5,72150.0
상승추세선 하향돌파 (하락),,,,2024-11-04 14:30:00,68233.9,-0.2986631754441719,67644.0,68200.0,68438.3
상승추세선 하향돌파 (하락),,,,2024-11-08 14:30:00,75695.9,-0.0093787564561587,75500.0,75610.0,75703.0
상승추세선 하향돌파 (하락),,,,2024-11-12 13:30:00,85250.0,-0.24362787889283546,80490.5,81463.7,85458.2
상승추세선 하향돌파 (하락),,,,2024-11-14 14:45:00,88711.0,-0.505820865391086,86113.6,87968.8,89162.0
상승추세선 하향돌파 (하락),,,,2024-11-16 11:30:00,91074.4,-0.02810098792536314,87768.1,90935.5,91100.0
상승추세선 하향돌파 (하락),,,,2024-11-19 13:45:00,91074.9,-0.18313934372329171,89721.0,90303.7,91242.0
상승추세선 하향돌파 (하락),,,,2024-11-21 14:30:00,96550.0,-0.23693083128313897,93781.2,94032.0,96779.3
상승추세선 하향돌파 (하락),,,,2024-11-24 09:15:00,97912.0,-0.0449181265057781,97185.9,97412.9,97956.0
상승추세선 하향돌파 (하락),,,,2024-11-25 13:00:00,97322.1,-0.5007570653468426,95800.3,96938.6,97811.9
상승추세선 하향돌파 (하락),,,,2024-11-28 02:45:00,95686.1,-0.09501227328870887,92419.9,92889.0,95777.1
상승추세선 하향돌파 (하락),,,,2024-11-30 01:00:00,96825.8,-0.08740023010922149,94770.4,95669.8,96910.5
상승추세선 하향돌파 (하락),,,,2024-12-03 07:15:00,95385.2,-0.07061096292820597,94455.0,95147.4,95452.6
상승추세선 하향돌파 (하락),,,,2024-12-05 15:30:00,101267.1,-0.14741176493788982,94638.0,97966.7,101416.6
상승추세선 하향돌파 (하락),,,,2024-12-05 15:15:00,101577.9,-0.7856826814791313,97966.7,101416.6,102382.3
상승추세선 하향돌파 (하락),,,,2024-12-07 05:45:00,98883.4,-0.1947991650887598,90530.0,97517.5,99076.4
상승추세선 하향돌파 (하락),,,,2024-12-08 05:00:00,99615.0,-0.038834483817456945,98883.4,99063.5,99653.7
상승추세선 하향돌파 (하락),,,,2024-12-09 00:30:00,99312.5,-0.2125115550018086,98729.1,99406.1,99524.0
상승추세선 하향돌파 (하락),,,,2024-12-12 11:00:00,100219.0,-0.1529303345039727,97212.0,99605.2,100372.5
상승추세선 하향돌파 (하락),,,,2024-12-12 11:00:00,100219.0,-0.20671814041300393,99605.2,100372.5,100426.6
상승추세선 하향돌파 (하락),,,,2024-12-14 08:30:00,101549.3,-0.016245625988275583,99630.2,101038.1,101565.8
상승추세선 하향돌파 (하락),,,,2024-12-16 11:30:00,104077.9,-0.06922707633221874,101470.1,102600.0,104150.0
상승추세선 하향돌파 (하락),,,,2024-12-17 15:15:00,105907.3,-0.42974905137432384,103304.3,105476.5,106364.4
상승추세선 하향돌파 (하락),,,,2024-12-17 15:15:00,105907.3,-0.5868631638232437,105476.5,106364.4,106532.5
상승추세선 하향돌파 (하락),,,,2024-12-25 12:00:00,97562.6,-0.1284701002476248,93800.0,97198.6,97688.1
상승추세선 하향돌파 (하락),,,,2024-12-25 11:45:00,97750.0,-0.009206313485203408,97198.6,97688.1,97759.0
상승추세선 하향돌파 (하락),,,,2024-12-26 04:30:00,98185.0,-0.15467204137604812,97562.6,98101.5,98337.1
상승추세선 하향돌파 (하락),,,,2024-12-29 12:30:00,94840.3,-0.06217116459236264,94266.8,94758.0,94899.3
상승추세선 하향돌파 (하락),,,,2025-01-01 08:15:00,93250.5,-0.08486044635308705,91981.4,93138.2,93329.7
상승추세선 하향돌파 (하락),,,,2025-01-01 08:15:00,93250.5,-0.23792992407424418,93138.2,93329.7,93472.9
상승추세선 하향돌파 (하락),,,,2025-01-03 01:15:00,96605.3,-0.013455008005729765,94339.9,95889.7,96618.3
상승추세선 하향돌파 (하락),,,,2025-01-06 14:15:00,98612.2,-0.06789678067921101,97536.7,97861.0,98679.2
상승추세선 하향돌파 (하락),,,,2025-01-11 17:15:00,93888.3,-0.09863695853416869,92161.2,93800.0,93981.0
상승추세선 하향돌파 (하락),,,,2025-01-11 17:00:00,94009.1,-0.2648031428398559,93800.0,93981.0,94258.7
상승추세선 하향돌파 (하락),,,,2025-01-13 06:30:00,93787.4,-0.08629102019422938,93660.0,93740.0,93868.4
상승추세선 하향돌파 (하락),,,,2025-01-14 16:00:00,95609.9,-0.10677855777901815,89100.0,94714.4,95712.1
상승추세선 하향돌파 (하락),,,,2025-01-16 08:30:00,98921.7,-0.20992678286449262,96469.6,98555.9,99129.8
상승추세선 하향돌파 (하락),,,,2025-01-18 03:30:00,103008.0,-0.9786015034702863,97291.0,99331.0,104026.0
상승추세선 하향돌파 (하락),,,,2025-01-19 09:00:00,103833.6,-0.1320561811045094,103107.3,103734.2,103970.9
상승추세선 하향돌파 (하락),,,,2025-01-19 09:00:00,103833.6,-0.3781144551784135,103734.2,103970.9,104227.7
상승추세선 하향돌파 (하락),,,,2025-01-22 04:30:00,105251.7,-0.0746224021008255,101073.9,102777.1,105330.3
상승추세선 하향돌파 (하락),,,,2025-01-24 23:00:00,104386.7,-0.22519099656574726,102147.3,102691.8,104622.3
상승추세선 하향돌파 (하락),,,,2025-01-26 09:30:00,104400.0,-0.06403942301340826,104036.9,104380.2,104466.9
상승추세선 하향돌파 (하락),,,,2025-01-28 14:00:00,101767.0,-0.5430857473463827,98793.3,101280.0,102322.7
상승추세선 하향돌파 (하락),,,,2025-01-30 14:00:00,104628.0,-0.14220678202277215,101335.9,103235.0,104777.0
상승추세선 하향돌파 (하락),,,,2025-01-30 23:45:00,104633.0,-0.0957670578507532,104628.0,104711.0,104733.3
상승추세선 하향돌파 (하락),,,,2025-02-04 20:00:00,98072.3,-0.17934116042483814,94091.0,97800.0,98248.5
상승추세선 하향돌파 (하락),,,,2025-02-05 18:00:00,96768.2,-0.4540703798801854,96086.1,97094.2,97209.6
상승추세선 하향돌파 (하락),,,,2025-02-07 17:15:00,97000.0,-0.14319671481412305,95631.8,96532.6,97139.1
상승추세선 하향돌파 (하락),,,,2025-02-08 15:30:00,95635.8,-0.19161046719139474,95556.5,95723.8,95819.4
상승추세선 하향돌파 (하락),,,,2025-02-09 10:00:00,96600.4,-0.13088382767997128,96302.0,96314.4,96727.0
상승추세선 하향돌파 (하락),,,,2025-02-15 17:15:00,97304.9,-0.0668583752695962,96639.0,97258.1,97370.0
상승추세선 하향돌파 (하락),,,,2025-02-19 19:00:00,95370.0,-0.13612565445026178,95008.6,95018.5,95500.0
상승추세선 하향돌파 (하락),,,,2025-02-21 15:15:00,97563.0,-0.5085573674533452,96758.0,97954.0,98061.7
상승추세선 하향돌파 (하락),,,,2025-02-23 05:15:00,96260.9,-0.09444546500899309,96152.7,96344.2,96351.9
상승추세선 하향돌파 (하락),,,,2025-02-26 08:00:00,88073.5,-0.0659241407168437,86055.5,86515.7,88131.6
상승추세선 하향돌파 (하락),,,,2025-03-01 11:00:00,84489.1,-0.2088207885346856,83168.4,83760.9,84665.9
상승추세선 하향돌파 (하락),,,,2025-03-02 13:15:00,85573.7,-0.046721494340274984,84280.0,85486.9,85613.7
상승추세선 하향돌파 (하락),,,,2025-03-12 02:30:00,82206.1,-0.3789439497423582,76545.0,79000.0,82518.8
상승추세선 하향돌파 (하락),,,,2025-03-15 07:15:00,83911.7,-0.00989037178265361,82585.4,83702.0,83920.0
상승추세선 하향돌파 (하락),,,,2025-03-20 10:15:00,84746.4,-0.7258158986013236,82475.5,83505.9,85366.0
상승추세선 하향돌파 (하락),,,,2025-03-21 06:00:00,84168.0,-0.06482820525607833,83605.8,83880.0,84222.6
상승추세선 하향돌파 (하락),,,,2025-03-22 13:15:00,84025.0,-0.06398759259171503,83136.3,83950.8,84078.8
상승추세선 하향돌파 (하락),,,,2025-03-25 22:15:00,87205.8,-0.35900365630712644,86302.0,86872.8,87520.0
상승추세선 하향돌파 (하락),,,,2025-03-27 10:45:00,87070.0,-0.150571149742037,85800.1,86518.6,87201.3
상승추세선 하향돌파 (하락),,,,2025-03-30 13:30:00,82513.5,-0.361658193761849,81602.9,82221.3,82813.0
상승추세선 하향돌파 (하락),,,,2025-04-01 14:00:00,82601.4,-0.30126371437883165,81600.0,82213.1,82851.0
상승추세선 하향돌파 (하락),,,,2025-04-05 00:30:00,83374.6,-0.09885318325223377,81605.0,81800.0,83457.1
상승추세선 하향돌파 (하락),,,,2025-04-08 14:45:00,78427.0,-0.44454486831214757,77976.0,78738.9,78777.2
상승추세선 하향돌파 (하락),,,,2025-04-10 07:30:00,81255.5,-0.2275272345065408,74565.9,75742.3,81440.8
상승추세선 하향돌파 (하락),,,,2025-04-13 11:45:00,84147.0,-0.11360034756720415,82753.3,83260.1,84242.7
상승추세선 하향돌파 (하락),,,,2025-04-15 14:15:00,84764.5,-0.6595778842175984,83639.4,84300.9,85327.3
상승추세선 하향돌파 (하락),,,,2025-04-16 17:45:00,83242.7,-0.25642039524687654,83055.0,83075.3,83456.7
상승추세선 하향돌파 (하락),,,,2025-04-18 04:00:00,84602.2,-0.08621178337931296,83677.4,84452.8,84675.2
상승추세선 하향돌파 (하락),,,,2025-04-19 15:45:00,85041.6,-0.06862514688600961,84250.0,84290.0,85100.0
상승추세선 하향돌파 (하락),,,,2025-04-25 02:45:00,92828.6,-0.18322777664275333,91631.5,92613.3,92999.0
상승추세선 하향돌파 (하락),,,,2025-04-26 05:15:00,94264.1,-0.1503082431201345,92775.6,94329.6,94406.0
상승추세선 하향돌파 (하락),,,,2025-04-26 04:30:00,94500.0,-0.010580890911014709,94329.6,94406.0,94510.0
상승추세선 하향돌파 (하락),,,,2025-04-29 21:15:00,94280.7,-0.19700042766348158,93381.9,94146.8,94466.8
상승추세선 하향돌파 (하락),,,,2025-04-29 21:00:00,94576.7,-0.026109550175787134,94146.8,94466.8,94601.4
상승추세선 하향돌파 (하락),,,,2025-05-01 23:00:00,96140.1,-0.09996228034535523,93923.2,95772.0,96236.3
상승추세선 하향돌파 (하락),,,,2025-05-03 01:15:00,96456.8,-0.04487041982340216,96132.9,96306.9,96500.1
상승추세선 하향돌파 (하락),,,,2025-05-06 08:15:00,93959.2,-0.011493029690329797,93543.9,93801.0,93970.0
상승추세선 하향돌파 (하락),,,,2025-05-07 13:15:00,96670.5,-0.11334963143287272,94401.9,96157.1,96780.2
상승추세선 하향돌파 (하락),,,,2025-05-09 14:30:00,102354.0,-0.02373549863594425,99055.0,102314.2,102378.3
상승추세선 하향돌파 (하락),,,,2025-05-10 15:30:00,103110.6,-0.21049453149724032,102264.1,102692.2,103328.1
상승추세선 하향돌파 (하락),,,,2025-05-14 07:15:00,103335.2,-0.06266924564797187,101380.0,102745.0,103400.0
상승추세선 하향돌파 (하락),,,,2025-05-16 07:45:00,103653.1,-0.1011006380230866,101333.0,102500.0,103758.0
상승추세선 하향돌파 (하락),,,,2025-05-18 20:00:00,103228.0,-0.4231831436710121,102725.0,102852.8,103666.7
상승추세선 하향돌파 (하락),,,,2025-05-20 12:15:00,104742.2,-0.06249540825721774,102100.0,104573.1,104807.7
상승추세선 하향돌파 (하락),,,,2025-05-21 09:15:00,106102.9,-0.031186402351705188,104125.4,105888.0,106136.0
상승추세선 하향돌파 (하락),,,,2025-05-23 04:15:00,110653.6,-0.02674299261314388,110218.4,110495.3,110683.2
상승추세선 하향돌파 (하락),,,,2025-05-24 22:15:00,108312.5,-0.14474114843343058,106755.0,107506.1,108469.5
상승추세선 하향돌파 (하락),,,,2025-05-26 13:45:00,109423.3,-0.07524722457369268,106538.4,107106.5,109505.7
상승추세선 하향돌파 (하락),,,,2025-06-01 01:30:00,104103.6,-0.12903151534803492,103036.8,103246.0,104238.1
상승추세선 하향돌파 (하락),,,,2025-06-02 09:45:00,104423.1,-0.0756921863845845,103719.7,104302.4,104502.2
상승추세선 하향돌파 (하락),,,,2025-06-03 08:00:00,104936.7,-0.1190727743099831,103606.4,103985.6,105061.8
상승추세선 하향돌파 (하락),,,,2025-06-04 11:30:00,105125.1,-0.07119771863117318,104971.9,105052.5,105200.0
상승추세선 하향돌파 (하락),,,,2025-06-07 00:15:00,103811.0,-0.19324693304618698,100350.0,103463.9,104012.0
상승추세선 하향돌파 (하락),,,,2025-06-08 08:45:00,105311.2,-0.02734004176951102,104645.4,105220.7,105340.0
상승추세선 하향돌파 (하락),,,,2025-06-10 13:30:00,108910.0,-0.0972334336244221,105264.1,106835.4,109016.0
상승추세선 하향돌파 (하락),,,,2025-06-14 12:30:00,104672.0,-0.04917711879377599,104057.2,104590.9,104723.5
상승추세선 하향돌파 (하락),,,,2025-06-19 13:15:00,104527.8,-0.028883490502876003,103422.3,104394.9,104558.0
상승추세선 하향돌파 (하락),,,,2025-06-21 15:30:00,103235.0,-0.02614708217931088,102260.0,102913.2,103262.0
상승추세선 하향돌파 (하락),,,,2025-06-26 09:00:00,107216.0,-0.21508258482546833,106672.8,107005.4,107447.1
상승추세선 하향돌파 (하락),,,,2025-06-28 13:15:00,107125.0,-0.07192023290589067,106388.0,106761.0,107202.1
상승추세선 하향돌파 (하락),,,,2025-06-29 21:00:00,107171.2,-0.047378336535415226,107100.0,107113.8,107222.0
상승추세선 하향돌파 (하락),,,,2025-07-05 16:30:00,107820.8,-0.08358740072837531,107685.9,107809.9,107911.0
상승추세선 하향돌파 (하락),,,,2025-07-07 07:00:00,108573.5,-0.035447280226862596,107762.6,108225.7,108612.0
상승추세선 하향돌파 (하락),,,,2025-07-09 02:45:00,108540.5,-0.02440889036263321,107369.7,108029.9,108567.0
상승추세선 하향돌파 (하락),,,,2025-07-10 10:45:00,110825.0,-0.03436670993324724,108447.8,110832.8,110863.1
상승추세선 하향돌파 (하락),,,,2025-07-12 12:30:00,117380.4,-0.06453469463510901,116600.8,117101.9,117456.2
상승추세선 하향돌파 (하락),,,,2025-07-15 00:30:00,119050.7,-0.1523914640651342,117653.1,118168.2,119232.4
상승추세선 하향돌파 (하락),,,,2025-07-15 00:30:00,119050.7,-0.37731712378747123,118168.2,119232.4,119501.6
상승추세선 하향돌파 (하락),,,,2025-07-16 22:45:00,118571.0,-0.20645315499641287,117031.0,118127.9,118816.3
상승추세선 하향돌파 (하락),,,,2025-07-18 08:30:00,118444.0,-0.4908080606108444,117449.9,118423.5,119028.2
상승추세선 하향돌파 (하락),,,,2025-07-18 07:15:00,119681.1,-0.08465343434975407,118423.5,119028.2,119782.5
상승추세선 하향돌파 (하락),,,,2025-07-23 12:45:00,117828.4,-0.018328383538401206,116562.6,117601.2,117850.0
상승추세선 하향돌파 (하락),,,,2025-07-24 06:45:00,117341.8,-0.013548322777281917,117300.0,117309.4,117357.7
상승추세선 하향돌파 (하락),,,,2025-07-27 00:00:00,117807.6,-0.01366448346129961,117150.0,117307.9,117823.7
상승추세선 하향돌파 (하락),,,,2025-07-26 23:45:00,117857.5,-0.013658698809577225,117307.9,117823.7,117873.6
상승추세선 하향돌파 (하락),,,,2025-07-28 07:00:00,118863.7,-0.07255149222362582,117876.8,118730.8,118950.0
상승추세선 하향돌파 (하락),,,,2025-07-29 14:00:00,117952.0,-0.14045288648036766,117401.5,117434.0,118117.9
상승추세선 하향돌파 (하락),,,,2025-07-30 11:45:00,117266.4,-0.3202057749243361,117055.6,117371.4,117643.1
상승추세선 하향돌파 (하락),,,,2025-08-04 13:30:00,114061.7,-0.03461839139290384,113531.5,114000.5,114101.2
상승추세선 하향돌파 (하락),,,,2025-08-06 13:30:00,113522.0,-0.1315193342218586,113207.5,113300.2,113671.5
상승추세선 하향돌파 (하락),,,,2025-08-08 10:45:00,116264.2,-0.06068691397587465,114218.0,115555.1,116334.8
상승추세선 하향돌파 (하락),,,,2025-08-11 18:00:00,119219.8,-0.1012228864275887,117910.0,118049.4,119340.6
상승추세선 하향돌파 (하락),,,,2025-08-14 10:30:00,121111.0,-0.20073404716426557,118900.5,120115.8,121354.6
상승추세선 하향돌파 (하락),,,,2025-08-15 12:30:00,118431.5,-0.14207419898819562,117241.3,117977.9,118600.0
상승추세선 하향돌파 (하락),,,,2025-08-16 10:00:00,117129.4,-0.08922326287596245,116719.3,116780.1,117234.0
상승추세선 하향돌파 (하락),,,,2025-08-19 00:15:00,115851.0,-0.06357575219085931,114577.7,114719.6,115924.7
상승추세선 하향돌파 (하락),,,,2025-08-31 09:45:00,108389.5,-0.060393711677654324,108176.0,108436.9,108455.0
상승추세선 하향돌파 (하락),,,,2025-09-01 20:45:00,108237.1,-0.10512131867725649,107202.0,108150.0,108351.0
상승추세선 하향돌파 (하락),,,,2025-09-04 02:15:00,111333.0,-0.19166842975325415,110476.8,110985.9,111546.8
상승추세선 하향돌파 (하락),,,,2025-09-06 09:15:00,110630.0,-0.014821991497232788,110155.0,110282.7,110646.4
상승추세선 하향돌파 (하락),,,,2025-09-07 17:15:00,110850.4,-0.12973627498324242,109888.0,110416.9,110994.4
상승추세선 하향돌파 (하락),,,,2025-09-09 00:15:00,111557.2,-0.24626092928180932,110555.3,110844.0,111832.6
상승추세선 하향돌파 (하락),,,,2025-09-11 12:30:00,113242.0,-0.4116608814872256,113100.0,113608.1,113710.1
상승추세선 하향돌파 (하락),,,,2025-09-16 13:45:00,114688.0,-0.17981698008436064,114316.3,114888.0,114894.6
상승추세선 하향돌파 (하락),,,,2025-09-18 22:45:00,116998.9,-0.07080519773355785,116859.0,116920.0,117081.8
상승추세선 하향돌파 (하락),,,,2025-09-20 23:30:00,115558.2,-0.06226746991702859,115360.0,115606.0,115630.2
상승추세선 하향돌파 (하락),,,,2025-09-22 17:00:00,112175.5,-0.11708976288209996,111500.0,112111.2,112307.0
상승추세선 하향돌파 (하락),,,,2025-09-24 22:45:00,113203.0,-0.012718893032337945,112330.3,112750.1,113217.4
상승추세선 하향돌파 (하락),,,,2025-09-27 08:00:00,109200.3,-0.05610388279139506,108700.0,108951.5,109261.6
상승추세선 하향돌파 (하락),,,,2025-09-28 06:15:00,109206.2,-0.05930210211309763,108988.0,109113.9,109271.0
상승추세선 하향돌파 (하락),,,,2025-09-30 05:15:00,113877.0,-0.07028960898443871,111864.0,113409.4,113957.1
상승추세선 하향돌파 (하락),,,,2025-10-02 15:00:00,118445.0,-0.03274709285151464,116678.7,118202.7,118483.8
상승추세선 하향돌파 (하락),,,,2025-10-04 00:30:00,121925.1,-0.007299030623119211,119160.0,119805.0,121934.0
상승추세선 하향돌파 (하락),,,,2025-10-05 16:45:00,122104.0,-0.2920913232463677,121472.9,122082.6,122461.7
상승추세선 하향돌파 (하락),,,,2025-10-06 07:45:00,123230.0,-0.017768488761628974,122104.0,122418.7,123251.9
상승추세선 하향돌파 (하락),,,,2025-10-09 01:00:00,122510.0,-0.14597873812751566,121000.0,121615.6,122689.1
상승추세선 하향돌파 (하락),,,,2025-10-13 11:00:00,114111.0,-0.1836059723112696,111081.0,111121.0,114320.9
상승추세선 하향돌파 (하락),,,,2025-10-19 06:30:00,106500.0,-0.1764018888686819,106383.6,106430.6,106688.2
상승추세선 하향돌파 (하락),,,,2025-10-20 16:00:00,110493.0,-0.04052912216454725,107322.6,107373.7,110537.8
상승추세선 하향돌파 (하락),,,,2025-10-22 07:00:00,107523.1,-0.22817322235521736,107412.1,107429.9,107769.0
상승추세선 하향돌파 (하락),,,,2025-10-22 07:00:00,107523.1,-0.266208824590646,107429.9,107769.0,107810.1
상승추세선 하향돌파 (하락),,,,2025-10-24 11:30:00,110540.0,-0.0592194782357116,108564.2,109230.5,110605.5
상승추세선 하향돌파 (하락),,,,2025-10-25 15:30:00,111337.1,-0.011405498707673557,109603.4,110618.8,111349.8
상승추세선 하향돌파 (하락),,,,2025-10-26 20:45:00,113152.6,-0.07400447206021064,111109.0,111187.8,113236.4
상승추세선 하향돌파 (하락),,,,2025-10-31 16:45:00,108494.5,-0.7499476280779395,106225.0,109154.8,109314.3
상승추세선 하향돌파 (하락),,,,2025-11-01 10:00:00,109778.5,-0.08691774214099787,108494.5,109333.0,109874.0
상승추세선 하향돌파 (하락),,,,2025-11-02 13:15:00,110117.3,-0.16690631306582807,109763.0,109821.8,110301.4
상승추세선 하향돌파 (하락),,,,2025-11-06 01:00:00,103078.0,-0.1544981232594745,98894.6,101122.8,103237.5
상승추세선 하향돌파 (하락),,,,2025-11-07 10:15:00,100580.0,-0.10200362127753536,100234.5,100455.0,100682.7
상승추세선 하향돌파 (하락),,,,2025-11-10 14:30:00,105508.9,-0.2515717324509627,101450.0,104050.0,105775.0
상승추세선 하향돌파 (하락),,,,2025-11-12 15:30:00,102568.5,-0.430049072190969,102420.5,102626.3,103011.5
상승추세선 하향돌파 (하락),,,,2025-11-13 13:15:00,102380.0,-0.1002120357875008,100741.8,100855.0,102482.7
상승추세선 하향돌파 (하락),,,,2025-11-19 03:30:00,91689.1,-0.19147662330593174,89243.1,90868.8,91865.0
